Frequency (Hz);Power (dB);192000.0000;65536;2;120.6175;0;L+R
0.00;-56.19
2.93;-51.19
5.86;-48.77
8.79;-47.91
11.72;-47.75
14.65;-47.75
17.58;-48.06
20.51;-47.99
23.44;-47.75
26.37;-47.75
29.30;-47.91
32.23;-48.06
35.16;-47.67
38.09;-47.91
41.02;-48.30
43.95;-47.99
46.88;-47.91
49.80;-47.75
52.73;-47.75
55.66;-47.91
58.59;-47.83
61.52;-47.99
64.45;-47.99
67.38;-48.06
70.31;-48.06
73.24;-48.06
76.17;-48.14
79.10;-48.38
82.03;-48.22
84.96;-47.99
87.89;-48.14
90.82;-48.45
93.75;-48.45
96.68;-48.61
99.61;-48.61
102.54;-48.53
105.47;-48.53
108.40;-48.30
111.33;-48.30
114.26;-48.61
117.19;-48.77
120.12;-48.53
123.05;-48.92
125.98;-49.16
128.91;-49.16
131.84;-49.00
134.77;-49.16
137.70;-49.31
140.63;-49.39
143.55;-49.55
146.48;-49.24
149.41;-49.16
152.34;-49.47
155.27;-49.86
158.20;-50.17
161.13;-49.94
164.06;-49.78
166.99;-49.78
169.92;-49.94
172.85;-50.10
175.78;-50.02
178.71;-50.33
181.64;-50.41
184.57;-50.10
187.50;-50.33
190.43;-50.49
193.36;-50.56
196.29;-50.56
199.22;-50.95
202.15;-51.35
205.08;-51.11
208.01;-51.27
210.94;-51.19
213.87;-51.27
216.80;-51.50
219.73;-51.58
222.66;-51.74
225.59;-51.58
228.52;-51.58
231.45;-51.89
234.38;-51.89
237.30;-52.05
240.23;-52.13
243.16;-52.28
246.09;-52.28
249.02;-52.44
251.95;-52.83
254.88;-53.06
257.81;-53.06
260.74;-52.83
263.67;-52.91
266.60;-52.99
269.53;-53.06
272.46;-53.30
275.39;-53.69
278.32;-53.61
281.25;-53.38
284.18;-53.77
287.11;-53.92
290.04;-53.92
292.97;-54.08
295.90;-54.16
298.83;-54.16
301.76;-53.92
304.69;-54.24
307.62;-54.78
310.55;-54.78
313.48;-54.71
316.41;-54.86
319.34;-55.10
322.27;-55.02
325.20;-54.94
328.13;-55.17
331.05;-55.33
333.98;-55.57
336.91;-55.80
339.84;-56.03
342.77;-55.88
345.70;-56.11
348.63;-56.11
351.56;-55.96
354.49;-56.11
357.42;-56.27
360.35;-56.35
363.28;-56.58
366.21;-56.58
369.14;-56.74
372.07;-56.89
375.00;-57.21
377.93;-57.28
380.86;-57.28
383.79;-57.60
386.72;-57.60
389.65;-57.52
392.58;-57.75
395.51;-58.22
398.44;-58.30
401.37;-58.07
404.30;-58.14
407.23;-58.38
410.16;-58.53
413.09;-58.61
416.02;-58.93
418.95;-58.77
421.88;-58.85
424.80;-59.08
427.73;-59.00
430.66;-59.08
433.59;-59.39
436.52;-59.71
439.45;-59.94
442.38;-59.94
445.31;-59.79
448.24;-59.86
451.17;-60.10
454.10;-60.18
457.03;-60.41
459.96;-60.64
462.89;-60.64
465.82;-60.64
468.75;-60.80
471.68;-60.96
474.61;-61.11
477.54;-61.19
480.47;-61.11
483.40;-61.35
486.33;-61.89
489.26;-62.13
492.19;-61.89
495.12;-61.74
498.05;-61.82
500.98;-62.05
503.91;-62.36
506.84;-62.60
509.77;-62.68
512.70;-62.52
515.63;-62.60
518.55;-62.83
521.48;-62.83
524.41;-63.07
527.34;-63.38
530.27;-63.15
533.20;-63.15
536.13;-63.38
539.06;-63.38
541.99;-63.38
544.92;-63.54
547.85;-63.77
550.78;-63.77
553.71;-64.08
556.64;-64.32
559.57;-64.40
562.50;-64.40
565.43;-64.55
568.36;-64.79
571.29;-64.55
574.22;-64.94
577.15;-65.18
580.08;-65.18
583.01;-65.26
585.94;-65.33
588.87;-65.49
591.80;-65.49
594.73;-65.49
597.66;-65.80
600.59;-66.04
603.52;-65.96
606.45;-66.19
609.38;-66.51
612.30;-66.51
615.23;-66.35
618.16;-66.43
621.09;-66.66
624.02;-66.74
626.95;-66.74
629.88;-66.66
632.81;-66.66
635.74;-67.21
638.67;-67.37
641.60;-67.37
644.53;-67.37
647.46;-67.44
650.39;-67.37
653.32;-67.76
656.25;-67.91
659.18;-67.83
662.11;-68.30
665.04;-68.69
667.97;-68.54
670.90;-68.46
673.83;-68.69
676.76;-68.69
679.69;-68.85
682.62;-69.01
685.55;-69.24
688.48;-69.16
691.41;-69.08
694.34;-69.24
697.27;-69.47
700.20;-69.40
703.13;-69.32
706.05;-69.47
708.98;-69.79
711.91;-70.26
714.84;-70.49
717.77;-70.49
720.70;-70.33
723.63;-70.49
726.56;-70.57
729.49;-70.33
732.42;-70.41
735.35;-70.65
738.28;-70.80
741.21;-70.65
744.14;-70.73
747.07;-71.19
750.00;-71.43
752.93;-71.51
755.86;-71.51
758.79;-71.74
761.72;-71.51
764.65;-71.58
767.58;-72.13
770.51;-72.13
773.44;-71.98
776.37;-72.13
779.30;-72.29
782.23;-72.52
785.16;-72.52
788.09;-72.68
791.02;-72.91
793.95;-72.68
796.88;-72.84
799.80;-72.91
802.73;-72.99
805.66;-72.99
808.59;-73.23
811.52;-73.15
814.45;-73.38
817.38;-73.46
820.31;-73.62
823.24;-73.85
826.17;-73.77
829.10;-73.93
832.03;-73.69
834.96;-73.85
837.89;-74.32
840.82;-74.24
843.75;-74.24
846.68;-74.48
849.61;-74.48
852.54;-74.71
855.47;-75.02
858.40;-75.02
861.33;-75.10
864.26;-75.26
867.19;-75.18
870.12;-75.18
873.05;-75.34
875.98;-75.18
878.91;-75.49
881.84;-75.57
884.77;-75.57
887.70;-75.57
890.63;-75.57
893.55;-75.65
896.48;-75.88
899.41;-76.04
902.34;-76.04
905.27;-76.20
908.20;-76.66
911.13;-76.59
914.06;-76.66
916.99;-76.74
919.92;-76.74
922.85;-76.98
925.78;-76.74
928.71;-76.82
931.64;-77.45
934.57;-77.60
937.50;-77.45
940.43;-77.45
943.36;-77.45
946.29;-77.60
949.22;-77.68
952.15;-77.76
955.08;-77.84
958.01;-78.15
960.94;-78.15
963.87;-78.70
966.80;-78.31
969.73;-78.38
972.66;-78.54
975.59;-78.54
978.52;-78.62
981.45;-78.85
984.38;-78.62
987.30;-78.54
990.23;-79.16
993.16;-79.40
996.09;-79.24
999.02;-79.24
1001.95;-79.24
1004.88;-79.63
1007.81;-79.79
1010.74;-79.79
1013.67;-79.56
1016.60;-79.48
1019.53;-79.79
1022.46;-79.95
1025.39;-80.02
1028.32;-80.18
1031.25;-80.10
1034.18;-80.18
1037.11;-80.26
1040.04;-80.18
1042.97;-80.34
1045.90;-80.73
1048.83;-80.65
1051.76;-80.42
1054.69;-80.57
1057.62;-80.81
1060.55;-81.04
1063.48;-81.04
1066.41;-80.88
1069.34;-81.20
1072.27;-81.20
1075.20;-81.20
1078.13;-81.35
1081.05;-81.51
1083.98;-81.51
1086.91;-81.67
1089.84;-81.74
1092.77;-81.67
1095.70;-81.67
1098.63;-81.98
1101.56;-82.21
1104.49;-82.45
1107.42;-82.21
1110.35;-82.37
1113.28;-82.60
1116.21;-82.53
1119.14;-82.53
1122.07;-82.53
1125.00;-82.60
1127.93;-82.92
1130.86;-82.68
1133.79;-82.68
1136.72;-82.99
1139.65;-82.99
1142.58;-82.99
1145.51;-83.31
1148.44;-83.46
1151.37;-83.54
1154.30;-83.46
1157.23;-83.38
1160.16;-83.54
1163.09;-83.46
1166.02;-83.46
1168.95;-83.85
1171.88;-83.93
1174.80;-84.09
1177.73;-84.09
1180.66;-84.09
1183.59;-84.17
1186.52;-84.40
1189.45;-84.56
1192.38;-84.48
1195.31;-84.63
1198.24;-84.56
1201.17;-84.24
1204.10;-84.48
1207.03;-84.79
1209.96;-84.71
1212.89;-84.87
1215.82;-85.10
1218.75;-85.03
1221.68;-85.26
1224.61;-85.42
1227.54;-85.42
1230.47;-85.26
1233.40;-85.42
1236.33;-85.65
1239.26;-85.49
1242.19;-85.49
1245.12;-85.65
1248.05;-85.73
1250.98;-85.89
1253.91;-86.04
1256.84;-86.12
1259.77;-86.12
1262.70;-86.20
1265.63;-86.28
1268.55;-86.28
1271.48;-86.35
1274.41;-86.43
1277.34;-86.35
1280.27;-86.59
1283.20;-86.82
1286.13;-86.82
1289.06;-86.74
1291.99;-86.98
1294.92;-86.90
1297.85;-87.21
1300.78;-86.98
1303.71;-87.06
1306.64;-87.06
1309.57;-87.29
1312.50;-87.60
1315.43;-87.45
1318.36;-87.29
1321.29;-87.29
1324.22;-87.53
1327.15;-87.84
1330.08;-87.84
1333.01;-87.92
1335.94;-87.92
1338.87;-88.07
1341.80;-88.07
1344.73;-88.31
1347.66;-88.54
1350.59;-88.46
1353.52;-88.39
1356.45;-88.23
1359.38;-88.46
1362.30;-88.31
1365.23;-88.62
1368.16;-89.01
1371.09;-88.93
1374.02;-88.62
1376.95;-89.09
1379.88;-89.01
1382.81;-88.85
1385.74;-88.85
1388.67;-89.01
1391.60;-89.09
1394.53;-89.01
1397.46;-89.32
1400.39;-89.48
1403.32;-89.32
1406.25;-89.64
1409.18;-89.79
1412.11;-90.03
1415.04;-89.95
1417.97;-89.56
1420.90;-89.71
1423.83;-90.03
1426.76;-90.11
1429.69;-90.18
1432.62;-90.18
1435.55;-90.11
1438.48;-90.26
1441.41;-90.34
1444.34;-90.34
1447.27;-90.50
1450.20;-90.57
1453.13;-90.73
1456.05;-90.96
1458.98;-91.12
1461.91;-90.96
1464.84;-90.96
1467.77;-91.36
1470.70;-91.20
1473.63;-91.12
1476.56;-91.28
1479.49;-91.04
1482.42;-91.36
1485.35;-91.51
1488.28;-91.43
1491.21;-91.51
1494.14;-91.51
1497.07;-91.82
1500.00;-91.90
1502.93;-91.67
1505.86;-91.59
1508.79;-91.43
1511.72;-91.75
1514.65;-91.82
1517.58;-91.98
1520.51;-92.06
1523.44;-92.14
1526.37;-92.14
1529.30;-92.06
1532.23;-92.14
1535.16;-92.29
1538.09;-92.21
1541.02;-92.45
1543.95;-92.76
1546.88;-92.92
1549.80;-92.92
1552.73;-92.84
1555.66;-92.76
1558.59;-92.84
1561.52;-92.76
1564.45;-92.92
1567.38;-93.15
1570.31;-93.23
1573.24;-93.00
1576.17;-93.00
1579.10;-93.07
1582.03;-93.31
1584.96;-93.39
1587.89;-93.47
1590.82;-93.54
1593.75;-93.62
1596.68;-93.70
1599.61;-93.39
1602.54;-93.54
1605.47;-93.86
1608.40;-93.93
1611.33;-93.78
1614.26;-93.70
1617.19;-93.70
1620.12;-93.86
1623.05;-94.25
1625.98;-94.48
1628.91;-94.25
1631.84;-94.32
1634.77;-94.48
1637.70;-94.72
1640.63;-94.64
1643.55;-94.56
1646.48;-94.64
1649.41;-94.48
1652.34;-94.79
1655.27;-95.03
1658.20;-95.18
1661.13;-95.11
1664.06;-95.11
1666.99;-95.11
1669.92;-95.03
1672.85;-95.03
1675.78;-95.26
1678.71;-95.26
1681.64;-95.18
1684.57;-95.50
1687.50;-95.58
1690.43;-95.58
1693.36;-95.50
1696.29;-95.42
1699.22;-95.81
1702.15;-95.73
1705.08;-95.65
1708.01;-95.73
1710.94;-95.97
1713.87;-95.89
1716.80;-95.97
1719.73;-95.89
1722.66;-96.04
1725.59;-96.12
1728.52;-96.36
1731.45;-96.36
1734.38;-96.36
1737.30;-96.51
1740.23;-96.36
1743.16;-96.36
1746.09;-96.43
1749.02;-96.36
1751.95;-96.43
1754.88;-96.36
1757.81;-96.83
1760.74;-97.06
1763.67;-96.90
1766.60;-96.98
1769.53;-96.98
1772.46;-96.83
1775.39;-97.14
1778.32;-96.83
1781.25;-96.98
1784.18;-97.37
1787.11;-97.61
1790.04;-97.45
1792.97;-97.14
1795.90;-97.06
1798.83;-97.29
1801.76;-97.84
1804.69;-97.84
1807.62;-97.37
1810.55;-97.45
1813.48;-97.76
1816.41;-97.76
1819.34;-97.68
1822.27;-97.76
1825.20;-98.08
1828.13;-98.31
1831.05;-98.31
1833.98;-98.00
1836.91;-98.23
1839.84;-98.23
1842.77;-98.39
1845.70;-98.39
1848.63;-98.39
1851.56;-98.39
1854.49;-98.54
1857.42;-98.70
1860.35;-98.70
1863.28;-98.70
1866.21;-98.78
1869.14;-98.70
1872.07;-98.70
1875.00;-98.78
1877.93;-98.94
1880.86;-98.86
1883.79;-99.01
1886.72;-99.09
1889.65;-99.09
1892.58;-99.25
1895.51;-99.33
1898.44;-99.25
1901.37;-99.33
1904.30;-99.33
1907.23;-99.56
1910.16;-99.40
1913.09;-99.33
1916.02;-99.48
1918.95;-99.56
1921.88;-99.87
1924.80;-99.72
1927.73;-99.64
1930.66;-100.03
1933.59;-99.95
1936.52;-99.79
1939.45;-100.03
1942.38;-100.03
1945.31;-100.11
1948.24;-100.19
1951.17;-100.11
1954.10;-100.26
1957.03;-100.34
1959.96;-100.19
1962.89;-100.11
1965.82;-100.42
1968.75;-100.50
1971.68;-100.42
1974.61;-100.42
1977.54;-100.73
1980.47;-100.58
1983.40;-100.34
1986.33;-100.42
1989.26;-100.50
1992.19;-100.97
1995.12;-101.12
1998.05;-100.97
2000.98;-100.97
2003.91;-100.89
2006.84;-100.97
2009.77;-101.28
2012.70;-101.44
2015.63;-101.12
2018.55;-101.20
2021.48;-101.36
2024.41;-101.44
2027.34;-101.51
2030.27;-101.51
2033.20;-101.59
2036.13;-101.59
2039.06;-101.75
2041.99;-101.90
2044.92;-101.83
2047.85;-101.67
2050.78;-101.51
2053.71;-101.59
2056.64;-101.90
2059.57;-101.98
2062.50;-102.06
2065.43;-102.14
2068.36;-101.98
2071.29;-102.14
2074.22;-102.37
2077.15;-101.98
2080.08;-102.22
2083.01;-102.61
2085.94;-102.45
2088.87;-102.30
2091.80;-102.61
2094.73;-102.53
2097.66;-102.53
2100.59;-102.84
2103.52;-102.92
2106.45;-102.92
2109.38;-102.69
2112.30;-102.69
2115.23;-102.76
2118.16;-102.84
2121.09;-102.84
2124.02;-102.92
2126.95;-102.92
2129.88;-103.00
2132.81;-103.08
2135.74;-103.08
2138.67;-103.00
2141.60;-103.00
2144.53;-103.16
2147.46;-103.23
2150.39;-103.39
2153.32;-103.31
2156.25;-103.55
2159.18;-103.39
2162.11;-103.31
2165.04;-103.39
2167.97;-103.62
2170.90;-103.70
2173.83;-103.70
2176.76;-103.55
2179.69;-103.78
2182.62;-104.01
2185.55;-104.17
2188.48;-104.09
2191.41;-104.01
2194.34;-104.17
2197.27;-103.94
2200.20;-104.17
2203.13;-104.09
2206.05;-103.94
2208.98;-103.94
2211.91;-104.01
2214.84;-104.33
2217.77;-104.48
2220.70;-104.64
2223.63;-104.48
2226.56;-104.41
2229.49;-104.56
2232.42;-104.56
2235.35;-104.56
2238.28;-104.80
2241.21;-104.64
2244.14;-104.80
2247.07;-104.95
2250.00;-104.64
2252.93;-104.64
2255.86;-104.80
2258.79;-104.95
2261.72;-104.95
2264.65;-105.34
2267.58;-105.42
2270.51;-105.11
2273.44;-105.19
2276.37;-105.19
2279.30;-105.11
2282.23;-105.26
2285.16;-105.26
2288.09;-105.34
2291.02;-105.34
2293.95;-105.26
2296.88;-105.34
2299.80;-105.66
2302.73;-105.73
2305.66;-105.34
2308.59;-105.50
2311.52;-105.42
2314.45;-105.58
2317.38;-105.89
2320.31;-106.12
2323.24;-105.89
2326.17;-105.73
2329.10;-105.97
2332.03;-105.97
2334.96;-105.97
2337.89;-105.97
2340.82;-105.97
2343.75;-106.12
2346.68;-106.20
2349.61;-106.28
2352.54;-106.28
2355.47;-106.36
2358.40;-106.52
2361.33;-106.52
2364.26;-106.20
2367.19;-106.20
2370.12;-106.44
2373.05;-106.44
2375.98;-106.44
2378.91;-106.59
2381.84;-106.75
2384.77;-106.59
2387.70;-106.67
2390.63;-106.75
2393.55;-106.75
2396.48;-106.83
2399.41;-106.91
2402.34;-106.91
2405.27;-106.98
2408.20;-107.22
2411.13;-107.06
2414.06;-106.98
2416.99;-107.22
2419.92;-107.45
2422.85;-107.45
2425.78;-107.37
2428.71;-107.22
2431.64;-107.22
2434.57;-107.37
2437.50;-107.37
2440.43;-107.45
2443.36;-107.37
2446.29;-107.37
2449.22;-107.45
2452.15;-107.45
2455.08;-107.45
2458.01;-107.84
2460.94;-108.08
2463.87;-107.84
2466.80;-107.53
2469.73;-107.45
2472.66;-107.77
2475.59;-107.84
2478.52;-107.61
2481.45;-107.84
2484.38;-107.92
2487.30;-107.92
2490.23;-107.84
2493.16;-108.00
2496.09;-108.00
2499.02;-108.23
2501.95;-108.23
2504.88;-108.08
2507.81;-108.08
2510.74;-108.08
2513.67;-108.00
2516.60;-108.31
2519.53;-108.55
2522.46;-108.39
2525.39;-108.39
2528.32;-108.47
2531.25;-108.47
2534.18;-108.47
2537.11;-108.86
2540.04;-108.86
2542.97;-108.78
2545.90;-108.55
2548.83;-108.70
2551.76;-108.78
2554.69;-108.86
2557.62;-108.55
2560.55;-108.63
2563.48;-108.63
2566.41;-108.94
2569.34;-109.09
2572.27;-109.17
2575.20;-109.02
2578.13;-108.94
2581.05;-109.02
2583.98;-109.25
2586.91;-109.41
2589.84;-109.48
2592.77;-109.41
2595.70;-109.25
2598.63;-109.25
2601.56;-109.09
2604.49;-109.02
2607.42;-109.25
2610.35;-109.41
2613.28;-109.56
2616.21;-109.56
2619.14;-109.88
2622.07;-109.80
2625.00;-109.56
2627.93;-109.64
2630.86;-109.33
2633.79;-109.72
2636.72;-110.11
2639.65;-110.11
2642.58;-109.80
2645.51;-109.80
2648.44;-109.80
2651.37;-109.64
2654.30;-109.95
2657.23;-109.80
2660.16;-109.56
2663.09;-109.80
2666.02;-110.50
2668.95;-110.34
2671.88;-110.03
2674.80;-110.19
2677.73;-110.11
2680.66;-110.03
2683.59;-110.19
2686.52;-110.27
2689.45;-110.34
2692.38;-110.34
2695.31;-110.50
2698.24;-110.58
2701.17;-110.27
2704.10;-110.27
2707.03;-110.11
2709.96;-110.11
2712.89;-110.34
2715.82;-110.50
2718.75;-110.58
2721.68;-110.89
2724.61;-110.74
2727.54;-110.66
2730.47;-110.42
2733.40;-110.66
2736.33;-111.05
2739.26;-111.05
2742.19;-111.05
2745.12;-110.89
2748.05;-110.74
2750.98;-110.89
2753.91;-110.81
2756.84;-110.81
2759.77;-111.13
2762.70;-111.20
2765.63;-111.20
2768.55;-111.13
2771.48;-111.13
2774.41;-111.20
2777.34;-111.05
2780.27;-111.20
2783.20;-111.28
2786.13;-111.28
2789.06;-111.52
2791.99;-111.52
2794.92;-111.52
2797.85;-111.20
2800.78;-111.44
2803.71;-111.44
2806.64;-111.59
2809.57;-111.83
2812.50;-111.59
2815.43;-111.36
2818.36;-111.67
2821.29;-111.67
2824.22;-111.52
2827.15;-111.59
2830.08;-112.14
2833.01;-111.99
2835.94;-111.75
2838.87;-111.44
2841.80;-111.59
2844.73;-111.67
2847.66;-111.91
2850.59;-111.91
2853.52;-111.52
2856.45;-111.52
2859.38;-112.06
2862.30;-112.38
2865.23;-112.30
2868.16;-112.30
2871.09;-112.38
2874.02;-112.53
2876.95;-112.61
2879.88;-112.14
2882.81;-111.99
2885.74;-112.06
2888.67;-112.14
2891.60;-112.30
2894.53;-112.38
2897.46;-111.99
2900.39;-112.06
2903.32;-112.30
2906.25;-112.22
2909.18;-112.38
2912.11;-112.53
2915.04;-112.45
2917.97;-112.53
2920.90;-112.45
2923.83;-112.45
2926.76;-112.84
2929.69;-113.00
2932.62;-112.77
2935.55;-112.38
2938.48;-112.61
2941.41;-112.69
2944.34;-112.53
2947.27;-112.77
2950.20;-112.77
2953.13;-112.69
2956.05;-112.77
2958.98;-112.84
2961.91;-112.77
2964.84;-112.61
2967.77;-112.53
2970.70;-112.61
2973.63;-112.69
2976.56;-113.08
2979.49;-113.00
2982.42;-112.92
2985.35;-113.00
2988.28;-112.77
2991.21;-112.61
2994.14;-112.61
2997.07;-113.08
3000.00;-113.08
3002.93;-112.92
3005.86;-113.00
3008.79;-113.16
3011.72;-113.31
3014.65;-113.08
3017.58;-113.16
3020.51;-113.31
3023.44;-113.16
3026.37;-113.24
3029.30;-113.16
3032.23;-113.08
3035.16;-113.31
3038.09;-113.47
3041.02;-113.24
3043.95;-113.55
3046.88;-113.47
3049.80;-113.31
3052.73;-113.39
3055.66;-113.47
3058.59;-113.47
3061.52;-113.31
3064.45;-113.31
3067.38;-113.31
3070.31;-113.47
3073.24;-113.39
3076.17;-113.31
3079.10;-113.47
3082.03;-113.47
3084.96;-113.39
3087.89;-113.78
3090.82;-113.86
3093.75;-113.55
3096.68;-113.70
3099.61;-113.86
3102.54;-113.86
3105.47;-114.02
3108.40;-113.86
3111.33;-113.78
3114.26;-113.86
3117.19;-113.86
3120.12;-113.78
3123.05;-113.86
3125.98;-113.94
3128.91;-113.86
3131.84;-114.02
3134.77;-113.86
3137.70;-114.02
3140.63;-114.02
3143.55;-113.94
3146.48;-113.86
3149.41;-114.10
3152.34;-114.10
3155.27;-114.10
3158.20;-114.17
3161.13;-114.17
3164.06;-114.10
3166.99;-113.94
3169.92;-114.02
3172.85;-114.17
3175.78;-114.25
3178.71;-114.25
3181.64;-114.17
3184.57;-113.94
3187.50;-113.86
3190.43;-114.02
3193.36;-114.25
3196.29;-114.33
3199.22;-114.33
3202.15;-114.02
3205.08;-113.78
3208.01;-114.33
3210.94;-114.33
3213.87;-114.02
3216.80;-114.10
3219.73;-114.17
3222.66;-114.33
3225.59;-114.56
3228.52;-114.64
3231.45;-114.56
3234.38;-114.41
3237.30;-114.25
3240.23;-114.41
3243.16;-114.56
3246.09;-114.64
3249.02;-114.49
3251.95;-114.41
3254.88;-114.49
3257.81;-114.49
3260.74;-114.33
3263.67;-114.72
3266.60;-114.80
3269.53;-114.80
3272.46;-114.88
3275.39;-114.88
3278.32;-114.33
3281.25;-114.25
3284.18;-114.72
3287.11;-114.80
3290.04;-114.56
3292.97;-114.49
3295.90;-114.80
3298.83;-114.72
3301.76;-114.64
3304.69;-114.72
3307.62;-114.80
3310.55;-114.72
3313.48;-114.80
3316.41;-114.64
3319.34;-114.72
3322.27;-115.11
3325.20;-115.11
3328.13;-114.80
3331.05;-114.64
3333.98;-114.64
3336.91;-114.72
3339.84;-114.95
3342.77;-115.03
3345.70;-114.72
3348.63;-114.72
3351.56;-114.88
3354.49;-114.88
3357.42;-114.88
3360.35;-115.03
3363.28;-115.19
3366.21;-115.03
3369.14;-114.95
3372.07;-114.95
3375.00;-115.03
3377.93;-115.11
3380.86;-115.19
3383.79;-115.11
3386.72;-114.88
3389.65;-114.80
3392.58;-115.11
3395.51;-115.27
3398.44;-115.19
3401.37;-115.03
3404.30;-115.19
3407.23;-115.03
3410.16;-114.80
3413.09;-114.95
3416.02;-114.95
3418.95;-115.03
3421.88;-114.88
3424.80;-115.27
3427.73;-115.42
3430.66;-115.19
3433.59;-115.03
3436.52;-115.03
3439.45;-115.03
3442.38;-114.80
3445.31;-115.11
3448.24;-115.35
3451.17;-115.11
3454.10;-115.03
3457.03;-114.95
3459.96;-114.95
3462.89;-115.19
3465.82;-115.35
3468.75;-115.03
3471.68;-115.03
3474.61;-115.19
3477.54;-115.27
3480.47;-115.19
3483.40;-114.88
3486.33;-115.19
3489.26;-115.11
3492.19;-115.19
3495.12;-115.35
3498.05;-115.35
3500.98;-115.50
3503.91;-115.27
3506.84;-115.19
3509.77;-115.19
3512.70;-115.27
3515.63;-115.27
3518.55;-115.11
3521.48;-115.03
3524.41;-115.19
3527.34;-115.35
3530.27;-115.42
3533.20;-115.35
3536.13;-115.35
3539.06;-115.27
3541.99;-115.50
3544.92;-115.58
3547.85;-115.35
3550.78;-115.03
3553.71;-115.35
3556.64;-115.11
3559.57;-115.11
3562.50;-115.35
3565.43;-115.35
3568.36;-115.35
3571.29;-115.50
3574.22;-115.35
3577.15;-115.42
3580.08;-115.50
3583.01;-115.66
3585.94;-115.42
3588.87;-115.27
3591.80;-115.42
3594.73;-115.58
3597.66;-115.50
3600.59;-115.42
3603.52;-115.74
3606.45;-115.50
3609.38;-115.66
3612.30;-115.74
3615.23;-115.27
3618.16;-115.35
3621.09;-115.42
3624.02;-115.19
3626.95;-115.27
3629.88;-115.58
3632.81;-115.35
3635.74;-115.58
3638.67;-115.50
3641.60;-115.58
3644.53;-115.50
3647.46;-115.66
3650.39;-115.58
3653.32;-115.66
3656.25;-115.42
3659.18;-115.19
3662.11;-115.50
3665.04;-115.58
3667.97;-115.50
3670.90;-115.50
3673.83;-115.35
3676.76;-115.27
3679.69;-115.42
3682.62;-115.58
3685.55;-115.58
3688.48;-115.50
3691.41;-115.74
3694.34;-115.74
3697.27;-115.58
3700.20;-115.42
3703.13;-115.35
3706.05;-115.42
3708.98;-115.50
3711.91;-115.35
3714.84;-115.42
3717.77;-115.66
3720.70;-115.97
3723.63;-115.66
3726.56;-115.50
3729.49;-115.74
3732.42;-115.66
3735.35;-115.35
3738.28;-115.42
3741.21;-115.42
3744.14;-115.35
3747.07;-115.50
3750.00;-115.50
3752.93;-115.50
3755.86;-115.35
3758.79;-115.42
3761.72;-115.74
3764.65;-115.74
3767.58;-115.66
3770.51;-115.81
3773.44;-115.74
3776.37;-115.58
3779.30;-115.58
3782.23;-115.89
3785.16;-116.05
3788.09;-115.97
3791.02;-115.58
3793.95;-115.35
3796.88;-115.35
3799.80;-115.58
3802.73;-115.74
3805.66;-115.58
3808.59;-115.66
3811.52;-115.81
3814.45;-115.97
3817.38;-115.74
3820.31;-115.50
3823.24;-115.58
3826.17;-115.74
3829.10;-115.50
3832.03;-115.50
3834.96;-115.66
3837.89;-115.50
3840.82;-115.27
3843.75;-115.74
3846.68;-115.74
3849.61;-115.58
3852.54;-115.66
3855.47;-115.42
3858.40;-115.35
3861.33;-115.50
3864.26;-115.66
3867.19;-115.50
3870.12;-115.66
3873.05;-115.66
3875.98;-115.66
3878.91;-115.89
3881.84;-115.50
3884.77;-115.42
3887.70;-115.42
3890.63;-115.58
3893.55;-115.58
3896.48;-115.74
3899.41;-115.97
3902.34;-115.89
3905.27;-115.66
3908.20;-115.66
3911.13;-115.50
3914.06;-115.27
3916.99;-115.35
3919.92;-115.42
3922.85;-115.50
3925.78;-115.42
3928.71;-115.58
3931.64;-115.97
3934.57;-115.89
3937.50;-115.50
3940.43;-115.50
3943.36;-115.58
3946.29;-115.66
3949.22;-115.58
3952.15;-115.58
3955.08;-115.50
3958.01;-115.66
3960.94;-115.58
3963.87;-115.50
3966.80;-115.66
3969.73;-115.81
3972.66;-115.66
3975.59;-115.42
3978.52;-115.42
3981.45;-115.35
3984.38;-115.66
3987.30;-115.58
3990.23;-115.50
3993.16;-115.74
3996.09;-115.58
3999.02;-115.50
4001.95;-115.74
4004.88;-115.89
4007.81;-115.58
4010.74;-115.74
4013.67;-115.74
4016.60;-115.66
4019.53;-115.66
4022.46;-115.35
4025.39;-115.50
4028.32;-115.58
4031.25;-115.42
4034.18;-115.50
4037.11;-115.66
4040.04;-115.58
4042.97;-115.42
4045.90;-115.42
4048.83;-115.50
4051.76;-115.66
4054.69;-115.50
4057.62;-115.50
4060.55;-115.58
4063.48;-115.58
4066.41;-115.58
4069.34;-115.50
4072.27;-115.42
4075.20;-115.35
4078.13;-115.27
4081.05;-115.42
4083.98;-115.97
4086.91;-115.74
4089.84;-115.35
4092.77;-115.11
4095.70;-115.19
4098.63;-115.42
4101.56;-115.58
4104.49;-115.35
4107.42;-115.27
4110.35;-115.27
4113.28;-115.50
4116.21;-115.66
4119.14;-115.66
4122.07;-115.66
4125.00;-115.58
4127.93;-115.50
4130.86;-115.50
4133.79;-115.42
4136.72;-115.66
4139.65;-115.58
4142.58;-115.66
4145.51;-115.66
4148.44;-115.58
4151.37;-115.50
4154.30;-115.58
4157.23;-115.27
4160.16;-115.03
4163.09;-115.50
4166.02;-115.42
4168.95;-115.58
4171.88;-115.66
4174.80;-115.50
4177.73;-115.27
4180.66;-115.35
4183.59;-115.27
4186.52;-115.27
4189.45;-115.58
4192.38;-115.66
4195.31;-115.58
4198.24;-115.35
4201.17;-115.35
4204.10;-115.50
4207.03;-115.58
4209.96;-115.58
4212.89;-115.66
4215.82;-115.58
4218.75;-115.58
4221.68;-115.89
4224.61;-115.66
4227.54;-115.42
4230.47;-115.19
4233.40;-115.27
4236.33;-115.58
4239.26;-115.58
4242.19;-115.74
4245.12;-115.81
4248.05;-115.66
4250.98;-115.50
4253.91;-115.58
4256.84;-115.42
4259.77;-115.42
4262.70;-115.58
4265.63;-115.50
4268.55;-115.66
4271.48;-116.05
4274.41;-115.89
4277.34;-115.89
4280.27;-115.66
4283.20;-115.50
4286.13;-115.50
4289.06;-115.58
4291.99;-115.50
4294.92;-115.50
4297.85;-115.50
4300.78;-115.19
4303.71;-115.35
4306.64;-115.50
4309.57;-115.19
4312.50;-115.35
4315.43;-115.42
4318.36;-114.95
4321.29;-115.50
4324.22;-115.66
4327.15;-115.19
4330.08;-115.42
4333.01;-115.58
4335.94;-115.58
4338.87;-115.42
4341.80;-115.58
4344.73;-115.35
4347.66;-115.03
4350.59;-115.19
4353.52;-115.27
4356.45;-115.50
4359.38;-115.35
4362.30;-115.19
4365.23;-115.27
4368.16;-115.11
4371.09;-115.27
4374.02;-115.50
4376.95;-115.35
4379.88;-115.11
4382.81;-115.27
4385.74;-115.42
4388.67;-115.42
4391.60;-115.35
4394.53;-115.27
4397.46;-115.42
4400.39;-115.42
4403.32;-115.58
4406.25;-115.81
4409.18;-115.27
4412.11;-115.03
4415.04;-115.03
4417.97;-115.50
4420.90;-115.50
4423.83;-115.58
4426.76;-115.50
4429.69;-115.58
4432.62;-115.35
4435.55;-115.35
4438.48;-115.50
4441.41;-115.35
4444.34;-115.27
4447.27;-115.27
4450.20;-115.58
4453.13;-115.35
4456.05;-115.19
4458.98;-115.19
4461.91;-115.42
4464.84;-115.74
4467.77;-115.66
4470.70;-115.35
4473.63;-115.27
4476.56;-115.35
4479.49;-115.27
4482.42;-115.35
4485.35;-115.19
4488.28;-115.19
4491.21;-115.27
4494.14;-115.35
4497.07;-115.50
4500.00;-115.19
4502.93;-115.19
4505.86;-115.27
4508.79;-115.27
4511.72;-115.27
4514.65;-115.27
4517.58;-115.27
4520.51;-115.35
4523.44;-115.50
4526.37;-115.35
4529.30;-115.35
4532.23;-115.42
4535.16;-115.27
4538.09;-115.35
4541.02;-115.27
4543.95;-115.19
4546.88;-115.27
4549.80;-115.19
4552.73;-115.03
4555.66;-115.35
4558.59;-115.19
4561.52;-114.95
4564.45;-115.50
4567.38;-115.42
4570.31;-115.35
4573.24;-115.27
4576.17;-115.19
4579.10;-115.50
4582.03;-115.27
4584.96;-115.19
4587.89;-115.27
4590.82;-115.35
4593.75;-115.50
4596.68;-115.35
4599.61;-115.35
4602.54;-115.19
4605.47;-115.27
4608.40;-115.19
4611.33;-115.27
4614.26;-115.27
4617.19;-115.11
4620.12;-115.11
4623.05;-114.80
4625.98;-115.03
4628.91;-115.19
4631.84;-115.03
4634.77;-115.11
4637.70;-115.11
4640.63;-115.03
4643.55;-114.88
4646.48;-114.88
4649.41;-114.88
4652.34;-115.11
4655.27;-115.11
4658.20;-115.19
4661.13;-115.27
4664.06;-115.11
4666.99;-114.95
4669.92;-115.03
4672.85;-115.19
4675.78;-115.27
4678.71;-115.27
4681.64;-115.27
4684.57;-115.35
4687.50;-115.27
4690.43;-115.11
4693.36;-114.95
4696.29;-115.03
4699.22;-115.27
4702.15;-115.27
4705.08;-114.95
4708.01;-114.88
4710.94;-115.50
4713.87;-115.35
4716.80;-114.95
4719.73;-115.11
4722.66;-114.95
4725.59;-115.27
4728.52;-115.35
4731.45;-115.03
4734.38;-114.95
4737.30;-115.19
4740.23;-115.19
4743.16;-115.35
4746.09;-115.42
4749.02;-115.35
4751.95;-114.95
4754.88;-114.95
4757.81;-115.11
4760.74;-115.11
4763.67;-115.42
4766.60;-115.35
4769.53;-115.19
4772.46;-115.19
4775.39;-115.03
4778.32;-114.95
4781.25;-115.11
4784.18;-114.95
4787.11;-114.88
4790.04;-115.03
4792.97;-115.11
4795.90;-114.95
4798.83;-114.95
4801.76;-114.80
4804.69;-115.11
4807.62;-115.11
4810.55;-114.95
4813.48;-114.95
4816.41;-115.03
4819.34;-115.19
4822.27;-115.03
4825.20;-114.88
4828.13;-114.95
4831.05;-115.03
4833.98;-115.03
4836.91;-114.80
4839.84;-114.80
4842.77;-114.88
4845.70;-114.95
4848.63;-115.19
4851.56;-115.19
4854.49;-115.11
4857.42;-114.95
4860.35;-114.88
4863.28;-115.11
4866.21;-114.80
4869.14;-115.03
4872.07;-115.11
4875.00;-115.03
4877.93;-114.95
4880.86;-115.03
4883.79;-114.80
4886.72;-114.88
4889.65;-114.95
4892.58;-114.80
4895.51;-114.72
4898.44;-114.64
4901.37;-114.49
4904.30;-114.80
4907.23;-114.80
4910.16;-114.95
4913.09;-114.95
4916.02;-114.88
4918.95;-115.03
4921.88;-115.11
4924.80;-115.03
4927.73;-114.95
4930.66;-114.72
4933.59;-115.03
4936.52;-114.80
4939.45;-114.80
4942.38;-114.88
4945.31;-114.95
4948.24;-114.95
4951.17;-115.03
4954.10;-114.88
4957.03;-114.56
4959.96;-114.49
4962.89;-114.41
4965.82;-114.56
4968.75;-114.56
4971.68;-114.80
4974.61;-114.80
4977.54;-114.72
4980.47;-114.64
4983.40;-114.64
4986.33;-114.80
4989.26;-114.64
4992.19;-114.41
4995.12;-114.49
4998.05;-114.64
5000.98;-114.72
5003.91;-114.56
5006.84;-114.49
5009.77;-114.72
5012.70;-114.80
5015.63;-114.56
5018.55;-114.56
5021.48;-114.72
5024.41;-114.64
5027.34;-114.88
5030.27;-114.72
5033.20;-114.49
5036.13;-114.49
5039.06;-114.80
5041.99;-114.64
5044.92;-114.33
5047.85;-114.49
5050.78;-114.56
5053.71;-114.64
5056.64;-114.72
5059.57;-114.72
5062.50;-114.56
5065.43;-114.88
5068.36;-114.80
5071.29;-114.56
5074.22;-114.56
5077.15;-114.41
5080.08;-114.25
5083.01;-114.49
5085.94;-114.56
5088.87;-114.49
5091.80;-114.49
5094.73;-114.64
5097.66;-114.56
5100.59;-114.41
5103.52;-114.49
5106.45;-114.56
5109.38;-114.88
5112.30;-114.80
5115.23;-114.80
5118.16;-114.56
5121.09;-114.64
5124.02;-114.72
5126.95;-114.56
5129.88;-114.64
5132.81;-114.64
5135.74;-114.72
5138.67;-114.64
5141.60;-114.49
5144.53;-114.49
5147.46;-114.49
5150.39;-114.49
5153.32;-114.41
5156.25;-114.17
5159.18;-114.41
5162.11;-114.41
5165.04;-114.49
5167.97;-114.72
5170.90;-114.56
5173.83;-114.72
5176.76;-114.56
5179.69;-114.41
5182.62;-114.25
5185.55;-114.64
5188.48;-114.56
5191.41;-114.56
5194.34;-114.56
5197.27;-114.33
5200.20;-114.56
5203.13;-114.33
5206.05;-114.41
5208.98;-114.33
5211.91;-114.25
5214.84;-114.02
5217.77;-114.10
5220.70;-114.33
5223.63;-114.33
5226.56;-114.17
5229.49;-114.17
5232.42;-114.41
5235.35;-114.17
5238.28;-114.25
5241.21;-114.33
5244.14;-114.33
5247.07;-114.64
5250.00;-114.33
5252.93;-114.17
5255.86;-114.17
5258.79;-114.33
5261.72;-114.17
5264.65;-114.10
5267.58;-114.41
5270.51;-114.17
5273.44;-114.33
5276.37;-114.41
5279.30;-114.56
5282.23;-114.49
5285.16;-114.17
5288.09;-114.10
5291.02;-114.41
5293.95;-114.49
5296.88;-114.56
5299.80;-114.56
5302.73;-114.49
5305.66;-114.41
5308.59;-114.25
5311.52;-113.94
5314.45;-114.41
5317.38;-114.33
5320.31;-114.33
5323.24;-114.17
5326.17;-114.17
5329.10;-114.17
5332.03;-114.41
5334.96;-114.25
5337.89;-114.33
5340.82;-114.02
5343.75;-113.94
5346.68;-114.02
5349.61;-114.33
5352.54;-114.33
5355.47;-114.17
5358.40;-114.17
5361.33;-114.25
5364.26;-114.49
5367.19;-114.49
5370.12;-114.25
5373.05;-114.02
5375.98;-114.17
5378.91;-114.17
5381.84;-114.02
5384.77;-114.25
5387.70;-114.02
5390.63;-113.94
5393.55;-114.02
5396.48;-113.94
5399.41;-113.94
5402.34;-113.78
5405.27;-113.86
5408.20;-114.10
5411.13;-114.33
5414.06;-114.02
5416.99;-114.10
5419.92;-114.25
5422.85;-113.86
5425.78;-113.86
5428.71;-114.17
5431.64;-113.94
5434.57;-113.94
5437.50;-113.94
5440.43;-113.86
5443.36;-113.70
5446.29;-114.02
5449.22;-114.25
5452.15;-114.33
5455.08;-114.33
5458.01;-114.17
5460.94;-114.17
5463.87;-114.10
5466.80;-114.17
5469.73;-113.86
5472.66;-113.94
5475.59;-114.17
5478.52;-114.02
5481.45;-113.78
5484.38;-114.02
5487.30;-114.10
5490.23;-114.25
5493.16;-114.02
5496.09;-113.94
5499.02;-114.10
5501.95;-113.94
5504.88;-113.78
5507.81;-114.02
5510.74;-114.17
5513.67;-114.10
5516.60;-114.02
5519.53;-114.17
5522.46;-114.10
5525.39;-113.86
5528.32;-113.78
5531.25;-113.86
5534.18;-114.17
5537.11;-113.86
5540.04;-113.94
5542.97;-113.94
5545.90;-113.86
5548.83;-114.02
5551.76;-113.78
5554.69;-113.86
5557.62;-114.02
5560.55;-113.94
5563.48;-114.02
5566.41;-113.94
5569.34;-113.86
5572.27;-113.63
5575.20;-113.78
5578.13;-113.70
5581.05;-113.63
5583.98;-113.70
5586.91;-114.02
5589.84;-113.63
5592.77;-113.70
5595.70;-114.17
5598.63;-114.10
5601.56;-113.94
5604.49;-113.94
5607.42;-114.10
5610.35;-114.10
5613.28;-113.94
5616.21;-113.86
5619.14;-113.86
5622.07;-113.78
5625.00;-113.94
5627.93;-113.94
5630.86;-113.86
5633.79;-113.78
5636.72;-113.78
5639.65;-114.02
5642.58;-114.02
5645.51;-114.02
5648.44;-113.86
5651.37;-113.78
5654.30;-113.78
5657.23;-113.78
5660.16;-113.70
5663.09;-113.70
5666.02;-113.86
5668.95;-114.02
5671.88;-113.94
5674.80;-113.86
5677.73;-113.47
5680.66;-113.47
5683.59;-113.63
5686.52;-113.39
5689.45;-113.47
5692.38;-113.55
5695.31;-113.55
5698.24;-113.63
5701.17;-113.47
5704.10;-113.63
5707.03;-113.78
5709.96;-113.94
5712.89;-113.86
5715.82;-113.78
5718.75;-113.86
5721.68;-113.55
5724.61;-113.47
5727.54;-113.63
5730.47;-113.78
5733.40;-113.78
5736.33;-113.39
5739.26;-113.24
5742.19;-113.47
5745.12;-113.78
5748.05;-113.78
5750.98;-113.47
5753.91;-113.78
5756.84;-113.78
5759.77;-113.47
5762.70;-113.86
5765.63;-113.86
5768.55;-113.78
5771.48;-113.63
5774.41;-113.55
5777.34;-113.63
5780.27;-113.47
5783.20;-113.24
5786.13;-113.55
5789.06;-113.70
5791.99;-113.39
5794.92;-113.39
5797.85;-113.47
5800.78;-113.78
5803.71;-113.70
5806.64;-113.47
5809.57;-113.31
5812.50;-113.31
5815.43;-113.16
5818.36;-113.24
5821.29;-113.47
5824.22;-113.55
5827.15;-113.63
5830.08;-113.63
5833.01;-113.47
5835.94;-113.31
5838.87;-113.31
5841.80;-113.24
5844.73;-113.47
5847.66;-113.55
5850.59;-113.47
5853.52;-113.31
5856.45;-113.39
5859.38;-113.31
5862.30;-113.39
5865.23;-113.47
5868.16;-113.70
5871.09;-113.63
5874.02;-113.86
5876.95;-113.86
5879.88;-113.47
5882.81;-113.63
5885.74;-113.55
5888.67;-113.47
5891.60;-113.78
5894.53;-113.55
5897.46;-113.63
5900.39;-113.63
5903.32;-113.39
5906.25;-113.39
5909.18;-113.31
5912.11;-113.16
5915.04;-113.16
5917.97;-113.39
5920.90;-113.47
5923.83;-113.39
5926.76;-113.31
5929.69;-113.31
5932.62;-113.24
5935.55;-113.31
5938.48;-113.39
5941.41;-113.24
5944.34;-113.16
5947.27;-113.00
5950.20;-113.31
5953.13;-113.39
5956.05;-113.16
5958.98;-113.39
5961.91;-113.47
5964.84;-113.31
5967.77;-113.31
5970.70;-113.39
5973.63;-113.16
5976.56;-113.24
5979.49;-113.31
5982.42;-113.39
5985.35;-113.24
5988.28;-113.16
5991.21;-113.31
5994.14;-113.31
5997.07;-113.16
6000.00;-113.31
6002.93;-113.16
6005.86;-113.08
6008.79;-113.16
6011.72;-113.08
6014.65;-113.08
6017.58;-112.92
6020.51;-113.00
6023.44;-113.08
6026.37;-113.08
6029.30;-113.31
6032.23;-113.16
6035.16;-113.00
6038.09;-113.00
6041.02;-113.08
6043.95;-113.16
6046.88;-113.16
6049.80;-113.31
6052.73;-113.39
6055.66;-113.00
6058.59;-113.00
6061.52;-112.84
6064.45;-113.08
6067.38;-113.39
6070.31;-113.31
6073.24;-112.84
6076.17;-113.00
6079.10;-113.08
6082.03;-113.08
6084.96;-112.92
6087.89;-112.92
6090.82;-112.84
6093.75;-112.92
6096.68;-113.24
6099.61;-113.31
6102.54;-113.08
6105.47;-113.08
6108.40;-113.16
6111.33;-113.00
6114.26;-113.16
6117.19;-113.16
6120.12;-113.08
6123.05;-112.92
6125.98;-112.92
6128.91;-113.08
6131.84;-113.00
6134.77;-112.84
6137.70;-112.92
6140.63;-113.24
6143.55;-113.16
6146.48;-113.08
6149.41;-113.24
6152.34;-113.24
6155.27;-112.92
6158.20;-113.08
6161.13;-113.16
6164.06;-112.92
6166.99;-113.08
6169.92;-113.16
6172.85;-113.08
6175.78;-113.00
6178.71;-113.08
6181.64;-113.31
6184.57;-113.08
6187.50;-112.84
6190.43;-113.08
6193.36;-112.92
6196.29;-113.24
6199.22;-113.24
6202.15;-112.92
6205.08;-112.92
6208.01;-112.84
6210.94;-112.92
6213.87;-112.84
6216.80;-112.84
6219.73;-112.77
6222.66;-112.84
6225.59;-112.77
6228.52;-112.84
6231.45;-112.77
6234.38;-112.92
6237.30;-112.92
6240.23;-113.00
6243.16;-113.16
6246.09;-113.16
6249.02;-113.00
6251.95;-112.92
6254.88;-112.92
6257.81;-113.16
6260.74;-112.92
6263.67;-112.84
6266.60;-112.77
6269.53;-112.84
6272.46;-112.92
6275.39;-113.16
6278.32;-113.08
6281.25;-112.84
6284.18;-113.08
6287.11;-112.84
6290.04;-112.77
6292.97;-112.84
6295.90;-113.00
6298.83;-113.08
6301.76;-112.84
6304.69;-113.00
6307.62;-112.84
6310.55;-112.84
6313.48;-112.92
6316.41;-112.92
6319.34;-112.77
6322.27;-112.61
6325.20;-112.84
6328.13;-112.84
6331.05;-112.77
6333.98;-112.69
6336.91;-112.77
6339.84;-112.84
6342.77;-112.92
6345.70;-112.77
6348.63;-113.16
6351.56;-112.92
6354.49;-112.69
6357.42;-112.45
6360.35;-112.53
6363.28;-112.61
6366.21;-112.77
6369.14;-112.69
6372.07;-112.61
6375.00;-112.77
6377.93;-112.84
6380.86;-112.61
6383.79;-113.00
6386.72;-112.92
6389.65;-113.00
6392.58;-112.84
6395.51;-112.84
6398.44;-112.84
6401.37;-112.77
6404.30;-112.53
6407.23;-112.53
6410.16;-112.61
6413.09;-112.69
6416.02;-112.77
6418.95;-112.77
6421.88;-112.38
6424.80;-112.45
6427.73;-112.84
6430.66;-112.61
6433.59;-112.53
6436.52;-112.84
6439.45;-112.92
6442.38;-112.61
6445.31;-112.61
6448.24;-112.77
6451.17;-112.61
6454.10;-112.77
6457.03;-112.69
6459.96;-112.77
6462.89;-112.84
6465.82;-112.84
6468.75;-112.69
6471.68;-112.45
6474.61;-112.30
6477.54;-112.53
6480.47;-112.53
6483.40;-112.53
6486.33;-112.53
6489.26;-112.45
6492.19;-112.53
6495.12;-112.53
6498.05;-112.69
6500.98;-112.77
6503.91;-112.45
6506.84;-112.38
6509.77;-112.45
6512.70;-112.61
6515.63;-112.38
6518.55;-112.38
6521.48;-112.61
6524.41;-112.53
6527.34;-112.69
6530.27;-112.84
6533.20;-112.84
6536.13;-112.84
6539.06;-112.77
6541.99;-112.38
6544.92;-112.38
6547.85;-112.30
6550.78;-112.61
6553.71;-112.61
6556.64;-112.53
6559.57;-112.38
6562.50;-112.38
6565.43;-112.22
6568.36;-112.30
6571.29;-112.38
6574.22;-112.53
6577.15;-112.53
6580.08;-112.53
6583.01;-112.45
6585.94;-112.53
6588.87;-112.30
6591.80;-112.22
6594.73;-112.77
6597.66;-112.61
6600.59;-112.53
6603.52;-112.30
6606.45;-112.45
6609.38;-112.61
6612.30;-112.61
6615.23;-112.45
6618.16;-112.45
6621.09;-112.53
6624.02;-112.61
6626.95;-112.61
6629.88;-112.53
6632.81;-112.22
6635.74;-112.14
6638.67;-112.06
6641.60;-112.22
6644.53;-112.53
6647.46;-112.38
6650.39;-112.38
6653.32;-112.14
6656.25;-112.22
6659.18;-112.14
6662.11;-112.06
6665.04;-112.30
6667.97;-112.22
6670.90;-112.22
6673.83;-112.14
6676.76;-112.22
6679.69;-112.38
6682.62;-112.30
6685.55;-112.38
6688.48;-112.30
6691.41;-112.22
6694.34;-112.06
6697.27;-111.91
6700.20;-112.30
6703.13;-112.30
6706.05;-112.14
6708.98;-112.38
6711.91;-112.38
6714.84;-112.14
6717.77;-112.06
6720.70;-112.22
6723.63;-112.38
6726.56;-112.22
6729.49;-112.30
6732.42;-112.30
6735.35;-112.14
6738.28;-111.91
6741.21;-112.14
6744.14;-112.22
6747.07;-112.06
6750.00;-112.06
6752.93;-112.14
6755.86;-112.06
6758.79;-112.14
6761.72;-112.38
6764.65;-112.38
6767.58;-112.38
6770.51;-112.22
6773.44;-111.99
6776.37;-111.91
6779.30;-112.14
6782.23;-112.22
6785.16;-112.14
6788.09;-111.75
6791.02;-111.67
6793.95;-111.91
6796.88;-112.14
6799.80;-112.22
6802.73;-112.14
6805.66;-112.14
6808.59;-112.38
6811.52;-112.14
6814.45;-111.99
6817.38;-112.38
6820.31;-112.30
6823.24;-112.14
6826.17;-112.22
6829.10;-112.22
6832.03;-112.22
6834.96;-111.99
6837.89;-111.75
6840.82;-112.06
6843.75;-112.22
6846.68;-112.14
6849.61;-112.06
6852.54;-112.14
6855.47;-112.14
6858.40;-111.91
6861.33;-112.14
6864.26;-112.14
6867.19;-112.14
6870.12;-112.14
6873.05;-112.22
6875.98;-112.45
6878.91;-111.99
6881.84;-112.14
6884.77;-112.30
6887.70;-112.22
6890.63;-111.91
6893.55;-112.14
6896.48;-112.14
6899.41;-111.91
6902.34;-111.91
6905.27;-111.99
6908.20;-112.06
6911.13;-111.99
6914.06;-112.14
6916.99;-112.22
6919.92;-111.99
6922.85;-111.91
6925.78;-111.75
6928.71;-111.75
6931.64;-111.91
6934.57;-111.91
6937.50;-111.91
6940.43;-112.22
6943.36;-111.75
6946.29;-111.83
6949.22;-111.99
6952.15;-111.91
6955.08;-112.14
6958.01;-111.83
6960.94;-111.91
6963.87;-112.14
6966.80;-112.06
6969.73;-111.91
6972.66;-111.91
6975.59;-111.91
6978.52;-112.14
6981.45;-112.06
6984.38;-111.99
6987.30;-111.75
6990.23;-111.67
6993.16;-111.75
6996.09;-111.91
6999.02;-111.91
7001.95;-111.83
7004.88;-111.83
7007.81;-112.14
7010.74;-111.91
7013.67;-111.75
7016.60;-111.91
7019.53;-111.99
7022.46;-112.06
7025.39;-111.99
7028.32;-111.99
7031.25;-112.14
7034.18;-112.14
7037.11;-111.91
7040.04;-111.83
7042.97;-111.67
7045.90;-111.59
7048.83;-111.91
7051.76;-111.99
7054.69;-111.91
7057.62;-111.75
7060.55;-111.91
7063.48;-111.67
7066.41;-111.75
7069.34;-111.91
7072.27;-111.91
7075.20;-111.99
7078.13;-111.91
7081.05;-111.91
7083.98;-111.75
7086.91;-111.52
7089.84;-111.75
7092.77;-111.91
7095.70;-111.99
7098.63;-111.91
7101.56;-111.91
7104.49;-111.83
7107.42;-111.52
7110.35;-111.59
7113.28;-111.83
7116.21;-111.83
7119.14;-111.67
7122.07;-111.67
7125.00;-111.91
7127.93;-111.67
7130.86;-111.67
7133.79;-111.75
7136.72;-111.59
7139.65;-111.59
7142.58;-111.75
7145.51;-111.52
7148.44;-111.59
7151.37;-111.99
7154.30;-111.83
7157.23;-111.75
7160.16;-111.75
7163.09;-111.67
7166.02;-111.75
7168.95;-111.99
7171.88;-111.91
7174.80;-112.14
7177.73;-112.14
7180.66;-111.99
7183.59;-111.83
7186.52;-111.75
7189.45;-111.59
7192.38;-111.52
7195.31;-111.67
7198.24;-111.75
7201.17;-111.67
7204.10;-111.83
7207.03;-111.99
7209.96;-112.06
7212.89;-112.06
7215.82;-111.83
7218.75;-111.59
7221.68;-111.75
7224.61;-111.91
7227.54;-111.75
7230.47;-111.67
7233.40;-111.75
7236.33;-111.83
7239.26;-111.91
7242.19;-111.75
7245.12;-111.67
7248.05;-111.52
7250.98;-111.44
7253.91;-111.52
7256.84;-111.44
7259.77;-111.52
7262.70;-111.91
7265.63;-111.59
7268.55;-111.59
7271.48;-111.52
7274.41;-111.75
7277.34;-111.75
7280.27;-111.83
7283.20;-111.67
7286.13;-111.67
7289.06;-111.59
7291.99;-111.75
7294.92;-111.75
7297.85;-111.75
7300.78;-112.14
7303.71;-112.06
7306.64;-111.59
7309.57;-111.59
7312.50;-111.67
7315.43;-111.59
7318.36;-111.67
7321.29;-111.67
7324.22;-111.52
7327.15;-111.44
7330.08;-111.20
7333.01;-111.28
7335.94;-111.44
7338.87;-111.67
7341.80;-111.75
7344.73;-111.52
7347.66;-111.59
7350.59;-111.67
7353.52;-111.44
7356.45;-111.59
7359.38;-111.75
7362.30;-111.67
7365.23;-111.59
7368.16;-111.59
7371.09;-111.59
7374.02;-111.36
7376.95;-111.75
7379.88;-111.91
7382.81;-111.36
7385.74;-111.36
7388.67;-111.59
7391.60;-111.44
7394.53;-111.44
7397.46;-111.44
7400.39;-111.52
7403.32;-111.59
7406.25;-111.67
7409.18;-111.67
7412.11;-111.59
7415.04;-111.75
7417.97;-111.59
7420.90;-111.67
7423.83;-111.44
7426.76;-111.28
7429.69;-111.44
7432.62;-111.75
7435.55;-111.44
7438.48;-111.44
7441.41;-111.67
7444.34;-111.99
7447.27;-111.59
7450.20;-111.20
7453.13;-110.97
7456.05;-111.36
7458.98;-111.36
7461.91;-111.36
7464.84;-111.52
7467.77;-111.20
7470.70;-111.28
7473.63;-111.59
7476.56;-111.44
7479.49;-111.28
7482.42;-111.36
7485.35;-111.13
7488.28;-111.20
7491.21;-111.44
7494.14;-111.44
7497.07;-111.52
7500.00;-111.44
7502.93;-111.36
7505.86;-111.36
7508.79;-111.20
7511.72;-111.36
7514.65;-111.44
7517.58;-111.28
7520.51;-111.05
7523.44;-111.20
7526.37;-111.44
7529.30;-111.67
7532.23;-111.44
7535.16;-111.36
7538.09;-111.52
7541.02;-111.36
7543.95;-111.36
7546.88;-111.28
7549.80;-111.05
7552.73;-111.20
7555.66;-111.28
7558.59;-111.44
7561.52;-111.44
7564.45;-111.44
7567.38;-111.59
7570.31;-111.44
7573.24;-111.75
7576.17;-111.75
7579.10;-111.36
7582.03;-111.59
7584.96;-111.75
7587.89;-111.13
7590.82;-111.28
7593.75;-111.67
7596.68;-111.67
7599.61;-111.28
7602.54;-111.44
7605.47;-111.44
7608.40;-111.36
7611.33;-111.20
7614.26;-111.36
7617.19;-111.36
7620.12;-111.36
7623.05;-111.36
7625.98;-111.20
7628.91;-111.36
7631.84;-111.44
7634.77;-111.36
7637.70;-111.36
7640.63;-111.36
7643.55;-111.13
7646.48;-111.13
7649.41;-111.20
7652.34;-111.28
7655.27;-111.44
7658.20;-111.36
7661.13;-111.36
7664.06;-111.44
7666.99;-111.44
7669.92;-111.05
7672.85;-111.28
7675.78;-111.44
7678.71;-111.20
7681.64;-111.05
7684.57;-111.36
7687.50;-111.13
7690.43;-111.28
7693.36;-111.05
7696.29;-111.20
7699.22;-111.28
7702.15;-111.13
7705.08;-111.20
7708.01;-111.28
7710.94;-111.28
7713.87;-111.13
7716.80;-111.05
7719.73;-110.97
7722.66;-111.20
7725.59;-111.28
7728.52;-111.05
7731.45;-111.13
7734.38;-111.36
7737.30;-111.20
7740.23;-111.52
7743.16;-111.44
7746.09;-111.20
7749.02;-111.13
7751.95;-111.20
7754.88;-111.13
7757.81;-111.05
7760.74;-110.97
7763.67;-111.28
7766.60;-111.44
7769.53;-111.13
7772.46;-111.20
7775.39;-111.44
7778.32;-111.52
7781.25;-111.20
7784.18;-110.97
7787.11;-110.97
7790.04;-111.13
7792.97;-111.20
7795.90;-111.44
7798.83;-111.44
7801.76;-111.44
7804.69;-111.20
7807.62;-111.20
7810.55;-111.36
7813.48;-111.36
7816.41;-111.20
7819.34;-111.28
7822.27;-111.13
7825.20;-111.13
7828.13;-111.44
7831.05;-111.28
7833.98;-111.05
7836.91;-111.36
7839.84;-111.20
7842.77;-111.13
7845.70;-111.05
7848.63;-111.20
7851.56;-111.36
7854.49;-111.20
7857.42;-111.28
7860.35;-111.36
7863.28;-111.36
7866.21;-111.52
7869.14;-111.28
7872.07;-111.20
7875.00;-111.28
7877.93;-111.20
7880.86;-110.97
7883.79;-111.28
7886.72;-111.28
7889.65;-111.36
7892.58;-111.28
7895.51;-111.13
7898.44;-110.81
7901.37;-110.81
7904.30;-111.13
7907.23;-111.13
7910.16;-111.05
7913.09;-111.28
7916.02;-111.36
7918.95;-111.05
7921.88;-110.97
7924.80;-111.20
7927.73;-111.52
7930.66;-111.59
7933.59;-111.36
7936.52;-111.20
7939.45;-111.05
7942.38;-110.97
7945.31;-110.89
7948.24;-111.05
7951.17;-111.28
7954.10;-110.97
7957.03;-111.13
7959.96;-110.97
7962.89;-111.20
7965.82;-111.36
7968.75;-111.36
7971.68;-111.28
7974.61;-111.05
7977.54;-110.89
7980.47;-111.05
7983.40;-110.89
7986.33;-111.13
7989.26;-111.20
7992.19;-111.20
7995.12;-111.20
7998.05;-111.13
8000.98;-111.28
8003.91;-111.13
8006.84;-110.89
8009.77;-110.74
8012.70;-110.81
8015.63;-111.13
8018.55;-111.20
8021.48;-111.20
8024.41;-110.89
8027.34;-110.81
8030.27;-110.89
8033.20;-111.13
8036.13;-111.05
8039.06;-111.05
8041.99;-110.89
8044.92;-111.20
8047.85;-111.44
8050.78;-111.13
8053.71;-110.97
8056.64;-111.05
8059.57;-110.97
8062.50;-111.05
8065.43;-111.05
8068.36;-110.81
8071.29;-110.97
8074.22;-111.05
8077.15;-111.13
8080.08;-111.05
8083.01;-110.97
8085.94;-110.81
8088.87;-111.05
8091.80;-111.13
8094.73;-111.20
8097.66;-111.13
8100.59;-110.89
8103.52;-110.97
8106.45;-110.89
8109.38;-111.13
8112.30;-111.28
8115.23;-111.28
8118.16;-111.20
8121.09;-111.20
8124.02;-111.20
8126.95;-111.05
8129.88;-111.20
8132.81;-111.36
8135.74;-111.28
8138.67;-111.13
8141.60;-111.20
8144.53;-111.13
8147.46;-111.13
8150.39;-110.74
8153.32;-111.13
8156.25;-111.05
8159.18;-110.97
8162.11;-111.13
8165.04;-111.05
8167.97;-111.20
8170.90;-110.81
8173.83;-110.81
8176.76;-111.05
8179.69;-111.13
8182.62;-110.97
8185.55;-110.74
8188.48;-110.89
8191.41;-111.13
8194.34;-110.97
8197.27;-111.13
8200.20;-111.20
8203.13;-110.89
8206.05;-110.81
8208.98;-110.81
8211.91;-111.20
8214.84;-111.20
8217.77;-111.13
8220.70;-110.89
8223.63;-110.81
8226.56;-111.20
8229.49;-110.97
8232.42;-111.05
8235.35;-111.13
8238.28;-110.81
8241.21;-111.05
8244.14;-111.13
8247.07;-111.05
8250.00;-111.28
8252.93;-111.36
8255.86;-111.44
8258.79;-111.05
8261.72;-110.89
8264.65;-111.05
8267.58;-110.89
8270.51;-110.89
8273.44;-110.97
8276.37;-111.05
8279.30;-111.05
8282.23;-111.05
8285.16;-110.89
8288.09;-111.20
8291.02;-111.20
8293.95;-111.05
8296.88;-111.13
8299.80;-110.89
8302.73;-110.97
8305.66;-111.20
8308.59;-110.97
8311.52;-110.81
8314.45;-110.89
8317.38;-110.81
8320.31;-110.81
8323.24;-110.89
8326.17;-111.05
8329.10;-111.13
8332.03;-110.89
8334.96;-110.89
8337.89;-110.89
8340.82;-110.66
8343.75;-110.81
8346.68;-110.81
8349.61;-110.97
8352.54;-111.05
8355.47;-110.66
8358.40;-110.58
8361.33;-111.05
8364.26;-110.97
8367.19;-110.97
8370.12;-111.05
8373.05;-110.97
8375.98;-111.05
8378.91;-110.97
8381.84;-111.05
8384.77;-110.89
8387.70;-110.89
8390.63;-110.81
8393.55;-110.66
8396.48;-110.97
8399.41;-111.13
8402.34;-111.13
8405.27;-110.74
8408.20;-110.66
8411.13;-110.34
8414.06;-110.81
8416.99;-111.13
8419.92;-110.81
8422.85;-111.13
8425.78;-111.13
8428.71;-111.28
8431.64;-111.05
8434.57;-110.97
8437.50;-110.97
8440.43;-110.89
8443.36;-110.89
8446.29;-111.13
8449.22;-111.05
8452.15;-111.05
8455.08;-110.97
8458.01;-110.74
8460.94;-110.50
8463.87;-110.34
8466.80;-110.81
8469.73;-111.05
8472.66;-111.13
8475.59;-111.05
8478.52;-110.89
8481.45;-110.66
8484.38;-110.89
8487.30;-110.89
8490.23;-110.89
8493.16;-110.58
8496.09;-110.81
8499.02;-110.66
8501.95;-110.66
8504.88;-110.58
8507.81;-110.74
8510.74;-110.89
8513.67;-110.74
8516.60;-110.74
8519.53;-110.89
8522.46;-110.97
8525.39;-110.66
8528.32;-110.66
8531.25;-110.74
8534.18;-111.05
8537.11;-110.89
8540.04;-110.89
8542.97;-110.66
8545.90;-110.66
8548.83;-110.66
8551.76;-110.89
8554.69;-110.89
8557.62;-110.89
8560.55;-110.89
8563.48;-110.74
8566.41;-110.58
8569.34;-110.58
8572.27;-110.74
8575.20;-110.81
8578.13;-110.66
8581.05;-110.97
8583.98;-110.89
8586.91;-110.58
8589.84;-110.81
8592.77;-111.13
8595.70;-111.05
8598.63;-110.97
8601.56;-110.74
8604.49;-110.74
8607.42;-110.81
8610.35;-110.74
8613.28;-110.97
8616.21;-111.05
8619.14;-110.81
8622.07;-110.66
8625.00;-110.81
8627.93;-111.05
8630.86;-111.05
8633.79;-110.97
8636.72;-110.81
8639.65;-110.66
8642.58;-110.97
8645.51;-110.89
8648.44;-110.74
8651.37;-110.50
8654.30;-110.58
8657.23;-110.58
8660.16;-110.97
8663.09;-111.13
8666.02;-110.81
8668.95;-110.66
8671.88;-111.20
8674.80;-111.13
8677.73;-110.89
8680.66;-110.97
8683.59;-111.05
8686.52;-110.97
8689.45;-110.89
8692.38;-110.58
8695.31;-110.42
8698.24;-110.50
8701.17;-110.89
8704.10;-111.13
8707.03;-110.97
8709.96;-110.58
8712.89;-110.42
8715.82;-110.81
8718.75;-110.89
8721.68;-110.74
8724.61;-110.74
8727.54;-110.81
8730.47;-110.81
8733.40;-110.74
8736.33;-110.81
8739.26;-110.81
8742.19;-110.81
8745.12;-110.66
8748.05;-110.81
8750.98;-110.74
8753.91;-110.81
8756.84;-110.81
8759.77;-110.58
8762.70;-110.50
8765.63;-110.42
8768.55;-110.66
8771.48;-110.66
8774.41;-110.74
8777.34;-110.58
8780.27;-110.50
8783.20;-110.58
8786.13;-110.58
8789.06;-110.50
8791.99;-110.58
8794.92;-110.81
8797.85;-110.58
8800.78;-110.27
8803.71;-110.27
8806.64;-110.34
8809.57;-110.66
8812.50;-110.74
8815.43;-111.05
8818.36;-110.97
8821.29;-110.74
8824.22;-110.81
8827.15;-110.66
8830.08;-110.74
8833.01;-110.89
8835.94;-110.81
8838.87;-110.74
8841.80;-110.89
8844.73;-111.13
8847.66;-110.89
8850.59;-110.66
8853.52;-110.74
8856.45;-110.74
8859.38;-110.66
8862.30;-110.58
8865.23;-110.58
8868.16;-110.74
8871.09;-110.42
8874.02;-110.34
8876.95;-110.81
8879.88;-110.58
8882.81;-110.66
8885.74;-110.89
8888.67;-111.13
8891.60;-110.81
8894.53;-110.27
8897.46;-110.34
8900.39;-110.58
8903.32;-110.66
8906.25;-110.81
8909.18;-110.81
8912.11;-110.66
8915.04;-110.58
8917.97;-110.58
8920.90;-110.58
8923.83;-110.50
8926.76;-110.34
8929.69;-110.42
8932.62;-110.58
8935.55;-110.74
8938.48;-110.66
8941.41;-110.81
8944.34;-110.74
8947.27;-110.74
8950.20;-110.50
8953.13;-110.74
8956.05;-110.89
8958.98;-110.66
8961.91;-110.66
8964.84;-110.58
8967.77;-110.81
8970.70;-110.89
8973.63;-110.74
8976.56;-110.74
8979.49;-110.66
8982.42;-110.74
8985.35;-110.89
8988.28;-110.74
8991.21;-110.66
8994.14;-110.42
8997.07;-110.74
9000.00;-110.66
9002.93;-110.89
9005.86;-110.81
9008.79;-110.74
9011.72;-110.74
9014.65;-110.81
9017.58;-110.81
9020.51;-110.50
9023.44;-110.66
9026.37;-110.58
9029.30;-110.74
9032.23;-110.89
9035.16;-110.74
9038.09;-110.58
9041.02;-110.58
9043.95;-110.81
9046.88;-110.58
9049.80;-110.50
9052.73;-110.89
9055.66;-110.81
9058.59;-110.42
9061.52;-110.66
9064.45;-110.81
9067.38;-110.66
9070.31;-110.58
9073.24;-110.74
9076.17;-110.58
9079.10;-110.74
9082.03;-110.97
9084.96;-110.58
9087.89;-110.34
9090.82;-110.42
9093.75;-110.42
9096.68;-110.50
9099.61;-110.66
9102.54;-110.74
9105.47;-110.81
9108.40;-110.74
9111.33;-110.66
9114.26;-110.50
9117.19;-110.58
9120.12;-110.50
9123.05;-110.34
9125.98;-110.58
9128.91;-110.66
9131.84;-110.58
9134.77;-110.27
9137.70;-110.11
9140.63;-110.34
9143.55;-110.50
9146.48;-110.66
9149.41;-110.66
9152.34;-110.66
9155.27;-110.34
9158.20;-110.42
9161.13;-110.74
9164.06;-110.81
9166.99;-110.58
9169.92;-110.42
9172.85;-110.19
9175.78;-110.50
9178.71;-110.89
9181.64;-110.81
9184.57;-110.74
9187.50;-110.66
9190.43;-110.34
9193.36;-110.27
9196.29;-110.34
9199.22;-110.42
9202.15;-110.34
9205.08;-110.42
9208.01;-110.66
9210.94;-110.74
9213.87;-110.58
9216.80;-110.66
9219.73;-110.66
9222.66;-110.42
9225.59;-110.74
9228.52;-110.74
9231.45;-110.58
9234.38;-110.74
9237.30;-110.58
9240.23;-110.58
9243.16;-110.42
9246.09;-110.11
9249.02;-110.58
9251.95;-110.74
9254.88;-110.74
9257.81;-110.50
9260.74;-110.58
9263.67;-110.89
9266.60;-110.74
9269.53;-110.50
9272.46;-110.42
9275.39;-110.34
9278.32;-110.50
9281.25;-110.42
9284.18;-110.74
9287.11;-110.81
9290.04;-110.58
9292.97;-110.34
9295.90;-110.50
9298.83;-110.58
9301.76;-110.58
9304.69;-110.74
9307.62;-110.50
9310.55;-110.74
9313.48;-110.74
9316.41;-110.66
9319.34;-110.34
9322.27;-110.34
9325.20;-110.50
9328.13;-110.27
9331.05;-110.27
9333.98;-110.27
9336.91;-110.42
9339.84;-110.42
9342.77;-110.58
9345.70;-110.66
9348.63;-110.42
9351.56;-110.42
9354.49;-110.81
9357.42;-110.50
9360.35;-110.34
9363.28;-110.42
9366.21;-110.58
9369.14;-110.58
9372.07;-110.50
9375.00;-110.27
9377.93;-110.50
9380.86;-110.34
9383.79;-110.27
9386.72;-110.34
9389.65;-110.19
9392.58;-110.42
9395.51;-110.50
9398.44;-110.42
9401.37;-110.74
9404.30;-110.81
9407.23;-110.58
9410.16;-110.03
9413.09;-110.34
9416.02;-110.27
9418.95;-110.19
9421.88;-110.34
9424.80;-110.34
9427.73;-110.58
9430.66;-110.74
9433.59;-110.50
9436.52;-110.42
9439.45;-110.27
9442.38;-110.19
9445.31;-110.42
9448.24;-110.34
9451.17;-110.34
9454.10;-110.19
9457.03;-110.19
9459.96;-110.11
9462.89;-109.95
9465.82;-110.27
9468.75;-110.58
9471.68;-110.58
9474.61;-110.50
9477.54;-110.34
9480.47;-110.42
9483.40;-110.34
9486.33;-110.42
9489.26;-110.42
9492.19;-110.19
9495.12;-110.34
9498.05;-110.27
9500.98;-110.19
9503.91;-110.27
9506.84;-110.42
9509.77;-110.74
9512.70;-110.74
9515.63;-110.50
9518.55;-110.42
9521.48;-110.42
9524.41;-110.50
9527.34;-110.19
9530.27;-110.19
9533.20;-110.34
9536.13;-110.42
9539.06;-110.19
9541.99;-110.50
9544.92;-110.34
9547.85;-110.11
9550.78;-110.11
9553.71;-110.34
9556.64;-110.42
9559.57;-110.27
9562.50;-110.50
9565.43;-110.81
9568.36;-110.42
9571.29;-110.34
9574.22;-110.50
9577.15;-110.50
9580.08;-110.50
9583.01;-110.50
9585.94;-110.58
9588.87;-110.34
9591.80;-110.19
9594.73;-110.11
9597.66;-110.19
9600.59;-110.42
9603.52;-110.50
9606.45;-110.50
9609.38;-110.50
9612.30;-110.42
9615.23;-110.19
9618.16;-110.19
9621.09;-110.42
9624.02;-110.03
9626.95;-110.11
9629.88;-110.11
9632.81;-110.19
9635.74;-110.19
9638.67;-110.27
9641.60;-110.34
9644.53;-110.27
9647.46;-110.27
9650.39;-110.42
9653.32;-109.95
9656.25;-110.34
9659.18;-110.42
9662.11;-110.42
9665.04;-110.27
9667.97;-110.27
9670.90;-110.50
9673.83;-110.34
9676.76;-110.27
9679.69;-110.42
9682.62;-110.42
9685.55;-110.58
9688.48;-110.66
9691.41;-110.50
9694.34;-110.58
9697.27;-110.58
9700.20;-110.66
9703.13;-110.42
9706.05;-110.50
9708.98;-110.42
9711.91;-110.42
9714.84;-110.42
9717.77;-110.27
9720.70;-110.34
9723.63;-110.34
9726.56;-110.27
9729.49;-110.27
9732.42;-110.19
9735.35;-110.11
9738.28;-110.34
9741.21;-110.34
9744.14;-110.42
9747.07;-110.11
9750.00;-109.95
9752.93;-110.19
9755.86;-110.27
9758.79;-110.27
9761.72;-110.03
9764.65;-110.11
9767.58;-110.27
9770.51;-110.11
9773.44;-110.11
9776.37;-109.95
9779.30;-110.03
9782.23;-110.19
9785.16;-110.19
9788.09;-110.50
9791.02;-110.27
9793.95;-110.11
9796.88;-110.34
9799.80;-110.42
9802.73;-110.50
9805.66;-110.19
9808.59;-110.11
9811.52;-110.27
9814.45;-110.27
9817.38;-110.34
9820.31;-110.19
9823.24;-110.11
9826.17;-110.11
9829.10;-109.95
9832.03;-109.95
9834.96;-110.27
9837.89;-110.19
9840.82;-110.19
9843.75;-110.03
9846.68;-110.19
9849.61;-110.50
9852.54;-110.34
9855.47;-110.34
9858.40;-110.42
9861.33;-110.34
9864.26;-110.11
9867.19;-110.03
9870.12;-110.11
9873.05;-110.19
9875.98;-110.34
9878.91;-110.58
9881.84;-110.19
9884.77;-110.11
9887.70;-110.19
9890.63;-110.19
9893.55;-110.34
9896.48;-110.42
9899.41;-110.34
9902.34;-110.27
9905.27;-110.34
9908.20;-110.34
9911.13;-110.19
9914.06;-110.11
9916.99;-109.95
9919.92;-110.27
9922.85;-110.19
9925.78;-110.11
9928.71;-110.03
9931.64;-109.80
9934.57;-110.03
9937.50;-110.27
9940.43;-110.27
9943.36;-110.34
9946.29;-110.58
9949.22;-110.58
9952.15;-110.50
9955.08;-110.27
9958.01;-110.11
9960.94;-110.11
9963.87;-110.03
9966.80;-110.11
9969.73;-110.11
9972.66;-110.19
9975.59;-110.19
9978.52;-110.19
9981.45;-110.34
9984.38;-110.34
9987.30;-110.03
9990.23;-110.27
9993.16;-110.34
9996.09;-110.11
9999.02;-109.88
10001.95;-109.72
10004.88;-109.88
10007.81;-109.95
10010.74;-109.88
10013.67;-109.95
10016.60;-109.88
10019.53;-109.72
10022.46;-110.03
10025.39;-110.11
10028.32;-110.19
10031.25;-109.72
10034.18;-109.88
10037.11;-109.80
10040.04;-109.88
10042.97;-110.34
10045.90;-110.27
10048.83;-110.19
10051.76;-109.95
10054.69;-109.95
10057.62;-110.03
10060.55;-110.34
10063.48;-110.42
10066.41;-109.95
10069.34;-109.95
10072.27;-110.03
10075.20;-110.03
10078.13;-110.11
10081.05;-110.03
10083.98;-109.95
10086.91;-109.95
10089.84;-110.03
10092.77;-110.11
10095.70;-110.19
10098.63;-110.34
10101.56;-110.34
10104.49;-110.42
10107.42;-110.11
10110.35;-109.88
10113.28;-110.03
10116.21;-110.34
10119.14;-110.50
10122.07;-110.11
10125.00;-109.80
10127.93;-109.88
10130.86;-109.95
10133.79;-110.11
10136.72;-110.03
10139.65;-109.80
10142.58;-109.88
10145.51;-110.11
10148.44;-109.88
10151.37;-110.03
10154.30;-109.95
10157.23;-109.88
10160.16;-110.03
10163.09;-110.19
10166.02;-110.34
10168.95;-110.19
10171.88;-109.95
10174.80;-109.95
10177.73;-109.88
10180.66;-109.88
10183.59;-110.03
10186.52;-110.19
10189.45;-110.19
10192.38;-109.88
10195.31;-110.03
10198.24;-110.11
10201.17;-110.27
10204.10;-110.19
10207.03;-109.95
10209.96;-110.11
10212.89;-110.11
10215.82;-109.95
10218.75;-109.80
10221.68;-109.95
10224.61;-110.11
10227.54;-109.88
10230.47;-109.80
10233.40;-110.03
10236.33;-110.11
10239.26;-109.80
10242.19;-109.72
10245.12;-109.95
10248.05;-109.88
10250.98;-109.95
10253.91;-109.95
10256.84;-109.64
10259.77;-109.72
10262.70;-109.88
10265.63;-109.95
10268.55;-109.95
10271.48;-110.03
10274.41;-110.03
10277.34;-109.80
10280.27;-109.88
10283.20;-109.95
10286.13;-110.19
10289.06;-110.19
10291.99;-109.88
10294.92;-109.64
10297.85;-109.95
10300.78;-110.34
10303.71;-110.11
10306.64;-110.03
10309.57;-110.11
10312.50;-110.03
10315.43;-110.03
10318.36;-109.95
10321.29;-109.80
10324.22;-109.80
10327.15;-109.95
10330.08;-110.03
10333.01;-109.88
10335.94;-109.64
10338.87;-109.88
10341.80;-110.11
10344.73;-109.88
10347.66;-109.88
10350.59;-109.80
10353.52;-109.95
10356.45;-110.11
10359.38;-109.88
10362.30;-110.11
10365.23;-110.03
10368.16;-109.95
10371.09;-109.80
10374.02;-109.88
10376.95;-109.88
10379.88;-109.88
10382.81;-109.95
10385.74;-110.19
10388.67;-110.19
10391.60;-109.80
10394.53;-109.72
10397.46;-109.95
10400.39;-110.19
10403.32;-109.80
10406.25;-109.95
10409.18;-109.95
10412.11;-110.03
10415.04;-109.64
10417.97;-109.95
10420.90;-109.95
10423.83;-109.88
10426.76;-109.88
10429.69;-109.72
10432.62;-109.88
10435.55;-109.88
10438.48;-109.64
10441.41;-109.41
10444.34;-109.80
10447.27;-109.88
10450.20;-109.95
10453.13;-110.03
10456.05;-110.03
10458.98;-109.80
10461.91;-109.80
10464.84;-110.03
10467.77;-109.88
10470.70;-109.80
10473.63;-109.64
10476.56;-109.72
10479.49;-110.11
10482.42;-110.03
10485.35;-109.95
10488.28;-109.64
10491.21;-109.56
10494.14;-109.64
10497.07;-109.80
10500.00;-110.03
10502.93;-109.72
10505.86;-109.72
10508.79;-109.64
10511.72;-109.48
10514.65;-109.64
10517.58;-109.64
10520.51;-109.64
10523.44;-109.56
10526.37;-109.80
10529.30;-109.80
10532.23;-109.72
10535.16;-109.80
10538.09;-109.88
10541.02;-110.11
10543.95;-109.95
10546.88;-109.80
10549.80;-110.03
10552.73;-109.88
10555.66;-110.11
10558.59;-110.03
10561.52;-109.56
10564.45;-109.95
10567.38;-110.03
10570.31;-109.88
10573.24;-109.95
10576.17;-109.80
10579.10;-109.64
10582.03;-109.56
10584.96;-109.64
10587.89;-109.72
10590.82;-109.88
10593.75;-109.88
10596.68;-109.88
10599.61;-109.95
10602.54;-109.95
10605.47;-109.80
10608.40;-109.72
10611.33;-109.48
10614.26;-109.64
10617.19;-109.95
10620.12;-110.19
10623.05;-110.03
10625.98;-109.72
10628.91;-109.72
10631.84;-109.80
10634.77;-109.80
10637.70;-109.88
10640.63;-109.72
10643.55;-109.80
10646.48;-109.64
10649.41;-109.48
10652.34;-109.56
10655.27;-109.48
10658.20;-109.64
10661.13;-109.64
10664.06;-109.64
10666.99;-109.56
10669.92;-109.72
10672.85;-109.64
10675.78;-109.48
10678.71;-109.72
10681.64;-109.64
10684.57;-109.64
10687.50;-109.80
10690.43;-109.88
10693.36;-109.72
10696.29;-109.72
10699.22;-109.72
10702.15;-109.72
10705.08;-109.64
10708.01;-109.80
10710.94;-109.80
10713.87;-109.64
10716.80;-109.56
10719.73;-109.48
10722.66;-109.72
10725.59;-109.64
10728.52;-109.56
10731.45;-109.80
10734.38;-109.95
10737.30;-109.88
10740.23;-109.64
10743.16;-109.64
10746.09;-109.95
10749.02;-109.72
10751.95;-109.56
10754.88;-109.41
10757.81;-109.64
10760.74;-109.72
10763.67;-109.72
10766.60;-109.72
10769.53;-109.56
10772.46;-109.80
10775.39;-109.88
10778.32;-109.48
10781.25;-109.64
10784.18;-109.48
10787.11;-109.72
10790.04;-110.03
10792.97;-109.72
10795.90;-109.56
10798.83;-109.56
10801.76;-109.56
10804.69;-109.88
10807.62;-109.72
10810.55;-109.56
10813.48;-109.56
10816.41;-109.56
10819.34;-109.41
10822.27;-109.80
10825.20;-109.72
10828.13;-110.03
10831.05;-109.72
10833.98;-109.64
10836.91;-109.48
10839.84;-109.56
10842.77;-109.72
10845.70;-109.64
10848.63;-109.80
10851.56;-109.80
10854.49;-109.72
10857.42;-109.56
10860.35;-109.56
10863.28;-109.88
10866.21;-109.72
10869.14;-109.64
10872.07;-109.72
10875.00;-109.80
10877.93;-109.56
10880.86;-109.72
10883.79;-109.72
10886.72;-109.80
10889.65;-109.72
10892.58;-109.56
10895.51;-109.64
10898.44;-109.80
10901.37;-109.64
10904.30;-109.48
10907.23;-109.56
10910.16;-109.64
10913.09;-109.64
10916.02;-109.41
10918.95;-109.56
10921.88;-109.56
10924.80;-109.56
10927.73;-109.56
10930.66;-109.64
10933.59;-109.80
10936.52;-109.56
10939.45;-109.56
10942.38;-109.41
10945.31;-109.56
10948.24;-109.33
10951.17;-109.02
10954.10;-109.41
10957.03;-109.25
10959.96;-109.41
10962.89;-109.64
10965.82;-109.48
10968.75;-109.72
10971.68;-109.48
10974.61;-109.25
10977.54;-109.56
10980.47;-109.64
10983.40;-109.41
10986.33;-109.41
10989.26;-109.56
10992.19;-109.64
10995.12;-109.33
10998.05;-109.41
11000.98;-109.25
11003.91;-109.33
11006.84;-109.25
11009.77;-109.41
11012.70;-109.48
11015.63;-109.48
11018.55;-109.56
11021.48;-109.41
11024.41;-109.41
11027.34;-109.64
11030.27;-109.72
11033.20;-109.72
11036.13;-109.56
11039.06;-109.56
11041.99;-109.41
11044.92;-109.64
11047.85;-109.64
11050.78;-109.56
11053.71;-109.56
11056.64;-109.48
11059.57;-109.41
11062.50;-109.33
11065.43;-109.41
11068.36;-109.48
11071.29;-109.41
11074.22;-109.41
11077.15;-109.48
11080.08;-109.56
11083.01;-109.80
11085.94;-109.88
11088.87;-109.64
11091.80;-109.41
11094.73;-109.64
11097.66;-109.64
11100.59;-109.56
11103.52;-109.64
11106.45;-109.64
11109.38;-109.48
11112.30;-109.48
11115.23;-109.41
11118.16;-109.64
11121.09;-109.72
11124.02;-109.56
11126.95;-109.33
11129.88;-109.41
11132.81;-109.25
11135.74;-109.41
11138.67;-109.72
11141.60;-109.72
11144.53;-109.80
11147.46;-109.64
11150.39;-109.64
11153.32;-110.03
11156.25;-109.64
11159.18;-109.56
11162.11;-109.33
11165.04;-109.25
11167.97;-109.41
11170.90;-109.56
11173.83;-109.64
11176.76;-109.41
11179.69;-109.48
11182.62;-109.56
11185.55;-109.56
11188.48;-109.33
11191.41;-109.48
11194.34;-109.41
11197.27;-109.33
11200.20;-109.48
11203.13;-109.64
11206.05;-109.72
11208.98;-109.41
11211.91;-109.25
11214.84;-109.41
11217.77;-109.41
11220.70;-109.41
11223.63;-109.41
11226.56;-109.41
11229.49;-109.25
11232.42;-109.17
11235.35;-109.09
11238.28;-109.41
11241.21;-109.33
11244.14;-109.41
11247.07;-109.48
11250.00;-109.25
11252.93;-109.41
11255.86;-109.33
11258.79;-109.41
11261.72;-109.41
11264.65;-109.33
11267.58;-109.41
11270.51;-109.64
11273.44;-109.41
11276.37;-109.41
11279.30;-109.41
11282.23;-109.33
11285.16;-109.48
11288.09;-109.25
11291.02;-108.94
11293.95;-109.25
11296.88;-109.48
11299.80;-109.41
11302.73;-109.17
11305.66;-109.17
11308.59;-109.33
11311.52;-109.56
11314.45;-109.33
11317.38;-109.17
11320.31;-109.48
11323.24;-109.80
11326.17;-109.80
11329.10;-109.56
11332.03;-109.17
11334.96;-109.25
11337.89;-109.41
11340.82;-109.41
11343.75;-109.33
11346.68;-109.41
11349.61;-109.33
11352.54;-109.17
11355.47;-109.17
11358.40;-109.48
11361.33;-109.56
11364.26;-109.64
11367.19;-109.64
11370.12;-109.56
11373.05;-109.25
11375.98;-109.33
11378.91;-109.48
11381.84;-109.41
11384.77;-109.41
11387.70;-109.48
11390.63;-109.64
11393.55;-109.56
11396.48;-109.33
11399.41;-109.25
11402.34;-109.33
11405.27;-109.17
11408.20;-108.94
11411.13;-109.25
11414.06;-109.48
11416.99;-109.41
11419.92;-109.41
11422.85;-109.33
11425.78;-109.41
11428.71;-109.17
11431.64;-109.09
11434.57;-109.25
11437.50;-109.48
11440.43;-109.33
11443.36;-109.25
11446.29;-109.41
11449.22;-109.41
11452.15;-109.17
11455.08;-109.02
11458.01;-109.41
11460.94;-109.48
11463.87;-109.25
11466.80;-109.17
11469.73;-109.02
11472.66;-109.02
11475.59;-109.17
11478.52;-109.25
11481.45;-109.09
11484.38;-109.25
11487.30;-109.41
11490.23;-109.48
11493.16;-109.09
11496.09;-108.94
11499.02;-109.09
11501.95;-109.17
11504.88;-109.09
11507.81;-109.41
11510.74;-109.33
11513.67;-109.25
11516.60;-109.25
11519.53;-109.25
11522.46;-108.86
11525.39;-109.33
11528.32;-109.41
11531.25;-109.64
11534.18;-109.48
11537.11;-109.33
11540.04;-109.17
11542.97;-109.09
11545.90;-109.33
11548.83;-109.25
11551.76;-109.48
11554.69;-109.33
11557.62;-109.02
11560.55;-109.33
11563.48;-109.41
11566.41;-109.09
11569.34;-109.17
11572.27;-109.41
11575.20;-109.56
11578.13;-109.33
11581.05;-109.17
11583.98;-109.09
11586.91;-109.41
11589.84;-109.41
11592.77;-109.41
11595.70;-109.33
11598.63;-109.02
11601.56;-109.02
11604.49;-108.78
11607.42;-108.78
11610.35;-108.78
11613.28;-109.09
11616.21;-109.48
11619.14;-109.64
11622.07;-109.25
11625.00;-109.17
11627.93;-109.17
11630.86;-109.02
11633.79;-109.09
11636.72;-109.25
11639.65;-108.94
11642.58;-108.70
11645.51;-109.09
11648.44;-109.25
11651.37;-109.25
11654.30;-108.94
11657.23;-108.94
11660.16;-109.17
11663.09;-109.33
11666.02;-109.41
11668.95;-109.41
11671.88;-108.94
11674.80;-108.78
11677.73;-108.86
11680.66;-109.17
11683.59;-109.33
11686.52;-109.17
11689.45;-109.09
11692.38;-109.17
11695.31;-109.02
11698.24;-108.86
11701.17;-108.86
11704.10;-109.17
11707.03;-109.41
11709.96;-109.25
11712.89;-109.17
11715.82;-109.09
11718.75;-108.94
11721.68;-109.02
11724.61;-109.02
11727.54;-109.33
11730.47;-109.25
11733.40;-109.09
11736.33;-109.17
11739.26;-109.33
11742.19;-109.25
11745.12;-109.17
11748.05;-109.48
11750.98;-109.48
11753.91;-109.33
11756.84;-109.02
11759.77;-109.17
11762.70;-109.09
11765.63;-108.70
11768.55;-108.94
11771.48;-109.17
11774.41;-109.02
11777.34;-109.09
11780.27;-109.17
11783.20;-109.09
11786.13;-109.25
11789.06;-109.17
11791.99;-109.41
11794.92;-109.09
11797.85;-108.78
11800.78;-109.09
11803.71;-109.25
11806.64;-108.94
11809.57;-109.17
11812.50;-109.25
11815.43;-109.02
11818.36;-109.02
11821.29;-109.02
11824.22;-109.09
11827.15;-109.17
11830.08;-108.94
11833.01;-108.70
11835.94;-108.70
11838.87;-108.94
11841.80;-109.02
11844.73;-109.02
11847.66;-108.94
11850.59;-109.02
11853.52;-109.25
11856.45;-109.25
11859.38;-108.94
11862.30;-108.78
11865.23;-108.94
11868.16;-109.17
11871.09;-108.94
11874.02;-109.02
11876.95;-109.17
11879.88;-109.09
11882.81;-109.02
11885.74;-108.86
11888.67;-108.86
11891.60;-108.94
11894.53;-108.86
11897.46;-108.94
11900.39;-108.78
11903.32;-108.86
11906.25;-109.17
11909.18;-109.02
11912.11;-108.86
11915.04;-108.86
11917.97;-108.94
11920.90;-108.78
11923.83;-109.02
11926.76;-109.09
11929.69;-109.02
11932.62;-108.70
11935.55;-108.78
11938.48;-108.86
11941.41;-108.94
11944.34;-108.94
11947.27;-108.94
11950.20;-109.02
11953.13;-109.02
11956.05;-108.86
11958.98;-109.09
11961.91;-109.25
11964.84;-109.02
11967.77;-109.02
11970.70;-109.25
11973.63;-109.17
11976.56;-109.02
11979.49;-108.94
11982.42;-109.09
11985.35;-109.02
11988.28;-108.86
11991.21;-108.78
11994.14;-108.94
11997.07;-108.94
12000.00;-108.78
12002.93;-108.94
12005.86;-108.86
12008.79;-108.86
12011.72;-108.94
12014.65;-108.94
12017.58;-108.86
12020.51;-108.78
12023.44;-108.70
12026.37;-108.70
12029.30;-108.86
12032.23;-109.02
12035.16;-109.02
12038.09;-108.70
12041.02;-108.70
12043.95;-108.70
12046.88;-108.86
12049.80;-108.86
12052.73;-108.86
12055.66;-108.86
12058.59;-108.94
12061.52;-108.94
12064.45;-109.02
12067.38;-108.94
12070.31;-108.78
12073.24;-109.09
12076.17;-108.86
12079.10;-108.55
12082.03;-108.94
12084.96;-108.78
12087.89;-108.78
12090.82;-108.86
12093.75;-109.02
12096.68;-109.02
12099.61;-109.02
12102.54;-108.94
12105.47;-109.09
12108.40;-109.02
12111.33;-108.94
12114.26;-108.78
12117.19;-108.70
12120.12;-108.86
12123.05;-108.78
12125.98;-108.70
12128.91;-108.63
12131.84;-108.86
12134.77;-108.70
12137.70;-108.70
12140.63;-108.78
12143.55;-108.86
12146.48;-108.94
12149.41;-108.94
12152.34;-108.86
12155.27;-109.02
12158.20;-108.86
12161.13;-108.78
12164.06;-108.78
12166.99;-108.78
12169.92;-109.02
12172.85;-108.86
12175.78;-108.86
12178.71;-108.78
12181.64;-108.70
12184.57;-108.86
12187.50;-108.94
12190.43;-108.70
12193.36;-108.63
12196.29;-108.86
12199.22;-108.63
12202.15;-108.78
12205.08;-108.86
12208.01;-108.78
12210.94;-108.86
12213.87;-108.47
12216.80;-108.63
12219.73;-108.78
12222.66;-108.86
12225.59;-108.70
12228.52;-108.63
12231.45;-108.86
12234.38;-108.78
12237.30;-108.55
12240.23;-108.63
12243.16;-108.78
12246.09;-108.78
12249.02;-108.86
12251.95;-108.94
12254.88;-108.70
12257.81;-108.78
12260.74;-108.86
12263.67;-108.63
12266.60;-108.55
12269.53;-108.86
12272.46;-108.78
12275.39;-109.02
12278.32;-108.94
12281.25;-108.70
12284.18;-108.86
12287.11;-108.70
12290.04;-108.31
12292.97;-108.55
12295.90;-108.86
12298.83;-109.02
12301.76;-108.94
12304.69;-108.94
12307.62;-108.86
12310.55;-108.86
12313.48;-108.63
12316.41;-108.78
12319.34;-109.17
12322.27;-108.86
12325.20;-108.86
12328.13;-108.86
12331.05;-108.55
12333.98;-108.63
12336.91;-108.86
12339.84;-108.70
12342.77;-108.63
12345.70;-108.70
12348.63;-108.63
12351.56;-108.70
12354.49;-108.63
12357.42;-108.63
12360.35;-108.47
12363.28;-108.63
12366.21;-108.70
12369.14;-108.86
12372.07;-109.17
12375.00;-109.02
12377.93;-109.02
12380.86;-109.02
12383.79;-108.94
12386.72;-108.78
12389.65;-108.78
12392.58;-108.78
12395.51;-108.63
12398.44;-108.63
12401.37;-108.86
12404.30;-108.78
12407.23;-108.70
12410.16;-108.78
12413.09;-108.86
12416.02;-108.94
12418.95;-109.09
12421.88;-108.94
12424.80;-108.70
12427.73;-108.86
12430.66;-108.86
12433.59;-108.63
12436.52;-108.39
12439.45;-108.70
12442.38;-108.63
12445.31;-108.39
12448.24;-108.39
12451.17;-108.70
12454.10;-108.63
12457.03;-108.63
12459.96;-108.55
12462.89;-108.94
12465.82;-108.78
12468.75;-108.47
12471.68;-108.55
12474.61;-108.63
12477.54;-108.70
12480.47;-108.55
12483.40;-108.78
12486.33;-108.86
12489.26;-108.70
12492.19;-108.47
12495.12;-108.47
12498.05;-108.39
12500.98;-108.70
12503.91;-108.78
12506.84;-108.47
12509.77;-108.31
12512.70;-108.47
12515.63;-108.70
12518.55;-108.70
12521.48;-108.86
12524.41;-108.70
12527.34;-108.55
12530.27;-108.86
12533.20;-109.02
12536.13;-108.86
12539.06;-108.63
12541.99;-108.31
12544.92;-108.31
12547.85;-108.39
12550.78;-108.47
12553.71;-108.86
12556.64;-108.78
12559.57;-108.63
12562.50;-108.63
12565.43;-108.47
12568.36;-108.47
12571.29;-108.55
12574.22;-108.55
12577.15;-108.39
12580.08;-108.55
12583.01;-108.55
12585.94;-108.63
12588.87;-108.63
12591.80;-108.47
12594.73;-108.47
12597.66;-108.63
12600.59;-108.70
12603.52;-108.94
12606.45;-108.78
12609.38;-109.02
12612.30;-108.78
12615.23;-108.55
12618.16;-108.55
12621.09;-108.63
12624.02;-108.70
12626.95;-108.70
12629.88;-108.70
12632.81;-108.70
12635.74;-108.39
12638.67;-108.39
12641.60;-108.70
12644.53;-108.78
12647.46;-108.78
12650.39;-108.78
12653.32;-108.55
12656.25;-108.47
12659.18;-108.47
12662.11;-108.39
12665.04;-108.39
12667.97;-108.47
12670.90;-108.70
12673.83;-108.47
12676.76;-108.31
12679.69;-108.23
12682.62;-108.47
12685.55;-108.63
12688.48;-108.63
12691.41;-108.70
12694.34;-108.70
12697.27;-108.63
12700.20;-108.31
12703.13;-108.31
12706.05;-108.39
12708.98;-108.47
12711.91;-108.70
12714.84;-108.55
12717.77;-108.55
12720.70;-108.55
12723.63;-108.55
12726.56;-108.55
12729.49;-108.55
12732.42;-108.47
12735.35;-108.55
12738.28;-108.39
12741.21;-108.70
12744.14;-108.70
12747.07;-108.47
12750.00;-108.47
12752.93;-108.55
12755.86;-108.70
12758.79;-108.47
12761.72;-108.47
12764.65;-108.47
12767.58;-108.55
12770.51;-108.55
12773.44;-108.47
12776.37;-108.63
12779.30;-108.47
12782.23;-108.55
12785.16;-108.47
12788.09;-108.31
12791.02;-108.31
12793.95;-108.55
12796.88;-108.55
12799.80;-108.55
12802.73;-108.23
12805.66;-108.31
12808.59;-108.55
12811.52;-108.63
12814.45;-108.63
12817.38;-108.70
12820.31;-108.47
12823.24;-108.63
12826.17;-108.55
12829.10;-108.39
12832.03;-108.08
12834.96;-108.23
12837.89;-108.23
12840.82;-108.23
12843.75;-108.31
12846.68;-108.16
12849.61;-108.16
12852.54;-108.23
12855.47;-108.08
12858.40;-108.39
12861.33;-108.47
12864.26;-108.55
12867.19;-108.16
12870.12;-108.31
12873.05;-108.31
12875.98;-108.08
12878.91;-108.63
12881.84;-108.47
12884.77;-108.31
12887.70;-108.23
12890.63;-108.23
12893.55;-108.31
12896.48;-108.63
12899.41;-108.39
12902.34;-108.39
12905.27;-108.39
12908.20;-108.47
12911.13;-108.31
12914.06;-108.31
12916.99;-108.16
12919.92;-108.23
12922.85;-108.31
12925.78;-108.63
12928.71;-108.70
12931.64;-108.47
12934.57;-108.39
12937.50;-108.39
12940.43;-108.55
12943.36;-108.47
12946.29;-108.47
12949.22;-108.55
12952.15;-108.23
12955.08;-108.31
12958.01;-108.31
12960.94;-108.23
12963.87;-108.23
12966.80;-108.39
12969.73;-108.63
12972.66;-108.47
12975.59;-108.55
12978.52;-108.55
12981.45;-108.55
12984.38;-108.63
12987.30;-108.78
12990.23;-108.70
12993.16;-108.63
12996.09;-108.63
12999.02;-108.31
13001.95;-108.47
13004.88;-108.31
13007.81;-108.00
13010.74;-108.23
13013.67;-108.31
13016.60;-108.39
13019.53;-108.39
13022.46;-108.23
13025.39;-108.23
13028.32;-108.31
13031.25;-108.23
13034.18;-108.23
13037.11;-108.08
13040.04;-108.08
13042.97;-108.08
13045.90;-108.08
13048.83;-108.39
13051.76;-108.55
13054.69;-108.70
13057.62;-108.78
13060.55;-108.31
13063.48;-108.16
13066.41;-108.23
13069.34;-108.55
13072.27;-108.39
13075.20;-108.23
13078.13;-108.23
13081.05;-108.08
13083.98;-108.00
13086.91;-108.16
13089.84;-108.47
13092.77;-108.39
13095.70;-108.55
13098.63;-108.55
13101.56;-108.31
13104.49;-108.00
13107.42;-107.92
13110.35;-108.16
13113.28;-108.08
13116.21;-108.08
13119.14;-108.23
13122.07;-108.39
13125.00;-108.31
13127.93;-108.55
13130.86;-108.55
13133.79;-108.47
13136.72;-108.39
13139.65;-108.23
13142.58;-108.31
13145.51;-108.23
13148.44;-108.31
13151.37;-108.31
13154.30;-108.08
13157.23;-108.08
13160.16;-108.23
13163.09;-108.31
13166.02;-108.55
13168.95;-108.39
13171.88;-108.16
13174.80;-108.16
13177.73;-108.31
13180.66;-108.63
13183.59;-108.39
13186.52;-108.39
13189.45;-108.47
13192.38;-108.63
13195.31;-108.55
13198.24;-108.47
13201.17;-108.23
13204.10;-108.23
13207.03;-108.55
13209.96;-108.55
13212.89;-108.39
13215.82;-108.31
13218.75;-108.16
13221.68;-108.23
13224.61;-108.47
13227.54;-108.16
13230.47;-108.16
13233.40;-108.00
13236.33;-108.00
13239.26;-108.08
13242.19;-108.23
13245.12;-108.63
13248.05;-108.47
13250.98;-108.16
13253.91;-108.16
13256.84;-108.39
13259.77;-108.16
13262.70;-108.23
13265.63;-108.00
13268.55;-108.16
13271.48;-108.16
13274.41;-108.16
13277.34;-108.08
13280.27;-108.23
13283.20;-108.31
13286.13;-108.16
13289.06;-108.31
13291.99;-108.39
13294.92;-108.16
13297.85;-108.31
13300.78;-108.47
13303.71;-108.31
13306.64;-108.23
13309.57;-108.39
13312.50;-108.39
13315.43;-108.16
13318.36;-108.16
13321.29;-108.08
13324.22;-108.16
13327.15;-108.08
13330.08;-108.23
13333.01;-107.92
13335.94;-107.92
13338.87;-108.16
13341.80;-108.16
13344.73;-107.92
13347.66;-107.92
13350.59;-108.00
13353.52;-108.23
13356.45;-108.23
13359.38;-108.16
13362.30;-108.00
13365.23;-108.16
13368.16;-108.39
13371.09;-108.08
13374.02;-108.23
13376.95;-108.31
13379.88;-108.00
13382.81;-107.84
13385.74;-108.08
13388.67;-108.16
13391.60;-108.23
13394.53;-108.00
13397.46;-107.84
13400.39;-107.92
13403.32;-108.31
13406.25;-108.16
13409.18;-107.84
13412.11;-107.92
13415.04;-107.84
13417.97;-108.23
13420.90;-108.16
13423.83;-108.23
13426.76;-108.23
13429.69;-108.39
13432.62;-108.39
13435.55;-108.16
13438.48;-108.23
13441.41;-108.23
13444.34;-108.08
13447.27;-108.08
13450.20;-108.31
13453.13;-108.16
13456.05;-108.31
13458.98;-108.16
13461.91;-107.84
13464.84;-107.77
13467.77;-107.92
13470.70;-108.23
13473.63;-108.08
13476.56;-108.00
13479.49;-108.08
13482.42;-107.92
13485.35;-107.84
13488.28;-107.92
13491.21;-108.08
13494.14;-107.77
13497.07;-107.84
13500.00;-108.31
13502.93;-108.23
13505.86;-108.23
13508.79;-108.16
13511.72;-108.08
13514.65;-108.08
13517.58;-108.23
13520.51;-108.08
13523.44;-107.84
13526.37;-108.23
13529.30;-108.39
13532.23;-108.00
13535.16;-107.92
13538.09;-107.84
13541.02;-108.16
13543.95;-107.92
13546.88;-108.00
13549.80;-108.00
13552.73;-108.00
13555.66;-108.16
13558.59;-108.00
13561.52;-107.92
13564.45;-108.16
13567.38;-108.08
13570.31;-107.84
13573.24;-108.00
13576.17;-107.92
13579.10;-108.00
13582.03;-108.08
13584.96;-108.00
13587.89;-107.92
13590.82;-108.00
13593.75;-108.08
13596.68;-108.31
13599.61;-108.47
13602.54;-108.08
13605.47;-107.84
13608.40;-107.92
13611.33;-107.84
13614.26;-108.00
13617.19;-108.16
13620.12;-108.00
13623.05;-107.84
13625.98;-107.92
13628.91;-108.08
13631.84;-108.16
13634.77;-108.00
13637.70;-108.08
13640.63;-107.92
13643.55;-108.00
13646.48;-108.00
13649.41;-108.16
13652.34;-108.08
13655.27;-108.16
13658.20;-107.92
13661.13;-107.92
13664.06;-108.08
13666.99;-107.92
13669.92;-107.61
13672.85;-107.84
13675.78;-107.92
13678.71;-108.00
13681.64;-107.77
13684.57;-107.92
13687.50;-107.77
13690.43;-107.84
13693.36;-108.16
13696.29;-108.16
13699.22;-107.77
13702.15;-107.92
13705.08;-107.92
13708.01;-107.77
13710.94;-107.69
13713.87;-107.92
13716.80;-108.08
13719.73;-107.77
13722.66;-107.77
13725.59;-107.92
13728.52;-108.08
13731.45;-107.92
13734.38;-108.00
13737.30;-108.08
13740.23;-107.69
13743.16;-108.00
13746.09;-108.23
13749.02;-108.08
13751.95;-108.08
13754.88;-107.92
13757.81;-107.84
13760.74;-107.69
13763.67;-107.69
13766.60;-107.84
13769.53;-107.69
13772.46;-107.77
13775.39;-108.00
13778.32;-108.00
13781.25;-107.92
13784.18;-107.92
13787.11;-107.92
13790.04;-108.08
13792.97;-107.92
13795.90;-107.69
13798.83;-107.84
13801.76;-108.23
13804.69;-107.84
13807.62;-107.84
13810.55;-108.08
13813.48;-108.00
13816.41;-108.00
13819.34;-108.31
13822.27;-108.00
13825.20;-107.69
13828.13;-107.69
13831.05;-107.92
13833.98;-108.08
13836.91;-108.00
13839.84;-107.92
13842.77;-107.77
13845.70;-107.69
13848.63;-107.61
13851.56;-108.00
13854.49;-107.92
13857.42;-107.77
13860.35;-107.84
13863.28;-107.84
13866.21;-107.69
13869.14;-107.84
13872.07;-107.92
13875.00;-107.69
13877.93;-107.77
13880.86;-108.00
13883.79;-108.08
13886.72;-108.08
13889.65;-108.00
13892.58;-108.00
13895.51;-107.84
13898.44;-107.84
13901.37;-107.53
13904.30;-107.37
13907.23;-107.69
13910.16;-108.00
13913.09;-107.61
13916.02;-107.61
13918.95;-108.08
13921.88;-108.00
13924.80;-107.69
13927.73;-107.61
13930.66;-107.61
13933.59;-107.53
13936.52;-107.53
13939.45;-107.84
13942.38;-108.00
13945.31;-108.23
13948.24;-108.00
13951.17;-107.84
13954.10;-107.84
13957.03;-107.69
13959.96;-107.92
13962.89;-108.08
13965.82;-108.08
13968.75;-107.69
13971.68;-107.53
13974.61;-107.61
13977.54;-107.77
13980.47;-107.77
13983.40;-107.92
13986.33;-108.00
13989.26;-107.77
13992.19;-107.77
13995.12;-107.69
13998.05;-107.69
14000.98;-107.92
14003.91;-108.08
14006.84;-108.23
14009.77;-107.92
14012.70;-107.61
14015.63;-107.69
14018.55;-107.61
14021.48;-107.84
14024.41;-107.77
14027.34;-107.69
14030.27;-107.77
14033.20;-107.53
14036.13;-107.61
14039.06;-107.84
14041.99;-108.00
14044.92;-107.84
14047.85;-107.84
14050.78;-107.69
14053.71;-107.53
14056.64;-107.69
14059.57;-107.84
14062.50;-107.92
14065.43;-108.23
14068.36;-107.77
14071.29;-107.61
14074.22;-107.77
14077.15;-107.53
14080.08;-107.45
14083.01;-107.69
14085.94;-107.45
14088.87;-107.61
14091.80;-107.61
14094.73;-107.69
14097.66;-107.92
14100.59;-108.00
14103.52;-107.69
14106.45;-108.08
14109.38;-108.08
14112.30;-108.08
14115.23;-107.92
14118.16;-107.69
14121.09;-107.92
14124.02;-107.92
14126.95;-107.77
14129.88;-107.69
14132.81;-107.61
14135.74;-107.84
14138.67;-107.69
14141.60;-107.45
14144.53;-107.37
14147.46;-107.61
14150.39;-107.69
14153.32;-107.69
14156.25;-107.61
14159.18;-107.69
14162.11;-107.53
14165.04;-107.77
14167.97;-107.77
14170.90;-107.77
14173.83;-107.61
14176.76;-107.30
14179.69;-107.53
14182.62;-107.69
14185.55;-107.69
14188.48;-107.53
14191.41;-107.45
14194.34;-107.53
14197.27;-107.45
14200.20;-107.45
14203.13;-107.53
14206.05;-107.69
14208.98;-107.84
14211.91;-107.69
14214.84;-107.84
14217.77;-107.84
14220.70;-107.61
14223.63;-107.53
14226.56;-107.53
14229.49;-107.53
14232.42;-107.77
14235.35;-107.77
14238.28;-107.53
14241.21;-107.61
14244.14;-107.84
14247.07;-107.92
14250.00;-107.69
14252.93;-107.69
14255.86;-107.53
14258.79;-107.45
14261.72;-107.69
14264.65;-107.45
14267.58;-107.69
14270.51;-107.77
14273.44;-107.30
14276.37;-107.61
14279.30;-107.92
14282.23;-107.69
14285.16;-107.37
14288.09;-107.37
14291.02;-107.45
14293.95;-107.69
14296.88;-107.61
14299.80;-107.45
14302.73;-107.77
14305.66;-107.77
14308.59;-107.77
14311.52;-107.69
14314.45;-107.45
14317.38;-107.53
14320.31;-107.84
14323.24;-107.61
14326.17;-107.61
14329.10;-107.84
14332.03;-107.45
14334.96;-107.37
14337.89;-107.45
14340.82;-107.45
14343.75;-107.22
14346.68;-107.22
14349.61;-107.61
14352.54;-107.69
14355.47;-107.61
14358.40;-107.84
14361.33;-107.77
14364.26;-107.61
14367.19;-107.53
14370.12;-107.37
14373.05;-107.61
14375.98;-107.53
14378.91;-107.69
14381.84;-107.69
14384.77;-107.53
14387.70;-107.61
14390.63;-107.37
14393.55;-107.53
14396.48;-107.84
14399.41;-107.69
14402.34;-107.69
14405.27;-107.22
14408.20;-107.45
14411.13;-107.77
14414.06;-107.37
14416.99;-107.53
14419.92;-107.45
14422.85;-107.37
14425.78;-107.53
14428.71;-107.77
14431.64;-107.61
14434.57;-107.30
14437.50;-107.45
14440.43;-107.37
14443.36;-107.30
14446.29;-107.37
14449.22;-107.37
14452.15;-107.45
14455.08;-107.45
14458.01;-107.22
14460.94;-107.30
14463.87;-107.45
14466.80;-107.45
14469.73;-107.45
14472.66;-107.30
14475.59;-107.53
14478.52;-107.61
14481.45;-107.61
14484.38;-107.84
14487.30;-107.61
14490.23;-107.30
14493.16;-107.37
14496.09;-107.22
14499.02;-107.22
14501.95;-107.30
14504.88;-107.22
14507.81;-107.45
14510.74;-107.61
14513.67;-107.84
14516.60;-107.69
14519.53;-107.37
14522.46;-107.14
14525.39;-107.14
14528.32;-107.30
14531.25;-107.61
14534.18;-107.61
14537.11;-107.53
14540.04;-107.45
14542.97;-107.30
14545.90;-107.30
14548.83;-107.45
14551.76;-107.61
14554.69;-107.37
14557.62;-107.53
14560.55;-107.30
14563.48;-107.22
14566.41;-107.30
14569.34;-107.53
14572.27;-107.53
14575.20;-107.37
14578.13;-107.53
14581.05;-107.61
14583.98;-107.61
14586.91;-107.45
14589.84;-107.22
14592.77;-107.61
14595.70;-107.45
14598.63;-107.30
14601.56;-107.53
14604.49;-107.77
14607.42;-107.53
14610.35;-107.69
14613.28;-107.45
14616.21;-107.45
14619.14;-107.37
14622.07;-107.30
14625.00;-107.37
14627.93;-107.37
14630.86;-107.69
14633.79;-107.61
14636.72;-107.61
14639.65;-107.45
14642.58;-107.30
14645.51;-107.30
14648.44;-107.61
14651.37;-107.61
14654.30;-107.61
14657.23;-107.77
14660.16;-107.53
14663.09;-107.30
14666.02;-107.45
14668.95;-107.45
14671.88;-107.30
14674.80;-107.06
14677.73;-107.45
14680.66;-107.53
14683.59;-107.37
14686.52;-107.14
14689.45;-107.22
14692.38;-107.69
14695.31;-107.77
14698.24;-107.37
14701.17;-107.53
14704.10;-107.69
14707.03;-107.45
14709.96;-107.30
14712.89;-107.22
14715.82;-107.30
14718.75;-107.45
14721.68;-107.22
14724.61;-107.37
14727.54;-107.30
14730.47;-107.53
14733.40;-107.45
14736.33;-107.22
14739.26;-107.30
14742.19;-107.45
14745.12;-107.45
14748.05;-107.53
14750.98;-107.45
14753.91;-107.37
14756.84;-107.14
14759.77;-107.30
14762.70;-107.45
14765.63;-107.45
14768.55;-107.45
14771.48;-107.45
14774.41;-107.30
14777.34;-107.30
14780.27;-107.22
14783.20;-107.22
14786.13;-107.45
14789.06;-107.53
14791.99;-107.30
14794.92;-107.22
14797.85;-107.22
14800.78;-107.45
14803.71;-107.30
14806.64;-107.22
14809.57;-107.30
14812.50;-107.30
14815.43;-107.30
14818.36;-107.53
14821.29;-107.30
14824.22;-107.22
14827.15;-107.30
14830.08;-107.14
14833.01;-107.30
14835.94;-107.14
14838.87;-106.98
14841.80;-107.37
14844.73;-107.30
14847.66;-107.14
14850.59;-107.30
14853.52;-107.45
14856.45;-107.45
14859.38;-107.37
14862.30;-107.30
14865.23;-107.53
14868.16;-107.22
14871.09;-107.30
14874.02;-107.22
14876.95;-107.37
14879.88;-107.37
14882.81;-107.37
14885.74;-107.30
14888.67;-107.30
14891.60;-107.22
14894.53;-107.30
14897.46;-107.53
14900.39;-107.30
14903.32;-107.30
14906.25;-107.45
14909.18;-107.22
14912.11;-107.22
14915.04;-107.30
14917.97;-107.37
14920.90;-107.37
14923.83;-107.30
14926.76;-107.14
14929.69;-107.45
14932.62;-107.37
14935.55;-107.14
14938.48;-107.37
14941.41;-107.37
14944.34;-107.69
14947.27;-107.30
14950.20;-107.30
14953.13;-107.37
14956.05;-107.45
14958.98;-107.45
14961.91;-107.14
14964.84;-106.83
14967.77;-107.06
14970.70;-107.30
14973.63;-107.45
14976.56;-107.53
14979.49;-107.53
14982.42;-107.30
14985.35;-107.37
14988.28;-107.45
14991.21;-107.37
14994.14;-107.37
14997.07;-107.37
15000.00;-107.53
15002.93;-107.37
15005.86;-107.06
15008.79;-107.30
15011.72;-107.30
15014.65;-107.37
15017.58;-107.22
15020.51;-106.98
15023.44;-107.14
15026.37;-107.06
15029.30;-107.22
15032.23;-107.37
15035.16;-107.53
15038.09;-107.30
15041.02;-107.61
15043.95;-107.53
15046.88;-107.37
15049.80;-106.91
15052.73;-107.06
15055.66;-107.37
15058.59;-107.22
15061.52;-107.14
15064.45;-107.14
15067.38;-107.45
15070.31;-107.22
15073.24;-107.14
15076.17;-107.06
15079.10;-107.14
15082.03;-107.45
15084.96;-107.45
15087.89;-106.98
15090.82;-107.06
15093.75;-107.30
15096.68;-107.22
15099.61;-107.06
15102.54;-107.22
15105.47;-107.53
15108.40;-107.30
15111.33;-106.91
15114.26;-107.06
15117.19;-107.22
15120.12;-107.22
15123.05;-107.22
15125.98;-107.30
15128.91;-107.30
15131.84;-107.22
15134.77;-107.30
15137.70;-107.06
15140.63;-107.14
15143.55;-107.37
15146.48;-107.14
15149.41;-107.14
15152.34;-107.22
15155.27;-107.30
15158.20;-107.14
15161.13;-107.14
15164.06;-107.14
15166.99;-106.98
15169.92;-107.14
15172.85;-107.22
15175.78;-107.14
15178.71;-107.06
15181.64;-107.06
15184.57;-107.14
15187.50;-107.22
15190.43;-107.37
15193.36;-107.14
15196.29;-107.14
15199.22;-107.30
15202.15;-107.14
15205.08;-106.98
15208.01;-106.98
15210.94;-107.14
15213.87;-107.06
15216.80;-107.14
15219.73;-107.37
15222.66;-107.22
15225.59;-107.14
15228.52;-107.22
15231.45;-107.14
15234.38;-107.14
15237.30;-107.14
15240.23;-107.45
15243.16;-107.22
15246.09;-107.14
15249.02;-106.98
15251.95;-107.37
15254.88;-107.53
15257.81;-107.06
15260.74;-107.06
15263.67;-107.45
15266.60;-107.14
15269.53;-106.98
15272.46;-106.83
15275.39;-107.06
15278.32;-107.14
15281.25;-107.30
15284.18;-107.06
15287.11;-107.45
15290.04;-107.37
15292.97;-107.37
15295.90;-107.14
15298.83;-107.14
15301.76;-107.37
15304.69;-107.30
15307.62;-107.22
15310.55;-107.06
15313.48;-107.06
15316.41;-106.91
15319.34;-106.91
15322.27;-106.75
15325.20;-106.91
15328.13;-106.91
15331.05;-107.14
15333.98;-106.98
15336.91;-107.14
15339.84;-107.14
15342.77;-107.14
15345.70;-107.22
15348.63;-107.22
15351.56;-106.91
15354.49;-107.14
15357.42;-107.22
15360.35;-107.14
15363.28;-107.22
15366.21;-107.22
15369.14;-107.14
15372.07;-106.98
15375.00;-106.91
15377.93;-106.75
15380.86;-106.98
15383.79;-107.22
15386.72;-107.30
15389.65;-107.22
15392.58;-107.06
15395.51;-107.22
15398.44;-107.22
15401.37;-106.98
15404.30;-106.91
15407.23;-107.14
15410.16;-106.98
15413.09;-106.91
15416.02;-106.98
15418.95;-106.91
15421.88;-107.22
15424.80;-107.37
15427.73;-107.37
15430.66;-107.30
15433.59;-107.22
15436.52;-106.98
15439.45;-106.83
15442.38;-106.83
15445.31;-106.83
15448.24;-106.91
15451.17;-107.22
15454.10;-107.37
15457.03;-107.22
15459.96;-107.06
15462.89;-107.30
15465.82;-107.06
15468.75;-106.91
15471.68;-107.14
15474.61;-107.30
15477.54;-106.98
15480.47;-107.06
15483.40;-107.06
15486.33;-106.91
15489.26;-106.83
15492.19;-106.91
15495.12;-106.91
15498.05;-107.06
15500.98;-106.98
15503.91;-106.98
15506.84;-106.83
15509.77;-106.59
15512.70;-106.83
15515.63;-107.22
15518.55;-107.22
15521.48;-107.14
15524.41;-107.06
15527.34;-106.98
15530.27;-107.14
15533.20;-107.37
15536.13;-107.37
15539.06;-107.14
15541.99;-107.14
15544.92;-107.14
15547.85;-106.98
15550.78;-107.14
15553.71;-106.98
15556.64;-106.98
15559.57;-106.98
15562.50;-106.91
15565.43;-107.14
15568.36;-107.06
15571.29;-106.83
15574.22;-106.98
15577.15;-106.98
15580.08;-106.98
15583.01;-107.06
15585.94;-107.06
15588.87;-107.14
15591.80;-107.14
15594.73;-106.83
15597.66;-106.98
15600.59;-107.14
15603.52;-106.98
15606.45;-106.91
15609.38;-106.91
15612.30;-106.91
15615.23;-106.83
15618.16;-106.83
15621.09;-106.98
15624.02;-106.83
15626.95;-106.75
15629.88;-106.67
15632.81;-106.83
15635.74;-106.83
15638.67;-106.75
15641.60;-107.06
15644.53;-106.98
15647.46;-106.98
15650.39;-107.06
15653.32;-106.98
15656.25;-106.91
15659.18;-106.98
15662.11;-107.06
15665.04;-106.98
15667.97;-107.14
15670.90;-107.06
15673.83;-107.14
15676.76;-107.14
15679.69;-107.22
15682.62;-106.91
15685.55;-106.83
15688.48;-106.67
15691.41;-106.67
15694.34;-106.91
15697.27;-106.91
15700.20;-106.83
15703.13;-107.06
15706.05;-107.14
15708.98;-107.14
15711.91;-107.06
15714.84;-106.75
15717.77;-106.91
15720.70;-107.06
15723.63;-106.98
15726.56;-106.75
15729.49;-106.83
15732.42;-106.98
15735.35;-106.67
15738.28;-106.98
15741.21;-107.06
15744.14;-106.83
15747.07;-106.83
15750.00;-106.75
15752.93;-106.98
15755.86;-106.98
15758.79;-106.75
15761.72;-107.06
15764.65;-107.14
15767.58;-106.91
15770.51;-106.44
15773.44;-106.44
15776.37;-106.59
15779.30;-106.75
15782.23;-106.91
15785.16;-106.83
15788.09;-106.83
15791.02;-106.98
15793.95;-106.98
15796.88;-107.14
15799.80;-107.06
15802.73;-107.22
15805.66;-107.14
15808.59;-106.91
15811.52;-106.83
15814.45;-106.59
15817.38;-106.75
15820.31;-106.75
15823.24;-106.91
15826.17;-107.06
15829.10;-107.14
15832.03;-106.75
15834.96;-106.91
15837.89;-106.59
15840.82;-106.44
15843.75;-106.91
15846.68;-107.14
15849.61;-106.98
15852.54;-106.98
15855.47;-107.06
15858.40;-106.91
15861.33;-106.75
15864.26;-106.91
15867.19;-106.91
15870.12;-106.91
15873.05;-106.83
15875.98;-106.59
15878.91;-106.67
15881.84;-106.75
15884.77;-107.22
15887.70;-106.98
15890.63;-106.59
15893.55;-106.83
15896.48;-106.75
15899.41;-106.67
15902.34;-106.91
15905.27;-106.91
15908.20;-107.06
15911.13;-107.06
15914.06;-107.06
15916.99;-106.83
15919.92;-106.91
15922.85;-106.75
15925.78;-106.75
15928.71;-106.83
15931.64;-106.98
15934.57;-106.83
15937.50;-106.75
15940.43;-106.83
15943.36;-107.06
15946.29;-106.91
15949.22;-106.91
15952.15;-106.67
15955.08;-106.59
15958.01;-106.67
15960.94;-106.75
15963.87;-106.59
15966.80;-107.06
15969.73;-107.14
15972.66;-106.75
15975.59;-106.75
15978.52;-106.98
15981.45;-106.91
15984.38;-106.59
15987.30;-106.67
15990.23;-106.98
15993.16;-106.98
15996.09;-106.67
15999.02;-106.67
16001.95;-106.67
16004.88;-106.52
16007.81;-106.59
16010.74;-106.67
16013.67;-106.67
16016.60;-106.91
16019.53;-106.91
16022.46;-106.91
16025.39;-107.06
16028.32;-106.75
16031.25;-106.44
16034.18;-106.59
16037.11;-106.83
16040.04;-107.22
16042.97;-106.91
16045.90;-106.91
16048.83;-106.91
16051.76;-106.59
16054.69;-106.75
16057.62;-106.59
16060.55;-106.59
16063.48;-106.52
16066.41;-106.67
16069.34;-106.91
16072.27;-107.14
16075.20;-107.06
16078.13;-106.83
16081.05;-106.67
16083.98;-106.83
16086.91;-106.98
16089.84;-106.98
16092.77;-106.98
16095.70;-107.14
16098.63;-107.14
16101.56;-106.98
16104.49;-106.91
16107.42;-106.67
16110.35;-106.75
16113.28;-106.59
16116.21;-106.44
16119.14;-106.59
16122.07;-106.44
16125.00;-106.52
16127.93;-106.67
16130.86;-106.75
16133.79;-106.98
16136.72;-106.91
16139.65;-106.59
16142.58;-106.67
16145.51;-106.98
16148.44;-107.06
16151.37;-107.22
16154.30;-107.14
16157.23;-106.83
16160.16;-106.59
16163.09;-106.75
16166.02;-106.83
16168.95;-106.75
16171.88;-106.91
16174.80;-106.83
16177.73;-106.67
16180.66;-106.75
16183.59;-106.91
16186.52;-107.06
16189.45;-106.83
16192.38;-106.75
16195.31;-106.83
16198.24;-106.67
16201.17;-106.67
16204.10;-106.75
16207.03;-106.59
16209.96;-106.59
16212.89;-106.75
16215.82;-106.67
16218.75;-106.67
16221.68;-106.67
16224.61;-106.91
16227.54;-106.83
16230.47;-106.67
16233.40;-106.59
16236.33;-106.67
16239.26;-106.75
16242.19;-106.59
16245.12;-106.67
16248.05;-106.75
16250.98;-106.59
16253.91;-106.52
16256.84;-106.52
16259.77;-106.59
16262.70;-106.59
16265.63;-106.59
16268.55;-106.75
16271.48;-106.83
16274.41;-106.59
16277.34;-106.75
16280.27;-106.98
16283.20;-106.91
16286.13;-106.67
16289.06;-106.75
16291.99;-106.44
16294.92;-106.52
16297.85;-106.75
16300.78;-106.83
16303.71;-106.75
16306.64;-106.75
16309.57;-106.67
16312.50;-106.91
16315.43;-107.06
16318.36;-106.98
16321.29;-106.91
16324.22;-106.67
16327.15;-106.67
16330.08;-106.83
16333.01;-107.06
16335.94;-106.75
16338.87;-106.67
16341.80;-106.59
16344.73;-106.44
16347.66;-106.36
16350.59;-106.52
16353.52;-106.52
16356.45;-106.59
16359.38;-106.59
16362.30;-106.67
16365.23;-106.59
16368.16;-106.44
16371.09;-106.67
16374.02;-106.83
16376.95;-106.91
16379.88;-106.98
16382.81;-106.67
16385.74;-106.59
16388.67;-106.44
16391.60;-106.44
16394.53;-106.83
16397.46;-106.67
16400.39;-106.44
16403.32;-106.52
16406.25;-106.75
16409.18;-106.59
16412.11;-106.59
16415.04;-106.83
16417.97;-106.52
16420.90;-106.36
16423.83;-106.20
16426.76;-106.12
16429.69;-106.28
16432.62;-106.67
16435.55;-106.44
16438.48;-106.28
16441.41;-106.44
16444.34;-106.52
16447.27;-106.75
16450.20;-106.91
16453.13;-106.67
16456.05;-106.59
16458.98;-106.52
16461.91;-106.59
16464.84;-106.52
16467.77;-106.67
16470.70;-106.52
16473.63;-106.59
16476.56;-106.52
16479.49;-106.59
16482.42;-106.52
16485.35;-106.36
16488.28;-106.67
16491.21;-106.91
16494.14;-106.67
16497.07;-106.28
16500.00;-106.28
16502.93;-106.59
16505.86;-106.83
16508.79;-106.75
16511.72;-106.67
16514.65;-106.52
16517.58;-106.59
16520.51;-106.75
16523.44;-106.59
16526.37;-106.59
16529.30;-106.67
16532.23;-106.67
16535.16;-106.44
16538.09;-106.44
16541.02;-106.52
16543.95;-106.44
16546.88;-106.36
16549.80;-106.20
16552.73;-106.36
16555.66;-106.36
16558.59;-106.59
16561.52;-106.75
16564.45;-106.67
16567.38;-106.36
16570.31;-106.12
16573.24;-106.12
16576.17;-106.44
16579.10;-106.44
16582.03;-106.59
16584.96;-106.67
16587.89;-106.67
16590.82;-106.59
16593.75;-106.52
16596.68;-106.67
16599.61;-106.67
16602.54;-106.75
16605.47;-106.52
16608.40;-106.36
16611.33;-106.52
16614.26;-106.59
16617.19;-106.44
16620.12;-106.36
16623.05;-106.52
16625.98;-106.67
16628.91;-106.83
16631.84;-106.59
16634.77;-106.28
16637.70;-106.36
16640.63;-106.36
16643.55;-106.05
16646.48;-106.28
16649.41;-106.59
16652.34;-106.67
16655.27;-106.36
16658.20;-106.28
16661.13;-106.28
16664.06;-106.52
16666.99;-106.75
16669.92;-106.52
16672.85;-106.20
16675.78;-106.36
16678.71;-106.36
16681.64;-106.28
16684.57;-106.36
16687.50;-106.75
16690.43;-106.52
16693.36;-106.20
16696.29;-106.28
16699.22;-106.36
16702.15;-106.28
16705.08;-106.28
16708.01;-106.44
16710.94;-106.52
16713.87;-106.28
16716.80;-106.20
16719.73;-106.36
16722.66;-106.44
16725.59;-106.12
16728.52;-106.44
16731.45;-106.36
16734.38;-106.67
16737.30;-106.44
16740.23;-106.36
16743.16;-106.52
16746.09;-106.67
16749.02;-106.52
16751.95;-106.59
16754.88;-106.75
16757.81;-106.67
16760.74;-106.75
16763.67;-106.59
16766.60;-106.67
16769.53;-106.59
16772.46;-106.44
16775.39;-106.36
16778.32;-106.52
16781.25;-106.59
16784.18;-106.75
16787.11;-106.67
16790.04;-106.59
16792.97;-106.36
16795.90;-106.36
16798.83;-106.52
16801.76;-106.59
16804.69;-106.59
16807.62;-106.12
16810.55;-106.52
16813.48;-106.52
16816.41;-106.44
16819.34;-106.52
16822.27;-106.52
16825.20;-106.59
16828.13;-106.44
16831.05;-106.52
16833.98;-106.36
16836.91;-106.36
16839.84;-106.52
16842.77;-106.59
16845.70;-106.67
16848.63;-106.44
16851.56;-106.36
16854.49;-106.36
16857.42;-106.59
16860.35;-106.75
16863.28;-106.75
16866.21;-106.67
16869.14;-106.67
16872.07;-106.75
16875.00;-106.83
16877.93;-106.83
16880.86;-106.67
16883.79;-106.59
16886.72;-106.44
16889.65;-106.52
16892.58;-106.52
16895.51;-106.44
16898.44;-106.05
16901.37;-106.28
16904.30;-106.67
16907.23;-106.28
16910.16;-106.36
16913.09;-106.44
16916.02;-106.12
16918.95;-106.05
16921.88;-106.20
16924.80;-106.67
16927.73;-106.67
16930.66;-106.28
16933.59;-106.28
16936.52;-106.36
16939.45;-106.20
16942.38;-106.28
16945.31;-106.52
16948.24;-106.75
16951.17;-106.52
16954.10;-106.36
16957.03;-106.59
16959.96;-106.59
16962.89;-106.59
16965.82;-106.20
16968.75;-106.20
16971.68;-106.28
16974.61;-106.28
16977.54;-106.36
16980.47;-106.36
16983.40;-106.44
16986.33;-106.36
16989.26;-106.12
16992.19;-106.05
16995.12;-106.44
16998.05;-106.59
17000.98;-106.44
17003.91;-106.36
17006.84;-106.28
17009.77;-106.36
17012.70;-106.28
17015.63;-106.20
17018.55;-106.12
17021.48;-106.44
17024.41;-106.44
17027.34;-106.36
17030.27;-106.52
17033.20;-106.52
17036.13;-106.52
17039.06;-106.36
17041.99;-106.36
17044.92;-106.36
17047.85;-106.44
17050.78;-106.28
17053.71;-106.28
17056.64;-106.12
17059.57;-106.28
17062.50;-106.28
17065.43;-106.20
17068.36;-106.36
17071.29;-106.28
17074.22;-106.28
17077.15;-106.20
17080.08;-106.59
17083.01;-106.75
17085.94;-106.52
17088.87;-106.28
17091.80;-106.36
17094.73;-106.20
17097.66;-106.36
17100.59;-106.12
17103.52;-105.89
17106.45;-105.89
17109.38;-106.36
17112.30;-106.44
17115.23;-106.28
17118.16;-106.44
17121.09;-106.28
17124.02;-106.05
17126.95;-106.36
17129.88;-106.52
17132.81;-106.44
17135.74;-106.36
17138.67;-106.12
17141.60;-106.05
17144.53;-106.12
17147.46;-106.12
17150.39;-106.05
17153.32;-106.12
17156.25;-106.12
17159.18;-106.28
17162.11;-106.20
17165.04;-106.28
17167.97;-106.20
17170.90;-106.12
17173.83;-106.12
17176.76;-106.28
17179.69;-106.20
17182.62;-106.12
17185.55;-106.28
17188.48;-106.20
17191.41;-106.28
17194.34;-106.05
17197.27;-105.97
17200.20;-106.05
17203.13;-106.12
17206.05;-106.20
17208.98;-106.20
17211.91;-106.36
17214.84;-106.20
17217.77;-106.28
17220.70;-106.52
17223.63;-106.36
17226.56;-106.12
17229.49;-105.97
17232.42;-105.73
17235.35;-105.73
17238.28;-106.05
17241.21;-106.20
17244.14;-106.05
17247.07;-105.89
17250.00;-105.97
17252.93;-106.36
17255.86;-106.05
17258.79;-105.89
17261.72;-106.05
17264.65;-106.12
17267.58;-106.12
17270.51;-106.12
17273.44;-106.44
17276.37;-106.20
17279.30;-106.05
17282.23;-106.20
17285.16;-106.44
17288.09;-106.67
17291.02;-106.28
17293.95;-106.36
17296.88;-106.28
17299.80;-106.36
17302.73;-106.52
17305.66;-106.36
17308.59;-106.28
17311.52;-106.20
17314.45;-106.12
17317.38;-106.12
17320.31;-106.12
17323.24;-106.12
17326.17;-106.12
17329.10;-106.44
17332.03;-106.36
17334.96;-106.05
17337.89;-105.97
17340.82;-106.28
17343.75;-106.52
17346.68;-106.44
17349.61;-106.28
17352.54;-106.20
17355.47;-106.12
17358.40;-106.12
17361.33;-106.28
17364.26;-106.28
17367.19;-106.36
17370.12;-106.12
17373.05;-105.97
17375.98;-105.97
17378.91;-106.20
17381.84;-106.44
17384.77;-106.36
17387.70;-106.20
17390.63;-106.12
17393.55;-106.20
17396.48;-106.20
17399.41;-106.28
17402.34;-106.44
17405.27;-105.97
17408.20;-106.05
17411.13;-106.05
17414.06;-106.05
17416.99;-106.20
17419.92;-105.97
17422.85;-106.28
17425.78;-106.28
17428.71;-106.12
17431.64;-106.12
17434.57;-105.97
17437.50;-106.05
17440.43;-106.28
17443.36;-106.12
17446.29;-106.05
17449.22;-106.05
17452.15;-106.20
17455.08;-106.36
17458.01;-106.12
17460.94;-106.20
17463.87;-106.20
17466.80;-106.36
17469.73;-106.28
17472.66;-106.20
17475.59;-106.12
17478.52;-106.12
17481.45;-106.05
17484.38;-106.20
17487.30;-106.20
17490.23;-106.05
17493.16;-106.05
17496.09;-105.97
17499.02;-105.97
17501.95;-106.12
17504.88;-106.05
17507.81;-105.89
17510.74;-106.05
17513.67;-106.20
17516.60;-105.97
17519.53;-105.89
17522.46;-105.89
17525.39;-106.28
17528.32;-106.36
17531.25;-106.28
17534.18;-106.12
17537.11;-105.97
17540.04;-105.73
17542.97;-105.73
17545.90;-106.20
17548.83;-106.20
17551.76;-105.97
17554.69;-106.20
17557.62;-106.12
17560.55;-106.28
17563.48;-106.28
17566.41;-106.28
17569.34;-106.28
17572.27;-106.20
17575.20;-106.20
17578.13;-106.05
17581.05;-106.05
17583.98;-105.89
17586.91;-106.05
17589.84;-106.05
17592.77;-106.12
17595.70;-106.12
17598.63;-106.28
17601.56;-106.36
17604.49;-106.20
17607.42;-106.36
17610.35;-106.36
17613.28;-105.97
17616.21;-106.12
17619.14;-106.12
17622.07;-106.12
17625.00;-106.20
17627.93;-106.05
17630.86;-106.20
17633.79;-105.81
17636.72;-105.97
17639.65;-106.36
17642.58;-106.12
17645.51;-105.89
17648.44;-105.97
17651.37;-106.05
17654.30;-106.20
17657.23;-106.36
17660.16;-106.28
17663.09;-106.20
17666.02;-106.05
17668.95;-105.97
17671.88;-105.97
17674.80;-106.12
17677.73;-106.20
17680.66;-106.12
17683.59;-105.81
17686.52;-105.89
17689.45;-105.97
17692.38;-105.97
17695.31;-106.05
17698.24;-105.73
17701.17;-105.58
17704.10;-105.89
17707.03;-106.28
17709.96;-106.05
17712.89;-105.97
17715.82;-106.05
17718.75;-105.89
17721.68;-105.97
17724.61;-105.97
17727.54;-105.89
17730.47;-105.89
17733.40;-105.97
17736.33;-106.05
17739.26;-105.89
17742.19;-105.89
17745.12;-106.05
17748.05;-105.97
17750.98;-105.89
17753.91;-105.73
17756.84;-105.58
17759.77;-105.97
17762.70;-106.05
17765.63;-105.97
17768.55;-106.05
17771.48;-106.12
17774.41;-106.20
17777.34;-106.05
17780.27;-105.97
17783.20;-106.28
17786.13;-106.28
17789.06;-106.20
17791.99;-106.12
17794.92;-106.05
17797.85;-106.12
17800.78;-106.05
17803.71;-106.05
17806.64;-106.05
17809.57;-106.20
17812.50;-106.20
17815.43;-105.97
17818.36;-106.12
17821.29;-106.20
17824.22;-106.44
17827.15;-106.05
17830.08;-106.05
17833.01;-105.73
17835.94;-105.73
17838.87;-106.05
17841.80;-106.12
17844.73;-106.20
17847.66;-106.28
17850.59;-106.36
17853.52;-106.12
17856.45;-106.05
17859.38;-106.05
17862.30;-105.97
17865.23;-105.97
17868.16;-105.97
17871.09;-105.81
17874.02;-105.66
17876.95;-105.50
17879.88;-105.73
17882.81;-105.81
17885.74;-105.97
17888.67;-106.12
17891.60;-105.73
17894.53;-105.89
17897.46;-106.36
17900.39;-106.28
17903.32;-106.05
17906.25;-105.81
17909.18;-105.73
17912.11;-105.66
17915.04;-105.58
17917.97;-105.89
17920.90;-105.81
17923.83;-106.05
17926.76;-106.28
17929.69;-106.20
17932.62;-106.20
17935.55;-106.05
17938.48;-106.12
17941.41;-105.89
17944.34;-105.97
17947.27;-106.36
17950.20;-106.28
17953.13;-105.89
17956.05;-106.12
17958.98;-105.97
17961.91;-105.89
17964.84;-105.81
17967.77;-105.97
17970.70;-106.20
17973.63;-106.12
17976.56;-105.89
17979.49;-105.66
17982.42;-105.81
17985.35;-105.81
17988.28;-105.97
17991.21;-105.97
17994.14;-105.97
17997.07;-105.97
18000.00;-105.89
18002.93;-105.73
18005.86;-105.58
18008.79;-106.12
18011.72;-106.12
18014.65;-106.28
18017.58;-106.12
18020.51;-105.73
18023.44;-105.73
18026.37;-105.73
18029.30;-105.73
18032.23;-105.66
18035.16;-105.73
18038.09;-105.89
18041.02;-106.05
18043.95;-105.81
18046.88;-105.81
18049.80;-105.73
18052.73;-105.81
18055.66;-105.89
18058.59;-105.81
18061.52;-105.58
18064.45;-105.89
18067.38;-105.73
18070.31;-105.89
18073.24;-105.97
18076.17;-106.05
18079.10;-105.73
18082.03;-105.66
18084.96;-106.05
18087.89;-105.97
18090.82;-105.89
18093.75;-105.66
18096.68;-105.89
18099.61;-106.05
18102.54;-105.81
18105.47;-105.73
18108.40;-105.81
18111.33;-105.97
18114.26;-106.05
18117.19;-106.05
18120.12;-105.81
18123.05;-105.81
18125.98;-105.89
18128.91;-105.81
18131.84;-105.89
18134.77;-105.73
18137.70;-105.73
18140.63;-105.81
18143.55;-106.05
18146.48;-105.97
18149.41;-105.81
18152.34;-105.81
18155.27;-105.66
18158.20;-105.66
18161.13;-105.73
18164.06;-105.73
18166.99;-105.81
18169.92;-105.73
18172.85;-105.81
18175.78;-105.89
18178.71;-105.73
18181.64;-105.73
18184.57;-105.81
18187.50;-105.97
18190.43;-105.97
18193.36;-106.05
18196.29;-105.97
18199.22;-105.73
18202.15;-106.05
18205.08;-106.12
18208.01;-106.20
18210.94;-106.12
18213.87;-105.97
18216.80;-105.73
18219.73;-105.97
18222.66;-106.05
18225.59;-105.73
18228.52;-105.81
18231.45;-105.81
18234.38;-105.97
18237.30;-105.89
18240.23;-105.73
18243.16;-105.66
18246.09;-105.73
18249.02;-105.89
18251.95;-105.73
18254.88;-105.66
18257.81;-105.81
18260.74;-105.81
18263.67;-105.73
18266.60;-105.66
18269.53;-105.89
18272.46;-105.97
18275.39;-105.50
18278.32;-105.66
18281.25;-105.89
18284.18;-105.89
18287.11;-105.89
18290.04;-105.58
18292.97;-105.81
18295.90;-105.81
18298.83;-105.81
18301.76;-105.89
18304.69;-105.81
18307.62;-105.73
18310.55;-105.73
18313.48;-105.42
18316.41;-105.81
18319.34;-105.81
18322.27;-105.73
18325.20;-105.73
18328.13;-105.73
18331.05;-105.73
18333.98;-105.97
18336.91;-105.81
18339.84;-105.81
18342.77;-105.66
18345.70;-105.81
18348.63;-105.73
18351.56;-105.81
18354.49;-105.50
18357.42;-105.42
18360.35;-105.58
18363.28;-105.73
18366.21;-105.81
18369.14;-105.66
18372.07;-105.34
18375.00;-105.73
18377.93;-106.05
18380.86;-105.81
18383.79;-105.66
18386.72;-105.58
18389.65;-105.50
18392.58;-105.66
18395.51;-105.89
18398.44;-105.89
18401.37;-105.81
18404.30;-105.81
18407.23;-105.73
18410.16;-105.66
18413.09;-105.89
18416.02;-106.20
18418.95;-105.97
18421.88;-105.73
18424.80;-105.58
18427.73;-105.66
18430.66;-105.58
18433.59;-105.58
18436.52;-105.50
18439.45;-105.81
18442.38;-105.89
18445.31;-105.89
18448.24;-105.97
18451.17;-105.97
18454.10;-105.73
18457.03;-105.81
18459.96;-105.81
18462.89;-105.89
18465.82;-105.73
18468.75;-105.73
18471.68;-105.73
18474.61;-105.66
18477.54;-105.73
18480.47;-105.81
18483.40;-105.97
18486.33;-106.05
18489.26;-105.66
18492.19;-105.73
18495.12;-105.73
18498.05;-105.73
18500.98;-105.89
18503.91;-105.73
18506.84;-105.42
18509.77;-105.81
18512.70;-105.89
18515.63;-105.97
18518.55;-105.97
18521.48;-105.89
18524.41;-105.81
18527.34;-105.97
18530.27;-105.66
18533.20;-105.26
18536.13;-105.58
18539.06;-105.89
18541.99;-105.81
18544.92;-105.58
18547.85;-105.89
18550.78;-105.89
18553.71;-105.81
18556.64;-105.97
18559.57;-105.81
18562.50;-105.66
18565.43;-105.97
18568.36;-106.05
18571.29;-105.97
18574.22;-105.81
18577.15;-105.58
18580.08;-105.89
18583.01;-105.97
18585.94;-105.89
18588.87;-105.81
18591.80;-105.81
18594.73;-105.81
18597.66;-105.42
18600.59;-105.19
18603.52;-105.03
18606.45;-105.34
18609.38;-105.73
18612.30;-105.89
18615.23;-105.66
18618.16;-105.58
18621.09;-105.73
18624.02;-105.97
18626.95;-105.81
18629.88;-105.81
18632.81;-105.66
18635.74;-105.42
18638.67;-105.66
18641.60;-105.58
18644.53;-105.81
18647.46;-105.73
18650.39;-105.66
18653.32;-105.73
18656.25;-105.89
18659.18;-105.34
18662.11;-105.42
18665.04;-105.50
18667.97;-105.42
18670.90;-105.42
18673.83;-105.89
18676.76;-105.81
18679.69;-105.58
18682.62;-105.73
18685.55;-105.66
18688.48;-105.58
18691.41;-105.73
18694.34;-105.89
18697.27;-105.97
18700.20;-105.97
18703.13;-105.97
18706.05;-105.73
18708.98;-105.89
18711.91;-105.81
18714.84;-105.73
18717.77;-105.58
18720.70;-105.66
18723.63;-105.81
18726.56;-105.81
18729.49;-105.66
18732.42;-105.50
18735.35;-105.58
18738.28;-105.66
18741.21;-105.26
18744.14;-105.26
18747.07;-105.89
18750.00;-105.66
18752.93;-105.26
18755.86;-105.42
18758.79;-105.50
18761.72;-105.58
18764.65;-105.58
18767.58;-105.42
18770.51;-105.42
18773.44;-105.58
18776.37;-105.50
18779.30;-105.66
18782.23;-105.42
18785.16;-105.34
18788.09;-105.42
18791.02;-105.50
18793.95;-105.66
18796.88;-105.81
18799.80;-105.81
18802.73;-105.66
18805.66;-105.58
18808.59;-105.42
18811.52;-105.42
18814.45;-105.58
18817.38;-105.66
18820.31;-105.73
18823.24;-105.42
18826.17;-105.50
18829.10;-105.81
18832.03;-105.81
18834.96;-105.66
18837.89;-105.73
18840.82;-105.73
18843.75;-105.50
18846.68;-105.50
18849.61;-105.58
18852.54;-105.50
18855.47;-105.26
18858.40;-105.58
18861.33;-105.66
18864.26;-105.42
18867.19;-105.42
18870.12;-105.34
18873.05;-105.34
18875.98;-105.50
18878.91;-105.66
18881.84;-105.34
18884.77;-105.26
18887.70;-105.34
18890.63;-105.42
18893.55;-105.58
18896.48;-105.58
18899.41;-105.66
18902.34;-105.58
18905.27;-105.58
18908.20;-105.66
18911.13;-105.66
18914.06;-105.34
18916.99;-105.50
18919.92;-105.58
18922.85;-105.81
18925.78;-105.66
18928.71;-105.58
18931.64;-105.73
18934.57;-105.73
18937.50;-105.73
18940.43;-105.66
18943.36;-105.42
18946.29;-105.34
18949.22;-105.42
18952.15;-105.58
18955.08;-105.73
18958.01;-105.81
18960.94;-105.66
18963.87;-105.58
18966.80;-105.58
18969.73;-105.58
18972.66;-105.26
18975.59;-105.34
18978.52;-105.58
18981.45;-105.58
18984.38;-105.34
18987.30;-105.50
18990.23;-105.66
18993.16;-105.81
18996.09;-106.12
18999.02;-105.66
19001.95;-105.58
19004.88;-105.42
19007.81;-105.42
19010.74;-105.58
19013.67;-105.50
19016.60;-105.26
19019.53;-105.50
19022.46;-105.50
19025.39;-105.73
19028.32;-105.89
19031.25;-105.66
19034.18;-105.58
19037.11;-105.66
19040.04;-105.66
19042.97;-105.66
19045.90;-105.66
19048.83;-105.42
19051.76;-105.58
19054.69;-105.34
19057.62;-105.42
19060.55;-105.50
19063.48;-105.66
19066.41;-105.50
19069.34;-105.26
19072.27;-105.50
19075.20;-105.58
19078.13;-105.58
19081.05;-105.66
19083.98;-105.50
19086.91;-105.34
19089.84;-105.26
19092.77;-105.58
19095.70;-105.66
19098.63;-105.42
19101.56;-105.42
19104.49;-105.50
19107.42;-105.34
19110.35;-105.34
19113.28;-105.26
19116.21;-105.34
19119.14;-105.58
19122.07;-105.26
19125.00;-105.42
19127.93;-105.50
19130.86;-105.66
19133.79;-105.58
19136.72;-105.58
19139.65;-105.58
19142.58;-105.58
19145.51;-105.50
19148.44;-105.26
19151.37;-105.19
19154.30;-105.03
19157.23;-105.19
19160.16;-105.42
19163.09;-104.95
19166.02;-105.19
19168.95;-105.34
19171.88;-105.34
19174.80;-105.50
19177.73;-105.58
19180.66;-105.34
19183.59;-105.34
19186.52;-105.26
19189.45;-105.73
19192.38;-105.89
19195.31;-105.58
19198.24;-105.50
19201.17;-105.66
19204.10;-105.50
19207.03;-105.58
19209.96;-105.66
19212.89;-105.34
19215.82;-105.42
19218.75;-105.34
19221.68;-105.34
19224.61;-105.66
19227.54;-105.50
19230.47;-105.42
19233.40;-105.66
19236.33;-105.58
19239.26;-105.50
19242.19;-105.50
19245.12;-105.58
19248.05;-105.58
19250.98;-105.26
19253.91;-105.19
19256.84;-105.34
19259.77;-105.58
19262.70;-105.81
19265.63;-105.66
19268.55;-105.26
19271.48;-105.34
19274.41;-105.42
19277.34;-105.34
19280.27;-105.34
19283.20;-105.66
19286.13;-105.42
19289.06;-105.26
19291.99;-105.58
19294.92;-105.66
19297.85;-105.42
19300.78;-105.58
19303.71;-105.66
19306.64;-105.42
19309.57;-105.34
19312.50;-105.34
19315.43;-105.34
19318.36;-105.26
19321.29;-104.95
19324.22;-105.11
19327.15;-105.19
19330.08;-105.26
19333.01;-105.66
19335.94;-105.42
19338.87;-105.26
19341.80;-105.34
19344.73;-105.34
19347.66;-105.50
19350.59;-105.34
19353.52;-105.58
19356.45;-105.58
19359.38;-105.26
19362.30;-105.26
19365.23;-105.42
19368.16;-105.34
19371.09;-105.50
19374.02;-105.66
19376.95;-105.66
19379.88;-105.73
19382.81;-105.73
19385.74;-105.66
19388.67;-105.34
19391.60;-105.58
19394.53;-105.66
19397.46;-105.58
19400.39;-105.50
19403.32;-105.66
19406.25;-105.66
19409.18;-105.50
19412.11;-105.34
19415.04;-105.50
19417.97;-105.50
19420.90;-105.34
19423.83;-105.34
19426.76;-105.34
19429.69;-105.66
19432.62;-105.73
19435.55;-105.42
19438.48;-105.26
19441.41;-105.03
19444.34;-105.19
19447.27;-105.42
19450.20;-105.26
19453.13;-105.34
19456.05;-105.42
19458.98;-105.34
19461.91;-105.26
19464.84;-105.19
19467.77;-105.42
19470.70;-105.03
19473.63;-105.11
19476.56;-105.58
19479.49;-105.42
19482.42;-105.66
19485.35;-105.42
19488.28;-105.26
19491.21;-105.50
19494.14;-105.66
19497.07;-105.66
19500.00;-105.26
19502.93;-105.19
19505.86;-105.42
19508.79;-105.50
19511.72;-105.26
19514.65;-105.34
19517.58;-105.42
19520.51;-105.34
19523.44;-105.34
19526.37;-105.50
19529.30;-105.58
19532.23;-105.58
19535.16;-105.58
19538.09;-105.58
19541.02;-105.34
19543.95;-105.19
19546.88;-105.50
19549.80;-105.50
19552.73;-105.34
19555.66;-105.34
19558.59;-105.26
19561.52;-105.19
19564.45;-105.11
19567.38;-105.19
19570.31;-105.19
19573.24;-105.11
19576.17;-105.19
19579.10;-105.42
19582.03;-105.42
19584.96;-105.42
19587.89;-105.26
19590.82;-105.34
19593.75;-105.42
19596.68;-105.26
19599.61;-105.42
19602.54;-105.42
19605.47;-105.50
19608.40;-105.34
19611.33;-105.34
19614.26;-105.26
19617.19;-105.34
19620.12;-105.26
19623.05;-105.03
19625.98;-104.87
19628.91;-105.19
19631.84;-105.34
19634.77;-105.34
19637.70;-105.50
19640.63;-105.26
19643.55;-105.03
19646.48;-105.34
19649.41;-105.26
19652.34;-105.19
19655.27;-105.34
19658.20;-105.26
19661.13;-105.26
19664.06;-105.34
19666.99;-105.58
19669.92;-105.58
19672.85;-105.19
19675.78;-105.11
19678.71;-105.26
19681.64;-105.19
19684.57;-105.11
19687.50;-105.26
19690.43;-105.11
19693.36;-105.11
19696.29;-105.19
19699.22;-105.26
19702.15;-105.58
19705.08;-105.34
19708.01;-105.34
19710.94;-105.34
19713.87;-105.34
19716.80;-105.34
19719.73;-105.42
19722.66;-105.42
19725.59;-105.42
19728.52;-105.42
19731.45;-105.34
19734.38;-105.50
19737.30;-105.50
19740.23;-105.19
19743.16;-105.19
19746.09;-105.34
19749.02;-105.11
19751.95;-104.95
19754.88;-105.11
19757.81;-105.19
19760.74;-105.03
19763.67;-105.11
19766.60;-105.42
19769.53;-105.26
19772.46;-105.03
19775.39;-105.26
19778.32;-105.34
19781.25;-105.26
19784.18;-105.11
19787.11;-105.03
19790.04;-105.03
19792.97;-104.95
19795.90;-105.26
19798.83;-105.50
19801.76;-105.34
19804.69;-105.58
19807.62;-105.34
19810.55;-105.03
19813.48;-105.19
19816.41;-105.42
19819.34;-105.34
19822.27;-105.11
19825.20;-105.19
19828.13;-105.26
19831.05;-105.26
19833.98;-105.26
19836.91;-105.19
19839.84;-105.34
19842.77;-105.26
19845.70;-105.19
19848.63;-105.19
19851.56;-105.11
19854.49;-105.19
19857.42;-105.34
19860.35;-105.19
19863.28;-105.11
19866.21;-105.26
19869.14;-105.34
19872.07;-105.42
19875.00;-105.03
19877.93;-104.95
19880.86;-105.19
19883.79;-104.95
19886.72;-105.03
19889.65;-105.11
19892.58;-105.26
19895.51;-105.26
19898.44;-105.42
19901.37;-105.19
19904.30;-105.03
19907.23;-105.19
19910.16;-105.11
19913.09;-105.11
19916.02;-105.03
19918.95;-105.11
19921.88;-105.34
19924.80;-105.19
19927.73;-104.95
19930.66;-105.19
19933.59;-105.34
19936.52;-105.03
19939.45;-104.87
19942.38;-105.11
19945.31;-105.26
19948.24;-105.26
19951.17;-105.03
19954.10;-105.19
19957.03;-105.19
19959.96;-105.42
19962.89;-105.50
19965.82;-105.19
19968.75;-105.19
19971.68;-105.11
19974.61;-105.34
19977.54;-105.19
19980.47;-105.19
19983.40;-105.26
19986.33;-105.11
19989.26;-104.95
19992.19;-105.19
19995.12;-105.03
19998.05;-105.03
20000.98;-105.11
20003.91;-105.50
20006.84;-105.26
20009.77;-105.03
20012.70;-105.19
20015.63;-104.95
20018.55;-105.03
20021.48;-105.50
20024.41;-104.95
20027.34;-104.95
20030.27;-105.19
20033.20;-105.26
20036.13;-105.26
20039.06;-105.26
20041.99;-105.11
20044.92;-104.87
20047.85;-105.11
20050.78;-105.19
20053.71;-105.11
20056.64;-105.19
20059.57;-105.03
20062.50;-104.95
20065.43;-105.03
20068.36;-105.19
20071.29;-105.42
20074.22;-105.50
20077.15;-105.26
20080.08;-105.26
20083.01;-105.42
20085.94;-105.26
20088.87;-105.03
20091.80;-105.03
20094.73;-104.95
20097.66;-105.11
20100.59;-105.19
20103.52;-105.19
20106.45;-105.11
20109.38;-105.11
20112.30;-105.26
20115.23;-105.26
20118.16;-105.11
20121.09;-104.95
20124.02;-104.95
20126.95;-105.19
20129.88;-104.95
20132.81;-104.80
20135.74;-104.72
20138.67;-105.19
20141.60;-105.03
20144.53;-104.95
20147.46;-105.19
20150.39;-105.19
20153.32;-104.95
20156.25;-105.03
20159.18;-105.19
20162.11;-105.03
20165.04;-104.95
20167.97;-105.03
20170.90;-105.19
20173.83;-105.19
20176.76;-105.11
20179.69;-105.42
20182.62;-105.50
20185.55;-105.50
20188.48;-105.19
20191.41;-105.03
20194.34;-104.80
20197.27;-104.87
20200.20;-104.95
20203.13;-105.03
20206.05;-105.03
20208.98;-104.80
20211.91;-104.95
20214.84;-105.11
20217.77;-105.26
20220.70;-105.19
20223.63;-105.50
20226.56;-105.42
20229.49;-104.95
20232.42;-105.11
20235.35;-105.26
20238.28;-105.34
20241.21;-105.11
20244.14;-105.11
20247.07;-105.19
20250.00;-105.19
20252.93;-105.34
20255.86;-105.19
20258.79;-105.26
20261.72;-105.34
20264.65;-105.26
20267.58;-105.42
20270.51;-104.95
20273.44;-104.80
20276.37;-105.11
20279.30;-105.03
20282.23;-105.11
20285.16;-104.87
20288.09;-105.03
20291.02;-104.95
20293.95;-104.87
20296.88;-104.95
20299.80;-105.03
20302.73;-104.95
20305.66;-105.03
20308.59;-105.11
20311.52;-104.80
20314.45;-104.72
20317.38;-104.80
20320.31;-104.95
20323.24;-105.11
20326.17;-104.95
20329.10;-105.11
20332.03;-105.26
20334.96;-105.34
20337.89;-105.11
20340.82;-104.95
20343.75;-104.80
20346.68;-104.80
20349.61;-104.95
20352.54;-104.95
20355.47;-105.03
20358.40;-104.87
20361.33;-105.03
20364.26;-105.19
20367.19;-104.87
20370.12;-104.87
20373.05;-104.87
20375.98;-104.95
20378.91;-105.11
20381.84;-105.03
20384.77;-105.26
20387.70;-105.19
20390.63;-105.11
20393.55;-105.11
20396.48;-104.87
20399.41;-104.95
20402.34;-104.80
20405.27;-105.11
20408.20;-105.19
20411.13;-105.19
20414.06;-104.95
20416.99;-104.87
20419.92;-104.95
20422.85;-104.87
20425.78;-104.95
20428.71;-104.87
20431.64;-104.64
20434.57;-104.72
20437.50;-105.03
20440.43;-105.19
20443.36;-105.03
20446.29;-105.03
20449.22;-105.11
20452.15;-105.11
20455.08;-105.11
20458.01;-104.80
20460.94;-104.95
20463.87;-105.03
20466.80;-105.19
20469.73;-105.19
20472.66;-104.95
20475.59;-104.87
20478.52;-104.95
20481.45;-105.11
20484.38;-105.11
20487.30;-104.87
20490.23;-104.87
20493.16;-105.03
20496.09;-104.95
20499.02;-105.03
20501.95;-105.11
20504.88;-105.26
20507.81;-105.34
20510.74;-105.03
20513.67;-104.64
20516.60;-104.80
20519.53;-104.95
20522.46;-104.95
20525.39;-104.95
20528.32;-105.11
20531.25;-105.11
20534.18;-105.03
20537.11;-105.03
20540.04;-105.11
20542.97;-105.11
20545.90;-104.95
20548.83;-104.87
20551.76;-105.19
20554.69;-105.26
20557.62;-105.03
20560.55;-105.03
20563.48;-105.34
20566.41;-105.11
20569.34;-104.87
20572.27;-105.03
20575.20;-105.11
20578.13;-104.80
20581.05;-104.95
20583.98;-105.19
20586.91;-104.95
20589.84;-104.95
20592.77;-104.80
20595.70;-105.03
20598.63;-105.11
20601.56;-104.87
20604.49;-104.56
20607.42;-104.64
20610.35;-104.80
20613.28;-104.80
20616.21;-104.80
20619.14;-105.03
20622.07;-104.95
20625.00;-104.95
20627.93;-105.03
20630.86;-104.95
20633.79;-104.95
20636.72;-104.95
20639.65;-105.11
20642.58;-105.03
20645.51;-104.87
20648.44;-104.80
20651.37;-105.03
20654.30;-105.11
20657.23;-104.95
20660.16;-105.03
20663.09;-104.87
20666.02;-104.87
20668.95;-104.87
20671.88;-105.03
20674.80;-104.87
20677.73;-104.95
20680.66;-104.72
20683.59;-104.64
20686.52;-104.87
20689.45;-105.03
20692.38;-104.95
20695.31;-104.80
20698.24;-105.11
20701.17;-104.95
20704.10;-104.87
20707.03;-105.11
20709.96;-105.03
20712.89;-105.03
20715.82;-104.80
20718.75;-104.80
20721.68;-105.03
20724.61;-105.03
20727.54;-105.03
20730.47;-104.95
20733.40;-104.87
20736.33;-104.72
20739.26;-104.56
20742.19;-104.64
20745.12;-104.80
20748.05;-104.72
20750.98;-104.64
20753.91;-105.11
20756.84;-104.95
20759.77;-104.80
20762.70;-104.80
20765.63;-104.87
20768.55;-104.87
20771.48;-104.95
20774.41;-104.87
20777.34;-104.87
20780.27;-104.80
20783.20;-104.64
20786.13;-104.56
20789.06;-104.64
20791.99;-104.95
20794.92;-104.80
20797.85;-104.64
20800.78;-104.72
20803.71;-104.80
20806.64;-104.87
20809.57;-104.64
20812.50;-104.56
20815.43;-104.64
20818.36;-104.64
20821.29;-104.72
20824.22;-104.80
20827.15;-104.87
20830.08;-104.80
20833.01;-104.72
20835.94;-104.72
20838.87;-104.80
20841.80;-104.80
20844.73;-104.87
20847.66;-104.64
20850.59;-104.64
20853.52;-104.87
20856.45;-104.87
20859.38;-104.56
20862.30;-104.41
20865.23;-104.80
20868.16;-104.95
20871.09;-104.87
20874.02;-104.72
20876.95;-104.87
20879.88;-104.87
20882.81;-104.95
20885.74;-104.87
20888.67;-104.72
20891.60;-104.80
20894.53;-104.56
20897.46;-104.64
20900.39;-104.80
20903.32;-105.03
20906.25;-104.95
20909.18;-104.80
20912.11;-104.87
20915.04;-104.87
20917.97;-104.64
20920.90;-104.72
20923.83;-104.80
20926.76;-104.87
20929.69;-104.87
20932.62;-104.87
20935.55;-104.87
20938.48;-104.80
20941.41;-104.95
20944.34;-104.87
20947.27;-104.64
20950.20;-104.64
20953.13;-104.87
20956.05;-104.64
20958.98;-104.80
20961.91;-104.72
20964.84;-104.87
20967.77;-104.80
20970.70;-104.80
20973.63;-104.72
20976.56;-104.48
20979.49;-104.56
20982.42;-104.72
20985.35;-104.87
20988.28;-104.87
20991.21;-104.95
20994.14;-104.87
20997.07;-104.80
21000.00;-105.03
21002.93;-104.64
21005.86;-104.48
21008.79;-104.80
21011.72;-104.95
21014.65;-104.72
21017.58;-104.80
21020.51;-104.80
21023.44;-104.87
21026.37;-104.95
21029.30;-104.87
21032.23;-104.72
21035.16;-104.80
21038.09;-104.72
21041.02;-104.80
21043.95;-104.87
21046.88;-104.56
21049.80;-104.41
21052.73;-104.33
21055.66;-104.64
21058.59;-104.80
21061.52;-104.87
21064.45;-104.95
21067.38;-104.80
21070.31;-104.48
21073.24;-104.64
21076.17;-104.80
21079.10;-104.72
21082.03;-104.72
21084.96;-104.64
21087.89;-104.64
21090.82;-104.72
21093.75;-104.64
21096.68;-104.87
21099.61;-104.95
21102.54;-104.87
21105.47;-104.64
21108.40;-104.80
21111.33;-104.72
21114.26;-104.80
21117.19;-105.03
21120.12;-105.11
21123.05;-104.87
21125.98;-104.64
21128.91;-104.80
21131.84;-104.64
21134.77;-104.72
21137.70;-104.64
21140.63;-104.56
21143.55;-104.64
21146.48;-104.64
21149.41;-104.64
21152.34;-104.72
21155.27;-104.80
21158.20;-104.72
21161.13;-104.56
21164.06;-104.64
21166.99;-104.64
21169.92;-104.95
21172.85;-104.87
21175.78;-104.48
21178.71;-104.56
21181.64;-104.80
21184.57;-104.87
21187.50;-104.72
21190.43;-104.80
21193.36;-104.87
21196.29;-104.80
21199.22;-104.48
21202.15;-104.56
21205.08;-104.64
21208.01;-104.87
21210.94;-104.64
21213.87;-104.56
21216.80;-104.48
21219.73;-104.64
21222.66;-104.72
21225.59;-104.72
21228.52;-104.87
21231.45;-105.03
21234.38;-104.80
21237.30;-104.80
21240.23;-104.72
21243.16;-104.80
21246.09;-104.72
21249.02;-104.56
21251.95;-104.87
21254.88;-104.80
21257.81;-104.87
21260.74;-104.87
21263.67;-104.72
21266.60;-104.64
21269.53;-104.87
21272.46;-104.95
21275.39;-104.64
21278.32;-104.95
21281.25;-104.72
21284.18;-104.56
21287.11;-104.72
21290.04;-104.72
21292.97;-104.64
21295.90;-104.80
21298.83;-104.80
21301.76;-104.87
21304.69;-104.56
21307.62;-104.64
21310.55;-104.64
21313.48;-104.56
21316.41;-104.72
21319.34;-104.48
21322.27;-104.56
21325.20;-104.64
21328.13;-104.80
21331.05;-104.87
21333.98;-104.87
21336.91;-104.87
21339.84;-104.80
21342.77;-104.72
21345.70;-104.72
21348.63;-104.41
21351.56;-104.17
21354.49;-104.72
21357.42;-104.80
21360.35;-104.87
21363.28;-105.03
21366.21;-104.87
21369.14;-104.80
21372.07;-104.80
21375.00;-104.56
21377.93;-104.56
21380.86;-104.64
21383.79;-104.72
21386.72;-104.87
21389.65;-104.80
21392.58;-104.80
21395.51;-104.41
21398.44;-104.72
21401.37;-104.64
21404.30;-104.64
21407.23;-104.48
21410.16;-104.48
21413.09;-104.72
21416.02;-104.72
21418.95;-104.72
21421.88;-104.72
21424.80;-104.72
21427.73;-104.64
21430.66;-104.56
21433.59;-104.72
21436.52;-104.48
21439.45;-104.72
21442.38;-104.64
21445.31;-104.64
21448.24;-104.64
21451.17;-104.64
21454.10;-104.56
21457.03;-104.72
21459.96;-104.72
21462.89;-104.80
21465.82;-104.64
21468.75;-104.80
21471.68;-104.56
21474.61;-104.56
21477.54;-104.80
21480.47;-104.72
21483.40;-104.48
21486.33;-104.41
21489.26;-104.56
21492.19;-104.80
21495.12;-104.87
21498.05;-104.87
21500.98;-104.95
21503.91;-105.11
21506.84;-104.72
21509.77;-104.56
21512.70;-104.64
21515.63;-104.80
21518.55;-104.64
21521.48;-104.17
21524.41;-104.33
21527.34;-104.64
21530.27;-104.72
21533.20;-104.56
21536.13;-104.80
21539.06;-104.72
21541.99;-104.64
21544.92;-104.48
21547.85;-104.56
21550.78;-104.87
21553.71;-104.80
21556.64;-104.56
21559.57;-104.33
21562.50;-104.64
21565.43;-104.64
21568.36;-104.56
21571.29;-104.80
21574.22;-104.64
21577.15;-104.64
21580.08;-104.56
21583.01;-104.80
21585.94;-104.95
21588.87;-104.87
21591.80;-104.80
21594.73;-104.48
21597.66;-104.33
21600.59;-104.41
21603.52;-104.33
21606.45;-104.41
21609.38;-104.48
21612.30;-104.72
21615.23;-104.64
21618.16;-104.56
21621.09;-104.64
21624.02;-104.56
21626.95;-104.64
21629.88;-104.72
21632.81;-104.80
21635.74;-104.72
21638.67;-104.48
21641.60;-104.56
21644.53;-104.80
21647.46;-104.87
21650.39;-104.56
21653.32;-104.72
21656.25;-104.80
21659.18;-104.48
21662.11;-104.56
21665.04;-104.56
21667.97;-104.72
21670.90;-104.64
21673.83;-104.41
21676.76;-104.33
21679.69;-104.48
21682.62;-104.72
21685.55;-104.64
21688.48;-104.56
21691.41;-104.48
21694.34;-104.56
21697.27;-104.41
21700.20;-104.64
21703.13;-104.72
21706.05;-104.56
21708.98;-104.72
21711.91;-104.64
21714.84;-104.33
21717.77;-104.25
21720.70;-104.41
21723.63;-104.25
21726.56;-104.48
21729.49;-104.56
21732.42;-104.48
21735.35;-104.33
21738.28;-104.41
21741.21;-104.56
21744.14;-104.56
21747.07;-104.80
21750.00;-104.48
21752.93;-104.72
21755.86;-104.64
21758.79;-104.41
21761.72;-104.72
21764.65;-104.64
21767.58;-104.64
21770.51;-104.56
21773.44;-104.56
21776.37;-104.72
21779.30;-104.48
21782.23;-104.56
21785.16;-104.56
21788.09;-104.48
21791.02;-104.48
21793.95;-104.25
21796.88;-104.17
21799.80;-104.41
21802.73;-104.56
21805.66;-104.64
21808.59;-104.56
21811.52;-104.25
21814.45;-104.25
21817.38;-104.48
21820.31;-104.72
21823.24;-104.33
21826.17;-104.09
21829.10;-104.17
21832.03;-104.25
21834.96;-104.41
21837.89;-104.48
21840.82;-104.48
21843.75;-104.33
21846.68;-104.25
21849.61;-104.48
21852.54;-104.48
21855.47;-104.48
21858.40;-104.41
21861.33;-104.33
21864.26;-104.56
21867.19;-104.72
21870.12;-104.41
21873.05;-104.41
21875.98;-104.41
21878.91;-104.41
21881.84;-104.48
21884.77;-104.48
21887.70;-104.80
21890.63;-104.80
21893.55;-104.64
21896.48;-104.64
21899.41;-104.41
21902.34;-104.48
21905.27;-104.72
21908.20;-104.64
21911.13;-104.48
21914.06;-104.48
21916.99;-104.33
21919.92;-104.41
21922.85;-104.48
21925.78;-104.64
21928.71;-104.64
21931.64;-104.56
21934.57;-104.56
21937.50;-104.72
21940.43;-104.72
21943.36;-104.48
21946.29;-104.56
21949.22;-104.41
21952.15;-104.64
21955.08;-104.72
21958.01;-104.72
21960.94;-104.72
21963.87;-104.41
21966.80;-104.41
21969.73;-104.33
21972.66;-104.33
21975.59;-104.56
21978.52;-104.56
21981.45;-104.56
21984.38;-104.41
21987.30;-104.48
21990.23;-104.48
21993.16;-104.41
21996.09;-104.33
21999.02;-104.17
22001.95;-104.25
22004.88;-104.33
22007.81;-104.41
22010.74;-104.25
22013.67;-104.25
22016.60;-104.64
22019.53;-104.64
22022.46;-104.56
22025.39;-104.56
22028.32;-104.72
22031.25;-104.64
22034.18;-104.41
22037.11;-104.33
22040.04;-104.56
22042.97;-104.56
22045.90;-104.25
22048.83;-104.09
22051.76;-104.25
22054.69;-104.25
22057.62;-104.41
22060.55;-104.80
22063.48;-104.64
22066.41;-104.56
22069.34;-104.48
22072.27;-104.48
22075.20;-104.41
22078.13;-104.09
22081.05;-104.33
22083.98;-104.25
22086.91;-104.41
22089.84;-104.17
22092.77;-104.56
22095.70;-104.72
22098.63;-104.48
22101.56;-104.56
22104.49;-104.33
22107.42;-104.48
22110.35;-104.56
22113.28;-104.64
22116.21;-104.56
22119.14;-104.41
22122.07;-104.41
22125.00;-104.56
22127.93;-104.72
22130.86;-104.56
22133.79;-104.56
22136.72;-104.33
22139.65;-104.17
22142.58;-104.48
22145.51;-104.41
22148.44;-104.17
22151.37;-104.48
22154.30;-104.56
22157.23;-104.48
22160.16;-104.41
22163.09;-104.17
22166.02;-104.48
22168.95;-104.72
22171.88;-104.56
22174.80;-104.33
22177.73;-104.17
22180.66;-104.33
22183.59;-104.25
22186.52;-104.41
22189.45;-104.41
22192.38;-104.48
22195.31;-104.64
22198.24;-104.48
22201.17;-104.41
22204.10;-104.48
22207.03;-104.48
22209.96;-104.48
22212.89;-104.33
22215.82;-104.56
22218.75;-104.48
22221.68;-104.33
22224.61;-104.72
22227.54;-104.64
22230.47;-104.64
22233.40;-104.48
22236.33;-104.25
22239.26;-104.33
22242.19;-104.56
22245.12;-104.72
22248.05;-104.48
22250.98;-104.25
22253.91;-104.41
22256.84;-104.41
22259.77;-104.33
22262.70;-104.48
22265.63;-104.48
22268.55;-104.33
22271.48;-104.25
22274.41;-104.09
22277.34;-104.17
22280.27;-104.25
22283.20;-104.25
22286.13;-104.17
22289.06;-104.41
22291.99;-104.33
22294.92;-104.48
22297.85;-104.48
22300.78;-104.48
22303.71;-104.64
22306.64;-104.48
22309.57;-104.25
22312.50;-104.48
22315.43;-104.48
22318.36;-104.56
22321.29;-104.48
22324.22;-104.33
22327.15;-104.41
22330.08;-104.41
22333.01;-104.33
22335.94;-104.41
22338.87;-104.48
22341.80;-104.17
22344.73;-104.01
22347.66;-104.33
22350.59;-104.33
22353.52;-104.25
22356.45;-104.17
22359.38;-104.25
22362.30;-104.25
22365.23;-104.17
22368.16;-104.41
22371.09;-104.56
22374.02;-104.64
22376.95;-104.48
22379.88;-104.33
22382.81;-104.25
22385.74;-104.33
22388.67;-104.25
22391.60;-104.33
22394.53;-104.33
22397.46;-104.17
22400.39;-104.41
22403.32;-104.17
22406.25;-104.09
22409.18;-104.17
22412.11;-104.33
22415.04;-104.25
22417.97;-104.09
22420.90;-104.33
22423.83;-104.48
22426.76;-104.48
22429.69;-104.41
22432.62;-104.56
22435.55;-104.48
22438.48;-104.56
22441.41;-104.33
22444.34;-104.17
22447.27;-104.25
22450.20;-104.41
22453.13;-104.33
22456.05;-104.25
22458.98;-104.17
22461.91;-104.33
22464.84;-104.25
22467.77;-104.17
22470.70;-104.25
22473.63;-104.17
22476.56;-104.48
22479.49;-104.64
22482.42;-104.33
22485.35;-104.17
22488.28;-104.72
22491.21;-104.41
22494.14;-104.25
22497.07;-104.17
22500.00;-104.01
22502.93;-104.09
22505.86;-104.25
22508.79;-104.25
22511.72;-104.17
22514.65;-103.94
22517.58;-104.01
22520.51;-104.33
22523.44;-104.17
22526.37;-104.25
22529.30;-104.48
22532.23;-104.56
22535.16;-104.48
22538.09;-104.25
22541.02;-104.41
22543.95;-104.25
22546.88;-104.25
22549.80;-104.56
22552.73;-104.64
22555.66;-104.33
22558.59;-104.64
22561.52;-104.33
22564.45;-104.01
22567.38;-104.17
22570.31;-104.41
22573.24;-104.17
22576.17;-104.25
22579.10;-104.17
22582.03;-104.48
22584.96;-104.41
22587.89;-104.25
22590.82;-104.33
22593.75;-104.48
22596.68;-104.25
22599.61;-104.48
22602.54;-104.48
22605.47;-104.33
22608.40;-104.41
22611.33;-104.56
22614.26;-104.48
22617.19;-104.41
22620.12;-104.48
22623.05;-104.56
22625.98;-104.41
22628.91;-104.25
22631.84;-104.17
22634.77;-104.56
22637.70;-104.56
22640.63;-104.09
22643.55;-104.01
22646.48;-103.94
22649.41;-103.78
22652.34;-104.09
22655.27;-104.09
22658.20;-104.41
22661.13;-104.33
22664.06;-104.33
22666.99;-104.25
22669.92;-104.25
22672.85;-104.17
22675.78;-104.17
22678.71;-104.17
22681.64;-104.09
22684.57;-104.64
22687.50;-104.41
22690.43;-104.17
22693.36;-104.41
22696.29;-104.56
22699.22;-104.48
22702.15;-104.25
22705.08;-104.09
22708.01;-104.25
22710.94;-104.25
22713.87;-104.17
22716.80;-104.25
22719.73;-104.09
22722.66;-104.17
22725.59;-104.33
22728.52;-104.09
22731.45;-104.33
22734.38;-104.48
22737.30;-104.33
22740.23;-104.33
22743.16;-104.17
22746.09;-104.09
22749.02;-104.09
22751.95;-104.01
22754.88;-104.17
22757.81;-104.25
22760.74;-104.17
22763.67;-104.56
22766.60;-104.56
22769.53;-104.48
22772.46;-104.33
22775.39;-103.94
22778.32;-104.01
22781.25;-104.41
22784.18;-104.56
22787.11;-104.01
22790.04;-103.86
22792.97;-104.25
22795.90;-104.33
22798.83;-104.33
22801.76;-104.17
22804.69;-104.09
22807.62;-104.01
22810.55;-104.25
22813.48;-104.64
22816.41;-104.25
22819.34;-104.09
22822.27;-104.09
22825.20;-103.78
22828.13;-103.94
22831.05;-104.01
22833.98;-103.94
22836.91;-104.09
22839.84;-104.56
22842.77;-104.56
22845.70;-104.01
22848.63;-104.17
22851.56;-103.94
22854.49;-104.17
22857.42;-104.01
22860.35;-104.17
22863.28;-104.17
22866.21;-104.33
22869.14;-104.41
22872.07;-104.56
22875.00;-104.33
22877.93;-104.48
22880.86;-104.41
22883.79;-104.25
22886.72;-104.25
22889.65;-104.48
22892.58;-104.64
22895.51;-104.48
22898.44;-104.01
22901.37;-103.86
22904.30;-104.09
22907.23;-104.17
22910.16;-104.09
22913.09;-104.33
22916.02;-104.09
22918.95;-104.17
22921.88;-104.25
22924.80;-104.17
22927.73;-104.48
22930.66;-104.25
22933.59;-104.17
22936.52;-104.41
22939.45;-104.17
22942.38;-104.33
22945.31;-104.41
22948.24;-104.33
22951.17;-104.25
22954.10;-104.25
22957.03;-104.25
22959.96;-104.09
22962.89;-104.25
22965.82;-104.33
22968.75;-104.25
22971.68;-104.25
22974.61;-104.17
22977.54;-104.41
22980.47;-104.33
22983.40;-104.33
22986.33;-104.33
22989.26;-104.41
22992.19;-104.17
22995.12;-104.17
22998.05;-104.09
23000.98;-104.17
23003.91;-103.94
23006.84;-104.09
23009.77;-104.17
23012.70;-104.09
23015.63;-104.09
23018.55;-104.48
23021.48;-104.25
23024.41;-104.25
23027.34;-104.01
23030.27;-104.09
23033.20;-104.09
23036.13;-104.41
23039.06;-104.25
23041.99;-104.09
23044.92;-104.33
23047.85;-104.33
23050.78;-104.01
23053.71;-104.17
23056.64;-104.25
23059.57;-104.17
23062.50;-104.25
23065.43;-104.33
23068.36;-104.17
23071.29;-104.09
23074.22;-104.25
23077.15;-104.25
23080.08;-104.25
23083.01;-104.41
23085.94;-104.17
23088.87;-104.01
23091.80;-104.09
23094.73;-104.41
23097.66;-104.33
23100.59;-103.94
23103.52;-104.09
23106.45;-104.09
23109.38;-103.94
23112.30;-104.25
23115.23;-104.48
23118.16;-104.41
23121.09;-103.94
23124.02;-104.25
23126.95;-104.56
23129.88;-104.25
23132.81;-103.94
23135.74;-104.01
23138.67;-104.09
23141.60;-104.09
23144.53;-103.94
23147.46;-104.09
23150.39;-104.41
23153.32;-104.09
23156.25;-103.94
23159.18;-104.01
23162.11;-103.86
23165.04;-103.94
23167.97;-104.01
23170.90;-104.25
23173.83;-104.41
23176.76;-104.25
23179.69;-104.01
23182.62;-104.01
23185.55;-104.01
23188.48;-104.09
23191.41;-104.17
23194.34;-104.17
23197.27;-104.25
23200.20;-104.25
23203.13;-104.33
23206.05;-104.17
23208.98;-104.17
23211.91;-104.25
23214.84;-104.33
23217.77;-104.25
23220.70;-104.09
23223.63;-104.01
23226.56;-104.33
23229.49;-104.25
23232.42;-104.25
23235.35;-104.09
23238.28;-104.09
23241.21;-104.25
23244.14;-104.09
23247.07;-104.09
23250.00;-103.94
23252.93;-103.94
23255.86;-104.01
23258.79;-104.25
23261.72;-104.25
23264.65;-104.17
23267.58;-103.70
23270.51;-103.86
23273.44;-104.17
23276.37;-104.01
23279.30;-104.17
23282.23;-104.01
23285.16;-104.17
23288.09;-104.09
23291.02;-104.01
23293.95;-103.70
23296.88;-103.78
23299.80;-104.01
23302.73;-104.01
23305.66;-103.94
23308.59;-103.86
23311.52;-103.94
23314.45;-104.01
23317.38;-103.86
23320.31;-103.94
23323.24;-104.09
23326.17;-104.41
23329.10;-104.41
23332.03;-104.17
23334.96;-103.86
23337.89;-104.09
23340.82;-104.33
23343.75;-104.17
23346.68;-104.33
23349.61;-104.48
23352.54;-104.25
23355.47;-104.09
23358.40;-104.01
23361.33;-104.01
23364.26;-104.17
23367.19;-103.86
23370.12;-103.94
23373.05;-104.33
23375.98;-104.17
23378.91;-104.09
23381.84;-104.01
23384.77;-103.94
23387.70;-104.01
23390.63;-104.09
23393.55;-104.25
23396.48;-104.41
23399.41;-104.01
23402.34;-104.01
23405.27;-104.01
23408.20;-104.25
23411.13;-104.41
23414.06;-104.09
23416.99;-103.94
23419.92;-103.86
23422.85;-104.17
23425.78;-104.17
23428.71;-104.09
23431.64;-103.86
23434.57;-103.94
23437.50;-104.17
23440.43;-104.17
23443.36;-103.94
23446.29;-103.70
23449.22;-103.86
23452.15;-104.09
23455.08;-104.01
23458.01;-104.17
23460.94;-104.01
23463.87;-104.09
23466.80;-104.01
23469.73;-104.01
23472.66;-104.33
23475.59;-104.41
23478.52;-104.09
23481.45;-104.01
23484.38;-103.86
23487.30;-103.78
23490.23;-103.86
23493.16;-104.25
23496.09;-104.09
23499.02;-104.01
23501.95;-103.94
23504.88;-104.01
23507.81;-104.01
23510.74;-104.09
23513.67;-104.01
23516.60;-103.94
23519.53;-104.09
23522.46;-104.01
23525.39;-104.01
23528.32;-103.86
23531.25;-104.01
23534.18;-104.01
23537.11;-103.86
23540.04;-103.86
23542.97;-104.09
23545.90;-104.17
23548.83;-104.25
23551.76;-104.25
23554.69;-104.01
23557.62;-103.94
23560.55;-103.70
23563.48;-103.70
23566.41;-104.01
23569.34;-104.01
23572.27;-104.33
23575.20;-104.25
23578.13;-104.09
23581.05;-104.09
23583.98;-104.17
23586.91;-103.94
23589.84;-104.17
23592.77;-104.25
23595.70;-104.17
23598.63;-103.94
23601.56;-103.94
23604.49;-104.01
23607.42;-104.09
23610.35;-103.86
23613.28;-103.94
23616.21;-103.86
23619.14;-103.94
23622.07;-103.86
23625.00;-103.94
23627.93;-104.01
23630.86;-104.01
23633.79;-104.48
23636.72;-104.41
23639.65;-104.17
23642.58;-103.86
23645.51;-103.94
23648.44;-104.25
23651.37;-103.62
23654.30;-104.01
23657.23;-104.41
23660.16;-104.25
23663.09;-104.01
23666.02;-103.78
23668.95;-103.70
23671.88;-103.94
23674.80;-103.94
23677.73;-104.01
23680.66;-104.01
23683.59;-104.17
23686.52;-103.94
23689.45;-104.17
23692.38;-104.09
23695.31;-103.94
23698.24;-104.09
23701.17;-104.33
23704.10;-104.25
23707.03;-104.09
23709.96;-103.94
23712.89;-103.86
23715.82;-103.86
23718.75;-104.01
23721.68;-104.09
23724.61;-104.09
23727.54;-104.01
23730.47;-103.94
23733.40;-104.01
23736.33;-103.78
23739.26;-103.55
23742.19;-103.94
23745.12;-104.09
23748.05;-104.01
23750.98;-103.86
23753.91;-103.62
23756.84;-103.86
23759.77;-104.09
23762.70;-104.09
23765.63;-104.01
23768.55;-104.01
23771.48;-103.94
23774.41;-104.33
23777.34;-104.09
23780.27;-103.86
23783.20;-103.94
23786.13;-104.09
23789.06;-103.78
23791.99;-103.55
23794.92;-104.17
23797.85;-104.17
23800.78;-103.94
23803.71;-103.86
23806.64;-103.86
23809.57;-103.94
23812.50;-104.25
23815.43;-104.25
23818.36;-104.09
23821.29;-104.01
23824.22;-103.94
23827.15;-103.86
23830.08;-104.09
23833.01;-104.09
23835.94;-103.94
23838.87;-104.01
23841.80;-104.17
23844.73;-104.17
23847.66;-104.01
23850.59;-104.17
23853.52;-104.41
23856.45;-104.33
23859.38;-103.94
23862.30;-103.86
23865.23;-103.94
23868.16;-104.01
23871.09;-104.25
23874.02;-104.25
23876.95;-104.09
23879.88;-104.01
23882.81;-104.09
23885.74;-104.01
23888.67;-104.17
23891.60;-104.01
23894.53;-104.09
23897.46;-104.09
23900.39;-103.78
23903.32;-103.86
23906.25;-103.94
23909.18;-104.01
23912.11;-103.94
23915.04;-103.70
23917.97;-104.01
23920.90;-104.01
23923.83;-104.01
23926.76;-104.01
23929.69;-103.86
23932.62;-103.86
23935.55;-104.01
23938.48;-103.86
23941.41;-103.78
23944.34;-103.78
23947.27;-104.25
23950.20;-104.09
23953.13;-104.09
23956.05;-104.01
23958.98;-104.01
23961.91;-103.94
23964.84;-103.86
23967.77;-103.86
23970.70;-103.94
23973.63;-104.17
23976.56;-103.94
23979.49;-103.70
23982.42;-103.94
23985.35;-104.09
23988.28;-103.94
23991.21;-104.01
23994.14;-103.86
23997.07;-103.86
24000.00;-103.62
24002.93;-103.78
24005.86;-103.70
24008.79;-103.70
24011.72;-103.78
24014.65;-104.01
24017.58;-104.17
24020.51;-104.01
24023.44;-103.78
24026.37;-103.78
24029.30;-103.94
24032.23;-103.86
24035.16;-103.86
24038.09;-103.70
24041.02;-104.01
24043.95;-104.09
24046.88;-104.01
24049.80;-103.78
24052.73;-103.55
24055.66;-103.70
24058.59;-103.62
24061.52;-103.62
24064.45;-103.62
24067.38;-103.70
24070.31;-103.70
24073.24;-103.78
24076.17;-104.09
24079.10;-104.25
24082.03;-104.09
24084.96;-103.94
24087.89;-103.78
24090.82;-103.70
24093.75;-104.01
24096.68;-103.86
24099.61;-104.01
24102.54;-104.01
24105.47;-103.94
24108.40;-103.78
24111.33;-103.78
24114.26;-103.62
24117.19;-103.70
24120.12;-103.86
24123.05;-103.62
24125.98;-103.70
24128.91;-103.94
24131.84;-103.78
24134.77;-103.86
24137.70;-104.09
24140.63;-103.86
24143.55;-103.55
24146.48;-103.62
24149.41;-103.47
24152.34;-103.47
24155.27;-103.47
24158.20;-103.55
24161.13;-103.94
24164.06;-104.09
24166.99;-103.78
24169.92;-103.94
24172.85;-104.01
24175.78;-103.78
24178.71;-104.01
24181.64;-103.86
24184.57;-103.78
24187.50;-103.78
24190.43;-103.78
24193.36;-103.78
24196.29;-103.70
24199.22;-103.78
24202.15;-104.01
24205.08;-103.78
24208.01;-103.78
24210.94;-104.09
24213.87;-103.94
24216.80;-104.25
24219.73;-104.01
24222.66;-103.62
24225.59;-103.70
24228.52;-104.01
24231.45;-104.09
24234.38;-103.78
24237.30;-103.70
24240.23;-103.94
24243.16;-103.94
24246.09;-104.01
24249.02;-104.17
24251.95;-104.09
24254.88;-103.86
24257.81;-103.86
24260.74;-103.55
24263.67;-103.55
24266.60;-103.86
24269.53;-103.94
24272.46;-103.78
24275.39;-103.70
24278.32;-103.78
24281.25;-103.78
24284.18;-103.78
24287.11;-103.70
24290.04;-103.78
24292.97;-103.78
24295.90;-103.86
24298.83;-103.78
24301.76;-103.70
24304.69;-103.78
24307.62;-103.86
24310.55;-103.62
24313.48;-103.70
24316.41;-103.78
24319.34;-103.86
24322.27;-103.78
24325.20;-103.70
24328.13;-103.47
24331.05;-103.94
24333.98;-104.01
24336.91;-103.78
24339.84;-103.86
24342.77;-103.70
24345.70;-103.78
24348.63;-103.78
24351.56;-103.70
24354.49;-103.78
24357.42;-103.78
24360.35;-103.78
24363.28;-103.62
24366.21;-103.47
24369.14;-103.86
24372.07;-103.86
24375.00;-103.78
24377.93;-103.70
24380.86;-103.78
24383.79;-103.86
24386.72;-103.78
24389.65;-103.86
24392.58;-103.78
24395.51;-103.78
24398.44;-103.94
24401.37;-103.62
24404.30;-104.01
24407.23;-104.17
24410.16;-104.09
24413.09;-104.01
24416.02;-103.86
24418.95;-103.86
24421.88;-103.86
24424.80;-103.94
24427.73;-104.01
24430.66;-103.78
24433.59;-103.86
24436.52;-103.78
24439.45;-103.62
24442.38;-103.70
24445.31;-103.55
24448.24;-103.70
24451.17;-103.62
24454.10;-103.55
24457.03;-103.70
24459.96;-103.94
24462.89;-103.86
24465.82;-103.62
24468.75;-103.70
24471.68;-103.86
24474.61;-103.78
24477.54;-103.62
24480.47;-103.47
24483.40;-103.62
24486.33;-103.78
24489.26;-103.70
24492.19;-103.70
24495.12;-103.86
24498.05;-103.86
24500.98;-103.55
24503.91;-103.78
24506.84;-103.78
24509.77;-103.62
24512.70;-103.62
24515.63;-103.39
24518.55;-103.78
24521.48;-103.94
24524.41;-103.78
24527.34;-103.70
24530.27;-103.94
24533.20;-104.17
24536.13;-103.94
24539.06;-103.86
24541.99;-103.62
24544.92;-103.94
24547.85;-104.01
24550.78;-103.78
24553.71;-103.70
24556.64;-103.70
24559.57;-103.62
24562.50;-103.70
24565.43;-103.78
24568.36;-103.78
24571.29;-103.86
24574.22;-103.62
24577.15;-103.47
24580.08;-103.86
24583.01;-104.01
24585.94;-103.70
24588.87;-103.62
24591.80;-103.70
24594.73;-103.70
24597.66;-103.62
24600.59;-103.78
24603.52;-103.94
24606.45;-103.86
24609.38;-103.78
24612.30;-103.62
24615.23;-103.70
24618.16;-103.78
24621.09;-103.62
24624.02;-103.47
24626.95;-103.55
24629.88;-103.55
24632.81;-103.70
24635.74;-103.78
24638.67;-103.78
24641.60;-103.78
24644.53;-103.94
24647.46;-103.94
24650.39;-103.70
24653.32;-103.62
24656.25;-103.86
24659.18;-103.78
24662.11;-103.70
24665.04;-103.78
24667.97;-103.62
24670.90;-103.47
24673.83;-103.39
24676.76;-103.55
24679.69;-103.70
24682.62;-103.70
24685.55;-103.94
24688.48;-104.09
24691.41;-103.94
24694.34;-103.94
24697.27;-103.47
24700.20;-103.31
24703.13;-103.55
24706.05;-103.78
24708.98;-103.94
24711.91;-104.09
24714.84;-103.78
24717.77;-103.55
24720.70;-103.55
24723.63;-103.94
24726.56;-103.55
24729.49;-103.23
24732.42;-103.78
24735.35;-103.86
24738.28;-103.86
24741.21;-103.70
24744.14;-103.78
24747.07;-103.78
24750.00;-103.86
24752.93;-103.94
24755.86;-103.62
24758.79;-103.55
24761.72;-103.78
24764.65;-103.94
24767.58;-103.94
24770.51;-103.62
24773.44;-103.39
24776.37;-103.55
24779.30;-103.78
24782.23;-103.55
24785.16;-103.70
24788.09;-103.70
24791.02;-103.55
24793.95;-103.39
24796.88;-103.39
24799.80;-103.55
24802.73;-103.70
24805.66;-103.47
24808.59;-103.62
24811.52;-103.94
24814.45;-104.01
24817.38;-103.70
24820.31;-103.94
24823.24;-104.33
24826.17;-103.86
24829.10;-103.86
24832.03;-103.62
24834.96;-103.70
24837.89;-103.78
24840.82;-103.47
24843.75;-103.55
24846.68;-103.78
24849.61;-103.62
24852.54;-103.55
24855.47;-103.70
24858.40;-103.78
24861.33;-103.94
24864.26;-103.70
24867.19;-103.94
24870.12;-103.78
24873.05;-103.62
24875.98;-103.31
24878.91;-103.78
24881.84;-103.94
24884.77;-103.70
24887.70;-103.94
24890.63;-103.78
24893.55;-103.94
24896.48;-103.86
24899.41;-103.70
24902.34;-103.70
24905.27;-103.70
24908.20;-103.55
24911.13;-103.62
24914.06;-103.94
24916.99;-103.70
24919.92;-103.70
24922.85;-103.70
24925.78;-103.39
24928.71;-103.31
24931.64;-103.47
24934.57;-103.62
24937.50;-103.86
24940.43;-103.70
24943.36;-103.62
24946.29;-103.78
24949.22;-103.62
24952.15;-103.70
24955.08;-103.86
24958.01;-103.62
24960.94;-103.47
24963.87;-103.78
24966.80;-103.70
24969.73;-103.70
24972.66;-104.01
24975.59;-103.94
24978.52;-103.62
24981.45;-103.47
24984.38;-103.39
24987.30;-103.55
24990.23;-104.09
24993.16;-103.94
24996.09;-103.70
24999.02;-103.94
25001.95;-103.70
25004.88;-103.70
25007.81;-103.86
25010.74;-103.62
25013.67;-103.78
25016.60;-103.39
25019.53;-103.55
25022.46;-103.62
25025.39;-103.70
25028.32;-103.86
25031.25;-103.86
25034.18;-103.62
25037.11;-103.70
25040.04;-104.01
25042.97;-103.94
25045.90;-103.78
25048.83;-103.78
25051.76;-103.62
25054.69;-103.86
25057.62;-103.86
25060.55;-103.62
25063.48;-103.78
25066.41;-103.86
25069.34;-103.94
25072.27;-103.78
25075.20;-103.78
25078.13;-103.70
25081.05;-103.86
25083.98;-103.70
25086.91;-103.70
25089.84;-103.62
25092.77;-103.62
25095.70;-103.78
25098.63;-103.62
25101.56;-103.39
25104.49;-103.39
25107.42;-103.70
25110.35;-103.78
25113.28;-103.70
25116.21;-103.62
25119.14;-103.70
25122.07;-103.70
25125.00;-103.70
25127.93;-103.78
25130.86;-103.70
25133.79;-103.70
25136.72;-103.62
25139.65;-103.39
25142.58;-103.55
25145.51;-103.62
25148.44;-103.62
25151.37;-103.62
25154.30;-103.62
25157.23;-103.62
25160.16;-103.62
25163.09;-103.78
25166.02;-103.94
25168.95;-103.70
25171.88;-103.62
25174.80;-103.55
25177.73;-103.62
25180.66;-103.70
25183.59;-103.55
25186.52;-103.55
25189.45;-103.55
25192.38;-103.55
25195.31;-103.94
25198.24;-103.70
25201.17;-103.39
25204.10;-103.47
25207.03;-103.31
25209.96;-103.55
25212.89;-103.70
25215.82;-103.62
25218.75;-103.31
25221.68;-103.23
25224.61;-103.55
25227.54;-103.70
25230.47;-103.47
25233.40;-103.47
25236.33;-103.55
25239.26;-103.62
25242.19;-103.86
25245.12;-103.55
25248.05;-103.31
25250.98;-103.23
25253.91;-103.55
25256.84;-103.70
25259.77;-103.47
25262.70;-103.70
25265.63;-103.78
25268.55;-103.70
25271.48;-103.62
25274.41;-103.62
25277.34;-103.70
25280.27;-103.78
25283.20;-103.78
25286.13;-103.55
25289.06;-103.70
25291.99;-103.55
25294.92;-103.31
25297.85;-103.55
25300.78;-103.70
25303.71;-103.70
25306.64;-103.86
25309.57;-103.86
25312.50;-103.70
25315.43;-103.62
25318.36;-103.55
25321.29;-103.47
25324.22;-103.70
25327.15;-103.62
25330.08;-103.70
25333.01;-103.55
25335.94;-103.62
25338.87;-103.47
25341.80;-103.39
25344.73;-103.70
25347.66;-103.62
25350.59;-103.55
25353.52;-103.78
25356.45;-103.78
25359.38;-103.86
25362.30;-103.78
25365.23;-103.39
25368.16;-103.39
25371.09;-103.23
25374.02;-103.31
25376.95;-103.55
25379.88;-103.70
25382.81;-103.47
25385.74;-103.47
25388.67;-103.55
25391.60;-103.47
25394.53;-103.47
25397.46;-103.62
25400.39;-103.78
25403.32;-103.62
25406.25;-103.70
25409.18;-103.78
25412.11;-103.70
25415.04;-103.70
25417.97;-103.47
25420.90;-103.31
25423.83;-103.16
25426.76;-103.31
25429.69;-103.70
25432.62;-103.39
25435.55;-103.47
25438.48;-103.62
25441.41;-103.70
25444.34;-103.55
25447.27;-103.47
25450.20;-103.62
25453.13;-103.62
25456.05;-103.78
25458.98;-103.86
25461.91;-103.55
25464.84;-103.39
25467.77;-103.39
25470.70;-103.23
25473.63;-103.62
25476.56;-103.62
25479.49;-103.55
25482.42;-103.62
25485.35;-103.62
25488.28;-103.62
25491.21;-103.39
25494.14;-103.55
25497.07;-103.55
25500.00;-103.39
25502.93;-103.47
25505.86;-103.55
25508.79;-103.62
25511.72;-103.70
25514.65;-103.47
25517.58;-103.31
25520.51;-103.55
25523.44;-103.55
25526.37;-103.39
25529.30;-103.39
25532.23;-103.70
25535.16;-103.55
25538.09;-103.39
25541.02;-103.47
25543.95;-103.39
25546.88;-103.39
25549.80;-103.47
25552.73;-103.47
25555.66;-103.62
25558.59;-103.78
25561.52;-103.62
25564.45;-103.55
25567.38;-103.55
25570.31;-103.62
25573.24;-103.78
25576.17;-103.47
25579.10;-103.55
25582.03;-103.70
25584.96;-103.47
25587.89;-103.55
25590.82;-103.70
25593.75;-103.70
25596.68;-103.62
25599.61;-103.55
25602.54;-103.55
25605.47;-103.86
25608.40;-103.70
25611.33;-103.16
25614.26;-103.16
25617.19;-103.08
25620.12;-103.31
25623.05;-103.55
25625.98;-103.47
25628.91;-103.31
25631.84;-103.55
25634.77;-103.47
25637.70;-103.39
25640.63;-103.70
25643.55;-103.70
25646.48;-103.39
25649.41;-103.08
25652.34;-103.16
25655.27;-103.16
25658.20;-103.39
25661.13;-103.55
25664.06;-103.62
25666.99;-103.55
25669.92;-103.55
25672.85;-103.55
25675.78;-103.47
25678.71;-103.39
25681.64;-103.47
25684.57;-103.62
25687.50;-103.70
25690.43;-103.62
25693.36;-103.70
25696.29;-103.47
25699.22;-103.47
25702.15;-103.39
25705.08;-103.55
25708.01;-103.55
25710.94;-103.70
25713.87;-103.62
25716.80;-103.39
25719.73;-103.23
25722.66;-103.39
25725.59;-103.31
25728.52;-103.23
25731.45;-103.31
25734.38;-103.47
25737.30;-103.47
25740.23;-103.39
25743.16;-103.55
25746.09;-103.62
25749.02;-103.39
25751.95;-103.31
25754.88;-103.55
25757.81;-103.55
25760.74;-103.39
25763.67;-103.39
25766.60;-103.39
25769.53;-103.47
25772.46;-103.47
25775.39;-103.39
25778.32;-103.70
25781.25;-103.55
25784.18;-103.62
25787.11;-103.70
25790.04;-103.39
25792.97;-103.39
25795.90;-103.16
25798.83;-103.23
25801.76;-103.23
25804.69;-103.31
25807.62;-103.55
25810.55;-103.39
25813.48;-103.31
25816.41;-103.62
25819.34;-103.55
25822.27;-103.55
25825.20;-103.31
25828.13;-103.47
25831.05;-103.55
25833.98;-103.31
25836.91;-103.55
25839.84;-103.78
25842.77;-103.39
25845.70;-103.31
25848.63;-103.47
25851.56;-103.39
25854.49;-103.31
25857.42;-103.23
25860.35;-103.39
25863.28;-103.31
25866.21;-103.39
25869.14;-103.39
25872.07;-103.39
25875.00;-103.31
25877.93;-103.47
25880.86;-103.31
25883.79;-103.47
25886.72;-103.31
25889.65;-103.55
25892.58;-103.55
25895.51;-103.47
25898.44;-103.00
25901.37;-103.08
25904.30;-103.08
25907.23;-103.16
25910.16;-103.23
25913.09;-103.39
25916.02;-103.39
25918.95;-103.16
25921.88;-103.23
25924.80;-103.47
25927.73;-103.39
25930.66;-103.39
25933.59;-103.39
25936.52;-103.39
25939.45;-103.39
25942.38;-103.47
25945.31;-103.23
25948.24;-103.23
25951.17;-103.23
25954.10;-103.47
25957.03;-103.47
25959.96;-103.62
25962.89;-103.55
25965.82;-103.31
25968.75;-103.31
25971.68;-103.39
25974.61;-103.08
25977.54;-103.23
25980.47;-103.31
25983.40;-103.47
25986.33;-103.47
25989.26;-103.47
25992.19;-103.31
25995.12;-103.47
25998.05;-103.62
26000.98;-103.47
26003.91;-103.47
26006.84;-103.62
26009.77;-103.47
26012.70;-103.16
26015.63;-103.08
26018.55;-103.23
26021.48;-103.16
26024.41;-103.23
26027.34;-103.47
26030.27;-103.39
26033.20;-103.47
26036.13;-103.31
26039.06;-103.23
26041.99;-103.47
26044.92;-103.31
26047.85;-103.31
26050.78;-103.31
26053.71;-103.31
26056.64;-103.16
26059.57;-103.39
26062.50;-103.62
26065.43;-103.55
26068.36;-103.23
26071.29;-103.16
26074.22;-103.39
26077.15;-103.47
26080.08;-103.39
26083.01;-103.31
26085.94;-103.55
26088.87;-103.55
26091.80;-103.47
26094.73;-103.31
26097.66;-103.23
26100.59;-103.39
26103.52;-103.55
26106.45;-103.47
26109.38;-103.31
26112.30;-103.31
26115.23;-103.39
26118.16;-103.16
26121.09;-103.31
26124.02;-103.39
26126.95;-103.23
26129.88;-103.39
26132.81;-103.23
26135.74;-103.39
26138.67;-103.23
26141.60;-103.39
26144.53;-103.31
26147.46;-103.23
26150.39;-103.23
26153.32;-103.31
26156.25;-103.47
26159.18;-103.31
26162.11;-103.08
26165.04;-103.47
26167.97;-103.39
26170.90;-103.00
26173.83;-103.08
26176.76;-103.16
26179.69;-103.16
26182.62;-103.31
26185.55;-103.23
26188.48;-103.16
26191.41;-103.31
26194.34;-103.62
26197.27;-103.70
26200.20;-103.31
26203.13;-103.55
26206.05;-103.31
26208.98;-103.08
26211.91;-103.00
26214.84;-103.08
26217.77;-103.16
26220.70;-103.08
26223.63;-103.23
26226.56;-103.23
26229.49;-103.23
26232.42;-103.23
26235.35;-103.16
26238.28;-103.08
26241.21;-103.08
26244.14;-103.08
26247.07;-103.31
26250.00;-103.31
26252.93;-103.31
26255.86;-103.00
26258.79;-103.08
26261.72;-103.39
26264.65;-103.31
26267.58;-103.23
26270.51;-103.31
26273.44;-103.39
26276.37;-103.39
26279.30;-103.23
26282.23;-103.08
26285.16;-103.31
26288.09;-103.31
26291.02;-103.55
26293.95;-103.47
26296.88;-103.55
26299.80;-103.47
26302.73;-103.16
26305.66;-103.16
26308.59;-103.23
26311.52;-103.23
26314.45;-103.55
26317.38;-103.55
26320.31;-103.62
26323.24;-103.31
26326.17;-103.08
26329.10;-103.31
26332.03;-103.39
26334.96;-103.23
26337.89;-103.08
26340.82;-103.08
26343.75;-103.23
26346.68;-103.08
26349.61;-103.23
26352.54;-103.23
26355.47;-103.23
26358.40;-103.31
26361.33;-103.16
26364.26;-103.23
26367.19;-103.23
26370.12;-103.31
26373.05;-103.39
26375.98;-103.08
26378.91;-103.00
26381.84;-103.16
26384.77;-103.39
26387.70;-103.16
26390.63;-103.16
26393.55;-103.16
26396.48;-103.16
26399.41;-103.16
26402.34;-103.31
26405.27;-103.23
26408.20;-103.23
26411.13;-103.31
26414.06;-103.00
26416.99;-103.23
26419.92;-103.31
26422.85;-103.31
26425.78;-103.23
26428.71;-103.31
26431.64;-103.55
26434.57;-103.23
26437.50;-103.23
26440.43;-103.08
26443.36;-103.47
26446.29;-103.55
26449.22;-103.39
26452.15;-103.23
26455.08;-103.23
26458.01;-103.23
26460.94;-103.39
26463.87;-103.47
26466.80;-103.39
26469.73;-103.31
26472.66;-103.00
26475.59;-103.00
26478.52;-103.00
26481.45;-103.16
26484.38;-103.31
26487.30;-103.39
26490.23;-103.23
26493.16;-103.39
26496.09;-103.39
26499.02;-103.39
26501.95;-103.47
26504.88;-103.47
26507.81;-103.55
26510.74;-103.55
26513.67;-103.39
26516.60;-103.23
26519.53;-103.16
26522.46;-103.31
26525.39;-103.62
26528.32;-103.78
26531.25;-103.39
26534.18;-103.23
26537.11;-103.08
26540.04;-103.23
26542.97;-103.16
26545.90;-103.00
26548.83;-103.00
26551.76;-103.31
26554.69;-103.39
26557.62;-103.39
26560.55;-103.39
26563.48;-103.31
26566.41;-103.55
26569.34;-103.31
26572.27;-103.31
26575.20;-103.23
26578.13;-103.55
26581.05;-103.39
26583.98;-103.08
26586.91;-103.00
26589.84;-103.08
26592.77;-103.00
26595.70;-103.16
26598.63;-103.39
26601.56;-103.16
26604.49;-103.31
26607.42;-103.08
26610.35;-102.84
26613.28;-103.00
26616.21;-103.16
26619.14;-103.31
26622.07;-103.23
26625.00;-102.92
26627.93;-103.00
26630.86;-103.39
26633.79;-103.31
26636.72;-102.92
26639.65;-103.00
26642.58;-103.16
26645.51;-103.39
26648.44;-103.23
26651.37;-103.31
26654.30;-103.16
26657.23;-103.08
26660.16;-103.16
26663.09;-103.23
26666.02;-103.23
26668.95;-103.16
26671.88;-103.39
26674.80;-103.16
26677.73;-103.16
26680.66;-103.31
26683.59;-103.23
26686.52;-103.16
26689.45;-103.31
26692.38;-103.47
26695.31;-103.39
26698.24;-103.31
26701.17;-103.08
26704.10;-103.31
26707.03;-103.31
26709.96;-103.31
26712.89;-103.39
26715.82;-103.23
26718.75;-103.08
26721.68;-103.16
26724.61;-103.00
26727.54;-103.39
26730.47;-103.23
26733.40;-102.92
26736.33;-103.00
26739.26;-103.16
26742.19;-103.00
26745.12;-103.08
26748.05;-103.23
26750.98;-103.16
26753.91;-103.08
26756.84;-103.23
26759.77;-103.16
26762.70;-103.23
26765.63;-103.08
26768.55;-103.00
26771.48;-102.92
26774.41;-102.76
26777.34;-103.00
26780.27;-103.00
26783.20;-103.23
26786.13;-103.47
26789.06;-103.39
26791.99;-102.92
26794.92;-103.23
26797.85;-103.16
26800.78;-103.31
26803.71;-103.55
26806.64;-103.31
26809.57;-103.31
26812.50;-103.62
26815.43;-103.62
26818.36;-103.39
26821.29;-103.47
26824.22;-103.23
26827.15;-103.31
26830.08;-103.39
26833.01;-103.23
26835.94;-103.23
26838.87;-103.31
26841.80;-103.00
26844.73;-103.08
26847.66;-103.16
26850.59;-103.31
26853.52;-103.31
26856.45;-103.08
26859.38;-103.31
26862.30;-103.31
26865.23;-103.16
26868.16;-103.47
26871.09;-103.31
26874.02;-103.23
26876.95;-103.16
26879.88;-103.08
26882.81;-102.92
26885.74;-102.76
26888.67;-102.92
26891.60;-103.23
26894.53;-103.39
26897.46;-103.16
26900.39;-103.16
26903.32;-103.00
26906.25;-103.23
26909.18;-103.31
26912.11;-103.23
26915.04;-103.00
26917.97;-103.16
26920.90;-103.23
26923.83;-103.00
26926.76;-103.16
26929.69;-103.23
26932.62;-103.08
26935.55;-103.16
26938.48;-103.08
26941.41;-102.92
26944.34;-103.00
26947.27;-103.23
26950.20;-103.31
26953.13;-103.00
26956.05;-102.76
26958.98;-103.16
26961.91;-103.16
26964.84;-103.23
26967.77;-103.39
26970.70;-103.00
26973.63;-103.16
26976.56;-103.23
26979.49;-103.00
26982.42;-103.16
26985.35;-103.23
26988.28;-103.08
26991.21;-103.08
26994.14;-103.16
26997.07;-103.16
27000.00;-103.16
27002.93;-102.92
27005.86;-102.53
27008.79;-103.00
27011.72;-103.00
27014.65;-103.00
27017.58;-103.23
27020.51;-103.31
27023.44;-103.23
27026.37;-103.23
27029.30;-103.39
27032.23;-103.16
27035.16;-102.92
27038.09;-102.92
27041.02;-102.84
27043.95;-103.00
27046.88;-103.00
27049.80;-102.92
27052.73;-103.00
27055.66;-103.16
27058.59;-102.84
27061.52;-102.69
27064.45;-103.00
27067.38;-103.16
27070.31;-103.16
27073.24;-103.23
27076.17;-103.16
27079.10;-102.92
27082.03;-102.84
27084.96;-102.61
27087.89;-102.92
27090.82;-103.23
27093.75;-103.08
27096.68;-103.08
27099.61;-103.16
27102.54;-103.31
27105.47;-103.00
27108.40;-103.08
27111.33;-103.16
27114.26;-103.16
27117.19;-102.84
27120.12;-102.92
27123.05;-102.84
27125.98;-103.16
27128.91;-103.16
27131.84;-102.92
27134.77;-102.92
27137.70;-103.08
27140.63;-103.23
27143.55;-103.23
27146.48;-103.08
27149.41;-102.92
27152.34;-103.31
27155.27;-103.31
27158.20;-103.23
27161.13;-103.16
27164.06;-102.92
27166.99;-102.92
27169.92;-103.08
27172.85;-103.31
27175.78;-103.23
27178.71;-103.31
27181.64;-103.00
27184.57;-103.23
27187.50;-102.84
27190.43;-102.61
27193.36;-103.00
27196.29;-103.31
27199.22;-103.31
27202.15;-103.08
27205.08;-103.16
27208.01;-103.00
27210.94;-102.92
27213.87;-103.00
27216.80;-103.08
27219.73;-103.00
27222.66;-103.00
27225.59;-102.92
27228.52;-103.00
27231.45;-102.92
27234.38;-103.16
27237.30;-103.16
27240.23;-103.00
27243.16;-103.00
27246.09;-103.00
27249.02;-103.00
27251.95;-103.23
27254.88;-103.16
27257.81;-102.84
27260.74;-102.76
27263.67;-102.92
27266.60;-103.00
27269.53;-102.92
27272.46;-103.08
27275.39;-103.23
27278.32;-103.16
27281.25;-103.16
27284.18;-103.08
27287.11;-102.69
27290.04;-102.84
27292.97;-102.84
27295.90;-102.76
27298.83;-103.08
27301.76;-103.16
27304.69;-102.92
27307.62;-102.84
27310.55;-102.76
27313.48;-103.00
27316.41;-103.08
27319.34;-102.92
27322.27;-102.76
27325.20;-102.92
27328.13;-103.23
27331.05;-103.31
27333.98;-103.00
27336.91;-103.08
27339.84;-103.08
27342.77;-102.84
27345.70;-102.92
27348.63;-103.16
27351.56;-103.08
27354.49;-103.00
27357.42;-102.92
27360.35;-103.08
27363.28;-103.47
27366.21;-103.23
27369.14;-103.08
27372.07;-103.08
27375.00;-103.08
27377.93;-102.76
27380.86;-102.76
27383.79;-103.08
27386.72;-103.23
27389.65;-103.39
27392.58;-103.08
27395.51;-102.61
27398.44;-102.45
27401.37;-102.92
27404.30;-103.00
27407.23;-103.08
27410.16;-102.92
27413.09;-102.76
27416.02;-103.08
27418.95;-103.08
27421.88;-102.92
27424.80;-102.92
27427.73;-103.00
27430.66;-102.92
27433.59;-103.00
27436.52;-103.08
27439.45;-102.92
27442.38;-102.92
27445.31;-102.92
27448.24;-103.08
27451.17;-103.16
27454.10;-103.08
27457.03;-102.92
27459.96;-103.00
27462.89;-103.31
27465.82;-103.31
27468.75;-103.31
27471.68;-102.92
27474.61;-102.92
27477.54;-103.00
27480.47;-103.16
27483.40;-103.31
27486.33;-103.00
27489.26;-102.76
27492.19;-102.69
27495.12;-102.84
27498.05;-103.16
27500.98;-103.23
27503.91;-103.00
27506.84;-102.92
27509.77;-102.69
27512.70;-102.69
27515.63;-102.69
27518.55;-102.92
27521.48;-102.84
27524.41;-102.69
27527.34;-102.84
27530.27;-102.69
27533.20;-102.92
27536.13;-103.16
27539.06;-103.16
27541.99;-102.92
27544.92;-102.92
27547.85;-103.23
27550.78;-103.08
27553.71;-102.84
27556.64;-102.84
27559.57;-103.00
27562.50;-102.76
27565.43;-102.76
27568.36;-102.84
27571.29;-103.08
27574.22;-103.00
27577.15;-103.00
27580.08;-103.00
27583.01;-102.92
27585.94;-103.16
27588.87;-103.23
27591.80;-102.84
27594.73;-102.84
27597.66;-102.76
27600.59;-102.69
27603.52;-102.76
27606.45;-103.08
27609.38;-102.92
27612.30;-103.08
27615.23;-103.00
27618.16;-103.08
27621.09;-102.69
27624.02;-102.92
27626.95;-103.16
27629.88;-102.92
27632.81;-103.00
27635.74;-102.92
27638.67;-102.69
27641.60;-103.00
27644.53;-103.16
27647.46;-102.84
27650.39;-102.92
27653.32;-102.84
27656.25;-102.76
27659.18;-102.76
27662.11;-103.00
27665.04;-103.08
27667.97;-102.92
27670.90;-102.84
27673.83;-103.08
27676.76;-102.92
27679.69;-103.00
27682.62;-103.16
27685.55;-103.31
27688.48;-103.16
27691.41;-103.23
27694.34;-103.08
27697.27;-103.23
27700.20;-103.23
27703.13;-103.16
27706.05;-102.61
27708.98;-102.69
27711.91;-102.84
27714.84;-102.84
27717.77;-103.00
27720.70;-102.76
27723.63;-102.92
27726.56;-103.08
27729.49;-103.31
27732.42;-103.08
27735.35;-102.84
27738.28;-102.69
27741.21;-102.76
27744.14;-102.61
27747.07;-102.69
27750.00;-102.76
27752.93;-103.08
27755.86;-103.31
27758.79;-103.00
27761.72;-103.00
27764.65;-103.16
27767.58;-103.00
27770.51;-103.00
27773.44;-103.23
27776.37;-103.00
27779.30;-103.00
27782.23;-103.08
27785.16;-103.00
27788.09;-102.84
27791.02;-102.92
27793.95;-102.92
27796.88;-103.00
27799.80;-103.08
27802.73;-102.84
27805.66;-102.92
27808.59;-103.23
27811.52;-103.31
27814.45;-103.16
27817.38;-103.16
27820.31;-102.92
27823.24;-102.84
27826.17;-102.92
27829.10;-102.84
27832.03;-103.00
27834.96;-103.23
27837.89;-103.08
27840.82;-103.00
27843.75;-103.00
27846.68;-102.84
27849.61;-103.08
27852.54;-103.00
27855.47;-102.92
27858.40;-102.84
27861.33;-103.00
27864.26;-103.16
27867.19;-103.16
27870.12;-102.92
27873.05;-102.76
27875.98;-102.92
27878.91;-103.00
27881.84;-102.92
27884.77;-102.76
27887.70;-102.76
27890.63;-102.69
27893.55;-102.76
27896.48;-102.76
27899.41;-102.84
27902.34;-103.08
27905.27;-103.23
27908.20;-103.00
27911.13;-103.08
27914.06;-102.84
27916.99;-102.69
27919.92;-102.92
27922.85;-103.16
27925.78;-103.08
27928.71;-102.92
27931.64;-102.92
27934.57;-102.76
27937.50;-102.69
27940.43;-102.92
27943.36;-103.00
27946.29;-102.92
27949.22;-102.84
27952.15;-102.69
27955.08;-102.76
27958.01;-102.61
27960.94;-102.84
27963.87;-103.08
27966.80;-103.08
27969.73;-103.08
27972.66;-103.16
27975.59;-103.00
27978.52;-102.84
27981.45;-102.92
27984.38;-102.92
27987.30;-102.84
27990.23;-102.84
27993.16;-102.69
27996.09;-102.53
27999.02;-102.76
28001.95;-102.76
28004.88;-102.61
28007.81;-102.61
28010.74;-102.69
28013.67;-102.84
28016.60;-102.69
28019.53;-102.76
28022.46;-102.76
28025.39;-103.08
28028.32;-103.08
28031.25;-103.08
28034.18;-102.84
28037.11;-102.84
28040.04;-103.23
28042.97;-103.23
28045.90;-103.00
28048.83;-102.84
28051.76;-103.00
28054.69;-103.00
28057.62;-102.92
28060.55;-102.92
28063.48;-103.00
28066.41;-103.16
28069.34;-103.16
28072.27;-102.92
28075.20;-102.84
28078.13;-102.76
28081.05;-102.84
28083.98;-102.76
28086.91;-102.92
28089.84;-102.76
28092.77;-102.69
28095.70;-103.23
28098.63;-102.92
28101.56;-102.69
28104.49;-102.84
28107.42;-102.76
28110.35;-102.92
28113.28;-103.08
28116.21;-102.84
28119.14;-102.92
28122.07;-103.00
28125.00;-103.23
28127.93;-103.08
28130.86;-102.84
28133.79;-102.69
28136.72;-103.08
28139.65;-102.69
28142.58;-102.84
28145.51;-103.00
28148.44;-103.16
28151.37;-103.00
28154.30;-103.00
28157.23;-103.08
28160.16;-102.92
28163.09;-103.00
28166.02;-102.69
28168.95;-103.00
28171.88;-103.08
28174.80;-102.69
28177.73;-102.84
28180.66;-103.16
28183.59;-103.08
28186.52;-102.61
28189.45;-102.76
28192.38;-102.92
28195.31;-102.92
28198.24;-102.92
28201.17;-102.92
28204.10;-103.00
28207.03;-103.00
28209.96;-102.92
28212.89;-103.00
28215.82;-102.76
28218.75;-102.76
28221.68;-102.84
28224.61;-103.08
28227.54;-103.00
28230.47;-102.92
28233.40;-102.84
28236.33;-102.84
28239.26;-102.84
28242.19;-102.84
28245.12;-102.76
28248.05;-102.69
28250.98;-102.92
28253.91;-103.00
28256.84;-103.00
28259.77;-102.76
28262.70;-102.45
28265.63;-102.61
28268.55;-102.53
28271.48;-102.84
28274.41;-103.23
28277.34;-103.31
28280.27;-102.92
28283.20;-102.84
28286.13;-103.00
28289.06;-103.00
28291.99;-103.00
28294.92;-102.84
28297.85;-103.00
28300.78;-102.69
28303.71;-102.84
28306.64;-103.00
28309.57;-102.76
28312.50;-102.92
28315.43;-102.76
28318.36;-102.76
28321.29;-102.84
28324.22;-102.92
28327.15;-103.08
28330.08;-103.00
28333.01;-102.92
28335.94;-103.00
28338.87;-103.00
28341.80;-102.92
28344.73;-102.84
28347.66;-102.84
28350.59;-102.76
28353.52;-102.84
28356.45;-103.08
28359.38;-103.16
28362.30;-102.84
28365.23;-102.76
28368.16;-102.84
28371.09;-102.69
28374.02;-102.92
28376.95;-102.76
28379.88;-102.76
28382.81;-103.00
28385.74;-102.76
28388.67;-103.00
28391.60;-103.16
28394.53;-103.00
28397.46;-102.84
28400.39;-102.84
28403.32;-103.00
28406.25;-103.00
28409.18;-102.92
28412.11;-102.69
28415.04;-102.61
28417.97;-102.61
28420.90;-102.76
28423.83;-103.16
28426.76;-103.23
28429.69;-102.92
28432.62;-102.61
28435.55;-102.76
28438.48;-102.69
28441.41;-102.76
28444.34;-102.76
28447.27;-103.31
28450.20;-103.23
28453.13;-102.69
28456.05;-102.45
28458.98;-102.69
28461.91;-102.84
28464.84;-103.08
28467.77;-102.76
28470.70;-103.00
28473.63;-102.92
28476.56;-102.69
28479.49;-102.61
28482.42;-102.76
28485.35;-102.92
28488.28;-102.84
28491.21;-102.84
28494.14;-102.92
28497.07;-102.76
28500.00;-102.61
28502.93;-102.76
28505.86;-102.84
28508.79;-103.08
28511.72;-102.92
28514.65;-102.92
28517.58;-102.92
28520.51;-102.76
28523.44;-102.84
28526.37;-102.84
28529.30;-102.84
28532.23;-102.76
28535.16;-102.61
28538.09;-102.69
28541.02;-102.76
28543.95;-102.76
28546.88;-102.76
28549.80;-102.69
28552.73;-102.53
28555.66;-102.76
28558.59;-102.84
28561.52;-102.92
28564.45;-102.61
28567.38;-102.69
28570.31;-102.61
28573.24;-102.76
28576.17;-102.76
28579.10;-102.84
28582.03;-102.92
28584.96;-102.76
28587.89;-102.53
28590.82;-102.53
28593.75;-102.53
28596.68;-102.53
28599.61;-102.84
28602.54;-102.61
28605.47;-102.69
28608.40;-102.76
28611.33;-102.84
28614.26;-102.69
28617.19;-102.53
28620.12;-102.53
28623.05;-102.76
28625.98;-102.76
28628.91;-102.69
28631.84;-102.84
28634.77;-103.00
28637.70;-103.00
28640.63;-103.00
28643.55;-102.69
28646.48;-102.61
28649.41;-102.84
28652.34;-102.61
28655.27;-102.53
28658.20;-102.76
28661.13;-102.92
28664.06;-102.92
28666.99;-102.92
28669.92;-102.84
28672.85;-102.61
28675.78;-102.69
28678.71;-102.84
28681.64;-102.84
28684.57;-102.92
28687.50;-102.76
28690.43;-102.92
28693.36;-102.92
28696.29;-102.84
28699.22;-102.45
28702.15;-102.69
28705.08;-102.84
28708.01;-102.84
28710.94;-102.45
28713.87;-102.53
28716.80;-102.92
28719.73;-102.84
28722.66;-102.92
28725.59;-102.76
28728.52;-102.69
28731.45;-102.61
28734.38;-102.61
28737.30;-102.84
28740.23;-102.84
28743.16;-102.61
28746.09;-102.61
28749.02;-102.84
28751.95;-103.00
28754.88;-102.84
28757.81;-102.61
28760.74;-102.76
28763.67;-102.92
28766.60;-102.76
28769.53;-102.84
28772.46;-102.92
28775.39;-102.69
28778.32;-102.37
28781.25;-102.53
28784.18;-102.69
28787.11;-102.45
28790.04;-102.53
28792.97;-102.53
28795.90;-102.76
28798.83;-102.84
28801.76;-102.92
28804.69;-102.76
28807.62;-102.69
28810.55;-102.61
28813.48;-102.53
28816.41;-102.69
28819.34;-102.76
28822.27;-102.84
28825.20;-102.69
28828.13;-102.69
28831.05;-102.61
28833.98;-102.76
28836.91;-102.92
28839.84;-103.16
28842.77;-102.76
28845.70;-102.76
28848.63;-102.92
28851.56;-102.84
28854.49;-102.92
28857.42;-102.84
28860.35;-102.69
28863.28;-102.61
28866.21;-102.37
28869.14;-102.37
28872.07;-102.45
28875.00;-102.92
28877.93;-103.08
28880.86;-103.00
28883.79;-102.69
28886.72;-102.76
28889.65;-102.76
28892.58;-102.37
28895.51;-102.53
28898.44;-102.69
28901.37;-102.69
28904.30;-102.61
28907.23;-102.76
28910.16;-102.69
28913.09;-102.69
28916.02;-102.84
28918.95;-102.45
28921.88;-102.69
28924.80;-102.76
28927.73;-102.69
28930.66;-102.92
28933.59;-102.92
28936.52;-102.69
28939.45;-102.76
28942.38;-102.76
28945.31;-102.53
28948.24;-102.76
28951.17;-102.69
28954.10;-102.76
28957.03;-102.69
28959.96;-102.61
28962.89;-102.61
28965.82;-102.69
28968.75;-103.00
28971.68;-102.92
28974.61;-102.61
28977.54;-102.61
28980.47;-102.53
28983.40;-102.53
28986.33;-102.69
28989.26;-102.84
28992.19;-102.84
28995.12;-102.84
28998.05;-103.00
29000.98;-102.53
29003.91;-102.69
29006.84;-102.92
29009.77;-102.69
29012.70;-102.61
29015.63;-102.53
29018.55;-102.69
29021.48;-102.92
29024.41;-102.84
29027.34;-102.84
29030.27;-102.61
29033.20;-102.69
29036.13;-102.76
29039.06;-102.69
29041.99;-102.69
29044.92;-102.76
29047.85;-103.00
29050.78;-102.92
29053.71;-102.53
29056.64;-102.45
29059.57;-102.45
29062.50;-102.61
29065.43;-102.76
29068.36;-102.84
29071.29;-102.84
29074.22;-103.00
29077.15;-102.84
29080.08;-102.69
29083.01;-102.61
29085.94;-102.76
29088.87;-102.45
29091.80;-102.37
29094.73;-102.69
29097.66;-102.84
29100.59;-102.76
29103.52;-102.69
29106.45;-102.76
29109.38;-102.69
29112.30;-102.61
29115.23;-102.84
29118.16;-102.76
29121.09;-102.84
29124.02;-102.84
29126.95;-102.69
29129.88;-102.53
29132.81;-102.61
29135.74;-102.30
29138.67;-102.37
29141.60;-102.76
29144.53;-102.69
29147.46;-102.69
29150.39;-103.16
29153.32;-102.76
29156.25;-102.61
29159.18;-102.69
29162.11;-102.30
29165.04;-102.45
29167.97;-102.84
29170.90;-102.69
29173.83;-102.76
29176.76;-102.92
29179.69;-102.84
29182.62;-102.76
29185.55;-102.61
29188.48;-102.69
29191.41;-102.61
29194.34;-102.45
29197.27;-102.30
29200.20;-102.69
29203.13;-103.08
29206.05;-102.92
29208.98;-102.76
29211.91;-102.61
29214.84;-102.53
29217.77;-102.53
29220.70;-102.61
29223.63;-102.69
29226.56;-102.61
29229.49;-102.61
29232.42;-102.53
29235.35;-102.69
29238.28;-102.76
29241.21;-102.84
29244.14;-102.61
29247.07;-102.61
29250.00;-102.92
29252.93;-102.84
29255.86;-102.61
29258.79;-102.45
29261.72;-102.76
29264.65;-102.76
29267.58;-102.76
29270.51;-102.69
29273.44;-102.84
29276.37;-103.00
29279.30;-103.08
29282.23;-103.00
29285.16;-102.84
29288.09;-102.61
29291.02;-102.53
29293.95;-102.69
29296.88;-102.61
29299.80;-102.53
29302.73;-102.61
29305.66;-102.76
29308.59;-102.76
29311.52;-102.84
29314.45;-102.92
29317.38;-102.53
29320.31;-102.37
29323.24;-102.76
29326.17;-102.69
29329.10;-102.61
29332.03;-102.76
29334.96;-102.53
29337.89;-102.61
29340.82;-102.76
29343.75;-102.53
29346.68;-102.76
29349.61;-102.84
29352.54;-102.61
29355.47;-102.61
29358.40;-102.45
29361.33;-102.53
29364.26;-102.84
29367.19;-102.69
29370.12;-102.53
29373.05;-102.53
29375.98;-102.53
29378.91;-102.37
29381.84;-102.53
29384.77;-102.84
29387.70;-102.61
29390.63;-102.53
29393.55;-102.61
29396.48;-102.61
29399.41;-102.76
29402.34;-102.76
29405.27;-102.84
29408.20;-102.69
29411.13;-102.61
29414.06;-102.45
29416.99;-102.61
29419.92;-102.53
29422.85;-102.45
29425.78;-102.53
29428.71;-102.53
29431.64;-102.61
29434.57;-102.53
29437.50;-102.69
29440.43;-102.69
29443.36;-102.61
29446.29;-102.53
29449.22;-102.69
29452.15;-102.76
29455.08;-102.69
29458.01;-102.76
29460.94;-102.53
29463.87;-102.69
29466.80;-102.92
29469.73;-102.92
29472.66;-102.69
29475.59;-102.53
29478.52;-102.61
29481.45;-102.53
29484.38;-102.37
29487.30;-102.45
29490.23;-102.53
29493.16;-102.37
29496.09;-102.37
29499.02;-102.53
29501.95;-102.61
29504.88;-102.69
29507.81;-102.84
29510.74;-102.69
29513.67;-102.37
29516.60;-102.61
29519.53;-102.69
29522.46;-102.84
29525.39;-102.84
29528.32;-102.61
29531.25;-102.53
29534.18;-102.61
29537.11;-102.45
29540.04;-102.37
29542.97;-102.69
29545.90;-102.53
29548.83;-102.53
29551.76;-102.61
29554.69;-102.76
29557.62;-102.76
29560.55;-102.61
29563.48;-102.69
29566.41;-102.76
29569.34;-102.61
29572.27;-102.53
29575.20;-102.76
29578.13;-102.84
29581.05;-102.53
29583.98;-102.53
29586.91;-102.69
29589.84;-102.37
29592.77;-102.37
29595.70;-102.53
29598.63;-102.61
29601.56;-102.69
29604.49;-102.61
29607.42;-102.61
29610.35;-102.61
29613.28;-102.69
29616.21;-102.69
29619.14;-102.76
29622.07;-102.61
29625.00;-102.53
29627.93;-102.30
29630.86;-102.22
29633.79;-102.53
29636.72;-102.84
29639.65;-102.61
29642.58;-102.37
29645.51;-102.53
29648.44;-102.53
29651.37;-102.30
29654.30;-102.37
29657.23;-102.84
29660.16;-102.61
29663.09;-102.45
29666.02;-102.53
29668.95;-102.61
29671.88;-102.45
29674.80;-102.37
29677.73;-102.53
29680.66;-102.45
29683.59;-102.61
29686.52;-102.69
29689.45;-102.53
29692.38;-102.53
29695.31;-102.53
29698.24;-102.76
29701.17;-102.92
29704.10;-102.61
29707.03;-102.61
29709.96;-102.76
29712.89;-102.61
29715.82;-102.92
29718.75;-102.69
29721.68;-102.53
29724.61;-102.61
29727.54;-102.37
29730.47;-102.37
29733.40;-102.61
29736.33;-102.53
29739.26;-102.45
29742.19;-102.69
29745.12;-102.53
29748.05;-102.61
29750.98;-102.69
29753.91;-102.61
29756.84;-102.69
29759.77;-102.37
29762.70;-102.37
29765.63;-102.45
29768.55;-102.30
29771.48;-102.30
29774.41;-102.45
29777.34;-102.61
29780.27;-102.69
29783.20;-102.53
29786.13;-102.37
29789.06;-102.53
29791.99;-102.53
29794.92;-102.45
29797.85;-102.69
29800.78;-102.45
29803.71;-102.22
29806.64;-102.30
29809.57;-102.45
29812.50;-102.92
29815.43;-102.61
29818.36;-102.37
29821.29;-102.45
29824.22;-102.53
29827.15;-102.69
29830.08;-102.69
29833.01;-103.08
29835.94;-102.92
29838.87;-102.76
29841.80;-102.76
29844.73;-102.61
29847.66;-102.37
29850.59;-102.37
29853.52;-102.76
29856.45;-102.53
29859.38;-102.61
29862.30;-102.45
29865.23;-102.53
29868.16;-102.69
29871.09;-102.53
29874.02;-102.61
29876.95;-102.69
29879.88;-102.76
29882.81;-102.76
29885.74;-102.61
29888.67;-102.45
29891.60;-102.61
29894.53;-102.61
29897.46;-102.45
29900.39;-102.30
29903.32;-102.30
29906.25;-102.53
29909.18;-102.69
29912.11;-102.61
29915.04;-102.37
29917.97;-102.53
29920.90;-102.53
29923.83;-102.30
29926.76;-102.22
29929.69;-102.53
29932.62;-102.37
29935.55;-102.45
29938.48;-102.69
29941.41;-102.61
29944.34;-102.37
29947.27;-102.61
29950.20;-102.37
29953.13;-102.69
29956.05;-102.53
29958.98;-102.37
29961.91;-102.22
29964.84;-102.45
29967.77;-102.84
29970.70;-102.45
29973.63;-102.45
29976.56;-102.37
29979.49;-102.14
29982.42;-102.37
29985.35;-102.84
29988.28;-102.69
29991.21;-102.53
29994.14;-102.69
29997.07;-102.69
30000.00;-102.45
30002.93;-102.53
30005.86;-102.30
30008.79;-102.22
30011.72;-102.37
30014.65;-102.61
30017.58;-102.61
30020.51;-102.53
30023.44;-102.45
30026.37;-102.69
30029.30;-102.69
30032.23;-102.45
30035.16;-102.45
30038.09;-102.45
30041.02;-102.53
30043.95;-102.53
30046.88;-102.37
30049.80;-102.45
30052.73;-102.69
30055.66;-102.61
30058.59;-102.30
30061.52;-102.45
30064.45;-102.45
30067.38;-102.37
30070.31;-102.37
30073.24;-102.37
30076.17;-102.45
30079.10;-102.53
30082.03;-102.53
30084.96;-102.53
30087.89;-102.22
30090.82;-102.22
30093.75;-102.61
30096.68;-102.84
30099.61;-102.76
30102.54;-102.45
30105.47;-102.30
30108.40;-102.61
30111.33;-102.69
30114.26;-102.53
30117.19;-102.61
30120.12;-102.61
30123.05;-102.53
30125.98;-102.84
30128.91;-102.76
30131.84;-102.53
30134.77;-102.53
30137.70;-102.53
30140.63;-102.45
30143.55;-102.45
30146.48;-102.45
30149.41;-102.53
30152.34;-102.61
30155.27;-102.45
30158.20;-102.53
30161.13;-102.61
30164.06;-102.45
30166.99;-102.53
30169.92;-102.45
30172.85;-102.37
30175.78;-102.30
30178.71;-102.45
30181.64;-102.30
30184.57;-102.30
30187.50;-102.30
30190.43;-102.37
30193.36;-102.61
30196.29;-102.76
30199.22;-102.69
30202.15;-102.30
30205.08;-102.22
30208.01;-102.37
30210.94;-102.53
30213.87;-102.69
30216.80;-102.53
30219.73;-102.53
30222.66;-102.45
30225.59;-102.30
30228.52;-102.45
30231.45;-102.61
30234.38;-102.37
30237.30;-102.45
30240.23;-102.45
30243.16;-102.37
30246.09;-102.37
30249.02;-102.37
30251.95;-102.37
30254.88;-102.53
30257.81;-102.45
30260.74;-102.30
30263.67;-102.45
30266.60;-102.37
30269.53;-102.14
30272.46;-102.22
30275.39;-102.37
30278.32;-102.30
30281.25;-102.37
30284.18;-102.45
30287.11;-102.45
30290.04;-102.45
30292.97;-102.30
30295.90;-102.37
30298.83;-102.37
30301.76;-102.37
30304.69;-102.53
30307.62;-102.30
30310.55;-102.14
30313.48;-102.14
30316.41;-102.45
30319.34;-102.37
30322.27;-102.53
30325.20;-102.45
30328.13;-101.98
30331.05;-102.14
30333.98;-102.53
30336.91;-102.53
30339.84;-102.53
30342.77;-102.76
30345.70;-102.45
30348.63;-102.37
30351.56;-102.45
30354.49;-102.30
30357.42;-102.45
30360.35;-102.45
30363.28;-102.30
30366.21;-102.30
30369.14;-102.61
30372.07;-102.45
30375.00;-102.53
30377.93;-102.61
30380.86;-102.45
30383.79;-102.53
30386.72;-102.53
30389.65;-102.61
30392.58;-102.37
30395.51;-102.37
30398.44;-102.53
30401.37;-102.30
30404.30;-102.30
30407.23;-102.22
30410.16;-102.45
30413.09;-102.61
30416.02;-102.45
30418.95;-102.22
30421.88;-102.30
30424.80;-102.53
30427.73;-102.45
30430.66;-102.53
30433.59;-102.84
30436.52;-102.61
30439.45;-102.37
30442.38;-102.45
30445.31;-102.53
30448.24;-102.53
30451.17;-102.53
30454.10;-102.37
30457.03;-102.30
30459.96;-102.30
30462.89;-102.37
30465.82;-102.53
30468.75;-102.37
30471.68;-102.30
30474.61;-102.53
30477.54;-102.45
30480.47;-102.30
30483.40;-102.61
30486.33;-102.53
30489.26;-102.30
30492.19;-102.37
30495.12;-102.37
30498.05;-102.37
30500.98;-102.30
30503.91;-102.14
30506.84;-102.37
30509.77;-102.37
30512.70;-102.37
30515.63;-102.37
30518.55;-102.37
30521.48;-102.53
30524.41;-102.53
30527.34;-102.22
30530.27;-102.30
30533.20;-102.45
30536.13;-102.45
30539.06;-102.61
30541.99;-102.76
30544.92;-102.69
30547.85;-102.45
30550.78;-102.22
30553.71;-102.22
30556.64;-102.22
30559.57;-102.37
30562.50;-102.45
30565.43;-102.37
30568.36;-102.30
30571.29;-102.30
30574.22;-102.14
30577.15;-102.30
30580.08;-102.37
30583.01;-102.37
30585.94;-102.22
30588.87;-102.30
30591.80;-102.30
30594.73;-102.61
30597.66;-102.69
30600.59;-102.45
30603.52;-102.37
30606.45;-102.30
30609.38;-102.06
30612.30;-102.45
30615.23;-102.45
30618.16;-102.22
30621.09;-102.69
30624.02;-102.76
30626.95;-102.37
30629.88;-102.45
30632.81;-102.30
30635.74;-102.45
30638.67;-102.37
30641.60;-102.14
30644.53;-102.61
30647.46;-102.69
30650.39;-102.37
30653.32;-102.37
30656.25;-102.22
30659.18;-102.37
30662.11;-102.45
30665.04;-102.92
30667.97;-102.69
30670.90;-102.61
30673.83;-102.76
30676.76;-102.61
30679.69;-102.22
30682.62;-102.14
30685.55;-102.14
30688.48;-102.37
30691.41;-102.45
30694.34;-102.30
30697.27;-102.37
30700.20;-102.14
30703.13;-102.45
30706.05;-102.30
30708.98;-102.22
30711.91;-102.37
30714.84;-102.53
30717.77;-102.45
30720.70;-102.22
30723.63;-102.45
30726.56;-102.30
30729.49;-102.45
30732.42;-102.61
30735.35;-102.53
30738.28;-102.53
30741.21;-102.37
30744.14;-102.53
30747.07;-102.76
30750.00;-102.53
30752.93;-102.53
30755.86;-102.37
30758.79;-102.37
30761.72;-102.45
30764.65;-102.37
30767.58;-102.22
30770.51;-102.22
30773.44;-102.22
30776.37;-102.30
30779.30;-102.53
30782.23;-102.37
30785.16;-102.30
30788.09;-102.37
30791.02;-102.53
30793.95;-102.45
30796.88;-102.37
30799.80;-102.30
30802.73;-102.37
30805.66;-102.61
30808.59;-102.53
30811.52;-102.37
30814.45;-102.30
30817.38;-102.30
30820.31;-102.14
30823.24;-102.14
30826.17;-102.22
30829.10;-102.30
30832.03;-102.53
30834.96;-102.53
30837.89;-102.30
30840.82;-102.14
30843.75;-102.37
30846.68;-102.37
30849.61;-102.06
30852.54;-102.30
30855.47;-102.37
30858.40;-102.22
30861.33;-102.22
30864.26;-102.61
30867.19;-102.45
30870.12;-102.14
30873.05;-102.22
30875.98;-102.22
30878.91;-102.14
30881.84;-102.30
30884.77;-102.37
30887.70;-102.30
30890.63;-102.30
30893.55;-102.22
30896.48;-102.14
30899.41;-102.14
30902.34;-102.30
30905.27;-102.37
30908.20;-102.37
30911.13;-102.14
30914.06;-102.30
30916.99;-102.22
30919.92;-102.14
30922.85;-102.22
30925.78;-102.14
30928.71;-102.22
30931.64;-102.37
30934.57;-102.45
30937.50;-102.45
30940.43;-102.53
30943.36;-102.37
30946.29;-102.45
30949.22;-102.22
30952.15;-102.37
30955.08;-102.45
30958.01;-102.45
30960.94;-102.14
30963.87;-102.37
30966.80;-102.37
30969.73;-102.22
30972.66;-102.14
30975.59;-102.14
30978.52;-102.22
30981.45;-102.37
30984.38;-102.14
30987.30;-101.98
30990.23;-102.14
30993.16;-102.30
30996.09;-102.37
30999.02;-102.61
31001.95;-102.53
31004.88;-102.45
31007.81;-102.30
31010.74;-102.30
31013.67;-102.22
31016.60;-102.06
31019.53;-102.30
31022.46;-102.45
31025.39;-102.45
31028.32;-102.53
31031.25;-102.45
31034.18;-102.45
31037.11;-102.14
31040.04;-102.22
31042.97;-102.37
31045.90;-102.30
31048.83;-102.37
31051.76;-102.37
31054.69;-102.30
31057.62;-102.06
31060.55;-102.22
31063.48;-102.06
31066.41;-102.14
31069.34;-102.45
31072.27;-102.37
31075.20;-102.22
31078.13;-102.14
31081.05;-101.98
31083.98;-102.22
31086.91;-102.22
31089.84;-102.22
31092.77;-102.37
31095.70;-102.22
31098.63;-102.45
31101.56;-102.45
31104.49;-102.30
31107.42;-102.22
31110.35;-101.98
31113.28;-102.30
31116.21;-102.14
31119.14;-102.14
31122.07;-102.53
31125.00;-102.37
31127.93;-102.30
31130.86;-102.30
31133.79;-102.30
31136.72;-102.14
31139.65;-102.14
31142.58;-102.30
31145.51;-102.06
31148.44;-101.83
31151.37;-102.22
31154.30;-102.45
31157.23;-102.53
31160.16;-102.53
31163.09;-102.37
31166.02;-102.14
31168.95;-102.06
31171.88;-102.22
31174.80;-102.30
31177.73;-102.30
31180.66;-102.06
31183.59;-102.14
31186.52;-102.37
31189.45;-102.45
31192.38;-102.45
31195.31;-102.53
31198.24;-102.45
31201.17;-101.98
31204.10;-102.22
31207.03;-102.53
31209.96;-102.69
31212.89;-102.30
31215.82;-102.30
31218.75;-102.37
31221.68;-102.22
31224.61;-102.06
31227.54;-102.06
31230.47;-102.06
31233.40;-102.22
31236.33;-101.83
31239.26;-101.98
31242.19;-102.30
31245.12;-102.22
31248.05;-102.30
31250.98;-102.30
31253.91;-102.22
31256.84;-102.30
31259.77;-102.45
31262.70;-102.45
31265.63;-102.30
31268.55;-102.30
31271.48;-102.14
31274.41;-102.30
31277.34;-102.45
31280.27;-102.37
31283.20;-102.22
31286.13;-102.06
31289.06;-102.06
31291.99;-102.22
31294.92;-102.37
31297.85;-102.45
31300.78;-102.06
31303.71;-102.14
31306.64;-102.37
31309.57;-102.69
31312.50;-102.61
31315.43;-102.30
31318.36;-102.22
31321.29;-102.06
31324.22;-101.98
31327.15;-102.06
31330.08;-101.98
31333.01;-102.06
31335.94;-102.22
31338.87;-102.45
31341.80;-102.22
31344.73;-102.14
31347.66;-102.45
31350.59;-102.37
31353.52;-102.22
31356.45;-102.22
31359.38;-102.30
31362.30;-102.14
31365.23;-102.06
31368.16;-102.30
31371.09;-102.37
31374.02;-102.30
31376.95;-102.06
31379.88;-102.06
31382.81;-102.37
31385.74;-102.22
31388.67;-102.30
31391.60;-102.61
31394.53;-102.45
31397.46;-102.45
31400.39;-102.14
31403.32;-102.14
31406.25;-102.22
31409.18;-102.06
31412.11;-102.22
31415.04;-102.06
31417.97;-102.22
31420.90;-102.22
31423.83;-102.22
31426.76;-102.30
31429.69;-102.14
31432.62;-102.22
31435.55;-102.45
31438.48;-102.22
31441.41;-101.98
31444.34;-101.90
31447.27;-102.06
31450.20;-102.22
31453.13;-102.14
31456.05;-102.06
31458.98;-102.14
31461.91;-102.14
31464.84;-102.06
31467.77;-102.14
31470.70;-102.30
31473.63;-102.37
31476.56;-102.06
31479.49;-102.14
31482.42;-102.30
31485.35;-102.22
31488.28;-102.37
31491.21;-102.22
31494.14;-102.22
31497.07;-102.06
31500.00;-102.22
31502.93;-102.06
31505.86;-102.06
31508.79;-102.37
31511.72;-102.06
31514.65;-102.06
31517.58;-102.22
31520.51;-102.30
31523.44;-102.30
31526.37;-102.06
31529.30;-101.83
31532.23;-101.83
31535.16;-101.98
31538.09;-102.30
31541.02;-102.06
31543.95;-102.22
31546.88;-102.22
31549.80;-102.22
31552.73;-101.98
31555.66;-102.14
31558.59;-101.98
31561.52;-101.98
31564.45;-102.14
31567.38;-102.30
31570.31;-102.22
31573.24;-102.22
31576.17;-102.22
31579.10;-102.22
31582.03;-102.45
31584.96;-102.14
31587.89;-102.06
31590.82;-102.14
31593.75;-101.98
31596.68;-101.98
31599.61;-102.14
31602.54;-102.22
31605.47;-102.14
31608.40;-102.14
31611.33;-102.53
31614.26;-102.30
31617.19;-101.90
31620.12;-102.22
31623.05;-102.45
31625.98;-102.45
31628.91;-102.06
31631.84;-102.14
31634.77;-102.30
31637.70;-102.22
31640.63;-102.06
31643.55;-102.22
31646.48;-102.14
31649.41;-102.14
31652.34;-102.14
31655.27;-102.14
31658.20;-102.22
31661.13;-102.14
31664.06;-101.98
31666.99;-101.83
31669.92;-102.06
31672.85;-102.37
31675.78;-102.14
31678.71;-102.14
31681.64;-102.37
31684.57;-102.37
31687.50;-102.22
31690.43;-101.98
31693.36;-101.98
31696.29;-102.14
31699.22;-102.22
31702.15;-102.37
31705.08;-102.30
31708.01;-102.22
31710.94;-102.53
31713.87;-102.61
31716.80;-102.37
31719.73;-102.45
31722.66;-102.37
31725.59;-102.30
31728.52;-102.30
31731.45;-102.06
31734.38;-101.90
31737.30;-102.22
31740.23;-102.37
31743.16;-102.14
31746.09;-102.06
31749.02;-102.14
31751.95;-102.14
31754.88;-102.30
31757.81;-102.30
31760.74;-101.98
31763.67;-102.06
31766.60;-102.30
31769.53;-102.45
31772.46;-102.14
31775.39;-102.06
31778.32;-102.30
31781.25;-102.22
31784.18;-101.98
31787.11;-102.14
31790.04;-102.22
31792.97;-102.14
31795.90;-102.37
31798.83;-102.30
31801.76;-102.22
31804.69;-102.06
31807.62;-102.22
31810.55;-102.22
31813.48;-102.14
31816.41;-101.90
31819.34;-102.06
31822.27;-102.14
31825.20;-102.30
31828.13;-102.06
31831.05;-102.22
31833.98;-102.22
31836.91;-102.14
31839.84;-101.98
31842.77;-102.06
31845.70;-102.30
31848.63;-102.45
31851.56;-102.22
31854.49;-102.14
31857.42;-102.45
31860.35;-102.53
31863.28;-102.37
31866.21;-102.22
31869.14;-101.98
31872.07;-101.98
31875.00;-102.14
31877.93;-102.37
31880.86;-102.45
31883.79;-102.06
31886.72;-101.90
31889.65;-102.30
31892.58;-102.30
31895.51;-102.37
31898.44;-102.37
31901.37;-102.22
31904.30;-102.14
31907.23;-101.98
31910.16;-102.06
31913.09;-102.30
31916.02;-102.30
31918.95;-102.06
31921.88;-102.06
31924.80;-102.06
31927.73;-102.06
31930.66;-102.06
31933.59;-102.30
31936.52;-102.14
31939.45;-102.30
31942.38;-102.14
31945.31;-102.06
31948.24;-102.06
31951.17;-101.98
31954.10;-101.67
31957.03;-101.75
31959.96;-102.06
31962.89;-102.14
31965.82;-102.14
31968.75;-102.14
31971.68;-102.06
31974.61;-102.14
31977.54;-102.14
31980.47;-102.14
31983.40;-102.30
31986.33;-102.06
31989.26;-102.22
31992.19;-102.14
31995.12;-102.06
31998.05;-102.37
32000.98;-102.45
32003.91;-102.22
32006.84;-101.90
32009.77;-102.22
32012.70;-102.45
32015.63;-102.30
32018.55;-102.30
32021.48;-102.06
32024.41;-102.14
32027.34;-102.37
32030.27;-102.30
32033.20;-102.30
32036.13;-102.45
32039.06;-102.22
32041.99;-102.06
32044.92;-101.98
32047.85;-101.98
32050.78;-101.90
32053.71;-101.83
32056.64;-101.90
32059.57;-101.98
32062.50;-102.06
32065.43;-102.22
32068.36;-101.90
32071.29;-101.98
32074.22;-102.22
32077.15;-102.30
32080.08;-102.45
32083.01;-102.45
32085.94;-102.30
32088.87;-102.06
32091.80;-101.83
32094.73;-102.06
32097.66;-102.14
32100.59;-101.90
32103.52;-102.14
32106.45;-102.22
32109.38;-102.06
32112.30;-101.98
32115.23;-101.90
32118.16;-102.22
32121.09;-102.14
32124.02;-101.98
32126.95;-102.14
32129.88;-102.14
32132.81;-102.14
32135.74;-102.14
32138.67;-101.98
32141.60;-102.14
32144.53;-102.22
32147.46;-101.98
32150.39;-101.90
32153.32;-102.22
32156.25;-102.30
32159.18;-101.98
32162.11;-102.22
32165.04;-102.30
32167.97;-102.22
32170.90;-102.37
32173.83;-102.53
32176.76;-102.61
32179.69;-102.22
32182.62;-102.06
32185.55;-101.75
32188.48;-101.90
32191.41;-102.14
32194.34;-102.06
32197.27;-102.37
32200.20;-102.22
32203.13;-102.22
32206.05;-102.22
32208.98;-102.14
32211.91;-102.14
32214.84;-102.14
32217.77;-102.14
32220.70;-101.98
32223.63;-101.98
32226.56;-102.14
32229.49;-101.98
32232.42;-101.83
32235.35;-101.67
32238.28;-101.83
32241.21;-102.06
32244.14;-101.90
32247.07;-101.98
32250.00;-101.75
32252.93;-102.06
32255.86;-102.22
32258.79;-101.90
32261.72;-101.90
32264.65;-101.90
32267.58;-101.98
32270.51;-101.90
32273.44;-101.83
32276.37;-101.90
32279.30;-102.14
32282.23;-102.06
32285.16;-102.14
32288.09;-101.98
32291.02;-101.75
32293.95;-101.98
32296.88;-101.90
32299.80;-102.06
32302.73;-102.06
32305.66;-102.14
32308.59;-102.06
32311.52;-102.22
32314.45;-101.90
32317.38;-101.90
32320.31;-102.37
32323.24;-102.30
32326.17;-102.22
32329.10;-102.06
32332.03;-102.06
32334.96;-102.06
32337.89;-102.06
32340.82;-102.30
32343.75;-102.14
32346.68;-101.98
32349.61;-101.98
32352.54;-102.14
32355.47;-102.06
32358.40;-101.67
32361.33;-101.83
32364.26;-101.90
32367.19;-101.83
32370.12;-101.90
32373.05;-101.90
32375.98;-101.90
32378.91;-102.14
32381.84;-102.22
32384.77;-101.90
32387.70;-102.06
32390.63;-102.22
32393.55;-102.22
32396.48;-101.98
32399.41;-102.06
32402.34;-101.83
32405.27;-101.90
32408.20;-101.90
32411.13;-101.98
32414.06;-101.59
32416.99;-101.90
32419.92;-101.75
32422.85;-101.67
32425.78;-101.90
32428.71;-101.98
32431.64;-101.83
32434.57;-101.83
32437.50;-102.14
32440.43;-101.98
32443.36;-102.06
32446.29;-101.75
32449.22;-101.90
32452.15;-102.14
32455.08;-102.14
32458.01;-101.90
32460.94;-101.90
32463.87;-101.75
32466.80;-101.90
32469.73;-101.90
32472.66;-102.14
32475.59;-102.22
32478.52;-101.98
32481.45;-102.06
32484.38;-101.90
32487.30;-102.14
32490.23;-101.98
32493.16;-102.14
32496.09;-102.37
32499.02;-102.30
32501.95;-102.22
32504.88;-102.14
32507.81;-102.06
32510.74;-102.14
32513.67;-102.37
32516.60;-101.98
32519.53;-102.06
32522.46;-102.06
32525.39;-101.98
32528.32;-101.98
32531.25;-101.90
32534.18;-102.14
32537.11;-102.30
32540.04;-102.14
32542.97;-102.06
32545.90;-101.83
32548.83;-101.98
32551.76;-101.98
32554.69;-101.83
32557.62;-102.06
32560.55;-102.06
32563.48;-102.06
32566.41;-102.22
32569.34;-102.30
32572.27;-101.90
32575.20;-101.67
32578.13;-101.90
32581.05;-101.98
32583.98;-102.14
32586.91;-102.45
32589.84;-102.30
32592.77;-102.06
32595.70;-101.90
32598.63;-101.75
32601.56;-101.67
32604.49;-101.75
32607.42;-101.90
32610.35;-101.83
32613.28;-101.51
32616.21;-101.59
32619.14;-101.90
32622.07;-102.06
32625.00;-102.37
32627.93;-102.22
32630.86;-101.98
32633.79;-101.98
32636.72;-102.30
32639.65;-102.37
32642.58;-101.90
32645.51;-101.98
32648.44;-102.22
32651.37;-101.98
32654.30;-102.30
32657.23;-102.22
32660.16;-102.30
32663.09;-102.22
32666.02;-102.06
32668.95;-101.98
32671.88;-102.22
32674.80;-102.14
32677.73;-101.90
32680.66;-101.98
32683.59;-101.90
32686.52;-101.90
32689.45;-101.90
32692.38;-101.90
32695.31;-102.06
32698.24;-102.06
32701.17;-101.83
32704.10;-101.75
32707.03;-102.14
32709.96;-102.14
32712.89;-101.98
32715.82;-101.98
32718.75;-102.14
32721.68;-102.37
32724.61;-102.06
32727.54;-101.75
32730.47;-101.90
32733.40;-102.14
32736.33;-102.30
32739.26;-102.06
32742.19;-101.98
32745.12;-101.83
32748.05;-101.90
32750.98;-101.75
32753.91;-101.98
32756.84;-101.83
32759.77;-101.90
32762.70;-102.06
32765.63;-102.30
32768.55;-102.22
32771.48;-102.14
32774.41;-102.30
32777.34;-102.22
32780.27;-101.90
32783.20;-101.90
32786.13;-101.83
32789.06;-101.83
32791.99;-101.90
32794.92;-101.98
32797.85;-101.98
32800.78;-101.90
32803.71;-101.98
32806.64;-102.30
32809.57;-102.30
32812.50;-102.06
32815.43;-102.30
32818.36;-102.30
32821.29;-101.98
32824.22;-101.98
32827.15;-101.90
32830.08;-101.67
32833.01;-101.59
32835.94;-101.83
32838.87;-102.22
32841.80;-102.06
32844.73;-101.83
32847.66;-101.90
32850.59;-101.90
32853.52;-101.67
32856.45;-101.51
32859.38;-101.75
32862.30;-101.90
32865.23;-101.90
32868.16;-101.98
32871.09;-102.06
32874.02;-101.83
32876.95;-101.75
32879.88;-101.75
32882.81;-101.75
32885.74;-101.90
32888.67;-102.14
32891.60;-102.30
32894.53;-102.30
32897.46;-102.06
32900.39;-102.06
32903.32;-101.83
32906.25;-101.98
32909.18;-102.45
32912.11;-102.22
32915.04;-101.90
32917.97;-101.90
32920.90;-102.14
32923.83;-102.06
32926.76;-102.14
32929.69;-102.22
32932.62;-102.22
32935.55;-102.06
32938.48;-101.98
32941.41;-101.98
32944.34;-101.90
32947.27;-101.75
32950.20;-101.90
32953.13;-101.83
32956.05;-101.98
32958.98;-101.98
32961.91;-101.98
32964.84;-101.90
32967.77;-101.83
32970.70;-101.83
32973.63;-101.90
32976.56;-102.14
32979.49;-102.06
32982.42;-101.98
32985.35;-101.83
32988.28;-102.14
32991.21;-102.14
32994.14;-102.22
32997.07;-102.22
33000.00;-102.22
33002.93;-102.22
33005.86;-101.98
33008.79;-102.06
33011.72;-102.06
33014.65;-101.98
33017.58;-101.90
33020.51;-101.67
33023.44;-101.83
33026.37;-101.75
33029.30;-101.90
33032.23;-101.98
33035.16;-101.90
33038.09;-102.37
33041.02;-102.37
33043.95;-102.30
33046.88;-101.83
33049.80;-101.83
33052.73;-102.14
33055.66;-102.22
33058.59;-101.83
33061.52;-101.59
33064.45;-101.83
33067.38;-102.06
33070.31;-101.98
33073.24;-102.06
33076.17;-102.14
33079.10;-102.06
33082.03;-101.98
33084.96;-101.90
33087.89;-102.06
33090.82;-102.06
33093.75;-102.06
33096.68;-101.98
33099.61;-102.06
33102.54;-101.98
33105.47;-102.06
33108.40;-101.98
33111.33;-102.14
33114.26;-102.30
33117.19;-102.06
33120.12;-101.98
33123.05;-101.83
33125.98;-101.75
33128.91;-101.90
33131.84;-101.83
33134.77;-101.75
33137.70;-101.90
33140.63;-101.90
33143.55;-101.75
33146.48;-102.14
33149.41;-101.90
33152.34;-101.90
33155.27;-101.83
33158.20;-102.14
33161.13;-102.22
33164.06;-102.22
33166.99;-102.22
33169.92;-101.98
33172.85;-101.90
33175.78;-101.83
33178.71;-101.83
33181.64;-101.90
33184.57;-101.98
33187.50;-102.14
33190.43;-102.06
33193.36;-101.83
33196.29;-101.83
33199.22;-101.90
33202.15;-101.90
33205.08;-101.75
33208.01;-101.98
33210.94;-102.30
33213.87;-102.06
33216.80;-101.90
33219.73;-101.98
33222.66;-101.98
33225.59;-102.14
33228.52;-101.98
33231.45;-102.14
33234.38;-102.22
33237.30;-101.83
33240.23;-101.67
33243.16;-101.67
33246.09;-101.67
33249.02;-101.83
33251.95;-102.06
33254.88;-102.30
33257.81;-101.75
33260.74;-101.83
33263.67;-102.06
33266.60;-101.83
33269.53;-101.67
33272.46;-101.90
33275.39;-102.06
33278.32;-102.06
33281.25;-102.30
33284.18;-102.30
33287.11;-102.22
33290.04;-101.90
33292.97;-101.83
33295.90;-102.06
33298.83;-102.06
33301.76;-101.90
33304.69;-102.06
33307.62;-102.06
33310.55;-102.06
33313.48;-101.90
33316.41;-101.83
33319.34;-101.75
33322.27;-101.90
33325.20;-101.90
33328.13;-101.83
33331.05;-101.98
33333.98;-102.06
33336.91;-101.90
33339.84;-101.75
33342.77;-101.75
33345.70;-101.59
33348.63;-101.75
33351.56;-102.06
33354.49;-101.98
33357.42;-101.75
33360.35;-101.67
33363.28;-101.75
33366.21;-101.83
33369.14;-101.90
33372.07;-101.83
33375.00;-101.83
33377.93;-101.75
33380.86;-101.75
33383.79;-101.83
33386.72;-101.90
33389.65;-101.98
33392.58;-101.98
33395.51;-101.90
33398.44;-101.75
33401.37;-101.90
33404.30;-102.06
33407.23;-101.98
33410.16;-101.98
33413.09;-101.98
33416.02;-102.06
33418.95;-102.06
33421.88;-101.98
33424.80;-101.83
33427.73;-101.83
33430.66;-101.83
33433.59;-101.83
33436.52;-101.90
33439.45;-102.06
33442.38;-102.14
33445.31;-101.90
33448.24;-101.90
33451.17;-101.83
33454.10;-101.90
33457.03;-101.83
33459.96;-102.06
33462.89;-101.98
33465.82;-101.98
33468.75;-101.90
33471.68;-101.98
33474.61;-101.90
33477.54;-101.59
33480.47;-101.67
33483.40;-101.90
33486.33;-102.06
33489.26;-101.90
33492.19;-101.90
33495.12;-102.06
33498.05;-101.90
33500.98;-101.83
33503.91;-101.83
33506.84;-101.90
33509.77;-102.14
33512.70;-102.06
33515.63;-101.83
33518.55;-101.83
33521.48;-101.75
33524.41;-101.90
33527.34;-101.90
33530.27;-102.06
33533.20;-101.98
33536.13;-101.98
33539.06;-101.83
33541.99;-102.06
33544.92;-102.14
33547.85;-101.90
33550.78;-101.83
33553.71;-101.83
33556.64;-102.14
33559.57;-102.14
33562.50;-101.83
33565.43;-101.67
33568.36;-101.83
33571.29;-101.83
33574.22;-102.06
33577.15;-102.06
33580.08;-101.98
33583.01;-101.98
33585.94;-101.98
33588.87;-102.06
33591.80;-102.06
33594.73;-101.90
33597.66;-101.90
33600.59;-101.67
33603.52;-101.36
33606.45;-101.51
33609.38;-102.22
33612.30;-102.14
33615.23;-101.98
33618.16;-101.83
33621.09;-101.90
33624.02;-101.83
33626.95;-101.90
33629.88;-101.83
33632.81;-101.90
33635.74;-101.90
33638.67;-101.67
33641.60;-101.67
33644.53;-102.06
33647.46;-102.06
33650.39;-102.14
33653.32;-101.90
33656.25;-101.90
33659.18;-101.67
33662.11;-101.67
33665.04;-101.90
33667.97;-101.90
33670.90;-101.75
33673.83;-101.59
33676.76;-101.90
33679.69;-101.98
33682.62;-101.98
33685.55;-101.98
33688.48;-102.06
33691.41;-101.83
33694.34;-101.98
33697.27;-101.83
33700.20;-101.90
33703.13;-101.98
33706.05;-101.90
33708.98;-101.90
33711.91;-101.75
33714.84;-101.98
33717.77;-101.75
33720.70;-101.83
33723.63;-101.83
33726.56;-101.75
33729.49;-101.59
33732.42;-101.51
33735.35;-101.36
33738.28;-101.67
33741.21;-101.90
33744.14;-101.90
33747.07;-101.75
33750.00;-101.75
33752.93;-101.83
33755.86;-101.75
33758.79;-101.90
33761.72;-101.90
33764.65;-101.90
33767.58;-101.90
33770.51;-101.67
33773.44;-101.59
33776.37;-101.59
33779.30;-101.90
33782.23;-101.98
33785.16;-102.06
33788.09;-102.06
33791.02;-101.98
33793.95;-101.83
33796.88;-101.67
33799.80;-101.90
33802.73;-101.67
33805.66;-101.44
33808.59;-101.67
33811.52;-101.90
33814.45;-101.98
33817.38;-101.90
33820.31;-101.75
33823.24;-101.83
33826.17;-101.98
33829.10;-101.98
33832.03;-101.90
33834.96;-101.75
33837.89;-101.67
33840.82;-101.51
33843.75;-101.83
33846.68;-101.83
33849.61;-101.75
33852.54;-101.83
33855.47;-101.83
33858.40;-101.75
33861.33;-101.90
33864.26;-101.98
33867.19;-101.75
33870.12;-101.90
33873.05;-101.83
33875.98;-101.90
33878.91;-102.06
33881.84;-101.75
33884.77;-101.67
33887.70;-101.59
33890.63;-101.67
33893.55;-101.59
33896.48;-101.67
33899.41;-101.98
33902.34;-101.59
33905.27;-101.75
33908.20;-102.14
33911.13;-101.90
33914.06;-101.51
33916.99;-101.51
33919.92;-101.59
33922.85;-102.06
33925.78;-101.98
33928.71;-102.06
33931.64;-101.98
33934.57;-101.90
33937.50;-101.90
33940.43;-101.83
33943.36;-102.06
33946.29;-102.14
33949.22;-102.14
33952.15;-101.90
33955.08;-101.90
33958.01;-101.98
33960.94;-101.98
33963.87;-102.06
33966.80;-101.90
33969.73;-101.90
33972.66;-101.83
33975.59;-101.90
33978.52;-102.14
33981.45;-102.06
33984.38;-101.98
33987.30;-102.06
33990.23;-102.14
33993.16;-102.06
33996.09;-101.90
33999.02;-101.83
34001.95;-101.75
34004.88;-101.59
34007.81;-101.75
34010.74;-101.59
34013.67;-101.51
34016.60;-101.67
34019.53;-101.90
34022.46;-101.90
34025.39;-101.90
34028.32;-101.90
34031.25;-101.98
34034.18;-102.06
34037.11;-101.98
34040.04;-102.22
34042.97;-101.98
34045.90;-101.59
34048.83;-101.75
34051.76;-101.90
34054.69;-101.83
34057.62;-101.67
34060.55;-101.67
34063.48;-101.75
34066.41;-101.90
34069.34;-101.59
34072.27;-101.75
34075.20;-101.90
34078.13;-101.83
34081.05;-101.75
34083.98;-101.98
34086.91;-102.14
34089.84;-101.75
34092.77;-101.67
34095.70;-101.90
34098.63;-101.98
34101.56;-101.90
34104.49;-101.83
34107.42;-101.67
34110.35;-101.83
34113.28;-101.90
34116.21;-101.98
34119.14;-101.83
34122.07;-101.51
34125.00;-101.75
34127.93;-101.67
34130.86;-101.67
34133.79;-101.98
34136.72;-101.75
34139.65;-101.75
34142.58;-101.67
34145.51;-101.90
34148.44;-101.83
34151.37;-101.59
34154.30;-101.67
34157.23;-101.75
34160.16;-101.75
34163.09;-101.90
34166.02;-101.75
34168.95;-101.90
34171.88;-101.90
34174.80;-101.51
34177.73;-101.51
34180.66;-101.67
34183.59;-101.98
34186.52;-101.75
34189.45;-101.59
34192.38;-101.83
34195.31;-101.98
34198.24;-101.98
34201.17;-101.59
34204.10;-101.67
34207.03;-102.06
34209.96;-101.83
34212.89;-101.75
34215.82;-101.67
34218.75;-101.75
34221.68;-101.98
34224.61;-101.98
34227.54;-101.67
34230.47;-101.75
34233.40;-102.14
34236.33;-101.98
34239.26;-101.98
34242.19;-101.67
34245.12;-101.67
34248.05;-101.44
34250.98;-101.67
34253.91;-101.90
34256.84;-101.90
34259.77;-101.90
34262.70;-101.90
34265.63;-101.83
34268.55;-101.90
34271.48;-101.90
34274.41;-101.90
34277.34;-101.67
34280.27;-101.83
34283.20;-102.06
34286.13;-102.06
34289.06;-101.83
34291.99;-101.51
34294.92;-101.36
34297.85;-101.44
34300.78;-101.59
34303.71;-101.75
34306.64;-101.83
34309.57;-101.75
34312.50;-101.75
34315.43;-101.67
34318.36;-101.75
34321.29;-101.90
34324.22;-101.75
34327.15;-101.75
34330.08;-101.67
34333.01;-101.67
34335.94;-102.06
34338.87;-101.83
34341.80;-101.67
34344.73;-101.90
34347.66;-101.75
34350.59;-101.67
34353.52;-101.67
34356.45;-101.90
34359.38;-101.67
34362.30;-101.59
34365.23;-101.75
34368.16;-101.83
34371.09;-101.83
34374.02;-101.67
34376.95;-101.67
34379.88;-101.67
34382.81;-101.83
34385.74;-101.90
34388.67;-101.75
34391.60;-101.75
34394.53;-101.67
34397.46;-101.51
34400.39;-101.59
34403.32;-101.59
34406.25;-101.36
34409.18;-101.51
34412.11;-101.44
34415.04;-101.75
34417.97;-101.67
34420.90;-101.67
34423.83;-101.67
34426.76;-101.67
34429.69;-101.67
34432.62;-101.90
34435.55;-101.75
34438.48;-101.67
34441.41;-101.90
34444.34;-101.83
34447.27;-101.59
34450.20;-101.59
34453.13;-101.98
34456.05;-101.98
34458.98;-101.90
34461.91;-101.98
34464.84;-102.14
34467.77;-102.06
34470.70;-101.90
34473.63;-101.51
34476.56;-101.67
34479.49;-101.83
34482.42;-101.67
34485.35;-101.75
34488.28;-101.98
34491.21;-101.75
34494.14;-101.67
34497.07;-101.67
34500.00;-101.90
34502.93;-101.75
34505.86;-101.67
34508.79;-101.67
34511.72;-101.67
34514.65;-101.67
34517.58;-101.59
34520.51;-101.67
34523.44;-101.75
34526.37;-101.75
34529.30;-101.67
34532.23;-101.51
34535.16;-101.59
34538.09;-101.83
34541.02;-101.75
34543.95;-101.59
34546.88;-101.67
34549.80;-101.75
34552.73;-101.75
34555.66;-101.83
34558.59;-101.83
34561.52;-101.75
34564.45;-101.75
34567.38;-101.75
34570.31;-101.67
34573.24;-101.75
34576.17;-101.90
34579.10;-101.90
34582.03;-101.90
34584.96;-101.83
34587.89;-101.83
34590.82;-101.75
34593.75;-101.59
34596.68;-101.59
34599.61;-101.51
34602.54;-101.59
34605.47;-101.90
34608.40;-102.06
34611.33;-101.90
34614.26;-101.83
34617.19;-101.90
34620.12;-101.98
34623.05;-101.67
34625.98;-101.98
34628.91;-101.98
34631.84;-101.44
34634.77;-101.59
34637.70;-101.51
34640.63;-101.98
34643.55;-102.14
34646.48;-101.90
34649.41;-101.75
34652.34;-101.59
34655.27;-101.67
34658.20;-101.90
34661.13;-101.67
34664.06;-101.44
34666.99;-101.83
34669.92;-101.75
34672.85;-101.51
34675.78;-101.75
34678.71;-101.75
34681.64;-101.51
34684.57;-101.44
34687.50;-101.59
34690.43;-101.83
34693.36;-101.67
34696.29;-101.67
34699.22;-101.59
34702.15;-101.75
34705.08;-101.90
34708.01;-101.90
34710.94;-101.90
34713.87;-101.90
34716.80;-101.83
34719.73;-101.75
34722.66;-101.83
34725.59;-101.75
34728.52;-101.98
34731.45;-101.44
34734.38;-101.51
34737.30;-101.67
34740.23;-101.44
34743.16;-101.36
34746.09;-101.51
34749.02;-101.75
34751.95;-102.06
34754.88;-101.83
34757.81;-101.90
34760.74;-101.83
34763.67;-101.59
34766.60;-101.51
34769.53;-101.67
34772.46;-101.44
34775.39;-101.51
34778.32;-101.59
34781.25;-101.67
34784.18;-101.83
34787.11;-101.90
34790.04;-101.83
34792.97;-101.67
34795.90;-101.44
34798.83;-101.67
34801.76;-101.83
34804.69;-101.83
34807.62;-101.59
34810.55;-101.36
34813.48;-101.90
34816.41;-101.90
34819.34;-101.98
34822.27;-101.83
34825.20;-101.67
34828.13;-101.59
34831.05;-101.59
34833.98;-101.51
34836.91;-101.44
34839.84;-101.90
34842.77;-101.67
34845.70;-101.51
34848.63;-101.67
34851.56;-101.75
34854.49;-101.90
34857.42;-101.83
34860.35;-101.75
34863.28;-101.90
34866.21;-101.59
34869.14;-101.44
34872.07;-101.51
34875.00;-101.75
34877.93;-101.75
34880.86;-101.83
34883.79;-101.83
34886.72;-101.67
34889.65;-101.67
34892.58;-101.67
34895.51;-101.59
34898.44;-101.59
34901.37;-101.75
34904.30;-101.83
34907.23;-101.90
34910.16;-101.83
34913.09;-101.90
34916.02;-101.98
34918.95;-101.90
34921.88;-101.75
34924.80;-101.75
34927.73;-101.36
34930.66;-101.67
34933.59;-101.83
34936.52;-101.67
34939.45;-101.67
34942.38;-101.67
34945.31;-101.90
34948.24;-102.22
34951.17;-101.90
34954.10;-101.83
34957.03;-101.67
34959.96;-101.75
34962.89;-101.90
34965.82;-101.75
34968.75;-101.67
34971.68;-101.75
34974.61;-101.83
34977.54;-101.59
34980.47;-101.59
34983.40;-101.51
34986.33;-101.51
34989.26;-101.59
34992.19;-101.83
34995.12;-101.67
34998.05;-101.67
35000.98;-101.67
35003.91;-101.75
35006.84;-101.83
35009.77;-101.67
35012.70;-101.75
35015.63;-101.67
35018.55;-101.98
35021.48;-101.75
35024.41;-101.67
35027.34;-101.67
35030.27;-101.83
35033.20;-101.75
35036.13;-101.59
35039.06;-101.90
35041.99;-101.83
35044.92;-101.51
35047.85;-101.51
35050.78;-101.51
35053.71;-101.75
35056.64;-101.59
35059.57;-101.59
35062.50;-101.51
35065.43;-101.83
35068.36;-101.83
35071.29;-101.75
35074.22;-101.59
35077.15;-101.51
35080.08;-101.51
35083.01;-101.83
35085.94;-101.98
35088.87;-101.98
35091.80;-101.83
35094.73;-101.75
35097.66;-101.90
35100.59;-101.90
35103.52;-101.59
35106.45;-101.67
35109.38;-101.59
35112.30;-101.51
35115.23;-102.14
35118.16;-102.14
35121.09;-101.75
35124.02;-101.51
35126.95;-101.67
35129.88;-101.83
35132.81;-101.67
35135.74;-101.83
35138.67;-101.75
35141.60;-101.75
35144.53;-101.75
35147.46;-101.83
35150.39;-101.83
35153.32;-101.59
35156.25;-101.67
35159.18;-101.75
35162.11;-101.75
35165.04;-101.59
35167.97;-101.67
35170.90;-101.59
35173.83;-101.59
35176.76;-101.59
35179.69;-101.67
35182.62;-101.98
35185.55;-101.67
35188.48;-101.59
35191.41;-101.59
35194.34;-101.67
35197.27;-101.67
35200.20;-101.90
35203.13;-102.06
35206.05;-101.83
35208.98;-101.75
35211.91;-101.51
35214.84;-101.59
35217.77;-101.75
35220.70;-101.59
35223.63;-101.90
35226.56;-101.90
35229.49;-101.75
35232.42;-101.59
35235.35;-101.44
35238.28;-101.83
35241.21;-101.83
35244.14;-101.36
35247.07;-101.44
35250.00;-101.75
35252.93;-101.75
35255.86;-101.67
35258.79;-101.59
35261.72;-101.83
35264.65;-101.90
35267.58;-101.75
35270.51;-101.67
35273.44;-101.44
35276.37;-101.59
35279.30;-101.59
35282.23;-101.44
35285.16;-101.59
35288.09;-101.51
35291.02;-101.83
35293.95;-101.83
35296.88;-101.67
35299.80;-101.51
35302.73;-101.67
35305.66;-101.75
35308.59;-101.75
35311.52;-101.83
35314.45;-101.75
35317.38;-101.90
35320.31;-101.83
35323.24;-101.51
35326.17;-101.44
35329.10;-101.59
35332.03;-101.83
35334.96;-101.75
35337.89;-101.75
35340.82;-101.90
35343.75;-101.59
35346.68;-101.44
35349.61;-101.75
35352.54;-101.75
35355.47;-101.83
35358.40;-101.98
35361.33;-101.59
35364.26;-101.36
35367.19;-101.12
35370.12;-101.36
35373.05;-101.51
35375.98;-101.59
35378.91;-101.67
35381.84;-101.59
35384.77;-101.51
35387.70;-101.36
35390.63;-101.20
35393.55;-101.59
35396.48;-101.75
35399.41;-101.59
35402.34;-101.83
35405.27;-101.98
35408.20;-101.59
35411.13;-101.36
35414.06;-101.36
35416.99;-101.44
35419.92;-101.51
35422.85;-101.59
35425.78;-101.51
35428.71;-101.36
35431.64;-101.51
35434.57;-101.44
35437.50;-101.51
35440.43;-101.59
35443.36;-101.67
35446.29;-101.59
35449.22;-101.59
35452.15;-101.51
35455.08;-101.67
35458.01;-101.36
35460.94;-101.51
35463.87;-101.51
35466.80;-101.67
35469.73;-101.51
35472.66;-101.44
35475.59;-101.51
35478.52;-101.67
35481.45;-101.90
35484.38;-102.14
35487.30;-101.75
35490.23;-101.59
35493.16;-101.59
35496.09;-101.59
35499.02;-101.59
35501.95;-101.67
35504.88;-101.59
35507.81;-101.75
35510.74;-101.75
35513.67;-101.51
35516.60;-101.51
35519.53;-101.67
35522.46;-101.67
35525.39;-101.51
35528.32;-101.44
35531.25;-101.75
35534.18;-101.90
35537.11;-101.75
35540.04;-101.83
35542.97;-101.67
35545.90;-101.67
35548.83;-101.67
35551.76;-101.75
35554.69;-101.83
35557.62;-101.67
35560.55;-101.90
35563.48;-101.59
35566.41;-101.28
35569.34;-101.44
35572.27;-101.75
35575.20;-101.59
35578.13;-101.51
35581.05;-101.59
35583.98;-101.75
35586.91;-101.36
35589.84;-101.44
35592.77;-101.44
35595.70;-101.75
35598.63;-101.59
35601.56;-101.44
35604.49;-101.51
35607.42;-101.75
35610.35;-101.90
35613.28;-101.75
35616.21;-101.75
35619.14;-101.67
35622.07;-101.44
35625.00;-101.59
35627.93;-101.67
35630.86;-101.36
35633.79;-101.51
35636.72;-101.90
35639.65;-101.90
35642.58;-101.51
35645.51;-101.44
35648.44;-101.59
35651.37;-101.67
35654.30;-101.36
35657.23;-101.59
35660.16;-101.90
35663.09;-101.83
35666.02;-101.44
35668.95;-101.59
35671.88;-101.67
35674.80;-101.67
35677.73;-101.67
35680.66;-101.67
35683.59;-101.59
35686.52;-101.51
35689.45;-101.67
35692.38;-101.83
35695.31;-101.59
35698.24;-101.83
35701.17;-101.83
35704.10;-101.83
35707.03;-101.51
35709.96;-101.51
35712.89;-101.67
35715.82;-101.75
35718.75;-101.83
35721.68;-101.67
35724.61;-101.75
35727.54;-101.83
35730.47;-101.59
35733.40;-101.51
35736.33;-101.44
35739.26;-101.75
35742.19;-101.67
35745.12;-101.67
35748.05;-101.67
35750.98;-101.75
35753.91;-101.75
35756.84;-101.67
35759.77;-101.75
35762.70;-101.59
35765.63;-101.51
35768.55;-101.67
35771.48;-101.59
35774.41;-101.36
35777.34;-101.20
35780.27;-101.51
35783.20;-101.51
35786.13;-101.44
35789.06;-101.36
35791.99;-101.59
35794.92;-101.44
35797.85;-101.67
35800.78;-102.06
35803.71;-101.83
35806.64;-101.59
35809.57;-101.67
35812.50;-101.44
35815.43;-101.36
35818.36;-101.44
35821.29;-101.28
35824.22;-101.20
35827.15;-101.36
35830.08;-101.51
35833.01;-101.51
35835.94;-101.44
35838.87;-101.44
35841.80;-101.67
35844.73;-101.51
35847.66;-101.51
35850.59;-101.51
35853.52;-101.75
35856.45;-101.51
35859.38;-101.59
35862.30;-101.59
35865.23;-101.51
35868.16;-101.51
35871.09;-101.36
35874.02;-101.28
35876.95;-101.75
35879.88;-101.83
35882.81;-101.59
35885.74;-101.51
35888.67;-101.59
35891.60;-101.67
35894.53;-101.44
35897.46;-101.59
35900.39;-101.75
35903.32;-101.75
35906.25;-101.67
35909.18;-101.44
35912.11;-101.51
35915.04;-101.51
35917.97;-101.67
35920.90;-101.59
35923.83;-101.75
35926.76;-101.51
35929.69;-101.67
35932.62;-101.67
35935.55;-101.51
35938.48;-101.44
35941.41;-101.67
35944.34;-101.44
35947.27;-101.75
35950.20;-101.75
35953.13;-101.51
35956.05;-101.44
35958.98;-101.75
35961.91;-101.59
35964.84;-101.59
35967.77;-101.75
35970.70;-101.75
35973.63;-101.59
35976.56;-101.59
35979.49;-101.75
35982.42;-101.59
35985.35;-101.28
35988.28;-101.36
35991.21;-101.51
35994.14;-101.36
35997.07;-101.51
36000.00;-101.75
36002.93;-101.51
36005.86;-101.44
36008.79;-101.59
36011.72;-101.59
36014.65;-101.51
36017.58;-101.67
36020.51;-101.83
36023.44;-101.75
36026.37;-101.59
36029.30;-101.75
36032.23;-101.75
36035.16;-101.44
36038.09;-101.59
36041.02;-101.75
36043.95;-101.67
36046.88;-101.59
36049.80;-101.51
36052.73;-101.51
36055.66;-101.83
36058.59;-101.75
36061.52;-101.51
36064.45;-101.51
36067.38;-101.59
36070.31;-101.75
36073.24;-101.75
36076.17;-101.67
36079.10;-101.67
36082.03;-101.51
36084.96;-101.51
36087.89;-101.59
36090.82;-101.67
36093.75;-101.67
36096.68;-101.51
36099.61;-101.44
36102.54;-101.59
36105.47;-101.67
36108.40;-101.67
36111.33;-101.51
36114.26;-101.36
36117.19;-101.44
36120.12;-101.51
36123.05;-101.51
36125.98;-101.67
36128.91;-101.36
36131.84;-101.44
36134.77;-101.36
36137.70;-101.12
36140.63;-101.36
36143.55;-101.44
36146.48;-101.36
36149.41;-101.44
36152.34;-101.44
36155.27;-101.36
36158.20;-101.67
36161.13;-101.59
36164.06;-101.28
36166.99;-101.12
36169.92;-101.36
36172.85;-101.51
36175.78;-101.51
36178.71;-101.51
36181.64;-101.59
36184.57;-101.67
36187.50;-101.67
36190.43;-101.44
36193.36;-101.44
36196.29;-101.75
36199.22;-101.75
36202.15;-101.67
36205.08;-101.67
36208.01;-101.28
36210.94;-101.51
36213.87;-101.51
36216.80;-101.59
36219.73;-101.83
36222.66;-101.90
36225.59;-101.59
36228.52;-101.28
36231.45;-101.28
36234.38;-101.44
36237.30;-101.44
36240.23;-101.28
36243.16;-101.51
36246.09;-101.67
36249.02;-101.67
36251.95;-101.59
36254.88;-101.36
36257.81;-101.36
36260.74;-101.28
36263.67;-101.44
36266.60;-101.59
36269.53;-101.67
36272.46;-101.75
36275.39;-101.51
36278.32;-101.51
36281.25;-101.51
36284.18;-101.59
36287.11;-101.36
36290.04;-101.20
36292.97;-101.05
36295.90;-101.20
36298.83;-101.44
36301.76;-101.44
36304.69;-101.67
36307.62;-101.51
36310.55;-101.36
36313.48;-101.36
36316.41;-101.51
36319.34;-101.59
36322.27;-101.67
36325.20;-101.51
36328.13;-101.44
36331.05;-101.28
36333.98;-101.20
36336.91;-101.12
36339.84;-101.44
36342.77;-101.75
36345.70;-101.75
36348.63;-101.59
36351.56;-101.36
36354.49;-101.05
36357.42;-101.44
36360.35;-101.36
36363.28;-101.36
36366.21;-101.28
36369.14;-101.28
36372.07;-101.36
36375.00;-101.36
36377.93;-101.36
36380.86;-101.75
36383.79;-101.75
36386.72;-101.44
36389.65;-101.28
36392.58;-101.28
36395.51;-101.51
36398.44;-101.51
36401.37;-101.36
36404.30;-101.51
36407.23;-101.44
36410.16;-101.36
36413.09;-101.28
36416.02;-101.44
36418.95;-101.59
36421.88;-101.67
36424.80;-101.36
36427.73;-101.36
36430.66;-101.44
36433.59;-101.83
36436.52;-101.75
36439.45;-101.44
36442.38;-101.44
36445.31;-101.44
36448.24;-101.20
36451.17;-101.12
36454.10;-101.44
36457.03;-101.67
36459.96;-101.51
36462.89;-101.51
36465.82;-101.36
36468.75;-101.44
36471.68;-101.75
36474.61;-101.59
36477.54;-101.36
36480.47;-101.59
36483.40;-101.36
36486.33;-101.44
36489.26;-101.36
36492.19;-101.51
36495.12;-101.67
36498.05;-101.36
36500.98;-101.12
36503.91;-101.51
36506.84;-101.51
36509.77;-101.44
36512.70;-101.44
36515.63;-101.44
36518.55;-101.67
36521.48;-101.83
36524.41;-101.59
36527.34;-101.36
36530.27;-101.36
36533.20;-101.44
36536.13;-101.59
36539.06;-101.44
36541.99;-101.44
36544.92;-101.36
36547.85;-101.12
36550.78;-101.20
36553.71;-101.44
36556.64;-101.44
36559.57;-101.59
36562.50;-101.75
36565.43;-101.83
36568.36;-101.51
36571.29;-101.51
36574.22;-101.20
36577.15;-101.36
36580.08;-101.59
36583.01;-101.67
36585.94;-101.67
36588.87;-101.59
36591.80;-101.75
36594.73;-101.44
36597.66;-101.44
36600.59;-101.67
36603.52;-101.51
36606.45;-101.51
36609.38;-101.67
36612.30;-101.36
36615.23;-101.28
36618.16;-101.44
36621.09;-101.51
36624.02;-101.59
36626.95;-101.51
36629.88;-101.59
36632.81;-101.59
36635.74;-101.51
36638.67;-101.36
36641.60;-101.51
36644.53;-101.51
36647.46;-101.36
36650.39;-101.59
36653.32;-101.28
36656.25;-101.67
36659.18;-101.90
36662.11;-101.59
36665.04;-101.51
36667.97;-101.67
36670.90;-101.67
36673.83;-101.67
36676.76;-101.51
36679.69;-101.28
36682.62;-101.28
36685.55;-101.51
36688.48;-101.83
36691.41;-101.90
36694.34;-101.67
36697.27;-101.44
36700.20;-101.44
36703.13;-101.44
36706.05;-101.59
36708.98;-101.36
36711.91;-101.28
36714.84;-101.44
36717.77;-101.83
36720.70;-101.51
36723.63;-101.28
36726.56;-101.05
36729.49;-101.36
36732.42;-101.44
36735.35;-101.36
36738.28;-101.28
36741.21;-101.28
36744.14;-101.05
36747.07;-101.20
36750.00;-101.28
36752.93;-101.36
36755.86;-101.36
36758.79;-101.28
36761.72;-101.20
36764.65;-101.36
36767.58;-101.59
36770.51;-101.59
36773.44;-101.75
36776.37;-101.59
36779.30;-101.67
36782.23;-101.51
36785.16;-101.51
36788.09;-101.59
36791.02;-101.36
36793.95;-101.28
36796.88;-101.28
36799.80;-101.20
36802.73;-101.28
36805.66;-101.36
36808.59;-101.59
36811.52;-101.90
36814.45;-101.59
36817.38;-101.36
36820.31;-101.28
36823.24;-101.44
36826.17;-101.67
36829.10;-101.67
36832.03;-101.67
36834.96;-101.51
36837.89;-101.36
36840.82;-101.20
36843.75;-101.20
36846.68;-101.59
36849.61;-101.51
36852.54;-101.44
36855.47;-101.51
36858.40;-101.51
36861.33;-101.44
36864.26;-101.51
36867.19;-101.51
36870.12;-101.36
36873.05;-101.20
36875.98;-101.36
36878.91;-101.44
36881.84;-101.59
36884.77;-101.44
36887.70;-101.36
36890.63;-101.36
36893.55;-101.28
36896.48;-101.28
36899.41;-101.51
36902.34;-101.51
36905.27;-101.44
36908.20;-101.28
36911.13;-101.51
36914.06;-101.44
36916.99;-101.28
36919.92;-101.44
36922.85;-101.28
36925.78;-101.20
36928.71;-101.28
36931.64;-101.44
36934.57;-101.67
36937.50;-101.75
36940.43;-101.51
36943.36;-101.28
36946.29;-101.20
36949.22;-101.20
36952.15;-101.28
36955.08;-101.28
36958.01;-101.44
36960.94;-101.59
36963.87;-101.67
36966.80;-101.59
36969.73;-101.44
36972.66;-101.44
36975.59;-101.59
36978.52;-101.12
36981.45;-101.05
36984.38;-101.36
36987.30;-101.36
36990.23;-101.51
36993.16;-101.51
36996.09;-101.51
36999.02;-101.51
37001.95;-101.44
37004.88;-101.36
37007.81;-101.05
37010.74;-101.20
37013.67;-101.36
37016.60;-101.51
37019.53;-101.59
37022.46;-101.59
37025.39;-101.28
37028.32;-101.36
37031.25;-101.51
37034.18;-101.44
37037.11;-101.59
37040.04;-101.44
37042.97;-101.28
37045.90;-101.12
37048.83;-101.36
37051.76;-101.51
37054.69;-101.67
37057.62;-101.44
37060.55;-101.28
37063.48;-101.28
37066.41;-101.36
37069.34;-101.20
37072.27;-101.28
37075.20;-101.36
37078.13;-101.28
37081.05;-101.28
37083.98;-101.28
37086.91;-101.44
37089.84;-101.59
37092.77;-101.59
37095.70;-101.67
37098.63;-101.67
37101.56;-101.51
37104.49;-101.36
37107.42;-101.36
37110.35;-101.59
37113.28;-101.44
37116.21;-101.28
37119.14;-101.20
37122.07;-101.36
37125.00;-101.28
37127.93;-101.44
37130.86;-101.36
37133.79;-101.44
37136.72;-101.36
37139.65;-101.44
37142.58;-101.36
37145.51;-101.28
37148.44;-101.51
37151.37;-101.44
37154.30;-101.28
37157.23;-101.28
37160.16;-101.59
37163.09;-101.44
37166.02;-101.51
37168.95;-101.44
37171.88;-101.05
37174.80;-101.20
37177.73;-101.51
37180.66;-101.51
37183.59;-101.12
37186.52;-101.12
37189.45;-101.44
37192.38;-101.44
37195.31;-101.36
37198.24;-101.36
37201.17;-101.44
37204.10;-101.59
37207.03;-101.51
37209.96;-101.51
37212.89;-101.36
37215.82;-101.20
37218.75;-101.12
37221.68;-101.20
37224.61;-101.67
37227.54;-101.67
37230.47;-101.51
37233.40;-101.28
37236.33;-101.20
37239.26;-101.51
37242.19;-101.51
37245.12;-101.67
37248.05;-101.67
37250.98;-101.44
37253.91;-101.75
37256.84;-101.90
37259.77;-101.51
37262.70;-101.28
37265.63;-101.44
37268.55;-101.44
37271.48;-101.44
37274.41;-101.51
37277.34;-101.44
37280.27;-101.28
37283.20;-101.51
37286.13;-101.12
37289.06;-101.28
37291.99;-101.20
37294.92;-101.20
37297.85;-101.36
37300.78;-101.51
37303.71;-101.28
37306.64;-101.28
37309.57;-101.44
37312.50;-101.28
37315.43;-101.28
37318.36;-101.12
37321.29;-101.36
37324.22;-101.44
37327.15;-101.28
37330.08;-101.36
37333.01;-101.67
37335.94;-101.36
37338.87;-101.05
37341.80;-101.20
37344.73;-101.51
37347.66;-101.59
37350.59;-101.51
37353.52;-101.75
37356.45;-101.51
37359.38;-101.12
37362.30;-101.51
37365.23;-101.67
37368.16;-101.67
37371.09;-101.75
37374.02;-101.51
37376.95;-101.44
37379.88;-101.51
37382.81;-101.59
37385.74;-101.44
37388.67;-101.51
37391.60;-101.36
37394.53;-101.44
37397.46;-101.28
37400.39;-101.28
37403.32;-101.44
37406.25;-101.36
37409.18;-101.44
37412.11;-101.59
37415.04;-101.44
37417.97;-101.28
37420.90;-101.36
37423.83;-101.20
37426.76;-101.20
37429.69;-101.44
37432.62;-101.28
37435.55;-101.51
37438.48;-101.75
37441.41;-101.44
37444.34;-101.28
37447.27;-101.44
37450.20;-101.36
37453.13;-101.59
37456.05;-101.44
37458.98;-101.12
37461.91;-101.20
37464.84;-101.51
37467.77;-101.67
37470.70;-101.67
37473.63;-101.44
37476.56;-101.20
37479.49;-101.28
37482.42;-101.20
37485.35;-101.28
37488.28;-101.51
37491.21;-101.83
37494.14;-101.44
37497.07;-101.36
37500.00;-101.51
37502.93;-101.36
37505.86;-101.05
37508.79;-101.36
37511.72;-101.28
37514.65;-101.59
37517.58;-101.36
37520.51;-101.20
37523.44;-101.51
37526.37;-101.44
37529.30;-101.51
37532.23;-101.51
37535.16;-101.36
37538.09;-101.44
37541.02;-101.59
37543.95;-101.59
37546.88;-101.59
37549.80;-101.51
37552.73;-101.51
37555.66;-101.20
37558.59;-101.12
37561.52;-101.44
37564.45;-101.36
37567.38;-101.36
37570.31;-101.36
37573.24;-101.28
37576.17;-101.51
37579.10;-101.67
37582.03;-101.59
37584.96;-101.28
37587.89;-101.05
37590.82;-101.28
37593.75;-101.44
37596.68;-101.28
37599.61;-101.28
37602.54;-101.12
37605.47;-101.12
37608.40;-101.20
37611.33;-101.20
37614.26;-101.20
37617.19;-101.20
37620.12;-101.28
37623.05;-101.44
37625.98;-101.36
37628.91;-101.28
37631.84;-101.36
37634.77;-101.28
37637.70;-101.59
37640.63;-101.51
37643.55;-101.36
37646.48;-101.36
37649.41;-101.44
37652.34;-101.05
37655.27;-101.28
37658.20;-101.36
37661.13;-101.36
37664.06;-101.51
37666.99;-101.44
37669.92;-101.28
37672.85;-101.36
37675.78;-101.44
37678.71;-101.67
37681.64;-101.28
37684.57;-100.97
37687.50;-101.20
37690.43;-101.36
37693.36;-101.44
37696.29;-101.51
37699.22;-101.51
37702.15;-101.12
37705.08;-101.28
37708.01;-101.36
37710.94;-101.05
37713.87;-101.28
37716.80;-101.59
37719.73;-101.51
37722.66;-101.67
37725.59;-101.44
37728.52;-101.51
37731.45;-101.51
37734.38;-101.12
37737.30;-101.44
37740.23;-101.59
37743.16;-101.67
37746.09;-101.75
37749.02;-101.20
37751.95;-101.12
37754.88;-101.36
37757.81;-101.36
37760.74;-101.51
37763.67;-101.51
37766.60;-101.28
37769.53;-101.20
37772.46;-101.36
37775.39;-101.20
37778.32;-101.20
37781.25;-101.20
37784.18;-101.28
37787.11;-101.20
37790.04;-101.12
37792.97;-101.36
37795.90;-101.28
37798.83;-101.51
37801.76;-101.67
37804.69;-101.67
37807.62;-101.59
37810.55;-101.20
37813.48;-101.28
37816.41;-101.20
37819.34;-101.12
37822.27;-101.51
37825.20;-101.44
37828.13;-101.20
37831.05;-101.12
37833.98;-101.51
37836.91;-101.59
37839.84;-101.20
37842.77;-101.20
37845.70;-101.51
37848.63;-101.20
37851.56;-101.28
37854.49;-101.51
37857.42;-101.28
37860.35;-101.12
37863.28;-101.51
37866.21;-101.36
37869.14;-101.12
37872.07;-101.36
37875.00;-101.44
37877.93;-101.44
37880.86;-101.59
37883.79;-101.51
37886.72;-101.36
37889.65;-101.20
37892.58;-101.20
37895.51;-101.83
37898.44;-101.51
37901.37;-101.44
37904.30;-101.36
37907.23;-101.44
37910.16;-101.44
37913.09;-101.44
37916.02;-101.36
37918.95;-101.28
37921.88;-101.28
37924.80;-101.20
37927.73;-101.51
37930.66;-101.44
37933.59;-101.44
37936.52;-101.51
37939.45;-101.28
37942.38;-101.28
37945.31;-101.67
37948.24;-101.51
37951.17;-101.51
37954.10;-101.51
37957.03;-101.36
37959.96;-101.51
37962.89;-101.59
37965.82;-101.36
37968.75;-101.51
37971.68;-101.83
37974.61;-101.67
37977.54;-101.36
37980.47;-101.20
37983.40;-101.20
37986.33;-101.44
37989.26;-101.28
37992.19;-101.12
37995.12;-101.20
37998.05;-101.44
38000.98;-101.67
38003.91;-101.44
38006.84;-101.36
38009.77;-101.51
38012.70;-101.44
38015.63;-101.20
38018.55;-101.36
38021.48;-101.36
38024.41;-101.36
38027.34;-101.36
38030.27;-101.44
38033.20;-101.05
38036.13;-101.05
38039.06;-101.28
38041.99;-101.28
38044.92;-101.51
38047.85;-101.36
38050.78;-101.28
38053.71;-101.44
38056.64;-101.44
38059.57;-101.20
38062.50;-101.20
38065.43;-101.44
38068.36;-101.36
38071.29;-101.28
38074.22;-101.28
38077.15;-101.75
38080.08;-101.59
38083.01;-101.44
38085.94;-101.51
38088.87;-101.36
38091.80;-101.20
38094.73;-101.36
38097.66;-101.59
38100.59;-101.51
38103.52;-101.36
38106.45;-101.20
38109.38;-101.05
38112.30;-101.05
38115.23;-101.28
38118.16;-101.36
38121.09;-101.44
38124.02;-101.44
38126.95;-101.36
38129.88;-101.36
38132.81;-101.36
38135.74;-101.20
38138.67;-101.44
38141.60;-101.28
38144.53;-101.12
38147.46;-101.51
38150.39;-101.28
38153.32;-101.20
38156.25;-101.36
38159.18;-101.28
38162.11;-101.05
38165.04;-101.20
38167.97;-101.36
38170.90;-101.12
38173.83;-101.20
38176.76;-101.20
38179.69;-101.28
38182.62;-101.12
38185.55;-101.36
38188.48;-101.36
38191.41;-101.20
38194.34;-101.20
38197.27;-101.44
38200.20;-101.44
38203.13;-101.36
38206.05;-101.44
38208.98;-101.67
38211.91;-101.44
38214.84;-101.36
38217.77;-101.44
38220.70;-101.36
38223.63;-101.28
38226.56;-101.51
38229.49;-101.28
38232.42;-101.12
38235.35;-101.28
38238.28;-101.36
38241.21;-101.28
38244.14;-101.12
38247.07;-101.20
38250.00;-101.28
38252.93;-101.28
38255.86;-101.36
38258.79;-101.20
38261.72;-101.36
38264.65;-101.36
38267.58;-101.51
38270.51;-101.44
38273.44;-101.20
38276.37;-101.20
38279.30;-101.12
38282.23;-101.20
38285.16;-101.28
38288.09;-101.51
38291.02;-101.36
38293.95;-101.05
38296.88;-101.36
38299.80;-101.44
38302.73;-101.20
38305.66;-101.20
38308.59;-101.36
38311.52;-101.36
38314.45;-101.20
38317.38;-101.28
38320.31;-101.28
38323.24;-101.20
38326.17;-101.12
38329.10;-101.36
38332.03;-101.36
38334.96;-101.51
38337.89;-101.59
38340.82;-101.44
38343.75;-101.36
38346.68;-101.44
38349.61;-101.05
38352.54;-101.05
38355.47;-101.20
38358.40;-101.12
38361.33;-101.36
38364.26;-101.59
38367.19;-101.36
38370.12;-101.20
38373.05;-101.20
38375.98;-101.20
38378.91;-101.36
38381.84;-101.28
38384.77;-101.44
38387.70;-101.36
38390.63;-101.28
38393.55;-101.12
38396.48;-100.89
38399.41;-100.89
38402.34;-101.20
38405.27;-101.12
38408.20;-101.05
38411.13;-100.81
38414.06;-100.97
38416.99;-101.05
38419.92;-100.97
38422.85;-101.36
38425.78;-101.44
38428.71;-101.44
38431.64;-101.12
38434.57;-101.05
38437.50;-101.28
38440.43;-101.20
38443.36;-101.28
38446.29;-101.20
38449.22;-101.28
38452.15;-101.12
38455.08;-101.20
38458.01;-101.51
38460.94;-101.44
38463.87;-101.36
38466.80;-101.28
38469.73;-101.28
38472.66;-101.59
38475.59;-101.59
38478.52;-101.44
38481.45;-101.51
38484.38;-101.20
38487.30;-101.05
38490.23;-101.36
38493.16;-101.44
38496.09;-101.36
38499.02;-101.12
38501.95;-101.20
38504.88;-101.28
38507.81;-101.20
38510.74;-101.20
38513.67;-101.05
38516.60;-101.36
38519.53;-101.36
38522.46;-101.36
38525.39;-101.12
38528.32;-101.28
38531.25;-101.12
38534.18;-101.28
38537.11;-101.20
38540.04;-101.28
38542.97;-101.28
38545.90;-101.28
38548.83;-101.05
38551.76;-101.05
38554.69;-101.20
38557.62;-101.20
38560.55;-101.36
38563.48;-101.75
38566.41;-101.12
38569.34;-101.12
38572.27;-101.44
38575.20;-101.59
38578.13;-101.59
38581.05;-101.12
38583.98;-101.28
38586.91;-101.44
38589.84;-101.12
38592.77;-101.05
38595.70;-101.44
38598.63;-101.28
38601.56;-101.05
38604.49;-101.20
38607.42;-101.36
38610.35;-101.28
38613.28;-101.28
38616.21;-101.12
38619.14;-101.28
38622.07;-101.12
38625.00;-101.20
38627.93;-101.28
38630.86;-101.12
38633.79;-101.28
38636.72;-101.59
38639.65;-101.59
38642.58;-101.44
38645.51;-101.05
38648.44;-100.97
38651.37;-101.28
38654.30;-101.12
38657.23;-101.20
38660.16;-101.05
38663.09;-101.20
38666.02;-101.12
38668.95;-101.05
38671.88;-101.20
38674.80;-101.36
38677.73;-101.44
38680.66;-100.97
38683.59;-100.97
38686.52;-101.20
38689.45;-101.28
38692.38;-101.28
38695.31;-101.20
38698.24;-101.44
38701.17;-101.28
38704.10;-101.44
38707.03;-101.36
38709.96;-101.05
38712.89;-100.97
38715.82;-101.12
38718.75;-101.28
38721.68;-101.05
38724.61;-101.12
38727.54;-101.20
38730.47;-100.97
38733.40;-101.12
38736.33;-101.12
38739.26;-100.97
38742.19;-101.05
38745.12;-100.89
38748.05;-101.05
38750.98;-101.28
38753.91;-101.12
38756.84;-101.05
38759.77;-101.36
38762.70;-101.36
38765.63;-101.20
38768.55;-101.12
38771.48;-101.28
38774.41;-101.51
38777.34;-101.51
38780.27;-101.44
38783.20;-101.51
38786.13;-101.28
38789.06;-101.20
38791.99;-101.51
38794.92;-101.28
38797.85;-101.36
38800.78;-101.36
38803.71;-101.12
38806.64;-101.20
38809.57;-101.28
38812.50;-101.20
38815.43;-101.12
38818.36;-101.20
38821.29;-101.20
38824.22;-101.20
38827.15;-100.97
38830.08;-101.36
38833.01;-101.28
38835.94;-101.36
38838.87;-101.36
38841.80;-101.20
38844.73;-101.28
38847.66;-100.89
38850.59;-100.97
38853.52;-101.36
38856.45;-101.20
38859.38;-101.12
38862.30;-101.36
38865.23;-101.20
38868.16;-101.28
38871.09;-101.28
38874.02;-101.20
38876.95;-101.20
38879.88;-101.36
38882.81;-101.12
38885.74;-100.89
38888.67;-101.12
38891.60;-101.20
38894.53;-101.36
38897.46;-101.20
38900.39;-101.12
38903.32;-101.20
38906.25;-101.44
38909.18;-101.20
38912.11;-101.20
38915.04;-101.44
38917.97;-101.67
38920.90;-101.44
38923.83;-101.20
38926.76;-100.89
38929.69;-100.89
38932.62;-101.12
38935.55;-101.05
38938.48;-101.28
38941.41;-100.97
38944.34;-101.05
38947.27;-101.36
38950.20;-101.51
38953.13;-101.44
38956.05;-101.59
38958.98;-101.44
38961.91;-101.05
38964.84;-101.05
38967.77;-101.20
38970.70;-101.20
38973.63;-101.05
38976.56;-101.05
38979.49;-101.20
38982.42;-101.51
38985.35;-101.51
38988.28;-101.36
38991.21;-101.12
38994.14;-101.20
38997.07;-101.12
39000.00;-100.97
39002.93;-101.12
39005.86;-101.20
39008.79;-101.12
39011.72;-101.12
39014.65;-101.28
39017.58;-100.97
39020.51;-101.05
39023.44;-101.28
39026.37;-101.36
39029.30;-101.51
39032.23;-101.36
39035.16;-101.05
39038.09;-100.97
39041.02;-101.12
39043.95;-101.28
39046.88;-101.28
39049.80;-101.20
39052.73;-101.12
39055.66;-101.20
39058.59;-101.12
39061.52;-101.12
39064.45;-101.20
39067.38;-101.36
39070.31;-101.44
39073.24;-101.28
39076.17;-100.97
39079.10;-100.97
39082.03;-101.20
39084.96;-101.05
39087.89;-100.97
39090.82;-101.28
39093.75;-101.51
39096.68;-101.36
39099.61;-101.20
39102.54;-101.05
39105.47;-101.20
39108.40;-101.12
39111.33;-101.12
39114.26;-101.20
39117.19;-101.20
39120.12;-101.28
39123.05;-101.44
39125.98;-101.20
39128.91;-101.05
39131.84;-101.28
39134.77;-101.36
39137.70;-101.36
39140.63;-101.12
39143.55;-101.05
39146.48;-100.97
39149.41;-101.12
39152.34;-101.12
39155.27;-101.20
39158.20;-101.20
39161.13;-101.12
39164.06;-101.20
39166.99;-101.05
39169.92;-100.97
39172.85;-100.97
39175.78;-101.12
39178.71;-101.20
39181.64;-101.05
39184.57;-100.97
39187.50;-101.44
39190.43;-101.44
39193.36;-101.20
39196.29;-101.20
39199.22;-101.28
39202.15;-101.28
39205.08;-101.12
39208.01;-101.12
39210.94;-101.28
39213.87;-101.36
39216.80;-101.20
39219.73;-100.97
39222.66;-101.12
39225.59;-101.28
39228.52;-101.44
39231.45;-101.44
39234.38;-101.44
39237.30;-101.51
39240.23;-101.05
39243.16;-100.97
39246.09;-101.05
39249.02;-101.12
39251.95;-100.97
39254.88;-101.20
39257.81;-101.05
39260.74;-101.05
39263.67;-101.05
39266.60;-101.20
39269.53;-101.28
39272.46;-101.36
39275.39;-101.36
39278.32;-101.44
39281.25;-101.12
39284.18;-101.36
39287.11;-101.36
39290.04;-101.05
39292.97;-101.12
39295.90;-101.36
39298.83;-101.36
39301.76;-101.36
39304.69;-101.44
39307.62;-101.28
39310.55;-101.12
39313.48;-101.05
39316.41;-101.12
39319.34;-100.97
39322.27;-101.28
39325.20;-101.28
39328.13;-101.36
39331.05;-101.28
39333.98;-101.12
39336.91;-101.20
39339.84;-101.20
39342.77;-100.97
39345.70;-101.20
39348.63;-101.05
39351.56;-101.05
39354.49;-101.05
39357.42;-101.12
39360.35;-101.20
39363.28;-101.20
39366.21;-101.20
39369.14;-101.44
39372.07;-101.12
39375.00;-100.81
39377.93;-101.36
39380.86;-101.44
39383.79;-101.12
39386.72;-100.97
39389.65;-101.05
39392.58;-101.28
39395.51;-101.28
39398.44;-101.12
39401.37;-101.28
39404.30;-101.20
39407.23;-101.28
39410.16;-101.36
39413.09;-101.20
39416.02;-101.20
39418.95;-101.20
39421.88;-101.12
39424.80;-101.12
39427.73;-100.97
39430.66;-100.97
39433.59;-101.12
39436.52;-101.20
39439.45;-101.51
39442.38;-101.51
39445.31;-101.28
39448.24;-101.05
39451.17;-101.36
39454.10;-101.28
39457.03;-101.12
39459.96;-101.20
39462.89;-101.36
39465.82;-101.59
39468.75;-101.44
39471.68;-101.05
39474.61;-101.12
39477.54;-101.20
39480.47;-101.36
39483.40;-101.20
39486.33;-101.20
39489.26;-101.05
39492.19;-101.05
39495.12;-101.20
39498.05;-100.97
39500.98;-101.12
39503.91;-101.20
39506.84;-101.12
39509.77;-101.05
39512.70;-101.28
39515.63;-101.12
39518.55;-101.20
39521.48;-101.20
39524.41;-101.05
39527.34;-101.05
39530.27;-101.12
39533.20;-101.12
39536.13;-100.89
39539.06;-100.97
39541.99;-100.97
39544.92;-101.12
39547.85;-101.20
39550.78;-101.12
39553.71;-101.36
39556.64;-101.36
39559.57;-101.12
39562.50;-101.20
39565.43;-101.28
39568.36;-101.20
39571.29;-101.20
39574.22;-101.12
39577.15;-101.20
39580.08;-101.12
39583.01;-100.97
39585.94;-101.36
39588.87;-101.20
39591.80;-101.20
39594.73;-101.28
39597.66;-101.44
39600.59;-101.28
39603.52;-101.20
39606.45;-101.20
39609.38;-101.36
39612.30;-101.51
39615.23;-101.44
39618.16;-101.28
39621.09;-101.28
39624.02;-101.28
39626.95;-101.28
39629.88;-101.44
39632.81;-101.28
39635.74;-100.97
39638.67;-101.05
39641.60;-100.89
39644.53;-100.97
39647.46;-101.12
39650.39;-101.36
39653.32;-101.36
39656.25;-101.12
39659.18;-101.36
39662.11;-101.44
39665.04;-101.12
39667.97;-100.97
39670.90;-100.97
39673.83;-100.97
39676.76;-101.12
39679.69;-101.12
39682.62;-101.20
39685.55;-101.20
39688.48;-101.44
39691.41;-101.20
39694.34;-101.20
39697.27;-101.05
39700.20;-101.20
39703.13;-101.05
39706.05;-101.12
39708.98;-101.05
39711.91;-100.81
39714.84;-100.97
39717.77;-100.97
39720.70;-101.20
39723.63;-101.20
39726.56;-101.20
39729.49;-101.28
39732.42;-101.12
39735.35;-101.12
39738.28;-101.12
39741.21;-101.28
39744.14;-101.28
39747.07;-101.20
39750.00;-101.20
39752.93;-100.97
39755.86;-101.12
39758.79;-101.20
39761.72;-101.20
39764.65;-100.89
39767.58;-100.81
39770.51;-100.97
39773.44;-100.73
39776.37;-100.89
39779.30;-100.89
39782.23;-100.81
39785.16;-100.97
39788.09;-101.20
39791.02;-101.05
39793.95;-100.97
39796.88;-101.05
39799.80;-101.28
39802.73;-101.36
39805.66;-101.20
39808.59;-101.12
39811.52;-101.05
39814.45;-101.05
39817.38;-100.81
39820.31;-100.73
39823.24;-100.89
39826.17;-101.12
39829.10;-101.20
39832.03;-101.05
39834.96;-100.89
39837.89;-100.97
39840.82;-101.05
39843.75;-101.05
39846.68;-100.97
39849.61;-100.89
39852.54;-101.20
39855.47;-101.05
39858.40;-101.05
39861.33;-101.12
39864.26;-100.97
39867.19;-100.81
39870.12;-101.12
39873.05;-101.28
39875.98;-101.05
39878.91;-100.97
39881.84;-100.73
39884.77;-100.81
39887.70;-100.89
39890.63;-100.89
39893.55;-100.81
39896.48;-100.73
39899.41;-101.12
39902.34;-101.05
39905.27;-100.89
39908.20;-101.12
39911.13;-101.36
39914.06;-101.36
39916.99;-101.20
39919.92;-100.97
39922.85;-100.81
39925.78;-100.73
39928.71;-101.05
39931.64;-101.51
39934.57;-101.12
39937.50;-101.12
39940.43;-101.12
39943.36;-101.12
39946.29;-101.20
39949.22;-101.12
39952.15;-101.20
39955.08;-101.12
39958.01;-101.12
39960.94;-101.05
39963.87;-100.97
39966.80;-100.81
39969.73;-101.12
39972.66;-101.12
39975.59;-101.20
39978.52;-101.28
39981.45;-101.12
39984.38;-100.73
39987.30;-100.81
39990.23;-101.12
39993.16;-101.05
39996.09;-100.97
39999.02;-100.89
40001.95;-101.12
40004.88;-101.05
40007.81;-101.05
40010.74;-101.12
40013.67;-101.36
40016.60;-100.97
40019.53;-100.81
40022.46;-100.81
40025.39;-100.97
40028.32;-100.97
40031.25;-101.05
40034.18;-101.05
40037.11;-101.05
40040.04;-101.05
40042.97;-100.97
40045.90;-101.05
40048.83;-101.05
40051.76;-101.12
40054.69;-100.97
40057.62;-100.97
40060.55;-101.12
40063.48;-100.89
40066.41;-101.05
40069.34;-101.28
40072.27;-100.97
40075.20;-101.05
40078.13;-101.20
40081.05;-101.12
40083.98;-101.28
40086.91;-101.28
40089.84;-100.97
40092.77;-100.97
40095.70;-101.05
40098.63;-100.97
40101.56;-101.12
40104.49;-101.20
40107.42;-101.12
40110.35;-101.05
40113.28;-101.05
40116.21;-101.05
40119.14;-101.20
40122.07;-101.20
40125.00;-101.05
40127.93;-101.05
40130.86;-101.20
40133.79;-100.97
40136.72;-100.97
40139.65;-101.05
40142.58;-101.05
40145.51;-100.81
40148.44;-100.89
40151.37;-101.20
40154.30;-100.89
40157.23;-100.97
40160.16;-101.12
40163.09;-101.28
40166.02;-101.28
40168.95;-101.12
40171.88;-100.97
40174.80;-100.81
40177.73;-100.73
40180.66;-100.73
40183.59;-101.20
40186.52;-101.36
40189.45;-101.20
40192.38;-101.05
40195.31;-101.05
40198.24;-100.97
40201.17;-100.97
40204.10;-101.05
40207.03;-101.12
40209.96;-101.20
40212.89;-101.20
40215.82;-101.12
40218.75;-101.05
40221.68;-101.05
40224.61;-101.20
40227.54;-101.05
40230.47;-101.05
40233.40;-101.05
40236.33;-101.05
40239.26;-100.81
40242.19;-100.73
40245.12;-100.89
40248.05;-100.97
40250.98;-101.12
40253.91;-101.12
40256.84;-101.12
40259.77;-100.97
40262.70;-100.89
40265.63;-101.12
40268.55;-101.12
40271.48;-100.89
40274.41;-100.89
40277.34;-101.12
40280.27;-100.97
40283.20;-100.81
40286.13;-100.73
40289.06;-100.81
40291.99;-100.81
40294.92;-100.89
40297.85;-100.65
40300.78;-100.81
40303.71;-100.89
40306.64;-100.58
40309.57;-100.81
40312.50;-101.05
40315.43;-100.81
40318.36;-100.89
40321.29;-100.81
40324.22;-100.97
40327.15;-101.12
40330.08;-101.12
40333.01;-100.73
40335.94;-100.89
40338.87;-101.20
40341.80;-100.89
40344.73;-100.89
40347.66;-101.05
40350.59;-101.05
40353.52;-100.97
40356.45;-101.12
40359.38;-100.89
40362.30;-100.89
40365.23;-100.73
40368.16;-101.12
40371.09;-101.20
40374.02;-101.05
40376.95;-101.51
40379.88;-101.05
40382.81;-100.81
40385.74;-101.20
40388.67;-101.28
40391.60;-101.05
40394.53;-100.97
40397.46;-100.89
40400.39;-100.89
40403.32;-100.89
40406.25;-101.12
40409.18;-101.12
40412.11;-101.05
40415.04;-101.12
40417.97;-100.81
40420.90;-101.05
40423.83;-100.97
40426.76;-100.97
40429.69;-100.97
40432.62;-101.12
40435.55;-100.89
40438.48;-100.73
40441.41;-100.89
40444.34;-100.81
40447.27;-100.81
40450.20;-101.28
40453.13;-101.28
40456.05;-101.05
40458.98;-101.28
40461.91;-101.05
40464.84;-101.12
40467.77;-101.28
40470.70;-100.97
40473.63;-100.97
40476.56;-100.97
40479.49;-100.89
40482.42;-101.05
40485.35;-101.05
40488.28;-100.89
40491.21;-100.97
40494.14;-100.97
40497.07;-100.89
40500.00;-100.97
40502.93;-101.20
40505.86;-100.97
40508.79;-100.97
40511.72;-101.12
40514.65;-101.12
40517.58;-100.89
40520.51;-100.73
40523.44;-100.97
40526.37;-100.89
40529.30;-100.97
40532.23;-100.81
40535.16;-101.20
40538.09;-101.36
40541.02;-101.12
40543.95;-100.97
40546.88;-101.05
40549.80;-101.05
40552.73;-101.12
40555.66;-100.89
40558.59;-100.81
40561.52;-100.81
40564.45;-100.97
40567.38;-100.97
40570.31;-100.97
40573.24;-101.05
40576.17;-101.20
40579.10;-100.89
40582.03;-101.05
40584.96;-101.05
40587.89;-101.12
40590.82;-101.12
40593.75;-101.12
40596.68;-101.05
40599.61;-100.97
40602.54;-100.73
40605.47;-100.81
40608.40;-100.81
40611.33;-101.05
40614.26;-101.20
40617.19;-101.12
40620.12;-100.89
40623.05;-100.97
40625.98;-101.05
40628.91;-101.05
40631.84;-101.05
40634.77;-100.97
40637.70;-100.89
40640.63;-101.05
40643.55;-100.81
40646.48;-100.81
40649.41;-100.97
40652.34;-100.97
40655.27;-100.89
40658.20;-100.73
40661.13;-100.89
40664.06;-101.05
40666.99;-100.89
40669.92;-100.89
40672.85;-100.89
40675.78;-101.05
40678.71;-101.12
40681.64;-100.89
40684.57;-100.65
40687.50;-100.65
40690.43;-100.73
40693.36;-101.20
40696.29;-101.20
40699.22;-100.97
40702.15;-101.05
40705.08;-101.05
40708.01;-100.81
40710.94;-100.89
40713.87;-101.20
40716.80;-101.12
40719.73;-101.05
40722.66;-100.89
40725.59;-100.89
40728.52;-100.89
40731.45;-101.05
40734.38;-101.12
40737.30;-101.05
40740.23;-101.05
40743.16;-101.05
40746.09;-100.89
40749.02;-100.89
40751.95;-100.97
40754.88;-100.97
40757.81;-100.73
40760.74;-100.81
40763.67;-101.05
40766.60;-101.12
40769.53;-100.81
40772.46;-100.73
40775.39;-100.73
40778.32;-100.89
40781.25;-100.81
40784.18;-100.65
40787.11;-101.05
40790.04;-100.81
40792.97;-100.89
40795.90;-100.73
40798.83;-100.97
40801.76;-101.05
40804.69;-101.12
40807.62;-100.97
40810.55;-100.89
40813.48;-100.89
40816.41;-100.73
40819.34;-100.89
40822.27;-100.81
40825.20;-100.81
40828.13;-100.89
40831.05;-101.12
40833.98;-101.20
40836.91;-101.05
40839.84;-101.05
40842.77;-100.81
40845.70;-101.05
40848.63;-101.12
40851.56;-101.05
40854.49;-100.89
40857.42;-100.81
40860.35;-101.12
40863.28;-100.89
40866.21;-100.97
40869.14;-100.97
40872.07;-101.05
40875.00;-101.12
40877.93;-101.28
40880.86;-100.89
40883.79;-100.65
40886.72;-100.81
40889.65;-101.05
40892.58;-101.05
40895.51;-101.12
40898.44;-101.12
40901.37;-100.89
40904.30;-100.89
40907.23;-100.97
40910.16;-100.81
40913.09;-100.89
40916.02;-101.05
40918.95;-101.28
40921.88;-101.12
40924.80;-100.89
40927.73;-101.05
40930.66;-100.73
40933.59;-100.81
40936.52;-100.97
40939.45;-100.89
40942.38;-100.73
40945.31;-100.65
40948.24;-100.73
40951.17;-100.89
40954.10;-100.97
40957.03;-101.05
40959.96;-101.05
40962.89;-101.12
40965.82;-100.97
40968.75;-100.73
40971.68;-100.81
40974.61;-100.89
40977.54;-100.81
40980.47;-100.97
40983.40;-101.20
40986.33;-101.28
40989.26;-101.12
40992.19;-101.12
40995.12;-101.12
40998.05;-100.81
41000.98;-100.58
41003.91;-100.65
41006.84;-100.73
41009.77;-100.81
41012.70;-101.05
41015.63;-100.97
41018.55;-100.89
41021.48;-100.97
41024.41;-101.20
41027.34;-101.36
41030.27;-100.89
41033.20;-100.81
41036.13;-100.81
41039.06;-100.81
41041.99;-100.73
41044.92;-101.12
41047.85;-101.36
41050.78;-101.20
41053.71;-101.05
41056.64;-100.89
41059.57;-101.12
41062.50;-101.36
41065.43;-101.20
41068.36;-100.89
41071.29;-100.97
41074.22;-100.81
41077.15;-100.97
41080.08;-100.89
41083.01;-100.97
41085.94;-100.81
41088.87;-100.89
41091.80;-100.81
41094.73;-100.65
41097.66;-100.73
41100.59;-100.73
41103.52;-100.81
41106.45;-100.97
41109.38;-100.89
41112.30;-100.89
41115.23;-100.97
41118.16;-101.28
41121.09;-101.12
41124.02;-100.73
41126.95;-100.65
41129.88;-101.12
41132.81;-101.05
41135.74;-100.97
41138.67;-101.12
41141.60;-100.97
41144.53;-100.89
41147.46;-100.97
41150.39;-100.89
41153.32;-100.97
41156.25;-101.20
41159.18;-101.12
41162.11;-100.89
41165.04;-100.97
41167.97;-101.12
41170.90;-100.97
41173.83;-100.73
41176.76;-100.89
41179.69;-100.89
41182.62;-101.12
41185.55;-100.97
41188.48;-101.28
41191.41;-100.97
41194.34;-100.65
41197.27;-100.65
41200.20;-100.81
41203.13;-100.73
41206.05;-100.89
41208.98;-101.12
41211.91;-101.05
41214.84;-100.81
41217.77;-100.65
41220.70;-100.73
41223.63;-100.81
41226.56;-100.97
41229.49;-100.73
41232.42;-100.73
41235.35;-100.81
41238.28;-100.97
41241.21;-101.20
41244.14;-100.97
41247.07;-100.89
41250.00;-100.89
41252.93;-100.89
41255.86;-100.97
41258.79;-101.05
41261.72;-100.89
41264.65;-100.89
41267.58;-101.05
41270.51;-100.97
41273.44;-101.12
41276.37;-101.05
41279.30;-100.81
41282.23;-100.89
41285.16;-100.73
41288.09;-100.97
41291.02;-101.05
41293.95;-101.05
41296.88;-101.12
41299.80;-101.12
41302.73;-100.89
41305.66;-100.97
41308.59;-100.81
41311.52;-100.97
41314.45;-100.89
41317.38;-100.97
41320.31;-100.89
41323.24;-100.73
41326.17;-100.73
41329.10;-100.81
41332.03;-100.65
41334.96;-100.73
41337.89;-101.05
41340.82;-101.12
41343.75;-100.97
41346.68;-100.50
41349.61;-100.73
41352.54;-101.12
41355.47;-101.05
41358.40;-101.05
41361.33;-100.81
41364.26;-100.73
41367.19;-100.58
41370.12;-100.65
41373.05;-100.65
41375.98;-101.05
41378.91;-101.20
41381.84;-100.81
41384.77;-100.81
41387.70;-100.81
41390.63;-101.05
41393.55;-100.89
41396.48;-100.97
41399.41;-101.20
41402.34;-100.97
41405.27;-101.05
41408.20;-100.81
41411.13;-100.73
41414.06;-100.58
41416.99;-100.65
41419.92;-100.65
41422.85;-100.65
41425.78;-100.97
41428.71;-101.05
41431.64;-100.89
41434.57;-100.97
41437.50;-100.89
41440.43;-100.81
41443.36;-101.05
41446.29;-101.05
41449.22;-100.97
41452.15;-100.97
41455.08;-100.97
41458.01;-100.97
41460.94;-101.12
41463.87;-101.36
41466.80;-101.05
41469.73;-100.65
41472.66;-100.65
41475.59;-100.73
41478.52;-100.73
41481.45;-100.89
41484.38;-100.81
41487.30;-100.65
41490.23;-100.73
41493.16;-101.05
41496.09;-100.89
41499.02;-100.97
41501.95;-100.81
41504.88;-100.81
41507.81;-101.20
41510.74;-101.05
41513.67;-100.89
41516.60;-101.12
41519.53;-101.20
41522.46;-101.12
41525.39;-100.97
41528.32;-100.81
41531.25;-100.97
41534.18;-101.12
41537.11;-100.81
41540.04;-100.89
41542.97;-101.05
41545.90;-100.89
41548.83;-100.73
41551.76;-100.81
41554.69;-100.97
41557.62;-100.97
41560.55;-101.12
41563.48;-101.12
41566.41;-101.05
41569.34;-100.81
41572.27;-100.81
41575.20;-101.12
41578.13;-101.05
41581.05;-100.65
41583.98;-100.58
41586.91;-100.81
41589.84;-100.81
41592.77;-100.89
41595.70;-100.89
41598.63;-100.89
41601.56;-101.12
41604.49;-101.20
41607.42;-101.28
41610.35;-100.97
41613.28;-100.73
41616.21;-100.89
41619.14;-100.65
41622.07;-100.65
41625.00;-100.81
41627.93;-100.89
41630.86;-101.05
41633.79;-101.12
41636.72;-101.28
41639.65;-101.05
41642.58;-100.73
41645.51;-101.05
41648.44;-100.97
41651.37;-100.97
41654.30;-100.81
41657.23;-100.81
41660.16;-100.89
41663.09;-100.65
41666.02;-101.05
41668.95;-101.12
41671.88;-101.20
41674.80;-101.28
41677.73;-100.73
41680.66;-100.81
41683.59;-100.89
41686.52;-100.81
41689.45;-101.12
41692.38;-101.05
41695.31;-101.12
41698.24;-101.05
41701.17;-101.05
41704.10;-100.81
41707.03;-100.73
41709.96;-100.81
41712.89;-100.97
41715.82;-101.12
41718.75;-100.97
41721.68;-100.97
41724.61;-101.05
41727.54;-100.97
41730.47;-100.97
41733.40;-100.89
41736.33;-101.05
41739.26;-101.05
41742.19;-101.05
41745.12;-100.81
41748.05;-100.81
41750.98;-101.12
41753.91;-101.20
41756.84;-100.97
41759.77;-100.81
41762.70;-100.97
41765.63;-100.97
41768.55;-100.97
41771.48;-100.81
41774.41;-100.81
41777.34;-100.89
41780.27;-100.97
41783.20;-100.81
41786.13;-100.81
41789.06;-100.97
41791.99;-100.97
41794.92;-100.73
41797.85;-100.65
41800.78;-100.81
41803.71;-100.89
41806.64;-100.81
41809.57;-100.65
41812.50;-100.81
41815.43;-100.81
41818.36;-100.65
41821.29;-100.89
41824.22;-100.58
41827.15;-100.81
41830.08;-101.28
41833.01;-100.97
41835.94;-100.89
41838.87;-100.89
41841.80;-101.12
41844.73;-100.97
41847.66;-100.65
41850.59;-100.89
41853.52;-100.73
41856.45;-100.97
41859.38;-100.89
41862.30;-100.81
41865.23;-100.73
41868.16;-100.97
41871.09;-100.81
41874.02;-100.89
41876.95;-101.12
41879.88;-101.12
41882.81;-100.89
41885.74;-100.73
41888.67;-100.89
41891.60;-100.73
41894.53;-100.81
41897.46;-100.97
41900.39;-100.89
41903.32;-100.89
41906.25;-100.97
41909.18;-101.28
41912.11;-101.12
41915.04;-101.12
41917.97;-101.05
41920.90;-100.81
41923.83;-100.89
41926.76;-100.81
41929.69;-101.05
41932.62;-100.81
41935.55;-100.81
41938.48;-100.81
41941.41;-100.97
41944.34;-100.89
41947.27;-101.05
41950.20;-100.81
41953.13;-100.89
41956.05;-100.89
41958.98;-100.97
41961.91;-100.81
41964.84;-100.89
41967.77;-100.97
41970.70;-101.05
41973.63;-100.97
41976.56;-100.73
41979.49;-100.42
41982.42;-100.73
41985.35;-100.89
41988.28;-100.97
41991.21;-101.12
41994.14;-101.12
41997.07;-101.05
42000.00;-101.05
42002.93;-100.97
42005.86;-100.97
42008.79;-100.89
42011.72;-100.97
42014.65;-100.73
42017.58;-100.89
42020.51;-100.97
42023.44;-101.05
42026.37;-101.05
42029.30;-101.12
42032.23;-100.89
42035.16;-100.81
42038.09;-100.89
42041.02;-100.89
42043.95;-100.97
42046.88;-100.97
42049.80;-100.73
42052.73;-100.65
42055.66;-100.73
42058.59;-100.73
42061.52;-100.50
42064.45;-100.97
42067.38;-100.97
42070.31;-101.05
42073.24;-100.97
42076.17;-101.12
42079.10;-101.05
42082.03;-101.12
42084.96;-100.97
42087.89;-101.12
42090.82;-101.05
42093.75;-100.73
42096.68;-100.65
42099.61;-100.97
42102.54;-100.97
42105.47;-100.89
42108.40;-100.89
42111.33;-100.81
42114.26;-100.81
42117.19;-100.97
42120.12;-100.97
42123.05;-100.89
42125.98;-101.05
42128.91;-100.89
42131.84;-100.89
42134.77;-100.81
42137.70;-100.73
42140.63;-100.81
42143.55;-100.89
42146.48;-101.28
42149.41;-100.89
42152.34;-100.65
42155.27;-100.58
42158.20;-100.73
42161.13;-100.81
42164.06;-100.89
42166.99;-100.73
42169.92;-100.73
42172.85;-100.89
42175.78;-100.89
42178.71;-100.97
42181.64;-100.97
42184.57;-100.97
42187.50;-100.73
42190.43;-100.34
42193.36;-100.58
42196.29;-100.89
42199.22;-100.97
42202.15;-100.81
42205.08;-100.97
42208.01;-100.65
42210.94;-100.65
42213.87;-101.12
42216.80;-100.89
42219.73;-100.97
42222.66;-100.97
42225.59;-101.05
42228.52;-101.05
42231.45;-100.89
42234.38;-100.81
42237.30;-100.81
42240.23;-100.81
42243.16;-100.89
42246.09;-100.81
42249.02;-100.81
42251.95;-100.73
42254.88;-100.81
42257.81;-100.89
42260.74;-100.73
42263.67;-100.73
42266.60;-100.81
42269.53;-100.65
42272.46;-100.81
42275.39;-101.05
42278.32;-101.12
42281.25;-100.97
42284.18;-100.97
42287.11;-100.89
42290.04;-101.12
42292.97;-100.97
42295.90;-100.81
42298.83;-100.97
42301.76;-100.89
42304.69;-100.89
42307.62;-100.73
42310.55;-100.58
42313.48;-100.89
42316.41;-100.89
42319.34;-100.73
42322.27;-100.81
42325.20;-100.81
42328.13;-100.97
42331.05;-101.05
42333.98;-101.05
42336.91;-100.89
42339.84;-100.89
42342.77;-100.81
42345.70;-100.81
42348.63;-100.81
42351.56;-100.81
42354.49;-101.05
42357.42;-101.12
42360.35;-101.05
42363.28;-100.73
42366.21;-100.50
42369.14;-100.65
42372.07;-100.81
42375.00;-101.12
42377.93;-100.73
42380.86;-100.81
42383.79;-101.05
42386.72;-100.97
42389.65;-100.97
42392.58;-101.05
42395.51;-100.81
42398.44;-100.81
42401.37;-100.89
42404.30;-100.81
42407.23;-100.73
42410.16;-100.81
42413.09;-100.89
42416.02;-101.05
42418.95;-101.12
42421.88;-100.81
42424.80;-100.89
42427.73;-100.97
42430.66;-100.97
42433.59;-100.89
42436.52;-101.05
42439.45;-101.20
42442.38;-100.89
42445.31;-100.81
42448.24;-100.81
42451.17;-100.89
42454.10;-100.81
42457.03;-100.73
42459.96;-100.81
42462.89;-100.89
42465.82;-100.89
42468.75;-100.81
42471.68;-100.81
42474.61;-100.73
42477.54;-100.73
42480.47;-100.81
42483.40;-100.73
42486.33;-100.81
42489.26;-100.89
42492.19;-100.81
42495.12;-100.65
42498.05;-100.58
42500.98;-100.97
42503.91;-101.20
42506.84;-100.97
42509.77;-100.81
42512.70;-100.81
42515.63;-100.81
42518.55;-101.05
42521.48;-100.89
42524.41;-100.58
42527.34;-100.65
42530.27;-100.89
42533.20;-100.73
42536.13;-100.73
42539.06;-100.89
42541.99;-100.73
42544.92;-100.73
42547.85;-100.89
42550.78;-100.89
42553.71;-100.89
42556.64;-100.89
42559.57;-100.65
42562.50;-100.73
42565.43;-100.73
42568.36;-100.81
42571.29;-100.97
42574.22;-100.81
42577.15;-100.89
42580.08;-100.81
42583.01;-100.89
42585.94;-100.89
42588.87;-101.05
42591.80;-100.81
42594.73;-100.65
42597.66;-100.50
42600.59;-100.73
42603.52;-101.05
42606.45;-100.89
42609.38;-100.81
42612.30;-100.81
42615.23;-100.81
42618.16;-100.89
42621.09;-100.89
42624.02;-100.81
42626.95;-100.89
42629.88;-100.97
42632.81;-100.97
42635.74;-100.97
42638.67;-100.81
42641.60;-100.73
42644.53;-100.89
42647.46;-101.05
42650.39;-100.89
42653.32;-100.89
42656.25;-100.50
42659.18;-100.50
42662.11;-100.65
42665.04;-100.97
42667.97;-100.97
42670.90;-100.89
42673.83;-100.81
42676.76;-100.73
42679.69;-100.73
42682.62;-100.58
42685.55;-100.97
42688.48;-100.73
42691.41;-100.97
42694.34;-101.12
42697.27;-100.81
42700.20;-100.89
42703.13;-100.97
42706.05;-100.81
42708.98;-100.81
42711.91;-100.97
42714.84;-100.89
42717.77;-100.65
42720.70;-100.58
42723.63;-100.81
42726.56;-100.81
42729.49;-100.73
42732.42;-100.89
42735.35;-100.89
42738.28;-100.81
42741.21;-100.97
42744.14;-101.20
42747.07;-100.97
42750.00;-100.81
42752.93;-100.73
42755.86;-100.65
42758.79;-100.65
42761.72;-100.65
42764.65;-100.97
42767.58;-100.89
42770.51;-100.81
42773.44;-100.73
42776.37;-100.97
42779.30;-101.28
42782.23;-101.05
42785.16;-100.73
42788.09;-100.65
42791.02;-100.65
42793.95;-100.65
42796.88;-100.58
42799.80;-100.50
42802.73;-100.81
42805.66;-100.89
42808.59;-100.73
42811.52;-100.58
42814.45;-100.58
42817.38;-100.89
42820.31;-101.20
42823.24;-100.97
42826.17;-100.97
42829.10;-100.65
42832.03;-100.81
42834.96;-100.97
42837.89;-100.81
42840.82;-100.65
42843.75;-100.58
42846.68;-100.89
42849.61;-100.89
42852.54;-100.81
42855.47;-100.73
42858.40;-100.73
42861.33;-100.89
42864.26;-100.97
42867.19;-101.12
42870.12;-100.97
42873.05;-100.81
42875.98;-101.05
42878.91;-100.89
42881.84;-100.89
42884.77;-100.89
42887.70;-100.81
42890.63;-100.89
42893.55;-100.89
42896.48;-100.73
42899.41;-100.81
42902.34;-101.05
42905.27;-101.20
42908.20;-101.20
42911.13;-101.12
42914.06;-100.81
42916.99;-100.73
42919.92;-100.65
42922.85;-100.81
42925.78;-100.97
42928.71;-101.05
42931.64;-100.89
42934.57;-100.81
42937.50;-100.65
42940.43;-100.73
42943.36;-100.81
42946.29;-100.81
42949.22;-100.89
42952.15;-100.65
42955.08;-100.97
42958.01;-100.81
42960.94;-100.73
42963.87;-100.50
42966.80;-100.65
42969.73;-100.81
42972.66;-100.73
42975.59;-100.73
42978.52;-100.81
42981.45;-100.81
42984.38;-100.97
42987.30;-100.89
42990.23;-100.73
42993.16;-100.50
42996.09;-100.42
42999.02;-100.89
43001.95;-100.81
43004.88;-100.58
43007.81;-100.73
43010.74;-100.65
43013.67;-100.58
43016.60;-100.97
43019.53;-100.97
43022.46;-101.12
43025.39;-100.89
43028.32;-100.97
43031.25;-100.81
43034.18;-100.81
43037.11;-100.81
43040.04;-100.34
43042.97;-100.65
43045.90;-100.97
43048.83;-101.05
43051.76;-100.89
43054.69;-100.89
43057.62;-101.05
43060.55;-100.89
43063.48;-100.73
43066.41;-100.81
43069.34;-101.05
43072.27;-100.81
43075.20;-100.73
43078.13;-100.73
43081.05;-100.81
43083.98;-100.73
43086.91;-100.58
43089.84;-100.89
43092.77;-100.97
43095.70;-101.05
43098.63;-100.97
43101.56;-100.65
43104.49;-100.81
43107.42;-100.81
43110.35;-100.89
43113.28;-100.97
43116.21;-101.05
43119.14;-100.97
43122.07;-100.81
43125.00;-101.05
43127.93;-100.65
43130.86;-100.73
43133.79;-100.97
43136.72;-101.28
43139.65;-101.05
43142.58;-100.89
43145.51;-101.05
43148.44;-100.97
43151.37;-100.65
43154.30;-100.81
43157.23;-100.89
43160.16;-100.81
43163.09;-100.81
43166.02;-100.65
43168.95;-100.81
43171.88;-100.81
43174.80;-100.97
43177.73;-100.97
43180.66;-101.05
43183.59;-100.97
43186.52;-100.65
43189.45;-100.89
43192.38;-100.81
43195.31;-100.65
43198.24;-100.73
43201.17;-100.73
43204.10;-100.89
43207.03;-100.81
43209.96;-100.73
43212.89;-100.81
43215.82;-100.97
43218.75;-101.05
43221.68;-101.20
43224.61;-100.81
43227.54;-100.65
43230.47;-100.97
43233.40;-100.81
43236.33;-100.73
43239.26;-100.58
43242.19;-100.65
43245.12;-101.05
43248.05;-100.81
43250.98;-100.58
43253.91;-100.34
43256.84;-100.50
43259.77;-100.73
43262.70;-100.73
43265.63;-100.73
43268.55;-100.81
43271.48;-100.65
43274.41;-100.50
43277.34;-100.65
43280.27;-100.73
43283.20;-100.89
43286.13;-100.81
43289.06;-100.97
43291.99;-100.89
43294.92;-100.81
43297.85;-100.97
43300.78;-101.05
43303.71;-100.89
43306.64;-100.97
43309.57;-100.81
43312.50;-100.65
43315.43;-100.65
43318.36;-100.81
43321.29;-100.89
43324.22;-100.89
43327.15;-100.97
43330.08;-100.73
43333.01;-100.58
43335.94;-100.58
43338.87;-100.65
43341.80;-100.73
43344.73;-100.97
43347.66;-100.65
43350.59;-101.12
43353.52;-101.20
43356.45;-101.05
43359.38;-100.73
43362.30;-100.50
43365.23;-100.65
43368.16;-100.73
43371.09;-100.73
43374.02;-100.89
43376.95;-100.81
43379.88;-100.58
43382.81;-100.73
43385.74;-100.73
43388.67;-100.73
43391.60;-100.73
43394.53;-100.73
43397.46;-100.81
43400.39;-100.89
43403.32;-100.73
43406.25;-100.73
43409.18;-100.81
43412.11;-100.97
43415.04;-101.05
43417.97;-100.89
43420.90;-100.73
43423.83;-100.81
43426.76;-100.89
43429.69;-100.89
43432.62;-100.89
43435.55;-100.73
43438.48;-101.05
43441.41;-101.05
43444.34;-100.97
43447.27;-101.05
43450.20;-100.89
43453.13;-100.73
43456.05;-100.97
43458.98;-100.65
43461.91;-100.65
43464.84;-100.58
43467.77;-100.58
43470.70;-100.73
43473.63;-101.12
43476.56;-100.97
43479.49;-100.65
43482.42;-100.58
43485.35;-100.65
43488.28;-100.73
43491.21;-100.73
43494.14;-100.65
43497.07;-100.89
43500.00;-100.97
43502.93;-100.97
43505.86;-100.42
43508.79;-100.58
43511.72;-100.65
43514.65;-100.73
43517.58;-100.81
43520.51;-100.58
43523.44;-100.97
43526.37;-101.20
43529.30;-101.12
43532.23;-100.97
43535.16;-100.89
43538.09;-100.89
43541.02;-100.81
43543.95;-100.65
43546.88;-100.73
43549.80;-100.89
43552.73;-100.89
43555.66;-100.97
43558.59;-100.65
43561.52;-100.73
43564.45;-100.58
43567.38;-100.73
43570.31;-100.89
43573.24;-100.73
43576.17;-100.89
43579.10;-100.81
43582.03;-100.65
43584.96;-100.73
43587.89;-100.81
43590.82;-100.89
43593.75;-100.89
43596.68;-100.89
43599.61;-100.50
43602.54;-100.65
43605.47;-100.81
43608.40;-100.50
43611.33;-100.50
43614.26;-100.73
43617.19;-100.81
43620.12;-100.97
43623.05;-100.65
43625.98;-100.50
43628.91;-100.89
43631.84;-100.73
43634.77;-100.58
43637.70;-100.50
43640.63;-100.58
43643.55;-100.58
43646.48;-100.58
43649.41;-100.73
43652.34;-100.89
43655.27;-100.73
43658.20;-100.50
43661.13;-100.58
43664.06;-100.58
43666.99;-100.73
43669.92;-100.58
43672.85;-100.50
43675.78;-100.65
43678.71;-100.81
43681.64;-100.73
43684.57;-100.89
43687.50;-100.89
43690.43;-101.05
43693.36;-100.81
43696.29;-100.73
43699.22;-100.81
43702.15;-100.81
43705.08;-101.05
43708.01;-100.97
43710.94;-100.73
43713.87;-100.89
43716.80;-101.12
43719.73;-101.05
43722.66;-100.81
43725.59;-100.50
43728.52;-100.81
43731.45;-100.73
43734.38;-100.73
43737.30;-100.58
43740.23;-100.58
43743.16;-100.73
43746.09;-100.65
43749.02;-100.73
43751.95;-100.97
43754.88;-100.81
43757.81;-101.05
43760.74;-101.05
43763.67;-100.73
43766.60;-100.73
43769.53;-100.73
43772.46;-100.81
43775.39;-101.05
43778.32;-100.81
43781.25;-100.89
43784.18;-101.05
43787.11;-100.97
43790.04;-100.81
43792.97;-100.73
43795.90;-100.73
43798.83;-100.65
43801.76;-100.42
43804.69;-100.58
43807.62;-101.05
43810.55;-100.89
43813.48;-100.73
43816.41;-100.73
43819.34;-100.81
43822.27;-100.89
43825.20;-100.65
43828.13;-100.42
43831.05;-100.81
43833.98;-100.73
43836.91;-100.65
43839.84;-100.58
43842.77;-100.50
43845.70;-100.89
43848.63;-100.97
43851.56;-100.73
43854.49;-100.89
43857.42;-100.89
43860.35;-100.73
43863.28;-100.81
43866.21;-100.65
43869.14;-100.65
43872.07;-100.65
43875.00;-100.73
43877.93;-100.73
43880.86;-100.65
43883.79;-100.58
43886.72;-100.65
43889.65;-100.65
43892.58;-100.42
43895.51;-100.65
43898.44;-100.65
43901.37;-100.73
43904.30;-100.58
43907.23;-100.73
43910.16;-100.97
43913.09;-101.12
43916.02;-101.12
43918.95;-100.89
43921.88;-100.81
43924.80;-100.81
43927.73;-101.05
43930.66;-101.05
43933.59;-100.65
43936.52;-100.65
43939.45;-100.81
43942.38;-100.89
43945.31;-100.89
43948.24;-100.73
43951.17;-100.65
43954.10;-100.65
43957.03;-100.58
43959.96;-100.89
43962.89;-100.89
43965.82;-100.65
43968.75;-100.50
43971.68;-100.58
43974.61;-100.89
43977.54;-100.89
43980.47;-100.81
43983.40;-101.12
43986.33;-101.12
43989.26;-100.73
43992.19;-100.73
43995.12;-100.65
43998.05;-100.58
44000.98;-100.65
44003.91;-100.73
44006.84;-100.65
44009.77;-100.65
44012.70;-100.81
44015.63;-100.65
44018.55;-100.58
44021.48;-100.58
44024.41;-100.73
44027.34;-100.73
44030.27;-100.73
44033.20;-100.89
44036.13;-100.81
44039.06;-100.65
44041.99;-100.73
44044.92;-100.97
44047.85;-100.89
44050.78;-101.05
44053.71;-100.73
44056.64;-100.58
44059.57;-100.65
44062.50;-100.65
44065.43;-100.97
44068.36;-101.12
44071.29;-100.97
44074.22;-100.65
44077.15;-100.97
44080.08;-100.73
44083.01;-101.12
44085.94;-100.97
44088.87;-100.50
44091.80;-100.65
44094.73;-100.81
44097.66;-100.73
44100.59;-100.58
44103.52;-100.65
44106.45;-100.81
44109.38;-100.58
44112.30;-100.58
44115.23;-100.73
44118.16;-100.65
44121.09;-100.58
44124.02;-100.50
44126.95;-100.50
44129.88;-100.73
44132.81;-100.73
44135.74;-100.65
44138.67;-100.73
44141.60;-100.73
44144.53;-100.65
44147.46;-100.73
44150.39;-100.89
44153.32;-101.05
44156.25;-100.89
44159.18;-100.73
44162.11;-100.89
44165.04;-100.97
44167.97;-100.73
44170.90;-100.81
44173.83;-100.73
44176.76;-100.65
44179.69;-100.65
44182.62;-100.65
44185.55;-101.05
44188.48;-100.89
44191.41;-100.65
44194.34;-100.65
44197.27;-100.65
44200.20;-100.81
44203.13;-100.97
44206.05;-100.89
44208.98;-100.81
44211.91;-101.05
44214.84;-101.20
44217.77;-100.73
44220.70;-100.81
44223.63;-100.73
44226.56;-100.73
44229.49;-100.65
44232.42;-100.89
44235.35;-100.73
44238.28;-100.50
44241.21;-100.81
44244.14;-100.81
44247.07;-100.34
44250.00;-100.65
44252.93;-100.89
44255.86;-100.58
44258.79;-100.65
44261.72;-100.89
44264.65;-100.89
44267.58;-100.81
44270.51;-100.89
44273.44;-100.73
44276.37;-100.97
44279.30;-100.65
44282.23;-100.81
44285.16;-101.05
44288.09;-100.89
44291.02;-100.97
44293.95;-101.20
44296.88;-101.05
44299.80;-100.89
44302.73;-100.65
44305.66;-100.65
44308.59;-100.81
44311.52;-100.89
44314.45;-100.81
44317.38;-100.89
44320.31;-100.89
44323.24;-100.81
44326.17;-100.50
44329.10;-100.58
44332.03;-100.65
44334.96;-100.73
44337.89;-100.65
44340.82;-100.73
44343.75;-100.65
44346.68;-100.81
44349.61;-100.73
44352.54;-100.65
44355.47;-100.81
44358.40;-100.73
44361.33;-100.73
44364.26;-100.97
44367.19;-100.89
44370.12;-100.73
44373.05;-100.81
44375.98;-100.97
44378.91;-101.12
44381.84;-101.12
44384.77;-100.97
44387.70;-100.34
44390.63;-100.73
44393.55;-100.81
44396.48;-100.81
44399.41;-100.65
44402.34;-100.58
44405.27;-100.89
44408.20;-100.73
44411.13;-100.65
44414.06;-100.73
44416.99;-100.50
44419.92;-100.81
44422.85;-100.73
44425.78;-100.58
44428.71;-100.81
44431.64;-100.89
44434.57;-100.65
44437.50;-100.97
44440.43;-100.89
44443.36;-100.73
44446.29;-100.65
44449.22;-100.65
44452.15;-100.81
44455.08;-100.58
44458.01;-100.65
44460.94;-100.73
44463.87;-100.97
44466.80;-100.65
44469.73;-100.65
44472.66;-100.50
44475.59;-100.50
44478.52;-100.65
44481.45;-100.73
44484.38;-100.81
44487.30;-100.58
44490.23;-100.81
44493.16;-100.65
44496.09;-100.42
44499.02;-100.65
44501.95;-100.81
44504.88;-100.73
44507.81;-100.58
44510.74;-100.65
44513.67;-100.89
44516.60;-100.81
44519.53;-100.58
44522.46;-100.73
44525.39;-100.81
44528.32;-100.73
44531.25;-100.65
44534.18;-100.58
44537.11;-100.58
44540.04;-100.58
44542.97;-100.58
44545.90;-100.65
44548.83;-100.65
44551.76;-100.50
44554.69;-100.65
44557.62;-100.89
44560.55;-100.97
44563.48;-100.81
44566.41;-100.65
44569.34;-100.73
44572.27;-100.89
44575.20;-100.97
44578.13;-100.97
44581.05;-100.81
44583.98;-100.73
44586.91;-100.73
44589.84;-100.81
44592.77;-100.89
44595.70;-100.81
44598.63;-100.73
44601.56;-100.50
44604.49;-100.50
44607.42;-100.73
44610.35;-100.81
44613.28;-100.73
44616.21;-100.89
44619.14;-100.81
44622.07;-100.73
44625.00;-100.81
44627.93;-101.12
44630.86;-100.73
44633.79;-100.81
44636.72;-100.73
44639.65;-100.42
44642.58;-100.73
44645.51;-100.65
44648.44;-100.58
44651.37;-100.89
44654.30;-101.05
44657.23;-100.89
44660.16;-100.81
44663.09;-100.97
44666.02;-101.05
44668.95;-100.81
44671.88;-100.65
44674.80;-100.58
44677.73;-100.73
44680.66;-100.65
44683.59;-100.58
44686.52;-100.73
44689.45;-100.65
44692.38;-100.26
44695.31;-100.26
44698.24;-100.42
44701.17;-100.81
44704.10;-100.73
44707.03;-100.50
44709.96;-100.34
44712.89;-100.65
44715.82;-100.65
44718.75;-100.73
44721.68;-100.81
44724.61;-100.89
44727.54;-100.81
44730.47;-100.58
44733.40;-100.73
44736.33;-100.73
44739.26;-100.34
44742.19;-100.73
44745.12;-100.81
44748.05;-100.73
44750.98;-100.73
44753.91;-100.73
44756.84;-100.58
44759.77;-100.65
44762.70;-100.97
44765.63;-101.05
44768.55;-100.97
44771.48;-100.89
44774.41;-100.89
44777.34;-100.65
44780.27;-100.65
44783.20;-100.58
44786.13;-100.50
44789.06;-100.42
44791.99;-100.34
44794.92;-100.58
44797.85;-100.81
44800.78;-100.73
44803.71;-100.73
44806.64;-100.65
44809.57;-100.81
44812.50;-100.89
44815.43;-101.05
44818.36;-101.12
44821.29;-100.81
44824.22;-100.58
44827.15;-100.89
44830.08;-100.89
44833.01;-100.73
44835.94;-100.73
44838.87;-100.73
44841.80;-100.97
44844.73;-100.81
44847.66;-100.89
44850.59;-100.73
44853.52;-100.65
44856.45;-100.81
44859.38;-100.58
44862.30;-100.81
44865.23;-100.89
44868.16;-100.81
44871.09;-100.73
44874.02;-100.73
44876.95;-100.73
44879.88;-100.65
44882.81;-100.58
44885.74;-100.81
44888.67;-100.73
44891.60;-100.89
44894.53;-100.89
44897.46;-100.81
44900.39;-100.58
44903.32;-100.58
44906.25;-100.58
44909.18;-100.73
44912.11;-100.81
44915.04;-100.50
44917.97;-100.73
44920.90;-100.73
44923.83;-100.89
44926.76;-100.65
44929.69;-100.73
44932.62;-100.81
44935.55;-100.73
44938.48;-100.58
44941.41;-100.73
44944.34;-100.81
44947.27;-100.89
44950.20;-100.73
44953.13;-100.73
44956.05;-100.73
44958.98;-100.58
44961.91;-100.81
44964.84;-100.81
44967.77;-100.58
44970.70;-100.50
44973.63;-100.73
44976.56;-100.89
44979.49;-100.81
44982.42;-100.73
44985.35;-100.65
44988.28;-100.65
44991.21;-100.65
44994.14;-101.05
44997.07;-100.97
45000.00;-100.50
45002.93;-100.50
45005.86;-100.50
45008.79;-100.73
45011.72;-101.05
45014.65;-101.12
45017.58;-101.12
45020.51;-100.50
45023.44;-100.34
45026.37;-100.50
45029.30;-100.42
45032.23;-100.34
45035.16;-100.58
45038.09;-100.73
45041.02;-100.50
45043.95;-100.34
45046.88;-100.58
45049.80;-100.81
45052.73;-100.89
45055.66;-100.81
45058.59;-100.73
45061.52;-100.65
45064.45;-100.73
45067.38;-101.05
45070.31;-100.89
45073.24;-100.81
45076.17;-100.73
45079.10;-100.73
45082.03;-100.81
45084.96;-100.65
45087.89;-100.73
45090.82;-100.73
45093.75;-100.89
45096.68;-101.05
45099.61;-101.20
45102.54;-101.12
45105.47;-100.81
45108.40;-100.73
45111.33;-100.65
45114.26;-100.50
45117.19;-100.26
45120.12;-100.34
45123.05;-100.58
45125.98;-100.73
45128.91;-100.81
45131.84;-100.81
45134.77;-100.73
45137.70;-100.58
45140.63;-100.42
45143.55;-100.50
45146.48;-100.65
45149.41;-100.58
45152.34;-100.58
45155.27;-100.50
45158.20;-100.34
45161.13;-100.42
45164.06;-100.42
45166.99;-100.73
45169.92;-100.65
45172.85;-100.81
45175.78;-100.73
45178.71;-100.50
45181.64;-100.42
45184.57;-100.42
45187.50;-100.50
45190.43;-100.81
45193.36;-101.12
45196.29;-100.73
45199.22;-100.65
45202.15;-100.65
45205.08;-100.81
45208.01;-100.89
45210.94;-100.58
45213.87;-100.42
45216.80;-100.65
45219.73;-100.73
45222.66;-100.73
45225.59;-100.73
45228.52;-100.73
45231.45;-100.65
45234.38;-100.58
45237.30;-100.89
45240.23;-100.50
45243.16;-100.65
45246.09;-100.89
45249.02;-100.58
45251.95;-100.50
45254.88;-100.65
45257.81;-100.50
45260.74;-100.58
45263.67;-100.73
45266.60;-100.73
45269.53;-100.97
45272.46;-100.73
45275.39;-100.65
45278.32;-100.50
45281.25;-100.73
45284.18;-100.81
45287.11;-100.65
45290.04;-100.65
45292.97;-100.58
45295.90;-100.65
45298.83;-100.65
45301.76;-100.73
45304.69;-100.73
45307.62;-100.89
45310.55;-100.58
45313.48;-100.42
45316.41;-100.50
45319.34;-100.34
45322.27;-100.42
45325.20;-100.50
45328.13;-100.81
45331.05;-100.65
45333.98;-100.50
45336.91;-100.73
45339.84;-100.89
45342.77;-100.89
45345.70;-100.81
45348.63;-100.65
45351.56;-100.81
45354.49;-100.89
45357.42;-100.81
45360.35;-100.65
45363.28;-100.81
45366.21;-100.58
45369.14;-100.58
45372.07;-100.42
45375.00;-100.58
45377.93;-101.05
45380.86;-101.05
45383.79;-100.81
45386.72;-100.50
45389.65;-100.50
45392.58;-100.58
45395.51;-100.73
45398.44;-100.81
45401.37;-100.65
45404.30;-100.65
45407.23;-100.81
45410.16;-100.58
45413.09;-100.34
45416.02;-100.65
45418.95;-100.73
45421.88;-100.73
45424.80;-100.26
45427.73;-100.34
45430.66;-100.58
45433.59;-100.58
45436.52;-100.65
45439.45;-100.65
45442.38;-100.65
45445.31;-100.65
45448.24;-100.73
45451.17;-100.81
45454.10;-100.65
45457.03;-100.65
45459.96;-100.50
45462.89;-100.42
45465.82;-100.58
45468.75;-100.81
45471.68;-100.73
45474.61;-100.73
45477.54;-100.58
45480.47;-100.42
45483.40;-100.65
45486.33;-100.58
45489.26;-100.50
45492.19;-100.65
45495.12;-100.89
45498.05;-100.81
45500.98;-100.26
45503.91;-100.65
45506.84;-100.97
45509.77;-101.05
45512.70;-100.89
45515.63;-100.73
45518.55;-100.58
45521.48;-100.89
45524.41;-101.05
45527.34;-100.73
45530.27;-100.73
45533.20;-100.73
45536.13;-100.58
45539.06;-100.50
45541.99;-100.81
45544.92;-100.73
45547.85;-100.42
45550.78;-100.58
45553.71;-100.81
45556.64;-100.50
45559.57;-100.50
45562.50;-100.42
45565.43;-100.50
45568.36;-100.58
45571.29;-100.81
45574.22;-100.65
45577.15;-100.50
45580.08;-100.81
45583.01;-100.65
45585.94;-100.58
45588.87;-100.73
45591.80;-100.81
45594.73;-100.58
45597.66;-100.50
45600.59;-100.50
45603.52;-100.34
45606.45;-100.34
45609.38;-100.58
45612.30;-100.58
45615.23;-100.81
45618.16;-100.58
45621.09;-100.65
45624.02;-100.81
45626.95;-100.58
45629.88;-100.65
45632.81;-100.50
45635.74;-100.26
45638.67;-100.50
45641.60;-100.34
45644.53;-100.42
45647.46;-100.42
45650.39;-100.50
45653.32;-100.65
45656.25;-100.73
45659.18;-100.65
45662.11;-100.65
45665.04;-100.73
45667.97;-100.73
45670.90;-100.81
45673.83;-100.58
45676.76;-100.58
45679.69;-100.73
45682.62;-100.42
45685.55;-100.34
45688.48;-100.34
45691.41;-100.58
45694.34;-100.65
45697.27;-100.73
45700.20;-100.50
45703.13;-100.34
45706.05;-100.42
45708.98;-100.65
45711.91;-100.73
45714.84;-100.81
45717.77;-100.58
45720.70;-100.58
45723.63;-100.65
45726.56;-100.65
45729.49;-100.58
45732.42;-100.73
45735.35;-100.73
45738.28;-100.58
45741.21;-100.65
45744.14;-100.81
45747.07;-100.65
45750.00;-100.65
45752.93;-100.58
45755.86;-100.73
45758.79;-100.81
45761.72;-100.42
45764.65;-100.50
45767.58;-100.65
45770.51;-100.65
45773.44;-100.50
45776.37;-100.65
45779.30;-100.81
45782.23;-100.81
45785.16;-100.81
45788.09;-100.89
45791.02;-100.97
45793.95;-100.58
45796.88;-100.73
45799.80;-100.73
45802.73;-100.81
45805.66;-100.81
45808.59;-100.58
45811.52;-100.50
45814.45;-100.58
45817.38;-100.50
45820.31;-100.50
45823.24;-100.81
45826.17;-100.81
45829.10;-100.73
45832.03;-100.65
45834.96;-100.65
45837.89;-100.58
45840.82;-100.58
45843.75;-100.42
45846.68;-100.34
45849.61;-100.58
45852.54;-100.65
45855.47;-100.58
45858.40;-100.58
45861.33;-100.58
45864.26;-100.42
45867.19;-100.58
45870.12;-100.58
45873.05;-100.73
45875.98;-100.58
45878.91;-100.50
45881.84;-100.58
45884.77;-100.58
45887.70;-100.50
45890.63;-100.50
45893.55;-100.58
45896.48;-100.58
45899.41;-100.65
45902.34;-100.65
45905.27;-100.65
45908.20;-100.42
45911.13;-100.26
45914.06;-100.26
45916.99;-100.58
45919.92;-100.26
45922.85;-100.42
45925.78;-100.58
45928.71;-100.73
45931.64;-100.50
45934.57;-100.34
45937.50;-100.65
45940.43;-100.65
45943.36;-100.65
45946.29;-100.65
45949.22;-100.58
45952.15;-100.73
45955.08;-100.65
45958.01;-100.58
45960.94;-100.42
45963.87;-100.34
45966.80;-100.58
45969.73;-100.73
45972.66;-100.65
45975.59;-100.65
45978.52;-100.50
45981.45;-100.19
45984.38;-100.65
45987.30;-100.73
45990.23;-100.81
45993.16;-100.42
45996.09;-100.19
45999.02;-100.11
46001.95;-100.50
46004.88;-100.50
46007.81;-100.34
46010.74;-100.58
46013.67;-100.42
46016.60;-100.42
46019.53;-100.58
46022.46;-100.42
46025.39;-100.34
46028.32;-100.65
46031.25;-100.65
46034.18;-100.73
46037.11;-100.65
46040.04;-100.58
46042.97;-100.65
46045.90;-100.65
46048.83;-100.73
46051.76;-100.89
46054.69;-100.65
46057.62;-100.42
46060.55;-100.50
46063.48;-100.65
46066.41;-100.65
46069.34;-100.58
46072.27;-100.50
46075.20;-100.65
46078.13;-100.58
46081.05;-100.58
46083.98;-100.34
46086.91;-100.58
46089.84;-100.73
46092.77;-100.97
46095.70;-100.89
46098.63;-100.58
46101.56;-100.50
46104.49;-100.65
46107.42;-100.73
46110.35;-100.58
46113.28;-100.34
46116.21;-100.58
46119.14;-100.34
46122.07;-100.34
46125.00;-100.34
46127.93;-100.65
46130.86;-100.58
46133.79;-100.73
46136.72;-100.34
46139.65;-100.58
46142.58;-100.65
46145.51;-100.50
46148.44;-100.42
46151.37;-100.34
46154.30;-100.42
46157.23;-100.50
46160.16;-100.65
46163.09;-100.42
46166.02;-100.34
46168.95;-100.34
46171.88;-100.42
46174.80;-100.50
46177.73;-100.50
46180.66;-100.42
46183.59;-100.58
46186.52;-100.50
46189.45;-100.50
46192.38;-100.42
46195.31;-100.42
46198.24;-100.58
46201.17;-100.58
46204.10;-100.65
46207.03;-100.65
46209.96;-100.42
46212.89;-100.42
46215.82;-100.50
46218.75;-100.42
46221.68;-100.50
46224.61;-100.42
46227.54;-100.42
46230.47;-100.58
46233.40;-100.19
46236.33;-100.19
46239.26;-100.42
46242.19;-100.42
46245.12;-100.81
46248.05;-100.81
46250.98;-100.81
46253.91;-100.65
46256.84;-100.65
46259.77;-100.58
46262.70;-100.65
46265.63;-100.73
46268.55;-100.58
46271.48;-100.42
46274.41;-100.50
46277.34;-100.58
46280.27;-100.58
46283.20;-100.42
46286.13;-100.34
46289.06;-100.58
46291.99;-100.34
46294.92;-100.42
46297.85;-100.50
46300.78;-100.34
46303.71;-100.50
46306.64;-100.50
46309.57;-100.73
46312.50;-100.81
46315.43;-100.50
46318.36;-100.42
46321.29;-100.34
46324.22;-100.34
46327.15;-100.42
46330.08;-100.42
46333.01;-100.26
46335.94;-100.50
46338.87;-100.50
46341.80;-100.34
46344.73;-100.34
46347.66;-100.50
46350.59;-100.81
46353.52;-100.97
46356.45;-100.65
46359.38;-100.58
46362.30;-100.58
46365.23;-100.73
46368.16;-100.50
46371.09;-100.58
46374.02;-100.65
46376.95;-100.81
46379.88;-100.97
46382.81;-100.65
46385.74;-100.34
46388.67;-100.34
46391.60;-100.50
46394.53;-100.42
46397.46;-100.65
46400.39;-100.58
46403.32;-100.65
46406.25;-100.65
46409.18;-100.65
46412.11;-100.58
46415.04;-100.58
46417.97;-100.81
46420.90;-100.73
46423.83;-100.58
46426.76;-100.34
46429.69;-100.34
46432.62;-100.34
46435.55;-100.58
46438.48;-100.81
46441.41;-100.50
46444.34;-100.58
46447.27;-100.34
46450.20;-100.73
46453.13;-100.73
46456.05;-100.42
46458.98;-100.42
46461.91;-100.42
46464.84;-100.42
46467.77;-100.58
46470.70;-100.58
46473.63;-100.19
46476.56;-100.42
46479.49;-100.58
46482.42;-100.50
46485.35;-100.73
46488.28;-100.81
46491.21;-100.50
46494.14;-100.65
46497.07;-100.58
46500.00;-100.58
46502.93;-100.65
46505.86;-100.34
46508.79;-100.42
46511.72;-100.50
46514.65;-100.65
46517.58;-100.81
46520.51;-100.65
46523.44;-100.42
46526.37;-100.73
46529.30;-100.73
46532.23;-100.42
46535.16;-100.50
46538.09;-100.34
46541.02;-100.34
46543.95;-100.65
46546.88;-100.89
46549.80;-100.81
46552.73;-100.65
46555.66;-100.50
46558.59;-100.73
46561.52;-100.65
46564.45;-100.26
46567.38;-100.34
46570.31;-100.58
46573.24;-100.73
46576.17;-100.89
46579.10;-100.73
46582.03;-100.73
46584.96;-100.65
46587.89;-100.58
46590.82;-100.58
46593.75;-100.42
46596.68;-100.34
46599.61;-100.50
46602.54;-100.42
46605.47;-100.50
46608.40;-100.58
46611.33;-100.65
46614.26;-100.42
46617.19;-100.42
46620.12;-100.42
46623.05;-100.58
46625.98;-100.50
46628.91;-100.89
46631.84;-100.73
46634.77;-100.26
46637.70;-100.42
46640.63;-100.97
46643.55;-100.65
46646.48;-100.34
46649.41;-100.34
46652.34;-100.50
46655.27;-100.58
46658.20;-100.89
46661.13;-100.50
46664.06;-100.26
46666.99;-100.34
46669.92;-100.58
46672.85;-100.50
46675.78;-100.26
46678.71;-100.42
46681.64;-100.34
46684.57;-100.65
46687.50;-100.65
46690.43;-100.50
46693.36;-100.34
46696.29;-100.26
46699.22;-100.42
46702.15;-100.50
46705.08;-100.19
46708.01;-100.34
46710.94;-100.34
46713.87;-100.42
46716.80;-100.50
46719.73;-100.42
46722.66;-100.65
46725.59;-100.65
46728.52;-100.42
46731.45;-100.42
46734.38;-100.65
46737.30;-100.65
46740.23;-100.65
46743.16;-100.34
46746.09;-100.26
46749.02;-100.26
46751.95;-100.65
46754.88;-100.73
46757.81;-100.58
46760.74;-100.42
46763.67;-100.50
46766.60;-100.65
46769.53;-100.58
46772.46;-100.26
46775.39;-100.58
46778.32;-100.42
46781.25;-100.50
46784.18;-100.65
46787.11;-100.58
46790.04;-100.65
46792.97;-100.50
46795.90;-100.42
46798.83;-100.42
46801.76;-100.34
46804.69;-100.42
46807.62;-100.58
46810.55;-100.42
46813.48;-100.58
46816.41;-100.65
46819.34;-100.65
46822.27;-100.65
46825.20;-100.65
46828.13;-100.50
46831.05;-100.42
46833.98;-100.26
46836.91;-100.42
46839.84;-100.50
46842.77;-100.58
46845.70;-100.58
46848.63;-100.65
46851.56;-100.58
46854.49;-100.50
46857.42;-100.73
46860.35;-100.73
46863.28;-100.65
46866.21;-100.50
46869.14;-100.58
46872.07;-100.65
46875.00;-100.58
46877.93;-100.42
46880.86;-100.65
46883.79;-100.65
46886.72;-100.42
46889.65;-100.50
46892.58;-100.42
46895.51;-100.65
46898.44;-100.65
46901.37;-100.42
46904.30;-100.50
46907.23;-100.89
46910.16;-100.89
46913.09;-100.81
46916.02;-100.73
46918.95;-100.89
46921.88;-100.73
46924.80;-100.65
46927.73;-100.50
46930.66;-100.58
46933.59;-100.50
46936.52;-100.26
46939.45;-100.19
46942.38;-100.42
46945.31;-100.34
46948.24;-100.42
46951.17;-100.26
46954.10;-100.42
46957.03;-100.42
46959.96;-100.42
46962.89;-100.34
46965.82;-100.26
46968.75;-100.65
46971.68;-100.50
46974.61;-100.34
46977.54;-100.34
46980.47;-100.42
46983.40;-100.42
46986.33;-100.42
46989.26;-100.65
46992.19;-100.65
46995.12;-100.50
46998.05;-100.50
47000.98;-100.65
47003.91;-100.26
47006.84;-100.19
47009.77;-100.34
47012.70;-100.42
47015.63;-100.50
47018.55;-100.50
47021.48;-100.73
47024.41;-100.97
47027.34;-100.58
47030.27;-100.65
47033.20;-100.81
47036.13;-100.58
47039.06;-100.73
47041.99;-100.65
47044.92;-100.65
47047.85;-100.81
47050.78;-100.58
47053.71;-100.42
47056.64;-100.50
47059.57;-100.19
47062.50;-100.11
47065.43;-100.34
47068.36;-100.11
47071.29;-100.26
47074.22;-100.50
47077.15;-100.58
47080.08;-100.50
47083.01;-100.58
47085.94;-100.58
47088.87;-100.89
47091.80;-100.73
47094.73;-100.73
47097.66;-100.42
47100.59;-100.42
47103.52;-100.34
47106.45;-100.19
47109.38;-100.26
47112.30;-100.58
47115.23;-100.34
47118.16;-100.19
47121.09;-100.03
47124.02;-100.34
47126.95;-100.50
47129.88;-100.34
47132.81;-100.11
47135.74;-100.19
47138.67;-100.26
47141.60;-100.50
47144.53;-100.89
47147.46;-100.73
47150.39;-100.50
47153.32;-100.34
47156.25;-100.50
47159.18;-100.65
47162.11;-100.65
47165.04;-100.58
47167.97;-100.58
47170.90;-100.42
47173.83;-100.50
47176.76;-100.58
47179.69;-100.50
47182.62;-100.42
47185.55;-100.42
47188.48;-100.42
47191.41;-100.42
47194.34;-100.42
47197.27;-100.34
47200.20;-100.42
47203.13;-100.50
47206.05;-100.58
47208.98;-100.42
47211.91;-100.73
47214.84;-100.58
47217.77;-100.58
47220.70;-100.42
47223.63;-100.50
47226.56;-100.50
47229.49;-100.73
47232.42;-100.65
47235.35;-100.65
47238.28;-100.58
47241.21;-100.34
47244.14;-100.26
47247.07;-100.50
47250.00;-100.73
47252.93;-100.50
47255.86;-100.26
47258.79;-100.26
47261.72;-100.26
47264.65;-100.65
47267.58;-100.26
47270.51;-100.19
47273.44;-100.34
47276.37;-100.34
47279.30;-100.19
47282.23;-100.26
47285.16;-100.50
47288.09;-100.50
47291.02;-100.42
47293.95;-100.73
47296.88;-100.34
47299.80;-100.34
47302.73;-100.42
47305.66;-100.42
47308.59;-100.34
47311.52;-100.50
47314.45;-100.42
47317.38;-100.42
47320.31;-100.26
47323.24;-100.34
47326.17;-100.26
47329.10;-100.11
47332.03;-100.34
47334.96;-100.50
47337.89;-100.34
47340.82;-100.26
47343.75;-100.34
47346.68;-100.42
47349.61;-100.26
47352.54;-100.34
47355.47;-100.42
47358.40;-100.34
47361.33;-100.34
47364.26;-100.50
47367.19;-100.42
47370.12;-100.42
47373.05;-100.42
47375.98;-100.26
47378.91;-100.42
47381.84;-100.50
47384.77;-100.50
47387.70;-100.34
47390.63;-100.11
47393.55;-100.34
47396.48;-100.50
47399.41;-100.65
47402.34;-100.42
47405.27;-100.42
47408.20;-100.50
47411.13;-100.65
47414.06;-100.73
47416.99;-100.42
47419.92;-100.26
47422.85;-100.11
47425.78;-100.19
47428.71;-100.34
47431.64;-100.50
47434.57;-100.58
47437.50;-100.34
47440.43;-100.34
47443.36;-100.50
47446.29;-100.50
47449.22;-100.58
47452.15;-100.50
47455.08;-100.58
47458.01;-100.42
47460.94;-100.34
47463.87;-100.26
47466.80;-100.65
47469.73;-100.50
47472.66;-100.26
47475.59;-100.19
47478.52;-100.42
47481.45;-100.42
47484.38;-100.42
47487.30;-100.42
47490.23;-100.42
47493.16;-100.42
47496.09;-100.26
47499.02;-100.26
47501.95;-100.34
47504.88;-100.65
47507.81;-100.81
47510.74;-100.50
47513.67;-100.26
47516.60;-100.50
47519.53;-100.34
47522.46;-100.26
47525.39;-100.26
47528.32;-100.34
47531.25;-100.34
47534.18;-100.42
47537.11;-100.65
47540.04;-100.50
47542.97;-100.58
47545.90;-100.65
47548.83;-100.50
47551.76;-100.42
47554.69;-100.65
47557.62;-100.65
47560.55;-100.50
47563.48;-100.65
47566.41;-100.73
47569.34;-100.34
47572.27;-100.26
47575.20;-100.26
47578.13;-100.34
47581.05;-100.42
47583.98;-100.34
47586.91;-100.34
47589.84;-100.42
47592.77;-100.65
47595.70;-100.58
47598.63;-100.50
47601.56;-100.58
47604.49;-100.50
47607.42;-100.58
47610.35;-100.42
47613.28;-100.42
47616.21;-100.58
47619.14;-100.50
47622.07;-100.50
47625.00;-100.50
47627.93;-100.73
47630.86;-100.65
47633.79;-100.34
47636.72;-100.50
47639.65;-100.50
47642.58;-100.42
47645.51;-100.42
47648.44;-100.50
47651.37;-100.26
47654.30;-100.34
47657.23;-100.34
47660.16;-100.50
47663.09;-100.58
47666.02;-100.50
47668.95;-100.58
47671.88;-100.42
47674.80;-100.34
47677.73;-100.42
47680.66;-100.19
47683.59;-100.34
47686.52;-100.34
47689.45;-100.19
47692.38;-99.95
47695.31;-100.42
47698.24;-100.65
47701.17;-100.42
47704.10;-100.42
47707.03;-100.19
47709.96;-100.19
47712.89;-100.42
47715.82;-100.42
47718.75;-100.34
47721.68;-100.89
47724.61;-100.65
47727.54;-100.34
47730.47;-100.42
47733.40;-100.58
47736.33;-100.65
47739.26;-100.42
47742.19;-100.11
47745.12;-100.34
47748.05;-100.26
47750.98;-100.34
47753.91;-100.34
47756.84;-100.34
47759.77;-100.50
47762.70;-100.34
47765.63;-100.26
47768.55;-100.34
47771.48;-100.50
47774.41;-100.65
47777.34;-100.73
47780.27;-100.73
47783.20;-100.65
47786.13;-100.65
47789.06;-100.65
47791.99;-100.50
47794.92;-100.26
47797.85;-100.26
47800.78;-100.58
47803.71;-100.89
47806.64;-100.81
47809.57;-100.42
47812.50;-100.34
47815.43;-100.58
47818.36;-100.50
47821.29;-100.58
47824.22;-100.58
47827.15;-100.58
47830.08;-100.58
47833.01;-100.58
47835.94;-100.73
47838.87;-100.42
47841.80;-100.58
47844.73;-100.58
47847.66;-100.42
47850.59;-100.42
47853.52;-100.34
47856.45;-100.19
47859.38;-100.34
47862.30;-100.42
47865.23;-100.19
47868.16;-100.34
47871.09;-100.19
47874.02;-100.58
47876.95;-100.65
47879.88;-100.42
47882.81;-100.26
47885.74;-100.58
47888.67;-100.65
47891.60;-100.50
47894.53;-100.26
47897.46;-100.42
47900.39;-100.50
47903.32;-100.42
47906.25;-100.42
47909.18;-100.73
47912.11;-100.65
47915.04;-100.58
47917.97;-100.42
47920.90;-100.19
47923.83;-100.50
47926.76;-100.42
47929.69;-100.26
47932.62;-100.34
47935.55;-100.26
47938.48;-100.26
47941.41;-100.42
47944.34;-100.34
47947.27;-100.58
47950.20;-100.58
47953.13;-100.34
47956.05;-100.50
47958.98;-100.50
47961.91;-100.34
47964.84;-100.50
47967.77;-100.42
47970.70;-100.50
47973.63;-100.50
47976.56;-100.58
47979.49;-100.73
47982.42;-100.50
47985.35;-100.34
47988.28;-100.42
47991.21;-100.42
47994.14;-100.50
47997.07;-100.58
48000.00;-100.65
48002.93;-100.81
48005.86;-100.73
48008.79;-100.58
48011.72;-100.58
48014.65;-100.42
48017.58;-100.26
48020.51;-100.34
48023.44;-100.34
48026.37;-100.42
48029.30;-100.42
48032.23;-100.34
48035.16;-100.65
48038.09;-100.73
48041.02;-100.58
48043.95;-100.65
48046.88;-100.73
48049.80;-100.65
48052.73;-100.58
48055.66;-100.34
48058.59;-100.50
48061.52;-100.26
48064.45;-100.03
48067.38;-100.11
48070.31;-100.42
48073.24;-100.81
48076.17;-100.34
48079.10;-100.26
48082.03;-100.58
48084.96;-100.73
48087.89;-100.89
48090.82;-100.65
48093.75;-100.50
48096.68;-100.26
48099.61;-100.26
48102.54;-100.58
48105.47;-100.50
48108.40;-100.42
48111.33;-100.50
48114.26;-100.34
48117.19;-100.42
48120.12;-100.65
48123.05;-100.65
48125.98;-100.65
48128.91;-100.58
48131.84;-100.65
48134.77;-100.65
48137.70;-100.73
48140.63;-100.89
48143.55;-100.73
48146.48;-100.42
48149.41;-100.50
48152.34;-100.58
48155.27;-100.34
48158.20;-100.26
48161.13;-100.26
48164.06;-100.34
48166.99;-100.50
48169.92;-100.58
48172.85;-100.50
48175.78;-100.34
48178.71;-100.50
48181.64;-100.97
48184.57;-100.65
48187.50;-100.34
48190.43;-100.50
48193.36;-100.58
48196.29;-100.42
48199.22;-100.50
48202.15;-100.50
48205.08;-100.58
48208.01;-100.65
48210.94;-100.89
48213.87;-100.81
48216.80;-100.50
48219.73;-100.34
48222.66;-100.11
48225.59;-100.19
48228.52;-100.42
48231.45;-100.58
48234.38;-100.42
48237.30;-100.34
48240.23;-100.34
48243.16;-100.58
48246.09;-100.58
48249.02;-100.42
48251.95;-100.42
48254.88;-100.65
48257.81;-100.73
48260.74;-100.34
48263.67;-100.11
48266.60;-100.34
48269.53;-100.34
48272.46;-100.58
48275.39;-100.65
48278.32;-100.34
48281.25;-100.26
48284.18;-100.58
48287.11;-100.73
48290.04;-100.58
48292.97;-100.50
48295.90;-100.58
48298.83;-100.65
48301.76;-100.65
48304.69;-100.81
48307.62;-100.58
48310.55;-100.58
48313.48;-100.65
48316.41;-100.58
48319.34;-100.58
48322.27;-100.58
48325.20;-100.42
48328.13;-100.42
48331.05;-100.42
48333.98;-100.65
48336.91;-100.73
48339.84;-100.65
48342.77;-100.73
48345.70;-100.65
48348.63;-100.65
48351.56;-100.26
48354.49;-100.50
48357.42;-100.34
48360.35;-100.42
48363.28;-100.58
48366.21;-100.50
48369.14;-100.50
48372.07;-100.65
48375.00;-100.58
48377.93;-100.42
48380.86;-100.26
48383.79;-100.42
48386.72;-100.42
48389.65;-100.34
48392.58;-100.42
48395.51;-100.58
48398.44;-100.58
48401.37;-100.34
48404.30;-100.50
48407.23;-100.34
48410.16;-100.19
48413.09;-100.19
48416.02;-100.26
48418.95;-100.26
48421.88;-100.34
48424.80;-100.50
48427.73;-100.65
48430.66;-100.19
48433.59;-100.19
48436.52;-100.26
48439.45;-100.50
48442.38;-100.65
48445.31;-100.58
48448.24;-100.50
48451.17;-100.42
48454.10;-100.34
48457.03;-100.34
48459.96;-100.26
48462.89;-100.42
48465.82;-100.34
48468.75;-100.03
48471.68;-100.19
48474.61;-100.65
48477.54;-100.50
48480.47;-100.34
48483.40;-100.58
48486.33;-100.34
48489.26;-100.34
48492.19;-100.42
48495.12;-100.58
48498.05;-100.81
48500.98;-100.58
48503.91;-100.26
48506.84;-100.26
48509.77;-100.11
48512.70;-100.26
48515.63;-100.34
48518.55;-100.50
48521.48;-100.34
48524.41;-100.42
48527.34;-100.34
48530.27;-100.26
48533.20;-100.34
48536.13;-100.50
48539.06;-100.26
48541.99;-100.19
48544.92;-100.58
48547.85;-100.50
48550.78;-100.26
48553.71;-100.34
48556.64;-100.50
48559.57;-100.58
48562.50;-100.58
48565.43;-100.73
48568.36;-100.50
48571.29;-100.34
48574.22;-100.19
48577.15;-100.34
48580.08;-100.26
48583.01;-100.42
48585.94;-100.42
48588.87;-100.34
48591.80;-100.42
48594.73;-100.65
48597.66;-100.50
48600.59;-100.26
48603.52;-100.19
48606.45;-100.26
48609.38;-100.50
48612.30;-100.50
48615.23;-100.19
48618.16;-100.42
48621.09;-100.42
48624.02;-100.26
48626.95;-100.26
48629.88;-100.34
48632.81;-100.19
48635.74;-100.26
48638.67;-100.42
48641.60;-100.11
48644.53;-100.19
48647.46;-100.42
48650.39;-100.26
48653.32;-100.03
48656.25;-100.50
48659.18;-100.58
48662.11;-100.50
48665.04;-100.73
48667.97;-100.42
48670.90;-100.50
48673.83;-100.50
48676.76;-100.50
48679.69;-100.34
48682.62;-100.26
48685.55;-100.26
48688.48;-100.50
48691.41;-100.50
48694.34;-100.42
48697.27;-100.58
48700.20;-100.58
48703.13;-100.50
48706.05;-100.26
48708.98;-100.26
48711.91;-100.42
48714.84;-100.19
48717.77;-100.19
48720.70;-100.42
48723.63;-100.42
48726.56;-100.34
48729.49;-100.42
48732.42;-100.50
48735.35;-100.34
48738.28;-100.34
48741.21;-100.50
48744.14;-100.42
48747.07;-100.42
48750.00;-100.34
48752.93;-100.26
48755.86;-100.42
48758.79;-100.19
48761.72;-100.11
48764.65;-100.58
48767.58;-100.58
48770.51;-100.42
48773.44;-100.26
48776.37;-100.34
48779.30;-100.42
48782.23;-100.42
48785.16;-100.42
48788.09;-100.34
48791.02;-100.42
48793.95;-100.34
48796.88;-100.26
48799.80;-100.26
48802.73;-100.11
48805.66;-100.19
48808.59;-100.26
48811.52;-100.42
48814.45;-100.19
48817.38;-100.26
48820.31;-100.42
48823.24;-100.65
48826.17;-100.42
48829.10;-100.26
48832.03;-100.34
48834.96;-100.26
48837.89;-100.58
48840.82;-100.26
48843.75;-100.34
48846.68;-100.58
48849.61;-100.73
48852.54;-100.26
48855.47;-99.87
48858.40;-100.26
48861.33;-100.65
48864.26;-100.42
48867.19;-100.34
48870.12;-100.42
48873.05;-100.50
48875.98;-100.58
48878.91;-100.58
48881.84;-100.58
48884.77;-100.19
48887.70;-100.11
48890.63;-100.42
48893.55;-100.42
48896.48;-100.58
48899.41;-100.50
48902.34;-100.11
48905.27;-100.03
48908.20;-99.87
48911.13;-100.42
48914.06;-100.65
48916.99;-100.58
48919.92;-100.65
48922.85;-100.42
48925.78;-100.34
48928.71;-100.34
48931.64;-100.42
48934.57;-100.03
48937.50;-100.34
48940.43;-100.42
48943.36;-100.34
48946.29;-100.19
48949.22;-100.50
48952.15;-100.50
48955.08;-100.26
48958.01;-100.65
48960.94;-100.81
48963.87;-100.58
48966.80;-100.26
48969.73;-100.34
48972.66;-100.19
48975.59;-100.03
48978.52;-100.26
48981.45;-100.11
48984.38;-100.19
48987.30;-100.34
48990.23;-100.26
48993.16;-100.26
48996.09;-100.34
48999.02;-100.26
49001.95;-100.26
49004.88;-100.50
49007.81;-100.26
49010.74;-100.65
49013.67;-100.42
49016.60;-100.19
49019.53;-100.34
49022.46;-100.42
49025.39;-100.34
49028.32;-100.26
49031.25;-100.34
49034.18;-100.50
49037.11;-100.34
49040.04;-100.34
49042.97;-100.11
49045.90;-100.19
49048.83;-100.26
49051.76;-100.26
49054.69;-100.34
49057.62;-100.19
49060.55;-100.42
49063.48;-100.58
49066.41;-100.58
49069.34;-100.42
49072.27;-100.34
49075.20;-100.42
49078.13;-100.58
49081.05;-100.26
49083.98;-100.19
49086.91;-100.42
49089.84;-100.42
49092.77;-100.42
49095.70;-100.50
49098.63;-100.42
49101.56;-100.26
49104.49;-100.19
49107.42;-100.11
49110.35;-100.19
49113.28;-100.42
49116.21;-100.42
49119.14;-100.42
49122.07;-100.34
49125.00;-100.26
49127.93;-100.50
49130.86;-100.50
49133.79;-100.26
49136.72;-100.58
49139.65;-100.81
49142.58;-100.81
49145.51;-100.42
49148.44;-100.26
49151.37;-100.03
49154.30;-100.26
49157.23;-100.26
49160.16;-100.26
49163.09;-100.11
49166.02;-100.42
49168.95;-100.19
49171.88;-100.11
49174.80;-100.26
49177.73;-100.19
49180.66;-100.42
49183.59;-100.26
49186.52;-100.19
49189.45;-100.19
49192.38;-100.26
49195.31;-100.26
49198.24;-100.42
49201.17;-100.11
49204.10;-100.19
49207.03;-100.03
49209.96;-100.19
49212.89;-100.19
49215.82;-100.26
49218.75;-100.34
49221.68;-100.58
49224.61;-100.42
49227.54;-100.42
49230.47;-100.42
49233.40;-100.58
49236.33;-100.34
49239.26;-100.03
49242.19;-100.26
49245.12;-100.19
49248.05;-100.19
49250.98;-100.50
49253.91;-100.65
49256.84;-100.81
49259.77;-100.89
49262.70;-100.58
49265.63;-100.34
49268.55;-100.26
49271.48;-100.11
49274.41;-100.03
49277.34;-100.42
49280.27;-100.42
49283.20;-100.26
49286.13;-100.26
49289.06;-100.42
49291.99;-100.11
49294.92;-100.11
49297.85;-100.34
49300.78;-100.34
49303.71;-100.26
49306.64;-100.26
49309.57;-100.34
49312.50;-100.58
49315.43;-100.42
49318.36;-100.73
49321.29;-100.65
49324.22;-100.42
49327.15;-100.34
49330.08;-100.42
49333.01;-100.50
49335.94;-100.34
49338.87;-100.26
49341.80;-100.42
49344.73;-100.42
49347.66;-100.19
49350.59;-100.11
49353.52;-100.42
49356.45;-100.34
49359.38;-100.42
49362.30;-100.19
49365.23;-100.26
49368.16;-100.26
49371.09;-100.26
49374.02;-100.34
49376.95;-100.58
49379.88;-100.42
49382.81;-100.26
49385.74;-100.19
49388.67;-100.11
49391.60;-100.19
49394.53;-100.34
49397.46;-100.42
49400.39;-100.42
49403.32;-100.50
49406.25;-100.34
49409.18;-100.42
49412.11;-100.50
49415.04;-100.19
49417.97;-100.11
49420.90;-100.11
49423.83;-100.34
49426.76;-100.34
49429.69;-100.50
49432.62;-100.42
49435.55;-100.42
49438.48;-100.34
49441.41;-100.19
49444.34;-100.11
49447.27;-100.19
49450.20;-100.42
49453.13;-100.42
49456.05;-100.65
49458.98;-100.50
49461.91;-100.58
49464.84;-100.42
49467.77;-100.34
49470.70;-100.19
49473.63;-100.11
49476.56;-100.11
49479.49;-100.34
49482.42;-100.34
49485.35;-100.34
49488.28;-100.03
49491.21;-100.19
49494.14;-100.50
49497.07;-100.50
49500.00;-100.50
49502.93;-100.50
49505.86;-100.42
49508.79;-100.50
49511.72;-99.95
49514.65;-100.11
49517.58;-100.42
49520.51;-100.34
49523.44;-100.34
49526.37;-100.19
49529.30;-100.03
49532.23;-100.19
49535.16;-100.26
49538.09;-100.11
49541.02;-100.11
49543.95;-100.11
49546.88;-100.50
49549.80;-100.42
49552.73;-100.34
49555.66;-100.26
49558.59;-100.11
49561.52;-100.11
49564.45;-100.19
49567.38;-100.03
49570.31;-100.11
49573.24;-100.50
49576.17;-100.58
49579.10;-100.50
49582.03;-100.58
49584.96;-100.65
49587.89;-100.34
49590.82;-100.42
49593.75;-100.11
49596.68;-100.19
49599.61;-100.11
49602.54;-100.26
49605.47;-100.50
49608.40;-100.19
49611.33;-100.11
49614.26;-100.42
49617.19;-100.50
49620.12;-100.34
49623.05;-100.03
49625.98;-100.34
49628.91;-100.50
49631.84;-100.42
49634.77;-100.50
49637.70;-100.50
49640.63;-100.26
49643.55;-100.34
49646.48;-100.65
49649.41;-100.58
49652.34;-100.26
49655.27;-100.26
49658.20;-100.42
49661.13;-100.34
49664.06;-100.11
49666.99;-100.11
49669.92;-100.19
49672.85;-100.11
49675.78;-100.26
49678.71;-100.11
49681.64;-100.19
49684.57;-100.42
49687.50;-100.11
49690.43;-100.26
49693.36;-100.50
49696.29;-100.26
49699.22;-100.26
49702.15;-100.50
49705.08;-100.65
49708.01;-100.19
49710.94;-100.03
49713.87;-100.26
49716.80;-100.03
49719.73;-100.19
49722.66;-100.26
49725.59;-100.34
49728.52;-100.34
49731.45;-100.34
49734.38;-100.34
49737.30;-100.34
49740.23;-100.42
49743.16;-100.34
49746.09;-100.03
49749.02;-100.03
49751.95;-100.50
49754.88;-100.50
49757.81;-100.42
49760.74;-100.42
49763.67;-100.50
49766.60;-100.26
49769.53;-100.11
49772.46;-100.26
49775.39;-100.50
49778.32;-100.50
49781.25;-100.34
49784.18;-100.34
49787.11;-100.34
49790.04;-100.03
49792.97;-100.34
49795.90;-100.26
49798.83;-100.26
49801.76;-100.42
49804.69;-100.73
49807.62;-100.19
49810.55;-100.34
49813.48;-100.58
49816.41;-100.42
49819.34;-100.34
49822.27;-100.34
49825.20;-100.34
49828.13;-100.19
49831.05;-100.19
49833.98;-100.58
49836.91;-100.34
49839.84;-100.34
49842.77;-100.50
49845.70;-100.50
49848.63;-100.34
49851.56;-100.58
49854.49;-100.73
49857.42;-100.50
49860.35;-100.42
49863.28;-100.19
49866.21;-100.11
49869.14;-100.03
49872.07;-100.19
49875.00;-100.34
49877.93;-100.34
49880.86;-100.50
49883.79;-100.58
49886.72;-100.34
49889.65;-100.03
49892.58;-100.26
49895.51;-100.42
49898.44;-100.34
49901.37;-100.50
49904.30;-100.50
49907.23;-100.34
49910.16;-100.34
49913.09;-100.26
49916.02;-100.42
49918.95;-100.42
49921.88;-100.42
49924.80;-100.34
49927.73;-100.19
49930.66;-100.11
49933.59;-100.11
49936.52;-100.11
49939.45;-100.26
49942.38;-100.26
49945.31;-100.26
49948.24;-100.50
49951.17;-100.34
49954.10;-100.34
49957.03;-100.42
49959.96;-100.34
49962.89;-100.26
49965.82;-100.03
49968.75;-100.19
49971.68;-100.11
49974.61;-100.11
49977.54;-100.19
49980.47;-100.26
49983.40;-100.58
49986.33;-100.58
49989.26;-100.34
49992.19;-100.42
49995.12;-100.65
49998.05;-100.58
50000.98;-100.42
50003.91;-100.26
50006.84;-100.19
50009.77;-100.26
50012.70;-100.42
50015.63;-100.50
50018.55;-100.26
50021.48;-100.19
50024.41;-100.19
50027.34;-100.50
50030.27;-100.58
50033.20;-100.26
50036.13;-100.34
50039.06;-100.26
50041.99;-100.34
50044.92;-100.50
50047.85;-100.58
50050.78;-100.26
50053.71;-100.19
50056.64;-100.42
50059.57;-100.42
50062.50;-100.34
50065.43;-100.58
50068.36;-100.26
50071.29;-100.19
50074.22;-100.26
50077.15;-100.34
50080.08;-100.42
50083.01;-100.42
50085.94;-100.26
50088.87;-99.95
50091.80;-99.95
50094.73;-100.03
50097.66;-100.19
50100.59;-100.11
50103.52;-100.19
50106.45;-99.79
50109.38;-99.87
50112.30;-100.19
50115.23;-100.58
50118.16;-100.34
50121.09;-100.50
50124.02;-100.26
50126.95;-100.19
50129.88;-100.50
50132.81;-100.50
50135.74;-100.50
50138.67;-100.50
50141.60;-100.26
50144.53;-100.58
50147.46;-100.34
50150.39;-100.11
50153.32;-100.03
50156.25;-100.42
50159.18;-100.58
50162.11;-100.34
50165.04;-100.26
50167.97;-100.26
50170.90;-100.19
50173.83;-100.26
50176.76;-100.42
50179.69;-100.50
50182.62;-100.42
50185.55;-100.11
50188.48;-100.11
50191.41;-100.26
50194.34;-100.19
50197.27;-100.03
50200.20;-100.34
50203.13;-100.42
50206.05;-100.34
50208.98;-100.26
50211.91;-100.11
50214.84;-100.42
50217.77;-100.50
50220.70;-100.26
50223.63;-100.42
50226.56;-100.42
50229.49;-100.26
50232.42;-100.34
50235.35;-100.34
50238.28;-100.26
50241.21;-100.42
50244.14;-100.34
50247.07;-100.34
50250.00;-100.34
50252.93;-100.34
50255.86;-100.19
50258.79;-100.26
50261.72;-100.34
50264.65;-100.26
50267.58;-100.19
50270.51;-100.42
50273.44;-100.34
50276.37;-100.11
50279.30;-99.87
50282.23;-100.03
50285.16;-100.11
50288.09;-100.11
50291.02;-100.42
50293.95;-100.19
50296.88;-100.03
50299.80;-100.34
50302.73;-100.42
50305.66;-100.26
50308.59;-100.19
50311.52;-100.19
50314.45;-100.19
50317.38;-100.19
50320.31;-100.26
50323.24;-100.26
50326.17;-100.19
50329.10;-100.26
50332.03;-100.34
50334.96;-100.26
50337.89;-100.19
50340.82;-100.26
50343.75;-100.50
50346.68;-100.42
50349.61;-100.42
50352.54;-100.42
50355.47;-100.50
50358.40;-100.58
50361.33;-100.65
50364.26;-100.65
50367.19;-100.26
50370.12;-100.19
50373.05;-100.50
50375.98;-100.58
50378.91;-100.34
50381.84;-100.50
50384.77;-100.03
50387.70;-100.19
50390.63;-100.34
50393.55;-100.50
50396.48;-100.50
50399.41;-100.34
50402.34;-100.50
50405.27;-100.42
50408.20;-100.26
50411.13;-100.34
50414.06;-100.19
50416.99;-100.19
50419.92;-100.42
50422.85;-100.19
50425.78;-100.34
50428.71;-100.65
50431.64;-100.58
50434.57;-100.50
50437.50;-100.42
50440.43;-100.11
50443.36;-99.95
50446.29;-100.34
50449.22;-100.42
50452.15;-100.34
50455.08;-100.03
50458.01;-100.11
50460.94;-100.19
50463.87;-100.26
50466.80;-100.34
50469.73;-100.34
50472.66;-100.42
50475.59;-100.65
50478.52;-100.58
50481.45;-100.50
50484.38;-100.34
50487.30;-100.19
50490.23;-100.19
50493.16;-100.19
50496.09;-100.19
50499.02;-100.42
50501.95;-100.73
50504.88;-100.58
50507.81;-100.42
50510.74;-100.50
50513.67;-100.26
50516.60;-99.95
50519.53;-100.19
50522.46;-100.26
50525.39;-100.19
50528.32;-100.34
50531.25;-100.50
50534.18;-100.42
50537.11;-100.42
50540.04;-100.26
50542.97;-100.11
50545.90;-100.19
50548.83;-99.87
50551.76;-100.19
50554.69;-100.11
50557.62;-100.11
50560.55;-100.19
50563.48;-100.11
50566.41;-100.26
50569.34;-100.19
50572.27;-100.26
50575.20;-100.26
50578.13;-100.34
50581.05;-100.26
50583.98;-100.11
50586.91;-100.03
50589.84;-100.42
50592.77;-100.42
50595.70;-100.26
50598.63;-100.26
50601.56;-100.19
50604.49;-100.26
50607.42;-100.42
50610.35;-100.42
50613.28;-100.34
50616.21;-100.42
50619.14;-100.58
50622.07;-100.65
50625.00;-100.34
50627.93;-100.19
50630.86;-100.11
50633.79;-100.34
50636.72;-100.65
50639.65;-100.58
50642.58;-100.50
50645.51;-100.42
50648.44;-100.50
50651.37;-100.34
50654.30;-100.26
50657.23;-100.19
50660.16;-99.95
50663.09;-100.19
50666.02;-100.50
50668.95;-100.11
50671.88;-100.19
50674.80;-100.42
50677.73;-100.34
50680.66;-100.11
50683.59;-99.95
50686.52;-100.26
50689.45;-100.19
50692.38;-100.50
50695.31;-100.50
50698.24;-100.19
50701.17;-100.19
50704.10;-100.34
50707.03;-100.34
50709.96;-100.34
50712.89;-100.50
50715.82;-100.19
50718.75;-100.03
50721.68;-100.03
50724.61;-99.95
50727.54;-99.79
50730.47;-100.03
50733.40;-100.11
50736.33;-100.26
50739.26;-100.19
50742.19;-100.19
50745.12;-100.19
50748.05;-100.34
50750.98;-100.26
50753.91;-100.58
50756.84;-100.73
50759.77;-100.42
50762.70;-100.19
50765.63;-100.34
50768.55;-100.11
50771.48;-100.03
50774.41;-99.87
50777.34;-99.87
50780.27;-100.03
50783.20;-100.03
50786.13;-100.03
50789.06;-100.11
50791.99;-100.19
50794.92;-100.11
50797.85;-100.19
50800.78;-100.34
50803.71;-100.34
50806.64;-100.34
50809.57;-100.19
50812.50;-100.26
50815.43;-100.26
50818.36;-100.26
50821.29;-99.87
50824.22;-100.03
50827.15;-100.42
50830.08;-100.50
50833.01;-100.50
50835.94;-100.50
50838.87;-100.34
50841.80;-100.26
50844.73;-100.34
50847.66;-100.34
50850.59;-100.26
50853.52;-100.03
50856.45;-100.42
50859.38;-100.65
50862.30;-100.58
50865.23;-100.34
50868.16;-100.26
50871.09;-100.26
50874.02;-100.19
50876.95;-100.34
50879.88;-100.42
50882.81;-100.26
50885.74;-100.19
50888.67;-100.50
50891.60;-100.42
50894.53;-100.03
50897.46;-100.19
50900.39;-100.58
50903.32;-100.42
50906.25;-100.42
50909.18;-100.34
50912.11;-100.34
50915.04;-100.50
50917.97;-100.19
50920.90;-100.03
50923.83;-100.11
50926.76;-100.58
50929.69;-100.73
50932.62;-100.34
50935.55;-100.26
50938.48;-100.26
50941.41;-100.11
50944.34;-100.34
50947.27;-100.34
50950.20;-100.42
50953.13;-100.42
50956.05;-100.42
50958.98;-100.26
50961.91;-100.19
50964.84;-100.19
50967.77;-100.34
50970.70;-100.34
50973.63;-100.34
50976.56;-100.26
50979.49;-100.26
50982.42;-100.34
50985.35;-100.42
50988.28;-100.58
50991.21;-100.34
50994.14;-100.11
50997.07;-100.26
51000.00;-100.42
51002.93;-100.42
51005.86;-100.42
51008.79;-100.34
51011.72;-100.42
51014.65;-100.34
51017.58;-100.19
51020.51;-100.26
51023.44;-100.34
51026.37;-100.26
51029.30;-100.34
51032.23;-100.42
51035.16;-100.26
51038.09;-99.95
51041.02;-100.03
51043.95;-100.26
51046.88;-100.42
51049.80;-100.42
51052.73;-100.19
51055.66;-100.11
51058.59;-100.34
51061.52;-100.50
51064.45;-100.19
51067.38;-99.95
51070.31;-100.03
51073.24;-100.11
51076.17;-100.34
51079.10;-100.50
51082.03;-100.34
51084.96;-100.26
51087.89;-100.50
51090.82;-100.42
51093.75;-100.19
51096.68;-100.19
51099.61;-100.11
51102.54;-99.95
51105.47;-100.11
51108.40;-100.34
51111.33;-100.34
51114.26;-100.34
51117.19;-100.03
51120.12;-100.34
51123.05;-100.58
51125.98;-100.42
51128.91;-100.42
51131.84;-100.19
51134.77;-100.11
51137.70;-100.34
51140.63;-100.11
51143.55;-100.19
51146.48;-100.34
51149.41;-100.34
51152.34;-100.26
51155.27;-100.19
51158.20;-100.50
51161.13;-100.58
51164.06;-100.34
51166.99;-100.19
51169.92;-100.19
51172.85;-100.26
51175.78;-100.34
51178.71;-100.34
51181.64;-100.11
51184.57;-100.26
51187.50;-100.50
51190.43;-100.34
51193.36;-100.34
51196.29;-100.34
51199.22;-100.26
51202.15;-100.65
51205.08;-100.26
51208.01;-100.19
51210.94;-100.26
51213.87;-100.50
51216.80;-100.58
51219.73;-100.50
51222.66;-100.42
51225.59;-100.34
51228.52;-100.26
51231.45;-100.34
51234.38;-100.11
51237.30;-99.95
51240.23;-100.50
51243.16;-100.65
51246.09;-100.34
51249.02;-100.34
51251.95;-100.19
51254.88;-100.26
51257.81;-100.50
51260.74;-100.34
51263.67;-100.26
51266.60;-100.26
51269.53;-100.58
51272.46;-100.19
51275.39;-100.26
51278.32;-100.34
51281.25;-100.11
51284.18;-100.11
51287.11;-100.11
51290.04;-100.26
51292.97;-100.34
51295.90;-100.42
51298.83;-100.42
51301.76;-100.50
51304.69;-100.42
51307.62;-100.26
51310.55;-100.34
51313.48;-100.50
51316.41;-100.58
51319.34;-100.42
51322.27;-100.42
51325.20;-100.50
51328.13;-100.34
51331.05;-100.26
51333.98;-100.34
51336.91;-100.34
51339.84;-100.26
51342.77;-100.34
51345.70;-100.11
51348.63;-100.26
51351.56;-100.58
51354.49;-100.42
51357.42;-100.03
51360.35;-99.87
51363.28;-100.03
51366.21;-99.95
51369.14;-100.11
51372.07;-100.19
51375.00;-100.58
51377.93;-100.34
51380.86;-100.34
51383.79;-100.26
51386.72;-100.42
51389.65;-100.50
51392.58;-100.26
51395.51;-100.34
51398.44;-100.19
51401.37;-100.03
51404.30;-100.11
51407.23;-100.19
51410.16;-100.19
51413.09;-100.26
51416.02;-100.26
51418.95;-100.11
51421.88;-100.11
51424.80;-100.11
51427.73;-100.34
51430.66;-100.42
51433.59;-100.34
51436.52;-100.50
51439.45;-100.42
51442.38;-100.58
51445.31;-100.42
51448.24;-100.19
51451.17;-100.34
51454.10;-100.58
51457.03;-100.58
51459.96;-100.50
51462.89;-100.42
51465.82;-100.65
51468.75;-100.50
51471.68;-100.34
51474.61;-100.34
51477.54;-100.50
51480.47;-100.26
51483.40;-100.03
51486.33;-99.95
51489.26;-99.64
51492.19;-100.11
51495.12;-100.19
51498.05;-100.26
51500.98;-100.26
51503.91;-100.19
51506.84;-100.03
51509.77;-99.95
51512.70;-100.11
51515.63;-100.26
51518.55;-100.19
51521.48;-100.26
51524.41;-100.34
51527.34;-100.42
51530.27;-100.26
51533.20;-100.03
51536.13;-100.34
51539.06;-100.11
51541.99;-100.19
51544.92;-100.34
51547.85;-100.03
51550.78;-100.03
51553.71;-100.19
51556.64;-99.95
51559.57;-100.19
51562.50;-100.11
51565.43;-100.19
51568.36;-100.42
51571.29;-100.50
51574.22;-100.19
51577.15;-100.11
51580.08;-100.26
51583.01;-100.19
51585.94;-100.34
51588.87;-100.19
51591.80;-100.34
51594.73;-100.26
51597.66;-100.19
51600.59;-100.34
51603.52;-100.26
51606.45;-100.19
51609.38;-100.19
51612.30;-100.42
51615.23;-100.26
51618.16;-100.19
51621.09;-100.26
51624.02;-100.58
51626.95;-100.42
51629.88;-100.11
51632.81;-100.26
51635.74;-100.34
51638.67;-99.95
51641.60;-99.87
51644.53;-100.19
51647.46;-100.26
51650.39;-100.42
51653.32;-100.42
51656.25;-100.34
51659.18;-100.34
51662.11;-100.34
51665.04;-100.11
51667.97;-100.11
51670.90;-99.95
51673.83;-100.19
51676.76;-99.95
51679.69;-99.87
51682.62;-100.26
51685.55;-100.34
51688.48;-100.26
51691.41;-100.03
51694.34;-99.95
51697.27;-100.11
51700.20;-100.26
51703.13;-100.26
51706.05;-100.26
51708.98;-100.26
51711.91;-100.19
51714.84;-100.03
51717.77;-100.11
51720.70;-100.42
51723.63;-100.58
51726.56;-100.26
51729.49;-100.26
51732.42;-100.19
51735.35;-99.79
51738.28;-100.11
51741.21;-100.19
51744.14;-100.03
51747.07;-100.26
51750.00;-100.34
51752.93;-100.50
51755.86;-100.42
51758.79;-100.50
51761.72;-100.26
51764.65;-100.34
51767.58;-100.42
51770.51;-100.26
51773.44;-100.50
51776.37;-100.34
51779.30;-100.19
51782.23;-99.95
51785.16;-100.19
51788.09;-100.34
51791.02;-100.34
51793.95;-100.11
51796.88;-100.11
51799.80;-100.26
51802.73;-100.26
51805.66;-100.19
51808.59;-100.19
51811.52;-100.03
51814.45;-100.19
51817.38;-100.26
51820.31;-100.34
51823.24;-100.03
51826.17;-100.11
51829.10;-100.19
51832.03;-100.26
51834.96;-100.19
51837.89;-100.11
51840.82;-100.11
51843.75;-100.26
51846.68;-100.26
51849.61;-100.11
51852.54;-100.19
51855.47;-100.50
51858.40;-100.42
51861.33;-100.42
51864.26;-100.42
51867.19;-100.26
51870.12;-100.26
51873.05;-100.19
51875.98;-100.19
51878.91;-100.34
51881.84;-100.34
51884.77;-100.34
51887.70;-100.26
51890.63;-100.19
51893.55;-100.03
51896.48;-100.19
51899.41;-100.19
51902.34;-100.03
51905.27;-100.34
51908.20;-100.26
51911.13;-100.42
51914.06;-100.34
51916.99;-100.11
51919.92;-99.87
51922.85;-100.19
51925.78;-100.34
51928.71;-100.11
51931.64;-100.03
51934.57;-100.34
51937.50;-100.19
51940.43;-100.03
51943.36;-100.11
51946.29;-100.03
51949.22;-100.19
51952.15;-100.19
51955.08;-100.11
51958.01;-100.19
51960.94;-100.11
51963.87;-100.34
51966.80;-100.26
51969.73;-100.34
51972.66;-100.26
51975.59;-100.11
51978.52;-100.11
51981.45;-99.95
51984.38;-100.11
51987.30;-100.03
51990.23;-100.11
51993.16;-100.34
51996.09;-100.50
51999.02;-100.34
52001.95;-100.34
52004.88;-100.42
52007.81;-100.34
52010.74;-100.11
52013.67;-99.95
52016.60;-100.42
52019.53;-100.42
52022.46;-100.26
52025.39;-99.87
52028.32;-100.11
52031.25;-100.03
52034.18;-100.11
52037.11;-100.50
52040.04;-100.34
52042.97;-100.11
52045.90;-99.79
52048.83;-100.03
52051.76;-100.19
52054.69;-100.03
52057.62;-100.03
52060.55;-100.03
52063.48;-100.42
52066.41;-100.26
52069.34;-100.34
52072.27;-100.34
52075.20;-100.03
52078.13;-100.03
52081.05;-100.11
52083.98;-100.11
52086.91;-99.95
52089.84;-99.87
52092.77;-100.03
52095.70;-100.03
52098.63;-100.26
52101.56;-100.50
52104.49;-100.34
52107.42;-100.11
52110.35;-100.19
52113.28;-100.26
52116.21;-100.42
52119.14;-100.42
52122.07;-100.42
52125.00;-100.42
52127.93;-100.19
52130.86;-99.95
52133.79;-100.19
52136.72;-100.42
52139.65;-100.11
52142.58;-99.95
52145.51;-100.34
52148.44;-100.58
52151.37;-100.26
52154.30;-100.11
52157.23;-100.34
52160.16;-100.34
52163.09;-100.34
52166.02;-100.11
52168.95;-100.11
52171.88;-100.11
52174.80;-100.34
52177.73;-100.26
52180.66;-100.34
52183.59;-99.95
52186.52;-100.19
52189.45;-100.19
52192.38;-100.26
52195.31;-100.42
52198.24;-100.26
52201.17;-100.42
52204.10;-100.58
52207.03;-100.42
52209.96;-100.26
52212.89;-99.95
52215.82;-99.95
52218.75;-100.03
52221.68;-100.42
52224.61;-100.11
52227.54;-99.95
52230.47;-100.26
52233.40;-100.42
52236.33;-100.19
52239.26;-100.19
52242.19;-100.19
52245.12;-100.26
52248.05;-99.95
52250.98;-100.03
52253.91;-100.19
52256.84;-100.11
52259.77;-100.19
52262.70;-100.26
52265.63;-100.03
52268.55;-100.19
52271.48;-100.19
52274.41;-100.26
52277.34;-100.34
52280.27;-100.19
52283.20;-100.19
52286.13;-100.19
52289.06;-100.03
52291.99;-100.11
52294.92;-100.11
52297.85;-100.03
52300.78;-99.95
52303.71;-100.26
52306.64;-100.34
52309.57;-100.03
52312.50;-100.19
52315.43;-100.19
52318.36;-100.34
52321.29;-100.26
52324.22;-100.26
52327.15;-100.26
52330.08;-100.42
52333.01;-100.34
52335.94;-100.03
52338.87;-100.03
52341.80;-100.34
52344.73;-100.11
52347.66;-99.87
52350.59;-99.95
52353.52;-100.26
52356.45;-100.34
52359.38;-100.42
52362.30;-100.58
52365.23;-100.42
52368.16;-100.19
52371.09;-100.11
52374.02;-100.26
52376.95;-100.26
52379.88;-100.11
52382.81;-100.11
52385.74;-100.11
52388.67;-100.11
52391.60;-100.11
52394.53;-100.11
52397.46;-100.19
52400.39;-100.11
52403.32;-100.03
52406.25;-100.11
52409.18;-100.42
52412.11;-100.42
52415.04;-100.34
52417.97;-100.42
52420.90;-100.42
52423.83;-100.19
52426.76;-100.03
52429.69;-100.26
52432.62;-100.26
52435.55;-99.95
52438.48;-100.19
52441.41;-100.50
52444.34;-100.42
52447.27;-100.26
52450.20;-100.34
52453.13;-100.42
52456.05;-100.34
52458.98;-100.19
52461.91;-100.26
52464.84;-100.65
52467.77;-100.34
52470.70;-100.11
52473.63;-100.19
52476.56;-100.34
52479.49;-99.95
52482.42;-100.03
52485.35;-100.11
52488.28;-100.03
52491.21;-100.03
52494.14;-100.11
52497.07;-100.26
52500.00;-100.19
52502.93;-100.19
52505.86;-100.11
52508.79;-100.19
52511.72;-100.34
52514.65;-100.11
52517.58;-100.03
52520.51;-100.11
52523.44;-100.11
52526.37;-99.95
52529.30;-100.11
52532.23;-100.11
52535.16;-100.34
52538.09;-100.11
52541.02;-100.03
52543.95;-100.26
52546.88;-100.34
52549.80;-100.03
52552.73;-100.19
52555.66;-100.11
52558.59;-100.19
52561.52;-100.26
52564.45;-100.19
52567.38;-100.26
52570.31;-100.11
52573.24;-100.03
52576.17;-100.03
52579.10;-100.11
52582.03;-99.87
52584.96;-100.11
52587.89;-100.19
52590.82;-100.03
52593.75;-100.11
52596.68;-100.26
52599.61;-100.50
52602.54;-100.42
52605.47;-100.19
52608.40;-100.11
52611.33;-100.42
52614.26;-100.19
52617.19;-100.19
52620.12;-100.50
52623.05;-100.42
52625.98;-100.19
52628.91;-100.42
52631.84;-100.42
52634.77;-100.34
52637.70;-100.58
52640.63;-100.50
52643.55;-100.42
52646.48;-100.34
52649.41;-100.42
52652.34;-100.42
52655.27;-100.50
52658.20;-100.50
52661.13;-100.50
52664.06;-100.65
52666.99;-100.65
52669.92;-100.34
52672.85;-99.95
52675.78;-100.11
52678.71;-100.34
52681.64;-100.26
52684.57;-100.58
52687.50;-100.34
52690.43;-100.26
52693.36;-100.34
52696.29;-99.79
52699.22;-100.11
52702.15;-100.11
52705.08;-100.26
52708.01;-100.50
52710.94;-100.50
52713.87;-99.95
52716.80;-100.11
52719.73;-100.11
52722.66;-99.95
52725.59;-99.95
52728.52;-100.03
52731.45;-100.34
52734.38;-100.19
52737.30;-100.03
52740.23;-100.03
52743.16;-100.34
52746.09;-100.26
52749.02;-100.03
52751.95;-100.11
52754.88;-100.26
52757.81;-100.11
52760.74;-100.19
52763.67;-100.50
52766.60;-100.26
52769.53;-100.19
52772.46;-100.26
52775.39;-100.11
52778.32;-100.03
52781.25;-100.11
52784.18;-100.19
52787.11;-100.11
52790.04;-100.03
52792.97;-100.34
52795.90;-100.19
52798.83;-99.87
52801.76;-99.95
52804.69;-100.19
52807.62;-100.50
52810.55;-100.65
52813.48;-100.19
52816.41;-100.11
52819.34;-100.19
52822.27;-100.11
52825.20;-100.19
52828.13;-100.26
52831.05;-99.95
52833.98;-99.95
52836.91;-100.26
52839.84;-100.11
52842.77;-99.79
52845.70;-100.11
52848.63;-100.19
52851.56;-100.34
52854.49;-100.42
52857.42;-100.11
52860.35;-100.11
52863.28;-100.34
52866.21;-100.19
52869.14;-100.26
52872.07;-100.65
52875.00;-100.73
52877.93;-100.19
52880.86;-100.34
52883.79;-100.11
52886.72;-100.26
52889.65;-100.50
52892.58;-100.50
52895.51;-100.42
52898.44;-100.19
52901.37;-100.11
52904.30;-100.26
52907.23;-99.95
52910.16;-99.87
52913.09;-100.42
52916.02;-100.58
52918.95;-100.34
52921.88;-100.19
52924.80;-100.11
52927.73;-100.19
52930.66;-100.26
52933.59;-100.26
52936.52;-100.03
52939.45;-100.03
52942.38;-100.26
52945.31;-100.11
52948.24;-100.50
52951.17;-100.34
52954.10;-100.11
52957.03;-99.87
52959.96;-99.95
52962.89;-100.42
52965.82;-100.26
52968.75;-100.26
52971.68;-100.11
52974.61;-100.11
52977.54;-100.19
52980.47;-100.26
52983.40;-100.42
52986.33;-100.26
52989.26;-100.34
52992.19;-100.34
52995.12;-100.26
52998.05;-100.11
53000.98;-100.11
53003.91;-100.26
53006.84;-100.26
53009.77;-100.34
53012.70;-100.19
53015.63;-100.19
53018.55;-99.87
53021.48;-100.11
53024.41;-100.26
53027.34;-100.34
53030.27;-100.42
53033.20;-99.95
53036.13;-99.95
53039.06;-100.26
53041.99;-100.42
53044.92;-100.19
53047.85;-100.11
53050.78;-99.95
53053.71;-100.03
53056.64;-100.19
53059.57;-100.42
53062.50;-100.26
53065.43;-100.11
53068.36;-99.95
53071.29;-100.11
53074.22;-100.19
53077.15;-100.11
53080.08;-100.19
53083.01;-100.03
53085.94;-100.11
53088.87;-99.95
53091.80;-100.19
53094.73;-100.19
53097.66;-99.87
53100.59;-100.11
53103.52;-100.34
53106.45;-100.11
53109.38;-100.19
53112.30;-100.03
53115.23;-100.11
53118.16;-100.34
53121.09;-100.26
53124.02;-100.03
53126.95;-100.19
53129.88;-100.26
53132.81;-100.42
53135.74;-100.34
53138.67;-100.42
53141.60;-100.19
53144.53;-99.95
53147.46;-100.03
53150.39;-100.03
53153.32;-100.11
53156.25;-100.11
53159.18;-100.19
53162.11;-100.26
53165.04;-100.11
53167.97;-100.19
53170.90;-100.26
53173.83;-100.42
53176.76;-100.50
53179.69;-100.50
53182.62;-100.11
53185.55;-100.42
53188.48;-100.50
53191.41;-100.50
53194.34;-100.50
53197.27;-100.50
53200.20;-100.34
53203.13;-100.26
53206.05;-100.19
53208.98;-99.95
53211.91;-100.34
53214.84;-100.34
53217.77;-100.26
53220.70;-100.34
53223.63;-100.50
53226.56;-100.26
53229.49;-100.26
53232.42;-100.42
53235.35;-100.26
53238.28;-100.42
53241.21;-100.58
53244.14;-100.19
53247.07;-100.34
53250.00;-100.50
53252.93;-100.50
53255.86;-100.11
53258.79;-99.87
53261.72;-100.03
53264.65;-100.34
53267.58;-100.50
53270.51;-100.50
53273.44;-100.65
53276.37;-100.34
53279.30;-100.26
53282.23;-100.19
53285.16;-100.42
53288.09;-100.50
53291.02;-100.42
53293.95;-100.26
53296.88;-100.26
53299.80;-100.42
53302.73;-100.42
53305.66;-100.26
53308.59;-100.26
53311.52;-100.19
53314.45;-100.26
53317.38;-100.26
53320.31;-100.11
53323.24;-100.19
53326.17;-100.26
53329.10;-100.03
53332.03;-99.87
53334.96;-99.79
53337.89;-100.19
53340.82;-100.11
53343.75;-100.11
53346.68;-100.42
53349.61;-100.50
53352.54;-100.42
53355.47;-100.26
53358.40;-100.42
53361.33;-100.26
53364.26;-100.11
53367.19;-100.26
53370.12;-100.19
53373.05;-100.19
53375.98;-100.03
53378.91;-100.19
53381.84;-100.42
53384.77;-100.26
53387.70;-100.11
53390.63;-100.19
53393.55;-100.42
53396.48;-100.65
53399.41;-100.58
53402.34;-100.65
53405.27;-100.26
53408.20;-100.26
53411.13;-100.11
53414.06;-100.19
53416.99;-100.34
53419.92;-100.50
53422.85;-100.50
53425.78;-100.03
53428.71;-100.19
53431.64;-100.11
53434.57;-100.11
53437.50;-100.03
53440.43;-100.03
53443.36;-100.19
53446.29;-100.11
53449.22;-100.03
53452.15;-100.03
53455.08;-100.19
53458.01;-100.26
53460.94;-100.11
53463.87;-100.26
53466.80;-100.19
53469.73;-100.11
53472.66;-99.72
53475.59;-99.95
53478.52;-99.95
53481.45;-100.19
53484.38;-100.34
53487.30;-100.19
53490.23;-100.03
53493.16;-100.26
53496.09;-100.50
53499.02;-100.26
53501.95;-100.11
53504.88;-100.11
53507.81;-100.34
53510.74;-100.26
53513.67;-100.11
53516.60;-100.26
53519.53;-99.95
53522.46;-100.03
53525.39;-100.26
53528.32;-100.11
53531.25;-100.03
53534.18;-100.11
53537.11;-100.26
53540.04;-100.19
53542.97;-100.26
53545.90;-100.50
53548.83;-100.42
53551.76;-100.03
53554.69;-100.03
53557.62;-100.19
53560.55;-100.19
53563.48;-100.11
53566.41;-99.95
53569.34;-100.19
53572.27;-100.19
53575.20;-100.34
53578.13;-100.42
53581.05;-100.42
53583.98;-100.34
53586.91;-100.19
53589.84;-100.03
53592.77;-99.87
53595.70;-100.03
53598.63;-100.34
53601.56;-100.34
53604.49;-100.19
53607.42;-100.11
53610.35;-100.26
53613.28;-100.42
53616.21;-100.03
53619.14;-100.11
53622.07;-100.26
53625.00;-100.50
53627.93;-100.34
53630.86;-100.11
53633.79;-100.03
53636.72;-100.26
53639.65;-100.26
53642.58;-100.19
53645.51;-100.19
53648.44;-100.03
53651.37;-100.26
53654.30;-100.34
53657.23;-100.03
53660.16;-100.03
53663.09;-100.34
53666.02;-100.34
53668.95;-100.11
53671.88;-100.11
53674.80;-100.26
53677.73;-100.34
53680.66;-100.03
53683.59;-100.11
53686.52;-100.19
53689.45;-100.42
53692.38;-100.42
53695.31;-100.19
53698.24;-100.11
53701.17;-100.42
53704.10;-100.03
53707.03;-99.87
53709.96;-99.95
53712.89;-100.26
53715.82;-100.42
53718.75;-100.26
53721.68;-100.19
53724.61;-100.26
53727.54;-100.19
53730.47;-100.34
53733.40;-100.19
53736.33;-100.26
53739.26;-100.11
53742.19;-99.95
53745.12;-99.87
53748.05;-99.95
53750.98;-100.03
53753.91;-100.26
53756.84;-100.19
53759.77;-100.26
53762.70;-100.19
53765.63;-100.19
53768.55;-100.03
53771.48;-99.87
53774.41;-100.19
53777.34;-100.26
53780.27;-100.11
53783.20;-100.34
53786.13;-100.50
53789.06;-100.34
53791.99;-100.19
53794.92;-100.26
53797.85;-100.03
53800.78;-99.87
53803.71;-100.11
53806.64;-100.26
53809.57;-100.19
53812.50;-100.11
53815.43;-100.34
53818.36;-100.11
53821.29;-99.95
53824.22;-100.19
53827.15;-100.11
53830.08;-99.95
53833.01;-100.34
53835.94;-100.42
53838.87;-100.42
53841.80;-100.42
53844.73;-100.03
53847.66;-100.03
53850.59;-100.34
53853.52;-100.50
53856.45;-100.42
53859.38;-100.26
53862.30;-100.11
53865.23;-100.11
53868.16;-100.11
53871.09;-100.42
53874.02;-100.19
53876.95;-100.26
53879.88;-100.26
53882.81;-100.34
53885.74;-100.42
53888.67;-100.50
53891.60;-100.42
53894.53;-100.19
53897.46;-100.03
53900.39;-100.03
53903.32;-100.26
53906.25;-100.42
53909.18;-100.42
53912.11;-100.58
53915.04;-100.42
53917.97;-100.19
53920.90;-100.03
53923.83;-100.11
53926.76;-99.95
53929.69;-100.03
53932.62;-100.03
53935.55;-100.11
53938.48;-100.34
53941.41;-100.34
53944.34;-100.19
53947.27;-100.03
53950.20;-99.95
53953.13;-100.19
53956.05;-100.11
53958.98;-100.11
53961.91;-100.11
53964.84;-99.79
53967.77;-100.03
53970.70;-100.19
53973.63;-100.11
53976.56;-100.26
53979.49;-100.11
53982.42;-100.03
53985.35;-100.26
53988.28;-100.11
53991.21;-100.26
53994.14;-99.95
53997.07;-99.72
54000.00;-100.03
54002.93;-100.34
54005.86;-100.58
54008.79;-100.42
54011.72;-100.26
54014.65;-100.34
54017.58;-100.26
54020.51;-100.19
54023.44;-100.19
54026.37;-100.42
54029.30;-100.19
54032.23;-99.87
54035.16;-100.11
54038.09;-100.26
54041.02;-100.19
54043.95;-99.87
54046.88;-100.03
54049.80;-100.34
54052.73;-100.26
54055.66;-100.26
54058.59;-100.26
54061.52;-100.03
54064.45;-99.95
54067.38;-100.34
54070.31;-100.34
54073.24;-100.42
54076.17;-100.19
54079.10;-100.11
54082.03;-100.26
54084.96;-100.03
54087.89;-99.87
54090.82;-100.11
54093.75;-100.19
54096.68;-100.11
54099.61;-100.26
54102.54;-100.34
54105.47;-100.19
54108.40;-100.19
54111.33;-100.19
54114.26;-100.11
54117.19;-100.19
54120.12;-100.42
54123.05;-100.34
54125.98;-100.11
54128.91;-100.26
54131.84;-100.11
54134.77;-100.11
54137.70;-100.34
54140.63;-100.34
54143.55;-100.11
54146.48;-100.03
54149.41;-100.11
54152.34;-100.34
54155.27;-100.26
54158.20;-100.42
54161.13;-100.19
54164.06;-100.19
54166.99;-100.26
54169.92;-100.19
54172.85;-100.19
54175.78;-100.42
54178.71;-100.42
54181.64;-100.34
54184.57;-100.19
54187.50;-100.03
54190.43;-100.11
54193.36;-100.26
54196.29;-100.26
54199.22;-100.19
54202.15;-100.19
54205.08;-100.19
54208.01;-100.19
54210.94;-100.42
54213.87;-100.42
54216.80;-100.26
54219.73;-100.03
54222.66;-100.03
54225.59;-100.42
54228.52;-100.34
54231.45;-100.26
54234.38;-100.19
54237.30;-100.11
54240.23;-100.11
54243.16;-100.03
54246.09;-100.26
54249.02;-100.34
54251.95;-100.26
54254.88;-99.95
54257.81;-100.19
54260.74;-100.11
54263.67;-100.19
54266.60;-99.95
54269.53;-100.03
54272.46;-100.26
54275.39;-100.34
54278.32;-100.42
54281.25;-100.34
54284.18;-100.26
54287.11;-100.34
54290.04;-100.03
54292.97;-100.19
54295.90;-100.34
54298.83;-100.19
54301.76;-100.19
54304.69;-100.11
54307.62;-100.03
54310.55;-99.95
54313.48;-100.03
54316.41;-100.11
54319.34;-100.34
54322.27;-100.19
54325.20;-99.95
54328.13;-100.11
54331.05;-99.95
54333.98;-99.79
54336.91;-99.72
54339.84;-100.03
54342.77;-100.26
54345.70;-100.42
54348.63;-100.42
54351.56;-100.34
54354.49;-100.34
54357.42;-100.11
54360.35;-99.72
54363.28;-99.72
54366.21;-99.95
54369.14;-100.11
54372.07;-100.19
54375.00;-100.19
54377.93;-100.11
54380.86;-100.11
54383.79;-100.34
54386.72;-100.34
54389.65;-100.50
54392.58;-99.95
54395.51;-99.79
54398.44;-99.95
54401.37;-99.95
54404.30;-100.03
54407.23;-100.26
54410.16;-100.11
54413.09;-99.87
54416.02;-100.03
54418.95;-100.34
54421.88;-100.34
54424.80;-100.11
54427.73;-99.95
54430.66;-99.95
54433.59;-99.95
54436.52;-99.64
54439.45;-99.72
54442.38;-100.03
54445.31;-100.11
54448.24;-99.79
54451.17;-99.95
54454.10;-100.19
54457.03;-99.95
54459.96;-100.26
54462.89;-100.26
54465.82;-100.34
54468.75;-100.50
54471.68;-100.42
54474.61;-100.19
54477.54;-100.03
54480.47;-100.11
54483.40;-100.03
54486.33;-100.03
54489.26;-100.26
54492.19;-100.26
54495.12;-100.19
54498.05;-99.95
54500.98;-100.11
54503.91;-100.34
54506.84;-100.26
54509.77;-100.26
54512.70;-99.79
54515.63;-99.95
54518.55;-99.95
54521.48;-99.95
54524.41;-99.79
54527.34;-99.95
54530.27;-100.26
54533.20;-100.42
54536.13;-100.42
54539.06;-100.42
54541.99;-100.34
54544.92;-100.03
54547.85;-100.11
54550.78;-100.19
54553.71;-100.11
54556.64;-99.95
54559.57;-100.03
54562.50;-99.87
54565.43;-99.87
54568.36;-100.11
54571.29;-100.03
54574.22;-100.19
54577.15;-99.95
54580.08;-100.03
54583.01;-100.03
54585.94;-100.34
54588.87;-100.26
54591.80;-100.34
54594.73;-100.11
54597.66;-99.87
54600.59;-100.03
54603.52;-100.19
54606.45;-99.95
54609.38;-100.03
54612.30;-100.42
54615.23;-100.34
54618.16;-100.34
54621.09;-99.95
54624.02;-100.03
54626.95;-100.19
54629.88;-100.34
54632.81;-100.11
54635.74;-100.19
54638.67;-100.19
54641.60;-99.87
54644.53;-100.03
54647.46;-100.19
54650.39;-100.19
54653.32;-99.87
54656.25;-99.87
54659.18;-100.03
54662.11;-100.11
54665.04;-99.95
54667.97;-100.03
54670.90;-99.87
54673.83;-100.11
54676.76;-100.11
54679.69;-100.19
54682.62;-99.95
54685.55;-99.87
54688.48;-100.03
54691.41;-100.03
54694.34;-100.11
54697.27;-100.26
54700.20;-100.03
54703.13;-100.11
54706.05;-100.03
54708.98;-100.03
54711.91;-100.03
54714.84;-100.19
54717.77;-100.26
54720.70;-100.19
54723.63;-100.42
54726.56;-100.19
54729.49;-99.95
54732.42;-99.95
54735.35;-100.03
54738.28;-100.03
54741.21;-100.11
54744.14;-99.95
54747.07;-100.03
54750.00;-99.95
54752.93;-100.34
54755.86;-100.50
54758.79;-100.26
54761.72;-100.19
54764.65;-99.95
54767.58;-99.87
54770.51;-99.95
54773.44;-100.03
54776.37;-100.03
54779.30;-100.11
54782.23;-100.03
54785.16;-100.11
54788.09;-100.11
54791.02;-100.26
54793.95;-100.34
54796.88;-100.19
54799.80;-100.19
54802.73;-100.03
54805.66;-99.95
54808.59;-100.26
54811.52;-100.26
54814.45;-100.11
54817.38;-100.19
54820.31;-100.58
54823.24;-100.42
54826.17;-100.26
54829.10;-99.95
54832.03;-100.03
54834.96;-100.11
54837.89;-100.19
54840.82;-100.42
54843.75;-100.19
54846.68;-100.19
54849.61;-100.26
54852.54;-100.34
54855.47;-100.03
54858.40;-100.03
54861.33;-99.95
54864.26;-100.26
54867.19;-100.26
54870.12;-100.34
54873.05;-100.34
54875.98;-100.19
54878.91;-100.11
54881.84;-100.11
54884.77;-100.03
54887.70;-100.11
54890.63;-100.26
54893.55;-100.11
54896.48;-100.11
54899.41;-100.03
54902.34;-100.11
54905.27;-100.34
54908.20;-100.03
54911.13;-100.03
54914.06;-100.11
54916.99;-99.95
54919.92;-99.95
54922.85;-100.26
54925.78;-100.19
54928.71;-100.19
54931.64;-99.95
54934.57;-99.95
54937.50;-99.87
54940.43;-100.03
54943.36;-100.19
54946.29;-100.42
54949.22;-100.42
54952.15;-100.34
54955.08;-100.11
54958.01;-100.11
54960.94;-100.03
54963.87;-99.87
54966.80;-100.19
54969.73;-99.95
54972.66;-99.87
54975.59;-99.95
54978.52;-100.03
54981.45;-100.11
54984.38;-100.11
54987.30;-100.11
54990.23;-100.11
54993.16;-100.11
54996.09;-99.95
54999.02;-100.11
55001.95;-100.26
55004.88;-100.34
55007.81;-100.26
55010.74;-100.03
55013.67;-100.03
55016.60;-100.26
55019.53;-99.95
55022.46;-99.87
55025.39;-100.03
55028.32;-100.19
55031.25;-99.95
55034.18;-99.95
55037.11;-100.11
55040.04;-100.34
55042.97;-100.34
55045.90;-100.03
55048.83;-99.95
55051.76;-100.26
55054.69;-100.11
55057.62;-100.26
55060.55;-100.11
55063.48;-99.87
55066.41;-99.95
55069.34;-100.26
55072.27;-100.34
55075.20;-100.19
55078.13;-100.26
55081.05;-99.95
55083.98;-99.95
55086.91;-100.19
55089.84;-100.03
55092.77;-100.03
55095.70;-100.34
55098.63;-100.11
55101.56;-100.03
55104.49;-100.26
55107.42;-100.58
55110.35;-100.03
55113.28;-100.03
55116.21;-100.11
55119.14;-100.19
55122.07;-100.19
55125.00;-100.26
55127.93;-100.03
55130.86;-100.19
55133.79;-100.42
55136.72;-100.19
55139.65;-100.19
55142.58;-100.11
55145.51;-100.11
55148.44;-99.87
55151.37;-100.03
55154.30;-100.03
55157.23;-100.03
55160.16;-100.11
55163.09;-99.95
55166.02;-99.64
55168.95;-100.11
55171.88;-100.19
55174.80;-100.19
55177.73;-100.26
55180.66;-100.19
55183.59;-100.19
55186.52;-100.34
55189.45;-100.42
55192.38;-100.42
55195.31;-100.26
55198.24;-100.42
55201.17;-100.03
55204.10;-100.03
55207.03;-99.95
55209.96;-99.72
55212.89;-99.87
55215.82;-100.11
55218.75;-100.11
55221.68;-99.95
55224.61;-100.26
55227.54;-100.11
55230.47;-100.03
55233.40;-100.26
55236.33;-100.03
55239.26;-100.11
55242.19;-99.87
55245.12;-100.03
55248.05;-100.34
55250.98;-100.50
55253.91;-100.26
55256.84;-100.11
55259.77;-100.34
55262.70;-100.19
55265.63;-100.19
55268.55;-99.87
55271.48;-99.87
55274.41;-100.03
55277.34;-100.19
55280.27;-100.26
55283.20;-100.11
55286.13;-100.19
55289.06;-100.03
55291.99;-100.19
55294.92;-100.26
55297.85;-99.95
55300.78;-99.95
55303.71;-99.79
55306.64;-99.95
55309.57;-99.95
55312.50;-100.03
55315.43;-100.11
55318.36;-100.03
55321.29;-99.95
55324.22;-99.79
55327.15;-100.11
55330.08;-100.19
55333.01;-99.79
55335.94;-99.87
55338.87;-99.87
55341.80;-100.03
55344.73;-100.19
55347.66;-100.03
55350.59;-99.79
55353.52;-99.95
55356.45;-100.03
55359.38;-100.03
55362.30;-100.42
55365.23;-100.58
55368.16;-100.11
55371.09;-99.79
55374.02;-100.03
55376.95;-100.19
55379.88;-100.03
55382.81;-100.19
55385.74;-100.34
55388.67;-100.50
55391.60;-100.50
55394.53;-100.34
55397.46;-100.19
55400.39;-100.19
55403.32;-99.95
55406.25;-99.79
55409.18;-99.87
55412.11;-100.03
55415.04;-99.87
55417.97;-100.19
55420.90;-100.26
55423.83;-100.03
55426.76;-100.11
55429.69;-99.87
55432.62;-99.95
55435.55;-99.87
55438.48;-99.95
55441.41;-100.03
55444.34;-99.95
55447.27;-100.19
55450.20;-100.34
55453.13;-100.11
55456.05;-100.03
55458.98;-100.19
55461.91;-100.03
55464.84;-99.87
55467.77;-99.95
55470.70;-99.95
55473.63;-99.87
55476.56;-99.72
55479.49;-100.11
55482.42;-100.19
55485.35;-100.26
55488.28;-100.34
55491.21;-100.19
55494.14;-100.19
55497.07;-100.03
55500.00;-99.87
55502.93;-100.19
55505.86;-100.11
55508.79;-100.26
55511.72;-100.19
55514.65;-100.11
55517.58;-100.11
55520.51;-100.26
55523.44;-100.34
55526.37;-100.19
55529.30;-100.11
55532.23;-100.19
55535.16;-100.19
55538.09;-100.26
55541.02;-100.26
55543.95;-100.34
55546.88;-100.11
55549.80;-99.95
55552.73;-100.11
55555.66;-100.19
55558.59;-100.03
55561.52;-100.03
55564.45;-100.26
55567.38;-100.26
55570.31;-100.34
55573.24;-100.50
55576.17;-100.42
55579.10;-100.03
55582.03;-99.79
55584.96;-100.03
55587.89;-100.03
55590.82;-100.03
55593.75;-100.26
55596.68;-100.11
55599.61;-100.19
55602.54;-100.19
55605.47;-99.95
55608.40;-100.11
55611.33;-100.26
55614.26;-99.95
55617.19;-99.95
55620.12;-100.11
55623.05;-100.03
55625.98;-100.19
55628.91;-100.19
55631.84;-100.26
55634.77;-100.11
55637.70;-100.19
55640.63;-100.26
55643.55;-100.03
55646.48;-100.03
55649.41;-100.19
55652.34;-100.03
55655.27;-100.03
55658.20;-100.34
55661.13;-100.42
55664.06;-100.19
55666.99;-99.95
55669.92;-100.03
55672.85;-99.87
55675.78;-100.11
55678.71;-100.03
55681.64;-100.11
55684.57;-100.03
55687.50;-100.19
55690.43;-100.34
55693.36;-100.19
55696.29;-100.26
55699.22;-100.42
55702.15;-100.26
55705.08;-100.26
55708.01;-100.26
55710.94;-100.19
55713.87;-100.03
55716.80;-99.79
55719.73;-100.03
55722.66;-100.26
55725.59;-100.19
55728.52;-100.26
55731.45;-100.03
55734.38;-100.11
55737.30;-100.26
55740.23;-100.34
55743.16;-100.26
55746.09;-100.26
55749.02;-100.50
55751.95;-100.19
55754.88;-100.11
55757.81;-100.26
55760.74;-100.19
55763.67;-100.19
55766.60;-100.26
55769.53;-100.11
55772.46;-99.87
55775.39;-100.03
55778.32;-100.42
55781.25;-100.26
55784.18;-100.19
55787.11;-100.42
55790.04;-100.34
55792.97;-100.42
55795.90;-100.26
55798.83;-100.26
55801.76;-100.19
55804.69;-100.19
55807.62;-100.03
55810.55;-100.03
55813.48;-100.03
55816.41;-99.95
55819.34;-99.95
55822.27;-100.03
55825.20;-100.03
55828.13;-100.11
55831.05;-100.19
55833.98;-100.03
55836.91;-100.19
55839.84;-100.42
55842.77;-100.34
55845.70;-100.50
55848.63;-100.26
55851.56;-100.11
55854.49;-100.19
55857.42;-100.11
55860.35;-100.03
55863.28;-100.03
55866.21;-99.95
55869.14;-99.79
55872.07;-99.95
55875.00;-100.19
55877.93;-100.19
55880.86;-100.03
55883.79;-99.72
55886.72;-99.87
55889.65;-100.11
55892.58;-100.34
55895.51;-100.34
55898.44;-100.11
55901.37;-100.19
55904.30;-100.26
55907.23;-100.03
55910.16;-99.79
55913.09;-99.95
55916.02;-100.11
55918.95;-100.19
55921.88;-99.95
55924.80;-99.95
55927.73;-99.79
55930.66;-99.87
55933.59;-100.11
55936.52;-100.03
55939.45;-100.03
55942.38;-100.42
55945.31;-100.11
55948.24;-100.03
55951.17;-100.58
55954.10;-100.34
55957.03;-100.19
55959.96;-99.95
55962.89;-99.95
55965.82;-99.95
55968.75;-99.79
55971.68;-99.87
55974.61;-99.87
55977.54;-100.11
55980.47;-100.11
55983.40;-100.03
55986.33;-100.11
55989.26;-100.11
55992.19;-100.19
55995.12;-99.95
55998.05;-99.79
56000.98;-100.11
56003.91;-100.11
56006.84;-99.87
56009.77;-100.11
56012.70;-100.26
56015.63;-100.26
56018.55;-100.65
56021.48;-100.34
56024.41;-99.79
56027.34;-100.03
56030.27;-100.19
56033.20;-100.03
56036.13;-100.11
56039.06;-100.42
56041.99;-100.42
56044.92;-100.34
56047.85;-100.03
56050.78;-99.87
56053.71;-99.95
56056.64;-99.95
56059.57;-99.87
56062.50;-99.79
56065.43;-99.95
56068.36;-100.03
56071.29;-100.03
56074.22;-100.11
56077.15;-100.03
56080.08;-100.19
56083.01;-100.03
56085.94;-99.95
56088.87;-100.03
56091.80;-100.34
56094.73;-100.11
56097.66;-100.03
56100.59;-100.03
56103.52;-100.26
56106.45;-100.26
56109.38;-99.95
56112.30;-100.26
56115.23;-100.26
56118.16;-100.11
56121.09;-99.64
56124.02;-99.79
56126.95;-99.95
56129.88;-99.79
56132.81;-100.03
56135.74;-100.03
56138.67;-100.26
56141.60;-100.11
56144.53;-100.11
56147.46;-100.34
56150.39;-100.26
56153.32;-100.03
56156.25;-100.11
56159.18;-100.11
56162.11;-99.87
56165.04;-100.03
56167.97;-100.19
56170.90;-100.19
56173.83;-99.95
56176.76;-100.26
56179.69;-100.19
56182.62;-100.03
56185.55;-100.19
56188.48;-100.11
56191.41;-100.19
56194.34;-100.11
56197.27;-100.11
56200.20;-100.34
56203.13;-100.26
56206.05;-100.34
56208.98;-100.34
56211.91;-100.03
56214.84;-99.87
56217.77;-99.95
56220.70;-100.11
56223.63;-100.11
56226.56;-100.19
56229.49;-100.11
56232.42;-100.11
56235.35;-99.95
56238.28;-100.26
56241.21;-100.19
56244.14;-99.95
56247.07;-100.03
56250.00;-99.95
56252.93;-99.95
56255.86;-100.03
56258.79;-100.11
56261.72;-100.11
56264.65;-100.19
56267.58;-100.11
56270.51;-100.34
56273.44;-100.11
56276.37;-100.03
56279.30;-100.11
56282.23;-100.03
56285.16;-100.19
56288.09;-100.26
56291.02;-100.34
56293.95;-100.03
56296.88;-100.11
56299.80;-100.03
56302.73;-100.11
56305.66;-100.03
56308.59;-100.11
56311.52;-100.26
56314.45;-100.26
56317.38;-100.03
56320.31;-100.26
56323.24;-100.11
56326.17;-99.95
56329.10;-100.03
56332.03;-100.26
56334.96;-100.34
56337.89;-100.11
56340.82;-100.03
56343.75;-100.26
56346.68;-100.19
56349.61;-100.11
56352.54;-100.19
56355.47;-99.95
56358.40;-99.87
56361.33;-100.11
56364.26;-100.19
56367.19;-100.26
56370.12;-100.03
56373.05;-99.87
56375.98;-99.95
56378.91;-100.11
56381.84;-100.03
56384.77;-100.03
56387.70;-99.95
56390.63;-100.03
56393.55;-100.19
56396.48;-100.11
56399.41;-99.95
56402.34;-99.87
56405.27;-100.11
56408.20;-100.11
56411.13;-100.03
56414.06;-99.72
56416.99;-99.87
56419.92;-99.95
56422.85;-99.87
56425.78;-99.87
56428.71;-100.26
56431.64;-100.42
56434.57;-100.26
56437.50;-100.19
56440.43;-100.34
56443.36;-100.34
56446.29;-100.50
56449.22;-100.42
56452.15;-100.42
56455.08;-100.19
56458.01;-100.50
56460.94;-100.26
56463.87;-100.34
56466.80;-100.42
56469.73;-100.26
56472.66;-100.42
56475.59;-100.42
56478.52;-100.11
56481.45;-100.26
56484.38;-100.50
56487.30;-100.50
56490.23;-100.34
56493.16;-99.95
56496.09;-99.87
56499.02;-100.42
56501.95;-100.42
56504.88;-100.11
56507.81;-100.11
56510.74;-100.34
56513.67;-100.42
56516.60;-100.19
56519.53;-100.26
56522.46;-100.19
56525.39;-100.11
56528.32;-100.34
56531.25;-100.26
56534.18;-100.19
56537.11;-100.11
56540.04;-100.19
56542.97;-100.19
56545.90;-99.95
56548.83;-99.95
56551.76;-100.19
56554.69;-100.03
56557.62;-100.11
56560.55;-100.42
56563.48;-100.19
56566.41;-100.19
56569.34;-100.26
56572.27;-100.19
56575.20;-100.03
56578.13;-99.87
56581.05;-100.11
56583.98;-100.11
56586.91;-100.11
56589.84;-100.42
56592.77;-100.42
56595.70;-99.87
56598.63;-100.03
56601.56;-100.26
56604.49;-100.19
56607.42;-100.03
56610.35;-100.26
56613.28;-100.11
56616.21;-99.95
56619.14;-100.19
56622.07;-100.34
56625.00;-100.03
56627.93;-99.87
56630.86;-99.72
56633.79;-100.11
56636.72;-100.11
56639.65;-100.19
56642.58;-100.34
56645.51;-100.19
56648.44;-100.42
56651.37;-100.50
56654.30;-100.34
56657.23;-100.34
56660.16;-100.11
56663.09;-100.03
56666.02;-100.19
56668.95;-100.19
56671.88;-100.03
56674.80;-100.11
56677.73;-100.26
56680.66;-100.19
56683.59;-100.11
56686.52;-99.95
56689.45;-99.87
56692.38;-99.79
56695.31;-99.87
56698.24;-100.03
56701.17;-99.95
56704.10;-99.87
56707.03;-99.79
56709.96;-99.95
56712.89;-99.87
56715.82;-100.11
56718.75;-100.26
56721.68;-100.34
56724.61;-100.19
56727.54;-100.11
56730.47;-100.11
56733.40;-100.11
56736.33;-100.19
56739.26;-99.87
56742.19;-100.03
56745.12;-100.03
56748.05;-100.11
56750.98;-100.26
56753.91;-100.03
56756.84;-100.11
56759.77;-100.11
56762.70;-100.11
56765.63;-100.11
56768.55;-100.19
56771.48;-100.19
56774.41;-100.26
56777.34;-100.03
56780.27;-100.19
56783.20;-100.11
56786.13;-99.95
56789.06;-99.95
56791.99;-99.95
56794.92;-100.26
56797.85;-100.11
56800.78;-99.87
56803.71;-100.11
56806.64;-100.11
56809.57;-99.95
56812.50;-100.26
56815.43;-100.11
56818.36;-99.87
56821.29;-100.11
56824.22;-100.26
56827.15;-100.26
56830.08;-100.19
56833.01;-99.87
56835.94;-100.03
56838.87;-100.11
56841.80;-100.26
56844.73;-100.11
56847.66;-99.95
56850.59;-99.95
56853.52;-100.11
56856.45;-100.11
56859.38;-100.58
56862.30;-100.42
56865.23;-100.11
56868.16;-100.26
56871.09;-100.42
56874.02;-100.19
56876.95;-99.95
56879.88;-100.11
56882.81;-100.19
56885.74;-100.19
56888.67;-100.26
56891.60;-100.34
56894.53;-100.42
56897.46;-100.42
56900.39;-100.11
56903.32;-99.95
56906.25;-100.19
56909.18;-100.11
56912.11;-100.03
56915.04;-99.72
56917.97;-99.87
56920.90;-100.11
56923.83;-100.11
56926.76;-100.34
56929.69;-100.19
56932.62;-100.19
56935.55;-100.19
56938.48;-100.26
56941.41;-100.11
56944.34;-99.95
56947.27;-100.03
56950.20;-100.03
56953.13;-99.95
56956.05;-100.11
56958.98;-99.95
56961.91;-100.11
56964.84;-100.11
56967.77;-100.26
56970.70;-100.26
56973.63;-100.34
56976.56;-100.50
56979.49;-100.34
56982.42;-100.11
56985.35;-100.19
56988.28;-100.19
56991.21;-100.11
56994.14;-100.26
56997.07;-100.03
57000.00;-100.34
57002.93;-100.19
57005.86;-100.19
57008.79;-100.26
57011.72;-100.26
57014.65;-100.03
57017.58;-100.03
57020.51;-100.19
57023.44;-100.34
57026.37;-99.95
57029.30;-100.11
57032.23;-100.26
57035.16;-99.95
57038.09;-99.87
57041.02;-100.03
57043.95;-100.11
57046.88;-100.11
57049.80;-100.34
57052.73;-100.34
57055.66;-100.03
57058.59;-100.03
57061.52;-100.03
57064.45;-100.11
57067.38;-100.19
57070.31;-100.26
57073.24;-100.34
57076.17;-100.19
57079.10;-99.87
57082.03;-99.87
57084.96;-100.11
57087.89;-100.19
57090.82;-100.11
57093.75;-100.26
57096.68;-100.19
57099.61;-100.03
57102.54;-99.56
57105.47;-99.79
57108.40;-100.03
57111.33;-100.11
57114.26;-100.26
57117.19;-100.19
57120.12;-100.03
57123.05;-100.11
57125.98;-100.11
57128.91;-100.34
57131.84;-100.34
57134.77;-100.03
57137.70;-100.19
57140.63;-100.26
57143.55;-100.11
57146.48;-100.42
57149.41;-100.34
57152.34;-100.19
57155.27;-100.26
57158.20;-99.95
57161.13;-100.19
57164.06;-100.26
57166.99;-99.95
57169.92;-100.11
57172.85;-100.19
57175.78;-99.87
57178.71;-100.11
57181.64;-100.11
57184.57;-100.03
57187.50;-100.11
57190.43;-100.03
57193.36;-100.03
57196.29;-100.26
57199.22;-100.26
57202.15;-100.03
57205.08;-99.79
57208.01;-100.11
57210.94;-100.19
57213.87;-100.19
57216.80;-100.11
57219.73;-100.03
57222.66;-99.95
57225.59;-100.03
57228.52;-100.19
57231.45;-100.11
57234.38;-100.26
57237.30;-100.11
57240.23;-100.03
57243.16;-100.26
57246.09;-100.26
57249.02;-99.95
57251.95;-100.03
57254.88;-100.19
57257.81;-100.19
57260.74;-99.79
57263.67;-99.79
57266.60;-100.03
57269.53;-100.03
57272.46;-100.03
57275.39;-100.19
57278.32;-100.34
57281.25;-100.11
57284.18;-99.95
57287.11;-99.87
57290.04;-100.11
57292.97;-100.19
57295.90;-99.87
57298.83;-99.72
57301.76;-99.72
57304.69;-100.03
57307.62;-100.03
57310.55;-100.11
57313.48;-100.19
57316.41;-100.34
57319.34;-100.19
57322.27;-100.03
57325.20;-100.11
57328.13;-100.11
57331.05;-100.11
57333.98;-100.19
57336.91;-100.26
57339.84;-100.19
57342.77;-99.95
57345.70;-99.95
57348.63;-99.95
57351.56;-100.03
57354.49;-99.87
57357.42;-100.03
57360.35;-100.11
57363.28;-100.11
57366.21;-99.95
57369.14;-100.11
57372.07;-100.26
57375.00;-100.19
57377.93;-99.79
57380.86;-99.95
57383.79;-100.11
57386.72;-100.19
57389.65;-100.11
57392.58;-100.19
57395.51;-100.19
57398.44;-100.19
57401.37;-100.19
57404.30;-100.03
57407.23;-100.03
57410.16;-100.19
57413.09;-100.26
57416.02;-100.26
57418.95;-100.11
57421.88;-99.95
57424.80;-100.03
57427.73;-99.79
57430.66;-100.19
57433.59;-100.19
57436.52;-100.11
57439.45;-100.26
57442.38;-100.26
57445.31;-100.34
57448.24;-100.19
57451.17;-100.34
57454.10;-100.26
57457.03;-99.79
57459.96;-99.87
57462.89;-99.95
57465.82;-100.03
57468.75;-100.11
57471.68;-100.11
57474.61;-100.26
57477.54;-100.19
57480.47;-100.26
57483.40;-99.95
57486.33;-99.87
57489.26;-99.87
57492.19;-99.95
57495.12;-100.03
57498.05;-100.03
57500.98;-100.19
57503.91;-100.11
57506.84;-100.03
57509.77;-99.95
57512.70;-99.87
57515.63;-100.03
57518.55;-100.03
57521.48;-100.11
57524.41;-100.03
57527.34;-99.79
57530.27;-99.95
57533.20;-99.95
57536.13;-99.87
57539.06;-99.87
57541.99;-100.19
57544.92;-100.11
57547.85;-100.19
57550.78;-100.11
57553.71;-100.03
57556.64;-100.19
57559.57;-100.11
57562.50;-100.19
57565.43;-100.19
57568.36;-99.95
57571.29;-99.87
57574.22;-100.03
57577.15;-100.11
57580.08;-100.26
57583.01;-99.95
57585.94;-100.03
57588.87;-99.95
57591.80;-99.95
57594.73;-99.87
57597.66;-100.11
57600.59;-100.19
57603.52;-100.11
57606.45;-99.95
57609.38;-99.95
57612.30;-100.19
57615.23;-100.19
57618.16;-99.95
57621.09;-100.26
57624.02;-100.19
57626.95;-100.26
57629.88;-100.26
57632.81;-100.34
57635.74;-100.26
57638.67;-100.19
57641.60;-100.19
57644.53;-100.11
57647.46;-100.11
57650.39;-100.19
57653.32;-100.11
57656.25;-100.03
57659.18;-99.95
57662.11;-99.95
57665.04;-99.95
57667.97;-99.95
57670.90;-99.95
57673.83;-100.11
57676.76;-100.26
57679.69;-100.34
57682.62;-100.11
57685.55;-100.03
57688.48;-99.95
57691.41;-99.79
57694.34;-100.19
57697.27;-100.11
57700.20;-100.03
57703.13;-100.11
57706.05;-100.03
57708.98;-99.95
57711.91;-100.03
57714.84;-99.95
57717.77;-100.03
57720.70;-100.11
57723.63;-100.19
57726.56;-100.26
57729.49;-100.03
57732.42;-99.79
57735.35;-99.87
57738.28;-99.87
57741.21;-99.95
57744.14;-100.26
57747.07;-99.95
57750.00;-99.95
57752.93;-100.34
57755.86;-100.42
57758.79;-100.03
57761.72;-100.26
57764.65;-100.11
57767.58;-99.95
57770.51;-100.11
57773.44;-100.11
57776.37;-100.50
57779.30;-100.11
57782.23;-100.34
57785.16;-100.26
57788.09;-99.79
57791.02;-99.87
57793.95;-100.11
57796.88;-100.42
57799.80;-100.19
57802.73;-100.11
57805.66;-100.42
57808.59;-100.03
57811.52;-100.03
57814.45;-100.34
57817.38;-100.26
57820.31;-100.26
57823.24;-100.11
57826.17;-100.11
57829.10;-100.19
57832.03;-100.19
57834.96;-100.03
57837.89;-100.03
57840.82;-100.26
57843.75;-99.95
57846.68;-99.79
57849.61;-100.03
57852.54;-100.19
57855.47;-100.11
57858.40;-100.34
57861.33;-100.58
57864.26;-100.58
57867.19;-99.95
57870.12;-99.95
57873.05;-99.95
57875.98;-99.87
57878.91;-100.19
57881.84;-100.34
57884.77;-100.03
57887.70;-100.19
57890.63;-100.42
57893.55;-100.50
57896.48;-99.95
57899.41;-100.03
57902.34;-99.87
57905.27;-99.79
57908.20;-100.03
57911.13;-100.03
57914.06;-99.95
57916.99;-100.11
57919.92;-99.95
57922.85;-100.19
57925.78;-100.50
57928.71;-100.34
57931.64;-100.03
57934.57;-100.19
57937.50;-100.26
57940.43;-100.03
57943.36;-99.95
57946.29;-99.95
57949.22;-99.79
57952.15;-99.72
57955.08;-100.11
57958.01;-100.03
57960.94;-100.03
57963.87;-100.34
57966.80;-100.34
57969.73;-100.19
57972.66;-100.19
57975.59;-100.19
57978.52;-100.19
57981.45;-100.11
57984.38;-100.11
57987.30;-99.79
57990.23;-99.79
57993.16;-100.11
57996.09;-100.42
57999.02;-100.34
58001.95;-100.11
58004.88;-100.11
58007.81;-99.95
58010.74;-100.03
58013.67;-100.03
58016.60;-99.87
58019.53;-99.95
58022.46;-99.95
58025.39;-99.95
58028.32;-99.87
58031.25;-100.26
58034.18;-100.58
58037.11;-100.03
58040.04;-99.95
58042.97;-100.19
58045.90;-100.26
58048.83;-100.19
58051.76;-100.03
58054.69;-100.19
58057.62;-100.03
58060.55;-100.19
58063.48;-100.19
58066.41;-100.19
58069.34;-100.03
58072.27;-100.26
58075.20;-100.11
58078.13;-100.11
58081.05;-100.19
58083.98;-100.03
58086.91;-99.79
58089.84;-99.72
58092.77;-100.11
58095.70;-100.26
58098.63;-100.19
58101.56;-100.19
58104.49;-100.34
58107.42;-100.34
58110.35;-100.19
58113.28;-100.03
58116.21;-100.11
58119.14;-99.79
58122.07;-100.03
58125.00;-100.03
58127.93;-100.11
58130.86;-100.19
58133.79;-100.03
58136.72;-100.19
58139.65;-99.95
58142.58;-100.11
58145.51;-100.03
58148.44;-99.79
58151.37;-99.95
58154.30;-100.19
58157.23;-100.26
58160.16;-100.26
58163.09;-100.42
58166.02;-100.34
58168.95;-100.11
58171.88;-100.42
58174.80;-100.26
58177.73;-100.26
58180.66;-100.34
58183.59;-100.26
58186.52;-100.26
58189.45;-100.19
58192.38;-100.26
58195.31;-100.03
58198.24;-99.87
58201.17;-99.79
58204.10;-99.95
58207.03;-99.95
58209.96;-99.95
58212.89;-99.87
58215.82;-100.03
58218.75;-100.19
58221.68;-100.19
58224.61;-100.26
58227.54;-100.58
58230.47;-100.19
58233.40;-99.87
58236.33;-100.19
58239.26;-100.03
58242.19;-100.11
58245.12;-100.34
58248.05;-100.11
58250.98;-99.87
58253.91;-100.03
58256.84;-99.95
58259.77;-99.87
58262.70;-99.87
58265.63;-99.95
58268.55;-99.95
58271.48;-99.79
58274.41;-100.03
58277.34;-100.11
58280.27;-100.03
58283.20;-100.11
58286.13;-100.42
58289.06;-100.42
58291.99;-100.26
58294.92;-100.26
58297.85;-100.19
58300.78;-100.03
58303.71;-100.03
58306.64;-100.03
58309.57;-100.19
58312.50;-100.03
58315.43;-99.95
58318.36;-100.03
58321.29;-99.87
58324.22;-100.03
58327.15;-100.26
58330.08;-100.19
58333.01;-99.95
58335.94;-99.95
58338.87;-100.19
58341.80;-100.34
58344.73;-100.19
58347.66;-100.11
58350.59;-100.11
58353.52;-100.19
58356.45;-100.34
58359.38;-100.26
58362.30;-100.19
58365.23;-99.87
58368.16;-99.79
58371.09;-99.64
58374.02;-99.72
58376.95;-99.87
58379.88;-100.03
58382.81;-100.03
58385.74;-100.11
58388.67;-100.03
58391.60;-100.11
58394.53;-99.72
58397.46;-99.87
58400.39;-100.19
58403.32;-100.03
58406.25;-99.95
58409.18;-99.79
58412.11;-100.19
58415.04;-100.11
58417.97;-100.11
58420.90;-100.11
58423.83;-100.11
58426.76;-100.03
58429.69;-100.34
58432.62;-100.26
58435.55;-99.87
58438.48;-100.03
58441.41;-100.11
58444.34;-100.11
58447.27;-100.26
58450.20;-100.19
58453.13;-100.11
58456.05;-100.11
58458.98;-100.19
58461.91;-100.19
58464.84;-100.03
58467.77;-100.03
58470.70;-100.19
58473.63;-100.50
58476.56;-100.42
58479.49;-100.11
58482.42;-99.87
58485.35;-99.79
58488.28;-100.11
58491.21;-100.19
58494.14;-100.26
58497.07;-100.03
58500.00;-100.03
58502.93;-100.19
58505.86;-100.26
58508.79;-99.95
58511.72;-99.79
58514.65;-99.95
58517.58;-99.87
58520.51;-100.19
58523.44;-100.50
58526.37;-100.03
58529.30;-99.72
58532.23;-100.03
58535.16;-99.95
58538.09;-100.03
58541.02;-100.34
58543.95;-100.26
58546.88;-100.11
58549.80;-100.34
58552.73;-100.26
58555.66;-100.19
58558.59;-100.03
58561.52;-99.95
58564.45;-99.95
58567.38;-100.03
58570.31;-100.11
58573.24;-100.11
58576.17;-100.11
58579.10;-100.11
58582.03;-100.42
58584.96;-100.42
58587.89;-100.19
58590.82;-100.11
58593.75;-100.42
58596.68;-100.42
58599.61;-100.19
58602.54;-100.11
58605.47;-100.19
58608.40;-100.34
58611.33;-100.34
58614.26;-100.34
58617.19;-100.26
58620.12;-100.11
58623.05;-100.26
58625.98;-100.50
58628.91;-100.42
58631.84;-100.11
58634.77;-99.95
58637.70;-100.11
58640.63;-100.26
58643.55;-100.03
58646.48;-99.87
58649.41;-99.95
58652.34;-100.11
58655.27;-100.19
58658.20;-100.19
58661.13;-100.19
58664.06;-100.26
58666.99;-100.19
58669.92;-99.87
58672.85;-99.72
58675.78;-100.19
58678.71;-100.42
58681.64;-100.11
58684.57;-99.95
58687.50;-100.03
58690.43;-100.26
58693.36;-100.19
58696.29;-100.03
58699.22;-100.19
58702.15;-100.19
58705.08;-100.03
58708.01;-99.64
58710.94;-99.72
58713.87;-100.19
58716.80;-100.03
58719.73;-100.03
58722.66;-100.03
58725.59;-100.11
58728.52;-100.26
58731.45;-100.11
58734.38;-100.11
58737.30;-100.34
58740.23;-100.11
58743.16;-100.19
58746.09;-100.19
58749.02;-100.42
58751.95;-100.26
58754.88;-100.19
58757.81;-100.19
58760.74;-100.19
58763.67;-100.11
58766.60;-100.03
58769.53;-99.95
58772.46;-100.03
58775.39;-99.95
58778.32;-99.87
58781.25;-100.03
58784.18;-100.26
58787.11;-100.03
58790.04;-100.03
58792.97;-100.26
58795.90;-100.11
58798.83;-100.11
58801.76;-100.26
58804.69;-99.87
58807.62;-100.03
58810.55;-100.11
58813.48;-100.26
58816.41;-100.34
58819.34;-100.26
58822.27;-100.03
58825.20;-100.03
58828.13;-100.03
58831.05;-100.19
58833.98;-100.03
58836.91;-100.03
58839.84;-100.03
58842.77;-100.03
58845.70;-99.79
58848.63;-99.87
58851.56;-100.26
58854.49;-100.19
58857.42;-100.03
58860.35;-99.95
58863.28;-99.87
58866.21;-99.87
58869.14;-100.11
58872.07;-100.19
58875.00;-100.03
58877.93;-100.03
58880.86;-100.34
58883.79;-100.03
58886.72;-99.87
58889.65;-100.03
58892.58;-100.03
58895.51;-100.11
58898.44;-100.19
58901.37;-99.87
58904.30;-99.79
58907.23;-100.03
58910.16;-100.03
58913.09;-99.95
58916.02;-99.72
58918.95;-99.56
58921.88;-99.95
58924.80;-100.03
58927.73;-99.95
58930.66;-100.11
58933.59;-100.19
58936.52;-100.03
58939.45;-99.95
58942.38;-99.79
58945.31;-99.87
58948.24;-99.95
58951.17;-100.03
58954.10;-100.03
58957.03;-100.19
58959.96;-99.95
58962.89;-100.11
58965.82;-100.26
58968.75;-100.26
58971.68;-100.34
58974.61;-100.26
58977.54;-100.26
58980.47;-99.87
58983.40;-99.79
58986.33;-99.95
58989.26;-100.11
58992.19;-100.03
58995.12;-100.03
58998.05;-100.03
59000.98;-99.87
59003.91;-100.03
59006.84;-99.95
59009.77;-100.03
59012.70;-100.03
59015.63;-100.19
59018.55;-100.26
59021.48;-99.87
59024.41;-100.03
59027.34;-100.26
59030.27;-100.34
59033.20;-100.34
59036.13;-100.19
59039.06;-100.19
59041.99;-100.26
59044.92;-100.34
59047.85;-100.34
59050.78;-100.03
59053.71;-100.11
59056.64;-99.95
59059.57;-99.79
59062.50;-99.87
59065.43;-100.03
59068.36;-100.03
59071.29;-100.03
59074.22;-100.03
59077.15;-100.11
59080.08;-100.03
59083.01;-99.72
59085.94;-99.72
59088.87;-100.26
59091.80;-100.11
59094.73;-99.87
59097.66;-100.19
59100.59;-100.11
59103.52;-99.87
59106.45;-100.42
59109.38;-100.26
59112.30;-100.11
59115.23;-100.34
59118.16;-100.03
59121.09;-100.03
59124.02;-100.03
59126.95;-100.19
59129.88;-100.03
59132.81;-100.03
59135.74;-100.03
59138.67;-100.19
59141.60;-100.26
59144.53;-99.72
59147.46;-99.48
59150.39;-99.79
59153.32;-100.03
59156.25;-100.03
59159.18;-100.03
59162.11;-100.03
59165.04;-100.34
59167.97;-100.03
59170.90;-99.87
59173.83;-100.03
59176.76;-100.11
59179.69;-99.87
59182.62;-100.19
59185.55;-100.26
59188.48;-100.11
59191.41;-100.11
59194.34;-99.79
59197.27;-99.95
59200.20;-100.03
59203.13;-99.72
59206.05;-99.87
59208.98;-99.87
59211.91;-100.11
59214.84;-99.79
59217.77;-99.95
59220.70;-99.64
59223.63;-99.87
59226.56;-100.11
59229.49;-100.34
59232.42;-100.26
59235.35;-100.11
59238.28;-100.11
59241.21;-99.95
59244.14;-100.11
59247.07;-100.11
59250.00;-100.19
59252.93;-100.19
59255.86;-100.11
59258.79;-100.03
59261.72;-100.26
59264.65;-100.26
59267.58;-100.19
59270.51;-100.19
59273.44;-99.95
59276.37;-100.19
59279.30;-100.19
59282.23;-99.87
59285.16;-100.11
59288.09;-100.34
59291.02;-100.34
59293.95;-100.03
59296.88;-99.87
59299.80;-100.03
59302.73;-100.03
59305.66;-100.03
59308.59;-100.11
59311.52;-100.19
59314.45;-100.11
59317.38;-100.03
59320.31;-99.95
59323.24;-99.79
59326.17;-99.95
59329.10;-100.19
59332.03;-100.19
59334.96;-100.19
59337.89;-100.03
59340.82;-100.19
59343.75;-100.19
59346.68;-100.03
59349.61;-100.03
59352.54;-100.11
59355.47;-99.95
59358.40;-99.87
59361.33;-99.95
59364.26;-100.26
59367.19;-100.03
59370.12;-99.79
59373.05;-99.95
59375.98;-99.95
59378.91;-100.11
59381.84;-100.03
59384.77;-99.87
59387.70;-99.95
59390.63;-99.95
59393.55;-99.95
59396.48;-100.26
59399.41;-100.03
59402.34;-99.87
59405.27;-99.87
59408.20;-100.11
59411.13;-100.26
59414.06;-100.19
59416.99;-100.19
59419.92;-100.19
59422.85;-99.95
59425.78;-100.11
59428.71;-100.50
59431.64;-100.11
59434.57;-100.03
59437.50;-100.11
59440.43;-99.72
59443.36;-100.03
59446.29;-99.95
59449.22;-99.95
59452.15;-100.03
59455.08;-99.95
59458.01;-100.03
59460.94;-100.11
59463.87;-99.95
59466.80;-100.03
59469.73;-100.03
59472.66;-99.95
59475.59;-99.95
59478.52;-100.03
59481.45;-100.03
59484.38;-100.42
59487.30;-100.11
59490.23;-99.87
59493.16;-99.87
59496.09;-99.87
59499.02;-100.03
59501.95;-100.26
59504.88;-100.26
59507.81;-100.19
59510.74;-99.95
59513.67;-99.95
59516.60;-100.11
59519.53;-100.11
59522.46;-100.34
59525.39;-100.03
59528.32;-99.87
59531.25;-100.11
59534.18;-100.11
59537.11;-100.03
59540.04;-99.87
59542.97;-99.64
59545.90;-99.87
59548.83;-100.03
59551.76;-99.95
59554.69;-100.11
59557.62;-100.19
59560.55;-100.11
59563.48;-100.03
59566.41;-99.95
59569.34;-99.87
59572.27;-99.95
59575.20;-100.19
59578.13;-100.11
59581.05;-100.11
59583.98;-100.19
59586.91;-100.03
59589.84;-99.95
59592.77;-100.03
59595.70;-100.26
59598.63;-100.11
59601.56;-99.72
59604.49;-99.79
59607.42;-99.79
59610.35;-99.95
59613.28;-100.19
59616.21;-100.34
59619.14;-100.03
59622.07;-99.87
59625.00;-99.87
59627.93;-100.03
59630.86;-99.95
59633.79;-100.19
59636.72;-100.26
59639.65;-100.50
59642.58;-100.19
59645.51;-99.87
59648.44;-100.26
59651.37;-100.19
59654.30;-100.03
59657.23;-100.03
59660.16;-100.42
59663.09;-100.26
59666.02;-100.11
59668.95;-100.19
59671.88;-100.19
59674.80;-99.95
59677.73;-100.11
59680.66;-100.11
59683.59;-100.11
59686.52;-99.87
59689.45;-99.87
59692.38;-99.87
59695.31;-99.72
59698.24;-99.87
59701.17;-100.11
59704.10;-100.26
59707.03;-100.19
59709.96;-100.03
59712.89;-100.11
59715.82;-100.34
59718.75;-99.95
59721.68;-99.87
59724.61;-99.95
59727.54;-99.95
59730.47;-99.95
59733.40;-100.03
59736.33;-100.19
59739.26;-100.42
59742.19;-100.26
59745.12;-100.11
59748.05;-99.87
59750.98;-99.87
59753.91;-100.11
59756.84;-100.26
59759.77;-100.11
59762.70;-100.11
59765.63;-100.03
59768.55;-100.26
59771.48;-100.26
59774.41;-99.79
59777.34;-99.87
59780.27;-99.87
59783.20;-99.95
59786.13;-100.11
59789.06;-100.03
59791.99;-99.95
59794.92;-100.11
59797.85;-100.26
59800.78;-100.26
59803.71;-100.03
59806.64;-100.03
59809.57;-100.19
59812.50;-100.34
59815.43;-100.19
59818.36;-100.34
59821.29;-100.34
59824.22;-100.11
59827.15;-100.26
59830.08;-100.11
59833.01;-99.95
59835.94;-100.19
59838.87;-100.11
59841.80;-99.95
59844.73;-100.19
59847.66;-100.19
59850.59;-99.95
59853.52;-100.03
59856.45;-99.95
59859.38;-100.03
59862.30;-100.03
59865.23;-99.95
59868.16;-100.03
59871.09;-100.11
59874.02;-99.87
59876.95;-100.11
59879.88;-100.03
59882.81;-100.03
59885.74;-100.03
59888.67;-100.19
59891.60;-100.19
59894.53;-100.11
59897.46;-100.26
59900.39;-100.34
59903.32;-99.95
59906.25;-99.87
59909.18;-100.03
59912.11;-100.03
59915.04;-100.11
59917.97;-100.19
59920.90;-100.19
59923.83;-100.26
59926.76;-99.95
59929.69;-99.87
59932.62;-99.87
59935.55;-99.95
59938.48;-99.95
59941.41;-99.87
59944.34;-99.95
59947.27;-99.79
59950.20;-99.95
59953.13;-100.03
59956.05;-100.03
59958.98;-99.95
59961.91;-100.03
59964.84;-100.19
59967.77;-100.26
59970.70;-100.34
59973.63;-100.19
59976.56;-100.03
59979.49;-99.87
59982.42;-99.95
59985.35;-100.19
59988.28;-100.34
59991.21;-100.19
59994.14;-99.95
59997.07;-100.03
60000.00;-100.19
60002.93;-100.11
60005.86;-99.95
60008.79;-100.19
60011.72;-100.19
60014.65;-100.03
60017.58;-100.11
60020.51;-100.50
60023.44;-100.19
60026.37;-100.19
60029.30;-100.42
60032.23;-100.34
60035.16;-100.11
60038.09;-100.03
60041.02;-99.87
60043.95;-99.79
60046.88;-100.11
60049.80;-99.95
60052.73;-100.03
60055.66;-100.03
60058.59;-100.26
60061.52;-100.26
60064.45;-100.42
60067.38;-100.19
60070.31;-100.26
60073.24;-100.19
60076.17;-100.19
60079.10;-100.26
60082.03;-100.11
60084.96;-100.11
60087.89;-100.03
60090.82;-100.11
60093.75;-99.79
60096.68;-100.03
60099.61;-100.42
60102.54;-100.26
60105.47;-99.95
60108.40;-100.03
60111.33;-100.03
60114.26;-100.11
60117.19;-100.11
60120.12;-100.19
60123.05;-100.03
60125.98;-100.11
60128.91;-100.11
60131.84;-100.11
60134.77;-100.34
60137.70;-100.19
60140.63;-99.95
60143.55;-99.95
60146.48;-100.19
60149.41;-99.95
60152.34;-99.87
60155.27;-100.11
60158.20;-100.11
60161.13;-100.03
60164.06;-99.87
60166.99;-100.11
60169.92;-100.03
60172.85;-99.95
60175.78;-99.87
60178.71;-99.87
60181.64;-99.95
60184.57;-99.95
60187.50;-100.03
60190.43;-100.19
60193.36;-100.34
60196.29;-100.26
60199.22;-100.26
60202.15;-100.03
60205.08;-99.79
60208.01;-99.79
60210.94;-100.03
60213.87;-100.19
60216.80;-100.03
60219.73;-99.87
60222.66;-99.79
60225.59;-99.95
60228.52;-100.03
60231.45;-100.50
60234.38;-100.19
60237.30;-100.03
60240.23;-99.87
60243.16;-100.19
60246.09;-100.19
60249.02;-100.11
60251.95;-100.19
60254.88;-99.95
60257.81;-99.79
60260.74;-100.03
60263.67;-100.26
60266.60;-100.26
60269.53;-100.34
60272.46;-100.42
60275.39;-100.03
60278.32;-99.72
60281.25;-99.72
60284.18;-99.72
60287.11;-99.87
60290.04;-100.19
60292.97;-100.19
60295.90;-100.03
60298.83;-99.95
60301.76;-99.95
60304.69;-99.95
60307.62;-99.95
60310.55;-99.87
60313.48;-99.79
60316.41;-99.87
60319.34;-99.87
60322.27;-100.03
60325.20;-99.87
60328.13;-100.11
60331.05;-100.11
60333.98;-100.11
60336.91;-100.19
60339.84;-100.11
60342.77;-100.19
60345.70;-100.11
60348.63;-100.19
60351.56;-100.26
60354.49;-100.03
60357.42;-99.87
60360.35;-99.87
60363.28;-100.11
60366.21;-100.19
60369.14;-99.87
60372.07;-99.87
60375.00;-100.03
60377.93;-99.87
60380.86;-99.95
60383.79;-99.56
60386.72;-99.79
60389.65;-100.19
60392.58;-100.19
60395.51;-100.26
60398.44;-100.42
60401.37;-100.34
60404.30;-100.26
60407.23;-100.03
60410.16;-99.95
60413.09;-100.19
60416.02;-100.19
60418.95;-100.26
60421.88;-100.19
60424.80;-100.34
60427.73;-100.11
60430.66;-100.03
60433.59;-100.03
60436.52;-100.19
60439.45;-100.26
60442.38;-100.19
60445.31;-100.11
60448.24;-99.79
60451.17;-99.95
60454.10;-100.03
60457.03;-99.87
60459.96;-99.95
60462.89;-99.87
60465.82;-99.87
60468.75;-100.11
60471.68;-100.26
60474.61;-100.19
60477.54;-100.11
60480.47;-99.95
60483.40;-99.87
60486.33;-100.03
60489.26;-100.26
60492.19;-99.95
60495.12;-99.87
60498.05;-99.95
60500.98;-100.11
60503.91;-99.95
60506.84;-100.26
60509.77;-100.26
60512.70;-99.87
60515.63;-99.87
60518.55;-99.72
60521.48;-99.87
60524.41;-100.11
60527.34;-99.95
60530.27;-100.03
60533.20;-100.11
60536.13;-99.79
60539.06;-99.79
60541.99;-99.72
60544.92;-99.95
60547.85;-99.95
60550.78;-99.87
60553.71;-100.11
60556.64;-100.26
60559.57;-100.11
60562.50;-99.95
60565.43;-99.95
60568.36;-100.11
60571.29;-99.87
60574.22;-99.79
60577.15;-99.95
60580.08;-100.26
60583.01;-100.34
60585.94;-99.72
60588.87;-99.56
60591.80;-99.95
60594.73;-100.11
60597.66;-100.26
60600.59;-99.87
60603.52;-99.95
60606.45;-100.19
60609.38;-99.87
60612.30;-100.11
60615.23;-100.34
60618.16;-100.19
60621.09;-100.19
60624.02;-99.87
60626.95;-100.03
60629.88;-100.03
60632.81;-99.72
60635.74;-99.72
60638.67;-100.11
60641.60;-100.11
60644.53;-100.11
60647.46;-100.03
60650.39;-99.79
60653.32;-99.64
60656.25;-100.03
60659.18;-100.03
60662.11;-100.03
60665.04;-100.03
60667.97;-100.11
60670.90;-100.19
60673.83;-100.19
60676.76;-100.19
60679.69;-99.95
60682.62;-99.72
60685.55;-99.72
60688.48;-100.03
60691.41;-100.26
60694.34;-100.03
60697.27;-99.87
60700.20;-99.95
60703.13;-100.03
60706.05;-99.95
60708.98;-100.11
60711.91;-100.03
60714.84;-100.19
60717.77;-100.11
60720.70;-99.95
60723.63;-100.19
60726.56;-100.26
60729.49;-100.34
60732.42;-100.19
60735.35;-100.03
60738.28;-100.11
60741.21;-100.11
60744.14;-99.95
60747.07;-99.87
60750.00;-100.03
60752.93;-100.03
60755.86;-100.11
60758.79;-100.11
60761.72;-99.87
60764.65;-100.03
60767.58;-99.95
60770.51;-99.79
60773.44;-99.95
60776.37;-100.11
60779.30;-100.26
60782.23;-100.03
60785.16;-100.03
60788.09;-100.19
60791.02;-99.79
60793.95;-99.72
60796.88;-99.95
60799.80;-99.87
60802.73;-100.19
60805.66;-100.34
60808.59;-100.19
60811.52;-99.95
60814.45;-100.26
60817.38;-100.26
60820.31;-100.19
60823.24;-100.03
60826.17;-99.79
60829.10;-99.87
60832.03;-100.03
60834.96;-100.11
60837.89;-99.72
60840.82;-99.79
60843.75;-99.87
60846.68;-100.03
60849.61;-100.11
60852.54;-100.03
60855.47;-100.03
60858.40;-99.95
60861.33;-99.95
60864.26;-100.11
60867.19;-100.26
60870.12;-100.03
60873.05;-99.87
60875.98;-99.95
60878.91;-99.79
60881.84;-99.87
60884.77;-100.03
60887.70;-100.11
60890.63;-100.11
60893.55;-100.11
60896.48;-100.50
60899.41;-100.65
60902.34;-100.26
60905.27;-100.11
60908.20;-100.11
60911.13;-100.11
60914.06;-100.03
60916.99;-100.19
60919.92;-100.42
60922.85;-100.26
60925.78;-99.87
60928.71;-100.03
60931.64;-100.11
60934.57;-99.95
60937.50;-100.03
60940.43;-100.11
60943.36;-99.95
60946.29;-100.11
60949.22;-100.11
60952.15;-100.03
60955.08;-99.87
60958.01;-99.95
60960.94;-100.03
60963.87;-99.95
60966.80;-99.95
60969.73;-100.11
60972.66;-99.79
60975.59;-99.64
60978.52;-99.79
60981.45;-99.87
60984.38;-100.03
60987.30;-100.11
60990.23;-100.11
60993.16;-100.03
60996.09;-99.95
60999.02;-100.19
61001.95;-100.19
61004.88;-100.26
61007.81;-100.11
61010.74;-99.79
61013.67;-99.79
61016.60;-99.87
61019.53;-99.95
61022.46;-100.19
61025.39;-100.11
61028.32;-99.87
61031.25;-100.11
61034.18;-100.03
61037.11;-99.79
61040.04;-99.87
61042.97;-100.03
61045.90;-100.03
61048.83;-99.95
61051.76;-99.79
61054.69;-99.79
61057.62;-99.95
61060.55;-99.72
61063.48;-99.95
61066.41;-100.11
61069.34;-100.03
61072.27;-100.03
61075.20;-99.79
61078.13;-99.95
61081.05;-100.11
61083.98;-99.95
61086.91;-100.03
61089.84;-100.11
61092.77;-100.26
61095.70;-100.03
61098.63;-99.95
61101.56;-99.87
61104.49;-99.87
61107.42;-99.79
61110.35;-99.87
61113.28;-99.87
61116.21;-99.95
61119.14;-100.19
61122.07;-100.03
61125.00;-99.95
61127.93;-100.11
61130.86;-99.95
61133.79;-100.03
61136.72;-100.03
61139.65;-100.11
61142.58;-100.03
61145.51;-100.11
61148.44;-100.19
61151.37;-100.19
61154.30;-100.03
61157.23;-99.95
61160.16;-100.03
61163.09;-100.19
61166.02;-100.19
61168.95;-100.11
61171.88;-100.11
61174.80;-99.95
61177.73;-99.95
61180.66;-99.87
61183.59;-99.79
61186.52;-99.95
61189.45;-100.11
61192.38;-100.19
61195.31;-100.11
61198.24;-100.26
61201.17;-100.11
61204.10;-99.72
61207.03;-99.87
61209.96;-99.87
61212.89;-99.95
61215.82;-100.19
61218.75;-99.79
61221.68;-99.72
61224.61;-99.87
61227.54;-99.95
61230.47;-99.87
61233.40;-100.03
61236.33;-100.19
61239.26;-100.03
61242.19;-100.03
61245.12;-100.03
61248.05;-100.03
61250.98;-100.03
61253.91;-100.11
61256.84;-100.03
61259.77;-100.19
61262.70;-100.11
61265.63;-100.11
61268.55;-99.95
61271.48;-100.19
61274.41;-100.19
61277.34;-100.26
61280.27;-99.95
61283.20;-99.64
61286.13;-100.19
61289.06;-100.26
61291.99;-100.26
61294.92;-100.03
61297.85;-100.19
61300.78;-100.11
61303.71;-100.11
61306.64;-100.11
61309.57;-99.95
61312.50;-99.87
61315.43;-99.79
61318.36;-100.11
61321.29;-100.03
61324.22;-100.03
61327.15;-100.03
61330.08;-100.11
61333.01;-100.11
61335.94;-100.26
61338.87;-100.42
61341.80;-100.11
61344.73;-99.64
61347.66;-99.95
61350.59;-100.03
61353.52;-99.87
61356.45;-100.03
61359.38;-100.03
61362.30;-100.03
61365.23;-100.03
61368.16;-100.11
61371.09;-100.03
61374.02;-100.11
61376.95;-100.19
61379.88;-100.03
61382.81;-100.11
61385.74;-100.11
61388.67;-100.11
61391.60;-100.03
61394.53;-100.19
61397.46;-100.26
61400.39;-99.95
61403.32;-99.56
61406.25;-99.87
61409.18;-99.87
61412.11;-99.79
61415.04;-100.11
61417.97;-100.11
61420.90;-100.26
61423.83;-100.34
61426.76;-100.19
61429.69;-100.26
61432.62;-100.03
61435.55;-99.79
61438.48;-99.87
61441.41;-100.03
61444.34;-99.95
61447.27;-99.95
61450.20;-100.26
61453.13;-100.03
61456.05;-100.03
61458.98;-100.19
61461.91;-100.11
61464.84;-99.87
61467.77;-100.19
61470.70;-100.19
61473.63;-99.87
61476.56;-99.72
61479.49;-99.79
61482.42;-99.87
61485.35;-100.03
61488.28;-100.03
61491.21;-99.87
61494.14;-99.87
61497.07;-100.11
61500.00;-100.26
61502.93;-100.11
61505.86;-99.95
61508.79;-99.95
61511.72;-100.03
61514.65;-99.79
61517.58;-99.87
61520.51;-100.26
61523.44;-100.19
61526.37;-99.79
61529.30;-99.64
61532.23;-99.79
61535.16;-99.95
61538.09;-100.03
61541.02;-99.56
61543.95;-99.87
61546.88;-99.87
61549.80;-100.11
61552.73;-99.95
61555.66;-99.79
61558.59;-99.95
61561.52;-100.11
61564.45;-100.11
61567.38;-100.11
61570.31;-99.72
61573.24;-99.64
61576.17;-100.03
61579.10;-100.11
61582.03;-100.11
61584.96;-100.11
61587.89;-100.19
61590.82;-100.34
61593.75;-100.19
61596.68;-100.11
61599.61;-100.26
61602.54;-99.87
61605.47;-99.87
61608.40;-99.79
61611.33;-100.11
61614.26;-100.11
61617.19;-100.11
61620.12;-100.11
61623.05;-99.87
61625.98;-99.72
61628.91;-99.87
61631.84;-99.64
61634.77;-99.72
61637.70;-99.79
61640.63;-99.79
61643.55;-100.03
61646.48;-100.11
61649.41;-100.19
61652.34;-99.95
61655.27;-100.03
61658.20;-100.03
61661.13;-100.11
61664.06;-100.26
61666.99;-100.19
61669.92;-100.19
61672.85;-99.95
61675.78;-100.11
61678.71;-100.11
61681.64;-99.72
61684.57;-99.95
61687.50;-99.79
61690.43;-99.79
61693.36;-99.87
61696.29;-100.19
61699.22;-100.11
61702.15;-100.03
61705.08;-100.11
61708.01;-100.34
61710.94;-100.19
61713.87;-99.95
61716.80;-99.79
61719.73;-100.03
61722.66;-100.26
61725.59;-100.19
61728.52;-99.95
61731.45;-99.87
61734.38;-100.11
61737.30;-100.19
61740.23;-100.03
61743.16;-99.95
61746.09;-100.03
61749.02;-100.19
61751.95;-100.34
61754.88;-100.03
61757.81;-100.03
61760.74;-100.03
61763.67;-100.19
61766.60;-99.95
61769.53;-100.19
61772.46;-99.87
61775.39;-99.72
61778.32;-99.72
61781.25;-99.79
61784.18;-99.95
61787.11;-99.95
61790.04;-99.87
61792.97;-99.87
61795.90;-100.11
61798.83;-100.19
61801.76;-100.19
61804.69;-99.87
61807.62;-99.72
61810.55;-99.79
61813.48;-100.11
61816.41;-100.03
61819.34;-99.72
61822.27;-99.79
61825.20;-99.95
61828.13;-99.79
61831.05;-99.64
61833.98;-99.95
61836.91;-99.95
61839.84;-100.19
61842.77;-100.11
61845.70;-99.95
61848.63;-100.11
61851.56;-100.03
61854.49;-99.64
61857.42;-99.87
61860.35;-99.87
61863.28;-100.03
61866.21;-99.87
61869.14;-99.79
61872.07;-99.95
61875.00;-99.95
61877.93;-100.03
61880.86;-100.11
61883.79;-99.87
61886.72;-99.79
61889.65;-99.87
61892.58;-100.11
61895.51;-100.34
61898.44;-100.11
61901.37;-99.87
61904.30;-99.95
61907.23;-99.87
61910.16;-100.26
61913.09;-100.26
61916.02;-100.34
61918.95;-100.34
61921.88;-100.11
61924.80;-99.72
61927.73;-99.56
61930.66;-99.72
61933.59;-99.87
61936.52;-99.95
61939.45;-99.87
61942.38;-99.95
61945.31;-99.56
61948.24;-100.03
61951.17;-100.19
61954.10;-100.11
61957.03;-100.19
61959.96;-99.95
61962.89;-99.79
61965.82;-99.87
61968.75;-100.26
61971.68;-100.26
61974.61;-99.79
61977.54;-99.72
61980.47;-99.72
61983.40;-100.11
61986.33;-100.03
61989.26;-100.11
61992.19;-100.11
61995.12;-100.03
61998.05;-100.19
62000.98;-100.11
62003.91;-100.03
62006.84;-100.19
62009.77;-100.26
62012.70;-99.87
62015.63;-99.79
62018.55;-99.72
62021.48;-99.79
62024.41;-99.87
62027.34;-99.79
62030.27;-100.03
62033.20;-99.95
62036.13;-99.95
62039.06;-100.19
62041.99;-100.11
62044.92;-100.03
62047.85;-99.87
62050.78;-99.87
62053.71;-99.95
62056.64;-100.19
62059.57;-100.19
62062.50;-100.03
62065.43;-99.87
62068.36;-99.95
62071.29;-100.03
62074.22;-100.19
62077.15;-100.26
62080.08;-100.03
62083.01;-99.95
62085.94;-99.87
62088.87;-99.87
62091.80;-99.87
62094.73;-99.87
62097.66;-99.95
62100.59;-99.87
62103.52;-100.03
62106.45;-99.79
62109.38;-99.79
62112.30;-100.03
62115.23;-99.95
62118.16;-100.03
62121.09;-99.87
62124.02;-100.03
62126.95;-99.79
62129.88;-99.72
62132.81;-99.79
62135.74;-100.03
62138.67;-100.11
62141.60;-100.03
62144.53;-99.95
62147.46;-99.95
62150.39;-100.03
62153.32;-100.19
62156.25;-100.03
62159.18;-99.87
62162.11;-99.87
62165.04;-99.95
62167.97;-99.72
62170.90;-99.72
62173.83;-99.72
62176.76;-100.03
62179.69;-100.03
62182.62;-100.11
62185.55;-99.72
62188.48;-99.95
62191.41;-99.95
62194.34;-99.79
62197.27;-99.95
62200.20;-100.11
62203.13;-100.03
62206.05;-99.95
62208.98;-100.11
62211.91;-99.95
62214.84;-100.11
62217.77;-100.19
62220.70;-100.03
62223.63;-100.03
62226.56;-99.87
62229.49;-99.95
62232.42;-99.79
62235.35;-99.48
62238.28;-99.79
62241.21;-100.26
62244.14;-100.19
62247.07;-100.11
62250.00;-99.95
62252.93;-99.79
62255.86;-99.87
62258.79;-100.19
62261.72;-100.11
62264.65;-99.95
62267.58;-99.64
62270.51;-99.56
62273.44;-99.95
62276.37;-100.19
62279.30;-100.26
62282.23;-100.34
62285.16;-99.87
62288.09;-99.72
62291.02;-100.03
62293.95;-99.87
62296.88;-99.95
62299.80;-100.11
62302.73;-100.11
62305.66;-99.87
62308.59;-99.79
62311.52;-100.11
62314.45;-99.95
62317.38;-99.95
62320.31;-99.87
62323.24;-99.87
62326.17;-99.95
62329.10;-100.03
62332.03;-99.87
62334.96;-99.95
62337.89;-99.87
62340.82;-100.11
62343.75;-100.34
62346.68;-100.19
62349.61;-100.03
62352.54;-100.03
62355.47;-99.87
62358.40;-99.87
62361.33;-100.03
62364.26;-100.03
62367.19;-100.03
62370.12;-100.11
62373.05;-99.87
62375.98;-99.72
62378.91;-99.79
62381.84;-100.03
62384.77;-99.95
62387.70;-100.03
62390.63;-100.03
62393.55;-99.95
62396.48;-99.72
62399.41;-99.64
62402.34;-100.11
62405.27;-100.19
62408.20;-100.03
62411.13;-100.19
62414.06;-100.34
62416.99;-100.26
62419.92;-100.19
62422.85;-99.72
62425.78;-99.87
62428.71;-99.87
62431.64;-99.79
62434.57;-99.87
62437.50;-99.79
62440.43;-99.95
62443.36;-100.03
62446.29;-99.87
62449.22;-99.95
62452.15;-100.03
62455.08;-100.26
62458.01;-100.19
62460.94;-99.87
62463.87;-99.87
62466.80;-99.95
62469.73;-100.11
62472.66;-100.19
62475.59;-100.11
62478.52;-100.26
62481.45;-100.26
62484.38;-100.11
62487.30;-99.87
62490.23;-99.95
62493.16;-100.03
62496.09;-99.79
62499.02;-99.87
62501.95;-99.79
62504.88;-99.64
62507.81;-99.72
62510.74;-99.72
62513.67;-99.79
62516.60;-100.11
62519.53;-99.95
62522.46;-99.79
62525.39;-99.95
62528.32;-100.11
62531.25;-99.87
62534.18;-100.26
62537.11;-100.26
62540.04;-99.95
62542.97;-100.03
62545.90;-100.26
62548.83;-100.26
62551.76;-100.11
62554.69;-99.95
62557.62;-100.03
62560.55;-100.19
62563.48;-99.95
62566.41;-100.03
62569.34;-100.03
62572.27;-99.95
62575.20;-99.95
62578.13;-99.79
62581.05;-99.64
62583.98;-99.72
62586.91;-99.95
62589.84;-99.79
62592.77;-100.03
62595.70;-100.34
62598.63;-100.03
62601.56;-100.11
62604.49;-100.11
62607.42;-99.95
62610.35;-99.79
62613.28;-99.87
62616.21;-100.03
62619.14;-100.03
62622.07;-99.72
62625.00;-99.72
62627.93;-99.72
62630.86;-100.03
62633.79;-100.19
62636.72;-100.03
62639.65;-100.19
62642.58;-100.26
62645.51;-99.87
62648.44;-99.87
62651.37;-100.03
62654.30;-100.03
62657.23;-99.79
62660.16;-99.87
62663.09;-99.95
62666.02;-100.11
62668.95;-100.26
62671.88;-100.19
62674.80;-99.95
62677.73;-100.03
62680.66;-100.19
62683.59;-99.95
62686.52;-99.79
62689.45;-99.72
62692.38;-100.03
62695.31;-100.19
62698.24;-100.11
62701.17;-99.87
62704.10;-100.11
62707.03;-100.11
62709.96;-99.95
62712.89;-99.95
62715.82;-100.03
62718.75;-100.11
62721.68;-100.19
62724.61;-99.95
62727.54;-100.11
62730.47;-100.11
62733.40;-100.34
62736.33;-100.26
62739.26;-100.26
62742.19;-100.19
62745.12;-99.95
62748.05;-99.87
62750.98;-100.03
62753.91;-99.95
62756.84;-100.11
62759.77;-100.26
62762.70;-100.19
62765.63;-100.26
62768.55;-100.11
62771.48;-100.11
62774.41;-100.03
62777.34;-100.11
62780.27;-99.95
62783.20;-99.79
62786.13;-99.95
62789.06;-100.19
62791.99;-100.19
62794.92;-100.26
62797.85;-100.11
62800.78;-100.03
62803.71;-100.03
62806.64;-99.64
62809.57;-99.64
62812.50;-99.95
62815.43;-100.11
62818.36;-99.87
62821.29;-99.79
62824.22;-99.95
62827.15;-100.11
62830.08;-100.03
62833.01;-100.11
62835.94;-100.03
62838.87;-100.03
62841.80;-100.11
62844.73;-100.26
62847.66;-100.03
62850.59;-99.95
62853.52;-99.95
62856.45;-99.95
62859.38;-100.03
62862.30;-99.95
62865.23;-100.03
62868.16;-99.95
62871.09;-100.11
62874.02;-99.95
62876.95;-100.11
62879.88;-100.11
62882.81;-99.95
62885.74;-99.79
62888.67;-99.95
62891.60;-99.95
62894.53;-99.95
62897.46;-99.79
62900.39;-99.95
62903.32;-100.19
62906.25;-100.11
62909.18;-100.03
62912.11;-100.19
62915.04;-99.95
62917.97;-99.87
62920.90;-99.87
62923.83;-100.03
62926.76;-100.19
62929.69;-100.11
62932.62;-100.26
62935.55;-100.03
62938.48;-99.87
62941.41;-100.11
62944.34;-100.03
62947.27;-99.95
62950.20;-99.95
62953.13;-99.48
62956.05;-99.56
62958.98;-99.87
62961.91;-100.11
62964.84;-100.03
62967.77;-99.95
62970.70;-99.95
62973.63;-100.11
62976.56;-99.87
62979.49;-99.87
62982.42;-100.03
62985.35;-100.11
62988.28;-100.26
62991.21;-100.11
62994.14;-100.03
62997.07;-99.95
63000.00;-100.11
63002.93;-99.95
63005.86;-99.87
63008.79;-99.72
63011.72;-99.72
63014.65;-99.72
63017.58;-99.64
63020.51;-99.95
63023.44;-100.34
63026.37;-100.26
63029.30;-99.95
63032.23;-100.03
63035.16;-100.03
63038.09;-99.95
63041.02;-100.11
63043.95;-99.72
63046.88;-99.79
63049.80;-99.79
63052.73;-99.87
63055.66;-100.03
63058.59;-100.26
63061.52;-100.19
63064.45;-99.95
63067.38;-100.11
63070.31;-100.03
63073.24;-99.95
63076.17;-100.03
63079.10;-100.19
63082.03;-100.11
63084.96;-99.87
63087.89;-100.11
63090.82;-99.95
63093.75;-100.11
63096.68;-100.34
63099.61;-100.26
63102.54;-99.87
63105.47;-100.03
63108.40;-100.11
63111.33;-100.26
63114.26;-100.03
63117.19;-99.79
63120.12;-99.79
63123.05;-100.03
63125.98;-99.95
63128.91;-99.95
63131.84;-100.03
63134.77;-99.87
63137.70;-99.95
63140.63;-99.87
63143.55;-99.87
63146.48;-100.03
63149.41;-99.87
63152.34;-100.11
63155.27;-100.03
63158.20;-100.19
63161.13;-100.19
63164.06;-100.19
63166.99;-100.03
63169.92;-100.03
63172.85;-100.34
63175.78;-100.19
63178.71;-100.03
63181.64;-100.11
63184.57;-100.03
63187.50;-100.11
63190.43;-100.26
63193.36;-99.95
63196.29;-99.95
63199.22;-100.11
63202.15;-100.11
63205.08;-100.03
63208.01;-100.34
63210.94;-100.34
63213.87;-100.19
63216.80;-100.03
63219.73;-99.79
63222.66;-99.87
63225.59;-100.11
63228.52;-99.95
63231.45;-100.19
63234.38;-100.34
63237.30;-100.03
63240.23;-100.03
63243.16;-99.95
63246.09;-99.87
63249.02;-100.03
63251.95;-100.26
63254.88;-100.03
63257.81;-99.87
63260.74;-100.03
63263.67;-100.19
63266.60;-99.95
63269.53;-99.79
63272.46;-99.87
63275.39;-99.87
63278.32;-100.26
63281.25;-100.11
63284.18;-100.19
63287.11;-100.11
63290.04;-100.03
63292.97;-100.03
63295.90;-100.03
63298.83;-99.95
63301.76;-100.03
63304.69;-100.03
63307.62;-100.26
63310.55;-100.11
63313.48;-99.87
63316.41;-99.79
63319.34;-99.87
63322.27;-100.26
63325.20;-100.19
63328.13;-100.19
63331.05;-100.11
63333.98;-100.03
63336.91;-100.34
63339.84;-100.34
63342.77;-100.26
63345.70;-100.42
63348.63;-100.19
63351.56;-100.26
63354.49;-100.19
63357.42;-100.11
63360.35;-100.19
63363.28;-100.19
63366.21;-100.03
63369.14;-99.95
63372.07;-99.79
63375.00;-99.79
63377.93;-99.95
63380.86;-100.03
63383.79;-100.03
63386.72;-99.79
63389.65;-99.87
63392.58;-99.95
63395.51;-99.95
63398.44;-99.95
63401.37;-100.03
63404.30;-99.95
63407.23;-99.95
63410.16;-99.95
63413.09;-99.79
63416.02;-100.11
63418.95;-100.19
63421.88;-100.03
63424.80;-100.03
63427.73;-99.95
63430.66;-99.87
63433.59;-99.72
63436.52;-99.95
63439.45;-100.19
63442.38;-100.11
63445.31;-100.19
63448.24;-100.03
63451.17;-99.72
63454.10;-99.95
63457.03;-100.11
63459.96;-100.03
63462.89;-99.95
63465.82;-99.95
63468.75;-99.87
63471.68;-99.79
63474.61;-99.87
63477.54;-100.11
63480.47;-100.11
63483.40;-100.03
63486.33;-99.79
63489.26;-99.79
63492.19;-100.19
63495.12;-100.42
63498.05;-100.19
63500.98;-100.11
63503.91;-100.11
63506.84;-99.95
63509.77;-99.87
63512.70;-100.03
63515.63;-100.03
63518.55;-100.26
63521.48;-100.03
63524.41;-99.79
63527.34;-99.79
63530.27;-99.95
63533.20;-100.03
63536.13;-99.87
63539.06;-99.95
63541.99;-100.19
63544.92;-100.26
63547.85;-100.26
63550.78;-100.19
63553.71;-100.03
63556.64;-100.03
63559.57;-100.11
63562.50;-100.19
63565.43;-100.11
63568.36;-99.95
63571.29;-100.11
63574.22;-100.11
63577.15;-100.11
63580.08;-100.19
63583.01;-100.11
63585.94;-100.11
63588.87;-99.95
63591.80;-99.87
63594.73;-100.11
63597.66;-100.11
63600.59;-99.95
63603.52;-100.11
63606.45;-100.26
63609.38;-100.19
63612.30;-99.87
63615.23;-99.95
63618.16;-100.19
63621.09;-99.95
63624.02;-99.95
63626.95;-99.87
63629.88;-99.87
63632.81;-100.03
63635.74;-100.19
63638.67;-100.03
63641.60;-99.95
63644.53;-100.03
63647.46;-100.11
63650.39;-100.11
63653.32;-100.03
63656.25;-100.11
63659.18;-100.03
63662.11;-100.19
63665.04;-100.03
63667.97;-100.03
63670.90;-100.03
63673.83;-100.03
63676.76;-99.95
63679.69;-100.03
63682.62;-100.11
63685.55;-100.11
63688.48;-99.95
63691.41;-99.95
63694.34;-100.11
63697.27;-100.19
63700.20;-99.95
63703.13;-99.87
63706.05;-100.11
63708.98;-100.19
63711.91;-100.11
63714.84;-100.11
63717.77;-100.11
63720.70;-99.72
63723.63;-99.87
63726.56;-99.79
63729.49;-100.03
63732.42;-99.95
63735.35;-99.95
63738.28;-99.87
63741.21;-100.19
63744.14;-100.34
63747.07;-99.95
63750.00;-99.72
63752.93;-99.72
63755.86;-99.64
63758.79;-99.79
63761.72;-100.11
63764.65;-99.79
63767.58;-99.79
63770.51;-100.03
63773.44;-100.03
63776.37;-100.11
63779.30;-99.87
63782.23;-99.79
63785.16;-99.64
63788.09;-99.64
63791.02;-99.87
63793.95;-99.95
63796.88;-99.87
63799.80;-99.64
63802.73;-99.87
63805.66;-99.95
63808.59;-99.87
63811.52;-100.03
63814.45;-99.79
63817.38;-99.87
63820.31;-100.03
63823.24;-100.03
63826.17;-100.11
63829.10;-100.19
63832.03;-100.11
63834.96;-100.11
63837.89;-99.95
63840.82;-100.03
63843.75;-100.11
63846.68;-100.11
63849.61;-99.79
63852.54;-99.79
63855.47;-99.87
63858.40;-99.72
63861.33;-100.03
63864.26;-100.11
63867.19;-99.79
63870.12;-99.87
63873.05;-100.19
63875.98;-100.11
63878.91;-100.03
63881.84;-99.95
63884.77;-99.87
63887.70;-100.34
63890.63;-100.34
63893.55;-99.87
63896.48;-99.72
63899.41;-99.64
63902.34;-99.79
63905.27;-99.87
63908.20;-99.95
63911.13;-99.95
63914.06;-99.87
63916.99;-100.26
63919.92;-100.34
63922.85;-100.26
63925.78;-100.11
63928.71;-99.87
63931.64;-100.19
63934.57;-100.11
63937.50;-99.87
63940.43;-100.03
63943.36;-99.87
63946.29;-99.87
63949.22;-99.79
63952.15;-100.19
63955.08;-100.19
63958.01;-100.03
63960.94;-100.19
63963.87;-100.34
63966.80;-100.26
63969.73;-100.26
63972.66;-100.03
63975.59;-100.19
63978.52;-100.11
63981.45;-99.95
63984.38;-100.11
63987.30;-100.19
63990.23;-99.95
63993.16;-100.03
63996.09;-100.03
63999.02;-99.95
64001.95;-99.95
64004.88;-99.87
64007.81;-100.03
64010.74;-100.19
64013.67;-100.03
64016.60;-99.72
64019.53;-99.95
64022.46;-99.95
64025.39;-99.72
64028.32;-99.79
64031.25;-100.26
64034.18;-100.11
64037.11;-99.95
64040.04;-99.79
64042.97;-99.87
64045.90;-100.11
64048.83;-100.26
64051.76;-100.19
64054.69;-100.03
64057.62;-100.11
64060.55;-100.19
64063.48;-100.11
64066.41;-99.87
64069.34;-99.95
64072.27;-100.19
64075.20;-100.19
64078.13;-99.79
64081.05;-100.03
64083.98;-100.26
64086.91;-100.11
64089.84;-100.26
64092.77;-100.11
64095.70;-99.72
64098.63;-99.64
64101.56;-100.11
64104.49;-100.03
64107.42;-100.34
64110.35;-100.34
64113.28;-99.95
64116.21;-99.56
64119.14;-99.64
64122.07;-99.87
64125.00;-99.87
64127.93;-100.03
64130.86;-100.03
64133.79;-100.11
64136.72;-100.11
64139.65;-100.03
64142.58;-100.11
64145.51;-100.19
64148.44;-100.03
64151.37;-100.19
64154.30;-100.19
64157.23;-99.95
64160.16;-99.79
64163.09;-100.03
64166.02;-100.11
64168.95;-99.95
64171.88;-100.26
64174.80;-100.11
64177.73;-99.56
64180.66;-99.64
64183.59;-99.87
64186.52;-99.87
64189.45;-99.79
64192.38;-99.72
64195.31;-100.03
64198.24;-100.34
64201.17;-100.19
64204.10;-99.87
64207.03;-99.72
64209.96;-99.95
64212.89;-100.03
64215.82;-99.87
64218.75;-100.11
64221.68;-100.03
64224.61;-100.03
64227.54;-100.11
64230.47;-100.11
64233.40;-99.95
64236.33;-100.03
64239.26;-99.95
64242.19;-100.03
64245.12;-100.19
64248.05;-99.95
64250.98;-99.95
64253.91;-100.03
64256.84;-100.03
64259.77;-99.87
64262.70;-99.72
64265.63;-99.79
64268.55;-100.03
64271.48;-100.34
64274.41;-99.95
64277.34;-99.87
64280.27;-99.95
64283.20;-99.72
64286.13;-100.19
64289.06;-100.03
64291.99;-99.79
64294.92;-100.03
64297.85;-100.11
64300.78;-100.03
64303.71;-100.19
64306.64;-100.11
64309.57;-100.42
64312.50;-100.19
64315.43;-99.95
64318.36;-99.95
64321.29;-99.95
64324.22;-100.19
64327.15;-99.95
64330.08;-100.03
64333.01;-99.95
64335.94;-99.79
64338.87;-99.87
64341.80;-100.03
64344.73;-100.03
64347.66;-100.11
64350.59;-99.72
64353.52;-99.56
64356.45;-99.87
64359.38;-99.87
64362.30;-99.95
64365.23;-100.03
64368.16;-99.87
64371.09;-99.72
64374.02;-99.79
64376.95;-99.95
64379.88;-100.03
64382.81;-99.87
64385.74;-99.95
64388.67;-99.72
64391.60;-99.79
64394.53;-99.72
64397.46;-99.79
64400.39;-99.95
64403.32;-99.95
64406.25;-99.95
64409.18;-99.95
64412.11;-99.79
64415.04;-99.72
64417.97;-99.95
64420.90;-100.03
64423.83;-100.11
64426.76;-100.03
64429.69;-100.03
64432.62;-100.11
64435.55;-100.11
64438.48;-100.11
64441.41;-100.11
64444.34;-100.11
64447.27;-100.11
64450.20;-100.03
64453.13;-100.03
64456.05;-100.03
64458.98;-100.19
64461.91;-100.11
64464.84;-100.03
64467.77;-100.03
64470.70;-99.79
64473.63;-99.64
64476.56;-99.87
64479.49;-99.79
64482.42;-99.95
64485.35;-100.11
64488.28;-100.11
64491.21;-99.87
64494.14;-99.79
64497.07;-99.72
64500.00;-99.95
64502.93;-99.95
64505.86;-100.11
64508.79;-100.11
64511.72;-99.95
64514.65;-100.11
64517.58;-100.03
64520.51;-99.95
64523.44;-100.11
64526.37;-100.11
64529.30;-100.26
64532.23;-100.11
64535.16;-99.95
64538.09;-99.79
64541.02;-99.79
64543.95;-99.87
64546.88;-99.95
64549.80;-100.19
64552.73;-99.87
64555.66;-99.72
64558.59;-100.03
64561.52;-100.11
64564.45;-99.95
64567.38;-99.72
64570.31;-100.26
64573.24;-100.03
64576.17;-99.79
64579.10;-100.11
64582.03;-100.11
64584.96;-100.03
64587.89;-99.87
64590.82;-99.95
64593.75;-99.79
64596.68;-100.11
64599.61;-99.95
64602.54;-99.87
64605.47;-99.95
64608.40;-99.95
64611.33;-99.95
64614.26;-100.19
64617.19;-100.26
64620.12;-100.19
64623.05;-100.11
64625.98;-100.11
64628.91;-100.19
64631.84;-100.19
64634.77;-99.87
64637.70;-99.95
64640.63;-99.95
64643.55;-100.19
64646.48;-100.11
64649.41;-99.95
64652.34;-99.95
64655.27;-99.56
64658.20;-99.72
64661.13;-99.79
64664.06;-99.79
64666.99;-100.03
64669.92;-100.11
64672.85;-99.87
64675.78;-99.79
64678.71;-99.79
64681.64;-99.95
64684.57;-100.03
64687.50;-99.95
64690.43;-99.95
64693.36;-99.95
64696.29;-99.95
64699.22;-100.26
64702.15;-100.26
64705.08;-100.03
64708.01;-100.11
64710.94;-100.11
64713.87;-99.95
64716.80;-99.79
64719.73;-99.79
64722.66;-99.79
64725.59;-100.03
64728.52;-100.19
64731.45;-100.03
64734.38;-100.19
64737.30;-100.19
64740.23;-99.87
64743.16;-99.79
64746.09;-100.03
64749.02;-99.79
64751.95;-99.56
64754.88;-99.79
64757.81;-99.95
64760.74;-99.95
64763.67;-99.72
64766.60;-99.79
64769.53;-100.03
64772.46;-100.03
64775.39;-100.03
64778.32;-100.11
64781.25;-100.03
64784.18;-100.34
64787.11;-100.11
64790.04;-99.95
64792.97;-99.72
64795.90;-99.79
64798.83;-99.79
64801.76;-99.95
64804.69;-100.03
64807.62;-100.03
64810.55;-100.03
64813.48;-99.95
64816.41;-99.95
64819.34;-99.79
64822.27;-99.79
64825.20;-99.72
64828.13;-99.79
64831.05;-99.95
64833.98;-100.11
64836.91;-100.03
64839.84;-99.87
64842.77;-99.79
64845.70;-99.87
64848.63;-99.95
64851.56;-100.11
64854.49;-99.95
64857.42;-100.03
64860.35;-99.87
64863.28;-99.95
64866.21;-100.11
64869.14;-100.03
64872.07;-100.11
64875.00;-100.03
64877.93;-100.11
64880.86;-100.26
64883.79;-99.72
64886.72;-99.72
64889.65;-100.03
64892.58;-100.11
64895.51;-100.11
64898.44;-100.11
64901.37;-99.79
64904.30;-99.72
64907.23;-99.87
64910.16;-100.34
64913.09;-100.03
64916.02;-100.11
64918.95;-100.03
64921.88;-99.79
64924.80;-99.79
64927.73;-99.87
64930.66;-99.95
64933.59;-99.87
64936.52;-99.72
64939.45;-99.95
64942.38;-99.87
64945.31;-99.79
64948.24;-100.03
64951.17;-99.79
64954.10;-99.79
64957.03;-99.87
64959.96;-99.95
64962.89;-100.11
64965.82;-99.87
64968.75;-99.72
64971.68;-99.95
64974.61;-99.95
64977.54;-99.79
64980.47;-99.87
64983.40;-99.95
64986.33;-99.72
64989.26;-99.87
64992.19;-99.72
64995.12;-100.03
64998.05;-99.87
65000.98;-99.87
65003.91;-99.95
65006.84;-100.19
65009.77;-100.19
65012.70;-100.03
65015.63;-99.95
65018.55;-100.19
65021.48;-100.34
65024.41;-100.58
65027.34;-100.50
65030.27;-100.19
65033.20;-99.87
65036.13;-99.87
65039.06;-99.87
65041.99;-99.95
65044.92;-99.95
65047.85;-99.95
65050.78;-100.11
65053.71;-100.34
65056.64;-100.34
65059.57;-100.34
65062.50;-100.19
65065.43;-100.03
65068.36;-100.03
65071.29;-99.95
65074.22;-99.79
65077.15;-99.72
65080.08;-99.95
65083.01;-100.34
65085.94;-100.03
65088.87;-99.72
65091.80;-99.79
65094.73;-99.87
65097.66;-99.87
65100.59;-99.95
65103.52;-99.95
65106.45;-99.95
65109.38;-99.95
65112.30;-99.87
65115.23;-100.19
65118.16;-99.95
65121.09;-99.72
65124.02;-99.95
65126.95;-99.87
65129.88;-100.03
65132.81;-100.03
65135.74;-99.64
65138.67;-99.79
65141.60;-99.95
65144.53;-100.11
65147.46;-100.03
65150.39;-99.95
65153.32;-99.87
65156.25;-99.87
65159.18;-100.03
65162.11;-99.87
65165.04;-99.87
65167.97;-99.72
65170.90;-99.64
65173.83;-100.03
65176.76;-100.11
65179.69;-100.03
65182.62;-99.95
65185.55;-99.87
65188.48;-99.95
65191.41;-99.87
65194.34;-99.95
65197.27;-100.03
65200.20;-99.95
65203.13;-99.95
65206.05;-99.95
65208.98;-99.72
65211.91;-99.72
65214.84;-100.03
65217.77;-99.87
65220.70;-99.72
65223.63;-99.87
65226.56;-99.72
65229.49;-99.72
65232.42;-100.03
65235.35;-99.87
65238.28;-99.87
65241.21;-99.95
65244.14;-100.19
65247.07;-100.03
65250.00;-100.11
65252.93;-100.03
65255.86;-100.11
65258.79;-99.87
65261.72;-100.03
65264.65;-100.11
65267.58;-100.19
65270.51;-100.19
65273.44;-100.11
65276.37;-100.11
65279.30;-100.11
65282.23;-99.95
65285.16;-100.03
65288.09;-100.03
65291.02;-99.95
65293.95;-99.95
65296.88;-99.64
65299.80;-99.95
65302.73;-99.87
65305.66;-99.72
65308.59;-99.79
65311.52;-99.95
65314.45;-100.19
65317.38;-100.03
65320.31;-99.87
65323.24;-99.95
65326.17;-99.95
65329.10;-99.87
65332.03;-100.11
65334.96;-99.95
65337.89;-99.72
65340.82;-100.03
65343.75;-100.19
65346.68;-100.19
65349.61;-100.11
65352.54;-100.03
65355.47;-100.03
65358.40;-99.95
65361.33;-99.87
65364.26;-99.95
65367.19;-100.11
65370.12;-100.11
65373.05;-100.03
65375.98;-99.87
65378.91;-99.95
65381.84;-100.34
65384.77;-100.03
65387.70;-99.79
65390.63;-99.95
65393.55;-99.79
65396.48;-99.95
65399.41;-100.42
65402.34;-100.26
65405.27;-100.19
65408.20;-100.11
65411.13;-100.19
65414.06;-100.11
65416.99;-100.03
65419.92;-100.11
65422.85;-100.11
65425.78;-100.11
65428.71;-100.03
65431.64;-100.03
65434.57;-99.95
65437.50;-100.19
65440.43;-100.03
65443.36;-99.95
65446.29;-100.11
65449.22;-100.11
65452.15;-100.26
65455.08;-100.19
65458.01;-99.95
65460.94;-99.79
65463.87;-99.87
65466.80;-99.87
65469.73;-99.87
65472.66;-99.72
65475.59;-99.95
65478.52;-99.87
65481.45;-99.95
65484.38;-99.95
65487.30;-99.95
65490.23;-99.87
65493.16;-99.87
65496.09;-100.11
65499.02;-99.95
65501.95;-100.03
65504.88;-100.03
65507.81;-99.95
65510.74;-100.03
65513.67;-100.19
65516.60;-100.19
65519.53;-100.03
65522.46;-99.95
65525.39;-100.03
65528.32;-99.95
65531.25;-100.03
65534.18;-99.95
65537.11;-99.72
65540.04;-99.72
65542.97;-99.40
65545.90;-99.56
65548.83;-99.72
65551.76;-99.95
65554.69;-99.95
65557.62;-99.79
65560.55;-99.95
65563.48;-99.72
65566.41;-99.48
65569.34;-99.56
65572.27;-99.87
65575.20;-100.03
65578.13;-99.87
65581.05;-99.87
65583.98;-100.03
65586.91;-100.11
65589.84;-100.11
65592.77;-100.19
65595.70;-100.34
65598.63;-100.11
65601.56;-99.64
65604.49;-99.87
65607.42;-100.11
65610.35;-99.87
65613.28;-99.79
65616.21;-99.72
65619.14;-100.03
65622.07;-100.34
65625.00;-100.26
65627.93;-100.11
65630.86;-100.03
65633.79;-99.56
65636.72;-99.95
65639.65;-99.95
65642.58;-99.79
65645.51;-99.87
65648.44;-99.72
65651.37;-99.79
65654.30;-100.03
65657.23;-100.19
65660.16;-100.03
65663.09;-100.11
65666.02;-100.11
65668.95;-100.03
65671.88;-99.79
65674.80;-100.11
65677.73;-100.19
65680.66;-99.87
65683.59;-99.79
65686.52;-100.03
65689.45;-100.19
65692.38;-100.11
65695.31;-100.11
65698.24;-100.03
65701.17;-99.95
65704.10;-99.72
65707.03;-99.48
65709.96;-99.64
65712.89;-99.87
65715.82;-100.03
65718.75;-99.87
65721.68;-99.95
65724.61;-99.95
65727.54;-100.19
65730.47;-99.87
65733.40;-99.79
65736.33;-99.79
65739.26;-99.79
65742.19;-99.56
65745.12;-99.79
65748.05;-100.19
65750.98;-100.19
65753.91;-100.11
65756.84;-99.87
65759.77;-99.95
65762.70;-100.11
65765.63;-99.87
65768.55;-100.11
65771.48;-100.03
65774.41;-99.87
65777.34;-99.79
65780.27;-100.11
65783.20;-99.79
65786.13;-99.79
65789.06;-99.87
65791.99;-100.03
65794.92;-100.26
65797.85;-100.19
65800.78;-99.87
65803.71;-99.95
65806.64;-100.03
65809.57;-100.19
65812.50;-99.95
65815.43;-99.79
65818.36;-99.87
65821.29;-99.95
65824.22;-100.19
65827.15;-100.42
65830.08;-100.19
65833.01;-99.95
65835.94;-100.03
65838.87;-100.03
65841.80;-99.79
65844.73;-100.03
65847.66;-100.26
65850.59;-100.26
65853.52;-100.03
65856.45;-99.95
65859.38;-100.03
65862.30;-100.03
65865.23;-100.58
65868.16;-100.50
65871.09;-100.19
65874.02;-100.03
65876.95;-99.79
65879.88;-99.87
65882.81;-99.95
65885.74;-99.72
65888.67;-99.72
65891.60;-100.34
65894.53;-100.03
65897.46;-100.11
65900.39;-100.03
65903.32;-99.72
65906.25;-99.64
65909.18;-99.64
65912.11;-99.72
65915.04;-99.95
65917.97;-99.87
65920.90;-99.87
65923.83;-99.72
65926.76;-99.72
65929.69;-100.03
65932.62;-99.95
65935.55;-99.72
65938.48;-100.03
65941.41;-100.11
65944.34;-100.03
65947.27;-100.03
65950.20;-100.19
65953.13;-99.95
65956.05;-99.87
65958.98;-100.03
65961.91;-99.64
65964.84;-99.72
65967.77;-99.79
65970.70;-100.03
65973.63;-99.95
65976.56;-99.87
65979.49;-99.95
65982.42;-100.03
65985.35;-100.03
65988.28;-99.95
65991.21;-100.03
65994.14;-100.19
65997.07;-100.19
66000.00;-100.11
66002.93;-100.03
66005.86;-100.11
66008.79;-100.11
66011.72;-99.95
66014.65;-99.95
66017.58;-99.95
66020.51;-100.26
66023.44;-100.19
66026.37;-99.87
66029.30;-99.95
66032.23;-99.95
66035.16;-100.03
66038.09;-100.11
66041.02;-100.11
66043.95;-99.95
66046.88;-99.95
66049.80;-99.87
66052.73;-99.95
66055.66;-99.72
66058.59;-99.79
66061.52;-100.03
66064.45;-100.19
66067.38;-100.11
66070.31;-100.03
66073.24;-100.11
66076.17;-100.03
66079.10;-100.03
66082.03;-100.03
66084.96;-100.03
66087.89;-100.03
66090.82;-100.19
66093.75;-100.11
66096.68;-100.42
66099.61;-100.03
66102.54;-99.95
66105.47;-99.95
66108.40;-100.11
66111.33;-100.11
66114.26;-99.95
66117.19;-99.87
66120.12;-100.03
66123.05;-100.34
66125.98;-100.19
66128.91;-100.03
66131.84;-99.79
66134.77;-99.95
66137.70;-100.03
66140.63;-100.19
66143.55;-100.11
66146.48;-100.03
66149.41;-99.95
66152.34;-99.95
66155.27;-100.03
66158.20;-99.72
66161.13;-99.87
66164.06;-99.95
66166.99;-100.03
66169.92;-100.11
66172.85;-100.03
66175.78;-100.11
66178.71;-99.87
66181.64;-99.56
66184.57;-99.64
66187.50;-99.64
66190.43;-99.79
66193.36;-99.95
66196.29;-100.03
66199.22;-100.19
66202.15;-100.11
66205.08;-100.11
66208.01;-100.19
66210.94;-99.95
66213.87;-99.87
66216.80;-100.19
66219.73;-100.19
66222.66;-100.11
66225.59;-100.03
66228.52;-99.79
66231.45;-99.95
66234.38;-99.87
66237.30;-99.95
66240.23;-100.03
66243.16;-100.11
66246.09;-99.95
66249.02;-99.95
66251.95;-99.95
66254.88;-100.26
66257.81;-100.19
66260.74;-100.26
66263.67;-100.19
66266.60;-99.95
66269.53;-100.03
66272.46;-100.03
66275.39;-99.95
66278.32;-100.19
66281.25;-100.11
66284.18;-100.03
66287.11;-99.87
66290.04;-99.95
66292.97;-100.11
66295.90;-99.87
66298.83;-99.95
66301.76;-99.95
66304.69;-100.03
66307.62;-100.03
66310.55;-99.56
66313.48;-99.72
66316.41;-99.95
66319.34;-100.11
66322.27;-100.19
66325.20;-100.19
66328.13;-100.19
66331.05;-100.11
66333.98;-100.11
66336.91;-100.19
66339.84;-99.95
66342.77;-99.79
66345.70;-100.11
66348.63;-100.34
66351.56;-100.26
66354.49;-100.19
66357.42;-99.87
66360.35;-99.79
66363.28;-99.64
66366.21;-99.87
66369.14;-100.03
66372.07;-100.26
66375.00;-99.87
66377.93;-100.03
66380.86;-100.03
66383.79;-100.03
66386.72;-100.03
66389.65;-99.72
66392.58;-99.64
66395.51;-100.03
66398.44;-99.87
66401.37;-99.87
66404.30;-99.87
66407.23;-99.87
66410.16;-100.11
66413.09;-100.11
66416.02;-99.87
66418.95;-100.03
66421.88;-100.34
66424.80;-100.19
66427.73;-100.03
66430.66;-99.79
66433.59;-99.79
66436.52;-100.03
66439.45;-99.95
66442.38;-100.03
66445.31;-99.95
66448.24;-100.11
66451.17;-99.87
66454.10;-100.03
66457.03;-99.87
66459.96;-99.72
66462.89;-99.87
66465.82;-100.03
66468.75;-100.11
66471.68;-100.34
66474.61;-100.03
66477.54;-99.95
66480.47;-99.87
66483.40;-99.79
66486.33;-99.64
66489.26;-99.72
66492.19;-99.87
66495.12;-99.87
66498.05;-99.87
66500.98;-99.72
66503.91;-99.87
66506.84;-99.95
66509.77;-99.79
66512.70;-99.87
66515.63;-99.87
66518.55;-99.72
66521.48;-99.56
66524.41;-99.79
66527.34;-100.03
66530.27;-100.03
66533.20;-100.03
66536.13;-99.79
66539.06;-99.56
66541.99;-99.72
66544.92;-99.72
66547.85;-99.72
66550.78;-99.72
66553.71;-99.95
66556.64;-100.03
66559.57;-99.72
66562.50;-99.72
66565.43;-99.79
66568.36;-99.87
66571.29;-100.11
66574.22;-100.26
66577.15;-100.11
66580.08;-100.03
66583.01;-100.03
66585.94;-99.87
66588.87;-99.95
66591.80;-99.95
66594.73;-99.95
66597.66;-100.03
66600.59;-100.19
66603.52;-99.95
66606.45;-99.95
66609.38;-99.79
66612.30;-99.72
66615.23;-100.03
66618.16;-100.03
66621.09;-99.79
66624.02;-100.11
66626.95;-100.11
66629.88;-100.11
66632.81;-100.19
66635.74;-100.19
66638.67;-99.87
66641.60;-100.03
66644.53;-99.87
66647.46;-99.95
66650.39;-100.19
66653.32;-100.03
66656.25;-100.19
66659.18;-100.19
66662.11;-100.03
66665.04;-99.87
66667.97;-99.87
66670.90;-99.87
66673.83;-99.72
66676.76;-99.87
66679.69;-99.87
66682.62;-99.87
66685.55;-100.19
66688.48;-100.19
66691.41;-99.87
66694.34;-99.87
66697.27;-100.19
66700.20;-100.19
66703.13;-99.79
66706.05;-99.95
66708.98;-100.03
66711.91;-100.11
66714.84;-100.19
66717.77;-100.03
66720.70;-99.72
66723.63;-99.79
66726.56;-99.72
66729.49;-100.03
66732.42;-100.03
66735.35;-99.95
66738.28;-99.79
66741.21;-99.79
66744.14;-99.87
66747.07;-99.79
66750.00;-100.19
66752.93;-100.42
66755.86;-100.50
66758.79;-100.11
66761.72;-100.03
66764.65;-100.03
66767.58;-100.03
66770.51;-100.03
66773.44;-100.26
66776.37;-99.95
66779.30;-99.87
66782.23;-99.87
66785.16;-100.03
66788.09;-100.03
66791.02;-99.95
66793.95;-100.26
66796.88;-100.03
66799.80;-100.42
66802.73;-100.42
66805.66;-99.87
66808.59;-99.95
66811.52;-99.95
66814.45;-100.11
66817.38;-100.11
66820.31;-99.95
66823.24;-99.87
66826.17;-99.87
66829.10;-99.95
66832.03;-99.95
66834.96;-99.79
66837.89;-99.79
66840.82;-100.03
66843.75;-99.95
66846.68;-99.95
66849.61;-99.79
66852.54;-99.79
66855.47;-99.87
66858.40;-99.79
66861.33;-99.87
66864.26;-99.95
66867.19;-100.03
66870.12;-99.95
66873.05;-99.87
66875.98;-99.87
66878.91;-100.03
66881.84;-99.79
66884.77;-99.79
66887.70;-99.64
66890.63;-99.79
66893.55;-100.26
66896.48;-100.11
66899.41;-100.03
66902.34;-100.03
66905.27;-99.87
66908.20;-99.79
66911.13;-99.87
66914.06;-99.95
66916.99;-100.26
66919.92;-99.87
66922.85;-99.72
66925.78;-99.64
66928.71;-99.64
66931.64;-99.72
66934.57;-99.79
66937.50;-99.79
66940.43;-99.64
66943.36;-99.95
66946.29;-100.19
66949.22;-100.11
66952.15;-100.19
66955.08;-100.19
66958.01;-100.03
66960.94;-100.03
66963.87;-99.87
66966.80;-99.87
66969.73;-99.87
66972.66;-100.03
66975.59;-99.95
66978.52;-100.11
66981.45;-100.03
66984.38;-100.03
66987.30;-100.03
66990.23;-100.03
66993.16;-99.95
66996.09;-99.95
66999.02;-100.03
67001.95;-99.95
67004.88;-99.79
67007.81;-99.95
67010.74;-100.03
67013.67;-100.26
67016.60;-99.95
67019.53;-99.95
67022.46;-100.50
67025.39;-100.34
67028.32;-100.11
67031.25;-100.34
67034.18;-100.19
67037.11;-100.11
67040.04;-100.19
67042.97;-100.11
67045.90;-100.26
67048.83;-100.34
67051.76;-100.11
67054.69;-99.79
67057.62;-99.87
67060.55;-99.95
67063.48;-100.03
67066.41;-100.11
67069.34;-100.03
67072.27;-99.87
67075.20;-100.03
67078.13;-100.11
67081.05;-99.95
67083.98;-99.72
67086.91;-99.72
67089.84;-99.95
67092.77;-100.34
67095.70;-100.03
67098.63;-100.03
67101.56;-100.19
67104.49;-100.11
67107.42;-99.87
67110.35;-100.03
67113.28;-100.19
67116.21;-100.19
67119.14;-100.03
67122.07;-99.87
67125.00;-100.03
67127.93;-100.11
67130.86;-100.19
67133.79;-100.34
67136.72;-100.11
67139.65;-99.79
67142.58;-99.87
67145.51;-100.03
67148.44;-100.11
67151.37;-99.95
67154.30;-99.95
67157.23;-99.95
67160.16;-100.03
67163.09;-100.11
67166.02;-99.95
67168.95;-100.11
67171.88;-99.87
67174.80;-99.79
67177.73;-100.03
67180.66;-100.03
67183.59;-100.03
67186.52;-100.11
67189.45;-99.79
67192.38;-99.79
67195.31;-99.79
67198.24;-100.03
67201.17;-100.19
67204.10;-99.95
67207.03;-99.79
67209.96;-100.03
67212.89;-100.11
67215.82;-100.19
67218.75;-100.11
67221.68;-99.87
67224.61;-99.95
67227.54;-100.03
67230.47;-100.26
67233.40;-99.95
67236.33;-100.03
67239.26;-100.19
67242.19;-100.26
67245.12;-100.03
67248.05;-99.87
67250.98;-100.03
67253.91;-100.03
67256.84;-100.03
67259.77;-100.03
67262.70;-100.11
67265.63;-100.19
67268.55;-100.19
67271.48;-100.11
67274.41;-99.95
67277.34;-100.19
67280.27;-100.11
67283.20;-99.79
67286.13;-100.03
67289.06;-100.19
67291.99;-100.26
67294.92;-100.19
67297.85;-100.11
67300.78;-99.87
67303.71;-99.79
67306.64;-99.79
67309.57;-100.03
67312.50;-100.11
67315.43;-99.87
67318.36;-100.03
67321.29;-99.79
67324.22;-99.79
67327.15;-100.03
67330.08;-100.03
67333.01;-99.95
67335.94;-99.87
67338.87;-99.95
67341.80;-99.95
67344.73;-100.11
67347.66;-100.03
67350.59;-100.03
67353.52;-100.03
67356.45;-99.79
67359.38;-99.79
67362.30;-99.87
67365.23;-99.72
67368.16;-99.64
67371.09;-99.87
67374.02;-100.03
67376.95;-99.72
67379.88;-99.87
67382.81;-100.03
67385.74;-99.95
67388.67;-99.79
67391.60;-99.95
67394.53;-99.79
67397.46;-99.87
67400.39;-99.87
67403.32;-99.79
67406.25;-100.03
67409.18;-100.11
67412.11;-100.03
67415.04;-99.95
67417.97;-100.34
67420.90;-100.34
67423.83;-100.11
67426.76;-99.72
67429.69;-99.79
67432.62;-99.87
67435.55;-99.87
67438.48;-100.11
67441.41;-100.11
67444.34;-99.95
67447.27;-99.87
67450.20;-100.11
67453.13;-100.19
67456.05;-100.11
67458.98;-99.72
67461.91;-99.72
67464.84;-99.72
67467.77;-99.72
67470.70;-100.03
67473.63;-100.26
67476.56;-100.34
67479.49;-100.26
67482.42;-99.95
67485.35;-99.95
67488.28;-99.95
67491.21;-99.95
67494.14;-99.95
67497.07;-99.87
67500.00;-99.56
67502.93;-99.72
67505.86;-99.72
67508.79;-99.79
67511.72;-99.64
67514.65;-99.87
67517.58;-100.19
67520.51;-99.95
67523.44;-99.79
67526.37;-99.87
67529.30;-99.95
67532.23;-99.87
67535.16;-100.03
67538.09;-100.19
67541.02;-100.42
67543.95;-100.11
67546.88;-99.95
67549.80;-99.87
67552.73;-99.87
67555.66;-99.95
67558.59;-100.03
67561.52;-100.19
67564.45;-100.26
67567.38;-100.26
67570.31;-100.03
67573.24;-100.03
67576.17;-100.11
67579.10;-99.87
67582.03;-100.03
67584.96;-100.03
67587.89;-100.03
67590.82;-100.11
67593.75;-100.03
67596.68;-99.79
67599.61;-99.79
67602.54;-99.95
67605.47;-100.03
67608.40;-99.79
67611.33;-99.87
67614.26;-99.79
67617.19;-99.79
67620.12;-100.11
67623.05;-100.11
67625.98;-99.79
67628.91;-99.87
67631.84;-100.11
67634.77;-100.34
67637.70;-100.03
67640.63;-100.03
67643.55;-100.11
67646.48;-100.11
67649.41;-100.03
67652.34;-100.11
67655.27;-99.87
67658.20;-99.95
67661.13;-99.87
67664.06;-99.87
67666.99;-99.79
67669.92;-99.87
67672.85;-99.95
67675.78;-99.79
67678.71;-99.79
67681.64;-99.95
67684.57;-99.87
67687.50;-99.87
67690.43;-99.87
67693.36;-100.19
67696.29;-100.11
67699.22;-99.95
67702.15;-99.87
67705.08;-99.79
67708.01;-99.72
67710.94;-99.72
67713.87;-99.87
67716.80;-99.72
67719.73;-99.64
67722.66;-99.95
67725.59;-99.95
67728.52;-99.95
67731.45;-99.72
67734.38;-99.87
67737.30;-99.87
67740.23;-99.95
67743.16;-99.79
67746.09;-99.95
67749.02;-100.11
67751.95;-99.95
67754.88;-99.95
67757.81;-99.95
67760.74;-99.87
67763.67;-99.95
67766.60;-99.95
67769.53;-100.03
67772.46;-99.95
67775.39;-99.72
67778.32;-99.95
67781.25;-100.11
67784.18;-100.03
67787.11;-100.19
67790.04;-100.11
67792.97;-99.95
67795.90;-100.42
67798.83;-100.11
67801.76;-100.03
67804.69;-99.95
67807.62;-99.95
67810.55;-100.03
67813.48;-100.03
67816.41;-99.87
67819.34;-99.72
67822.27;-99.79
67825.20;-99.95
67828.13;-99.79
67831.05;-99.72
67833.98;-99.87
67836.91;-100.19
67839.84;-100.03
67842.77;-100.11
67845.70;-99.95
67848.63;-99.72
67851.56;-100.03
67854.49;-100.03
67857.42;-100.19
67860.35;-100.11
67863.28;-99.87
67866.21;-100.11
67869.14;-100.03
67872.07;-99.95
67875.00;-99.72
67877.93;-99.87
67880.86;-99.87
67883.79;-100.11
67886.72;-100.26
67889.65;-100.19
67892.58;-100.03
67895.51;-99.95
67898.44;-99.64
67901.37;-99.56
67904.30;-99.79
67907.23;-99.87
67910.16;-99.79
67913.09;-99.87
67916.02;-99.79
67918.95;-100.03
67921.88;-100.19
67924.80;-100.11
67927.73;-99.95
67930.66;-100.03
67933.59;-100.11
67936.52;-100.11
67939.45;-99.95
67942.38;-100.11
67945.31;-99.87
67948.24;-99.87
67951.17;-100.34
67954.10;-100.26
67957.03;-99.79
67959.96;-99.72
67962.89;-99.95
67965.82;-100.19
67968.75;-99.87
67971.68;-99.79
67974.61;-99.79
67977.54;-99.95
67980.47;-100.11
67983.40;-100.03
67986.33;-100.19
67989.26;-99.95
67992.19;-99.79
67995.12;-99.79
67998.05;-100.03
68000.98;-99.87
68003.91;-99.56
68006.84;-99.79
68009.77;-99.95
68012.70;-100.03
68015.63;-100.11
68018.55;-100.03
68021.48;-100.03
68024.41;-99.95
68027.34;-99.72
68030.27;-99.87
68033.20;-100.03
68036.13;-100.19
68039.06;-100.19
68041.99;-100.03
68044.92;-99.79
68047.85;-100.03
68050.78;-100.03
68053.71;-100.11
68056.64;-100.03
68059.57;-99.95
68062.50;-99.79
68065.43;-99.79
68068.36;-99.87
68071.29;-99.95
68074.22;-99.87
68077.15;-99.95
68080.08;-100.11
68083.01;-99.79
68085.94;-99.87
68088.87;-100.03
68091.80;-100.03
68094.73;-99.95
68097.66;-99.79
68100.59;-100.11
68103.52;-100.19
68106.45;-99.64
68109.38;-99.87
68112.30;-100.11
68115.23;-99.87
68118.16;-99.79
68121.09;-99.95
68124.02;-99.79
68126.95;-99.79
68129.88;-99.79
68132.81;-99.87
68135.74;-99.95
68138.67;-100.03
68141.60;-99.87
68144.53;-99.87
68147.46;-99.87
68150.39;-100.19
68153.32;-100.03
68156.25;-99.95
68159.18;-99.87
68162.11;-100.03
68165.04;-100.19
68167.97;-100.26
68170.90;-100.34
68173.83;-100.19
68176.76;-99.95
68179.69;-99.87
68182.62;-100.03
68185.55;-99.95
68188.48;-99.87
68191.41;-99.87
68194.34;-99.87
68197.27;-99.72
68200.20;-99.87
68203.13;-99.95
68206.05;-99.87
68208.98;-99.87
68211.91;-99.87
68214.84;-100.03
68217.77;-100.11
68220.70;-100.19
68223.63;-100.26
68226.56;-100.03
68229.49;-100.11
68232.42;-100.03
68235.35;-100.03
68238.28;-100.03
68241.21;-99.56
68244.14;-99.56
68247.07;-99.95
68250.00;-100.11
68252.93;-99.87
68255.86;-99.79
68258.79;-99.95
68261.72;-99.79
68264.65;-99.95
68267.58;-100.11
68270.51;-100.03
68273.44;-100.03
68276.37;-99.87
68279.30;-99.95
68282.23;-99.79
68285.16;-100.03
68288.09;-100.03
68291.02;-99.87
68293.95;-99.95
68296.88;-100.19
68299.80;-100.03
68302.73;-100.03
68305.66;-99.95
68308.59;-99.95
68311.52;-100.03
68314.45;-100.03
68317.38;-100.19
68320.31;-100.11
68323.24;-99.87
68326.17;-100.03
68329.10;-100.11
68332.03;-99.79
68334.96;-99.79
68337.89;-100.03
68340.82;-99.95
68343.75;-99.95
68346.68;-99.95
68349.61;-99.87
68352.54;-99.95
68355.47;-99.87
68358.40;-99.95
68361.33;-100.34
68364.26;-100.26
68367.19;-99.87
68370.12;-99.87
68373.05;-99.95
68375.98;-100.03
68378.91;-99.72
68381.84;-99.95
68384.77;-100.19
68387.70;-99.87
68390.63;-99.64
68393.55;-99.95
68396.48;-100.19
68399.41;-100.26
68402.34;-100.19
68405.27;-100.19
68408.20;-100.11
68411.13;-99.95
68414.06;-100.03
68416.99;-100.03
68419.92;-99.87
68422.85;-99.79
68425.78;-99.87
68428.71;-99.64
68431.64;-99.95
68434.57;-99.95
68437.50;-100.42
68440.43;-100.11
68443.36;-99.87
68446.29;-99.95
68449.22;-99.95
68452.15;-100.03
68455.08;-100.26
68458.01;-100.26
68460.94;-99.95
68463.87;-100.11
68466.80;-100.34
68469.73;-100.26
68472.66;-100.42
68475.59;-100.26
68478.52;-99.87
68481.45;-99.95
68484.38;-100.11
68487.30;-100.11
68490.23;-100.03
68493.16;-100.11
68496.09;-100.03
68499.02;-100.03
68501.95;-100.11
68504.88;-100.26
68507.81;-100.11
68510.74;-99.95
68513.67;-99.87
68516.60;-99.95
68519.53;-99.95
68522.46;-100.03
68525.39;-99.87
68528.32;-99.87
68531.25;-100.26
68534.18;-100.19
68537.11;-100.26
68540.04;-100.19
68542.97;-100.11
68545.90;-99.95
68548.83;-99.87
68551.76;-99.87
68554.69;-99.87
68557.62;-99.95
68560.55;-100.11
68563.48;-100.19
68566.41;-100.11
68569.34;-99.87
68572.27;-99.79
68575.20;-99.87
68578.13;-100.19
68581.05;-100.03
68583.98;-100.03
68586.91;-99.95
68589.84;-99.87
68592.77;-99.95
68595.70;-100.19
68598.63;-100.26
68601.56;-100.11
68604.49;-100.11
68607.42;-100.03
68610.35;-100.03
68613.28;-100.19
68616.21;-100.03
68619.14;-100.19
68622.07;-100.19
68625.00;-99.87
68627.93;-99.95
68630.86;-99.64
68633.79;-100.03
68636.72;-100.11
68639.65;-99.87
68642.58;-100.11
68645.51;-100.11
68648.44;-100.19
68651.37;-100.03
68654.30;-99.87
68657.23;-100.03
68660.16;-99.87
68663.09;-100.03
68666.02;-100.11
68668.95;-100.03
68671.88;-100.11
68674.80;-99.95
68677.73;-99.95
68680.66;-99.87
68683.59;-100.19
68686.52;-100.19
68689.45;-99.87
68692.38;-99.95
68695.31;-100.03
68698.24;-100.26
68701.17;-100.26
68704.10;-100.34
68707.03;-100.19
68709.96;-100.19
68712.89;-100.26
68715.82;-100.26
68718.75;-100.11
68721.68;-100.03
68724.61;-99.95
68727.54;-99.95
68730.47;-100.19
68733.40;-100.03
68736.33;-99.87
68739.26;-99.87
68742.19;-99.87
68745.12;-99.95
68748.05;-99.87
68750.98;-99.72
68753.91;-99.79
68756.84;-99.72
68759.77;-99.79
68762.70;-99.87
68765.63;-99.95
68768.55;-99.87
68771.48;-99.95
68774.41;-100.03
68777.34;-99.79
68780.27;-99.95
68783.20;-99.95
68786.13;-100.03
68789.06;-99.95
68791.99;-99.87
68794.92;-99.79
68797.85;-99.95
68800.78;-99.95
68803.71;-99.95
68806.64;-100.19
68809.57;-100.26
68812.50;-100.03
68815.43;-99.95
68818.36;-99.95
68821.29;-99.87
68824.22;-99.87
68827.15;-100.11
68830.08;-100.03
68833.01;-100.26
68835.94;-100.19
68838.87;-100.11
68841.80;-100.11
68844.73;-100.19
68847.66;-100.19
68850.59;-99.72
68853.52;-99.95
68856.45;-100.03
68859.38;-100.19
68862.30;-100.03
68865.23;-99.95
68868.16;-100.03
68871.09;-100.03
68874.02;-99.95
68876.95;-100.03
68879.88;-99.72
68882.81;-99.64
68885.74;-99.87
68888.67;-99.79
68891.60;-100.03
68894.53;-99.95
68897.46;-99.87
68900.39;-100.11
68903.32;-100.11
68906.25;-99.95
68909.18;-100.03
68912.11;-99.95
68915.04;-100.03
68917.97;-100.03
68920.90;-99.95
68923.83;-99.87
68926.76;-99.87
68929.69;-100.03
68932.62;-100.03
68935.55;-100.19
68938.48;-99.95
68941.41;-99.79
68944.34;-99.79
68947.27;-100.11
68950.20;-100.34
68953.13;-100.26
68956.05;-100.11
68958.98;-100.11
68961.91;-100.19
68964.84;-100.03
68967.77;-99.95
68970.70;-99.64
68973.63;-99.72
68976.56;-100.19
68979.49;-100.03
68982.42;-99.87
68985.35;-99.95
68988.28;-100.11
68991.21;-100.19
68994.14;-100.03
68997.07;-99.72
69000.00;-99.56
69002.93;-99.87
69005.86;-100.19
69008.79;-100.50
69011.72;-100.11
69014.65;-100.11
69017.58;-100.34
69020.51;-100.26
69023.44;-100.03
69026.37;-99.79
69029.30;-100.11
69032.23;-100.19
69035.16;-99.95
69038.09;-100.03
69041.02;-100.19
69043.95;-99.95
69046.88;-99.79
69049.80;-99.95
69052.73;-99.64
69055.66;-99.64
69058.59;-99.72
69061.52;-99.79
69064.45;-99.79
69067.38;-99.95
69070.31;-100.03
69073.24;-99.95
69076.17;-99.79
69079.10;-100.03
69082.03;-99.95
69084.96;-100.03
69087.89;-100.03
69090.82;-99.95
69093.75;-100.03
69096.68;-99.95
69099.61;-100.03
69102.54;-100.11
69105.47;-100.11
69108.40;-100.03
69111.33;-99.87
69114.26;-99.48
69117.19;-99.79
69120.12;-99.87
69123.05;-100.03
69125.98;-99.95
69128.91;-99.95
69131.84;-100.11
69134.77;-100.19
69137.70;-100.03
69140.63;-99.87
69143.55;-99.95
69146.48;-99.72
69149.41;-99.87
69152.34;-100.26
69155.27;-99.79
69158.20;-99.64
69161.13;-99.72
69164.06;-99.87
69166.99;-100.11
69169.92;-100.26
69172.85;-99.95
69175.78;-99.87
69178.71;-99.79
69181.64;-99.56
69184.57;-99.79
69187.50;-99.79
69190.43;-99.87
69193.36;-99.95
69196.29;-100.03
69199.22;-100.11
69202.15;-100.26
69205.08;-99.95
69208.01;-100.03
69210.94;-100.03
69213.87;-100.11
69216.80;-100.11
69219.73;-100.03
69222.66;-100.03
69225.59;-100.11
69228.52;-100.19
69231.45;-100.11
69234.38;-99.87
69237.30;-99.87
69240.23;-99.95
69243.16;-100.03
69246.09;-99.95
69249.02;-99.87
69251.95;-100.03
69254.88;-100.19
69257.81;-100.11
69260.74;-100.03
69263.67;-99.79
69266.60;-99.79
69269.53;-99.87
69272.46;-99.72
69275.39;-99.87
69278.32;-100.11
69281.25;-99.95
69284.18;-99.95
69287.11;-100.11
69290.04;-100.11
69292.97;-100.11
69295.90;-99.79
69298.83;-100.03
69301.76;-99.87
69304.69;-100.03
69307.62;-100.03
69310.55;-99.95
69313.48;-100.03
69316.41;-99.87
69319.34;-99.95
69322.27;-100.03
69325.20;-99.95
69328.13;-100.11
69331.05;-100.34
69333.98;-100.26
69336.91;-100.03
69339.84;-99.79
69342.77;-99.72
69345.70;-99.87
69348.63;-100.03
69351.56;-100.11
69354.49;-100.11
69357.42;-100.11
69360.35;-100.19
69363.28;-99.95
69366.21;-99.72
69369.14;-100.03
69372.07;-99.87
69375.00;-99.95
69377.93;-99.95
69380.86;-99.95
69383.79;-99.79
69386.72;-99.87
69389.65;-99.79
69392.58;-99.56
69395.51;-100.03
69398.44;-100.26
69401.37;-100.03
69404.30;-99.95
69407.23;-99.95
69410.16;-100.11
69413.09;-100.03
69416.02;-100.19
69418.95;-100.11
69421.88;-100.34
69424.80;-99.95
69427.73;-100.03
69430.66;-100.11
69433.59;-100.03
69436.52;-99.87
69439.45;-99.79
69442.38;-99.79
69445.31;-99.95
69448.24;-99.79
69451.17;-100.19
69454.10;-100.34
69457.03;-100.11
69459.96;-100.19
69462.89;-100.26
69465.82;-100.03
69468.75;-100.19
69471.68;-100.26
69474.61;-99.95
69477.54;-99.95
69480.47;-100.03
69483.40;-99.95
69486.33;-100.19
69489.26;-99.95
69492.19;-99.72
69495.12;-99.87
69498.05;-100.03
69500.98;-100.11
69503.91;-100.11
69506.84;-100.03
69509.77;-99.95
69512.70;-99.95
69515.63;-100.11
69518.55;-100.19
69521.48;-100.11
69524.41;-100.19
69527.34;-99.87
69530.27;-99.87
69533.20;-99.95
69536.13;-99.79
69539.06;-99.95
69541.99;-100.03
69544.92;-100.03
69547.85;-100.11
69550.78;-99.95
69553.71;-99.87
69556.64;-99.87
69559.57;-100.19
69562.50;-100.03
69565.43;-99.79
69568.36;-99.95
69571.29;-100.19
69574.22;-99.95
69577.15;-99.95
69580.08;-100.19
69583.01;-100.26
69585.94;-99.95
69588.87;-99.95
69591.80;-100.11
69594.73;-100.03
69597.66;-99.95
69600.59;-99.79
69603.52;-99.87
69606.45;-99.72
69609.38;-99.79
69612.30;-100.19
69615.23;-100.42
69618.16;-100.19
69621.09;-100.03
69624.02;-99.79
69626.95;-99.72
69629.88;-99.79
69632.81;-100.03
69635.74;-100.19
69638.67;-100.26
69641.60;-99.87
69644.53;-99.95
69647.46;-100.03
69650.39;-100.03
69653.32;-99.95
69656.25;-99.87
69659.18;-100.03
69662.11;-99.72
69665.04;-99.87
69667.97;-99.95
69670.90;-99.79
69673.83;-99.87
69676.76;-99.95
69679.69;-99.79
69682.62;-99.72
69685.55;-99.87
69688.48;-100.19
69691.41;-100.19
69694.34;-100.03
69697.27;-99.72
69700.20;-99.79
69703.13;-99.87
69706.05;-100.19
69708.98;-100.03
69711.91;-100.03
69714.84;-99.95
69717.77;-100.11
69720.70;-100.11
69723.63;-99.95
69726.56;-99.95
69729.49;-100.19
69732.42;-100.03
69735.35;-100.03
69738.28;-100.03
69741.21;-99.79
69744.14;-99.87
69747.07;-100.03
69750.00;-99.87
69752.93;-99.72
69755.86;-99.87
69758.79;-100.11
69761.72;-100.11
69764.65;-99.87
69767.58;-100.26
69770.51;-100.19
69773.44;-99.87
69776.37;-100.26
69779.30;-100.03
69782.23;-99.87
69785.16;-99.79
69788.09;-99.95
69791.02;-100.11
69793.95;-99.95
69796.88;-100.03
69799.80;-100.19
69802.73;-100.11
69805.66;-99.87
69808.59;-100.11
69811.52;-100.03
69814.45;-99.79
69817.38;-99.79
69820.31;-99.87
69823.24;-100.03
69826.17;-99.87
69829.10;-99.87
69832.03;-99.95
69834.96;-100.03
69837.89;-100.19
69840.82;-100.11
69843.75;-99.72
69846.68;-99.64
69849.61;-99.56
69852.54;-99.79
69855.47;-100.03
69858.40;-100.26
69861.33;-100.26
69864.26;-99.87
69867.19;-99.87
69870.12;-99.95
69873.05;-100.19
69875.98;-100.19
69878.91;-100.03
69881.84;-100.11
69884.77;-100.11
69887.70;-99.79
69890.63;-100.03
69893.55;-100.03
69896.48;-100.11
69899.41;-99.95
69902.34;-99.87
69905.27;-100.03
69908.20;-99.95
69911.13;-99.95
69914.06;-100.03
69916.99;-99.95
69919.92;-99.72
69922.85;-99.79
69925.78;-99.87
69928.71;-100.11
69931.64;-100.11
69934.57;-99.95
69937.50;-100.19
69940.43;-99.95
69943.36;-100.19
69946.29;-99.72
69949.22;-99.95
69952.15;-100.11
69955.08;-100.26
69958.01;-100.42
69960.94;-100.11
69963.87;-99.95
69966.80;-99.95
69969.73;-99.95
69972.66;-99.64
69975.59;-99.79
69978.52;-99.87
69981.45;-99.72
69984.38;-100.11
69987.30;-100.11
69990.23;-99.95
69993.16;-100.11
69996.09;-100.26
69999.02;-99.95
70001.95;-99.87
70004.88;-99.95
70007.81;-99.95
70010.74;-100.03
70013.67;-100.26
70016.60;-100.03
70019.53;-100.03
70022.46;-100.34
70025.39;-100.03
70028.32;-99.56
70031.25;-99.72
70034.18;-99.87
70037.11;-100.03
70040.04;-100.26
70042.97;-100.42
70045.90;-100.03
70048.83;-99.48
70051.76;-99.87
70054.69;-100.03
70057.62;-99.95
70060.55;-100.19
70063.48;-99.87
70066.41;-99.79
70069.34;-99.95
70072.27;-100.19
70075.20;-100.26
70078.13;-100.03
70081.05;-99.87
70083.98;-99.79
70086.91;-100.03
70089.84;-100.11
70092.77;-100.11
70095.70;-99.79
70098.63;-99.64
70101.56;-99.87
70104.49;-100.11
70107.42;-100.26
70110.35;-100.03
70113.28;-100.03
70116.21;-100.11
70119.14;-100.11
70122.07;-99.95
70125.00;-100.11
70127.93;-99.95
70130.86;-99.95
70133.79;-99.87
70136.72;-99.79
70139.65;-99.95
70142.58;-99.72
70145.51;-99.72
70148.44;-99.79
70151.37;-99.87
70154.30;-99.95
70157.23;-99.87
70160.16;-100.11
70163.09;-100.26
70166.02;-100.11
70168.95;-100.19
70171.88;-100.19
70174.80;-100.11
70177.73;-100.11
70180.66;-99.95
70183.59;-100.11
70186.52;-100.11
70189.45;-100.34
70192.38;-100.19
70195.31;-100.03
70198.24;-99.79
70201.17;-99.72
70204.10;-99.79
70207.03;-100.11
70209.96;-100.26
70212.89;-100.19
70215.82;-100.11
70218.75;-100.11
70221.68;-99.95
70224.61;-100.03
70227.54;-99.95
70230.47;-100.03
70233.40;-99.87
70236.33;-100.19
70239.26;-100.26
70242.19;-100.11
70245.12;-100.26
70248.05;-100.11
70250.98;-99.87
70253.91;-100.03
70256.84;-100.11
70259.77;-99.87
70262.70;-99.56
70265.63;-100.11
70268.55;-100.19
70271.48;-100.03
70274.41;-99.95
70277.34;-99.72
70280.27;-99.87
70283.20;-100.11
70286.13;-99.87
70289.06;-99.72
70291.99;-99.87
70294.92;-100.11
70297.85;-100.19
70300.78;-99.95
70303.71;-99.79
70306.64;-99.87
70309.57;-100.11
70312.50;-100.03
70315.43;-99.95
70318.36;-100.19
70321.29;-100.11
70324.22;-99.95
70327.15;-99.79
70330.08;-99.87
70333.01;-99.95
70335.94;-99.79
70338.87;-100.11
70341.80;-100.19
70344.73;-99.87
70347.66;-100.03
70350.59;-99.87
70353.52;-99.95
70356.45;-100.03
70359.38;-100.03
70362.30;-99.79
70365.23;-99.72
70368.16;-99.79
70371.09;-100.11
70374.02;-100.03
70376.95;-100.03
70379.88;-100.11
70382.81;-100.03
70385.74;-99.72
70388.67;-99.87
70391.60;-99.95
70394.53;-100.11
70397.46;-100.03
70400.39;-99.95
70403.32;-99.95
70406.25;-99.95
70409.18;-99.72
70412.11;-100.03
70415.04;-100.19
70417.97;-99.95
70420.90;-99.95
70423.83;-99.87
70426.76;-100.11
70429.69;-100.11
70432.62;-99.95
70435.55;-99.79
70438.48;-100.26
70441.41;-100.19
70444.34;-100.11
70447.27;-99.87
70450.20;-100.03
70453.13;-99.87
70456.05;-99.95
70458.98;-99.95
70461.91;-100.03
70464.84;-99.87
70467.77;-100.03
70470.70;-99.79
70473.63;-99.87
70476.56;-99.95
70479.49;-99.95
70482.42;-100.03
70485.35;-100.11
70488.28;-99.95
70491.21;-99.87
70494.14;-100.03
70497.07;-100.03
70500.00;-100.26
70502.93;-100.42
70505.86;-100.03
70508.79;-99.95
70511.72;-100.11
70514.65;-100.19
70517.58;-100.11
70520.51;-100.19
70523.44;-100.11
70526.37;-99.87
70529.30;-99.87
70532.23;-99.95
70535.16;-99.87
70538.09;-100.11
70541.02;-100.19
70543.95;-100.11
70546.88;-99.72
70549.80;-99.87
70552.73;-99.95
70555.66;-99.95
70558.59;-100.19
70561.52;-100.26
70564.45;-100.19
70567.38;-100.19
70570.31;-99.95
70573.24;-99.95
70576.17;-99.95
70579.10;-100.42
70582.03;-100.11
70584.96;-100.03
70587.89;-100.19
70590.82;-100.03
70593.75;-100.19
70596.68;-100.11
70599.61;-100.03
70602.54;-100.03
70605.47;-99.79
70608.40;-99.79
70611.33;-99.95
70614.26;-100.19
70617.19;-100.11
70620.12;-100.03
70623.05;-99.87
70625.98;-100.03
70628.91;-100.11
70631.84;-99.87
70634.77;-99.95
70637.70;-100.11
70640.63;-100.19
70643.55;-99.87
70646.48;-99.87
70649.41;-99.87
70652.34;-99.87
70655.27;-99.87
70658.20;-100.03
70661.13;-99.95
70664.06;-100.03
70666.99;-100.03
70669.92;-99.87
70672.85;-100.03
70675.78;-100.03
70678.71;-99.87
70681.64;-99.87
70684.57;-99.79
70687.50;-99.87
70690.43;-100.11
70693.36;-100.19
70696.29;-100.03
70699.22;-99.79
70702.15;-100.03
70705.08;-100.03
70708.01;-100.50
70710.94;-100.42
70713.87;-100.26
70716.80;-100.26
70719.73;-100.03
70722.66;-100.03
70725.59;-99.87
70728.52;-100.19
70731.45;-100.19
70734.38;-99.95
70737.30;-99.95
70740.23;-100.11
70743.16;-100.19
70746.09;-99.95
70749.02;-100.03
70751.95;-100.26
70754.88;-100.11
70757.81;-100.11
70760.74;-99.95
70763.67;-100.11
70766.60;-99.95
70769.53;-99.95
70772.46;-99.79
70775.39;-99.87
70778.32;-99.95
70781.25;-100.03
70784.18;-100.11
70787.11;-99.95
70790.04;-99.79
70792.97;-99.87
70795.90;-99.72
70798.83;-99.95
70801.76;-99.87
70804.69;-99.95
70807.62;-99.95
70810.55;-99.87
70813.48;-99.79
70816.41;-99.95
70819.34;-100.19
70822.27;-99.79
70825.20;-99.95
70828.13;-99.79
70831.05;-99.64
70833.98;-99.72
70836.91;-100.11
70839.84;-100.19
70842.77;-100.03
70845.70;-100.11
70848.63;-100.19
70851.56;-100.11
70854.49;-100.11
70857.42;-100.34
70860.35;-100.03
70863.28;-99.95
70866.21;-100.11
70869.14;-100.19
70872.07;-100.19
70875.00;-100.03
70877.93;-99.95
70880.86;-100.03
70883.79;-100.19
70886.72;-100.19
70889.65;-100.11
70892.58;-100.11
70895.51;-100.19
70898.44;-100.11
70901.37;-100.11
70904.30;-99.95
70907.23;-99.95
70910.16;-99.87
70913.09;-99.95
70916.02;-99.95
70918.95;-100.03
70921.88;-100.03
70924.80;-100.03
70927.73;-100.11
70930.66;-99.87
70933.59;-99.64
70936.52;-99.87
70939.45;-100.03
70942.38;-99.95
70945.31;-100.26
70948.24;-100.19
70951.17;-99.95
70954.10;-99.79
70957.03;-100.03
70959.96;-100.19
70962.89;-100.34
70965.82;-100.19
70968.75;-100.19
70971.68;-100.19
70974.61;-100.26
70977.54;-99.95
70980.47;-99.95
70983.40;-99.95
70986.33;-100.19
70989.26;-100.26
70992.19;-99.95
70995.12;-100.03
70998.05;-100.19
71000.98;-100.19
71003.91;-100.03
71006.84;-99.79
71009.77;-99.87
71012.70;-99.64
71015.63;-99.95
71018.55;-99.79
71021.48;-99.79
71024.41;-99.95
71027.34;-100.19
71030.27;-100.11
71033.20;-99.95
71036.13;-99.87
71039.06;-99.87
71041.99;-99.95
71044.92;-100.11
71047.85;-100.11
71050.78;-99.95
71053.71;-100.03
71056.64;-99.87
71059.57;-99.79
71062.50;-99.87
71065.43;-100.11
71068.36;-99.95
71071.29;-99.95
71074.22;-99.95
71077.15;-100.03
71080.08;-100.03
71083.01;-99.87
71085.94;-99.87
71088.87;-100.19
71091.80;-100.19
71094.73;-99.95
71097.66;-100.11
71100.59;-100.03
71103.52;-100.19
71106.45;-99.95
71109.38;-99.87
71112.30;-100.11
71115.23;-100.03
71118.16;-100.11
71121.09;-100.03
71124.02;-100.03
71126.95;-100.11
71129.88;-100.26
71132.81;-100.19
71135.74;-99.87
71138.67;-99.95
71141.60;-99.95
71144.53;-99.95
71147.46;-100.11
71150.39;-99.72
71153.32;-99.79
71156.25;-99.87
71159.18;-99.72
71162.11;-100.03
71165.04;-100.19
71167.97;-100.19
71170.90;-100.11
71173.83;-100.11
71176.76;-99.95
71179.69;-99.79
71182.62;-99.95
71185.55;-100.11
71188.48;-100.19
71191.41;-99.95
71194.34;-99.95
71197.27;-100.11
71200.20;-99.64
71203.13;-99.87
71206.05;-99.95
71208.98;-99.95
71211.91;-100.11
71214.84;-100.11
71217.77;-100.03
71220.70;-99.95
71223.63;-99.95
71226.56;-99.87
71229.49;-99.79
71232.42;-99.79
71235.35;-99.87
71238.28;-99.95
71241.21;-99.87
71244.14;-99.79
71247.07;-100.03
71250.00;-100.11
71252.93;-100.11
71255.86;-99.87
71258.79;-99.87
71261.72;-99.87
71264.65;-99.87
71267.58;-99.87
71270.51;-100.03
71273.44;-100.03
71276.37;-99.87
71279.30;-99.79
71282.23;-99.87
71285.16;-100.03
71288.09;-100.19
71291.02;-100.03
71293.95;-99.95
71296.88;-99.87
71299.80;-100.03
71302.73;-99.95
71305.66;-99.87
71308.59;-100.03
71311.52;-100.11
71314.45;-100.03
71317.38;-99.95
71320.31;-99.95
71323.24;-99.87
71326.17;-99.95
71329.10;-99.95
71332.03;-100.11
71334.96;-100.19
71337.89;-100.19
71340.82;-100.19
71343.75;-100.03
71346.68;-99.95
71349.61;-100.26
71352.54;-100.03
71355.47;-99.79
71358.40;-99.95
71361.33;-99.95
71364.26;-99.87
71367.19;-99.95
71370.12;-100.11
71373.05;-99.95
71375.98;-99.87
71378.91;-99.95
71381.84;-100.11
71384.77;-99.95
71387.70;-99.87
71390.63;-100.03
71393.55;-99.95
71396.48;-99.95
71399.41;-100.03
71402.34;-100.19
71405.27;-100.19
71408.20;-100.03
71411.13;-100.03
71414.06;-99.95
71416.99;-99.79
71419.92;-100.11
71422.85;-100.11
71425.78;-100.11
71428.71;-100.11
71431.64;-99.79
71434.57;-99.79
71437.50;-99.87
71440.43;-100.03
71443.36;-100.19
71446.29;-100.11
71449.22;-100.03
71452.15;-100.19
71455.08;-99.79
71458.01;-99.95
71460.94;-99.79
71463.87;-99.87
71466.80;-100.42
71469.73;-99.95
71472.66;-99.87
71475.59;-99.79
71478.52;-99.95
71481.45;-100.11
71484.38;-100.03
71487.30;-99.79
71490.23;-99.87
71493.16;-99.87
71496.09;-99.95
71499.02;-100.03
71501.95;-100.03
71504.88;-99.87
71507.81;-99.64
71510.74;-100.11
71513.67;-100.11
71516.60;-99.87
71519.53;-99.79
71522.46;-99.87
71525.39;-99.95
71528.32;-100.03
71531.25;-100.26
71534.18;-100.50
71537.11;-100.42
71540.04;-100.34
71542.97;-100.03
71545.90;-100.11
71548.83;-100.19
71551.76;-100.19
71554.69;-100.11
71557.62;-99.87
71560.55;-99.95
71563.48;-99.95
71566.41;-99.95
71569.34;-100.11
71572.27;-100.11
71575.20;-100.34
71578.13;-100.11
71581.05;-99.87
71583.98;-99.95
71586.91;-100.03
71589.84;-99.87
71592.77;-99.95
71595.70;-100.03
71598.63;-100.03
71601.56;-99.95
71604.49;-100.11
71607.42;-100.34
71610.35;-100.11
71613.28;-99.95
71616.21;-99.95
71619.14;-100.03
71622.07;-100.11
71625.00;-100.03
71627.93;-100.19
71630.86;-100.34
71633.79;-100.03
71636.72;-99.87
71639.65;-100.03
71642.58;-99.95
71645.51;-99.95
71648.44;-99.95
71651.37;-100.11
71654.30;-100.11
71657.23;-100.03
71660.16;-100.19
71663.09;-100.11
71666.02;-100.03
71668.95;-100.03
71671.88;-99.87
71674.80;-99.79
71677.73;-100.26
71680.66;-100.34
71683.59;-100.19
71686.52;-100.19
71689.45;-100.34
71692.38;-100.34
71695.31;-99.95
71698.24;-99.95
71701.17;-99.95
71704.10;-100.03
71707.03;-100.42
71709.96;-100.11
71712.89;-99.95
71715.82;-100.11
71718.75;-100.11
71721.68;-100.03
71724.61;-99.95
71727.54;-100.19
71730.47;-100.19
71733.40;-100.03
71736.33;-99.72
71739.26;-99.79
71742.19;-100.03
71745.12;-100.03
71748.05;-99.79
71750.98;-100.11
71753.91;-100.11
71756.84;-99.95
71759.77;-99.95
71762.70;-100.03
71765.63;-100.11
71768.55;-99.95
71771.48;-100.03
71774.41;-99.95
71777.34;-99.79
71780.27;-99.95
71783.20;-100.03
71786.13;-100.11
71789.06;-99.87
71791.99;-100.11
71794.92;-99.95
71797.85;-100.11
71800.78;-99.95
71803.71;-99.79
71806.64;-99.95
71809.57;-100.19
71812.50;-100.11
71815.43;-100.03
71818.36;-99.87
71821.29;-100.03
71824.22;-100.42
71827.15;-100.50
71830.08;-100.19
71833.01;-99.95
71835.94;-99.87
71838.87;-99.79
71841.80;-99.95
71844.73;-100.03
71847.66;-100.19
71850.59;-99.95
71853.52;-99.87
71856.45;-99.95
71859.38;-100.34
71862.30;-100.26
71865.23;-100.11
71868.16;-100.11
71871.09;-99.87
71874.02;-100.11
71876.95;-100.42
71879.88;-100.19
71882.81;-100.11
71885.74;-100.03
71888.67;-100.03
71891.60;-100.11
71894.53;-100.03
71897.46;-99.95
71900.39;-99.87
71903.32;-99.95
71906.25;-99.79
71909.18;-99.79
71912.11;-100.03
71915.04;-100.03
71917.97;-99.95
71920.90;-100.19
71923.83;-100.34
71926.76;-100.11
71929.69;-99.95
71932.62;-99.87
71935.55;-99.95
71938.48;-100.19
71941.41;-100.19
71944.34;-99.79
71947.27;-99.95
71950.20;-99.79
71953.13;-99.64
71956.05;-100.03
71958.98;-100.03
71961.91;-99.87
71964.84;-99.95
71967.77;-100.11
71970.70;-100.19
71973.63;-100.19
71976.56;-99.87
71979.49;-100.03
71982.42;-100.19
71985.35;-99.95
71988.28;-99.79
71991.21;-99.95
71994.14;-99.79
71997.07;-100.03
72000.00;-100.11
72002.93;-100.11
72005.86;-99.95
72008.79;-99.72
72011.72;-100.03
72014.65;-100.03
72017.58;-99.79
72020.51;-99.87
72023.44;-100.19
72026.37;-100.19
72029.30;-100.11
72032.23;-99.95
72035.16;-99.95
72038.09;-99.95
72041.02;-100.19
72043.95;-100.26
72046.88;-100.03
72049.80;-100.03
72052.73;-99.95
72055.66;-99.79
72058.59;-99.79
72061.52;-100.03
72064.45;-100.11
72067.38;-100.03
72070.31;-100.19
72073.24;-99.95
72076.17;-99.95
72079.10;-100.03
72082.03;-100.03
72084.96;-100.19
72087.89;-99.87
72090.82;-100.03
72093.75;-99.95
72096.68;-99.87
72099.61;-99.79
72102.54;-99.79
72105.47;-99.79
72108.40;-99.95
72111.33;-100.34
72114.26;-100.11
72117.19;-99.87
72120.12;-99.95
72123.05;-100.03
72125.98;-99.87
72128.91;-99.79
72131.84;-99.95
72134.77;-99.87
72137.70;-99.72
72140.63;-99.72
72143.55;-99.95
72146.48;-99.95
72149.41;-99.87
72152.34;-99.72
72155.27;-99.79
72158.20;-100.11
72161.13;-100.11
72164.06;-100.11
72166.99;-99.87
72169.92;-100.19
72172.85;-100.26
72175.78;-100.03
72178.71;-100.03
72181.64;-100.19
72184.57;-100.26
72187.50;-100.26
72190.43;-100.19
72193.36;-99.79
72196.29;-99.95
72199.22;-100.19
72202.15;-100.19
72205.08;-100.19
72208.01;-100.11
72210.94;-99.95
72213.87;-100.11
72216.80;-100.03
72219.73;-100.11
72222.66;-100.26
72225.59;-100.26
72228.52;-99.95
72231.45;-99.95
72234.38;-99.87
72237.30;-99.64
72240.23;-100.03
72243.16;-100.03
72246.09;-100.11
72249.02;-100.26
72251.95;-100.11
72254.88;-99.95
72257.81;-100.11
72260.74;-100.03
72263.67;-100.19
72266.60;-100.19
72269.53;-100.11
72272.46;-100.03
72275.39;-100.26
72278.32;-99.87
72281.25;-99.95
72284.18;-100.03
72287.11;-100.03
72290.04;-100.26
72292.97;-100.26
72295.90;-100.19
72298.83;-99.95
72301.76;-99.79
72304.69;-99.87
72307.62;-99.87
72310.55;-99.87
72313.48;-99.95
72316.41;-99.87
72319.34;-99.87
72322.27;-99.95
72325.20;-99.95
72328.13;-99.79
72331.05;-99.87
72333.98;-100.03
72336.91;-99.95
72339.84;-99.87
72342.77;-100.11
72345.70;-100.11
72348.63;-99.95
72351.56;-99.87
72354.49;-99.79
72357.42;-99.72
72360.35;-99.87
72363.28;-100.03
72366.21;-99.95
72369.14;-99.87
72372.07;-100.03
72375.00;-100.11
72377.93;-100.11
72380.86;-100.19
72383.79;-100.03
72386.72;-99.87
72389.65;-100.03
72392.58;-100.11
72395.51;-100.03
72398.44;-100.03
72401.37;-100.03
72404.30;-100.26
72407.23;-100.11
72410.16;-100.11
72413.09;-100.11
72416.02;-99.95
72418.95;-99.79
72421.88;-99.95
72424.80;-100.11
72427.73;-99.95
72430.66;-99.87
72433.59;-99.95
72436.52;-100.11
72439.45;-100.11
72442.38;-100.11
72445.31;-99.79
72448.24;-99.87
72451.17;-100.03
72454.10;-100.11
72457.03;-99.95
72459.96;-99.95
72462.89;-100.26
72465.82;-100.19
72468.75;-100.11
72471.68;-100.11
72474.61;-99.87
72477.54;-100.11
72480.47;-100.11
72483.40;-100.03
72486.33;-100.19
72489.26;-100.11
72492.19;-99.87
72495.12;-100.03
72498.05;-100.03
72500.98;-99.95
72503.91;-100.03
72506.84;-100.50
72509.77;-100.34
72512.70;-100.26
72515.63;-100.34
72518.55;-100.03
72521.48;-99.79
72524.41;-99.72
72527.34;-99.95
72530.27;-100.03
72533.20;-99.72
72536.13;-100.26
72539.06;-100.11
72541.99;-99.95
72544.92;-99.87
72547.85;-99.87
72550.78;-99.79
72553.71;-100.11
72556.64;-99.95
72559.57;-100.03
72562.50;-99.95
72565.43;-99.87
72568.36;-100.19
72571.29;-100.26
72574.22;-100.26
72577.15;-100.26
72580.08;-100.19
72583.01;-100.26
72585.94;-100.26
72588.87;-100.19
72591.80;-99.87
72594.73;-99.79
72597.66;-99.79
72600.59;-99.95
72603.52;-100.03
72606.45;-99.79
72609.38;-99.95
72612.30;-100.11
72615.23;-100.19
72618.16;-100.03
72621.09;-100.19
72624.02;-100.19
72626.95;-100.19
72629.88;-100.11
72632.81;-100.26
72635.74;-100.26
72638.67;-100.19
72641.60;-100.19
72644.53;-99.87
72647.46;-100.03
72650.39;-99.95
72653.32;-100.26
72656.25;-100.19
72659.18;-99.95
72662.11;-100.03
72665.04;-100.11
72667.97;-100.26
72670.90;-99.95
72673.83;-99.87
72676.76;-100.19
72679.69;-100.34
72682.62;-99.95
72685.55;-100.11
72688.48;-100.11
72691.41;-100.03
72694.34;-99.95
72697.27;-100.26
72700.20;-100.26
72703.13;-100.03
72706.05;-100.11
72708.98;-100.03
72711.91;-99.95
72714.84;-100.11
72717.77;-100.19
72720.70;-100.11
72723.63;-100.11
72726.56;-100.11
72729.49;-99.95
72732.42;-100.19
72735.35;-100.26
72738.28;-100.34
72741.21;-100.19
72744.14;-100.03
72747.07;-100.11
72750.00;-100.26
72752.93;-100.26
72755.86;-99.87
72758.79;-100.03
72761.72;-100.11
72764.65;-100.11
72767.58;-100.11
72770.51;-99.95
72773.44;-100.03
72776.37;-100.19
72779.30;-100.11
72782.23;-99.95
72785.16;-100.11
72788.09;-100.34
72791.02;-100.11
72793.95;-99.95
72796.88;-99.95
72799.80;-100.26
72802.73;-100.26
72805.66;-99.95
72808.59;-100.03
72811.52;-100.03
72814.45;-99.95
72817.38;-99.87
72820.31;-99.95
72823.24;-100.19
72826.17;-99.95
72829.10;-99.95
72832.03;-100.11
72834.96;-99.95
72837.89;-100.03
72840.82;-99.95
72843.75;-99.87
72846.68;-100.03
72849.61;-99.95
72852.54;-100.03
72855.47;-100.34
72858.40;-100.34
72861.33;-100.19
72864.26;-99.95
72867.19;-99.87
72870.12;-99.95
72873.05;-99.95
72875.98;-100.26
72878.91;-100.26
72881.84;-100.03
72884.77;-99.95
72887.70;-100.19
72890.63;-100.34
72893.55;-99.95
72896.48;-99.87
72899.41;-99.79
72902.34;-100.03
72905.27;-99.95
72908.20;-100.03
72911.13;-100.11
72914.06;-100.03
72916.99;-100.19
72919.92;-100.42
72922.85;-100.19
72925.78;-100.03
72928.71;-99.87
72931.64;-100.03
72934.57;-100.19
72937.50;-100.03
72940.43;-99.95
72943.36;-100.03
72946.29;-100.03
72949.22;-100.11
72952.15;-99.87
72955.08;-100.03
72958.01;-100.03
72960.94;-99.95
72963.87;-100.11
72966.80;-100.03
72969.73;-100.11
72972.66;-100.19
72975.59;-100.26
72978.52;-99.95
72981.45;-99.64
72984.38;-99.87
72987.30;-100.19
72990.23;-100.03
72993.16;-99.79
72996.09;-100.11
72999.02;-100.26
73001.95;-100.11
73004.88;-99.95
73007.81;-100.03
73010.74;-100.03
73013.67;-99.95
73016.60;-100.19
73019.53;-100.50
73022.46;-100.42
73025.39;-100.03
73028.32;-99.87
73031.25;-99.87
73034.18;-100.11
73037.11;-100.19
73040.04;-100.11
73042.97;-100.03
73045.90;-100.03
73048.83;-100.03
73051.76;-100.11
73054.69;-99.87
73057.62;-100.11
73060.55;-100.19
73063.48;-100.03
73066.41;-100.11
73069.34;-99.87
73072.27;-100.03
73075.20;-100.19
73078.13;-99.72
73081.05;-99.87
73083.98;-100.11
73086.91;-99.95
73089.84;-100.34
73092.77;-100.26
73095.70;-100.03
73098.63;-100.03
73101.56;-99.95
73104.49;-100.19
73107.42;-100.19
73110.35;-99.95
73113.28;-99.95
73116.21;-100.03
73119.14;-100.11
73122.07;-100.19
73125.00;-99.87
73127.93;-100.19
73130.86;-99.95
73133.79;-99.95
73136.72;-100.19
73139.65;-100.19
73142.58;-99.87
73145.51;-99.87
73148.44;-100.11
73151.37;-100.19
73154.30;-100.19
73157.23;-100.42
73160.16;-100.19
73163.09;-100.03
73166.02;-100.03
73168.95;-100.03
73171.88;-100.11
73174.80;-100.19
73177.73;-100.03
73180.66;-100.11
73183.59;-100.19
73186.52;-100.11
73189.45;-100.19
73192.38;-99.87
73195.31;-99.95
73198.24;-99.87
73201.17;-99.87
73204.10;-100.34
73207.03;-100.19
73209.96;-100.03
73212.89;-100.11
73215.82;-100.03
73218.75;-99.87
73221.68;-100.03
73224.61;-100.26
73227.54;-100.34
73230.47;-100.19
73233.40;-100.19
73236.33;-100.34
73239.26;-100.26
73242.19;-100.26
73245.12;-100.11
73248.05;-100.03
73250.98;-99.95
73253.91;-100.11
73256.84;-100.03
73259.77;-100.11
73262.70;-100.19
73265.63;-100.19
73268.55;-99.87
73271.48;-100.03
73274.41;-100.34
73277.34;-99.95
73280.27;-99.87
73283.20;-100.03
73286.13;-99.87
73289.06;-99.95
73291.99;-100.03
73294.92;-99.95
73297.85;-100.19
73300.78;-99.95
73303.71;-99.95
73306.64;-100.19
73309.57;-99.79
73312.50;-99.56
73315.43;-99.87
73318.36;-99.95
73321.29;-99.95
73324.22;-100.11
73327.15;-99.87
73330.08;-99.87
73333.01;-99.95
73335.94;-99.95
73338.87;-100.26
73341.80;-100.42
73344.73;-100.19
73347.66;-99.87
73350.59;-99.95
73353.52;-100.19
73356.45;-100.26
73359.38;-100.26
73362.30;-100.03
73365.23;-100.11
73368.16;-100.11
73371.09;-99.79
73374.02;-99.72
73376.95;-99.95
73379.88;-100.19
73382.81;-100.03
73385.74;-100.26
73388.67;-100.42
73391.60;-100.34
73394.53;-100.03
73397.46;-100.11
73400.39;-100.03
73403.32;-99.95
73406.25;-99.87
73409.18;-100.19
73412.11;-100.26
73415.04;-100.11
73417.97;-100.03
73420.90;-99.95
73423.83;-99.95
73426.76;-99.95
73429.69;-100.26
73432.62;-100.34
73435.55;-100.03
73438.48;-99.95
73441.41;-100.11
73444.34;-100.03
73447.27;-99.95
73450.20;-100.19
73453.13;-100.34
73456.05;-100.34
73458.98;-100.03
73461.91;-100.03
73464.84;-100.11
73467.77;-100.11
73470.70;-100.11
73473.63;-100.03
73476.56;-99.87
73479.49;-99.87
73482.42;-100.11
73485.35;-99.95
73488.28;-100.19
73491.21;-100.19
73494.14;-100.19
73497.07;-99.95
73500.00;-100.11
73502.93;-100.11
73505.86;-99.95
73508.79;-99.87
73511.72;-99.87
73514.65;-100.11
73517.58;-100.03
73520.51;-100.03
73523.44;-100.42
73526.37;-100.26
73529.30;-100.34
73532.23;-100.19
73535.16;-100.03
73538.09;-100.03
73541.02;-100.19
73543.95;-100.03
73546.88;-99.95
73549.80;-99.95
73552.73;-100.19
73555.66;-99.95
73558.59;-100.03
73561.52;-100.26
73564.45;-100.26
73567.38;-100.19
73570.31;-100.19
73573.24;-100.19
73576.17;-99.87
73579.10;-100.11
73582.03;-100.26
73584.96;-99.95
73587.89;-99.95
73590.82;-100.03
73593.75;-100.11
73596.68;-99.95
73599.61;-100.11
73602.54;-100.11
73605.47;-99.95
73608.40;-99.64
73611.33;-100.19
73614.26;-100.19
73617.19;-100.03
73620.12;-99.95
73623.05;-99.95
73625.98;-100.03
73628.91;-100.03
73631.84;-99.95
73634.77;-100.11
73637.70;-100.26
73640.63;-100.26
73643.55;-99.87
73646.48;-99.95
73649.41;-100.19
73652.34;-99.95
73655.27;-100.19
73658.20;-100.19
73661.13;-99.95
73664.06;-99.79
73666.99;-100.19
73669.92;-100.42
73672.85;-100.03
73675.78;-99.95
73678.71;-100.03
73681.64;-100.11
73684.57;-99.95
73687.50;-99.95
73690.43;-100.19
73693.36;-100.03
73696.29;-100.03
73699.22;-99.87
73702.15;-99.87
73705.08;-100.26
73708.01;-100.34
73710.94;-100.26
73713.87;-100.03
73716.80;-100.03
73719.73;-99.79
73722.66;-99.79
73725.59;-99.87
73728.52;-99.79
73731.45;-100.03
73734.38;-100.19
73737.30;-100.11
73740.23;-100.19
73743.16;-100.34
73746.09;-100.34
73749.02;-100.26
73751.95;-100.11
73754.88;-100.11
73757.81;-100.03
73760.74;-100.11
73763.67;-100.42
73766.60;-100.19
73769.53;-100.19
73772.46;-100.11
73775.39;-100.19
73778.32;-99.79
73781.25;-99.79
73784.18;-100.03
73787.11;-100.34
73790.04;-100.11
73792.97;-99.95
73795.90;-99.87
73798.83;-99.95
73801.76;-100.11
73804.69;-100.19
73807.62;-100.26
73810.55;-100.34
73813.48;-100.34
73816.41;-100.03
73819.34;-100.19
73822.27;-100.19
73825.20;-99.95
73828.13;-100.34
73831.05;-100.26
73833.98;-100.03
73836.91;-100.26
73839.84;-100.26
73842.77;-100.11
73845.70;-100.03
73848.63;-100.19
73851.56;-100.26
73854.49;-100.26
73857.42;-100.26
73860.35;-100.11
73863.28;-99.87
73866.21;-100.26
73869.14;-100.11
73872.07;-99.87
73875.00;-99.95
73877.93;-99.95
73880.86;-99.87
73883.79;-99.87
73886.72;-99.79
73889.65;-100.11
73892.58;-100.11
73895.51;-100.03
73898.44;-100.26
73901.37;-100.26
73904.30;-100.11
73907.23;-100.03
73910.16;-100.03
73913.09;-99.95
73916.02;-99.95
73918.95;-100.03
73921.88;-100.11
73924.80;-100.03
73927.73;-99.95
73930.66;-99.95
73933.59;-99.87
73936.52;-100.19
73939.45;-100.34
73942.38;-99.95
73945.31;-99.79
73948.24;-99.79
73951.17;-99.87
73954.10;-100.11
73957.03;-100.03
73959.96;-99.95
73962.89;-100.11
73965.82;-99.95
73968.75;-100.11
73971.68;-99.87
73974.61;-100.11
73977.54;-100.42
73980.47;-100.26
73983.40;-99.95
73986.33;-100.11
73989.26;-100.11
73992.19;-100.11
73995.12;-99.87
73998.05;-99.87
74000.98;-100.03
74003.91;-100.11
74006.84;-99.95
74009.77;-99.79
74012.70;-99.95
74015.63;-100.11
74018.55;-100.03
74021.48;-100.26
74024.41;-100.26
74027.34;-99.95
74030.27;-99.95
74033.20;-100.26
74036.13;-100.11
74039.06;-100.19
74041.99;-99.87
74044.92;-100.03
74047.85;-100.34
74050.78;-100.26
74053.71;-100.34
74056.64;-100.42
74059.57;-100.58
74062.50;-100.34
74065.43;-100.26
74068.36;-100.03
74071.29;-100.11
74074.22;-99.95
74077.15;-99.95
74080.08;-100.19
74083.01;-100.11
74085.94;-99.95
74088.87;-99.87
74091.80;-100.03
74094.73;-100.11
74097.66;-99.87
74100.59;-100.03
74103.52;-100.11
74106.45;-100.19
74109.38;-100.26
74112.30;-100.19
74115.23;-100.58
74118.16;-100.34
74121.09;-100.26
74124.02;-100.26
74126.95;-99.95
74129.88;-100.26
74132.81;-100.11
74135.74;-100.11
74138.67;-99.95
74141.60;-100.19
74144.53;-100.19
74147.46;-99.87
74150.39;-100.03
74153.32;-100.26
74156.25;-100.42
74159.18;-100.19
74162.11;-100.11
74165.04;-100.11
74167.97;-99.87
74170.90;-99.95
74173.83;-100.19
74176.76;-100.03
74179.69;-99.87
74182.62;-100.03
74185.55;-100.11
74188.48;-99.95
74191.41;-99.95
74194.34;-100.03
74197.27;-100.11
74200.20;-100.26
74203.13;-100.26
74206.05;-99.95
74208.98;-99.95
74211.91;-100.11
74214.84;-100.11
74217.77;-100.19
74220.70;-100.26
74223.63;-100.03
74226.56;-100.19
74229.49;-100.34
74232.42;-100.11
74235.35;-100.11
74238.28;-100.19
74241.21;-100.11
74244.14;-100.11
74247.07;-99.95
74250.00;-99.95
74252.93;-100.19
74255.86;-100.34
74258.79;-100.11
74261.72;-100.34
74264.65;-100.19
74267.58;-100.03
74270.51;-100.34
74273.44;-100.26
74276.37;-99.95
74279.30;-99.95
74282.23;-100.19
74285.16;-100.19
74288.09;-100.11
74291.02;-100.19
74293.95;-100.19
74296.88;-99.87
74299.80;-100.19
74302.73;-99.95
74305.66;-100.03
74308.59;-100.19
74311.52;-100.19
74314.45;-100.34
74317.38;-100.03
74320.31;-99.87
74323.24;-100.03
74326.17;-100.26
74329.10;-100.03
74332.03;-100.11
74334.96;-100.03
74337.89;-100.34
74340.82;-100.34
74343.75;-100.26
74346.68;-100.34
74349.61;-100.42
74352.54;-100.50
74355.47;-100.58
74358.40;-100.19
74361.33;-100.11
74364.26;-99.95
74367.19;-99.87
74370.12;-99.87
74373.05;-100.26
74375.98;-100.34
74378.91;-100.11
74381.84;-100.03
74384.77;-100.11
74387.70;-100.03
74390.63;-100.19
74393.55;-100.19
74396.48;-100.03
74399.41;-99.95
74402.34;-99.95
74405.27;-99.87
74408.20;-99.95
74411.13;-99.87
74414.06;-99.87
74416.99;-100.19
74419.92;-100.19
74422.85;-100.11
74425.78;-100.26
74428.71;-99.95
74431.64;-100.19
74434.57;-100.03
74437.50;-99.95
74440.43;-99.95
74443.36;-99.79
74446.29;-100.11
74449.22;-100.26
74452.15;-100.34
74455.08;-100.42
74458.01;-100.19
74460.94;-99.87
74463.87;-99.87
74466.80;-100.11
74469.73;-100.19
74472.66;-100.03
74475.59;-100.26
74478.52;-100.34
74481.45;-100.11
74484.38;-100.11
74487.30;-100.34
74490.23;-100.19
74493.16;-100.11
74496.09;-100.26
74499.02;-100.03
74501.95;-99.79
74504.88;-100.03
74507.81;-100.19
74510.74;-99.95
74513.67;-99.95
74516.60;-99.95
74519.53;-100.03
74522.46;-99.95
74525.39;-100.19
74528.32;-99.95
74531.25;-100.11
74534.18;-100.34
74537.11;-100.26
74540.04;-100.03
74542.97;-100.03
74545.90;-100.34
74548.83;-100.26
74551.76;-100.03
74554.69;-100.11
74557.62;-100.03
74560.55;-100.19
74563.48;-100.03
74566.41;-100.03
74569.34;-99.95
74572.27;-99.95
74575.20;-100.19
74578.13;-100.26
74581.05;-100.58
74583.98;-100.42
74586.91;-100.03
74589.84;-99.87
74592.77;-100.03
74595.70;-100.26
74598.63;-100.26
74601.56;-100.11
74604.49;-99.87
74607.42;-100.03
74610.35;-99.95
74613.28;-100.03
74616.21;-100.11
74619.14;-100.26
74622.07;-100.11
74625.00;-100.03
74627.93;-100.03
74630.86;-100.11
74633.79;-100.34
74636.72;-100.11
74639.65;-100.19
74642.58;-100.19
74645.51;-100.11
74648.44;-100.34
74651.37;-100.34
74654.30;-99.79
74657.23;-99.87
74660.16;-100.03
74663.09;-100.11
74666.02;-100.11
74668.95;-99.95
74671.88;-100.11
74674.80;-100.19
74677.73;-100.50
74680.66;-100.34
74683.59;-100.03
74686.52;-100.19
74689.45;-100.19
74692.38;-100.26
74695.31;-100.34
74698.24;-100.42
74701.17;-100.26
74704.10;-99.79
74707.03;-100.03
74709.96;-100.11
74712.89;-100.11
74715.82;-100.34
74718.75;-100.34
74721.68;-100.19
74724.61;-100.11
74727.54;-99.95
74730.47;-100.11
74733.40;-100.03
74736.33;-99.87
74739.26;-99.95
74742.19;-100.26
74745.12;-100.26
74748.05;-100.26
74750.98;-100.26
74753.91;-100.26
74756.84;-100.03
74759.77;-99.95
74762.70;-99.95
74765.63;-100.19
74768.55;-100.03
74771.48;-100.19
74774.41;-100.19
74777.34;-100.11
74780.27;-99.87
74783.20;-99.87
74786.13;-100.03
74789.06;-99.64
74791.99;-99.79
74794.92;-100.19
74797.85;-100.34
74800.78;-100.19
74803.71;-99.87
74806.64;-100.11
74809.57;-100.26
74812.50;-100.19
74815.43;-100.42
74818.36;-100.19
74821.29;-100.19
74824.22;-99.95
74827.15;-100.03
74830.08;-100.19
74833.01;-100.26
74835.94;-100.11
74838.87;-100.26
74841.80;-100.34
74844.73;-100.11
74847.66;-100.11
74850.59;-100.11
74853.52;-100.03
74856.45;-100.19
74859.38;-100.03
74862.30;-99.95
74865.23;-99.95
74868.16;-99.87
74871.09;-99.87
74874.02;-100.03
74876.95;-99.95
74879.88;-100.03
74882.81;-99.95
74885.74;-100.03
74888.67;-99.87
74891.60;-100.03
74894.53;-100.26
74897.46;-100.26
74900.39;-100.26
74903.32;-100.03
74906.25;-100.03
74909.18;-100.19
74912.11;-100.03
74915.04;-100.19
74917.97;-100.19
74920.90;-100.19
74923.83;-100.19
74926.76;-100.03
74929.69;-100.26
74932.62;-100.03
74935.55;-100.03
74938.48;-100.50
74941.41;-100.26
74944.34;-100.11
74947.27;-100.19
74950.20;-100.26
74953.13;-100.19
74956.05;-100.19
74958.98;-100.03
74961.91;-99.95
74964.84;-100.19
74967.77;-100.34
74970.70;-100.34
74973.63;-100.34
74976.56;-100.34
74979.49;-100.11
74982.42;-100.19
74985.35;-100.34
74988.28;-100.19
74991.21;-99.95
74994.14;-99.72
74997.07;-99.95
75000.00;-100.19
75002.93;-100.42
75005.86;-100.03
75008.79;-99.95
75011.72;-100.03
75014.65;-100.11
75017.58;-100.26
75020.51;-100.34
75023.44;-100.26
75026.37;-100.26
75029.30;-100.19
75032.23;-100.26
75035.16;-100.11
75038.09;-100.19
75041.02;-100.42
75043.95;-100.11
75046.88;-100.26
75049.80;-99.95
75052.73;-99.95
75055.66;-100.03
75058.59;-99.79
75061.52;-100.19
75064.45;-100.03
75067.38;-99.95
75070.31;-100.03
75073.24;-100.03
75076.17;-100.11
75079.10;-99.72
75082.03;-99.95
75084.96;-99.87
75087.89;-99.95
75090.82;-100.19
75093.75;-100.34
75096.68;-100.42
75099.61;-100.34
75102.54;-100.19
75105.47;-100.11
75108.40;-100.03
75111.33;-100.11
75114.26;-100.34
75117.19;-100.11
75120.12;-99.95
75123.05;-99.95
75125.98;-100.03
75128.91;-99.87
75131.84;-99.79
75134.77;-100.26
75137.70;-100.19
75140.63;-100.26
75143.55;-100.26
75146.48;-100.11
75149.41;-99.79
75152.34;-99.87
75155.27;-100.11
75158.20;-100.11
75161.13;-100.42
75164.06;-100.19
75166.99;-100.34
75169.92;-100.11
75172.85;-100.11
75175.78;-100.19
75178.71;-100.03
75181.64;-100.34
75184.57;-100.19
75187.50;-100.11
75190.43;-100.34
75193.36;-99.95
75196.29;-100.03
75199.22;-100.50
75202.15;-100.26
75205.08;-100.19
75208.01;-99.95
75210.94;-99.87
75213.87;-100.11
75216.80;-100.26
75219.73;-100.19
75222.66;-100.03
75225.59;-100.11
75228.52;-99.87
75231.45;-99.95
75234.38;-100.03
75237.30;-100.03
75240.23;-99.95
75243.16;-100.03
75246.09;-99.95
75249.02;-99.95
75251.95;-100.03
75254.88;-99.95
75257.81;-100.11
75260.74;-99.95
75263.67;-99.95
75266.60;-100.11
75269.53;-100.26
75272.46;-100.34
75275.39;-100.11
75278.32;-100.03
75281.25;-99.87
75284.18;-100.03
75287.11;-100.11
75290.04;-100.19
75292.97;-100.26
75295.90;-100.42
75298.83;-100.19
75301.76;-100.03
75304.69;-100.19
75307.62;-100.19
75310.55;-100.03
75313.48;-100.03
75316.41;-100.03
75319.34;-100.19
75322.27;-100.11
75325.20;-100.03
75328.13;-100.11
75331.05;-99.95
75333.98;-100.19
75336.91;-100.03
75339.84;-100.11
75342.77;-100.26
75345.70;-100.19
75348.63;-100.26
75351.56;-100.34
75354.49;-100.19
75357.42;-100.03
75360.35;-99.95
75363.28;-99.95
75366.21;-100.03
75369.14;-100.26
75372.07;-100.11
75375.00;-99.95
75377.93;-100.03
75380.86;-100.34
75383.79;-100.11
75386.72;-100.11
75389.65;-100.03
75392.58;-100.26
75395.51;-100.19
75398.44;-100.11
75401.37;-100.03
75404.30;-99.87
75407.23;-100.11
75410.16;-100.03
75413.09;-99.95
75416.02;-99.95
75418.95;-100.19
75421.88;-100.03
75424.80;-99.95
75427.73;-99.95
75430.66;-99.87
75433.59;-99.95
75436.52;-100.11
75439.45;-100.03
75442.38;-100.11
75445.31;-100.11
75448.24;-99.87
75451.17;-99.79
75454.10;-100.11
75457.03;-100.19
75459.96;-100.26
75462.89;-100.26
75465.82;-100.11
75468.75;-99.87
75471.68;-100.19
75474.61;-100.19
75477.54;-100.34
75480.47;-100.34
75483.40;-100.42
75486.33;-100.42
75489.26;-100.42
75492.19;-100.19
75495.12;-99.95
75498.05;-100.03
75500.98;-99.87
75503.91;-100.03
75506.84;-100.11
75509.77;-100.11
75512.70;-100.26
75515.63;-100.11
75518.55;-99.95
75521.48;-100.19
75524.41;-100.34
75527.34;-100.11
75530.27;-100.11
75533.20;-99.95
75536.13;-99.95
75539.06;-100.03
75541.99;-99.79
75544.92;-99.72
75547.85;-100.03
75550.78;-100.26
75553.71;-100.11
75556.64;-100.03
75559.57;-99.95
75562.50;-99.87
75565.43;-99.95
75568.36;-100.11
75571.29;-100.34
75574.22;-100.34
75577.15;-100.11
75580.08;-100.19
75583.01;-100.03
75585.94;-100.03
75588.87;-99.95
75591.80;-100.34
75594.73;-100.11
75597.66;-100.03
75600.59;-100.11
75603.52;-100.19
75606.45;-100.26
75609.38;-100.19
75612.30;-100.11
75615.23;-100.03
75618.16;-100.03
75621.09;-100.03
75624.02;-100.11
75626.95;-100.19
75629.88;-100.11
75632.81;-100.11
75635.74;-99.87
75638.67;-100.03
75641.60;-100.11
75644.53;-100.11
75647.46;-99.87
75650.39;-99.87
75653.32;-99.87
75656.25;-99.64
75659.18;-99.87
75662.11;-100.11
75665.04;-100.19
75667.97;-100.19
75670.90;-100.26
75673.83;-100.19
75676.76;-100.11
75679.69;-100.19
75682.62;-100.19
75685.55;-100.26
75688.48;-100.42
75691.41;-100.19
75694.34;-99.87
75697.27;-100.11
75700.20;-100.42
75703.13;-100.19
75706.05;-100.19
75708.98;-100.34
75711.91;-100.34
75714.84;-100.34
75717.77;-100.26
75720.70;-100.11
75723.63;-100.03
75726.56;-100.26
75729.49;-100.34
75732.42;-100.03
75735.35;-100.11
75738.28;-100.26
75741.21;-100.19
75744.14;-100.03
75747.07;-99.87
75750.00;-99.79
75752.93;-100.11
75755.86;-99.95
75758.79;-99.87
75761.72;-100.19
75764.65;-100.42
75767.58;-100.11
75770.51;-99.95
75773.44;-99.95
75776.37;-99.95
75779.30;-99.87
75782.23;-99.72
75785.16;-99.79
75788.09;-99.95
75791.02;-100.19
75793.95;-100.11
75796.88;-100.19
75799.80;-100.11
75802.73;-100.11
75805.66;-100.42
75808.59;-100.03
75811.52;-100.11
75814.45;-100.11
75817.38;-100.19
75820.31;-100.26
75823.24;-100.11
75826.17;-99.95
75829.10;-100.11
75832.03;-100.19
75834.96;-100.19
75837.89;-100.42
75840.82;-99.87
75843.75;-99.87
75846.68;-99.95
75849.61;-99.95
75852.54;-100.03
75855.47;-99.95
75858.40;-100.03
75861.33;-100.11
75864.26;-100.26
75867.19;-100.19
75870.12;-100.19
75873.05;-100.11
75875.98;-99.87
75878.91;-99.87
75881.84;-100.03
75884.77;-100.26
75887.70;-100.34
75890.63;-100.34
75893.55;-100.03
75896.48;-100.03
75899.41;-100.19
75902.34;-100.03
75905.27;-99.87
75908.20;-99.95
75911.13;-100.19
75914.06;-100.58
75916.99;-100.34
75919.92;-100.03
75922.85;-99.87
75925.78;-99.79
75928.71;-99.79
75931.64;-100.19
75934.57;-100.50
75937.50;-100.26
75940.43;-99.79
75943.36;-100.03
75946.29;-100.03
75949.22;-99.95
75952.15;-100.03
75955.08;-100.11
75958.01;-100.11
75960.94;-99.87
75963.87;-99.95
75966.80;-100.19
75969.73;-100.11
75972.66;-99.95
75975.59;-100.19
75978.52;-100.03
75981.45;-100.03
75984.38;-100.19
75987.30;-100.11
75990.23;-99.95
75993.16;-100.19
75996.09;-100.26
75999.02;-100.26
76001.95;-100.26
76004.88;-99.95
76007.81;-99.87
76010.74;-100.26
76013.67;-100.19
76016.60;-100.03
76019.53;-99.95
76022.46;-100.03
76025.39;-100.19
76028.32;-100.26
76031.25;-100.34
76034.18;-100.26
76037.11;-99.95
76040.04;-100.03
76042.97;-100.03
76045.90;-100.11
76048.83;-100.19
76051.76;-99.95
76054.69;-99.72
76057.62;-100.03
76060.55;-100.19
76063.48;-100.03
76066.41;-100.19
76069.34;-100.34
76072.27;-100.11
76075.20;-100.03
76078.13;-99.95
76081.05;-100.03
76083.98;-99.79
76086.91;-99.95
76089.84;-100.26
76092.77;-100.19
76095.70;-100.19
76098.63;-99.95
76101.56;-99.79
76104.49;-99.95
76107.42;-99.95
76110.35;-99.95
76113.28;-100.19
76116.21;-99.95
76119.14;-99.87
76122.07;-100.11
76125.00;-100.26
76127.93;-100.03
76130.86;-99.95
76133.79;-99.95
76136.72;-99.95
76139.65;-100.03
76142.58;-100.11
76145.51;-100.19
76148.44;-100.19
76151.37;-100.03
76154.30;-100.26
76157.23;-100.34
76160.16;-100.11
76163.09;-100.26
76166.02;-100.26
76168.95;-100.19
76171.88;-100.19
76174.80;-100.03
76177.73;-100.11
76180.66;-100.11
76183.59;-100.19
76186.52;-100.11
76189.45;-99.95
76192.38;-99.87
76195.31;-100.11
76198.24;-99.95
76201.17;-100.19
76204.10;-100.34
76207.03;-100.19
76209.96;-100.03
76212.89;-100.11
76215.82;-100.19
76218.75;-100.11
76221.68;-100.26
76224.61;-100.11
76227.54;-100.42
76230.47;-100.26
76233.40;-99.87
76236.33;-100.03
76239.26;-100.11
76242.19;-100.26
76245.12;-100.03
76248.05;-100.03
76250.98;-100.03
76253.91;-100.11
76256.84;-100.34
76259.77;-100.03
76262.70;-100.11
76265.63;-100.11
76268.55;-99.95
76271.48;-100.11
76274.41;-100.19
76277.34;-100.03
76280.27;-99.95
76283.20;-100.34
76286.13;-100.19
76289.06;-100.26
76291.99;-100.58
76294.92;-100.42
76297.85;-100.42
76300.78;-100.19
76303.71;-100.03
76306.64;-100.19
76309.57;-100.11
76312.50;-100.03
76315.43;-100.11
76318.36;-100.34
76321.29;-100.34
76324.22;-100.26
76327.15;-100.26
76330.08;-100.42
76333.01;-100.19
76335.94;-99.72
76338.87;-99.87
76341.80;-100.19
76344.73;-100.58
76347.66;-100.50
76350.59;-100.34
76353.52;-100.19
76356.45;-100.03
76359.38;-100.11
76362.30;-100.34
76365.23;-100.11
76368.16;-100.11
76371.09;-100.19
76374.02;-100.11
76376.95;-100.11
76379.88;-99.79
76382.81;-99.72
76385.74;-100.11
76388.67;-100.19
76391.60;-100.19
76394.53;-100.26
76397.46;-100.19
76400.39;-100.26
76403.32;-100.34
76406.25;-100.26
76409.18;-100.34
76412.11;-99.87
76415.04;-99.79
76417.97;-100.19
76420.90;-100.26
76423.83;-99.87
76426.76;-100.11
76429.69;-100.34
76432.62;-100.34
76435.55;-99.95
76438.48;-100.03
76441.41;-100.26
76444.34;-100.03
76447.27;-100.26
76450.20;-100.11
76453.13;-100.11
76456.05;-100.26
76458.98;-100.11
76461.91;-100.11
76464.84;-100.34
76467.77;-100.34
76470.70;-100.11
76473.63;-99.87
76476.56;-100.11
76479.49;-99.95
76482.42;-100.11
76485.35;-100.03
76488.28;-100.03
76491.21;-99.95
76494.14;-100.11
76497.07;-100.11
76500.00;-100.11
76502.93;-100.26
76505.86;-100.11
76508.79;-100.03
76511.72;-100.19
76514.65;-100.19
76517.58;-100.19
76520.51;-100.50
76523.44;-100.42
76526.37;-100.11
76529.30;-100.11
76532.23;-100.03
76535.16;-99.95
76538.09;-100.26
76541.02;-100.11
76543.95;-100.19
76546.88;-100.42
76549.80;-100.19
76552.73;-99.95
76555.66;-100.19
76558.59;-100.11
76561.52;-99.87
76564.45;-99.87
76567.38;-99.95
76570.31;-100.19
76573.24;-100.26
76576.17;-100.34
76579.10;-100.42
76582.03;-100.03
76584.96;-99.95
76587.89;-100.03
76590.82;-100.11
76593.75;-100.26
76596.68;-100.11
76599.61;-100.26
76602.54;-100.19
76605.47;-100.03
76608.40;-100.19
76611.33;-100.03
76614.26;-100.11
76617.19;-100.03
76620.12;-100.03
76623.05;-100.26
76625.98;-100.19
76628.91;-100.03
76631.84;-100.19
76634.77;-100.19
76637.70;-100.58
76640.63;-100.42
76643.55;-100.19
76646.48;-99.87
76649.41;-100.11
76652.34;-100.42
76655.27;-100.19
76658.20;-100.26
76661.13;-100.50
76664.06;-100.34
76666.99;-100.03
76669.92;-100.19
76672.85;-100.19
76675.78;-100.11
76678.71;-100.11
76681.64;-100.03
76684.57;-100.19
76687.50;-100.42
76690.43;-100.19
76693.36;-100.34
76696.29;-100.11
76699.22;-100.03
76702.15;-100.03
76705.08;-100.03
76708.01;-100.26
76710.94;-100.34
76713.87;-100.03
76716.80;-99.72
76719.73;-100.11
76722.66;-99.95
76725.59;-100.19
76728.52;-100.19
76731.45;-100.26
76734.38;-100.81
76737.30;-100.58
76740.23;-100.50
76743.16;-100.42
76746.09;-100.03
76749.02;-100.11
76751.95;-99.95
76754.88;-99.87
76757.81;-100.42
76760.74;-100.34
76763.67;-99.95
76766.60;-100.19
76769.53;-100.11
76772.46;-99.95
76775.39;-100.03
76778.32;-100.26
76781.25;-100.50
76784.18;-100.19
76787.11;-100.11
76790.04;-100.03
76792.97;-99.87
76795.90;-100.03
76798.83;-100.19
76801.76;-100.26
76804.69;-100.11
76807.62;-100.34
76810.55;-100.34
76813.48;-100.11
76816.41;-100.26
76819.34;-100.26
76822.27;-100.11
76825.20;-100.19
76828.13;-99.95
76831.05;-99.95
76833.98;-100.03
76836.91;-100.26
76839.84;-100.19
76842.77;-100.19
76845.70;-100.42
76848.63;-100.11
76851.56;-99.95
76854.49;-100.11
76857.42;-100.19
76860.35;-100.19
76863.28;-100.34
76866.21;-100.03
76869.14;-99.95
76872.07;-100.03
76875.00;-100.03
76877.93;-99.95
76880.86;-99.87
76883.79;-100.11
76886.72;-100.19
76889.65;-100.26
76892.58;-100.26
76895.51;-100.11
76898.44;-100.03
76901.37;-99.95
76904.30;-99.87
76907.23;-100.11
76910.16;-100.11
76913.09;-100.19
76916.02;-100.34
76918.95;-100.19
76921.88;-99.87
76924.80;-100.11
76927.73;-100.19
76930.66;-100.26
76933.59;-100.42
76936.52;-100.19
76939.45;-99.95
76942.38;-99.72
76945.31;-99.95
76948.24;-100.50
76951.17;-100.34
76954.10;-100.58
76957.03;-100.34
76959.96;-100.11
76962.89;-100.34
76965.82;-100.26
76968.75;-100.34
76971.68;-100.34
76974.61;-100.19
76977.54;-100.03
76980.47;-100.26
76983.40;-100.26
76986.33;-100.11
76989.26;-100.03
76992.19;-100.11
76995.12;-100.34
76998.05;-100.11
77000.98;-100.19
77003.91;-100.19
77006.84;-100.11
77009.77;-100.11
77012.70;-100.19
77015.63;-100.42
77018.55;-100.19
77021.48;-100.19
77024.41;-100.26
77027.34;-100.26
77030.27;-100.19
77033.20;-100.19
77036.13;-100.11
77039.06;-100.03
77041.99;-100.50
77044.92;-100.50
77047.85;-100.19
77050.78;-100.19
77053.71;-100.11
77056.64;-99.95
77059.57;-99.95
77062.50;-100.11
77065.43;-100.34
77068.36;-100.42
77071.29;-100.26
77074.22;-100.26
77077.15;-99.95
77080.08;-99.95
77083.01;-100.11
77085.94;-100.26
77088.87;-100.34
77091.80;-100.42
77094.73;-100.11
77097.66;-100.03
77100.59;-100.19
77103.52;-100.11
77106.45;-100.03
77109.38;-100.03
77112.30;-100.03
77115.23;-100.34
77118.16;-100.42
77121.09;-100.26
77124.02;-100.50
77126.95;-100.42
77129.88;-99.87
77132.81;-100.03
77135.74;-100.26
77138.67;-100.11
77141.60;-100.19
77144.53;-100.34
77147.46;-100.19
77150.39;-100.11
77153.32;-100.50
77156.25;-100.58
77159.18;-100.34
77162.11;-100.34
77165.04;-100.42
77167.97;-100.03
77170.90;-99.87
77173.83;-100.03
77176.76;-100.26
77179.69;-100.19
77182.62;-100.11
77185.55;-100.26
77188.48;-100.26
77191.41;-100.34
77194.34;-100.34
77197.27;-100.42
77200.20;-100.19
77203.13;-99.87
77206.05;-99.95
77208.98;-100.11
77211.91;-100.03
77214.84;-100.19
77217.77;-100.42
77220.70;-100.11
77223.63;-99.95
77226.56;-100.19
77229.49;-100.03
77232.42;-100.26
77235.35;-100.26
77238.28;-100.19
77241.21;-100.19
77244.14;-100.19
77247.07;-100.34
77250.00;-100.11
77252.93;-100.03
77255.86;-100.19
77258.79;-100.26
77261.72;-100.19
77264.65;-99.87
77267.58;-100.03
77270.51;-100.19
77273.44;-100.50
77276.37;-100.50
77279.30;-100.50
77282.23;-100.26
77285.16;-100.26
77288.09;-100.26
77291.02;-100.19
77293.95;-99.87
77296.88;-99.87
77299.80;-99.95
77302.73;-99.95
77305.66;-100.03
77308.59;-100.03
77311.52;-100.19
77314.45;-100.34
77317.38;-100.34
77320.31;-100.11
77323.24;-100.03
77326.17;-100.19
77329.10;-100.11
77332.03;-100.34
77334.96;-100.11
77337.89;-100.11
77340.82;-100.42
77343.75;-100.34
77346.68;-100.26
77349.61;-99.95
77352.54;-100.26
77355.47;-100.34
77358.40;-100.19
77361.33;-100.34
77364.26;-100.34
77367.19;-100.42
77370.12;-100.42
77373.05;-100.26
77375.98;-100.11
77378.91;-99.87
77381.84;-100.03
77384.77;-100.34
77387.70;-100.42
77390.63;-99.95
77393.55;-99.64
77396.48;-99.72
77399.41;-99.95
77402.34;-100.19
77405.27;-100.03
77408.20;-100.11
77411.13;-100.11
77414.06;-100.34
77416.99;-100.26
77419.92;-100.19
77422.85;-100.11
77425.78;-100.11
77428.71;-100.03
77431.64;-100.11
77434.57;-99.87
77437.50;-100.03
77440.43;-100.26
77443.36;-100.26
77446.29;-100.42
77449.22;-100.65
77452.15;-100.19
77455.08;-100.19
77458.01;-100.26
77460.94;-100.11
77463.87;-100.19
77466.80;-100.11
77469.73;-100.19
77472.66;-100.03
77475.59;-100.19
77478.52;-99.87
77481.45;-99.87
77484.38;-100.11
77487.30;-100.03
77490.23;-100.26
77493.16;-100.11
77496.09;-100.19
77499.02;-100.26
77501.95;-100.03
77504.88;-100.26
77507.81;-100.26
77510.74;-100.11
77513.67;-100.03
77516.60;-100.19
77519.53;-100.34
77522.46;-100.26
77525.39;-100.34
77528.32;-100.26
77531.25;-99.95
77534.18;-100.03
77537.11;-100.03
77540.04;-99.95
77542.97;-100.03
77545.90;-100.19
77548.83;-100.19
77551.76;-100.03
77554.69;-100.19
77557.62;-100.34
77560.55;-100.03
77563.48;-100.03
77566.41;-100.11
77569.34;-100.26
77572.27;-100.50
77575.20;-100.50
77578.13;-100.34
77581.05;-100.03
77583.98;-100.26
77586.91;-100.19
77589.84;-100.19
77592.77;-100.11
77595.70;-100.11
77598.63;-100.03
77601.56;-100.11
77604.49;-99.95
77607.42;-99.95
77610.35;-100.19
77613.28;-100.19
77616.21;-100.11
77619.14;-100.03
77622.07;-100.11
77625.00;-100.11
77627.93;-100.19
77630.86;-100.11
77633.79;-99.95
77636.72;-100.26
77639.65;-100.65
77642.58;-100.26
77645.51;-100.34
77648.44;-100.26
77651.37;-100.11
77654.30;-100.19
77657.23;-99.87
77660.16;-100.03
77663.09;-100.19
77666.02;-100.34
77668.95;-99.95
77671.88;-99.95
77674.80;-100.11
77677.73;-100.11
77680.66;-99.95
77683.59;-99.95
77686.52;-100.03
77689.45;-100.19
77692.38;-100.03
77695.31;-100.26
77698.24;-100.26
77701.17;-100.26
77704.10;-100.11
77707.03;-100.34
77709.96;-100.19
77712.89;-100.26
77715.82;-100.34
77718.75;-100.34
77721.68;-100.26
77724.61;-99.95
77727.54;-100.03
77730.47;-100.03
77733.40;-100.19
77736.33;-99.95
77739.26;-100.11
77742.19;-99.95
77745.12;-99.95
77748.05;-100.34
77750.98;-100.19
77753.91;-100.11
77756.84;-100.03
77759.77;-100.11
77762.70;-100.26
77765.63;-100.50
77768.55;-100.26
77771.48;-100.19
77774.41;-100.19
77777.34;-100.11
77780.27;-100.26
77783.20;-100.19
77786.13;-100.26
77789.06;-100.19
77791.99;-100.34
77794.92;-100.19
77797.85;-99.95
77800.78;-100.03
77803.71;-100.19
77806.64;-100.11
77809.57;-99.95
77812.50;-99.79
77815.43;-99.87
77818.36;-100.19
77821.29;-100.26
77824.22;-100.03
77827.15;-100.11
77830.08;-100.42
77833.01;-100.42
77835.94;-100.19
77838.87;-100.19
77841.80;-99.95
77844.73;-100.19
77847.66;-100.26
77850.59;-100.03
77853.52;-100.11
77856.45;-100.34
77859.38;-100.19
77862.30;-100.11
77865.23;-100.11
77868.16;-100.03
77871.09;-100.26
77874.02;-100.26
77876.95;-100.03
77879.88;-100.11
77882.81;-100.11
77885.74;-100.19
77888.67;-100.03
77891.60;-99.95
77894.53;-100.11
77897.46;-100.26
77900.39;-100.26
77903.32;-100.42
77906.25;-100.58
77909.18;-100.26
77912.11;-99.95
77915.04;-100.11
77917.97;-100.11
77920.90;-100.34
77923.83;-100.26
77926.76;-99.95
77929.69;-99.95
77932.62;-100.34
77935.55;-100.26
77938.48;-100.26
77941.41;-100.34
77944.34;-100.19
77947.27;-100.34
77950.20;-99.95
77953.13;-99.87
77956.05;-99.95
77958.98;-100.19
77961.91;-100.11
77964.84;-100.03
77967.77;-100.19
77970.70;-100.42
77973.63;-100.58
77976.56;-100.42
77979.49;-100.42
77982.42;-100.42
77985.35;-100.03
77988.28;-100.19
77991.21;-100.42
77994.14;-100.50
77997.07;-100.19
78000.00;-100.26
78002.93;-100.26
78005.86;-100.19
78008.79;-100.26
78011.72;-100.19
78014.65;-100.26
78017.58;-100.42
78020.51;-100.34
78023.44;-100.19
78026.37;-100.26
78029.30;-100.42
78032.23;-100.58
78035.16;-100.19
78038.09;-100.11
78041.02;-100.11
78043.95;-100.19
78046.88;-100.34
78049.80;-100.34
78052.73;-100.26
78055.66;-100.03
78058.59;-100.03
78061.52;-100.19
78064.45;-100.19
78067.38;-100.03
78070.31;-100.03
78073.24;-100.19
78076.17;-100.03
78079.10;-100.03
78082.03;-100.34
78084.96;-100.26
78087.89;-100.42
78090.82;-100.26
78093.75;-100.03
78096.68;-99.95
78099.61;-99.87
78102.54;-100.03
78105.47;-100.19
78108.40;-100.19
78111.33;-100.26
78114.26;-100.19
78117.19;-100.19
78120.12;-100.42
78123.05;-99.95
78125.98;-100.03
78128.91;-100.26
78131.84;-100.34
78134.77;-100.34
78137.70;-100.42
78140.63;-100.34
78143.55;-100.19
78146.48;-100.11
78149.41;-100.03
78152.34;-99.87
78155.27;-100.11
78158.20;-100.26
78161.13;-100.42
78164.06;-100.26
78166.99;-100.11
78169.92;-100.11
78172.85;-100.03
78175.78;-100.19
78178.71;-100.11
78181.64;-100.11
78184.57;-100.03
78187.50;-100.26
78190.43;-100.26
78193.36;-100.11
78196.29;-100.34
78199.22;-100.58
78202.15;-100.34
78205.08;-99.95
78208.01;-100.19
78210.94;-100.26
78213.87;-100.11
78216.80;-99.95
78219.73;-99.87
78222.66;-99.87
78225.59;-100.11
78228.52;-100.11
78231.45;-100.11
78234.38;-100.50
78237.30;-100.26
78240.23;-99.87
78243.16;-100.19
78246.09;-100.11
78249.02;-100.19
78251.95;-100.19
78254.88;-100.19
78257.81;-100.19
78260.74;-100.19
78263.67;-99.95
78266.60;-99.95
78269.53;-99.95
78272.46;-100.19
78275.39;-100.03
78278.32;-100.11
78281.25;-100.19
78284.18;-100.11
78287.11;-100.42
78290.04;-100.26
78292.97;-100.42
78295.90;-100.11
78298.83;-100.42
78301.76;-100.34
78304.69;-99.79
78307.62;-99.79
78310.55;-100.03
78313.48;-99.87
78316.41;-99.95
78319.34;-100.19
78322.27;-100.03
78325.20;-100.03
78328.13;-100.50
78331.05;-100.42
78333.98;-100.19
78336.91;-100.19
78339.84;-100.34
78342.77;-100.19
78345.70;-100.26
78348.63;-100.03
78351.56;-100.03
78354.49;-100.11
78357.42;-100.11
78360.35;-100.34
78363.28;-100.19
78366.21;-99.95
78369.14;-100.26
78372.07;-100.26
78375.00;-100.34
78377.93;-100.03
78380.86;-100.03
78383.79;-100.26
78386.72;-100.19
78389.65;-100.11
78392.58;-100.19
78395.51;-100.11
78398.44;-100.11
78401.37;-100.34
78404.30;-100.42
78407.23;-100.19
78410.16;-100.34
78413.09;-100.26
78416.02;-100.26
78418.95;-99.95
78421.88;-99.95
78424.80;-100.26
78427.73;-100.19
78430.66;-100.42
78433.59;-100.50
78436.52;-100.42
78439.45;-99.95
78442.38;-99.95
78445.31;-100.19
78448.24;-100.11
78451.17;-100.03
78454.10;-100.34
78457.03;-100.73
78459.96;-100.58
78462.89;-100.11
78465.82;-100.11
78468.75;-100.03
78471.68;-100.19
78474.61;-100.26
78477.54;-100.34
78480.47;-100.19
78483.40;-100.03
78486.33;-100.03
78489.26;-100.03
78492.19;-99.95
78495.12;-99.95
78498.05;-100.19
78500.98;-100.26
78503.91;-100.34
78506.84;-100.19
78509.77;-100.03
78512.70;-100.11
78515.63;-100.19
78518.55;-100.26
78521.48;-100.34
78524.41;-100.19
78527.34;-100.34
78530.27;-100.34
78533.20;-100.34
78536.13;-100.34
78539.06;-100.26
78541.99;-100.19
78544.92;-100.19
78547.85;-99.87
78550.78;-100.11
78553.71;-100.03
78556.64;-100.11
78559.57;-100.19
78562.50;-100.42
78565.43;-100.34
78568.36;-100.19
78571.29;-100.42
78574.22;-100.42
78577.15;-100.26
78580.08;-100.03
78583.01;-100.26
78585.94;-100.26
78588.87;-100.03
78591.80;-99.87
78594.73;-99.87
78597.66;-100.26
78600.59;-100.11
78603.52;-99.95
78606.45;-100.19
78609.38;-100.34
78612.30;-100.11
78615.23;-99.95
78618.16;-100.11
78621.09;-100.34
78624.02;-100.34
78626.95;-100.11
78629.88;-100.03
78632.81;-99.95
78635.74;-100.11
78638.67;-100.19
78641.60;-100.11
78644.53;-100.19
78647.46;-100.34
78650.39;-100.19
78653.32;-100.34
78656.25;-100.11
78659.18;-100.19
78662.11;-100.34
78665.04;-99.95
78667.97;-100.11
78670.90;-100.19
78673.83;-100.19
78676.76;-100.34
78679.69;-100.19
78682.62;-100.26
78685.55;-100.42
78688.48;-100.34
78691.41;-100.26
78694.34;-100.03
78697.27;-100.11
78700.20;-100.42
78703.13;-100.11
78706.05;-100.11
78708.98;-100.26
78711.91;-100.03
78714.84;-100.11
78717.77;-100.26
78720.70;-100.26
78723.63;-100.34
78726.56;-100.11
78729.49;-100.11
78732.42;-100.26
78735.35;-100.26
78738.28;-100.34
78741.21;-100.34
78744.14;-100.26
78747.07;-100.19
78750.00;-100.11
78752.93;-100.03
78755.86;-100.03
78758.79;-100.26
78761.72;-100.03
78764.65;-99.72
78767.58;-100.03
78770.51;-100.19
78773.44;-100.19
78776.37;-100.11
78779.30;-99.95
78782.23;-100.03
78785.16;-100.26
78788.09;-100.19
78791.02;-100.11
78793.95;-100.26
78796.88;-100.19
78799.80;-100.19
78802.73;-100.26
78805.66;-100.03
78808.59;-99.79
78811.52;-100.11
78814.45;-100.03
78817.38;-100.11
78820.31;-99.95
78823.24;-100.19
78826.17;-100.11
78829.10;-100.03
78832.03;-100.11
78834.96;-100.11
78837.89;-100.34
78840.82;-100.19
78843.75;-100.26
78846.68;-100.03
78849.61;-99.95
78852.54;-99.95
78855.47;-100.03
78858.40;-100.11
78861.33;-100.42
78864.26;-100.26
78867.19;-99.87
78870.12;-100.03
78873.05;-100.19
78875.98;-100.19
78878.91;-100.26
78881.84;-100.50
78884.77;-100.19
78887.70;-99.95
78890.63;-99.95
78893.55;-100.03
78896.48;-100.42
78899.41;-100.34
78902.34;-100.26
78905.27;-100.42
78908.20;-100.26
78911.13;-100.11
78914.06;-99.95
78916.99;-100.19
78919.92;-100.11
78922.85;-99.95
78925.78;-100.19
78928.71;-100.42
78931.64;-100.50
78934.57;-100.34
78937.50;-100.42
78940.43;-100.11
78943.36;-99.95
78946.29;-100.34
78949.22;-100.34
78952.15;-100.42
78955.08;-100.34
78958.01;-100.19
78960.94;-100.19
78963.87;-100.03
78966.80;-100.11
78969.73;-100.26
78972.66;-100.11
78975.59;-100.34
78978.52;-100.34
78981.45;-100.26
78984.38;-100.34
78987.30;-100.26
78990.23;-100.19
78993.16;-100.26
78996.09;-100.19
78999.02;-100.03
79001.95;-100.19
79004.88;-99.79
79007.81;-100.03
79010.74;-100.19
79013.67;-100.11
79016.60;-100.11
79019.53;-100.19
79022.46;-100.34
79025.39;-100.19
79028.32;-99.95
79031.25;-100.11
79034.18;-100.19
79037.11;-100.11
79040.04;-100.42
79042.97;-100.26
79045.90;-100.34
79048.83;-100.19
79051.76;-100.03
79054.69;-100.03
79057.62;-99.95
79060.55;-100.03
79063.48;-100.03
79066.41;-100.11
79069.34;-100.11
79072.27;-100.03
79075.20;-100.19
79078.13;-100.19
79081.05;-100.03
79083.98;-99.95
79086.91;-99.95
79089.84;-100.19
79092.77;-100.42
79095.70;-100.50
79098.63;-100.42
79101.56;-100.26
79104.49;-100.34
79107.42;-100.34
79110.35;-100.42
79113.28;-100.58
79116.21;-100.34
79119.14;-99.95
79122.07;-99.79
79125.00;-100.11
79127.93;-100.19
79130.86;-100.11
79133.79;-100.19
79136.72;-100.26
79139.65;-100.58
79142.58;-100.26
79145.51;-100.19
79148.44;-100.26
79151.37;-100.34
79154.30;-100.50
79157.23;-100.50
79160.16;-100.11
79163.09;-100.11
79166.02;-100.19
79168.95;-100.19
79171.88;-100.50
79174.80;-100.26
79177.73;-100.11
79180.66;-100.11
79183.59;-100.19
79186.52;-100.03
79189.45;-100.26
79192.38;-100.42
79195.31;-100.42
79198.24;-100.26
79201.17;-99.95
79204.10;-100.03
79207.03;-100.03
79209.96;-100.19
79212.89;-100.11
79215.82;-100.26
79218.75;-100.26
79221.68;-100.26
79224.61;-100.26
79227.54;-100.11
79230.47;-99.87
79233.40;-99.87
79236.33;-100.03
79239.26;-100.03
79242.19;-100.11
79245.12;-100.19
79248.05;-100.19
79250.98;-100.50
79253.91;-100.34
79256.84;-100.26
79259.77;-100.42
79262.70;-100.42
79265.63;-100.42
79268.55;-100.26
79271.48;-100.26
79274.41;-100.42
79277.34;-100.34
79280.27;-100.26
79283.20;-100.11
79286.13;-100.03
79289.06;-99.95
79291.99;-100.19
79294.92;-100.26
79297.85;-100.26
79300.78;-100.26
79303.71;-100.11
79306.64;-100.19
79309.57;-100.42
79312.50;-100.03
79315.43;-100.19
79318.36;-100.34
79321.29;-100.42
79324.22;-100.42
79327.15;-100.19
79330.08;-100.03
79333.01;-100.11
79335.94;-100.11
79338.87;-100.11
79341.80;-100.19
79344.73;-100.42
79347.66;-100.26
79350.59;-100.26
79353.52;-100.11
79356.45;-100.11
79359.38;-100.11
79362.30;-100.26
79365.23;-100.26
79368.16;-100.11
79371.09;-100.11
79374.02;-99.64
79376.95;-99.95
79379.88;-100.19
79382.81;-100.11
79385.74;-100.19
79388.67;-100.19
79391.60;-99.95
79394.53;-99.95
79397.46;-100.50
79400.39;-100.50
79403.32;-100.42
79406.25;-100.26
79409.18;-100.34
79412.11;-100.19
79415.04;-100.19
79417.97;-100.19
79420.90;-100.26
79423.83;-100.34
79426.76;-100.19
79429.69;-99.87
79432.62;-100.11
79435.55;-100.11
79438.48;-100.11
79441.41;-100.11
79444.34;-100.11
79447.27;-100.34
79450.20;-100.34
79453.13;-100.19
79456.05;-100.11
79458.98;-99.95
79461.91;-100.34
79464.84;-100.26
79467.77;-100.11
79470.70;-100.11
79473.63;-100.19
79476.56;-100.26
79479.49;-100.34
79482.42;-100.34
79485.35;-100.50
79488.28;-100.19
79491.21;-100.11
79494.14;-100.26
79497.07;-99.87
79500.00;-99.87
79502.93;-100.19
79505.86;-99.87
79508.79;-100.03
79511.72;-100.19
79514.65;-99.95
79517.58;-100.19
79520.51;-100.34
79523.44;-100.26
79526.37;-100.42
79529.30;-100.34
79532.23;-100.34
79535.16;-100.19
79538.09;-100.19
79541.02;-100.26
79543.95;-100.03
79546.88;-100.26
79549.80;-100.26
79552.73;-100.03
79555.66;-100.11
79558.59;-100.26
79561.52;-100.26
79564.45;-100.26
79567.38;-100.19
79570.31;-100.19
79573.24;-100.19
79576.17;-100.03
79579.10;-100.11
79582.03;-100.26
79584.96;-100.19
79587.89;-99.95
79590.82;-100.11
79593.75;-100.42
79596.68;-100.03
79599.61;-99.95
79602.54;-100.03
79605.47;-100.19
79608.40;-100.19
79611.33;-100.19
79614.26;-99.95
79617.19;-100.11
79620.12;-100.26
79623.05;-100.11
79625.98;-100.11
79628.91;-100.19
79631.84;-100.19
79634.77;-100.03
79637.70;-100.19
79640.63;-100.34
79643.55;-100.42
79646.48;-100.19
79649.41;-100.34
79652.34;-100.26
79655.27;-100.34
79658.20;-100.42
79661.13;-100.19
79664.06;-100.19
79666.99;-100.03
79669.92;-100.19
79672.85;-100.11
79675.78;-100.11
79678.71;-99.95
79681.64;-100.11
79684.57;-100.26
79687.50;-100.11
79690.43;-100.19
79693.36;-100.11
79696.29;-100.19
79699.22;-100.26
79702.15;-100.11
79705.08;-100.11
79708.01;-100.03
79710.94;-100.26
79713.87;-100.34
79716.80;-100.03
79719.73;-100.11
79722.66;-100.26
79725.59;-100.19
79728.52;-100.34
79731.45;-100.19
79734.38;-100.11
79737.30;-100.34
79740.23;-100.11
79743.16;-100.26
79746.09;-100.42
79749.02;-100.34
79751.95;-100.34
79754.88;-100.03
79757.81;-100.26
79760.74;-100.11
79763.67;-99.95
79766.60;-100.26
79769.53;-100.26
79772.46;-100.26
79775.39;-100.34
79778.32;-100.42
79781.25;-100.34
79784.18;-100.34
79787.11;-100.34
79790.04;-100.26
79792.97;-100.11
79795.90;-100.19
79798.83;-100.19
79801.76;-100.03
79804.69;-100.11
79807.62;-100.03
79810.55;-100.19
79813.48;-100.26
79816.41;-100.11
79819.34;-100.26
79822.27;-100.19
79825.20;-99.87
79828.13;-100.03
79831.05;-100.19
79833.98;-100.26
79836.91;-99.95
79839.84;-99.87
79842.77;-100.34
79845.70;-100.50
79848.63;-100.34
79851.56;-100.19
79854.49;-100.19
79857.42;-100.19
79860.35;-100.26
79863.28;-100.26
79866.21;-99.95
79869.14;-100.03
79872.07;-100.26
79875.00;-100.34
79877.93;-100.19
79880.86;-100.11
79883.79;-100.19
79886.72;-100.19
79889.65;-100.19
79892.58;-100.34
79895.51;-100.03
79898.44;-100.03
79901.37;-99.87
79904.30;-100.26
79907.23;-100.19
79910.16;-100.34
79913.09;-100.26
79916.02;-100.19
79918.95;-100.26
79921.88;-100.11
79924.80;-100.03
79927.73;-100.11
79930.66;-99.87
79933.59;-99.87
79936.52;-99.95
79939.45;-100.26
79942.38;-100.19
79945.31;-100.03
79948.24;-100.19
79951.17;-100.26
79954.10;-100.03
79957.03;-99.87
79959.96;-100.19
79962.89;-100.19
79965.82;-100.19
79968.75;-100.03
79971.68;-100.11
79974.61;-99.95
79977.54;-100.03
79980.47;-100.26
79983.40;-100.42
79986.33;-100.58
79989.26;-100.50
79992.19;-100.65
79995.12;-100.50
79998.05;-100.19
80000.98;-100.11
80003.91;-100.26
80006.84;-100.34
80009.77;-100.34
80012.70;-100.50
80015.63;-100.42
80018.55;-100.26
80021.48;-100.26
80024.41;-100.34
80027.34;-100.26
80030.27;-100.19
80033.20;-99.95
80036.13;-99.87
80039.06;-99.87
80041.99;-99.87
80044.92;-100.11
80047.85;-100.26
80050.78;-100.50
80053.71;-100.19
80056.64;-99.79
80059.57;-99.95
80062.50;-100.19
80065.43;-100.11
80068.36;-100.19
80071.29;-100.34
80074.22;-100.58
80077.15;-100.19
80080.08;-100.19
80083.01;-100.26
80085.94;-100.19
80088.87;-100.34
80091.80;-100.58
80094.73;-100.19
80097.66;-100.11
80100.59;-100.11
80103.52;-100.26
80106.45;-100.50
80109.38;-100.34
80112.30;-100.19
80115.23;-100.03
80118.16;-100.03
80121.09;-100.03
80124.02;-100.19
80126.95;-100.11
80129.88;-100.11
80132.81;-100.19
80135.74;-99.95
80138.67;-100.19
80141.60;-100.26
80144.53;-100.26
80147.46;-100.26
80150.39;-100.03
80153.32;-100.11
80156.25;-100.19
80159.18;-100.19
80162.11;-100.19
80165.04;-100.11
80167.97;-100.26
80170.90;-100.73
80173.83;-100.42
80176.76;-100.26
80179.69;-100.34
80182.62;-100.26
80185.55;-100.26
80188.48;-100.26
80191.41;-100.34
80194.34;-100.34
80197.27;-100.50
80200.20;-100.26
80203.13;-100.26
80206.05;-100.11
80208.98;-99.79
80211.91;-100.03
80214.84;-100.50
80217.77;-100.34
80220.70;-100.42
80223.63;-100.34
80226.56;-100.50
80229.49;-100.34
80232.42;-100.11
80235.35;-100.03
80238.28;-100.19
80241.21;-100.26
80244.14;-100.26
80247.07;-100.03
80250.00;-100.11
80252.93;-100.34
80255.86;-100.42
80258.79;-100.42
80261.72;-100.42
80264.65;-100.19
80267.58;-100.11
80270.51;-100.19
80273.44;-100.50
80276.37;-100.42
80279.30;-100.19
80282.23;-100.34
80285.16;-100.50
80288.09;-100.26
80291.02;-100.19
80293.95;-100.11
80296.88;-100.11
80299.80;-100.19
80302.73;-100.19
80305.66;-99.87
80308.59;-100.19
80311.52;-100.34
80314.45;-100.11
80317.38;-100.26
80320.31;-100.11
80323.24;-100.11
80326.17;-100.42
80329.10;-100.11
80332.03;-100.03
80334.96;-100.03
80337.89;-100.19
80340.82;-100.26
80343.75;-100.11
80346.68;-100.19
80349.61;-100.42
80352.54;-100.34
80355.47;-100.19
80358.40;-100.11
80361.33;-100.19
80364.26;-100.34
80367.19;-100.19
80370.12;-100.19
80373.05;-100.42
80375.98;-100.42
80378.91;-100.11
80381.84;-99.87
80384.77;-100.26
80387.70;-100.11
80390.63;-100.26
80393.55;-100.34
80396.48;-100.34
80399.41;-100.03
80402.34;-100.03
80405.27;-100.26
80408.20;-100.11
80411.13;-100.03
80414.06;-100.26
80416.99;-100.19
80419.92;-100.19
80422.85;-100.42
80425.78;-100.19
80428.71;-100.11
80431.64;-100.03
80434.57;-100.03
80437.50;-100.26
80440.43;-100.34
80443.36;-100.11
80446.29;-100.03
80449.22;-100.42
80452.15;-100.58
80455.08;-100.19
80458.01;-99.95
80460.94;-100.26
80463.87;-100.19
80466.80;-100.11
80469.73;-100.50
80472.66;-100.26
80475.59;-99.95
80478.52;-100.19
80481.45;-100.26
80484.38;-100.26
80487.30;-100.26
80490.23;-100.42
80493.16;-100.58
80496.09;-100.42
80499.02;-100.58
80501.95;-100.11
80504.88;-100.34
80507.81;-100.42
80510.74;-100.26
80513.67;-100.11
80516.60;-100.19
80519.53;-99.95
80522.46;-100.11
80525.39;-100.42
80528.32;-100.11
80531.25;-99.95
80534.18;-100.34
80537.11;-100.26
80540.04;-100.11
80542.97;-100.11
80545.90;-100.19
80548.83;-100.19
80551.76;-100.11
80554.69;-100.11
80557.62;-100.19
80560.55;-99.95
80563.48;-100.03
80566.41;-100.34
80569.34;-100.34
80572.27;-100.42
80575.20;-100.42
80578.13;-100.34
80581.05;-100.19
80583.98;-100.19
80586.91;-100.26
80589.84;-100.19
80592.77;-100.26
80595.70;-100.19
80598.63;-100.19
80601.56;-100.34
80604.49;-100.34
80607.42;-100.26
80610.35;-100.26
80613.28;-100.42
80616.21;-100.34
80619.14;-100.34
80622.07;-100.26
80625.00;-100.03
80627.93;-100.19
80630.86;-99.79
80633.79;-100.11
80636.72;-100.34
80639.65;-100.34
80642.58;-100.42
80645.51;-100.34
80648.44;-100.42
80651.37;-100.42
80654.30;-100.42
80657.23;-100.26
80660.16;-99.95
80663.09;-99.95
80666.02;-100.03
80668.95;-100.34
80671.88;-100.11
80674.80;-100.34
80677.73;-100.42
80680.66;-100.19
80683.59;-100.19
80686.52;-99.95
80689.45;-100.03
80692.38;-100.34
80695.31;-100.19
80698.24;-99.95
80701.17;-100.11
80704.10;-100.11
80707.03;-100.19
80709.96;-99.95
80712.89;-99.87
80715.82;-100.03
80718.75;-100.19
80721.68;-100.26
80724.61;-100.26
80727.54;-100.03
80730.47;-100.34
80733.40;-99.95
80736.33;-99.72
80739.26;-99.95
80742.19;-99.95
80745.12;-100.26
80748.05;-100.26
80750.98;-100.03
80753.91;-100.19
80756.84;-100.34
80759.77;-100.19
80762.70;-100.34
80765.63;-100.26
80768.55;-100.11
80771.48;-100.03
80774.41;-100.11
80777.34;-100.19
80780.27;-100.19
80783.20;-100.34
80786.13;-100.26
80789.06;-100.11
80791.99;-100.03
80794.92;-99.79
80797.85;-99.87
80800.78;-100.19
80803.71;-100.50
80806.64;-100.26
80809.57;-100.26
80812.50;-100.11
80815.43;-100.11
80818.36;-100.26
80821.29;-100.34
80824.22;-100.34
80827.15;-100.42
80830.08;-100.03
80833.01;-100.03
80835.94;-100.26
80838.87;-100.42
80841.80;-100.42
80844.73;-99.95
80847.66;-100.26
80850.59;-100.34
80853.52;-100.19
80856.45;-99.95
80859.38;-100.34
80862.30;-100.34
80865.23;-100.19
80868.16;-100.19
80871.09;-100.26
80874.02;-100.19
80876.95;-100.26
80879.88;-100.26
80882.81;-100.50
80885.74;-100.42
80888.67;-100.19
80891.60;-100.19
80894.53;-100.03
80897.46;-100.11
80900.39;-99.95
80903.32;-100.03
80906.25;-100.03
80909.18;-100.03
80912.11;-100.42
80915.04;-100.26
80917.97;-100.19
80920.90;-100.11
80923.83;-100.11
80926.76;-100.03
80929.69;-100.11
80932.62;-100.19
80935.55;-100.34
80938.48;-100.42
80941.41;-100.65
80944.34;-100.73
80947.27;-100.50
80950.20;-100.50
80953.13;-100.26
80956.05;-100.26
80958.98;-100.03
80961.91;-100.26
80964.84;-100.19
80967.77;-99.95
80970.70;-99.87
80973.63;-99.95
80976.56;-100.19
80979.49;-100.34
80982.42;-100.26
80985.35;-100.26
80988.28;-100.50
80991.21;-100.42
80994.14;-100.19
80997.07;-100.19
81000.00;-100.19
81002.93;-100.50
81005.86;-100.34
81008.79;-100.03
81011.72;-99.95
81014.65;-100.19
81017.58;-100.19
81020.51;-100.50
81023.44;-100.26
81026.37;-100.19
81029.30;-100.26
81032.23;-100.19
81035.16;-100.26
81038.09;-100.26
81041.02;-100.34
81043.95;-100.19
81046.88;-100.19
81049.80;-100.11
81052.73;-100.11
81055.66;-100.03
81058.59;-100.19
81061.52;-100.34
81064.45;-100.34
81067.38;-100.26
81070.31;-100.42
81073.24;-100.19
81076.17;-100.11
81079.10;-100.11
81082.03;-100.11
81084.96;-99.95
81087.89;-99.87
81090.82;-100.26
81093.75;-100.42
81096.68;-100.42
81099.61;-100.34
81102.54;-100.34
81105.47;-100.58
81108.40;-100.34
81111.33;-100.11
81114.26;-100.19
81117.19;-100.03
81120.12;-100.03
81123.05;-100.11
81125.98;-100.03
81128.91;-100.11
81131.84;-100.26
81134.77;-100.19
81137.70;-100.11
81140.63;-100.11
81143.55;-100.11
81146.48;-100.19
81149.41;-100.19
81152.34;-100.34
81155.27;-100.42
81158.20;-99.95
81161.13;-100.03
81164.06;-100.03
81166.99;-100.26
81169.92;-100.34
81172.85;-100.34
81175.78;-100.42
81178.71;-100.26
81181.64;-100.19
81184.57;-100.03
81187.50;-99.95
81190.43;-99.87
81193.36;-100.26
81196.29;-100.19
81199.22;-100.03
81202.15;-100.26
81205.08;-100.26
81208.01;-100.03
81210.94;-100.50
81213.87;-100.19
81216.80;-99.87
81219.73;-99.64
81222.66;-100.03
81225.59;-100.42
81228.52;-100.11
81231.45;-100.19
81234.38;-100.11
81237.30;-100.19
81240.23;-100.50
81243.16;-100.34
81246.09;-100.42
81249.02;-100.65
81251.95;-100.42
81254.88;-100.42
81257.81;-100.50
81260.74;-100.34
81263.67;-100.11
81266.60;-100.11
81269.53;-100.19
81272.46;-100.11
81275.39;-100.34
81278.32;-100.34
81281.25;-100.26
81284.18;-100.34
81287.11;-100.42
81290.04;-100.19
81292.97;-100.26
81295.90;-100.26
81298.83;-100.34
81301.76;-100.42
81304.69;-100.19
81307.62;-100.19
81310.55;-100.19
81313.48;-100.11
81316.41;-100.11
81319.34;-100.03
81322.27;-100.26
81325.20;-100.26
81328.13;-100.03
81331.05;-99.79
81333.98;-99.95
81336.91;-100.34
81339.84;-100.34
81342.77;-100.34
81345.70;-100.19
81348.63;-100.03
81351.56;-100.19
81354.49;-100.19
81357.42;-100.26
81360.35;-100.26
81363.28;-100.19
81366.21;-100.34
81369.14;-100.34
81372.07;-100.26
81375.00;-100.19
81377.93;-100.19
81380.86;-99.87
81383.79;-99.64
81386.72;-99.95
81389.65;-99.95
81392.58;-100.19
81395.51;-100.19
81398.44;-100.26
81401.37;-100.19
81404.30;-99.95
81407.23;-99.87
81410.16;-100.19
81413.09;-100.34
81416.02;-99.87
81418.95;-99.95
81421.88;-100.26
81424.80;-100.19
81427.73;-100.11
81430.66;-100.03
81433.59;-99.95
81436.52;-100.11
81439.45;-100.11
81442.38;-100.19
81445.31;-100.11
81448.24;-100.26
81451.17;-100.50
81454.10;-100.50
81457.03;-100.34
81459.96;-100.19
81462.89;-100.34
81465.82;-100.26
81468.75;-99.79
81471.68;-100.03
81474.61;-100.34
81477.54;-100.19
81480.47;-99.95
81483.40;-100.19
81486.33;-100.42
81489.26;-100.50
81492.19;-100.11
81495.12;-100.34
81498.05;-100.26
81500.98;-100.34
81503.91;-100.34
81506.84;-100.19
81509.77;-100.19
81512.70;-100.42
81515.63;-100.34
81518.55;-100.11
81521.48;-100.03
81524.41;-99.95
81527.34;-100.03
81530.27;-100.26
81533.20;-100.26
81536.13;-100.26
81539.06;-100.50
81541.99;-100.58
81544.92;-100.42
81547.85;-100.50
81550.78;-100.19
81553.71;-100.03
81556.64;-100.26
81559.57;-100.42
81562.50;-100.42
81565.43;-100.11
81568.36;-100.34
81571.29;-100.50
81574.22;-100.34
81577.15;-100.34
81580.08;-100.42
81583.01;-100.58
81585.94;-100.42
81588.87;-100.19
81591.80;-100.11
81594.73;-100.50
81597.66;-100.34
81600.59;-100.11
81603.52;-100.26
81606.45;-100.26
81609.38;-100.26
81612.30;-100.26
81615.23;-100.11
81618.16;-99.95
81621.09;-100.42
81624.02;-100.58
81626.95;-100.19
81629.88;-100.11
81632.81;-100.34
81635.74;-100.34
81638.67;-100.34
81641.60;-100.11
81644.53;-100.03
81647.46;-100.19
81650.39;-100.26
81653.32;-100.19
81656.25;-100.19
81659.18;-100.11
81662.11;-100.19
81665.04;-100.42
81667.97;-100.34
81670.90;-100.19
81673.83;-100.11
81676.76;-100.03
81679.69;-100.19
81682.62;-100.42
81685.55;-100.50
81688.48;-100.50
81691.41;-100.58
81694.34;-100.34
81697.27;-100.19
81700.20;-100.19
81703.13;-100.19
81706.05;-100.19
81708.98;-100.26
81711.91;-100.26
81714.84;-100.42
81717.77;-100.58
81720.70;-100.58
81723.63;-100.50
81726.56;-100.42
81729.49;-100.19
81732.42;-100.34
81735.35;-100.58
81738.28;-100.34
81741.21;-100.34
81744.14;-100.26
81747.07;-100.19
81750.00;-100.19
81752.93;-100.42
81755.86;-100.42
81758.79;-100.34
81761.72;-100.26
81764.65;-100.34
81767.58;-100.26
81770.51;-100.34
81773.44;-100.11
81776.37;-100.19
81779.30;-100.26
81782.23;-100.34
81785.16;-100.34
81788.09;-100.26
81791.02;-100.26
81793.95;-100.34
81796.88;-100.26
81799.80;-100.26
81802.73;-100.34
81805.66;-100.50
81808.59;-100.19
81811.52;-100.26
81814.45;-100.26
81817.38;-100.11
81820.31;-100.19
81823.24;-100.42
81826.17;-100.19
81829.10;-100.11
81832.03;-100.03
81834.96;-99.79
81837.89;-99.95
81840.82;-100.26
81843.75;-100.11
81846.68;-100.19
81849.61;-100.34
81852.54;-100.19
81855.47;-100.19
81858.40;-100.34
81861.33;-100.26
81864.26;-100.34
81867.19;-100.26
81870.12;-100.34
81873.05;-100.42
81875.98;-100.58
81878.91;-100.34
81881.84;-100.19
81884.77;-100.26
81887.70;-100.50
81890.63;-100.42
81893.55;-100.50
81896.48;-100.42
81899.41;-100.34
81902.34;-100.26
81905.27;-100.34
81908.20;-100.11
81911.13;-100.03
81914.06;-100.26
81916.99;-100.19
81919.92;-100.26
81922.85;-100.26
81925.78;-100.26
81928.71;-100.26
81931.64;-100.26
81934.57;-100.11
81937.50;-100.03
81940.43;-99.95
81943.36;-100.03
81946.29;-100.11
81949.22;-100.03
81952.15;-100.19
81955.08;-100.26
81958.01;-100.34
81960.94;-99.95
81963.87;-100.26
81966.80;-100.50
81969.73;-100.58
81972.66;-99.95
81975.59;-99.72
81978.52;-99.79
81981.45;-100.42
81984.38;-100.58
81987.30;-100.42
81990.23;-100.34
81993.16;-100.34
81996.09;-100.42
81999.02;-100.34
82001.95;-100.26
82004.88;-100.34
82007.81;-100.19
82010.74;-100.34
82013.67;-100.26
82016.60;-100.26
82019.53;-100.19
82022.46;-100.26
82025.39;-99.95
82028.32;-100.26
82031.25;-100.42
82034.18;-100.19
82037.11;-100.03
82040.04;-100.03
82042.97;-100.03
82045.90;-100.34
82048.83;-100.50
82051.76;-100.26
82054.69;-100.11
82057.62;-100.19
82060.55;-99.87
82063.48;-99.95
82066.41;-100.11
82069.34;-100.34
82072.27;-100.11
82075.20;-99.95
82078.13;-100.26
82081.05;-100.11
82083.98;-100.19
82086.91;-99.95
82089.84;-99.79
82092.77;-100.26
82095.70;-100.11
82098.63;-100.11
82101.56;-100.42
82104.49;-100.50
82107.42;-100.42
82110.35;-100.11
82113.28;-100.42
82116.21;-100.11
82119.14;-99.87
82122.07;-100.11
82125.00;-100.03
82127.93;-99.95
82130.86;-100.26
82133.79;-100.58
82136.72;-100.34
82139.65;-99.95
82142.58;-100.11
82145.51;-100.19
82148.44;-100.19
82151.37;-100.11
82154.30;-100.34
82157.23;-100.34
82160.16;-100.26
82163.09;-100.03
82166.02;-100.03
82168.95;-100.26
82171.88;-100.34
82174.80;-100.42
82177.73;-100.26
82180.66;-100.42
82183.59;-100.42
82186.52;-100.42
82189.45;-100.34
82192.38;-100.34
82195.31;-100.34
82198.24;-100.26
82201.17;-100.34
82204.10;-100.26
82207.03;-100.19
82209.96;-100.34
82212.89;-100.58
82215.82;-100.50
82218.75;-100.26
82221.68;-100.58
82224.61;-100.34
82227.54;-100.50
82230.47;-100.50
82233.40;-100.19
82236.33;-100.03
82239.26;-100.11
82242.19;-100.26
82245.12;-100.34
82248.05;-100.42
82250.98;-100.42
82253.91;-100.34
82256.84;-100.26
82259.77;-100.42
82262.70;-100.19
82265.63;-100.19
82268.55;-100.42
82271.48;-100.34
82274.41;-100.34
82277.34;-100.26
82280.27;-100.50
82283.20;-100.58
82286.13;-100.34
82289.06;-100.11
82291.99;-100.34
82294.92;-100.26
82297.85;-100.26
82300.78;-100.34
82303.71;-100.26
82306.64;-100.26
82309.57;-100.19
82312.50;-100.03
82315.43;-100.11
82318.36;-100.26
82321.29;-100.34
82324.22;-100.26
82327.15;-100.19
82330.08;-100.34
82333.01;-100.19
82335.94;-100.19
82338.87;-100.26
82341.80;-100.19
82344.73;-100.26
82347.66;-100.50
82350.59;-100.26
82353.52;-100.34
82356.45;-100.26
82359.38;-100.26
82362.30;-100.19
82365.23;-100.11
82368.16;-100.19
82371.09;-100.11
82374.02;-100.34
82376.95;-100.11
82379.88;-100.19
82382.81;-100.42
82385.74;-100.42
82388.67;-100.11
82391.60;-100.19
82394.53;-100.11
82397.46;-100.42
82400.39;-100.26
82403.32;-100.03
82406.25;-100.19
82409.18;-100.26
82412.11;-100.42
82415.04;-100.42
82417.97;-100.26
82420.90;-100.19
82423.83;-100.19
82426.76;-100.03
82429.69;-100.26
82432.62;-100.26
82435.55;-100.34
82438.48;-100.19
82441.41;-100.42
82444.34;-100.50
82447.27;-100.19
82450.20;-100.42
82453.13;-100.26
82456.05;-100.34
82458.98;-100.34
82461.91;-100.34
82464.84;-100.26
82467.77;-100.50
82470.70;-100.58
82473.63;-100.26
82476.56;-100.03
82479.49;-100.03
82482.42;-100.03
82485.35;-100.19
82488.28;-100.34
82491.21;-100.19
82494.14;-99.95
82497.07;-100.34
82500.00;-100.42
82502.93;-100.42
82505.86;-100.19
82508.79;-100.11
82511.72;-100.03
82514.65;-100.19
82517.58;-100.42
82520.51;-100.19
82523.44;-100.03
82526.37;-99.79
82529.30;-100.03
82532.23;-100.50
82535.16;-100.50
82538.09;-100.58
82541.02;-100.42
82543.95;-100.26
82546.88;-100.42
82549.80;-100.42
82552.73;-100.26
82555.66;-100.34
82558.59;-100.50
82561.52;-100.34
82564.45;-100.50
82567.38;-100.58
82570.31;-100.42
82573.24;-100.11
82576.17;-100.11
82579.10;-100.26
82582.03;-100.42
82584.96;-100.19
82587.89;-100.03
82590.82;-100.26
82593.75;-100.34
82596.68;-100.26
82599.61;-100.42
82602.54;-100.34
82605.47;-100.34
82608.40;-100.42
82611.33;-100.42
82614.26;-100.42
82617.19;-100.34
82620.12;-100.19
82623.05;-100.26
82625.98;-100.26
82628.91;-100.34
82631.84;-100.42
82634.77;-100.26
82637.70;-100.26
82640.63;-100.26
82643.55;-100.34
82646.48;-100.42
82649.41;-100.26
82652.34;-100.42
82655.27;-100.50
82658.20;-100.42
82661.13;-100.42
82664.06;-100.26
82666.99;-100.19
82669.92;-100.19
82672.85;-100.50
82675.78;-100.65
82678.71;-100.26
82681.64;-100.19
82684.57;-100.11
82687.50;-100.03
82690.43;-100.03
82693.36;-100.34
82696.29;-100.58
82699.22;-100.42
82702.15;-100.42
82705.08;-100.34
82708.01;-100.19
82710.94;-100.19
82713.87;-100.11
82716.80;-100.11
82719.73;-100.03
82722.66;-100.03
82725.59;-100.42
82728.52;-100.65
82731.45;-100.42
82734.38;-100.26
82737.30;-100.26
82740.23;-100.42
82743.16;-100.34
82746.09;-100.19
82749.02;-100.26
82751.95;-100.26
82754.88;-100.34
82757.81;-100.42
82760.74;-100.26
82763.67;-100.42
82766.60;-100.58
82769.53;-100.34
82772.46;-100.03
82775.39;-100.19
82778.32;-100.26
82781.25;-100.34
82784.18;-100.42
82787.11;-100.42
82790.04;-100.50
82792.97;-100.42
82795.90;-100.50
82798.83;-100.42
82801.76;-100.34
82804.69;-100.50
82807.62;-100.58
82810.55;-100.42
82813.48;-100.26
82816.41;-100.19
82819.34;-100.34
82822.27;-100.34
82825.20;-100.34
82828.13;-100.19
82831.05;-100.19
82833.98;-100.50
82836.91;-100.73
82839.84;-100.42
82842.77;-100.58
82845.70;-100.50
82848.63;-100.26
82851.56;-100.58
82854.49;-100.65
82857.42;-100.26
82860.35;-100.19
82863.28;-100.11
82866.21;-100.26
82869.14;-100.34
82872.07;-100.50
82875.00;-100.03
82877.93;-100.03
82880.86;-100.19
82883.79;-100.34
82886.72;-100.34
82889.65;-100.11
82892.58;-100.42
82895.51;-100.34
82898.44;-100.19
82901.37;-100.34
82904.30;-100.42
82907.23;-100.26
82910.16;-100.19
82913.09;-100.19
82916.02;-100.26
82918.95;-100.11
82921.88;-100.19
82924.80;-100.42
82927.73;-100.19
82930.66;-100.42
82933.59;-100.42
82936.52;-100.42
82939.45;-100.34
82942.38;-100.73
82945.31;-100.65
82948.24;-100.42
82951.17;-100.34
82954.10;-100.11
82957.03;-100.03
82959.96;-100.26
82962.89;-100.42
82965.82;-100.34
82968.75;-100.42
82971.68;-100.50
82974.61;-100.26
82977.54;-100.34
82980.47;-100.50
82983.40;-100.42
82986.33;-100.26
82989.26;-100.34
82992.19;-100.42
82995.12;-100.50
82998.05;-100.42
83000.98;-100.50
83003.91;-100.50
83006.84;-100.42
83009.77;-100.34
83012.70;-100.19
83015.63;-100.19
83018.55;-100.42
83021.48;-100.42
83024.41;-100.26
83027.34;-100.26
83030.27;-100.34
83033.20;-100.34
83036.13;-100.19
83039.06;-100.11
83041.99;-100.42
83044.92;-100.34
83047.85;-100.03
83050.78;-99.95
83053.71;-100.19
83056.64;-100.26
83059.57;-100.26
83062.50;-100.03
83065.43;-100.03
83068.36;-100.19
83071.29;-100.19
83074.22;-100.11
83077.15;-100.26
83080.08;-100.19
83083.01;-100.19
83085.94;-100.11
83088.87;-100.26
83091.80;-100.50
83094.73;-100.19
83097.66;-100.11
83100.59;-100.19
83103.52;-100.34
83106.45;-100.19
83109.38;-100.11
83112.30;-100.50
83115.23;-100.58
83118.16;-100.50
83121.09;-100.50
83124.02;-100.26
83126.95;-100.19
83129.88;-100.19
83132.81;-100.26
83135.74;-100.50
83138.67;-100.42
83141.60;-100.19
83144.53;-100.19
83147.46;-99.95
83150.39;-100.26
83153.32;-100.73
83156.25;-100.65
83159.18;-100.26
83162.11;-100.34
83165.04;-100.03
83167.97;-99.95
83170.90;-100.34
83173.83;-99.95
83176.76;-100.19
83179.69;-100.26
83182.62;-100.26
83185.55;-100.42
83188.48;-100.34
83191.41;-100.11
83194.34;-100.26
83197.27;-100.42
83200.20;-100.42
83203.13;-100.26
83206.05;-100.34
83208.98;-100.34
83211.91;-100.11
83214.84;-100.11
83217.77;-100.26
83220.70;-100.11
83223.63;-100.03
83226.56;-100.34
83229.49;-100.42
83232.42;-100.19
83235.35;-100.19
83238.28;-100.11
83241.21;-100.03
83244.14;-100.19
83247.07;-100.11
83250.00;-100.34
83252.93;-100.34
83255.86;-99.95
83258.79;-100.19
83261.72;-100.26
83264.65;-100.34
83267.58;-100.19
83270.51;-100.34
83273.44;-100.19
83276.37;-100.19
83279.30;-100.42
83282.23;-100.19
83285.16;-100.42
83288.09;-100.50
83291.02;-100.19
83293.95;-100.11
83296.88;-100.42
83299.80;-100.50
83302.73;-100.26
83305.66;-100.19
83308.59;-100.19
83311.52;-100.26
83314.45;-100.42
83317.38;-100.34
83320.31;-100.11
83323.24;-100.11
83326.17;-100.26
83329.10;-100.26
83332.03;-100.42
83334.96;-100.11
83337.89;-100.11
83340.82;-100.03
83343.75;-100.11
83346.68;-100.19
83349.61;-100.19
83352.54;-100.19
83355.47;-100.19
83358.40;-100.19
83361.33;-100.42
83364.26;-100.34
83367.19;-100.34
83370.12;-100.34
83373.05;-100.42
83375.98;-100.26
83378.91;-100.19
83381.84;-100.26
83384.77;-100.34
83387.70;-100.26
83390.63;-100.19
83393.55;-100.26
83396.48;-100.34
83399.41;-100.19
83402.34;-100.50
83405.27;-100.50
83408.20;-100.42
83411.13;-100.34
83414.06;-100.26
83416.99;-100.19
83419.92;-100.26
83422.85;-100.50
83425.78;-100.26
83428.71;-100.11
83431.64;-100.42
83434.57;-100.50
83437.50;-100.19
83440.43;-100.19
83443.36;-100.50
83446.29;-100.19
83449.22;-100.34
83452.15;-100.42
83455.08;-100.34
83458.01;-100.19
83460.94;-100.34
83463.87;-100.11
83466.80;-100.11
83469.73;-100.26
83472.66;-100.34
83475.59;-100.11
83478.52;-100.34
83481.45;-100.50
83484.38;-100.34
83487.30;-100.58
83490.23;-100.58
83493.16;-100.34
83496.09;-100.11
83499.02;-100.34
83501.95;-100.26
83504.88;-100.42
83507.81;-100.11
83510.74;-99.95
83513.67;-100.11
83516.60;-99.95
83519.53;-100.11
83522.46;-100.19
83525.39;-100.34
83528.32;-100.11
83531.25;-100.19
83534.18;-100.26
83537.11;-100.19
83540.04;-100.34
83542.97;-100.42
83545.90;-100.50
83548.83;-100.26
83551.76;-100.26
83554.69;-100.42
83557.62;-100.50
83560.55;-100.50
83563.48;-100.58
83566.41;-100.34
83569.34;-100.03
83572.27;-100.03
83575.20;-100.26
83578.13;-100.58
83581.05;-100.58
83583.98;-100.42
83586.91;-100.26
83589.84;-100.50
83592.77;-100.19
83595.70;-100.34
83598.63;-100.42
83601.56;-100.34
83604.49;-100.11
83607.42;-100.34
83610.35;-100.50
83613.28;-100.19
83616.21;-100.03
83619.14;-100.11
83622.07;-100.42
83625.00;-100.50
83627.93;-100.34
83630.86;-100.34
83633.79;-100.34
83636.72;-100.50
83639.65;-100.11
83642.58;-99.95
83645.51;-100.50
83648.44;-100.65
83651.37;-100.42
83654.30;-100.42
83657.23;-100.34
83660.16;-100.11
83663.09;-100.34
83666.02;-100.11
83668.95;-100.34
83671.88;-100.26
83674.80;-100.19
83677.73;-100.26
83680.66;-100.26
83683.59;-100.26
83686.52;-100.58
83689.45;-100.42
83692.38;-100.11
83695.31;-100.11
83698.24;-100.11
83701.17;-100.11
83704.10;-100.34
83707.03;-100.34
83709.96;-100.34
83712.89;-100.42
83715.82;-100.50
83718.75;-100.50
83721.68;-100.42
83724.61;-100.26
83727.54;-100.26
83730.47;-100.26
83733.40;-100.03
83736.33;-100.26
83739.26;-100.34
83742.19;-100.19
83745.12;-100.11
83748.05;-100.34
83750.98;-100.65
83753.91;-100.34
83756.84;-100.58
83759.77;-100.65
83762.70;-100.26
83765.63;-100.34
83768.55;-100.26
83771.48;-100.11
83774.41;-99.95
83777.34;-100.19
83780.27;-100.19
83783.20;-100.26
83786.13;-100.26
83789.06;-100.42
83791.99;-100.34
83794.92;-100.65
83797.85;-100.58
83800.78;-100.26
83803.71;-100.34
83806.64;-100.26
83809.57;-100.19
83812.50;-100.26
83815.43;-100.19
83818.36;-99.95
83821.29;-100.26
83824.22;-100.42
83827.15;-100.34
83830.08;-100.26
83833.01;-100.50
83835.94;-100.50
83838.87;-100.42
83841.80;-100.34
83844.73;-99.87
83847.66;-100.19
83850.59;-100.34
83853.52;-100.42
83856.45;-100.42
83859.38;-100.58
83862.30;-100.50
83865.23;-100.34
83868.16;-100.26
83871.09;-100.42
83874.02;-100.34
83876.95;-100.42
83879.88;-100.34
83882.81;-100.34
83885.74;-100.26
83888.67;-100.34
83891.60;-100.50
83894.53;-100.34
83897.46;-100.11
83900.39;-100.42
83903.32;-100.50
83906.25;-100.26
83909.18;-100.26
83912.11;-100.03
83915.04;-100.03
83917.97;-100.11
83920.90;-100.19
83923.83;-100.42
83926.76;-100.26
83929.69;-100.11
83932.62;-100.42
83935.55;-100.34
83938.48;-100.34
83941.41;-100.19
83944.34;-100.19
83947.27;-100.19
83950.20;-100.58
83953.13;-100.34
83956.05;-100.34
83958.98;-100.03
83961.91;-99.95
83964.84;-100.11
83967.77;-100.42
83970.70;-100.34
83973.63;-100.26
83976.56;-100.42
83979.49;-100.26
83982.42;-100.34
83985.35;-100.42
83988.28;-100.50
83991.21;-100.42
83994.14;-100.11
83997.07;-100.26
84000.00;-100.19
84002.93;-100.11
84005.86;-99.95
84008.79;-100.11
84011.72;-100.11
84014.65;-100.42
84017.58;-100.42
84020.51;-100.42
84023.44;-100.42
84026.37;-100.26
84029.30;-100.11
84032.23;-100.26
84035.16;-100.34
84038.09;-100.50
84041.02;-100.34
84043.95;-100.34
84046.88;-100.11
84049.80;-99.95
84052.73;-100.03
84055.66;-100.26
84058.59;-100.19
84061.52;-100.11
84064.45;-100.34
84067.38;-100.42
84070.31;-100.50
84073.24;-100.65
84076.17;-100.50
84079.10;-100.26
84082.03;-100.42
84084.96;-100.26
84087.89;-100.26
84090.82;-100.26
84093.75;-100.26
84096.68;-100.34
84099.61;-100.26
84102.54;-100.50
84105.47;-100.34
84108.40;-100.19
84111.33;-100.58
84114.26;-100.73
84117.19;-100.50
84120.12;-100.42
84123.05;-100.19
84125.98;-100.19
84128.91;-100.42
84131.84;-100.50
84134.77;-100.42
84137.70;-100.34
84140.63;-100.03
84143.55;-100.11
84146.48;-100.26
84149.41;-100.50
84152.34;-100.26
84155.27;-100.50
84158.20;-100.50
84161.13;-100.26
84164.06;-100.11
84166.99;-100.19
84169.92;-100.34
84172.85;-100.58
84175.78;-100.65
84178.71;-100.50
84181.64;-100.42
84184.57;-100.42
84187.50;-100.58
84190.43;-100.42
84193.36;-100.26
84196.29;-100.42
84199.22;-100.34
84202.15;-100.58
84205.08;-100.34
84208.01;-100.26
84210.94;-100.26
84213.87;-100.19
84216.80;-100.19
84219.73;-100.19
84222.66;-100.19
84225.59;-100.11
84228.52;-100.26
84231.45;-100.03
84234.38;-100.03
84237.30;-100.19
84240.23;-100.42
84243.16;-100.42
84246.09;-100.26
84249.02;-99.95
84251.95;-100.11
84254.88;-100.19
84257.81;-100.11
84260.74;-100.26
84263.67;-100.50
84266.60;-100.42
84269.53;-100.42
84272.46;-100.26
84275.39;-100.26
84278.32;-100.11
84281.25;-100.03
84284.18;-100.34
84287.11;-100.42
84290.04;-100.65
84292.97;-100.58
84295.90;-100.26
84298.83;-100.26
84301.76;-100.34
84304.69;-100.34
84307.62;-100.50
84310.55;-100.58
84313.48;-100.42
84316.41;-100.11
84319.34;-100.34
84322.27;-100.34
84325.20;-100.11
84328.13;-99.87
84331.05;-100.19
84333.98;-100.26
84336.91;-100.19
84339.84;-100.19
84342.77;-100.34
84345.70;-100.19
84348.63;-100.11
84351.56;-100.26
84354.49;-100.11
84357.42;-100.42
84360.35;-100.19
84363.28;-100.26
84366.21;-100.34
84369.14;-100.26
84372.07;-100.26
84375.00;-100.26
84377.93;-100.34
84380.86;-100.19
84383.79;-100.26
84386.72;-100.34
84389.65;-100.42
84392.58;-100.34
84395.51;-100.42
84398.44;-100.26
84401.37;-100.34
84404.30;-100.50
84407.23;-100.42
84410.16;-100.42
84413.09;-100.26
84416.02;-100.26
84418.95;-100.58
84421.88;-100.65
84424.80;-100.26
84427.73;-100.19
84430.66;-100.34
84433.59;-100.34
84436.52;-100.34
84439.45;-100.50
84442.38;-100.50
84445.31;-100.11
84448.24;-100.26
84451.17;-100.19
84454.10;-100.19
84457.03;-100.19
84459.96;-100.11
84462.89;-100.34
84465.82;-100.73
84468.75;-100.65
84471.68;-100.19
84474.61;-100.11
84477.54;-100.19
84480.47;-100.19
84483.40;-100.42
84486.33;-100.65
84489.26;-100.19
84492.19;-100.19
84495.12;-100.26
84498.05;-100.26
84500.98;-100.26
84503.91;-100.19
84506.84;-100.26
84509.77;-100.34
84512.70;-100.19
84515.63;-100.11
84518.55;-100.19
84521.48;-100.03
84524.41;-100.42
84527.34;-100.42
84530.27;-100.26
84533.20;-100.26
84536.13;-100.26
84539.06;-100.34
84541.99;-100.26
84544.92;-100.58
84547.85;-100.58
84550.78;-100.34
84553.71;-100.50
84556.64;-100.50
84559.57;-100.19
84562.50;-100.34
84565.43;-100.42
84568.36;-100.42
84571.29;-100.65
84574.22;-100.34
84577.15;-99.95
84580.08;-100.50
84583.01;-100.19
84585.94;-100.42
84588.87;-100.42
84591.80;-100.34
84594.73;-100.42
84597.66;-100.19
84600.59;-100.19
84603.52;-100.26
84606.45;-100.50
84609.38;-100.50
84612.30;-100.34
84615.23;-100.11
84618.16;-100.19
84621.09;-100.03
84624.02;-100.19
84626.95;-100.34
84629.88;-100.26
84632.81;-100.50
84635.74;-100.58
84638.67;-100.58
84641.60;-100.65
84644.53;-100.58
84647.46;-100.42
84650.39;-100.58
84653.32;-100.58
84656.25;-100.50
84659.18;-100.34
84662.11;-100.26
84665.04;-100.19
84667.97;-100.03
84670.90;-100.19
84673.83;-100.19
84676.76;-100.34
84679.69;-100.11
84682.62;-100.19
84685.55;-100.03
84688.48;-100.03
84691.41;-100.34
84694.34;-100.50
84697.27;-100.34
84700.20;-100.42
84703.13;-100.50
84706.05;-100.26
84708.98;-100.03
84711.91;-100.26
84714.84;-100.50
84717.77;-100.34
84720.70;-100.34
84723.63;-100.26
84726.56;-100.03
84729.49;-100.42
84732.42;-100.81
84735.35;-100.65
84738.28;-100.42
84741.21;-100.42
84744.14;-100.26
84747.07;-100.34
84750.00;-100.42
84752.93;-100.42
84755.86;-100.58
84758.79;-100.73
84761.72;-100.65
84764.65;-100.58
84767.58;-100.50
84770.51;-100.42
84773.44;-100.03
84776.37;-99.87
84779.30;-100.26
84782.23;-100.26
84785.16;-100.26
84788.09;-100.26
84791.02;-100.42
84793.95;-100.42
84796.88;-100.50
84799.80;-100.58
84802.73;-100.65
84805.66;-100.26
84808.59;-100.11
84811.52;-100.19
84814.45;-100.42
84817.38;-100.26
84820.31;-100.34
84823.24;-100.26
84826.17;-100.03
84829.10;-99.95
84832.03;-100.26
84834.96;-100.42
84837.89;-100.34
84840.82;-100.26
84843.75;-100.03
84846.68;-100.26
84849.61;-100.42
84852.54;-100.34
84855.47;-100.26
84858.40;-100.26
84861.33;-100.19
84864.26;-100.50
84867.19;-100.58
84870.12;-100.42
84873.05;-100.58
84875.98;-100.58
84878.91;-100.34
84881.84;-100.42
84884.77;-100.34
84887.70;-100.42
84890.63;-100.42
84893.55;-100.50
84896.48;-100.50
84899.41;-100.34
84902.34;-100.34
84905.27;-100.34
84908.20;-100.11
84911.13;-100.03
84914.06;-100.19
84916.99;-100.19
84919.92;-100.03
84922.85;-100.19
84925.78;-100.34
84928.71;-100.26
84931.64;-100.34
84934.57;-100.26
84937.50;-100.50
84940.43;-100.34
84943.36;-100.50
84946.29;-100.42
84949.22;-100.26
84952.15;-100.50
84955.08;-100.58
84958.01;-100.50
84960.94;-100.42
84963.87;-100.34
84966.80;-100.42
84969.73;-100.34
84972.66;-100.34
84975.59;-100.50
84978.52;-100.42
84981.45;-100.19
84984.38;-100.11
84987.30;-100.50
84990.23;-100.34
84993.16;-100.34
84996.09;-100.42
84999.02;-100.34
85001.95;-100.26
85004.88;-100.42
85007.81;-100.19
85010.74;-100.03
85013.67;-100.42
85016.60;-100.42
85019.53;-100.50
85022.46;-100.42
85025.39;-100.26
85028.32;-100.42
85031.25;-100.50
85034.18;-100.58
85037.11;-100.34
85040.04;-100.11
85042.97;-100.26
85045.90;-100.26
85048.83;-100.03
85051.76;-100.26
85054.69;-100.50
85057.62;-100.26
85060.55;-100.26
85063.48;-100.42
85066.41;-100.50
85069.34;-100.73
85072.27;-100.50
85075.20;-100.03
85078.13;-100.11
85081.05;-100.19
85083.98;-100.34
85086.91;-100.26
85089.84;-100.11
85092.77;-100.19
85095.70;-100.50
85098.63;-100.50
85101.56;-100.11
85104.49;-100.34
85107.42;-100.19
85110.35;-100.11
85113.28;-100.26
85116.21;-100.42
85119.14;-100.42
85122.07;-100.42
85125.00;-100.34
85127.93;-100.26
85130.86;-100.26
85133.79;-100.50
85136.72;-100.42
85139.65;-100.26
85142.58;-100.34
85145.51;-100.42
85148.44;-100.50
85151.37;-100.34
85154.30;-100.42
85157.23;-100.58
85160.16;-100.34
85163.09;-100.19
85166.02;-100.03
85168.95;-100.42
85171.88;-100.34
85174.80;-100.50
85177.73;-100.50
85180.66;-100.34
85183.59;-100.34
85186.52;-100.34
85189.45;-100.42
85192.38;-100.42
85195.31;-100.65
85198.24;-100.50
85201.17;-100.26
85204.10;-100.19
85207.03;-100.34
85209.96;-100.50
85212.89;-100.58
85215.82;-100.26
85218.75;-100.34
85221.68;-100.65
85224.61;-100.73
85227.54;-100.50
85230.47;-100.73
85233.40;-100.73
85236.33;-100.58
85239.26;-100.50
85242.19;-100.58
85245.12;-100.42
85248.05;-100.19
85250.98;-100.26
85253.91;-100.42
85256.84;-100.19
85259.77;-100.03
85262.70;-99.79
85265.63;-100.03
85268.55;-100.26
85271.48;-100.50
85274.41;-100.73
85277.34;-100.50
85280.27;-100.50
85283.20;-100.19
85286.13;-100.19
85289.06;-100.26
85291.99;-100.34
85294.92;-100.58
85297.85;-100.50
85300.78;-100.65
85303.71;-100.42
85306.64;-100.19
85309.57;-100.19
85312.50;-100.19
85315.43;-100.03
85318.36;-100.19
85321.29;-100.19
85324.22;-100.50
85327.15;-100.65
85330.08;-100.50
85333.01;-100.42
85335.94;-100.26
85338.87;-100.19
85341.80;-100.42
85344.73;-100.58
85347.66;-100.50
85350.59;-100.42
85353.52;-100.42
85356.45;-100.42
85359.38;-100.19
85362.30;-100.50
85365.23;-100.73
85368.16;-100.65
85371.09;-100.26
85374.02;-99.87
85376.95;-100.03
85379.88;-100.19
85382.81;-100.11
85385.74;-100.11
85388.67;-100.42
85391.60;-100.34
85394.53;-100.34
85397.46;-100.42
85400.39;-100.65
85403.32;-100.42
85406.25;-100.50
85409.18;-100.65
85412.11;-100.34
85415.04;-100.34
85417.97;-100.50
85420.90;-100.58
85423.83;-100.42
85426.76;-100.58
85429.69;-100.65
85432.62;-100.58
85435.55;-100.50
85438.48;-100.19
85441.41;-100.34
85444.34;-100.26
85447.27;-100.42
85450.20;-100.34
85453.13;-100.19
85456.05;-100.11
85458.98;-100.11
85461.91;-100.42
85464.84;-100.26
85467.77;-100.03
85470.70;-100.34
85473.63;-100.65
85476.56;-100.50
85479.49;-100.11
85482.42;-100.26
85485.35;-100.34
85488.28;-100.34
85491.21;-100.11
85494.14;-100.19
85497.07;-100.26
85500.00;-100.11
85502.93;-99.95
85505.86;-100.34
85508.79;-100.42
85511.72;-100.19
85514.65;-100.34
85517.58;-100.50
85520.51;-100.42
85523.44;-100.11
85526.37;-100.19
85529.30;-100.42
85532.23;-100.42
85535.16;-100.50
85538.09;-100.58
85541.02;-100.34
85543.95;-100.42
85546.88;-100.26
85549.80;-100.11
85552.73;-100.34
85555.66;-100.42
85558.59;-100.19
85561.52;-100.19
85564.45;-100.58
85567.38;-100.73
85570.31;-100.73
85573.24;-100.65
85576.17;-100.65
85579.10;-100.58
85582.03;-100.58
85584.96;-100.34
85587.89;-100.34
85590.82;-100.26
85593.75;-100.34
85596.68;-100.34
85599.61;-100.34
85602.54;-100.19
85605.47;-100.42
85608.40;-100.50
85611.33;-100.34
85614.26;-100.42
85617.19;-100.50
85620.12;-100.42
85623.05;-100.26
85625.98;-100.26
85628.91;-100.26
85631.84;-100.26
85634.77;-100.34
85637.70;-100.58
85640.63;-100.34
85643.55;-100.03
85646.48;-100.34
85649.41;-100.34
85652.34;-100.11
85655.27;-100.26
85658.20;-100.42
85661.13;-100.58
85664.06;-100.42
85666.99;-100.19
85669.92;-100.11
85672.85;-100.11
85675.78;-100.03
85678.71;-100.03
85681.64;-100.34
85684.57;-100.58
85687.50;-100.19
85690.43;-100.11
85693.36;-100.34
85696.29;-100.42
85699.22;-100.34
85702.15;-100.42
85705.08;-100.42
85708.01;-100.50
85710.94;-100.50
85713.87;-100.65
85716.80;-100.89
85719.73;-100.81
85722.66;-100.50
85725.59;-100.26
85728.52;-100.11
85731.45;-100.34
85734.38;-100.50
85737.30;-100.42
85740.23;-100.50
85743.16;-100.42
85746.09;-100.42
85749.02;-100.50
85751.95;-100.58
85754.88;-100.42
85757.81;-100.11
85760.74;-100.26
85763.67;-100.50
85766.60;-100.58
85769.53;-100.58
85772.46;-100.65
85775.39;-100.65
85778.32;-100.50
85781.25;-100.34
85784.18;-100.58
85787.11;-100.50
85790.04;-100.50
85792.97;-100.50
85795.90;-100.50
85798.83;-100.58
85801.76;-100.34
85804.69;-100.26
85807.62;-100.42
85810.55;-100.34
85813.48;-100.26
85816.41;-100.34
85819.34;-100.42
85822.27;-100.42
85825.20;-100.19
85828.13;-100.26
85831.05;-100.34
85833.98;-100.50
85836.91;-100.42
85839.84;-100.34
85842.77;-100.34
85845.70;-100.50
85848.63;-100.58
85851.56;-100.42
85854.49;-100.26
85857.42;-100.50
85860.35;-100.34
85863.28;-100.26
85866.21;-100.50
85869.14;-100.58
85872.07;-100.42
85875.00;-100.50
85877.93;-100.50
85880.86;-100.50
85883.79;-100.26
85886.72;-100.19
85889.65;-100.34
85892.58;-100.42
85895.51;-100.42
85898.44;-100.50
85901.37;-100.50
85904.30;-100.65
85907.23;-100.65
85910.16;-100.50
85913.09;-100.50
85916.02;-100.34
85918.95;-100.42
85921.88;-100.42
85924.80;-100.42
85927.73;-100.42
85930.66;-100.34
85933.59;-100.34
85936.52;-100.26
85939.45;-100.34
85942.38;-100.26
85945.31;-100.50
85948.24;-100.34
85951.17;-100.42
85954.10;-100.50
85957.03;-100.26
85959.96;-100.34
85962.89;-100.26
85965.82;-100.19
85968.75;-100.19
85971.68;-100.34
85974.61;-100.58
85977.54;-100.42
85980.47;-100.58
85983.40;-100.26
85986.33;-99.95
85989.26;-100.11
85992.19;-100.03
85995.12;-100.26
85998.05;-100.34
86000.98;-100.34
86003.91;-100.42
86006.84;-100.58
86009.77;-100.42
86012.70;-100.34
86015.63;-100.34
86018.55;-100.26
86021.48;-100.58
86024.41;-100.50
86027.34;-100.34
86030.27;-100.19
86033.20;-100.58
86036.13;-100.50
86039.06;-100.34
86041.99;-100.11
86044.92;-100.11
86047.85;-100.50
86050.78;-100.50
86053.71;-100.34
86056.64;-100.34
86059.57;-100.65
86062.50;-100.42
86065.43;-100.50
86068.36;-100.19
86071.29;-100.42
86074.22;-100.50
86077.15;-100.50
86080.08;-100.81
86083.01;-100.58
86085.94;-100.26
86088.87;-100.42
86091.80;-100.65
86094.73;-100.65
86097.66;-100.34
86100.59;-100.34
86103.52;-100.34
86106.45;-100.26
86109.38;-100.34
86112.30;-100.34
86115.23;-100.34
86118.16;-100.58
86121.09;-100.42
86124.02;-100.58
86126.95;-100.42
86129.88;-100.34
86132.81;-100.50
86135.74;-100.50
86138.67;-100.42
86141.60;-100.42
86144.53;-100.50
86147.46;-100.58
86150.39;-100.73
86153.32;-100.65
86156.25;-100.73
86159.18;-100.58
86162.11;-100.65
86165.04;-100.58
86167.97;-100.42
86170.90;-100.11
86173.83;-100.19
86176.76;-100.42
86179.69;-100.26
86182.62;-100.42
86185.55;-100.42
86188.48;-100.19
86191.41;-100.11
86194.34;-100.11
86197.27;-100.42
86200.20;-100.42
86203.13;-100.42
86206.05;-100.42
86208.98;-100.50
86211.91;-100.42
86214.84;-100.50
86217.77;-100.65
86220.70;-100.50
86223.63;-100.42
86226.56;-100.34
86229.49;-100.50
86232.42;-100.50
86235.35;-100.42
86238.28;-100.42
86241.21;-100.50
86244.14;-100.19
86247.07;-100.26
86250.00;-100.34
86252.93;-100.42
86255.86;-100.42
86258.79;-100.34
86261.72;-100.26
86264.65;-100.42
86267.58;-100.50
86270.51;-100.42
86273.44;-100.34
86276.37;-100.50
86279.30;-100.50
86282.23;-100.42
86285.16;-100.26
86288.09;-100.50
86291.02;-100.50
86293.95;-100.34
86296.88;-100.34
86299.80;-100.73
86302.73;-100.81
86305.66;-100.42
86308.59;-100.42
86311.52;-100.11
86314.45;-100.19
86317.38;-100.50
86320.31;-100.65
86323.24;-100.34
86326.17;-100.34
86329.10;-100.73
86332.03;-100.73
86334.96;-100.50
86337.89;-100.50
86340.82;-100.50
86343.75;-100.26
86346.68;-100.65
86349.61;-100.50
86352.54;-100.11
86355.47;-100.34
86358.40;-100.34
86361.33;-100.42
86364.26;-100.42
86367.19;-100.42
86370.12;-100.34
86373.05;-100.50
86375.98;-100.19
86378.91;-100.34
86381.84;-100.50
86384.77;-100.34
86387.70;-100.42
86390.63;-100.65
86393.55;-100.42
86396.48;-100.34
86399.41;-100.42
86402.34;-100.26
86405.27;-100.34
86408.20;-100.50
86411.13;-100.58
86414.06;-100.65
86416.99;-100.26
86419.92;-100.34
86422.85;-100.34
86425.78;-100.50
86428.71;-100.34
86431.64;-100.42
86434.57;-100.34
86437.50;-100.34
86440.43;-100.19
86443.36;-100.34
86446.29;-100.50
86449.22;-100.58
86452.15;-100.34
86455.08;-100.34
86458.01;-100.42
86460.94;-100.50
86463.87;-100.42
86466.80;-100.42
86469.73;-100.42
86472.66;-100.42
86475.59;-100.58
86478.52;-100.73
86481.45;-100.65
86484.38;-100.42
86487.30;-100.26
86490.23;-100.19
86493.16;-100.34
86496.09;-100.34
86499.02;-100.19
86501.95;-100.26
86504.88;-100.19
86507.81;-100.58
86510.74;-100.65
86513.67;-100.50
86516.60;-100.26
86519.53;-100.11
86522.46;-100.34
86525.39;-100.42
86528.32;-100.34
86531.25;-100.34
86534.18;-100.58
86537.11;-100.58
86540.04;-100.42
86542.97;-100.42
86545.90;-100.50
86548.83;-100.11
86551.76;-99.87
86554.69;-100.19
86557.62;-100.42
86560.55;-100.26
86563.48;-100.26
86566.41;-100.34
86569.34;-100.50
86572.27;-100.34
86575.20;-100.58
86578.13;-100.65
86581.05;-100.34
86583.98;-100.34
86586.91;-100.42
86589.84;-100.65
86592.77;-100.50
86595.70;-100.26
86598.63;-100.26
86601.56;-100.42
86604.49;-100.50
86607.42;-100.50
86610.35;-100.34
86613.28;-100.19
86616.21;-100.03
86619.14;-100.11
86622.07;-100.34
86625.00;-100.34
86627.93;-100.42
86630.86;-100.58
86633.79;-100.58
86636.72;-100.58
86639.65;-100.34
86642.58;-100.58
86645.51;-100.34
86648.44;-100.34
86651.37;-100.19
86654.30;-100.34
86657.23;-100.34
86660.16;-100.50
86663.09;-100.42
86666.02;-100.42
86668.95;-100.42
86671.88;-100.34
86674.80;-100.50
86677.73;-100.58
86680.66;-100.50
86683.59;-100.34
86686.52;-100.34
86689.45;-100.42
86692.38;-100.19
86695.31;-100.26
86698.24;-100.34
86701.17;-100.26
86704.10;-100.34
86707.03;-100.26
86709.96;-100.58
86712.89;-100.58
86715.82;-100.42
86718.75;-100.34
86721.68;-100.26
86724.61;-100.11
86727.54;-100.11
86730.47;-100.34
86733.40;-100.42
86736.33;-100.58
86739.26;-100.50
86742.19;-100.42
86745.12;-100.50
86748.05;-100.42
86750.98;-100.26
86753.91;-100.58
86756.84;-100.58
86759.77;-100.58
86762.70;-100.58
86765.63;-100.42
86768.55;-100.58
86771.48;-100.73
86774.41;-100.65
86777.34;-100.58
86780.27;-100.26
86783.20;-100.42
86786.13;-100.34
86789.06;-100.03
86791.99;-100.19
86794.92;-100.50
86797.85;-100.50
86800.78;-100.50
86803.71;-100.58
86806.64;-100.34
86809.57;-100.34
86812.50;-100.34
86815.43;-100.65
86818.36;-100.81
86821.29;-100.81
86824.22;-100.50
86827.15;-100.73
86830.08;-100.81
86833.01;-100.42
86835.94;-100.42
86838.87;-100.50
86841.80;-100.58
86844.73;-100.65
86847.66;-100.50
86850.59;-100.58
86853.52;-100.81
86856.45;-100.58
86859.38;-100.58
86862.30;-100.73
86865.23;-100.65
86868.16;-100.34
86871.09;-100.26
86874.02;-100.26
86876.95;-100.34
86879.88;-100.65
86882.81;-100.50
86885.74;-100.50
86888.67;-100.42
86891.60;-100.50
86894.53;-100.19
86897.46;-100.19
86900.39;-100.50
86903.32;-100.50
86906.25;-100.42
86909.18;-100.34
86912.11;-100.50
86915.04;-100.42
86917.97;-100.42
86920.90;-100.42
86923.83;-100.50
86926.76;-100.42
86929.69;-100.73
86932.62;-100.58
86935.55;-100.42
86938.48;-100.65
86941.41;-100.58
86944.34;-100.50
86947.27;-100.26
86950.20;-100.34
86953.13;-100.50
86956.05;-100.42
86958.98;-100.50
86961.91;-100.50
86964.84;-100.50
86967.77;-100.58
86970.70;-100.50
86973.63;-100.42
86976.56;-100.19
86979.49;-100.42
86982.42;-100.26
86985.35;-100.42
86988.28;-100.58
86991.21;-100.26
86994.14;-100.50
86997.07;-100.65
87000.00;-100.81
87002.93;-100.65
87005.86;-100.34
87008.79;-100.34
87011.72;-100.26
87014.65;-100.34
87017.58;-100.34
87020.51;-100.34
87023.44;-100.58
87026.37;-100.73
87029.30;-100.58
87032.23;-100.26
87035.16;-100.42
87038.09;-100.50
87041.02;-100.42
87043.95;-100.42
87046.88;-100.50
87049.80;-100.65
87052.73;-100.97
87055.66;-100.81
87058.59;-100.42
87061.52;-100.26
87064.45;-100.26
87067.38;-100.42
87070.31;-100.58
87073.24;-100.50
87076.17;-100.34
87079.10;-100.26
87082.03;-100.34
87084.96;-100.50
87087.89;-100.42
87090.82;-100.19
87093.75;-100.34
87096.68;-100.26
87099.61;-100.19
87102.54;-100.19
87105.47;-100.19
87108.40;-100.42
87111.33;-100.50
87114.26;-100.19
87117.19;-100.11
87120.12;-100.58
87123.05;-100.73
87125.98;-100.58
87128.91;-100.42
87131.84;-100.50
87134.77;-100.34
87137.70;-100.34
87140.63;-100.26
87143.55;-100.34
87146.48;-100.42
87149.41;-100.26
87152.34;-100.11
87155.27;-100.03
87158.20;-100.19
87161.13;-100.11
87164.06;-100.42
87166.99;-100.42
87169.92;-100.42
87172.85;-100.65
87175.78;-100.73
87178.71;-100.19
87181.64;-100.34
87184.57;-100.89
87187.50;-100.89
87190.43;-100.73
87193.36;-100.81
87196.29;-100.50
87199.22;-100.81
87202.15;-100.50
87205.08;-100.34
87208.01;-100.26
87210.94;-100.34
87213.87;-100.34
87216.80;-100.42
87219.73;-100.19
87222.66;-100.58
87225.59;-100.73
87228.52;-100.58
87231.45;-100.11
87234.38;-100.19
87237.30;-100.42
87240.23;-100.42
87243.16;-100.42
87246.09;-100.42
87249.02;-100.58
87251.95;-100.58
87254.88;-100.73
87257.81;-100.65
87260.74;-100.65
87263.67;-100.42
87266.60;-100.26
87269.53;-100.42
87272.46;-100.42
87275.39;-100.58
87278.32;-100.65
87281.25;-100.97
87284.18;-100.58
87287.11;-100.26
87290.04;-100.34
87292.97;-100.42
87295.90;-100.19
87298.83;-100.34
87301.76;-100.34
87304.69;-100.34
87307.62;-100.34
87310.55;-100.42
87313.48;-100.50
87316.41;-100.42
87319.34;-100.50
87322.27;-100.65
87325.20;-100.50
87328.13;-100.26
87331.05;-100.19
87333.98;-100.26
87336.91;-100.81
87339.84;-100.89
87342.77;-100.50
87345.70;-100.34
87348.63;-100.50
87351.56;-100.65
87354.49;-100.81
87357.42;-100.81
87360.35;-100.65
87363.28;-100.65
87366.21;-100.73
87369.14;-100.34
87372.07;-100.34
87375.00;-100.58
87377.93;-100.50
87380.86;-100.42
87383.79;-100.42
87386.72;-100.65
87389.65;-100.65
87392.58;-100.26
87395.51;-100.34
87398.44;-100.50
87401.37;-100.58
87404.30;-100.58
87407.23;-100.81
87410.16;-100.65
87413.09;-100.42
87416.02;-100.34
87418.95;-100.50
87421.88;-100.19
87424.80;-100.34
87427.73;-100.42
87430.66;-100.50
87433.59;-100.50
87436.52;-100.42
87439.45;-100.58
87442.38;-100.81
87445.31;-100.50
87448.24;-100.58
87451.17;-100.65
87454.10;-100.58
87457.03;-100.65
87459.96;-100.73
87462.89;-100.65
87465.82;-100.58
87468.75;-100.34
87471.68;-100.26
87474.61;-100.58
87477.54;-100.58
87480.47;-100.50
87483.40;-100.50
87486.33;-100.50
87489.26;-100.73
87492.19;-100.65
87495.12;-100.65
87498.05;-100.65
87500.98;-100.50
87503.91;-100.58
87506.84;-100.50
87509.77;-100.34
87512.70;-100.34
87515.63;-100.58
87518.55;-100.89
87521.48;-100.42
87524.41;-100.42
87527.34;-100.58
87530.27;-100.58
87533.20;-100.42
87536.13;-100.50
87539.06;-100.73
87541.99;-100.65
87544.92;-100.65
87547.85;-100.89
87550.78;-100.81
87553.71;-100.58
87556.64;-100.34
87559.57;-100.34
87562.50;-100.42
87565.43;-100.73
87568.36;-100.73
87571.29;-100.65
87574.22;-100.65
87577.15;-100.73
87580.08;-100.50
87583.01;-100.34
87585.94;-100.42
87588.87;-100.50
87591.80;-100.34
87594.73;-100.42
87597.66;-100.65
87600.59;-100.81
87603.52;-100.58
87606.45;-100.89
87609.38;-100.73
87612.30;-100.65
87615.23;-100.89
87618.16;-100.58
87621.09;-100.19
87624.02;-100.50
87626.95;-100.50
87629.88;-100.26
87632.81;-100.26
87635.74;-100.50
87638.67;-100.34
87641.60;-100.42
87644.53;-100.34
87647.46;-100.42
87650.39;-100.42
87653.32;-100.34
87656.25;-100.50
87659.18;-100.58
87662.11;-100.50
87665.04;-100.34
87667.97;-100.42
87670.90;-100.50
87673.83;-100.42
87676.76;-100.26
87679.69;-100.42
87682.62;-100.42
87685.55;-100.58
87688.48;-100.42
87691.41;-100.42
87694.34;-100.50
87697.27;-100.34
87700.20;-100.11
87703.13;-100.11
87706.05;-100.34
87708.98;-100.81
87711.91;-100.50
87714.84;-100.34
87717.77;-100.26
87720.70;-100.65
87723.63;-100.42
87726.56;-100.50
87729.49;-100.50
87732.42;-100.50
87735.35;-100.50
87738.28;-100.42
87741.21;-100.34
87744.14;-100.50
87747.07;-100.34
87750.00;-100.34
87752.93;-100.42
87755.86;-100.73
87758.79;-100.65
87761.72;-100.42
87764.65;-100.19
87767.58;-100.19
87770.51;-100.26
87773.44;-100.34
87776.37;-100.65
87779.30;-100.73
87782.23;-100.50
87785.16;-100.50
87788.09;-100.42
87791.02;-100.58
87793.95;-100.58
87796.88;-100.73
87799.80;-100.81
87802.73;-100.65
87805.66;-100.65
87808.59;-100.58
87811.52;-100.34
87814.45;-100.50
87817.38;-100.65
87820.31;-100.81
87823.24;-100.81
87826.17;-100.73
87829.10;-100.65
87832.03;-100.58
87834.96;-100.58
87837.89;-100.65
87840.82;-100.89
87843.75;-100.89
87846.68;-100.42
87849.61;-100.65
87852.54;-100.42
87855.47;-100.50
87858.40;-100.65
87861.33;-100.65
87864.26;-100.42
87867.19;-100.42
87870.12;-100.42
87873.05;-100.65
87875.98;-100.58
87878.91;-100.58
87881.84;-100.58
87884.77;-100.50
87887.70;-100.34
87890.63;-100.42
87893.55;-100.65
87896.48;-100.26
87899.41;-100.26
87902.34;-100.50
87905.27;-100.73
87908.20;-100.73
87911.13;-100.58
87914.06;-100.58
87916.99;-100.50
87919.92;-100.58
87922.85;-100.73
87925.78;-100.42
87928.71;-100.34
87931.64;-100.42
87934.57;-100.58
87937.50;-100.73
87940.43;-100.65
87943.36;-100.65
87946.29;-100.26
87949.22;-100.34
87952.15;-100.42
87955.08;-100.42
87958.01;-100.50
87960.94;-100.58
87963.87;-100.65
87966.80;-100.50
87969.73;-100.42
87972.66;-100.34
87975.59;-100.50
87978.52;-100.50
87981.45;-100.34
87984.38;-100.42
87987.30;-100.73
87990.23;-100.73
87993.16;-100.42
87996.09;-100.34
87999.02;-100.26
88001.95;-100.19
88004.88;-100.34
88007.81;-100.42
88010.74;-100.19
88013.67;-100.42
88016.60;-100.42
88019.53;-100.34
88022.46;-100.65
88025.39;-100.65
88028.32;-100.50
88031.25;-100.58
88034.18;-100.73
88037.11;-100.58
88040.04;-100.58
88042.97;-100.42
88045.90;-100.50
88048.83;-100.50
88051.76;-100.42
88054.69;-100.73
88057.62;-100.65
88060.55;-100.50
88063.48;-100.34
88066.41;-100.19
88069.34;-100.50
88072.27;-100.58
88075.20;-100.34
88078.13;-100.58
88081.05;-100.73
88083.98;-100.81
88086.91;-100.50
88089.84;-100.50
88092.77;-100.65
88095.70;-100.58
88098.63;-100.42
88101.56;-100.50
88104.49;-100.58
88107.42;-100.58
88110.35;-100.58
88113.28;-100.58
88116.21;-100.34
88119.14;-100.34
88122.07;-100.58
88125.00;-100.34
88127.93;-100.58
88130.86;-100.58
88133.79;-100.50
88136.72;-100.58
88139.65;-100.34
88142.58;-100.34
88145.51;-100.65
88148.44;-100.34
88151.37;-100.50
88154.30;-100.65
88157.23;-100.65
88160.16;-100.58
88163.09;-100.34
88166.02;-100.58
88168.95;-100.65
88171.88;-100.65
88174.80;-100.26
88177.73;-100.26
88180.66;-100.19
88183.59;-100.50
88186.52;-100.50
88189.45;-100.42
88192.38;-100.50
88195.31;-100.50
88198.24;-100.50
88201.17;-100.58
88204.10;-100.50
88207.03;-100.42
88209.96;-100.58
88212.89;-100.73
88215.82;-100.50
88218.75;-100.58
88221.68;-100.42
88224.61;-100.42
88227.54;-100.50
88230.47;-100.50
88233.40;-100.34
88236.33;-100.42
88239.26;-100.34
88242.19;-100.65
88245.12;-100.89
88248.05;-100.73
88250.98;-100.42
88253.91;-100.34
88256.84;-100.73
88259.77;-100.81
88262.70;-100.50
88265.63;-100.58
88268.55;-100.58
88271.48;-100.65
88274.41;-100.73
88277.34;-100.34
88280.27;-100.19
88283.20;-100.26
88286.13;-100.26
88289.06;-100.58
88291.99;-100.50
88294.92;-100.34
88297.85;-100.50
88300.78;-100.73
88303.71;-100.81
88306.64;-100.65
88309.57;-100.58
88312.50;-100.34
88315.43;-100.50
88318.36;-100.65
88321.29;-100.73
88324.22;-100.65
88327.15;-100.19
88330.08;-100.42
88333.01;-100.50
88335.94;-100.50
88338.87;-100.42
88341.80;-100.26
88344.73;-100.50
88347.66;-100.34
88350.59;-100.34
88353.52;-100.42
88356.45;-100.42
88359.38;-100.42
88362.30;-100.73
88365.23;-100.73
88368.16;-100.34
88371.09;-100.34
88374.02;-100.26
88376.95;-100.42
88379.88;-100.81
88382.81;-100.58
88385.74;-100.34
88388.67;-100.65
88391.60;-100.58
88394.53;-100.26
88397.46;-100.34
88400.39;-100.11
88403.32;-100.42
88406.25;-100.50
88409.18;-100.34
88412.11;-100.50
88415.04;-100.42
88417.97;-100.58
88420.90;-100.50
88423.83;-100.34
88426.76;-100.42
88429.69;-100.81
88432.62;-100.73
88435.55;-100.34
88438.48;-100.26
88441.41;-100.34
88444.34;-100.34
88447.27;-100.89
88450.20;-100.81
88453.13;-100.65
88456.05;-100.34
88458.98;-100.42
88461.91;-100.73
88464.84;-100.65
88467.77;-100.50
88470.70;-100.42
88473.63;-100.34
88476.56;-100.73
88479.49;-100.89
88482.42;-100.50
88485.35;-100.34
88488.28;-100.50
88491.21;-100.50
88494.14;-100.34
88497.07;-100.42
88500.00;-100.42
88502.93;-100.19
88505.86;-100.50
88508.79;-100.50
88511.72;-100.58
88514.65;-100.73
88517.58;-100.58
88520.51;-100.73
88523.44;-100.73
88526.37;-100.50
88529.30;-100.65
88532.23;-100.73
88535.16;-100.65
88538.09;-100.58
88541.02;-100.65
88543.95;-100.73
88546.88;-100.58
88549.80;-100.34
88552.73;-100.50
88555.66;-100.58
88558.59;-100.42
88561.52;-100.58
88564.45;-100.42
88567.38;-100.58
88570.31;-100.65
88573.24;-100.42
88576.17;-100.50
88579.10;-100.73
88582.03;-100.65
88584.96;-100.65
88587.89;-100.58
88590.82;-100.42
88593.75;-100.50
88596.68;-100.34
88599.61;-100.34
88602.54;-100.50
88605.47;-100.42
88608.40;-100.65
88611.33;-100.58
88614.26;-100.42
88617.19;-100.50
88620.12;-100.58
88623.05;-100.42
88625.98;-100.58
88628.91;-100.58
88631.84;-100.26
88634.77;-100.50
88637.70;-100.65
88640.63;-100.58
88643.55;-100.58
88646.48;-100.50
88649.41;-100.42
88652.34;-100.58
88655.27;-100.73
88658.20;-100.58
88661.13;-100.42
88664.06;-100.42
88666.99;-100.50
88669.92;-100.58
88672.85;-100.65
88675.78;-100.65
88678.71;-100.58
88681.64;-100.58
88684.57;-100.58
88687.50;-100.81
88690.43;-100.50
88693.36;-100.34
88696.29;-100.58
88699.22;-100.58
88702.15;-100.50
88705.08;-100.65
88708.01;-100.58
88710.94;-100.50
88713.87;-100.34
88716.80;-100.34
88719.73;-100.26
88722.66;-100.26
88725.59;-100.58
88728.52;-100.73
88731.45;-100.73
88734.38;-100.58
88737.30;-100.73
88740.23;-100.58
88743.16;-100.65
88746.09;-100.58
88749.02;-100.50
88751.95;-100.65
88754.88;-100.73
88757.81;-101.05
88760.74;-100.89
88763.67;-100.81
88766.60;-100.65
88769.53;-100.58
88772.46;-100.58
88775.39;-100.34
88778.32;-100.65
88781.25;-100.65
88784.18;-100.65
88787.11;-100.81
88790.04;-100.73
88792.97;-100.81
88795.90;-100.65
88798.83;-100.34
88801.76;-100.42
88804.69;-100.58
88807.62;-100.58
88810.55;-100.50
88813.48;-100.42
88816.41;-100.50
88819.34;-100.50
88822.27;-100.42
88825.20;-100.34
88828.13;-100.50
88831.05;-100.19
88833.98;-100.42
88836.91;-100.73
88839.84;-100.81
88842.77;-100.73
88845.70;-100.65
88848.63;-100.73
88851.56;-100.65
88854.49;-100.58
88857.42;-100.65
88860.35;-100.65
88863.28;-100.73
88866.21;-100.73
88869.14;-100.73
88872.07;-100.81
88875.00;-100.73
88877.93;-100.73
88880.86;-100.58
88883.79;-100.73
88886.72;-100.65
88889.65;-100.58
88892.58;-100.50
88895.51;-100.50
88898.44;-100.42
88901.37;-100.58
88904.30;-100.73
88907.23;-100.58
88910.16;-100.73
88913.09;-100.26
88916.02;-100.50
88918.95;-100.73
88921.88;-100.58
88924.80;-100.50
88927.73;-100.34
88930.66;-100.50
88933.59;-100.42
88936.52;-100.34
88939.45;-100.34
88942.38;-100.50
88945.31;-100.34
88948.24;-100.73
88951.17;-100.89
88954.10;-100.65
88957.03;-100.65
88959.96;-100.50
88962.89;-100.65
88965.82;-100.65
88968.75;-100.58
88971.68;-100.58
88974.61;-100.50
88977.54;-100.34
88980.47;-100.34
88983.40;-100.58
88986.33;-100.42
88989.26;-100.34
88992.19;-100.50
88995.12;-100.50
88998.05;-100.65
89000.98;-100.81
89003.91;-100.81
89006.84;-100.58
89009.77;-100.50
89012.70;-100.42
89015.63;-100.42
89018.55;-100.65
89021.48;-100.50
89024.41;-100.50
89027.34;-100.42
89030.27;-100.50
89033.20;-100.58
89036.13;-100.58
89039.06;-100.50
89041.99;-100.58
89044.92;-100.50
89047.85;-100.58
89050.78;-100.58
89053.71;-100.58
89056.64;-100.42
89059.57;-100.34
89062.50;-100.50
89065.43;-100.42
89068.36;-100.50
89071.29;-100.34
89074.22;-100.50
89077.15;-100.89
89080.08;-100.42
89083.01;-100.34
89085.94;-100.42
89088.87;-100.65
89091.80;-100.34
89094.73;-100.42
89097.66;-100.34
89100.59;-100.26
89103.52;-100.42
89106.45;-100.34
89109.38;-100.26
89112.30;-100.26
89115.23;-100.34
89118.16;-100.42
89121.09;-100.42
89124.02;-100.34
89126.95;-100.50
89129.88;-100.42
89132.81;-100.58
89135.74;-100.58
89138.67;-100.58
89141.60;-100.58
89144.53;-100.73
89147.46;-100.42
89150.39;-100.42
89153.32;-100.34
89156.25;-100.42
89159.18;-100.42
89162.11;-100.65
89165.04;-100.81
89167.97;-100.65
89170.90;-100.34
89173.83;-100.42
89176.76;-100.58
89179.69;-100.42
89182.62;-100.42
89185.55;-100.65
89188.48;-100.81
89191.41;-100.81
89194.34;-100.73
89197.27;-100.73
89200.20;-100.26
89203.13;-100.73
89206.05;-101.05
89208.98;-100.81
89211.91;-100.58
89214.84;-100.50
89217.77;-100.58
89220.70;-100.81
89223.63;-100.73
89226.56;-100.42
89229.49;-100.65
89232.42;-100.42
89235.35;-100.50
89238.28;-100.81
89241.21;-100.50
89244.14;-100.50
89247.07;-100.65
89250.00;-100.65
89252.93;-100.73
89255.86;-100.58
89258.79;-100.42
89261.72;-100.58
89264.65;-100.73
89267.58;-100.81
89270.51;-100.65
89273.44;-100.42
89276.37;-100.26
89279.30;-100.50
89282.23;-100.65
89285.16;-100.65
89288.09;-100.34
89291.02;-100.34
89293.95;-100.58
89296.88;-100.65
89299.80;-100.50
89302.73;-100.34
89305.66;-100.19
89308.59;-100.26
89311.52;-100.42
89314.45;-100.50
89317.38;-100.19
89320.31;-100.65
89323.24;-100.81
89326.17;-100.65
89329.10;-100.42
89332.03;-100.73
89334.96;-100.58
89337.89;-100.58
89340.82;-100.65
89343.75;-100.58
89346.68;-100.65
89349.61;-100.73
89352.54;-100.81
89355.47;-100.81
89358.40;-100.73
89361.33;-100.73
89364.26;-100.50
89367.19;-100.42
89370.12;-100.50
89373.05;-100.65
89375.98;-100.73
89378.91;-100.58
89381.84;-100.34
89384.77;-100.50
89387.70;-100.58
89390.63;-100.58
89393.55;-100.58
89396.48;-100.65
89399.41;-100.58
89402.34;-100.26
89405.27;-100.42
89408.20;-100.58
89411.13;-100.58
89414.06;-100.73
89416.99;-100.81
89419.92;-100.58
89422.85;-100.34
89425.78;-100.42
89428.71;-100.81
89431.64;-100.73
89434.57;-100.73
89437.50;-100.65
89440.43;-100.58
89443.36;-100.58
89446.29;-100.65
89449.22;-100.65
89452.15;-100.81
89455.08;-100.73
89458.01;-100.42
89460.94;-100.73
89463.87;-100.65
89466.80;-100.73
89469.73;-100.65
89472.66;-100.50
89475.59;-100.50
89478.52;-100.65
89481.45;-100.65
89484.38;-100.81
89487.30;-100.65
89490.23;-100.58
89493.16;-100.65
89496.09;-100.81
89499.02;-100.65
89501.95;-100.34
89504.88;-100.34
89507.81;-100.58
89510.74;-100.50
89513.67;-100.58
89516.60;-100.58
89519.53;-100.50
89522.46;-100.50
89525.39;-100.42
89528.32;-100.58
89531.25;-100.65
89534.18;-100.34
89537.11;-100.19
89540.04;-100.50
89542.97;-100.58
89545.90;-100.81
89548.83;-100.58
89551.76;-100.42
89554.69;-100.58
89557.62;-100.97
89560.55;-100.65
89563.48;-100.34
89566.41;-100.19
89569.34;-100.58
89572.27;-100.65
89575.20;-100.50
89578.13;-100.19
89581.05;-100.34
89583.98;-100.42
89586.91;-100.42
89589.84;-100.65
89592.77;-100.42
89595.70;-100.34
89598.63;-100.26
89601.56;-100.42
89604.49;-100.73
89607.42;-101.28
89610.35;-100.81
89613.28;-100.50
89616.21;-100.58
89619.14;-100.50
89622.07;-100.42
89625.00;-100.73
89627.93;-100.81
89630.86;-100.50
89633.79;-100.58
89636.72;-100.81
89639.65;-100.42
89642.58;-100.42
89645.51;-100.58
89648.44;-100.65
89651.37;-100.65
89654.30;-100.34
89657.23;-100.58
89660.16;-100.58
89663.09;-100.65
89666.02;-100.65
89668.95;-100.89
89671.88;-100.81
89674.80;-100.81
89677.73;-100.58
89680.66;-100.42
89683.59;-100.58
89686.52;-100.58
89689.45;-100.50
89692.38;-100.50
89695.31;-100.58
89698.24;-100.58
89701.17;-101.05
89704.10;-100.58
89707.03;-100.26
89709.96;-100.58
89712.89;-100.73
89715.82;-100.34
89718.75;-100.26
89721.68;-100.58
89724.61;-100.42
89727.54;-100.42
89730.47;-100.81
89733.40;-100.73
89736.33;-100.50
89739.26;-100.34
89742.19;-100.34
89745.12;-100.42
89748.05;-100.42
89750.98;-100.65
89753.91;-100.65
89756.84;-100.97
89759.77;-100.73
89762.70;-100.73
89765.63;-100.50
89768.55;-100.34
89771.48;-100.81
89774.41;-100.89
89777.34;-100.65
89780.27;-100.50
89783.20;-100.42
89786.13;-100.34
89789.06;-100.65
89791.99;-100.89
89794.92;-100.97
89797.85;-100.89
89800.78;-100.81
89803.71;-100.73
89806.64;-100.73
89809.57;-100.89
89812.50;-100.89
89815.43;-100.73
89818.36;-100.58
89821.29;-100.65
89824.22;-100.73
89827.15;-100.73
89830.08;-100.73
89833.01;-100.50
89835.94;-100.42
89838.87;-100.58
89841.80;-100.97
89844.73;-100.73
89847.66;-100.58
89850.59;-100.58
89853.52;-100.42
89856.45;-100.58
89859.38;-100.65
89862.30;-100.42
89865.23;-100.42
89868.16;-100.42
89871.09;-100.34
89874.02;-100.34
89876.95;-100.42
89879.88;-100.65
89882.81;-100.65
89885.74;-100.58
89888.67;-100.65
89891.60;-100.65
89894.53;-100.65
89897.46;-100.65
89900.39;-100.73
89903.32;-100.81
89906.25;-100.65
89909.18;-100.58
89912.11;-100.65
89915.04;-100.65
89917.97;-100.42
89920.90;-100.26
89923.83;-100.65
89926.76;-100.81
89929.69;-100.65
89932.62;-100.81
89935.55;-100.50
89938.48;-100.50
89941.41;-100.58
89944.34;-100.65
89947.27;-100.73
89950.20;-100.81
89953.13;-100.73
89956.05;-100.89
89958.98;-100.73
89961.91;-100.42
89964.84;-100.50
89967.77;-100.73
89970.70;-100.89
89973.63;-100.65
89976.56;-100.73
89979.49;-100.89
89982.42;-100.58
89985.35;-100.19
89988.28;-100.42
89991.21;-100.97
89994.14;-100.89
89997.07;-100.58
90000.00;-100.58
90002.93;-100.73
90005.86;-101.05
90008.79;-100.73
90011.72;-100.58
90014.65;-100.42
90017.58;-100.42
90020.51;-100.73
90023.44;-100.65
90026.37;-100.50
90029.30;-100.50
90032.23;-100.58
90035.16;-100.58
90038.09;-100.58
90041.02;-100.50
90043.95;-100.65
90046.88;-100.58
90049.80;-100.42
90052.73;-100.58
90055.66;-100.65
90058.59;-100.65
90061.52;-100.89
90064.45;-100.81
90067.38;-100.97
90070.31;-100.97
90073.24;-100.89
90076.17;-100.81
90079.10;-100.81
90082.03;-100.73
90084.96;-100.50
90087.89;-100.58
90090.82;-100.58
90093.75;-100.58
90096.68;-100.34
90099.61;-100.50
90102.54;-100.89
90105.47;-100.81
90108.40;-100.73
90111.33;-100.73
90114.26;-100.50
90117.19;-100.50
90120.12;-100.58
90123.05;-100.58
90125.98;-100.81
90128.91;-100.65
90131.84;-100.42
90134.77;-100.50
90137.70;-100.65
90140.63;-100.50
90143.55;-100.58
90146.48;-100.65
90149.41;-100.73
90152.34;-100.73
90155.27;-100.50
90158.20;-100.58
90161.13;-100.65
90164.06;-100.65
90166.99;-100.81
90169.92;-100.89
90172.85;-100.89
90175.78;-100.73
90178.71;-100.73
90181.64;-100.65
90184.57;-100.73
90187.50;-100.73
90190.43;-100.50
90193.36;-100.42
90196.29;-100.42
90199.22;-100.50
90202.15;-100.73
90205.08;-100.73
90208.01;-100.73
90210.94;-100.73
90213.87;-100.58
90216.80;-100.81
90219.73;-100.81
90222.66;-100.65
90225.59;-100.73
90228.52;-100.81
90231.45;-100.65
90234.38;-100.65
90237.30;-100.81
90240.23;-100.42
90243.16;-100.73
90246.09;-101.12
90249.02;-100.73
90251.95;-100.73
90254.88;-100.97
90257.81;-100.89
90260.74;-100.73
90263.67;-100.58
90266.60;-100.58
90269.53;-100.65
90272.46;-100.42
90275.39;-100.50
90278.32;-100.50
90281.25;-100.58
90284.18;-100.73
90287.11;-100.73
90290.04;-100.50
90292.97;-100.50
90295.90;-100.42
90298.83;-100.50
90301.76;-100.73
90304.69;-100.65
90307.62;-100.58
90310.55;-100.58
90313.48;-100.73
90316.41;-100.50
90319.34;-100.34
90322.27;-100.34
90325.20;-100.50
90328.13;-100.65
90331.05;-100.81
90333.98;-100.81
90336.91;-100.81
90339.84;-100.50
90342.77;-100.58
90345.70;-100.73
90348.63;-100.89
90351.56;-100.50
90354.49;-100.50
90357.42;-100.58
90360.35;-100.73
90363.28;-100.89
90366.21;-100.73
90369.14;-100.58
90372.07;-100.73
90375.00;-100.58
90377.93;-100.50
90380.86;-100.73
90383.79;-100.73
90386.72;-100.58
90389.65;-100.34
90392.58;-100.58
90395.51;-100.65
90398.44;-100.50
90401.37;-100.58
90404.30;-100.81
90407.23;-100.81
90410.16;-100.81
90413.09;-100.97
90416.02;-100.89
90418.95;-100.97
90421.88;-100.73
90424.80;-100.81
90427.73;-100.73
90430.66;-100.58
90433.59;-100.42
90436.52;-100.26
90439.45;-100.34
90442.38;-100.65
90445.31;-101.05
90448.24;-100.81
90451.17;-100.89
90454.10;-100.65
90457.03;-100.50
90459.96;-100.58
90462.89;-100.19
90465.82;-100.19
90468.75;-100.50
90471.68;-100.65
90474.61;-100.58
90477.54;-100.58
90480.47;-100.34
90483.40;-100.50
90486.33;-100.65
90489.26;-100.58
90492.19;-100.65
90495.12;-100.58
90498.05;-100.26
90500.98;-100.26
90503.91;-100.58
90506.84;-100.26
90509.77;-100.50
90512.70;-100.65
90515.63;-100.65
90518.55;-100.58
90521.48;-100.65
90524.41;-100.89
90527.34;-100.65
90530.27;-100.58
90533.20;-100.50
90536.13;-100.58
90539.06;-100.65
90541.99;-100.50
90544.92;-100.65
90547.85;-100.58
90550.78;-100.65
90553.71;-100.89
90556.64;-100.73
90559.57;-100.65
90562.50;-100.42
90565.43;-100.73
90568.36;-100.89
90571.29;-100.50
90574.22;-100.42
90577.15;-100.58
90580.08;-100.50
90583.01;-100.34
90585.94;-100.58
90588.87;-100.65
90591.80;-100.50
90594.73;-100.50
90597.66;-100.42
90600.59;-100.34
90603.52;-100.26
90606.45;-100.50
90609.38;-100.97
90612.30;-100.89
90615.23;-100.73
90618.16;-100.97
90621.09;-100.81
90624.02;-100.73
90626.95;-100.58
90629.88;-100.50
90632.81;-100.65
90635.74;-100.73
90638.67;-100.65
90641.60;-100.73
90644.53;-100.89
90647.46;-100.81
90650.39;-100.58
90653.32;-100.73
90656.25;-100.81
90659.18;-100.97
90662.11;-100.81
90665.04;-100.73
90667.97;-100.65
90670.90;-100.42
90673.83;-100.58
90676.76;-100.73
90679.69;-100.97
90682.62;-100.58
90685.55;-100.58
90688.48;-100.89
90691.41;-100.89
90694.34;-100.73
90697.27;-100.42
90700.20;-100.65
90703.13;-100.89
90706.05;-100.89
90708.98;-100.58
90711.91;-100.65
90714.84;-100.65
90717.77;-100.50
90720.70;-100.34
90723.63;-100.34
90726.56;-100.50
90729.49;-100.58
90732.42;-100.65
90735.35;-100.50
90738.28;-100.42
90741.21;-100.81
90744.14;-100.50
90747.07;-100.50
90750.00;-100.58
90752.93;-100.58
90755.86;-100.58
90758.79;-100.73
90761.72;-100.50
90764.65;-100.50
90767.58;-100.50
90770.51;-100.73
90773.44;-100.73
90776.37;-100.73
90779.30;-100.50
90782.23;-100.73
90785.16;-100.50
90788.09;-100.89
90791.02;-100.73
90793.95;-100.50
90796.88;-100.50
90799.80;-100.42
90802.73;-100.50
90805.66;-100.58
90808.59;-100.81
90811.52;-100.65
90814.45;-100.73
90817.38;-100.50
90820.31;-100.89
90823.24;-100.89
90826.17;-100.65
90829.10;-100.50
90832.03;-100.73
90834.96;-100.81
90837.89;-100.89
90840.82;-100.81
90843.75;-100.58
90846.68;-100.65
90849.61;-100.58
90852.54;-100.73
90855.47;-100.73
90858.40;-100.73
90861.33;-100.65
90864.26;-100.42
90867.19;-100.50
90870.12;-100.42
90873.05;-100.11
90875.98;-100.34
90878.91;-100.58
90881.84;-100.73
90884.77;-100.65
90887.70;-100.73
90890.63;-100.65
90893.55;-100.73
90896.48;-100.73
90899.41;-100.81
90902.34;-100.73
90905.27;-100.81
90908.20;-100.73
90911.13;-100.50
90914.06;-100.58
90916.99;-100.42
90919.92;-100.58
90922.85;-100.65
90925.78;-100.65
90928.71;-100.58
90931.64;-100.65
90934.57;-100.42
90937.50;-100.65
90940.43;-100.58
90943.36;-100.65
90946.29;-100.73
90949.22;-100.81
90952.15;-100.97
90955.08;-100.89
90958.01;-100.42
90960.94;-100.42
90963.87;-100.50
90966.80;-100.50
90969.73;-100.42
90972.66;-100.58
90975.59;-100.73
90978.52;-100.50
90981.45;-100.58
90984.38;-100.73
90987.30;-100.73
90990.23;-100.81
90993.16;-100.81
90996.09;-100.81
90999.02;-100.81
91001.95;-100.50
91004.88;-100.50
91007.81;-100.65
91010.74;-100.58
91013.67;-100.42
91016.60;-100.34
91019.53;-100.42
91022.46;-100.58
91025.39;-100.58
91028.32;-100.65
91031.25;-100.58
91034.18;-100.58
91037.11;-100.50
91040.04;-100.42
91042.97;-100.65
91045.90;-100.89
91048.83;-100.65
91051.76;-100.50
91054.69;-100.58
91057.62;-100.81
91060.55;-100.58
91063.48;-100.73
91066.41;-100.81
91069.34;-100.65
91072.27;-100.58
91075.20;-100.42
91078.13;-100.42
91081.05;-100.58
91083.98;-101.05
91086.91;-100.81
91089.84;-100.58
91092.77;-100.89
91095.70;-100.73
91098.63;-100.50
91101.56;-100.58
91104.49;-100.58
91107.42;-100.81
91110.35;-100.97
91113.28;-100.65
91116.21;-100.97
91119.14;-100.97
91122.07;-100.81
91125.00;-100.73
91127.93;-100.81
91130.86;-100.89
91133.79;-100.89
91136.72;-100.65
91139.65;-100.81
91142.58;-100.81
91145.51;-100.58
91148.44;-100.50
91151.37;-100.50
91154.30;-100.65
91157.23;-100.42
91160.16;-100.58
91163.09;-100.73
91166.02;-100.73
91168.95;-100.65
91171.88;-100.50
91174.80;-100.65
91177.73;-100.81
91180.66;-100.73
91183.59;-100.81
91186.52;-100.89
91189.45;-100.73
91192.38;-100.65
91195.31;-100.73
91198.24;-100.73
91201.17;-100.73
91204.10;-100.89
91207.03;-100.81
91209.96;-100.97
91212.89;-100.89
91215.82;-100.58
91218.75;-100.42
91221.68;-100.73
91224.61;-100.73
91227.54;-100.65
91230.47;-100.65
91233.40;-100.65
91236.33;-100.97
91239.26;-100.73
91242.19;-100.34
91245.12;-100.26
91248.05;-100.50
91250.98;-100.42
91253.91;-100.50
91256.84;-100.42
91259.77;-100.65
91262.70;-100.65
91265.63;-100.58
91268.55;-100.50
91271.48;-100.81
91274.41;-100.50
91277.34;-100.19
91280.27;-100.65
91283.20;-100.97
91286.13;-100.73
91289.06;-100.73
91291.99;-100.97
91294.92;-100.65
91297.85;-100.81
91300.78;-100.73
91303.71;-100.65
91306.64;-100.58
91309.57;-100.42
91312.50;-100.50
91315.43;-100.58
91318.36;-100.50
91321.29;-100.73
91324.22;-100.81
91327.15;-100.65
91330.08;-100.65
91333.01;-100.50
91335.94;-100.58
91338.87;-100.73
91341.80;-100.58
91344.73;-100.58
91347.66;-100.65
91350.59;-100.58
91353.52;-100.65
91356.45;-100.73
91359.38;-100.81
91362.30;-100.81
91365.23;-100.81
91368.16;-100.81
91371.09;-100.97
91374.02;-100.81
91376.95;-100.50
91379.88;-100.50
91382.81;-100.42
91385.74;-100.65
91388.67;-100.73
91391.60;-100.73
91394.53;-100.81
91397.46;-100.34
91400.39;-100.50
91403.32;-100.73
91406.25;-100.73
91409.18;-100.89
91412.11;-100.81
91415.04;-100.50
91417.97;-100.65
91420.90;-100.81
91423.83;-100.81
91426.76;-100.58
91429.69;-100.50
91432.62;-100.65
91435.55;-100.73
91438.48;-100.73
91441.41;-100.65
91444.34;-100.50
91447.27;-100.50
91450.20;-100.65
91453.13;-100.97
91456.05;-101.05
91458.98;-100.73
91461.91;-100.58
91464.84;-100.73
91467.77;-100.73
91470.70;-100.81
91473.63;-100.97
91476.56;-100.89
91479.49;-100.97
91482.42;-100.97
91485.35;-101.05
91488.28;-100.81
91491.21;-100.65
91494.14;-100.81
91497.07;-100.89
91500.00;-100.50
91502.93;-100.89
91505.86;-100.97
91508.79;-100.89
91511.72;-100.73
91514.65;-100.65
91517.58;-100.73
91520.51;-100.65
91523.44;-100.73
91526.37;-100.65
91529.30;-100.58
91532.23;-100.42
91535.16;-100.81
91538.09;-100.81
91541.02;-100.89
91543.95;-100.81
91546.88;-100.65
91549.80;-100.58
91552.73;-100.65
91555.66;-100.58
91558.59;-100.65
91561.52;-100.65
91564.45;-100.73
91567.38;-100.73
91570.31;-100.65
91573.24;-100.42
91576.17;-100.65
91579.10;-100.89
91582.03;-100.97
91584.96;-100.81
91587.89;-100.50
91590.82;-100.73
91593.75;-100.73
91596.68;-100.65
91599.61;-100.65
91602.54;-100.58
91605.47;-100.81
91608.40;-100.65
91611.33;-100.42
91614.26;-100.58
91617.19;-100.73
91620.12;-100.58
91623.05;-100.34
91625.98;-100.65
91628.91;-100.73
91631.84;-100.65
91634.77;-100.65
91637.70;-100.58
91640.63;-100.50
91643.55;-100.73
91646.48;-100.97
91649.41;-100.97
91652.34;-100.89
91655.27;-100.73
91658.20;-100.58
91661.13;-100.65
91664.06;-100.73
91666.99;-100.58
91669.92;-100.50
91672.85;-100.65
91675.78;-100.73
91678.71;-100.89
91681.64;-100.97
91684.57;-100.89
91687.50;-100.58
91690.43;-100.58
91693.36;-100.73
91696.29;-100.65
91699.22;-100.65
91702.15;-100.50
91705.08;-100.65
91708.01;-100.81
91710.94;-100.73
91713.87;-100.58
91716.80;-100.81
91719.73;-100.97
91722.66;-100.73
91725.59;-100.58
91728.52;-100.73
91731.45;-100.73
91734.38;-100.65
91737.30;-100.89
91740.23;-100.81
91743.16;-100.58
91746.09;-100.58
91749.02;-100.65
91751.95;-100.65
91754.88;-100.58
91757.81;-100.65
91760.74;-100.81
91763.67;-100.81
91766.60;-100.97
91769.53;-100.81
91772.46;-100.65
91775.39;-100.65
91778.32;-100.89
91781.25;-100.81
91784.18;-100.89
91787.11;-100.97
91790.04;-100.81
91792.97;-100.73
91795.90;-100.81
91798.83;-100.81
91801.76;-101.12
91804.69;-100.89
91807.62;-100.89
91810.55;-100.73
91813.48;-100.65
91816.41;-100.81
91819.34;-100.89
91822.27;-100.97
91825.20;-100.89
91828.13;-100.73
91831.05;-100.58
91833.98;-100.65
91836.91;-100.58
91839.84;-100.65
91842.77;-100.81
91845.70;-100.50
91848.63;-100.58
91851.56;-101.12
91854.49;-101.05
91857.42;-100.58
91860.35;-100.58
91863.28;-100.65
91866.21;-100.89
91869.14;-100.97
91872.07;-100.81
91875.00;-100.81
91877.93;-100.73
91880.86;-100.81
91883.79;-100.65
91886.72;-100.65
91889.65;-100.97
91892.58;-100.89
91895.51;-100.65
91898.44;-100.65
91901.37;-100.58
91904.30;-100.65
91907.23;-101.12
91910.16;-100.65
91913.09;-100.19
91916.02;-100.42
91918.95;-100.73
91921.88;-100.81
91924.80;-100.97
91927.73;-101.20
91930.66;-101.05
91933.59;-100.65
91936.52;-100.42
91939.45;-100.58
91942.38;-100.58
91945.31;-100.65
91948.24;-100.58
91951.17;-100.65
91954.10;-100.42
91957.03;-100.58
91959.96;-100.73
91962.89;-100.81
91965.82;-100.81
91968.75;-100.73
91971.68;-100.89
91974.61;-100.81
91977.54;-100.73
91980.47;-100.81
91983.40;-100.81
91986.33;-100.81
91989.26;-100.73
91992.19;-100.65
91995.12;-100.58
91998.05;-100.89
92000.98;-101.12
92003.91;-100.81
92006.84;-100.65
92009.77;-100.89
92012.70;-100.89
92015.63;-100.97
92018.55;-100.73
92021.48;-100.89
92024.41;-101.05
92027.34;-100.81
92030.27;-100.89
92033.20;-100.97
92036.13;-100.65
92039.06;-100.58
92041.99;-100.50
92044.92;-100.50
92047.85;-100.89
92050.78;-100.65
92053.71;-100.65
92056.64;-100.89
92059.57;-101.05
92062.50;-100.89
92065.43;-100.73
92068.36;-100.73
92071.29;-100.65
92074.22;-100.65
92077.15;-100.65
92080.08;-100.26
92083.01;-100.50
92085.94;-100.81
92088.87;-100.97
92091.80;-100.89
92094.73;-100.89
92097.66;-100.89
92100.59;-100.65
92103.52;-100.89
92106.45;-100.81
92109.38;-100.89
92112.30;-100.89
92115.23;-100.65
92118.16;-100.89
92121.09;-100.81
92124.02;-100.50
92126.95;-100.81
92129.88;-100.97
92132.81;-100.65
92135.74;-100.73
92138.67;-100.97
92141.60;-100.97
92144.53;-100.89
92147.46;-100.65
92150.39;-100.73
92153.32;-100.89
92156.25;-100.73
92159.18;-100.81
92162.11;-101.05
92165.04;-100.89
92167.97;-100.81
92170.90;-100.97
92173.83;-101.12
92176.76;-100.97
92179.69;-100.97
92182.62;-100.73
92185.55;-100.65
92188.48;-100.73
92191.41;-100.65
92194.34;-100.58
92197.27;-100.81
92200.20;-100.81
92203.13;-100.89
92206.05;-100.81
92208.98;-100.81
92211.91;-100.73
92214.84;-100.73
92217.77;-100.58
92220.70;-100.65
92223.63;-100.73
92226.56;-100.73
92229.49;-100.73
92232.42;-100.65
92235.35;-100.65
92238.28;-100.89
92241.21;-100.97
92244.14;-100.81
92247.07;-100.65
92250.00;-100.81
92252.93;-100.65
92255.86;-100.50
92258.79;-100.65
92261.72;-100.65
92264.65;-100.50
92267.58;-100.34
92270.51;-100.65
92273.44;-100.89
92276.37;-100.89
92279.30;-101.12
92282.23;-100.65
92285.16;-100.58
92288.09;-100.89
92291.02;-100.81
92293.95;-100.81
92296.88;-100.50
92299.80;-100.65
92302.73;-100.73
92305.66;-100.65
92308.59;-100.58
92311.52;-100.42
92314.45;-100.42
92317.38;-100.65
92320.31;-100.65
92323.24;-100.50
92326.17;-100.81
92329.10;-101.05
92332.03;-100.58
92334.96;-100.50
92337.89;-100.73
92340.82;-100.65
92343.75;-100.73
92346.68;-100.81
92349.61;-100.73
92352.54;-100.89
92355.47;-100.65
92358.40;-100.81
92361.33;-100.97
92364.26;-100.73
92367.19;-100.65
92370.12;-100.65
92373.05;-100.58
92375.98;-100.73
92378.91;-100.97
92381.84;-100.97
92384.77;-100.65
92387.70;-100.97
92390.63;-100.97
92393.55;-100.81
92396.48;-100.81
92399.41;-100.42
92402.34;-100.34
92405.27;-100.81
92408.20;-100.73
92411.13;-100.65
92414.06;-100.50
92416.99;-100.58
92419.92;-100.89
92422.85;-100.73
92425.78;-100.65
92428.71;-100.73
92431.64;-100.89
92434.57;-100.73
92437.50;-100.65
92440.43;-100.73
92443.36;-100.58
92446.29;-100.73
92449.22;-100.89
92452.15;-100.73
92455.08;-100.73
92458.01;-100.89
92460.94;-100.97
92463.87;-100.73
92466.80;-100.73
92469.73;-100.65
92472.66;-100.81
92475.59;-101.05
92478.52;-100.73
92481.45;-100.73
92484.38;-100.73
92487.30;-100.65
92490.23;-100.58
92493.16;-100.42
92496.09;-100.65
92499.02;-100.81
92501.95;-100.73
92504.88;-100.50
92507.81;-100.50
92510.74;-100.65
92513.67;-100.73
92516.60;-100.81
92519.53;-100.89
92522.46;-100.73
92525.39;-100.73
92528.32;-100.65
92531.25;-100.42
92534.18;-100.65
92537.11;-100.81
92540.04;-100.89
92542.97;-100.97
92545.90;-100.73
92548.83;-100.65
92551.76;-100.73
92554.69;-100.65
92557.62;-100.58
92560.55;-100.81
92563.48;-100.50
92566.41;-100.50
92569.34;-100.58
92572.27;-100.73
92575.20;-100.73
92578.13;-100.73
92581.05;-100.89
92583.98;-100.81
92586.91;-100.65
92589.84;-100.58
92592.77;-100.58
92595.70;-100.73
92598.63;-100.89
92601.56;-101.05
92604.49;-100.81
92607.42;-100.89
92610.35;-100.65
92613.28;-100.81
92616.21;-101.20
92619.14;-100.89
92622.07;-100.97
92625.00;-100.97
92627.93;-100.81
92630.86;-100.58
92633.79;-100.65
92636.72;-100.65
92639.65;-100.81
92642.58;-100.65
92645.51;-100.50
92648.44;-100.34
92651.37;-100.50
92654.30;-100.73
92657.23;-100.81
92660.16;-100.73
92663.09;-100.65
92666.02;-100.81
92668.95;-100.81
92671.88;-100.73
92674.80;-100.58
92677.73;-100.58
92680.66;-100.89
92683.59;-100.81
92686.52;-100.65
92689.45;-100.73
92692.38;-100.65
92695.31;-100.50
92698.24;-100.50
92701.17;-100.65
92704.10;-100.73
92707.03;-100.73
92709.96;-100.65
92712.89;-100.81
92715.82;-100.89
92718.75;-100.81
92721.68;-100.97
92724.61;-100.81
92727.54;-100.50
92730.47;-100.65
92733.40;-100.81
92736.33;-100.65
92739.26;-100.89
92742.19;-100.58
92745.12;-100.42
92748.05;-100.81
92750.98;-100.89
92753.91;-100.73
92756.84;-100.97
92759.77;-100.89
92762.70;-100.73
92765.63;-100.81
92768.55;-100.81
92771.48;-100.65
92774.41;-100.58
92777.34;-100.89
92780.27;-100.81
92783.20;-100.81
92786.13;-100.73
92789.06;-100.73
92791.99;-100.65
92794.92;-100.65
92797.85;-100.65
92800.78;-100.89
92803.71;-100.97
92806.64;-100.89
92809.57;-100.65
92812.50;-100.73
92815.43;-100.81
92818.36;-100.81
92821.29;-100.81
92824.22;-100.65
92827.15;-100.65
92830.08;-100.50
92833.01;-100.73
92835.94;-100.73
92838.87;-100.65
92841.80;-100.58
92844.73;-100.81
92847.66;-100.65
92850.59;-100.73
92853.52;-100.97
92856.45;-100.73
92859.38;-100.58
92862.30;-100.58
92865.23;-100.73
92868.16;-100.50
92871.09;-100.42
92874.02;-100.50
92876.95;-100.81
92879.88;-100.89
92882.81;-100.73
92885.74;-100.65
92888.67;-100.81
92891.60;-100.81
92894.53;-100.73
92897.46;-100.81
92900.39;-100.81
92903.32;-100.97
92906.25;-100.81
92909.18;-100.58
92912.11;-100.65
92915.04;-100.58
92917.97;-100.58
92920.90;-100.73
92923.83;-100.97
92926.76;-100.81
92929.69;-100.50
92932.62;-100.34
92935.55;-100.19
92938.48;-100.58
92941.41;-100.89
92944.34;-100.73
92947.27;-100.89
92950.20;-100.89
92953.13;-100.65
92956.05;-100.50
92958.98;-100.73
92961.91;-100.89
92964.84;-100.81
92967.77;-100.65
92970.70;-100.65
92973.63;-100.65
92976.56;-100.89
92979.49;-101.05
92982.42;-100.81
92985.35;-100.73
92988.28;-100.81
92991.21;-100.81
92994.14;-100.73
92997.07;-100.81
93000.00;-100.81
93002.93;-100.65
93005.86;-100.65
93008.79;-100.50
93011.72;-100.50
93014.65;-100.58
93017.58;-100.58
93020.51;-100.58
93023.44;-100.97
93026.37;-100.89
93029.30;-100.81
93032.23;-100.89
93035.16;-100.58
93038.09;-100.97
93041.02;-100.81
93043.95;-100.73
93046.88;-100.58
93049.80;-100.81
93052.73;-100.89
93055.66;-100.73
93058.59;-100.50
93061.52;-100.50
93064.45;-100.73
93067.38;-100.50
93070.31;-100.50
93073.24;-100.65
93076.17;-100.73
93079.10;-100.73
93082.03;-100.81
93084.96;-100.89
93087.89;-100.73
93090.82;-100.65
93093.75;-100.65
93096.68;-100.73
93099.61;-100.73
93102.54;-100.81
93105.47;-100.89
93108.40;-100.89
93111.33;-101.05
93114.26;-100.97
93117.19;-101.05
93120.12;-100.89
93123.05;-100.65
93125.98;-100.81
93128.91;-100.89
93131.84;-100.73
93134.77;-100.89
93137.70;-100.89
93140.63;-100.50
93143.55;-100.58
93146.48;-100.73
93149.41;-100.65
93152.34;-100.81
93155.27;-100.58
93158.20;-100.73
93161.13;-100.81
93164.06;-100.58
93166.99;-100.65
93169.92;-100.81
93172.85;-100.81
93175.78;-100.65
93178.71;-100.73
93181.64;-100.73
93184.57;-100.65
93187.50;-100.42
93190.43;-100.42
93193.36;-100.50
93196.29;-100.81
93199.22;-100.89
93202.15;-100.73
93205.08;-100.73
93208.01;-100.65
93210.94;-100.58
93213.87;-100.89
93216.80;-100.97
93219.73;-100.65
93222.66;-100.58
93225.59;-100.73
93228.52;-100.89
93231.45;-100.89
93234.38;-100.89
93237.30;-100.65
93240.23;-100.50
93243.16;-100.58
93246.09;-100.73
93249.02;-100.65
93251.95;-100.65
93254.88;-100.65
93257.81;-100.81
93260.74;-100.65
93263.67;-100.73
93266.60;-100.73
93269.53;-100.58
93272.46;-100.58
93275.39;-100.65
93278.32;-100.58
93281.25;-100.65
93284.18;-100.73
93287.11;-100.73
93290.04;-100.65
93292.97;-100.50
93295.90;-100.50
93298.83;-100.58
93301.76;-100.65
93304.69;-100.89
93307.62;-100.81
93310.55;-100.73
93313.48;-101.12
93316.41;-101.05
93319.34;-100.97
93322.27;-100.65
93325.20;-100.65
93328.13;-100.65
93331.05;-100.73
93333.98;-100.81
93336.91;-100.81
93339.84;-100.58
93342.77;-100.73
93345.70;-100.50
93348.63;-100.34
93351.56;-100.73
93354.49;-100.65
93357.42;-100.73
93360.35;-100.65
93363.28;-100.73
93366.21;-100.89
93369.14;-100.65
93372.07;-100.73
93375.00;-100.42
93377.93;-100.81
93380.86;-100.97
93383.79;-100.97
93386.72;-100.73
93389.65;-100.73
93392.58;-100.89
93395.51;-100.97
93398.44;-100.89
93401.37;-100.97
93404.30;-100.89
93407.23;-100.58
93410.16;-100.58
93413.09;-100.65
93416.02;-100.65
93418.95;-100.65
93421.88;-100.58
93424.80;-100.58
93427.73;-100.58
93430.66;-100.73
93433.59;-100.73
93436.52;-100.50
93439.45;-100.73
93442.38;-100.65
93445.31;-100.81
93448.24;-100.81
93451.17;-100.65
93454.10;-100.81
93457.03;-100.97
93459.96;-101.05
93462.89;-100.97
93465.82;-100.81
93468.75;-100.65
93471.68;-100.50
93474.61;-100.73
93477.54;-100.89
93480.47;-100.65
93483.40;-100.65
93486.33;-100.65
93489.26;-100.58
93492.19;-100.65
93495.12;-100.89
93498.05;-100.73
93500.98;-100.73
93503.91;-100.73
93506.84;-100.42
93509.77;-100.65
93512.70;-100.73
93515.63;-100.89
93518.55;-100.81
93521.48;-100.81
93524.41;-100.73
93527.34;-100.65
93530.27;-100.65
93533.20;-100.58
93536.13;-100.73
93539.06;-100.50
93541.99;-100.58
93544.92;-100.97
93547.85;-101.20
93550.78;-100.97
93553.71;-100.89
93556.64;-101.28
93559.57;-100.65
93562.50;-100.58
93565.43;-100.89
93568.36;-100.97
93571.29;-100.73
93574.22;-101.12
93577.15;-101.20
93580.08;-101.12
93583.01;-100.97
93585.94;-100.89
93588.87;-100.89
93591.80;-100.89
93594.73;-100.65
93597.66;-100.58
93600.59;-100.89
93603.52;-100.73
93606.45;-100.73
93609.38;-100.89
93612.30;-101.05
93615.23;-101.12
93618.16;-100.89
93621.09;-100.89
93624.02;-100.73
93626.95;-100.81
93629.88;-100.58
93632.81;-100.58
93635.74;-100.89
93638.67;-101.05
93641.60;-101.05
93644.53;-100.81
93647.46;-100.97
93650.39;-100.89
93653.32;-100.73
93656.25;-100.50
93659.18;-100.73
93662.11;-100.81
93665.04;-100.73
93667.97;-100.73
93670.90;-101.05
93673.83;-101.05
93676.76;-100.73
93679.69;-100.65
93682.62;-100.58
93685.55;-100.42
93688.48;-100.65
93691.41;-100.81
93694.34;-100.81
93697.27;-100.73
93700.20;-100.65
93703.13;-100.81
93706.05;-100.97
93708.98;-100.73
93711.91;-100.65
93714.84;-100.89
93717.77;-100.65
93720.70;-100.73
93723.63;-100.81
93726.56;-100.65
93729.49;-100.65
93732.42;-100.58
93735.35;-100.58
93738.28;-100.58
93741.21;-100.42
93744.14;-100.73
93747.07;-101.05
93750.00;-101.20
93752.93;-100.97
93755.86;-100.81
93758.79;-100.81
93761.72;-100.73
93764.65;-100.65
93767.58;-100.73
93770.51;-100.73
93773.44;-100.73
93776.37;-100.73
93779.30;-100.65
93782.23;-100.73
93785.16;-100.97
93788.09;-101.05
93791.02;-100.97
93793.95;-100.73
93796.88;-100.58
93799.80;-100.65
93802.73;-100.73
93805.66;-100.89
93808.59;-100.81
93811.52;-100.65
93814.45;-100.50
93817.38;-100.97
93820.31;-101.05
93823.24;-100.97
93826.17;-100.65
93829.10;-100.58
93832.03;-100.89
93834.96;-101.28
93837.89;-101.05
93840.82;-100.81
93843.75;-100.97
93846.68;-100.97
93849.61;-100.65
93852.54;-100.81
93855.47;-100.89
93858.40;-100.73
93861.33;-100.89
93864.26;-100.97
93867.19;-100.89
93870.12;-100.73
93873.05;-100.58
93875.98;-100.50
93878.91;-100.58
93881.84;-100.89
93884.77;-100.97
93887.70;-100.89
93890.63;-100.89
93893.55;-100.81
93896.48;-101.05
93899.41;-101.05
93902.34;-100.81
93905.27;-100.89
93908.20;-100.89
93911.13;-101.05
93914.06;-100.73
93916.99;-100.81
93919.92;-100.65
93922.85;-100.65
93925.78;-100.65
93928.71;-100.73
93931.64;-100.89
93934.57;-101.12
93937.50;-100.89
93940.43;-100.65
93943.36;-100.97
93946.29;-100.81
93949.22;-100.73
93952.15;-100.65
93955.08;-100.73
93958.01;-100.89
93960.94;-100.89
93963.87;-100.97
93966.80;-101.05
93969.73;-100.97
93972.66;-100.73
93975.59;-100.73
93978.52;-100.81
93981.45;-100.73
93984.38;-100.81
93987.30;-100.81
93990.23;-100.65
93993.16;-100.89
93996.09;-100.97
93999.02;-101.05
94001.95;-100.97
94004.88;-100.65
94007.81;-100.65
94010.74;-100.73
94013.67;-100.65
94016.60;-101.20
94019.53;-100.89
94022.46;-100.65
94025.39;-100.81
94028.32;-100.97
94031.25;-100.89
94034.18;-100.50
94037.11;-100.58
94040.04;-100.73
94042.97;-100.58
94045.90;-100.50
94048.83;-100.65
94051.76;-100.81
94054.69;-100.97
94057.62;-101.05
94060.55;-100.89
94063.48;-100.81
94066.41;-100.89
94069.34;-100.81
94072.27;-100.97
94075.20;-100.89
94078.13;-100.73
94081.05;-100.50
94083.98;-100.58
94086.91;-100.50
94089.84;-100.58
94092.77;-100.89
94095.70;-100.97
94098.63;-100.58
94101.56;-100.81
94104.49;-101.12
94107.42;-100.97
94110.35;-100.81
94113.28;-100.81
94116.21;-100.73
94119.14;-100.73
94122.07;-100.73
94125.00;-100.89
94127.93;-100.81
94130.86;-100.81
94133.79;-100.81
94136.72;-100.89
94139.65;-100.81
94142.58;-100.81
94145.51;-100.89
94148.44;-100.81
94151.37;-100.81
94154.30;-100.81
94157.23;-100.81
94160.16;-101.05
94163.09;-100.97
94166.02;-100.81
94168.95;-100.81
94171.88;-100.65
94174.80;-100.73
94177.73;-100.65
94180.66;-100.42
94183.59;-100.89
94186.52;-100.81
94189.45;-100.73
94192.38;-100.58
94195.31;-100.65
94198.24;-100.50
94201.17;-100.81
94204.10;-100.81
94207.03;-100.81
94209.96;-101.05
94212.89;-100.73
94215.82;-100.34
94218.75;-100.34
94221.68;-100.50
94224.61;-100.81
94227.54;-100.65
94230.47;-100.73
94233.40;-100.73
94236.33;-100.65
94239.26;-100.73
94242.19;-100.81
94245.12;-100.65
94248.05;-100.81
94250.98;-100.81
94253.91;-100.73
94256.84;-100.65
94259.77;-100.73
94262.70;-100.50
94265.63;-100.65
94268.55;-100.81
94271.48;-100.89
94274.41;-100.81
94277.34;-100.81
94280.27;-100.73
94283.20;-100.58
94286.13;-100.89
94289.06;-100.89
94291.99;-100.89
94294.92;-100.89
94297.85;-101.12
94300.78;-100.89
94303.71;-100.81
94306.64;-100.73
94309.57;-100.89
94312.50;-100.81
94315.43;-100.81
94318.36;-100.89
94321.29;-100.89
94324.22;-100.65
94327.15;-100.58
94330.08;-100.65
94333.01;-100.73
94335.94;-101.12
94338.87;-100.58
94341.80;-100.73
94344.73;-100.97
94347.66;-100.97
94350.59;-100.89
94353.52;-100.81
94356.45;-100.73
94359.38;-100.65
94362.30;-100.65
94365.23;-100.73
94368.16;-101.05
94371.09;-100.65
94374.02;-100.81
94376.95;-100.65
94379.88;-100.73
94382.81;-100.73
94385.74;-100.65
94388.67;-100.50
94391.60;-100.58
94394.53;-100.65
94397.46;-100.73
94400.39;-100.58
94403.32;-100.65
94406.25;-100.81
94409.18;-100.65
94412.11;-100.50
94415.04;-100.81
94417.97;-100.81
94420.90;-100.81
94423.83;-100.81
94426.76;-100.73
94429.69;-100.97
94432.62;-100.89
94435.55;-100.81
94438.48;-100.81
94441.41;-100.73
94444.34;-100.65
94447.27;-100.65
94450.20;-100.89
94453.13;-100.73
94456.05;-100.65
94458.98;-100.73
94461.91;-101.05
94464.84;-101.28
94467.77;-101.20
94470.70;-100.97
94473.63;-100.81
94476.56;-100.73
94479.49;-100.81
94482.42;-100.89
94485.35;-100.89
94488.28;-100.81
94491.21;-100.81
94494.14;-100.97
94497.07;-100.97
94500.00;-100.89
94502.93;-100.65
94505.86;-100.65
94508.79;-100.73
94511.72;-100.65
94514.65;-100.89
94517.58;-100.97
94520.51;-100.97
94523.44;-100.89
94526.37;-100.81
94529.30;-100.58
94532.23;-100.58
94535.16;-100.73
94538.09;-101.05
94541.02;-100.89
94543.95;-100.81
94546.88;-101.05
94549.80;-101.05
94552.73;-100.89
94555.66;-100.73
94558.59;-100.73
94561.52;-100.89
94564.45;-100.89
94567.38;-100.65
94570.31;-100.97
94573.24;-100.73
94576.17;-100.58
94579.10;-100.65
94582.03;-100.73
94584.96;-100.97
94587.89;-101.05
94590.82;-101.20
94593.75;-100.89
94596.68;-100.73
94599.61;-100.73
94602.54;-100.97
94605.47;-100.97
94608.40;-100.89
94611.33;-100.81
94614.26;-100.65
94617.19;-100.73
94620.12;-100.89
94623.05;-100.73
94625.98;-100.81
94628.91;-100.65
94631.84;-100.65
94634.77;-100.65
94637.70;-100.73
94640.63;-100.65
94643.55;-100.58
94646.48;-100.97
94649.41;-100.89
94652.34;-100.81
94655.27;-100.73
94658.20;-100.73
94661.13;-100.58
94664.06;-100.65
94666.99;-100.65
94669.92;-100.81
94672.85;-100.97
94675.78;-100.89
94678.71;-100.81
94681.64;-100.65
94684.57;-100.50
94687.50;-100.65
94690.43;-100.73
94693.36;-100.81
94696.29;-100.73
94699.22;-100.73
94702.15;-100.42
94705.08;-100.50
94708.01;-100.73
94710.94;-100.89
94713.87;-100.73
94716.80;-100.65
94719.73;-100.97
94722.66;-101.05
94725.59;-100.89
94728.52;-100.81
94731.45;-100.89
94734.38;-100.73
94737.30;-100.58
94740.23;-100.73
94743.16;-100.73
94746.09;-100.89
94749.02;-100.81
94751.95;-100.81
94754.88;-100.65
94757.81;-100.58
94760.74;-100.73
94763.67;-100.65
94766.60;-100.65
94769.53;-100.89
94772.46;-100.89
94775.39;-100.81
94778.32;-100.89
94781.25;-100.97
94784.18;-100.65
94787.11;-100.58
94790.04;-100.81
94792.97;-100.89
94795.90;-100.65
94798.83;-100.73
94801.76;-100.97
94804.69;-100.73
94807.62;-100.73
94810.55;-100.89
94813.48;-100.89
94816.41;-100.81
94819.34;-100.65
94822.27;-100.65
94825.20;-100.89
94828.13;-100.89
94831.05;-100.73
94833.98;-100.97
94836.91;-100.73
94839.84;-100.65
94842.77;-100.81
94845.70;-100.97
94848.63;-100.89
94851.56;-100.65
94854.49;-100.50
94857.42;-100.81
94860.35;-101.05
94863.28;-100.89
94866.21;-100.97
94869.14;-100.81
94872.07;-101.05
94875.00;-101.12
94877.93;-101.20
94880.86;-100.89
94883.79;-100.73
94886.72;-100.81
94889.65;-100.73
94892.58;-100.81
94895.51;-100.97
94898.44;-100.97
94901.37;-100.81
94904.30;-100.73
94907.23;-100.34
94910.16;-100.73
94913.09;-100.81
94916.02;-100.50
94918.95;-100.34
94921.88;-100.50
94924.80;-100.81
94927.73;-100.89
94930.66;-100.65
94933.59;-100.73
94936.52;-100.73
94939.45;-100.81
94942.38;-100.81
94945.31;-100.81
94948.24;-100.81
94951.17;-100.89
94954.10;-100.73
94957.03;-100.50
94959.96;-100.81
94962.89;-101.05
94965.82;-100.97
94968.75;-101.05
94971.68;-100.89
94974.61;-100.97
94977.54;-100.81
94980.47;-100.65
94983.40;-101.05
94986.33;-100.73
94989.26;-100.34
94992.19;-100.73
94995.12;-101.20
94998.05;-100.97
95000.98;-100.58
95003.91;-100.89
95006.84;-100.65
95009.77;-100.73
95012.70;-100.89
95015.63;-100.73
95018.55;-100.97
95021.48;-100.81
95024.41;-100.58
95027.34;-100.58
95030.27;-100.81
95033.20;-100.89
95036.13;-100.73
95039.06;-100.58
95041.99;-100.58
95044.92;-100.73
95047.85;-100.73
95050.78;-100.65
95053.71;-100.97
95056.64;-100.81
95059.57;-100.65
95062.50;-100.73
95065.43;-101.05
95068.36;-101.05
95071.29;-100.81
95074.22;-100.97
95077.15;-101.05
95080.08;-100.73
95083.01;-100.65
95085.94;-100.73
95088.87;-100.73
95091.80;-100.89
95094.73;-100.73
95097.66;-100.73
95100.59;-100.89
95103.52;-100.97
95106.45;-100.89
95109.38;-100.65
95112.30;-100.81
95115.23;-101.05
95118.16;-101.05
95121.09;-100.89
95124.02;-100.97
95126.95;-100.89
95129.88;-100.73
95132.81;-100.58
95135.74;-100.65
95138.67;-100.97
95141.60;-100.89
95144.53;-100.73
95147.46;-100.81
95150.39;-100.89
95153.32;-101.12
95156.25;-101.12
95159.18;-101.12
95162.11;-100.97
95165.04;-101.36
95167.97;-101.12
95170.90;-100.65
95173.83;-100.50
95176.76;-100.65
95179.69;-100.81
95182.62;-100.89
95185.55;-100.97
95188.48;-100.89
95191.41;-100.65
95194.34;-100.65
95197.27;-100.58
95200.20;-100.89
95203.13;-100.81
95206.05;-100.73
95208.98;-100.58
95211.91;-100.89
95214.84;-101.05
95217.77;-101.12
95220.70;-100.73
95223.63;-100.65
95226.56;-100.73
95229.49;-100.58
95232.42;-100.42
95235.35;-100.65
95238.28;-100.97
95241.21;-100.97
95244.14;-100.97
95247.07;-101.05
95250.00;-100.73
95252.93;-100.81
95255.86;-100.81
95258.79;-100.65
95261.72;-100.65
95264.65;-100.50
95267.58;-100.73
95270.51;-100.81
95273.44;-100.97
95276.37;-100.97
95279.30;-100.73
95282.23;-100.81
95285.16;-100.81
95288.09;-100.81
95291.02;-100.73
95293.95;-100.73
95296.88;-100.81
95299.80;-100.81
95302.73;-100.58
95305.66;-100.81
95308.59;-101.12
95311.52;-101.05
95314.45;-100.81
95317.38;-100.58
95320.31;-100.81
95323.24;-100.81
95326.17;-100.73
95329.10;-100.58
95332.03;-100.50
95334.96;-100.73
95337.89;-100.73
95340.82;-100.81
95343.75;-100.97
95346.68;-101.05
95349.61;-100.89
95352.54;-100.89
95355.47;-101.20
95358.40;-101.28
95361.33;-101.05
95364.26;-100.81
95367.19;-100.73
95370.12;-100.65
95373.05;-100.65
95375.98;-100.73
95378.91;-100.58
95381.84;-100.73
95384.77;-100.89
95387.70;-100.97
95390.63;-101.05
95393.55;-100.89
95396.48;-100.65
95399.41;-100.89
95402.34;-100.97
95405.27;-101.05
95408.20;-100.89
95411.13;-100.89
95414.06;-101.05
95416.99;-101.20
95419.92;-100.89
95422.85;-100.73
95425.78;-100.58
95428.71;-100.81
95431.64;-100.97
95434.57;-100.89
95437.50;-100.89
95440.43;-100.97
95443.36;-100.73
95446.29;-100.89
95449.22;-100.81
95452.15;-100.73
95455.08;-100.65
95458.01;-100.81
95460.94;-100.73
95463.87;-100.58
95466.80;-100.73
95469.73;-100.81
95472.66;-100.97
95475.59;-100.73
95478.52;-100.65
95481.45;-100.89
95484.38;-100.89
95487.30;-101.12
95490.23;-101.20
95493.16;-100.89
95496.09;-100.81
95499.02;-100.89
95501.95;-100.97
95504.88;-100.73
95507.81;-100.97
95510.74;-101.05
95513.67;-100.97
95516.60;-100.73
95519.53;-100.89
95522.46;-100.73
95525.39;-100.81
95528.32;-100.97
95531.25;-100.97
95534.18;-101.12
95537.11;-100.97
95540.04;-100.42
95542.97;-100.73
95545.90;-100.89
95548.83;-100.97
95551.76;-100.89
95554.69;-100.89
95557.62;-100.81
95560.55;-100.50
95563.48;-100.65
95566.41;-100.65
95569.34;-100.73
95572.27;-100.81
95575.20;-100.81
95578.13;-100.81
95581.05;-100.89
95583.98;-100.81
95586.91;-100.89
95589.84;-100.58
95592.77;-100.89
95595.70;-100.97
95598.63;-100.81
95601.56;-100.73
95604.49;-100.58
95607.42;-100.50
95610.35;-100.65
95613.28;-100.81
95616.21;-100.73
95619.14;-100.97
95622.07;-100.81
95625.00;-100.65
95627.93;-100.81
95630.86;-100.73
95633.79;-101.05
95636.72;-101.12
95639.65;-100.89
95642.58;-100.81
95645.51;-100.73
95648.44;-100.65
95651.37;-100.81
95654.30;-101.05
95657.23;-100.97
95660.16;-100.97
95663.09;-101.05
95666.02;-100.58
95668.95;-100.73
95671.88;-100.97
95674.80;-100.73
95677.73;-100.50
95680.66;-100.58
95683.59;-100.81
95686.52;-100.73
95689.45;-100.73
95692.38;-100.81
95695.31;-100.73
95698.24;-100.65
95701.17;-100.65
95704.10;-100.34
95707.03;-100.73
95709.96;-100.97
95712.89;-100.65
95715.82;-100.73
95718.75;-100.89
95721.68;-100.89
95724.61;-100.73
95727.54;-100.73
95730.47;-100.81
95733.40;-100.58
95736.33;-100.89
95739.26;-100.89
95742.19;-100.58
95745.12;-100.50
95748.05;-100.73
95750.98;-100.73
95753.91;-100.81
95756.84;-100.81
95759.77;-100.73
95762.70;-100.81
95765.63;-100.58
95768.55;-100.58
95771.48;-100.73
95774.41;-100.97
95777.34;-101.05
95780.27;-101.05
95783.20;-100.89
95786.13;-100.73
95789.06;-100.50
95791.99;-100.73
95794.92;-100.97
95797.85;-100.89
95800.78;-100.81
95803.71;-100.73
95806.64;-100.89
95809.57;-100.89
95812.50;-100.97
95815.43;-100.81
95818.36;-100.65
95821.29;-100.81
95824.22;-100.89
95827.15;-100.81
95830.08;-100.81
95833.01;-100.73
95835.94;-100.81
95838.87;-101.20
95841.80;-100.97
95844.73;-101.05
95847.66;-101.05
95850.59;-100.97
95853.52;-100.89
95856.45;-100.89
95859.38;-100.81
95862.30;-100.89
95865.23;-100.89
95868.16;-100.58
95871.09;-100.58
95874.02;-100.58
95876.95;-100.81
95879.88;-100.73
95882.81;-100.73
95885.74;-100.73
95888.67;-100.73
95891.60;-100.89
95894.53;-100.89
95897.46;-100.81
95900.39;-100.73
95903.32;-101.12
95906.25;-100.89
95909.18;-100.73
95912.11;-100.89
95915.04;-100.81
95917.97;-100.81
95920.90;-100.97
95923.83;-100.89
95926.76;-100.58
95929.69;-100.73
95932.62;-100.81
95935.55;-100.97
95938.48;-100.97
95941.41;-100.73
95944.34;-100.89
95947.27;-100.50
95950.20;-100.73
95953.13;-100.81
95956.05;-100.73
95958.98;-100.73
95961.91;-100.73
95964.84;-100.97
95967.77;-100.81
95970.70;-100.65
95973.63;-100.97
95976.56;-100.97
95979.49;-100.89
95982.42;-100.58
95985.35;-100.50
95988.28;-100.50
95991.21;-100.81
95994.14;-100.65
95997.07;-100.97
96000.00;-102.30
