Frequency (Hz);Power (dB);192000.0000;65536;2;120.1396;0;L+R
0.00;-56.11
2.93;-50.95
5.86;-48.77
8.79;-48.22
11.72;-47.83
14.65;-47.59
17.58;-47.59
20.51;-47.75
23.44;-47.75
26.37;-47.59
29.30;-47.83
32.23;-47.83
35.16;-47.83
38.09;-47.75
41.02;-47.99
43.95;-48.22
46.88;-47.91
49.80;-47.75
52.73;-47.83
55.66;-47.83
58.59;-47.91
61.52;-47.91
64.45;-48.22
67.38;-47.91
70.31;-48.06
73.24;-47.99
76.17;-47.91
79.10;-48.14
82.03;-48.45
84.96;-48.30
87.89;-48.06
90.82;-47.99
93.75;-48.22
96.68;-48.53
99.61;-48.53
102.54;-48.38
105.47;-48.38
108.40;-48.61
111.33;-48.53
114.26;-48.61
117.19;-48.77
120.12;-48.92
123.05;-49.08
125.98;-49.00
128.91;-48.77
131.84;-48.92
134.77;-49.00
137.70;-49.00
140.63;-49.39
143.55;-49.63
146.48;-49.63
149.41;-49.63
152.34;-49.94
155.27;-49.86
158.20;-49.70
161.13;-49.78
164.06;-49.78
166.99;-49.70
169.92;-50.10
172.85;-50.25
175.78;-50.10
178.71;-49.94
181.64;-50.25
184.57;-50.56
187.50;-50.72
190.43;-50.80
193.36;-50.72
196.29;-50.64
199.22;-50.80
202.15;-51.11
205.08;-51.19
208.01;-51.11
210.94;-51.11
213.87;-51.19
216.80;-51.58
219.73;-51.81
222.66;-51.81
225.59;-51.50
228.52;-51.74
231.45;-52.05
234.38;-51.89
237.30;-51.97
240.23;-52.05
243.16;-52.21
246.09;-52.44
249.02;-52.75
251.95;-52.75
254.88;-52.67
257.81;-52.67
260.74;-52.91
263.67;-52.99
266.60;-53.06
269.53;-53.06
272.46;-53.14
275.39;-53.46
278.32;-53.38
281.25;-53.46
284.18;-53.69
287.11;-54.00
290.04;-54.00
292.97;-54.08
295.90;-54.32
298.83;-54.47
301.76;-54.32
304.69;-54.32
307.62;-54.63
310.55;-54.78
313.48;-55.02
316.41;-54.86
319.34;-54.94
322.27;-55.02
325.20;-55.33
328.13;-55.33
331.05;-55.17
333.98;-55.41
336.91;-55.41
339.84;-55.49
342.77;-55.80
345.70;-56.03
348.63;-55.96
351.56;-56.19
354.49;-56.27
357.42;-56.42
360.35;-56.35
363.28;-56.66
366.21;-56.82
369.14;-57.13
372.07;-57.05
375.00;-57.21
377.93;-57.36
380.86;-57.44
383.79;-57.36
386.72;-57.75
389.65;-57.75
392.58;-57.68
395.51;-58.07
398.44;-58.30
401.37;-58.14
404.30;-58.07
407.23;-57.99
410.16;-58.46
413.09;-58.77
416.02;-58.53
418.95;-58.61
421.88;-59.16
424.80;-59.24
427.73;-59.39
430.66;-59.55
433.59;-59.32
436.52;-59.32
439.45;-59.47
442.38;-59.63
445.31;-60.10
448.24;-60.18
451.17;-60.10
454.10;-60.25
457.03;-60.41
459.96;-60.33
462.89;-60.49
465.82;-60.49
468.75;-60.49
471.68;-60.88
474.61;-61.04
477.54;-61.19
480.47;-61.27
483.40;-61.43
486.33;-61.35
489.26;-61.50
492.19;-61.74
495.12;-61.89
498.05;-61.89
500.98;-62.21
503.91;-62.21
506.84;-62.36
509.77;-62.68
512.70;-62.52
515.63;-62.60
518.55;-62.60
521.48;-62.68
524.41;-62.99
527.34;-63.15
530.27;-63.22
533.20;-63.38
536.13;-63.30
539.06;-63.38
541.99;-63.69
544.92;-63.77
547.85;-63.85
550.78;-63.93
553.71;-64.32
556.64;-64.40
559.57;-64.32
562.50;-64.47
565.43;-64.40
568.36;-64.40
571.29;-64.40
574.22;-64.47
577.15;-64.79
580.08;-65.18
583.01;-65.41
585.94;-65.49
588.87;-65.41
591.80;-65.33
594.73;-65.41
597.66;-65.80
600.59;-65.96
603.52;-65.80
606.45;-65.80
609.38;-66.04
612.30;-66.27
615.23;-66.11
618.16;-66.51
621.09;-66.90
624.02;-66.97
626.95;-67.21
629.88;-67.05
632.81;-67.13
635.74;-67.29
638.67;-67.44
641.60;-67.52
644.53;-67.68
647.46;-67.76
650.39;-67.60
653.32;-67.83
656.25;-67.99
659.18;-68.22
662.11;-68.15
665.04;-67.99
667.97;-67.99
670.90;-68.15
673.83;-68.54
676.76;-68.62
679.69;-68.69
682.62;-68.62
685.55;-68.93
688.48;-68.85
691.41;-69.16
694.34;-69.24
697.27;-69.32
700.20;-69.40
703.13;-69.55
706.05;-69.79
708.98;-70.10
711.91;-70.10
714.84;-69.79
717.77;-69.79
720.70;-70.10
723.63;-70.26
726.56;-70.49
729.49;-70.73
732.42;-70.80
735.35;-70.88
738.28;-70.96
741.21;-70.96
744.14;-71.04
747.07;-71.43
750.00;-71.43
752.93;-71.27
755.86;-71.27
758.79;-71.74
761.72;-71.51
764.65;-71.58
767.58;-72.05
770.51;-72.29
773.44;-72.37
776.37;-72.37
779.30;-72.29
782.23;-72.37
785.16;-72.52
788.09;-72.68
791.02;-72.84
793.95;-72.76
796.88;-72.91
799.80;-73.23
802.73;-73.15
805.66;-73.15
808.59;-73.15
811.52;-73.15
814.45;-73.46
817.38;-73.62
820.31;-73.77
823.24;-73.69
826.17;-73.85
829.10;-73.85
832.03;-74.09
834.96;-74.32
837.89;-74.32
840.82;-74.40
843.75;-74.48
846.68;-74.48
849.61;-74.48
852.54;-75.02
855.47;-74.79
858.40;-74.87
861.33;-74.95
864.26;-74.79
867.19;-75.10
870.12;-75.18
873.05;-75.26
875.98;-75.26
878.91;-75.41
881.84;-75.73
884.77;-75.96
887.70;-75.80
890.63;-75.80
893.55;-75.88
896.48;-75.73
899.41;-76.04
902.34;-76.51
905.27;-76.43
908.20;-76.43
911.13;-76.51
914.06;-76.35
916.99;-76.51
919.92;-76.82
922.85;-76.90
925.78;-77.05
928.71;-77.05
931.64;-77.13
934.57;-77.29
937.50;-77.45
940.43;-77.45
943.36;-77.52
946.29;-77.91
949.22;-77.76
952.15;-77.37
955.08;-78.23
958.01;-78.31
960.94;-78.23
963.87;-78.38
966.80;-78.31
969.73;-78.46
972.66;-78.46
975.59;-78.62
978.52;-78.77
981.45;-78.62
984.38;-78.46
987.30;-78.77
990.23;-78.77
993.16;-78.70
996.09;-78.85
999.02;-79.16
1001.95;-79.56
1004.88;-79.40
1007.81;-79.16
1010.74;-79.16
1013.67;-79.48
1016.60;-79.56
1019.53;-79.63
1022.46;-79.87
1025.39;-79.71
1028.32;-79.95
1031.25;-80.26
1034.18;-80.02
1037.11;-80.10
1040.04;-80.26
1042.97;-80.42
1045.90;-80.42
1048.83;-80.57
1051.76;-80.81
1054.69;-80.73
1057.62;-80.88
1060.55;-80.81
1063.48;-80.88
1066.41;-81.12
1069.34;-81.20
1072.27;-81.59
1075.20;-81.74
1078.13;-81.59
1081.05;-81.51
1083.98;-81.51
1086.91;-81.67
1089.84;-81.90
1092.77;-82.06
1095.70;-82.06
1098.63;-82.21
1101.56;-82.13
1104.49;-82.13
1107.42;-82.29
1110.35;-82.13
1113.28;-82.37
1116.21;-82.37
1119.14;-82.60
1122.07;-82.53
1125.00;-82.68
1127.93;-82.84
1130.86;-82.92
1133.79;-83.23
1136.72;-82.99
1139.65;-82.84
1142.58;-83.15
1145.51;-83.38
1148.44;-83.54
1151.37;-83.62
1154.30;-83.62
1157.23;-83.78
1160.16;-83.85
1163.09;-84.01
1166.02;-83.85
1168.95;-84.01
1171.88;-84.01
1174.80;-84.01
1177.73;-84.09
1180.66;-84.24
1183.59;-84.40
1186.52;-84.40
1189.45;-84.40
1192.38;-84.56
1195.31;-84.56
1198.24;-84.40
1201.17;-84.48
1204.10;-84.95
1207.03;-85.10
1209.96;-85.03
1212.89;-85.03
1215.82;-84.95
1218.75;-84.87
1221.68;-85.03
1224.61;-85.26
1227.54;-85.57
1230.47;-85.42
1233.40;-85.49
1236.33;-85.57
1239.26;-85.81
1242.19;-85.81
1245.12;-85.73
1248.05;-85.89
1250.98;-85.96
1253.91;-85.96
1256.84;-85.81
1259.77;-86.04
1262.70;-86.12
1265.63;-86.28
1268.55;-86.51
1271.48;-86.51
1274.41;-86.28
1277.34;-86.35
1280.27;-86.67
1283.20;-86.67
1286.13;-86.74
1289.06;-86.82
1291.99;-86.82
1294.92;-86.74
1297.85;-87.06
1300.78;-86.98
1303.71;-87.06
1306.64;-87.21
1309.57;-87.37
1312.50;-87.53
1315.43;-87.53
1318.36;-87.45
1321.29;-87.60
1324.22;-87.60
1327.15;-87.84
1330.08;-87.84
1333.01;-87.92
1335.94;-87.76
1338.87;-88.00
1341.80;-88.23
1344.73;-88.23
1347.66;-88.31
1350.59;-88.23
1353.52;-88.39
1356.45;-88.39
1359.38;-88.62
1362.30;-88.46
1365.23;-88.54
1368.16;-88.70
1371.09;-89.01
1374.02;-89.01
1376.95;-88.85
1379.88;-88.93
1382.81;-89.25
1385.74;-89.25
1388.67;-89.01
1391.60;-89.32
1394.53;-89.71
1397.46;-89.56
1400.39;-89.25
1403.32;-89.40
1406.25;-89.48
1409.18;-89.48
1412.11;-89.71
1415.04;-89.79
1417.97;-89.95
1420.90;-89.87
1423.83;-90.03
1426.76;-90.26
1429.69;-89.95
1432.62;-90.03
1435.55;-90.18
1438.48;-90.34
1441.41;-90.50
1444.34;-90.50
1447.27;-90.50
1450.20;-90.50
1453.13;-90.50
1456.05;-90.42
1458.98;-90.50
1461.91;-90.73
1464.84;-90.81
1467.77;-90.96
1470.70;-91.28
1473.63;-91.28
1476.56;-91.28
1479.49;-91.20
1482.42;-91.28
1485.35;-91.28
1488.28;-91.36
1491.21;-91.51
1494.14;-91.51
1497.07;-91.59
1500.00;-91.67
1502.93;-91.75
1505.86;-91.67
1508.79;-91.59
1511.72;-91.90
1514.65;-92.06
1517.58;-92.14
1520.51;-92.29
1523.44;-91.98
1526.37;-92.21
1529.30;-92.53
1532.23;-92.21
1535.16;-92.21
1538.09;-92.45
1541.02;-92.45
1543.95;-92.45
1546.88;-92.45
1549.80;-92.61
1552.73;-92.84
1555.66;-92.84
1558.59;-92.76
1561.52;-92.92
1564.45;-92.76
1567.38;-92.84
1570.31;-93.07
1573.24;-93.15
1576.17;-93.23
1579.10;-93.23
1582.03;-93.62
1584.96;-93.93
1587.89;-93.62
1590.82;-93.70
1593.75;-93.70
1596.68;-93.78
1599.61;-93.47
1602.54;-93.39
1605.47;-93.86
1608.40;-93.93
1611.33;-93.86
1614.26;-94.01
1617.19;-94.01
1620.12;-94.09
1623.05;-94.17
1625.98;-94.56
1628.91;-94.64
1631.84;-94.40
1634.77;-94.64
1637.70;-94.48
1640.63;-94.48
1643.55;-94.56
1646.48;-94.64
1649.41;-94.79
1652.34;-94.72
1655.27;-94.79
1658.20;-94.95
1661.13;-94.87
1664.06;-94.87
1666.99;-94.95
1669.92;-94.95
1672.85;-95.03
1675.78;-95.26
1678.71;-95.11
1681.64;-95.26
1684.57;-95.11
1687.50;-95.26
1690.43;-95.42
1693.36;-95.50
1696.29;-95.50
1699.22;-95.73
1702.15;-95.89
1705.08;-95.81
1708.01;-95.73
1710.94;-95.58
1713.87;-95.81
1716.80;-95.89
1719.73;-95.97
1722.66;-96.12
1725.59;-96.36
1728.52;-96.28
1731.45;-96.04
1734.38;-96.28
1737.30;-96.59
1740.23;-96.28
1743.16;-96.43
1746.09;-96.83
1749.02;-96.75
1751.95;-96.59
1754.88;-96.59
1757.81;-96.59
1760.74;-96.83
1763.67;-96.90
1766.60;-96.90
1769.53;-96.83
1772.46;-97.14
1775.39;-97.14
1778.32;-97.45
1781.25;-97.61
1784.18;-97.45
1787.11;-97.37
1790.04;-97.14
1792.97;-97.14
1795.90;-97.45
1798.83;-97.84
1801.76;-97.84
1804.69;-97.45
1807.62;-97.53
1810.55;-97.84
1813.48;-97.84
1816.41;-97.84
1819.34;-98.00
1822.27;-97.92
1825.20;-98.08
1828.13;-98.39
1831.05;-98.31
1833.98;-98.15
1836.91;-98.08
1839.84;-98.15
1842.77;-98.31
1845.70;-98.54
1848.63;-98.47
1851.56;-98.54
1854.49;-98.31
1857.42;-98.31
1860.35;-98.62
1863.28;-98.70
1866.21;-98.39
1869.14;-98.70
1872.07;-99.01
1875.00;-98.94
1877.93;-98.86
1880.86;-99.25
1883.79;-99.33
1886.72;-99.01
1889.65;-99.09
1892.58;-99.09
1895.51;-99.09
1898.44;-99.09
1901.37;-99.25
1904.30;-99.33
1907.23;-99.56
1910.16;-99.40
1913.09;-99.56
1916.02;-99.72
1918.95;-99.48
1921.88;-99.48
1924.80;-99.72
1927.73;-99.95
1930.66;-99.72
1933.59;-99.64
1936.52;-99.72
1939.45;-100.03
1942.38;-100.19
1945.31;-100.26
1948.24;-100.19
1951.17;-100.19
1954.10;-100.34
1957.03;-100.34
1959.96;-100.19
1962.89;-100.34
1965.82;-100.50
1968.75;-100.50
1971.68;-100.65
1974.61;-100.58
1977.54;-100.65
1980.47;-100.97
1983.40;-100.58
1986.33;-100.81
1989.26;-101.05
1992.19;-100.97
1995.12;-100.97
1998.05;-101.05
2000.98;-100.89
2003.91;-100.97
2006.84;-101.05
2009.77;-101.28
2012.70;-101.51
2015.63;-101.67
2018.55;-101.28
2021.48;-101.05
2024.41;-101.36
2027.34;-101.44
2030.27;-101.59
2033.20;-101.83
2036.13;-101.51
2039.06;-101.44
2041.99;-101.44
2044.92;-101.83
2047.85;-101.83
2050.78;-101.51
2053.71;-101.51
2056.64;-101.75
2059.57;-101.98
2062.50;-102.06
2065.43;-101.98
2068.36;-101.90
2071.29;-101.75
2074.22;-101.83
2077.15;-102.14
2080.08;-102.30
2083.01;-102.37
2085.94;-102.37
2088.87;-102.53
2091.80;-102.76
2094.73;-102.37
2097.66;-102.37
2100.59;-102.37
2103.52;-102.61
2106.45;-102.76
2109.38;-102.92
2112.30;-102.92
2115.23;-102.76
2118.16;-102.84
2121.09;-103.00
2124.02;-103.00
2126.95;-103.23
2129.88;-103.08
2132.81;-103.08
2135.74;-102.92
2138.67;-103.08
2141.60;-103.31
2144.53;-103.00
2147.46;-103.08
2150.39;-103.39
2153.32;-103.55
2156.25;-103.55
2159.18;-103.62
2162.11;-103.47
2165.04;-103.55
2167.97;-103.55
2170.90;-103.70
2173.83;-103.94
2176.76;-103.86
2179.69;-103.70
2182.62;-103.94
2185.55;-103.78
2188.48;-104.01
2191.41;-103.94
2194.34;-104.01
2197.27;-104.09
2200.20;-104.01
2203.13;-104.01
2206.05;-103.94
2208.98;-104.33
2211.91;-104.41
2214.84;-104.48
2217.77;-104.41
2220.70;-104.48
2223.63;-104.64
2226.56;-104.80
2229.49;-104.72
2232.42;-104.80
2235.35;-104.72
2238.28;-104.48
2241.21;-104.80
2244.14;-104.87
2247.07;-104.64
2250.00;-104.56
2252.93;-104.95
2255.86;-104.72
2258.79;-104.64
2261.72;-104.72
2264.65;-104.64
2267.58;-104.72
2270.51;-105.19
2273.44;-105.42
2276.37;-105.34
2279.30;-105.26
2282.23;-105.03
2285.16;-104.87
2288.09;-105.19
2291.02;-105.50
2293.95;-105.42
2296.88;-105.42
2299.80;-105.58
2302.73;-105.73
2305.66;-105.66
2308.59;-105.50
2311.52;-105.66
2314.45;-105.81
2317.38;-105.89
2320.31;-105.81
2323.24;-105.73
2326.17;-105.89
2329.10;-106.05
2332.03;-105.89
2334.96;-105.97
2337.89;-105.89
2340.82;-105.97
2343.75;-105.89
2346.68;-106.12
2349.61;-106.44
2352.54;-106.12
2355.47;-106.12
2358.40;-106.52
2361.33;-106.67
2364.26;-106.67
2367.19;-106.28
2370.12;-106.44
2373.05;-106.44
2375.98;-106.59
2378.91;-106.83
2381.84;-106.75
2384.77;-106.52
2387.70;-106.83
2390.63;-106.98
2393.55;-106.91
2396.48;-106.83
2399.41;-106.91
2402.34;-107.22
2405.27;-107.06
2408.20;-106.98
2411.13;-107.06
2414.06;-107.06
2416.99;-107.22
2419.92;-107.22
2422.85;-107.06
2425.78;-107.06
2428.71;-107.14
2431.64;-107.30
2434.57;-107.37
2437.50;-107.37
2440.43;-107.45
2443.36;-107.45
2446.29;-107.53
2449.22;-107.53
2452.15;-107.53
2455.08;-107.45
2458.01;-107.61
2460.94;-107.61
2463.87;-107.77
2466.80;-107.77
2469.73;-107.69
2472.66;-107.61
2475.59;-107.69
2478.52;-108.00
2481.45;-108.00
2484.38;-108.08
2487.30;-108.08
2490.23;-108.23
2493.16;-108.00
2496.09;-108.08
2499.02;-108.08
2501.95;-108.00
2504.88;-108.39
2507.81;-108.39
2510.74;-108.31
2513.67;-108.31
2516.60;-108.39
2519.53;-108.39
2522.46;-108.47
2525.39;-108.31
2528.32;-108.31
2531.25;-108.47
2534.18;-108.47
2537.11;-108.55
2540.04;-108.94
2542.97;-108.86
2545.90;-108.94
2548.83;-108.94
2551.76;-109.02
2554.69;-108.70
2557.62;-108.70
2560.55;-108.86
2563.48;-109.09
2566.41;-109.09
2569.34;-109.17
2572.27;-109.33
2575.20;-109.33
2578.13;-109.41
2581.05;-109.25
2583.98;-109.25
2586.91;-109.17
2589.84;-109.41
2592.77;-109.56
2595.70;-109.25
2598.63;-109.25
2601.56;-109.25
2604.49;-109.41
2607.42;-109.33
2610.35;-109.25
2613.28;-109.33
2616.21;-109.33
2619.14;-109.48
2622.07;-109.64
2625.00;-109.64
2627.93;-109.64
2630.86;-109.88
2633.79;-109.88
2636.72;-109.88
2639.65;-109.72
2642.58;-109.88
2645.51;-110.11
2648.44;-110.11
2651.37;-110.03
2654.30;-109.95
2657.23;-109.95
2660.16;-110.19
2663.09;-110.27
2666.02;-110.19
2668.95;-110.19
2671.88;-110.19
2674.80;-110.19
2677.73;-110.19
2680.66;-110.11
2683.59;-110.03
2686.52;-110.19
2689.45;-110.50
2692.38;-110.58
2695.31;-110.66
2698.24;-110.34
2701.17;-110.50
2704.10;-110.58
2707.03;-110.66
2709.96;-110.50
2712.89;-110.50
2715.82;-110.50
2718.75;-110.58
2721.68;-110.58
2724.61;-110.81
2727.54;-110.89
2730.47;-110.89
2733.40;-110.97
2736.33;-111.05
2739.26;-111.05
2742.19;-110.89
2745.12;-110.74
2748.05;-110.81
2750.98;-110.97
2753.91;-111.28
2756.84;-111.28
2759.77;-110.66
2762.70;-110.74
2765.63;-111.05
2768.55;-111.20
2771.48;-111.20
2774.41;-111.59
2777.34;-111.67
2780.27;-111.52
2783.20;-111.13
2786.13;-111.28
2789.06;-111.44
2791.99;-111.44
2794.92;-111.52
2797.85;-111.52
2800.78;-111.13
2803.71;-111.28
2806.64;-111.75
2809.57;-111.44
2812.50;-111.20
2815.43;-111.83
2818.36;-111.91
2821.29;-111.75
2824.22;-111.83
2827.15;-111.59
2830.08;-111.67
2833.01;-111.83
2835.94;-111.75
2838.87;-111.83
2841.80;-111.91
2844.73;-112.06
2847.66;-112.30
2850.59;-112.14
2853.52;-112.06
2856.45;-111.91
2859.38;-111.99
2862.30;-111.83
2865.23;-112.06
2868.16;-112.22
2871.09;-112.30
2874.02;-112.38
2876.95;-112.06
2879.88;-111.83
2882.81;-111.83
2885.74;-112.14
2888.67;-112.22
2891.60;-112.53
2894.53;-112.53
2897.46;-112.22
2900.39;-112.38
2903.32;-112.30
2906.25;-112.30
2909.18;-112.45
2912.11;-112.69
2915.04;-112.53
2917.97;-112.45
2920.90;-112.69
2923.83;-112.69
2926.76;-112.69
2929.69;-112.61
2932.62;-112.61
2935.55;-112.61
2938.48;-112.61
2941.41;-113.00
2944.34;-112.92
2947.27;-112.53
2950.20;-112.77
2953.13;-113.08
2956.05;-113.00
2958.98;-112.92
2961.91;-112.92
2964.84;-112.84
2967.77;-112.92
2970.70;-113.08
2973.63;-113.08
2976.56;-113.16
2979.49;-113.16
2982.42;-112.92
2985.35;-113.31
2988.28;-113.24
2991.21;-113.16
2994.14;-113.08
2997.07;-113.00
3000.00;-113.08
3002.93;-113.16
3005.86;-113.16
3008.79;-112.92
3011.72;-112.92
3014.65;-113.16
3017.58;-113.24
3020.51;-113.31
3023.44;-113.16
3026.37;-113.31
3029.30;-113.55
3032.23;-113.31
3035.16;-113.24
3038.09;-113.39
3041.02;-113.55
3043.95;-113.55
3046.88;-113.63
3049.80;-113.78
3052.73;-113.55
3055.66;-113.70
3058.59;-113.63
3061.52;-113.47
3064.45;-113.47
3067.38;-113.47
3070.31;-113.47
3073.24;-113.70
3076.17;-113.70
3079.10;-113.63
3082.03;-113.78
3084.96;-113.63
3087.89;-113.94
3090.82;-114.10
3093.75;-113.86
3096.68;-113.94
3099.61;-114.10
3102.54;-114.02
3105.47;-114.02
3108.40;-114.33
3111.33;-114.33
3114.26;-114.17
3117.19;-114.25
3120.12;-114.10
3123.05;-113.94
3125.98;-114.10
3128.91;-114.17
3131.84;-114.02
3134.77;-114.10
3137.70;-114.25
3140.63;-114.02
3143.55;-114.02
3146.48;-114.25
3149.41;-114.17
3152.34;-114.25
3155.27;-114.17
3158.20;-114.25
3161.13;-114.17
3164.06;-114.17
3166.99;-114.10
3169.92;-114.25
3172.85;-114.41
3175.78;-114.41
3178.71;-114.41
3181.64;-114.56
3184.57;-114.49
3187.50;-114.25
3190.43;-114.10
3193.36;-114.41
3196.29;-114.25
3199.22;-114.41
3202.15;-114.33
3205.08;-114.41
3208.01;-114.64
3210.94;-114.33
3213.87;-114.41
3216.80;-114.33
3219.73;-114.56
3222.66;-114.41
3225.59;-114.33
3228.52;-114.33
3231.45;-114.56
3234.38;-114.88
3237.30;-114.80
3240.23;-114.80
3243.16;-114.80
3246.09;-114.56
3249.02;-114.49
3251.95;-114.56
3254.88;-114.56
3257.81;-114.56
3260.74;-114.33
3263.67;-114.56
3266.60;-114.56
3269.53;-114.95
3272.46;-115.03
3275.39;-114.64
3278.32;-114.80
3281.25;-114.80
3284.18;-114.88
3287.11;-114.95
3290.04;-114.72
3292.97;-114.72
3295.90;-114.64
3298.83;-114.88
3301.76;-114.95
3304.69;-114.80
3307.62;-114.56
3310.55;-114.56
3313.48;-114.72
3316.41;-114.95
3319.34;-114.95
3322.27;-114.88
3325.20;-115.11
3328.13;-115.11
3331.05;-114.88
3333.98;-114.95
3336.91;-114.95
3339.84;-115.11
3342.77;-115.27
3345.70;-115.03
3348.63;-115.03
3351.56;-114.88
3354.49;-114.95
3357.42;-115.27
3360.35;-115.27
3363.28;-115.19
3366.21;-115.42
3369.14;-115.27
3372.07;-115.03
3375.00;-115.03
3377.93;-115.19
3380.86;-115.35
3383.79;-115.66
3386.72;-115.03
3389.65;-115.19
3392.58;-115.11
3395.51;-115.19
3398.44;-115.35
3401.37;-115.11
3404.30;-114.95
3407.23;-114.95
3410.16;-115.19
3413.09;-115.35
3416.02;-115.42
3418.95;-115.27
3421.88;-114.95
3424.80;-115.03
3427.73;-115.11
3430.66;-115.19
3433.59;-115.11
3436.52;-115.27
3439.45;-115.27
3442.38;-115.42
3445.31;-115.74
3448.24;-115.66
3451.17;-115.35
3454.10;-115.35
3457.03;-115.27
3459.96;-115.35
3462.89;-115.35
3465.82;-115.19
3468.75;-115.27
3471.68;-115.27
3474.61;-115.11
3477.54;-115.35
3480.47;-115.42
3483.40;-115.58
3486.33;-115.50
3489.26;-115.35
3492.19;-115.27
3495.12;-115.42
3498.05;-115.50
3500.98;-115.50
3503.91;-115.50
3506.84;-115.50
3509.77;-115.42
3512.70;-115.27
3515.63;-115.27
3518.55;-115.50
3521.48;-115.42
3524.41;-115.35
3527.34;-115.50
3530.27;-115.50
3533.20;-115.35
3536.13;-115.58
3539.06;-115.74
3541.99;-115.66
3544.92;-115.74
3547.85;-115.66
3550.78;-115.50
3553.71;-115.19
3556.64;-115.74
3559.57;-115.81
3562.50;-115.66
3565.43;-115.50
3568.36;-115.42
3571.29;-115.42
3574.22;-115.42
3577.15;-115.58
3580.08;-115.81
3583.01;-115.58
3585.94;-116.05
3588.87;-115.97
3591.80;-115.66
3594.73;-115.35
3597.66;-115.35
3600.59;-115.35
3603.52;-115.58
3606.45;-115.74
3609.38;-115.97
3612.30;-115.81
3615.23;-115.81
3618.16;-115.81
3621.09;-115.58
3624.02;-115.66
3626.95;-115.74
3629.88;-115.89
3632.81;-115.89
3635.74;-115.81
3638.67;-115.81
3641.60;-115.81
3644.53;-115.58
3647.46;-115.81
3650.39;-116.13
3653.32;-115.97
3656.25;-115.74
3659.18;-115.74
3662.11;-115.89
3665.04;-115.74
3667.97;-115.74
3670.90;-115.74
3673.83;-115.42
3676.76;-115.58
3679.69;-115.81
3682.62;-115.66
3685.55;-115.74
3688.48;-115.74
3691.41;-115.81
3694.34;-115.81
3697.27;-115.81
3700.20;-115.89
3703.13;-115.81
3706.05;-115.74
3708.98;-115.81
3711.91;-115.66
3714.84;-115.66
3717.77;-115.97
3720.70;-116.05
3723.63;-116.05
3726.56;-115.81
3729.49;-115.74
3732.42;-115.74
3735.35;-115.81
3738.28;-115.89
3741.21;-115.58
3744.14;-115.50
3747.07;-115.66
3750.00;-115.74
3752.93;-115.81
3755.86;-115.81
3758.79;-115.97
3761.72;-115.74
3764.65;-115.66
3767.58;-115.97
3770.51;-115.81
3773.44;-115.66
3776.37;-115.89
3779.30;-116.13
3782.23;-115.81
3785.16;-115.74
3788.09;-116.05
3791.02;-116.13
3793.95;-115.74
3796.88;-116.13
3799.80;-116.21
3802.73;-116.05
3805.66;-115.89
3808.59;-115.89
3811.52;-116.05
3814.45;-115.97
3817.38;-115.97
3820.31;-115.89
3823.24;-116.05
3826.17;-115.81
3829.10;-116.05
3832.03;-116.13
3834.96;-115.89
3837.89;-115.89
3840.82;-115.58
3843.75;-115.89
3846.68;-115.81
3849.61;-115.74
3852.54;-115.81
3855.47;-115.74
3858.40;-115.66
3861.33;-115.89
3864.26;-116.05
3867.19;-115.81
3870.12;-115.50
3873.05;-115.50
3875.98;-115.50
3878.91;-115.74
3881.84;-115.81
3884.77;-115.97
3887.70;-115.97
3890.63;-115.97
3893.55;-115.97
3896.48;-115.89
3899.41;-115.66
3902.34;-115.66
3905.27;-116.13
3908.20;-116.05
3911.13;-115.89
3914.06;-116.05
3916.99;-116.13
3919.92;-115.66
3922.85;-115.42
3925.78;-115.74
3928.71;-115.97
3931.64;-116.05
3934.57;-115.81
3937.50;-115.81
3940.43;-115.89
3943.36;-115.81
3946.29;-115.97
3949.22;-115.89
3952.15;-115.81
3955.08;-115.74
3958.01;-115.89
3960.94;-115.81
3963.87;-115.50
3966.80;-115.89
3969.73;-115.97
3972.66;-115.89
3975.59;-115.81
3978.52;-115.89
3981.45;-116.13
3984.38;-116.05
3987.30;-115.66
3990.23;-115.66
3993.16;-115.66
3996.09;-115.66
3999.02;-115.81
4001.95;-115.50
4004.88;-115.58
4007.81;-115.81
4010.74;-115.97
4013.67;-115.74
4016.60;-115.89
4019.53;-116.13
4022.46;-115.97
4025.39;-115.81
4028.32;-115.89
4031.25;-115.89
4034.18;-115.50
4037.11;-115.58
4040.04;-115.74
4042.97;-115.97
4045.90;-115.66
4048.83;-115.74
4051.76;-115.81
4054.69;-116.05
4057.62;-115.97
4060.55;-115.74
4063.48;-115.89
4066.41;-115.89
4069.34;-115.89
4072.27;-115.66
4075.20;-115.81
4078.13;-115.81
4081.05;-115.50
4083.98;-115.58
4086.91;-115.81
4089.84;-115.89
4092.77;-115.58
4095.70;-115.50
4098.63;-115.89
4101.56;-115.97
4104.49;-115.66
4107.42;-115.74
4110.35;-115.66
4113.28;-115.66
4116.21;-115.66
4119.14;-115.66
4122.07;-115.89
4125.00;-116.21
4127.93;-115.97
4130.86;-115.58
4133.79;-115.74
4136.72;-115.89
4139.65;-115.58
4142.58;-115.42
4145.51;-115.50
4148.44;-115.58
4151.37;-115.66
4154.30;-115.81
4157.23;-115.81
4160.16;-115.74
4163.09;-115.66
4166.02;-115.74
4168.95;-115.81
4171.88;-115.81
4174.80;-115.81
4177.73;-115.81
4180.66;-115.74
4183.59;-115.50
4186.52;-115.66
4189.45;-115.74
4192.38;-115.66
4195.31;-115.58
4198.24;-115.35
4201.17;-115.97
4204.10;-116.13
4207.03;-115.66
4209.96;-115.42
4212.89;-115.58
4215.82;-115.66
4218.75;-115.89
4221.68;-115.81
4224.61;-115.58
4227.54;-115.42
4230.47;-115.66
4233.40;-115.42
4236.33;-115.35
4239.26;-115.81
4242.19;-115.81
4245.12;-115.58
4248.05;-115.74
4250.98;-115.58
4253.91;-115.58
4256.84;-115.74
4259.77;-115.66
4262.70;-116.13
4265.63;-116.05
4268.55;-116.05
4271.48;-115.74
4274.41;-115.58
4277.34;-115.42
4280.27;-115.27
4283.20;-115.35
4286.13;-115.50
4289.06;-115.74
4291.99;-115.81
4294.92;-115.66
4297.85;-115.74
4300.78;-115.81
4303.71;-115.66
4306.64;-115.50
4309.57;-115.58
4312.50;-115.50
4315.43;-115.50
4318.36;-115.74
4321.29;-115.74
4324.22;-115.50
4327.15;-115.35
4330.08;-115.58
4333.01;-115.50
4335.94;-115.50
4338.87;-115.42
4341.80;-115.50
4344.73;-115.42
4347.66;-115.74
4350.59;-115.58
4353.52;-115.42
4356.45;-115.50
4359.38;-115.58
4362.30;-115.58
4365.23;-115.58
4368.16;-115.74
4371.09;-115.81
4374.02;-115.58
4376.95;-115.27
4379.88;-115.19
4382.81;-115.35
4385.74;-115.42
4388.67;-115.74
4391.60;-115.89
4394.53;-115.74
4397.46;-115.58
4400.39;-115.74
4403.32;-115.42
4406.25;-115.27
4409.18;-115.27
4412.11;-115.58
4415.04;-115.81
4417.97;-115.89
4420.90;-115.66
4423.83;-115.58
4426.76;-115.66
4429.69;-115.42
4432.62;-115.11
4435.55;-115.27
4438.48;-115.50
4441.41;-115.50
4444.34;-115.66
4447.27;-115.66
4450.20;-115.58
4453.13;-115.42
4456.05;-115.11
4458.98;-115.11
4461.91;-115.11
4464.84;-115.35
4467.77;-115.50
4470.70;-115.58
4473.63;-115.50
4476.56;-115.35
4479.49;-115.66
4482.42;-115.35
4485.35;-115.27
4488.28;-115.50
4491.21;-115.35
4494.14;-115.35
4497.07;-115.27
4500.00;-115.19
4502.93;-115.19
4505.86;-115.11
4508.79;-115.03
4511.72;-114.95
4514.65;-115.03
4517.58;-115.27
4520.51;-115.50
4523.44;-115.50
4526.37;-115.42
4529.30;-115.42
4532.23;-115.42
4535.16;-115.35
4538.09;-115.19
4541.02;-115.50
4543.95;-115.66
4546.88;-115.89
4549.80;-115.66
4552.73;-115.35
4555.66;-115.35
4558.59;-115.19
4561.52;-115.11
4564.45;-115.42
4567.38;-115.50
4570.31;-115.42
4573.24;-115.19
4576.17;-115.19
4579.10;-114.95
4582.03;-114.80
4584.96;-115.03
4587.89;-115.11
4590.82;-115.35
4593.75;-115.58
4596.68;-115.42
4599.61;-115.19
4602.54;-115.11
4605.47;-115.11
4608.40;-115.11
4611.33;-115.19
4614.26;-115.19
4617.19;-115.27
4620.12;-115.27
4623.05;-115.19
4625.98;-115.11
4628.91;-115.11
4631.84;-115.03
4634.77;-115.19
4637.70;-115.19
4640.63;-115.27
4643.55;-115.27
4646.48;-115.19
4649.41;-115.35
4652.34;-115.42
4655.27;-115.11
4658.20;-115.03
4661.13;-115.27
4664.06;-115.19
4666.99;-115.19
4669.92;-115.35
4672.85;-115.03
4675.78;-115.03
4678.71;-115.19
4681.64;-115.27
4684.57;-115.35
4687.50;-115.27
4690.43;-115.35
4693.36;-115.11
4696.29;-115.11
4699.22;-115.19
4702.15;-115.42
4705.08;-115.42
4708.01;-115.27
4710.94;-115.42
4713.87;-115.19
4716.80;-115.03
4719.73;-115.27
4722.66;-115.19
4725.59;-114.88
4728.52;-115.11
4731.45;-115.11
4734.38;-114.80
4737.30;-114.80
4740.23;-115.03
4743.16;-115.03
4746.09;-114.88
4749.02;-114.72
4751.95;-115.03
4754.88;-115.03
4757.81;-114.88
4760.74;-114.88
4763.67;-114.88
4766.60;-114.95
4769.53;-114.80
4772.46;-115.03
4775.39;-115.11
4778.32;-115.11
4781.25;-115.11
4784.18;-115.27
4787.11;-115.03
4790.04;-114.95
4792.97;-114.95
4795.90;-114.88
4798.83;-114.80
4801.76;-114.95
4804.69;-114.80
4807.62;-115.11
4810.55;-115.11
4813.48;-115.03
4816.41;-114.88
4819.34;-114.95
4822.27;-114.88
4825.20;-114.88
4828.13;-114.88
4831.05;-115.11
4833.98;-115.11
4836.91;-115.03
4839.84;-115.03
4842.77;-114.88
4845.70;-114.95
4848.63;-115.03
4851.56;-115.11
4854.49;-115.27
4857.42;-114.80
4860.35;-114.49
4863.28;-114.80
4866.21;-114.72
4869.14;-114.72
4872.07;-114.80
4875.00;-114.88
4877.93;-114.64
4880.86;-114.88
4883.79;-115.03
4886.72;-114.95
4889.65;-115.03
4892.58;-114.95
4895.51;-114.72
4898.44;-114.80
4901.37;-115.19
4904.30;-115.11
4907.23;-115.11
4910.16;-114.88
4913.09;-115.03
4916.02;-115.11
4918.95;-114.72
4921.88;-114.80
4924.80;-114.95
4927.73;-114.72
4930.66;-114.64
4933.59;-114.80
4936.52;-114.95
4939.45;-114.80
4942.38;-114.64
4945.31;-114.64
4948.24;-114.80
4951.17;-114.88
4954.10;-115.11
4957.03;-115.03
4959.96;-114.80
4962.89;-114.88
4965.82;-114.80
4968.75;-114.72
4971.68;-114.64
4974.61;-114.64
4977.54;-114.64
4980.47;-114.64
4983.40;-114.64
4986.33;-114.56
4989.26;-114.64
4992.19;-114.41
4995.12;-114.41
4998.05;-114.49
5000.98;-114.49
5003.91;-114.56
5006.84;-114.56
5009.77;-114.72
5012.70;-114.88
5015.63;-114.72
5018.55;-114.80
5021.48;-114.64
5024.41;-114.80
5027.34;-114.56
5030.27;-114.72
5033.20;-114.95
5036.13;-114.88
5039.06;-114.56
5041.99;-114.64
5044.92;-114.33
5047.85;-114.64
5050.78;-114.64
5053.71;-114.41
5056.64;-114.56
5059.57;-114.64
5062.50;-114.64
5065.43;-114.64
5068.36;-114.41
5071.29;-114.49
5074.22;-114.64
5077.15;-114.64
5080.08;-114.64
5083.01;-114.72
5085.94;-114.64
5088.87;-114.41
5091.80;-114.56
5094.73;-114.80
5097.66;-114.49
5100.59;-114.25
5103.52;-114.33
5106.45;-114.17
5109.38;-114.25
5112.30;-114.17
5115.23;-114.41
5118.16;-114.25
5121.09;-114.41
5124.02;-114.49
5126.95;-114.64
5129.88;-114.64
5132.81;-114.33
5135.74;-114.33
5138.67;-114.33
5141.60;-114.41
5144.53;-114.49
5147.46;-114.72
5150.39;-114.80
5153.32;-114.56
5156.25;-114.33
5159.18;-114.41
5162.11;-114.72
5165.04;-114.72
5167.97;-114.64
5170.90;-114.80
5173.83;-114.64
5176.76;-114.49
5179.69;-114.64
5182.62;-114.41
5185.55;-114.41
5188.48;-114.49
5191.41;-114.33
5194.34;-114.49
5197.27;-114.17
5200.20;-114.25
5203.13;-114.56
5206.05;-114.41
5208.98;-114.49
5211.91;-114.49
5214.84;-114.33
5217.77;-114.33
5220.70;-114.41
5223.63;-114.64
5226.56;-114.41
5229.49;-114.17
5232.42;-114.41
5235.35;-114.49
5238.28;-114.41
5241.21;-114.17
5244.14;-114.25
5247.07;-114.72
5250.00;-114.80
5252.93;-114.41
5255.86;-114.56
5258.79;-114.49
5261.72;-114.33
5264.65;-114.56
5267.58;-114.41
5270.51;-114.25
5273.44;-114.41
5276.37;-114.41
5279.30;-114.33
5282.23;-114.17
5285.16;-114.41
5288.09;-114.64
5291.02;-114.56
5293.95;-114.64
5296.88;-114.49
5299.80;-114.33
5302.73;-114.64
5305.66;-114.49
5308.59;-114.25
5311.52;-114.49
5314.45;-114.25
5317.38;-114.33
5320.31;-114.41
5323.24;-114.25
5326.17;-114.33
5329.10;-114.25
5332.03;-114.33
5334.96;-114.17
5337.89;-114.17
5340.82;-114.25
5343.75;-114.25
5346.68;-114.33
5349.61;-114.25
5352.54;-114.33
5355.47;-113.94
5358.40;-114.17
5361.33;-114.33
5364.26;-114.25
5367.19;-114.10
5370.12;-114.33
5373.05;-114.17
5375.98;-114.10
5378.91;-114.25
5381.84;-114.17
5384.77;-114.17
5387.70;-114.25
5390.63;-114.41
5393.55;-114.49
5396.48;-114.25
5399.41;-114.17
5402.34;-114.02
5405.27;-113.86
5408.20;-114.10
5411.13;-114.10
5414.06;-114.02
5416.99;-114.25
5419.92;-114.10
5422.85;-113.86
5425.78;-114.02
5428.71;-114.33
5431.64;-114.25
5434.57;-114.33
5437.50;-113.94
5440.43;-113.70
5443.36;-113.55
5446.29;-113.94
5449.22;-114.10
5452.15;-113.78
5455.08;-114.10
5458.01;-114.33
5460.94;-113.94
5463.87;-114.02
5466.80;-113.78
5469.73;-113.78
5472.66;-113.86
5475.59;-114.02
5478.52;-114.10
5481.45;-114.02
5484.38;-114.02
5487.30;-114.10
5490.23;-114.02
5493.16;-114.17
5496.09;-113.94
5499.02;-114.02
5501.95;-114.25
5504.88;-114.10
5507.81;-114.17
5510.74;-114.41
5513.67;-114.10
5516.60;-113.86
5519.53;-114.02
5522.46;-114.25
5525.39;-113.86
5528.32;-113.94
5531.25;-114.17
5534.18;-114.33
5537.11;-113.94
5540.04;-113.70
5542.97;-114.02
5545.90;-113.78
5548.83;-113.86
5551.76;-113.86
5554.69;-114.02
5557.62;-114.10
5560.55;-114.10
5563.48;-113.70
5566.41;-113.78
5569.34;-113.86
5572.27;-114.02
5575.20;-113.78
5578.13;-113.78
5581.05;-113.94
5583.98;-113.86
5586.91;-113.86
5589.84;-114.02
5592.77;-114.02
5595.70;-113.86
5598.63;-113.86
5601.56;-114.17
5604.49;-114.10
5607.42;-113.86
5610.35;-113.86
5613.28;-113.94
5616.21;-114.02
5619.14;-113.86
5622.07;-113.94
5625.00;-113.94
5627.93;-113.70
5630.86;-113.55
5633.79;-113.86
5636.72;-113.78
5639.65;-113.63
5642.58;-113.86
5645.51;-114.10
5648.44;-114.10
5651.37;-114.02
5654.30;-113.86
5657.23;-113.86
5660.16;-113.63
5663.09;-113.47
5666.02;-113.63
5668.95;-113.94
5671.88;-113.78
5674.80;-113.63
5677.73;-113.78
5680.66;-113.63
5683.59;-113.78
5686.52;-113.86
5689.45;-113.47
5692.38;-113.63
5695.31;-113.94
5698.24;-113.70
5701.17;-113.86
5704.10;-114.10
5707.03;-114.02
5709.96;-113.86
5712.89;-113.94
5715.82;-113.55
5718.75;-113.55
5721.68;-113.70
5724.61;-113.47
5727.54;-113.55
5730.47;-113.70
5733.40;-113.78
5736.33;-113.55
5739.26;-113.63
5742.19;-113.70
5745.12;-113.55
5748.05;-113.47
5750.98;-113.47
5753.91;-113.55
5756.84;-113.63
5759.77;-113.47
5762.70;-113.55
5765.63;-113.55
5768.55;-113.63
5771.48;-113.55
5774.41;-113.55
5777.34;-113.78
5780.27;-113.70
5783.20;-113.63
5786.13;-113.70
5789.06;-113.78
5791.99;-113.78
5794.92;-113.31
5797.85;-113.47
5800.78;-113.55
5803.71;-113.55
5806.64;-113.47
5809.57;-113.31
5812.50;-113.31
5815.43;-113.31
5818.36;-113.55
5821.29;-113.63
5824.22;-113.78
5827.15;-113.78
5830.08;-113.78
5833.01;-113.63
5835.94;-113.39
5838.87;-113.31
5841.80;-113.63
5844.73;-113.63
5847.66;-113.78
5850.59;-113.47
5853.52;-113.55
5856.45;-113.63
5859.38;-113.70
5862.30;-113.63
5865.23;-113.39
5868.16;-113.55
5871.09;-113.39
5874.02;-113.55
5876.95;-113.39
5879.88;-113.47
5882.81;-113.70
5885.74;-113.78
5888.67;-113.70
5891.60;-113.39
5894.53;-113.24
5897.46;-113.39
5900.39;-113.47
5903.32;-113.24
5906.25;-113.31
5909.18;-113.24
5912.11;-113.16
5915.04;-113.39
5917.97;-113.39
5920.90;-113.39
5923.83;-113.55
5926.76;-113.47
5929.69;-113.39
5932.62;-113.31
5935.55;-113.24
5938.48;-113.55
5941.41;-113.63
5944.34;-113.55
5947.27;-113.24
5950.20;-113.24
5953.13;-113.47
5956.05;-113.55
5958.98;-113.86
5961.91;-113.39
5964.84;-113.16
5967.77;-113.39
5970.70;-113.31
5973.63;-113.31
5976.56;-113.31
5979.49;-113.24
5982.42;-113.24
5985.35;-113.08
5988.28;-113.24
5991.21;-113.39
5994.14;-113.55
5997.07;-113.63
6000.00;-113.39
6002.93;-113.16
6005.86;-113.16
6008.79;-113.16
6011.72;-113.00
6014.65;-113.16
6017.58;-113.24
6020.51;-113.31
6023.44;-113.24
6026.37;-113.24
6029.30;-113.00
6032.23;-112.92
6035.16;-113.24
6038.09;-113.16
6041.02;-112.84
6043.95;-113.00
6046.88;-113.16
6049.80;-113.16
6052.73;-113.08
6055.66;-113.16
6058.59;-113.00
6061.52;-113.08
6064.45;-113.31
6067.38;-113.47
6070.31;-113.16
6073.24;-113.00
6076.17;-113.16
6079.10;-113.08
6082.03;-113.24
6084.96;-113.47
6087.89;-113.24
6090.82;-113.24
6093.75;-113.16
6096.68;-113.31
6099.61;-113.16
6102.54;-113.08
6105.47;-113.16
6108.40;-113.08
6111.33;-113.08
6114.26;-113.31
6117.19;-113.55
6120.12;-113.47
6123.05;-113.08
6125.98;-113.00
6128.91;-113.16
6131.84;-113.08
6134.77;-113.24
6137.70;-113.16
6140.63;-113.16
6143.55;-113.24
6146.48;-113.08
6149.41;-113.00
6152.34;-113.31
6155.27;-113.31
6158.20;-113.24
6161.13;-113.00
6164.06;-113.08
6166.99;-113.08
6169.92;-112.77
6172.85;-112.84
6175.78;-112.77
6178.71;-113.00
6181.64;-113.16
6184.57;-113.16
6187.50;-113.08
6190.43;-112.92
6193.36;-112.77
6196.29;-112.92
6199.22;-113.08
6202.15;-112.84
6205.08;-112.84
6208.01;-113.00
6210.94;-113.00
6213.87;-113.00
6216.80;-113.00
6219.73;-113.00
6222.66;-113.00
6225.59;-112.92
6228.52;-112.77
6231.45;-113.00
6234.38;-112.84
6237.30;-112.69
6240.23;-112.84
6243.16;-112.77
6246.09;-112.61
6249.02;-112.84
6251.95;-113.08
6254.88;-112.84
6257.81;-112.77
6260.74;-112.84
6263.67;-113.08
6266.60;-113.24
6269.53;-112.92
6272.46;-112.69
6275.39;-112.77
6278.32;-112.84
6281.25;-113.00
6284.18;-112.84
6287.11;-112.77
6290.04;-112.92
6292.97;-113.08
6295.90;-113.24
6298.83;-113.00
6301.76;-112.69
6304.69;-112.69
6307.62;-112.92
6310.55;-112.92
6313.48;-112.69
6316.41;-112.61
6319.34;-112.84
6322.27;-112.77
6325.20;-112.92
6328.13;-113.16
6331.05;-113.39
6333.98;-113.00
6336.91;-112.84
6339.84;-112.84
6342.77;-112.77
6345.70;-112.77
6348.63;-112.69
6351.56;-112.77
6354.49;-112.77
6357.42;-112.61
6360.35;-113.00
6363.28;-113.08
6366.21;-113.16
6369.14;-113.08
6372.07;-112.92
6375.00;-112.53
6377.93;-112.53
6380.86;-112.84
6383.79;-113.16
6386.72;-112.77
6389.65;-112.69
6392.58;-112.61
6395.51;-112.61
6398.44;-112.61
6401.37;-112.53
6404.30;-112.69
6407.23;-112.77
6410.16;-112.77
6413.09;-112.92
6416.02;-112.77
6418.95;-112.53
6421.88;-112.45
6424.80;-112.61
6427.73;-113.00
6430.66;-112.84
6433.59;-112.69
6436.52;-112.77
6439.45;-112.53
6442.38;-112.69
6445.31;-112.69
6448.24;-112.61
6451.17;-112.61
6454.10;-112.61
6457.03;-112.61
6459.96;-112.84
6462.89;-112.84
6465.82;-112.84
6468.75;-112.84
6471.68;-112.61
6474.61;-112.69
6477.54;-112.61
6480.47;-112.53
6483.40;-112.61
6486.33;-112.61
6489.26;-112.77
6492.19;-112.84
6495.12;-112.53
6498.05;-112.45
6500.98;-112.53
6503.91;-112.77
6506.84;-112.69
6509.77;-112.45
6512.70;-112.69
6515.63;-112.53
6518.55;-112.69
6521.48;-112.69
6524.41;-112.53
6527.34;-112.30
6530.27;-112.38
6533.20;-112.45
6536.13;-112.45
6539.06;-112.77
6541.99;-112.53
6544.92;-112.45
6547.85;-112.45
6550.78;-112.45
6553.71;-112.61
6556.64;-112.61
6559.57;-112.45
6562.50;-112.77
6565.43;-112.77
6568.36;-112.30
6571.29;-112.61
6574.22;-112.84
6577.15;-113.00
6580.08;-112.84
6583.01;-112.61
6585.94;-112.61
6588.87;-112.38
6591.80;-112.38
6594.73;-112.45
6597.66;-112.45
6600.59;-112.92
6603.52;-112.77
6606.45;-112.30
6609.38;-112.38
6612.30;-112.69
6615.23;-112.45
6618.16;-112.45
6621.09;-112.69
6624.02;-112.45
6626.95;-112.30
6629.88;-112.30
6632.81;-112.69
6635.74;-112.53
6638.67;-112.45
6641.60;-112.53
6644.53;-112.53
6647.46;-112.61
6650.39;-112.92
6653.32;-112.45
6656.25;-112.14
6659.18;-112.14
6662.11;-112.22
6665.04;-112.38
6667.97;-112.45
6670.90;-112.53
6673.83;-112.38
6676.76;-112.38
6679.69;-112.06
6682.62;-112.30
6685.55;-112.30
6688.48;-112.30
6691.41;-112.22
6694.34;-112.22
6697.27;-112.14
6700.20;-112.14
6703.13;-112.45
6706.05;-112.45
6708.98;-112.53
6711.91;-112.53
6714.84;-112.30
6717.77;-111.99
6720.70;-112.30
6723.63;-112.53
6726.56;-112.45
6729.49;-112.38
6732.42;-112.38
6735.35;-112.45
6738.28;-112.22
6741.21;-112.38
6744.14;-112.22
6747.07;-112.14
6750.00;-112.14
6752.93;-112.14
6755.86;-112.38
6758.79;-112.53
6761.72;-112.38
6764.65;-112.22
6767.58;-112.30
6770.51;-112.14
6773.44;-112.06
6776.37;-112.30
6779.30;-112.30
6782.23;-112.30
6785.16;-112.30
6788.09;-112.38
6791.02;-112.38
6793.95;-112.38
6796.88;-112.14
6799.80;-112.14
6802.73;-112.14
6805.66;-112.14
6808.59;-112.38
6811.52;-112.30
6814.45;-111.91
6817.38;-112.14
6820.31;-112.45
6823.24;-112.14
6826.17;-112.14
6829.10;-112.53
6832.03;-112.69
6834.96;-112.38
6837.89;-112.06
6840.82;-112.14
6843.75;-112.06
6846.68;-112.06
6849.61;-112.06
6852.54;-112.30
6855.47;-112.22
6858.40;-112.22
6861.33;-112.30
6864.26;-112.22
6867.19;-112.14
6870.12;-112.38
6873.05;-112.38
6875.98;-112.22
6878.91;-112.30
6881.84;-112.30
6884.77;-112.22
6887.70;-112.30
6890.63;-112.22
6893.55;-112.22
6896.48;-112.30
6899.41;-112.14
6902.34;-111.91
6905.27;-112.06
6908.20;-112.22
6911.13;-112.38
6914.06;-112.53
6916.99;-112.38
6919.92;-112.22
6922.85;-111.99
6925.78;-111.99
6928.71;-111.91
6931.64;-111.99
6934.57;-111.83
6937.50;-112.06
6940.43;-112.14
6943.36;-111.91
6946.29;-112.06
6949.22;-112.22
6952.15;-112.30
6955.08;-112.53
6958.01;-112.22
6960.94;-111.99
6963.87;-111.91
6966.80;-111.91
6969.73;-112.14
6972.66;-112.38
6975.59;-112.14
6978.52;-111.99
6981.45;-111.83
6984.38;-112.22
6987.30;-111.91
6990.23;-111.75
6993.16;-112.22
6996.09;-112.14
6999.02;-111.91
7001.95;-111.99
7004.88;-111.99
7007.81;-111.91
7010.74;-111.75
7013.67;-111.99
7016.60;-112.22
7019.53;-111.99
7022.46;-111.99
7025.39;-111.75
7028.32;-111.75
7031.25;-111.91
7034.18;-111.99
7037.11;-111.83
7040.04;-112.06
7042.97;-112.14
7045.90;-112.14
7048.83;-111.83
7051.76;-111.59
7054.69;-111.91
7057.62;-111.91
7060.55;-111.59
7063.48;-111.67
7066.41;-111.52
7069.34;-111.67
7072.27;-111.67
7075.20;-112.06
7078.13;-111.99
7081.05;-111.83
7083.98;-111.91
7086.91;-111.83
7089.84;-111.59
7092.77;-111.75
7095.70;-112.14
7098.63;-111.99
7101.56;-111.67
7104.49;-111.75
7107.42;-111.67
7110.35;-111.75
7113.28;-111.75
7116.21;-111.83
7119.14;-111.67
7122.07;-111.75
7125.00;-111.83
7127.93;-111.59
7130.86;-111.59
7133.79;-111.83
7136.72;-111.75
7139.65;-111.59
7142.58;-111.75
7145.51;-111.59
7148.44;-111.83
7151.37;-111.99
7154.30;-111.83
7157.23;-111.91
7160.16;-111.83
7163.09;-111.83
7166.02;-111.75
7168.95;-111.75
7171.88;-111.91
7174.80;-111.99
7177.73;-111.67
7180.66;-111.67
7183.59;-111.99
7186.52;-111.91
7189.45;-111.83
7192.38;-111.44
7195.31;-111.44
7198.24;-111.67
7201.17;-111.83
7204.10;-111.83
7207.03;-111.75
7209.96;-111.67
7212.89;-111.59
7215.82;-111.83
7218.75;-111.91
7221.68;-111.83
7224.61;-111.99
7227.54;-111.91
7230.47;-111.59
7233.40;-111.59
7236.33;-111.75
7239.26;-111.75
7242.19;-111.91
7245.12;-112.06
7248.05;-111.99
7250.98;-111.75
7253.91;-111.83
7256.84;-111.75
7259.77;-111.44
7262.70;-111.36
7265.63;-111.52
7268.55;-111.59
7271.48;-111.83
7274.41;-111.99
7277.34;-111.91
7280.27;-111.83
7283.20;-111.75
7286.13;-111.91
7289.06;-111.83
7291.99;-111.75
7294.92;-111.75
7297.85;-111.67
7300.78;-111.44
7303.71;-111.59
7306.64;-111.67
7309.57;-111.83
7312.50;-111.44
7315.43;-111.44
7318.36;-111.44
7321.29;-111.91
7324.22;-112.14
7327.15;-111.83
7330.08;-111.67
7333.01;-111.75
7335.94;-111.59
7338.87;-111.52
7341.80;-111.91
7344.73;-111.91
7347.66;-111.67
7350.59;-111.83
7353.52;-111.83
7356.45;-111.59
7359.38;-111.59
7362.30;-111.75
7365.23;-111.59
7368.16;-111.67
7371.09;-111.36
7374.02;-111.36
7376.95;-111.75
7379.88;-111.75
7382.81;-111.36
7385.74;-111.20
7388.67;-111.59
7391.60;-111.83
7394.53;-111.99
7397.46;-111.83
7400.39;-111.67
7403.32;-111.52
7406.25;-111.59
7409.18;-111.67
7412.11;-111.75
7415.04;-111.75
7417.97;-111.67
7420.90;-111.52
7423.83;-111.83
7426.76;-111.83
7429.69;-111.59
7432.62;-111.52
7435.55;-111.67
7438.48;-111.91
7441.41;-111.83
7444.34;-111.59
7447.27;-111.52
7450.20;-111.67
7453.13;-111.75
7456.05;-111.67
7458.98;-111.52
7461.91;-111.36
7464.84;-111.13
7467.77;-111.44
7470.70;-111.52
7473.63;-111.44
7476.56;-111.28
7479.49;-111.28
7482.42;-111.28
7485.35;-111.67
7488.28;-111.91
7491.21;-111.59
7494.14;-111.13
7497.07;-111.36
7500.00;-111.75
7502.93;-111.83
7505.86;-111.91
7508.79;-111.59
7511.72;-111.36
7514.65;-111.36
7517.58;-111.28
7520.51;-111.28
7523.44;-111.52
7526.37;-111.67
7529.30;-111.75
7532.23;-111.59
7535.16;-111.36
7538.09;-111.52
7541.02;-111.67
7543.95;-111.44
7546.88;-111.59
7549.80;-111.36
7552.73;-111.28
7555.66;-111.20
7558.59;-111.28
7561.52;-111.52
7564.45;-111.52
7567.38;-111.36
7570.31;-111.52
7573.24;-111.59
7576.17;-111.44
7579.10;-111.20
7582.03;-111.36
7584.96;-111.59
7587.89;-111.52
7590.82;-111.52
7593.75;-111.05
7596.68;-111.20
7599.61;-111.28
7602.54;-111.44
7605.47;-111.44
7608.40;-111.52
7611.33;-111.44
7614.26;-111.28
7617.19;-111.44
7620.12;-111.36
7623.05;-111.28
7625.98;-111.44
7628.91;-111.67
7631.84;-111.67
7634.77;-111.28
7637.70;-111.44
7640.63;-111.36
7643.55;-111.36
7646.48;-111.44
7649.41;-111.75
7652.34;-111.44
7655.27;-110.97
7658.20;-111.20
7661.13;-111.59
7664.06;-111.75
7666.99;-111.59
7669.92;-111.36
7672.85;-111.44
7675.78;-111.44
7678.71;-111.36
7681.64;-111.20
7684.57;-111.28
7687.50;-111.28
7690.43;-110.97
7693.36;-110.97
7696.29;-111.28
7699.22;-111.20
7702.15;-111.13
7705.08;-111.28
7708.01;-111.36
7710.94;-111.36
7713.87;-111.20
7716.80;-111.36
7719.73;-111.52
7722.66;-111.59
7725.59;-111.44
7728.52;-111.36
7731.45;-111.59
7734.38;-111.52
7737.30;-111.36
7740.23;-111.28
7743.16;-111.28
7746.09;-111.52
7749.02;-111.52
7751.95;-111.36
7754.88;-111.28
7757.81;-111.44
7760.74;-111.52
7763.67;-111.44
7766.60;-111.36
7769.53;-111.28
7772.46;-111.05
7775.39;-111.05
7778.32;-111.36
7781.25;-111.52
7784.18;-111.67
7787.11;-111.44
7790.04;-111.20
7792.97;-111.13
7795.90;-111.13
7798.83;-111.28
7801.76;-111.28
7804.69;-111.20
7807.62;-111.67
7810.55;-111.59
7813.48;-111.44
7816.41;-111.52
7819.34;-111.75
7822.27;-111.59
7825.20;-111.13
7828.13;-111.13
7831.05;-111.13
7833.98;-111.20
7836.91;-111.28
7839.84;-111.13
7842.77;-111.13
7845.70;-111.36
7848.63;-111.28
7851.56;-111.28
7854.49;-111.36
7857.42;-111.28
7860.35;-111.20
7863.28;-111.20
7866.21;-111.36
7869.14;-111.52
7872.07;-111.59
7875.00;-111.36
7877.93;-111.20
7880.86;-111.13
7883.79;-111.13
7886.72;-111.13
7889.65;-111.05
7892.58;-111.28
7895.51;-111.20
7898.44;-110.74
7901.37;-111.05
7904.30;-111.13
7907.23;-110.97
7910.16;-110.97
7913.09;-111.20
7916.02;-111.20
7918.95;-111.36
7921.88;-111.36
7924.80;-111.20
7927.73;-111.28
7930.66;-110.97
7933.59;-110.81
7936.52;-111.28
7939.45;-111.52
7942.38;-111.13
7945.31;-111.36
7948.24;-111.44
7951.17;-111.36
7954.10;-111.36
7957.03;-111.44
7959.96;-111.28
7962.89;-111.20
7965.82;-111.20
7968.75;-111.36
7971.68;-111.20
7974.61;-111.28
7977.54;-111.13
7980.47;-111.20
7983.40;-111.20
7986.33;-111.20
7989.26;-111.13
7992.19;-111.05
7995.12;-111.36
7998.05;-111.20
8000.98;-111.20
8003.91;-111.67
8006.84;-111.52
8009.77;-111.44
8012.70;-111.36
8015.63;-111.28
8018.55;-111.28
8021.48;-111.20
8024.41;-111.13
8027.34;-111.28
8030.27;-111.05
8033.20;-111.13
8036.13;-111.36
8039.06;-111.13
8041.99;-110.89
8044.92;-111.13
8047.85;-111.13
8050.78;-111.05
8053.71;-111.13
8056.64;-110.97
8059.57;-111.05
8062.50;-111.05
8065.43;-110.97
8068.36;-111.05
8071.29;-111.05
8074.22;-110.97
8077.15;-110.66
8080.08;-110.89
8083.01;-110.89
8085.94;-110.81
8088.87;-111.28
8091.80;-111.13
8094.73;-110.97
8097.66;-111.05
8100.59;-111.13
8103.52;-111.28
8106.45;-111.36
8109.38;-111.05
8112.30;-111.13
8115.23;-111.20
8118.16;-111.13
8121.09;-110.66
8124.02;-110.81
8126.95;-110.97
8129.88;-111.13
8132.81;-111.13
8135.74;-110.97
8138.67;-111.20
8141.60;-111.36
8144.53;-111.20
8147.46;-111.13
8150.39;-111.20
8153.32;-111.13
8156.25;-110.97
8159.18;-111.13
8162.11;-111.05
8165.04;-111.05
8167.97;-111.20
8170.90;-111.05
8173.83;-111.13
8176.76;-111.20
8179.69;-110.97
8182.62;-110.89
8185.55;-111.36
8188.48;-111.44
8191.41;-111.36
8194.34;-111.20
8197.27;-111.05
8200.20;-110.89
8203.13;-110.74
8206.05;-110.97
8208.98;-111.13
8211.91;-111.05
8214.84;-111.05
8217.77;-111.05
8220.70;-110.97
8223.63;-110.89
8226.56;-110.89
8229.49;-110.89
8232.42;-110.97
8235.35;-111.05
8238.28;-111.20
8241.21;-111.28
8244.14;-111.13
8247.07;-111.05
8250.00;-111.13
8252.93;-110.89
8255.86;-110.81
8258.79;-111.05
8261.72;-111.13
8264.65;-111.20
8267.58;-111.13
8270.51;-111.05
8273.44;-110.89
8276.37;-111.05
8279.30;-111.13
8282.23;-111.13
8285.16;-110.97
8288.09;-110.89
8291.02;-111.05
8293.95;-111.20
8296.88;-111.05
8299.80;-111.05
8302.73;-110.89
8305.66;-110.97
8308.59;-110.97
8311.52;-111.05
8314.45;-111.05
8317.38;-110.81
8320.31;-110.89
8323.24;-110.74
8326.17;-110.97
8329.10;-110.97
8332.03;-110.89
8334.96;-110.66
8337.89;-111.05
8340.82;-111.20
8343.75;-111.20
8346.68;-111.20
8349.61;-110.97
8352.54;-111.05
8355.47;-110.97
8358.40;-111.13
8361.33;-110.89
8364.26;-111.05
8367.19;-111.05
8370.12;-110.89
8373.05;-110.97
8375.98;-111.13
8378.91;-110.81
8381.84;-110.74
8384.77;-110.81
8387.70;-110.58
8390.63;-110.74
8393.55;-111.13
8396.48;-111.28
8399.41;-110.97
8402.34;-111.05
8405.27;-111.13
8408.20;-110.97
8411.13;-111.13
8414.06;-111.20
8416.99;-111.36
8419.92;-111.20
8422.85;-110.81
8425.78;-110.81
8428.71;-110.97
8431.64;-111.13
8434.57;-110.97
8437.50;-110.97
8440.43;-111.05
8443.36;-111.05
8446.29;-111.13
8449.22;-110.97
8452.15;-110.74
8455.08;-110.74
8458.01;-110.66
8460.94;-110.66
8463.87;-110.50
8466.80;-110.66
8469.73;-110.50
8472.66;-110.74
8475.59;-110.81
8478.52;-110.81
8481.45;-110.81
8484.38;-111.05
8487.30;-111.13
8490.23;-110.97
8493.16;-110.66
8496.09;-110.74
8499.02;-110.74
8501.95;-111.05
8504.88;-110.97
8507.81;-110.81
8510.74;-110.89
8513.67;-111.13
8516.60;-110.97
8519.53;-110.66
8522.46;-110.81
8525.39;-111.13
8528.32;-110.89
8531.25;-110.74
8534.18;-110.97
8537.11;-110.74
8540.04;-110.81
8542.97;-110.74
8545.90;-110.81
8548.83;-110.81
8551.76;-110.97
8554.69;-111.28
8557.62;-111.05
8560.55;-110.89
8563.48;-110.66
8566.41;-110.58
8569.34;-110.74
8572.27;-110.74
8575.20;-110.97
8578.13;-110.89
8581.05;-110.74
8583.98;-110.66
8586.91;-110.97
8589.84;-111.05
8592.77;-110.89
8595.70;-110.66
8598.63;-110.66
8601.56;-110.89
8604.49;-110.81
8607.42;-110.58
8610.35;-110.97
8613.28;-111.05
8616.21;-110.81
8619.14;-110.58
8622.07;-110.58
8625.00;-110.74
8627.93;-111.05
8630.86;-111.13
8633.79;-110.89
8636.72;-110.58
8639.65;-110.42
8642.58;-110.34
8645.51;-110.66
8648.44;-110.81
8651.37;-110.50
8654.30;-110.81
8657.23;-111.05
8660.16;-110.97
8663.09;-110.74
8666.02;-110.81
8668.95;-110.74
8671.88;-110.74
8674.80;-110.66
8677.73;-110.50
8680.66;-110.74
8683.59;-111.05
8686.52;-110.74
8689.45;-111.05
8692.38;-111.05
8695.31;-110.81
8698.24;-110.81
8701.17;-110.81
8704.10;-110.74
8707.03;-110.66
8709.96;-110.74
8712.89;-110.97
8715.82;-110.97
8718.75;-110.58
8721.68;-110.66
8724.61;-110.81
8727.54;-110.58
8730.47;-110.74
8733.40;-110.66
8736.33;-110.34
8739.26;-110.34
8742.19;-110.58
8745.12;-110.42
8748.05;-110.74
8750.98;-111.05
8753.91;-110.58
8756.84;-110.42
8759.77;-110.58
8762.70;-110.81
8765.63;-110.81
8768.55;-110.89
8771.48;-110.66
8774.41;-110.81
8777.34;-110.89
8780.27;-110.89
8783.20;-110.74
8786.13;-110.66
8789.06;-110.66
8791.99;-110.74
8794.92;-110.58
8797.85;-110.66
8800.78;-110.58
8803.71;-110.19
8806.64;-110.42
8809.57;-110.81
8812.50;-111.05
8815.43;-110.97
8818.36;-110.66
8821.29;-110.50
8824.22;-110.81
8827.15;-110.81
8830.08;-110.89
8833.01;-110.81
8835.94;-110.58
8838.87;-110.50
8841.80;-110.81
8844.73;-110.50
8847.66;-110.66
8850.59;-110.74
8853.52;-110.81
8856.45;-110.74
8859.38;-110.50
8862.30;-110.58
8865.23;-110.81
8868.16;-110.89
8871.09;-110.89
8874.02;-110.58
8876.95;-110.66
8879.88;-110.74
8882.81;-110.58
8885.74;-110.50
8888.67;-110.58
8891.60;-110.50
8894.53;-110.81
8897.46;-110.66
8900.39;-110.50
8903.32;-110.27
8906.25;-110.58
8909.18;-110.89
8912.11;-110.74
8915.04;-110.50
8917.97;-110.50
8920.90;-110.50
8923.83;-110.34
8926.76;-110.50
8929.69;-110.81
8932.62;-110.50
8935.55;-110.50
8938.48;-110.58
8941.41;-110.42
8944.34;-110.58
8947.27;-110.58
8950.20;-110.50
8953.13;-110.34
8956.05;-110.42
8958.98;-110.74
8961.91;-110.89
8964.84;-110.50
8967.77;-110.27
8970.70;-110.50
8973.63;-110.58
8976.56;-110.50
8979.49;-110.42
8982.42;-110.66
8985.35;-110.42
8988.28;-110.50
8991.21;-110.89
8994.14;-110.74
8997.07;-110.50
9000.00;-110.74
9002.93;-110.89
9005.86;-110.58
9008.79;-110.42
9011.72;-110.34
9014.65;-110.34
9017.58;-110.50
9020.51;-110.74
9023.44;-110.74
9026.37;-110.58
9029.30;-110.58
9032.23;-110.50
9035.16;-110.74
9038.09;-110.81
9041.02;-110.58
9043.95;-110.42
9046.88;-110.50
9049.80;-110.34
9052.73;-110.34
9055.66;-110.34
9058.59;-110.27
9061.52;-110.42
9064.45;-110.50
9067.38;-110.66
9070.31;-110.74
9073.24;-110.42
9076.17;-110.50
9079.10;-110.58
9082.03;-110.66
9084.96;-110.81
9087.89;-110.66
9090.82;-110.42
9093.75;-110.42
9096.68;-110.50
9099.61;-110.42
9102.54;-110.27
9105.47;-110.19
9108.40;-110.50
9111.33;-110.66
9114.26;-110.34
9117.19;-110.19
9120.12;-110.27
9123.05;-110.34
9125.98;-110.58
9128.91;-110.50
9131.84;-110.74
9134.77;-110.58
9137.70;-110.50
9140.63;-110.42
9143.55;-110.27
9146.48;-110.42
9149.41;-110.66
9152.34;-110.34
9155.27;-110.19
9158.20;-110.27
9161.13;-110.50
9164.06;-110.42
9166.99;-110.19
9169.92;-110.34
9172.85;-110.58
9175.78;-110.58
9178.71;-110.66
9181.64;-110.50
9184.57;-110.27
9187.50;-110.27
9190.43;-110.34
9193.36;-110.58
9196.29;-110.50
9199.22;-110.66
9202.15;-110.42
9205.08;-110.27
9208.01;-110.58
9210.94;-110.42
9213.87;-110.42
9216.80;-110.74
9219.73;-110.50
9222.66;-110.34
9225.59;-110.42
9228.52;-110.34
9231.45;-110.34
9234.38;-110.34
9237.30;-110.42
9240.23;-110.50
9243.16;-110.34
9246.09;-110.34
9249.02;-110.42
9251.95;-110.42
9254.88;-110.50
9257.81;-110.27
9260.74;-110.34
9263.67;-110.34
9266.60;-110.42
9269.53;-110.34
9272.46;-110.34
9275.39;-110.27
9278.32;-110.42
9281.25;-110.50
9284.18;-110.19
9287.11;-110.19
9290.04;-110.74
9292.97;-110.89
9295.90;-110.81
9298.83;-110.66
9301.76;-110.34
9304.69;-110.42
9307.62;-110.74
9310.55;-110.58
9313.48;-110.58
9316.41;-110.58
9319.34;-110.74
9322.27;-110.50
9325.20;-110.50
9328.13;-110.27
9331.05;-110.27
9333.98;-110.58
9336.91;-110.74
9339.84;-110.42
9342.77;-110.19
9345.70;-110.27
9348.63;-110.50
9351.56;-110.50
9354.49;-110.19
9357.42;-110.50
9360.35;-110.74
9363.28;-110.58
9366.21;-110.42
9369.14;-110.50
9372.07;-110.42
9375.00;-110.34
9377.93;-110.58
9380.86;-110.58
9383.79;-110.42
9386.72;-110.03
9389.65;-110.19
9392.58;-110.42
9395.51;-110.27
9398.44;-110.34
9401.37;-110.27
9404.30;-110.34
9407.23;-110.50
9410.16;-110.58
9413.09;-110.42
9416.02;-110.27
9418.95;-110.19
9421.88;-110.11
9424.80;-110.27
9427.73;-110.19
9430.66;-110.19
9433.59;-110.42
9436.52;-110.50
9439.45;-110.34
9442.38;-110.42
9445.31;-110.50
9448.24;-110.50
9451.17;-110.19
9454.10;-110.34
9457.03;-110.50
9459.96;-110.34
9462.89;-110.34
9465.82;-110.34
9468.75;-110.34
9471.68;-110.42
9474.61;-110.27
9477.54;-110.50
9480.47;-110.34
9483.40;-110.27
9486.33;-110.42
9489.26;-110.27
9492.19;-110.66
9495.12;-110.81
9498.05;-110.58
9500.98;-110.50
9503.91;-110.42
9506.84;-110.50
9509.77;-110.66
9512.70;-110.34
9515.63;-110.27
9518.55;-110.42
9521.48;-110.03
9524.41;-110.27
9527.34;-110.11
9530.27;-110.11
9533.20;-110.42
9536.13;-110.42
9539.06;-110.34
9541.99;-110.11
9544.92;-110.27
9547.85;-110.19
9550.78;-110.27
9553.71;-110.19
9556.64;-110.34
9559.57;-110.11
9562.50;-110.11
9565.43;-110.11
9568.36;-110.11
9571.29;-110.19
9574.22;-110.27
9577.15;-110.34
9580.08;-110.27
9583.01;-110.27
9585.94;-110.34
9588.87;-110.42
9591.80;-110.50
9594.73;-110.34
9597.66;-110.34
9600.59;-110.34
9603.52;-110.27
9606.45;-110.42
9609.38;-110.34
9612.30;-110.19
9615.23;-110.03
9618.16;-110.19
9621.09;-110.34
9624.02;-110.19
9626.95;-110.50
9629.88;-110.42
9632.81;-110.34
9635.74;-110.11
9638.67;-110.27
9641.60;-110.34
9644.53;-110.34
9647.46;-110.27
9650.39;-110.34
9653.32;-110.34
9656.25;-110.27
9659.18;-110.50
9662.11;-110.74
9665.04;-110.58
9667.97;-110.42
9670.90;-110.50
9673.83;-110.27
9676.76;-110.03
9679.69;-110.19
9682.62;-110.19
9685.55;-110.19
9688.48;-110.27
9691.41;-110.34
9694.34;-110.19
9697.27;-110.03
9700.20;-110.19
9703.13;-110.27
9706.05;-110.19
9708.98;-110.27
9711.91;-110.42
9714.84;-110.42
9717.77;-110.34
9720.70;-110.19
9723.63;-110.34
9726.56;-110.27
9729.49;-110.03
9732.42;-110.11
9735.35;-110.19
9738.28;-110.34
9741.21;-110.42
9744.14;-110.42
9747.07;-110.27
9750.00;-110.19
9752.93;-110.58
9755.86;-110.50
9758.79;-110.19
9761.72;-110.19
9764.65;-110.27
9767.58;-110.50
9770.51;-110.42
9773.44;-110.42
9776.37;-110.34
9779.30;-110.42
9782.23;-110.11
9785.16;-110.19
9788.09;-110.11
9791.02;-110.34
9793.95;-110.34
9796.88;-110.19
9799.80;-110.11
9802.73;-110.19
9805.66;-110.42
9808.59;-110.27
9811.52;-110.50
9814.45;-110.58
9817.38;-110.50
9820.31;-110.58
9823.24;-110.58
9826.17;-110.34
9829.10;-110.19
9832.03;-109.88
9834.96;-110.03
9837.89;-110.19
9840.82;-110.19
9843.75;-110.27
9846.68;-110.42
9849.61;-110.42
9852.54;-110.42
9855.47;-110.11
9858.40;-109.88
9861.33;-110.19
9864.26;-110.42
9867.19;-110.19
9870.12;-109.95
9873.05;-110.19
9875.98;-110.27
9878.91;-110.34
9881.84;-110.27
9884.77;-110.27
9887.70;-110.50
9890.63;-110.58
9893.55;-110.34
9896.48;-110.27
9899.41;-110.19
9902.34;-110.19
9905.27;-110.34
9908.20;-110.34
9911.13;-110.03
9914.06;-110.11
9916.99;-110.11
9919.92;-110.03
9922.85;-109.88
9925.78;-110.03
9928.71;-110.03
9931.64;-110.34
9934.57;-110.19
9937.50;-109.95
9940.43;-110.27
9943.36;-110.19
9946.29;-110.19
9949.22;-109.88
9952.15;-110.03
9955.08;-110.19
9958.01;-110.11
9960.94;-110.03
9963.87;-110.11
9966.80;-110.11
9969.73;-110.11
9972.66;-110.03
9975.59;-110.11
9978.52;-110.34
9981.45;-110.11
9984.38;-110.11
9987.30;-110.03
9990.23;-109.95
9993.16;-109.95
9996.09;-110.34
9999.02;-110.50
10001.95;-110.27
10004.88;-110.11
10007.81;-109.95
10010.74;-110.03
10013.67;-110.11
10016.60;-109.95
10019.53;-110.11
10022.46;-110.11
10025.39;-110.50
10028.32;-110.27
10031.25;-110.34
10034.18;-110.50
10037.11;-110.11
10040.04;-110.11
10042.97;-110.19
10045.90;-109.95
10048.83;-109.88
10051.76;-110.11
10054.69;-110.03
10057.62;-110.11
10060.55;-110.27
10063.48;-110.03
10066.41;-109.88
10069.34;-109.88
10072.27;-110.11
10075.20;-110.11
10078.13;-110.19
10081.05;-110.19
10083.98;-110.11
10086.91;-110.27
10089.84;-110.19
10092.77;-110.11
10095.70;-110.19
10098.63;-110.27
10101.56;-110.11
10104.49;-109.95
10107.42;-109.95
10110.35;-110.19
10113.28;-110.27
10116.21;-110.19
10119.14;-109.88
10122.07;-109.80
10125.00;-110.19
10127.93;-110.27
10130.86;-110.11
10133.79;-110.03
10136.72;-109.95
10139.65;-109.88
10142.58;-110.19
10145.51;-110.19
10148.44;-110.19
10151.37;-110.11
10154.30;-110.11
10157.23;-110.03
10160.16;-109.72
10163.09;-110.03
10166.02;-109.95
10168.95;-110.11
10171.88;-110.19
10174.80;-110.11
10177.73;-110.11
10180.66;-109.95
10183.59;-109.88
10186.52;-109.88
10189.45;-110.27
10192.38;-110.19
10195.31;-110.11
10198.24;-109.72
10201.17;-109.64
10204.10;-109.64
10207.03;-109.72
10209.96;-109.95
10212.89;-109.95
10215.82;-110.03
10218.75;-110.03
10221.68;-110.03
10224.61;-109.88
10227.54;-110.03
10230.47;-110.03
10233.40;-109.95
10236.33;-109.88
10239.26;-110.19
10242.19;-110.19
10245.12;-109.64
10248.05;-109.95
10250.98;-110.11
10253.91;-110.03
10256.84;-110.11
10259.77;-109.72
10262.70;-109.72
10265.63;-109.72
10268.55;-110.03
10271.48;-109.88
10274.41;-109.80
10277.34;-110.11
10280.27;-109.95
10283.20;-110.11
10286.13;-110.19
10289.06;-109.95
10291.99;-109.88
10294.92;-110.19
10297.85;-109.88
10300.78;-109.95
10303.71;-109.88
10306.64;-109.64
10309.57;-109.95
10312.50;-110.11
10315.43;-109.80
10318.36;-110.03
10321.29;-110.27
10324.22;-110.03
10327.15;-110.27
10330.08;-110.03
10333.01;-109.72
10335.94;-109.95
10338.87;-109.95
10341.80;-110.03
10344.73;-109.88
10347.66;-109.95
10350.59;-109.95
10353.52;-109.80
10356.45;-109.72
10359.38;-109.88
10362.30;-110.11
10365.23;-110.11
10368.16;-109.80
10371.09;-109.64
10374.02;-109.72
10376.95;-109.88
10379.88;-110.27
10382.81;-110.50
10385.74;-110.19
10388.67;-109.88
10391.60;-109.80
10394.53;-109.80
10397.46;-110.03
10400.39;-109.95
10403.32;-110.03
10406.25;-109.80
10409.18;-109.80
10412.11;-109.80
10415.04;-110.11
10417.97;-109.95
10420.90;-109.80
10423.83;-109.80
10426.76;-109.64
10429.69;-109.80
10432.62;-109.80
10435.55;-109.64
10438.48;-109.56
10441.41;-109.64
10444.34;-109.80
10447.27;-109.95
10450.20;-110.34
10453.13;-109.95
10456.05;-109.64
10458.98;-109.64
10461.91;-109.64
10464.84;-109.80
10467.77;-109.88
10470.70;-109.88
10473.63;-109.72
10476.56;-110.11
10479.49;-110.11
10482.42;-109.88
10485.35;-109.72
10488.28;-109.80
10491.21;-110.19
10494.14;-109.88
10497.07;-109.64
10500.00;-109.72
10502.93;-109.72
10505.86;-109.56
10508.79;-109.80
10511.72;-109.88
10514.65;-109.72
10517.58;-109.95
10520.51;-109.95
10523.44;-109.95
10526.37;-110.11
10529.30;-109.95
10532.23;-109.64
10535.16;-109.56
10538.09;-109.72
10541.02;-109.88
10543.95;-110.03
10546.88;-109.95
10549.80;-109.80
10552.73;-109.64
10555.66;-109.48
10558.59;-109.64
10561.52;-109.72
10564.45;-109.64
10567.38;-109.41
10570.31;-109.64
10573.24;-109.72
10576.17;-109.72
10579.10;-109.88
10582.03;-109.72
10584.96;-109.88
10587.89;-110.19
10590.82;-109.64
10593.75;-109.72
10596.68;-109.88
10599.61;-109.95
10602.54;-109.64
10605.47;-109.80
10608.40;-109.80
10611.33;-110.03
10614.26;-110.03
10617.19;-109.95
10620.12;-109.80
10623.05;-109.88
10625.98;-110.03
10628.91;-109.95
10631.84;-109.64
10634.77;-109.41
10637.70;-109.41
10640.63;-109.48
10643.55;-109.48
10646.48;-109.95
10649.41;-110.03
10652.34;-109.64
10655.27;-109.56
10658.20;-109.95
10661.13;-109.88
10664.06;-109.88
10666.99;-109.95
10669.92;-109.80
10672.85;-109.48
10675.78;-109.64
10678.71;-109.88
10681.64;-109.72
10684.57;-109.56
10687.50;-109.56
10690.43;-109.95
10693.36;-110.11
10696.29;-110.03
10699.22;-109.80
10702.15;-109.72
10705.08;-109.56
10708.01;-109.80
10710.94;-109.88
10713.87;-109.80
10716.80;-109.64
10719.73;-109.80
10722.66;-109.95
10725.59;-109.80
10728.52;-109.80
10731.45;-109.72
10734.38;-109.64
10737.30;-109.64
10740.23;-109.64
10743.16;-109.80
10746.09;-109.95
10749.02;-110.03
10751.95;-109.80
10754.88;-109.56
10757.81;-109.48
10760.74;-109.41
10763.67;-109.48
10766.60;-109.41
10769.53;-109.64
10772.46;-109.64
10775.39;-109.88
10778.32;-109.80
10781.25;-109.64
10784.18;-109.56
10787.11;-109.64
10790.04;-109.56
10792.97;-109.48
10795.90;-109.56
10798.83;-109.80
10801.76;-109.88
10804.69;-109.72
10807.62;-109.41
10810.55;-109.41
10813.48;-109.56
10816.41;-109.64
10819.34;-109.48
10822.27;-109.56
10825.20;-109.48
10828.13;-109.72
10831.05;-109.80
10833.98;-109.72
10836.91;-109.72
10839.84;-109.80
10842.77;-109.72
10845.70;-109.80
10848.63;-109.88
10851.56;-109.64
10854.49;-109.33
10857.42;-109.56
10860.35;-109.56
10863.28;-109.41
10866.21;-109.48
10869.14;-109.64
10872.07;-109.88
10875.00;-109.88
10877.93;-109.64
10880.86;-109.64
10883.79;-109.64
10886.72;-109.41
10889.65;-109.56
10892.58;-109.80
10895.51;-109.64
10898.44;-109.64
10901.37;-109.64
10904.30;-109.72
10907.23;-109.88
10910.16;-109.80
10913.09;-109.64
10916.02;-109.88
10918.95;-109.56
10921.88;-109.56
10924.80;-109.80
10927.73;-109.64
10930.66;-109.56
10933.59;-109.48
10936.52;-109.48
10939.45;-109.48
10942.38;-109.64
10945.31;-109.64
10948.24;-109.88
10951.17;-109.64
10954.10;-109.48
10957.03;-109.48
10959.96;-109.64
10962.89;-109.33
10965.82;-109.41
10968.75;-109.41
10971.68;-109.56
10974.61;-109.48
10977.54;-109.64
10980.47;-109.72
10983.40;-109.72
10986.33;-109.41
10989.26;-109.17
10992.19;-109.25
10995.12;-109.48
10998.05;-109.56
11000.98;-109.72
11003.91;-109.41
11006.84;-109.33
11009.77;-109.25
11012.70;-109.09
11015.63;-109.64
11018.55;-109.80
11021.48;-109.80
11024.41;-109.56
11027.34;-109.33
11030.27;-109.48
11033.20;-109.33
11036.13;-109.25
11039.06;-109.17
11041.99;-109.56
11044.92;-109.56
11047.85;-109.48
11050.78;-109.64
11053.71;-109.72
11056.64;-109.72
11059.57;-109.41
11062.50;-109.41
11065.43;-109.41
11068.36;-109.64
11071.29;-109.88
11074.22;-109.48
11077.15;-109.33
11080.08;-109.09
11083.01;-109.64
11085.94;-109.80
11088.87;-109.64
11091.80;-109.80
11094.73;-109.64
11097.66;-109.09
11100.59;-109.25
11103.52;-109.48
11106.45;-109.48
11109.38;-109.64
11112.30;-109.56
11115.23;-109.41
11118.16;-109.56
11121.09;-109.64
11124.02;-109.33
11126.95;-109.56
11129.88;-109.72
11132.81;-109.41
11135.74;-109.48
11138.67;-109.17
11141.60;-109.41
11144.53;-109.41
11147.46;-109.56
11150.39;-109.56
11153.32;-109.33
11156.25;-109.41
11159.18;-109.33
11162.11;-109.41
11165.04;-109.17
11167.97;-109.25
11170.90;-109.33
11173.83;-109.25
11176.76;-109.41
11179.69;-109.56
11182.62;-109.33
11185.55;-109.09
11188.48;-109.17
11191.41;-109.33
11194.34;-109.33
11197.27;-109.25
11200.20;-109.25
11203.13;-109.17
11206.05;-109.48
11208.98;-109.80
11211.91;-109.56
11214.84;-109.25
11217.77;-109.02
11220.70;-109.33
11223.63;-109.41
11226.56;-109.41
11229.49;-109.33
11232.42;-109.09
11235.35;-109.33
11238.28;-109.41
11241.21;-109.56
11244.14;-109.48
11247.07;-109.33
11250.00;-109.48
11252.93;-109.48
11255.86;-109.33
11258.79;-109.25
11261.72;-109.48
11264.65;-109.72
11267.58;-109.56
11270.51;-109.64
11273.44;-109.56
11276.37;-109.48
11279.30;-109.48
11282.23;-109.41
11285.16;-109.56
11288.09;-109.41
11291.02;-109.09
11293.95;-109.25
11296.88;-109.56
11299.80;-109.48
11302.73;-109.41
11305.66;-109.17
11308.59;-109.09
11311.52;-109.09
11314.45;-108.70
11317.38;-109.02
11320.31;-109.41
11323.24;-109.33
11326.17;-109.33
11329.10;-109.33
11332.03;-109.33
11334.96;-109.41
11337.89;-109.48
11340.82;-109.33
11343.75;-109.25
11346.68;-109.41
11349.61;-109.25
11352.54;-109.25
11355.47;-109.41
11358.40;-109.33
11361.33;-109.25
11364.26;-108.94
11367.19;-109.09
11370.12;-109.48
11373.05;-109.33
11375.98;-109.17
11378.91;-109.48
11381.84;-109.48
11384.77;-109.41
11387.70;-109.41
11390.63;-109.25
11393.55;-109.02
11396.48;-109.25
11399.41;-109.25
11402.34;-109.25
11405.27;-108.94
11408.20;-109.09
11411.13;-109.56
11414.06;-109.48
11416.99;-109.41
11419.92;-109.17
11422.85;-109.33
11425.78;-109.48
11428.71;-109.48
11431.64;-109.41
11434.57;-109.33
11437.50;-109.17
11440.43;-109.25
11443.36;-109.25
11446.29;-109.17
11449.22;-109.25
11452.15;-109.33
11455.08;-109.17
11458.01;-109.48
11460.94;-109.33
11463.87;-109.25
11466.80;-109.25
11469.73;-109.25
11472.66;-109.17
11475.59;-109.17
11478.52;-109.17
11481.45;-109.41
11484.38;-109.41
11487.30;-109.25
11490.23;-109.41
11493.16;-109.33
11496.09;-109.33
11499.02;-109.17
11501.95;-109.17
11504.88;-109.41
11507.81;-109.09
11510.74;-108.94
11513.67;-108.94
11516.60;-109.17
11519.53;-109.25
11522.46;-109.41
11525.39;-109.09
11528.32;-109.17
11531.25;-109.25
11534.18;-109.09
11537.11;-109.33
11540.04;-109.25
11542.97;-109.25
11545.90;-109.48
11548.83;-109.33
11551.76;-109.17
11554.69;-109.09
11557.62;-109.33
11560.55;-109.33
11563.48;-109.56
11566.41;-109.48
11569.34;-109.41
11572.27;-109.41
11575.20;-109.48
11578.13;-109.17
11581.05;-109.17
11583.98;-109.02
11586.91;-109.09
11589.84;-109.25
11592.77;-109.41
11595.70;-109.33
11598.63;-109.17
11601.56;-109.02
11604.49;-109.17
11607.42;-109.17
11610.35;-109.17
11613.28;-109.02
11616.21;-109.33
11619.14;-109.17
11622.07;-109.17
11625.00;-109.17
11627.93;-109.17
11630.86;-109.25
11633.79;-109.17
11636.72;-109.09
11639.65;-109.09
11642.58;-109.56
11645.51;-109.41
11648.44;-109.17
11651.37;-109.25
11654.30;-109.25
11657.23;-109.17
11660.16;-109.25
11663.09;-108.94
11666.02;-109.02
11668.95;-108.94
11671.88;-108.86
11674.80;-108.94
11677.73;-108.78
11680.66;-109.02
11683.59;-109.09
11686.52;-109.09
11689.45;-109.02
11692.38;-109.02
11695.31;-109.02
11698.24;-109.02
11701.17;-109.09
11704.10;-109.02
11707.03;-109.25
11709.96;-109.02
11712.89;-108.94
11715.82;-108.78
11718.75;-108.86
11721.68;-108.86
11724.61;-109.02
11727.54;-109.09
11730.47;-108.94
11733.40;-109.17
11736.33;-109.48
11739.26;-109.02
11742.19;-109.02
11745.12;-108.94
11748.05;-108.70
11750.98;-109.02
11753.91;-108.86
11756.84;-108.94
11759.77;-109.41
11762.70;-109.17
11765.63;-108.78
11768.55;-108.70
11771.48;-108.86
11774.41;-109.02
11777.34;-109.09
11780.27;-108.78
11783.20;-108.78
11786.13;-108.94
11789.06;-109.02
11791.99;-108.94
11794.92;-108.94
11797.85;-108.78
11800.78;-108.86
11803.71;-109.02
11806.64;-109.02
11809.57;-108.94
11812.50;-109.09
11815.43;-109.17
11818.36;-109.17
11821.29;-109.33
11824.22;-109.09
11827.15;-109.33
11830.08;-109.33
11833.01;-108.78
11835.94;-109.02
11838.87;-108.86
11841.80;-108.94
11844.73;-108.86
11847.66;-108.78
11850.59;-108.86
11853.52;-108.78
11856.45;-108.70
11859.38;-108.86
11862.30;-109.09
11865.23;-109.09
11868.16;-109.09
11871.09;-109.09
11874.02;-108.70
11876.95;-108.78
11879.88;-108.86
11882.81;-108.78
11885.74;-109.02
11888.67;-109.17
11891.60;-108.94
11894.53;-108.70
11897.46;-108.94
11900.39;-109.09
11903.32;-109.02
11906.25;-109.09
11909.18;-109.25
11912.11;-108.94
11915.04;-108.94
11917.97;-108.94
11920.90;-108.86
11923.83;-108.86
11926.76;-108.94
11929.69;-109.09
11932.62;-108.94
11935.55;-108.78
11938.48;-109.02
11941.41;-108.94
11944.34;-108.78
11947.27;-108.47
11950.20;-108.47
11953.13;-108.94
11956.05;-109.02
11958.98;-109.02
11961.91;-109.02
11964.84;-108.94
11967.77;-109.02
11970.70;-109.02
11973.63;-108.86
11976.56;-109.17
11979.49;-109.02
11982.42;-108.94
11985.35;-108.78
11988.28;-108.94
11991.21;-108.78
11994.14;-108.70
11997.07;-108.70
12000.00;-108.94
12002.93;-108.86
12005.86;-108.78
12008.79;-108.86
12011.72;-108.94
12014.65;-108.86
12017.58;-109.02
12020.51;-109.02
12023.44;-109.17
12026.37;-109.02
12029.30;-109.09
12032.23;-109.25
12035.16;-109.17
12038.09;-108.86
12041.02;-108.94
12043.95;-108.86
12046.88;-108.94
12049.80;-108.94
12052.73;-108.70
12055.66;-108.70
12058.59;-108.70
12061.52;-108.78
12064.45;-108.63
12067.38;-108.70
12070.31;-108.70
12073.24;-109.02
12076.17;-109.02
12079.10;-108.78
12082.03;-108.78
12084.96;-108.86
12087.89;-108.78
12090.82;-108.94
12093.75;-108.63
12096.68;-108.47
12099.61;-108.70
12102.54;-108.78
12105.47;-108.78
12108.40;-109.02
12111.33;-108.86
12114.26;-109.09
12117.19;-109.41
12120.12;-109.09
12123.05;-108.70
12125.98;-108.94
12128.91;-109.09
12131.84;-109.09
12134.77;-108.86
12137.70;-108.86
12140.63;-108.78
12143.55;-108.55
12146.48;-108.39
12149.41;-108.78
12152.34;-108.70
12155.27;-108.70
12158.20;-108.78
12161.13;-109.02
12164.06;-108.63
12166.99;-108.70
12169.92;-108.47
12172.85;-108.39
12175.78;-108.55
12178.71;-108.63
12181.64;-108.63
12184.57;-108.78
12187.50;-108.86
12190.43;-108.70
12193.36;-108.70
12196.29;-108.47
12199.22;-108.70
12202.15;-108.70
12205.08;-108.94
12208.01;-108.94
12210.94;-108.86
12213.87;-108.63
12216.80;-108.78
12219.73;-108.70
12222.66;-108.86
12225.59;-108.78
12228.52;-108.63
12231.45;-108.78
12234.38;-108.63
12237.30;-108.86
12240.23;-108.86
12243.16;-108.78
12246.09;-108.63
12249.02;-109.02
12251.95;-109.02
12254.88;-108.70
12257.81;-108.94
12260.74;-108.94
12263.67;-108.63
12266.60;-108.78
12269.53;-108.70
12272.46;-108.70
12275.39;-108.70
12278.32;-108.86
12281.25;-108.63
12284.18;-108.47
12287.11;-108.78
12290.04;-109.02
12292.97;-108.78
12295.90;-108.63
12298.83;-108.63
12301.76;-108.63
12304.69;-108.70
12307.62;-108.55
12310.55;-108.47
12313.48;-108.63
12316.41;-108.70
12319.34;-108.63
12322.27;-108.70
12325.20;-108.47
12328.13;-108.55
12331.05;-108.86
12333.98;-109.09
12336.91;-108.78
12339.84;-108.70
12342.77;-108.78
12345.70;-108.55
12348.63;-108.55
12351.56;-108.47
12354.49;-108.78
12357.42;-108.70
12360.35;-108.55
12363.28;-108.70
12366.21;-108.63
12369.14;-108.55
12372.07;-108.70
12375.00;-108.70
12377.93;-108.55
12380.86;-108.47
12383.79;-108.55
12386.72;-108.70
12389.65;-108.86
12392.58;-108.78
12395.51;-108.86
12398.44;-109.17
12401.37;-108.86
12404.30;-108.78
12407.23;-108.78
12410.16;-108.86
12413.09;-108.86
12416.02;-108.94
12418.95;-108.63
12421.88;-108.47
12424.80;-108.78
12427.73;-109.09
12430.66;-108.86
12433.59;-108.39
12436.52;-108.55
12439.45;-108.70
12442.38;-108.78
12445.31;-108.78
12448.24;-109.09
12451.17;-108.86
12454.10;-108.63
12457.03;-108.63
12459.96;-109.02
12462.89;-108.94
12465.82;-108.94
12468.75;-108.70
12471.68;-108.55
12474.61;-108.86
12477.54;-108.55
12480.47;-108.63
12483.40;-108.86
12486.33;-108.55
12489.26;-108.86
12492.19;-108.78
12495.12;-108.78
12498.05;-108.94
12500.98;-108.78
12503.91;-108.78
12506.84;-108.86
12509.77;-108.86
12512.70;-108.70
12515.63;-108.47
12518.55;-108.70
12521.48;-108.70
12524.41;-108.47
12527.34;-108.31
12530.27;-108.70
12533.20;-108.78
12536.13;-108.31
12539.06;-108.23
12541.99;-108.55
12544.92;-108.63
12547.85;-108.70
12550.78;-108.47
12553.71;-108.47
12556.64;-108.70
12559.57;-108.63
12562.50;-108.70
12565.43;-108.78
12568.36;-108.86
12571.29;-108.55
12574.22;-108.39
12577.15;-108.47
12580.08;-108.31
12583.01;-108.63
12585.94;-108.63
12588.87;-108.63
12591.80;-108.63
12594.73;-108.78
12597.66;-108.78
12600.59;-108.63
12603.52;-108.63
12606.45;-108.47
12609.38;-108.39
12612.30;-108.39
12615.23;-108.47
12618.16;-108.63
12621.09;-108.55
12624.02;-108.70
12626.95;-108.78
12629.88;-108.70
12632.81;-108.55
12635.74;-108.47
12638.67;-108.55
12641.60;-108.63
12644.53;-108.47
12647.46;-108.55
12650.39;-108.70
12653.32;-108.70
12656.25;-108.55
12659.18;-108.47
12662.11;-108.55
12665.04;-108.86
12667.97;-108.78
12670.90;-108.63
12673.83;-108.55
12676.76;-108.39
12679.69;-108.47
12682.62;-108.47
12685.55;-108.47
12688.48;-108.47
12691.41;-108.70
12694.34;-108.86
12697.27;-108.78
12700.20;-108.86
12703.13;-108.70
12706.05;-108.86
12708.98;-108.70
12711.91;-108.63
12714.84;-108.78
12717.77;-108.55
12720.70;-108.47
12723.63;-108.63
12726.56;-108.70
12729.49;-108.70
12732.42;-108.55
12735.35;-108.55
12738.28;-108.47
12741.21;-108.39
12744.14;-108.55
12747.07;-108.63
12750.00;-108.39
12752.93;-108.55
12755.86;-108.70
12758.79;-108.47
12761.72;-108.39
12764.65;-108.55
12767.58;-108.78
12770.51;-108.31
12773.44;-108.39
12776.37;-108.47
12779.30;-108.39
12782.23;-108.39
12785.16;-108.31
12788.09;-108.63
12791.02;-108.63
12793.95;-108.63
12796.88;-108.70
12799.80;-108.47
12802.73;-108.63
12805.66;-108.78
12808.59;-108.63
12811.52;-108.31
12814.45;-108.47
12817.38;-108.16
12820.31;-108.31
12823.24;-108.47
12826.17;-108.47
12829.10;-108.39
12832.03;-108.23
12834.96;-108.31
12837.89;-108.47
12840.82;-108.47
12843.75;-108.47
12846.68;-108.23
12849.61;-108.31
12852.54;-108.39
12855.47;-108.63
12858.40;-108.70
12861.33;-108.47
12864.26;-108.55
12867.19;-108.55
12870.12;-108.55
12873.05;-108.55
12875.98;-108.39
12878.91;-108.55
12881.84;-108.70
12884.77;-108.70
12887.70;-108.39
12890.63;-108.55
12893.55;-108.70
12896.48;-108.47
12899.41;-108.39
12902.34;-108.39
12905.27;-108.47
12908.20;-108.39
12911.13;-108.23
12914.06;-108.39
12916.99;-108.47
12919.92;-108.55
12922.85;-108.55
12925.78;-108.23
12928.71;-108.08
12931.64;-108.08
12934.57;-108.16
12937.50;-108.16
12940.43;-108.16
12943.36;-108.23
12946.29;-108.23
12949.22;-108.55
12952.15;-108.47
12955.08;-108.47
12958.01;-108.39
12960.94;-108.08
12963.87;-107.92
12966.80;-108.31
12969.73;-108.23
12972.66;-108.47
12975.59;-108.94
12978.52;-108.86
12981.45;-108.47
12984.38;-108.39
12987.30;-108.39
12990.23;-108.47
12993.16;-108.31
12996.09;-108.39
12999.02;-108.55
13001.95;-108.63
13004.88;-108.47
13007.81;-108.47
13010.74;-108.39
13013.67;-108.23
13016.60;-108.08
13019.53;-107.92
13022.46;-108.31
13025.39;-108.16
13028.32;-108.16
13031.25;-108.16
13034.18;-108.16
13037.11;-108.16
13040.04;-108.23
13042.97;-108.31
13045.90;-107.92
13048.83;-108.23
13051.76;-108.39
13054.69;-108.39
13057.62;-108.47
13060.55;-108.31
13063.48;-108.23
13066.41;-108.31
13069.34;-108.39
13072.27;-108.23
13075.20;-108.08
13078.13;-108.31
13081.05;-108.08
13083.98;-108.23
13086.91;-108.47
13089.84;-108.31
13092.77;-108.23
13095.70;-108.55
13098.63;-108.55
13101.56;-108.39
13104.49;-108.31
13107.42;-108.31
13110.35;-108.16
13113.28;-108.31
13116.21;-108.31
13119.14;-108.31
13122.07;-108.39
13125.00;-108.16
13127.93;-108.23
13130.86;-108.55
13133.79;-108.39
13136.72;-108.08
13139.65;-108.39
13142.58;-108.47
13145.51;-108.47
13148.44;-108.70
13151.37;-108.70
13154.30;-108.47
13157.23;-108.39
13160.16;-108.31
13163.09;-108.31
13166.02;-108.31
13168.95;-108.23
13171.88;-108.31
13174.80;-108.39
13177.73;-108.08
13180.66;-108.16
13183.59;-108.63
13186.52;-108.47
13189.45;-108.31
13192.38;-108.08
13195.31;-108.16
13198.24;-108.39
13201.17;-108.39
13204.10;-108.39
13207.03;-108.23
13209.96;-108.08
13212.89;-108.16
13215.82;-108.31
13218.75;-108.08
13221.68;-108.00
13224.61;-108.16
13227.54;-108.23
13230.47;-108.16
13233.40;-108.00
13236.33;-108.00
13239.26;-108.23
13242.19;-108.39
13245.12;-108.23
13248.05;-108.23
13250.98;-108.31
13253.91;-108.16
13256.84;-108.16
13259.77;-108.23
13262.70;-108.23
13265.63;-108.16
13268.55;-108.23
13271.48;-108.39
13274.41;-108.39
13277.34;-108.31
13280.27;-108.16
13283.20;-108.16
13286.13;-108.08
13289.06;-107.92
13291.99;-108.08
13294.92;-108.16
13297.85;-107.92
13300.78;-108.08
13303.71;-108.00
13306.64;-108.39
13309.57;-108.47
13312.50;-108.47
13315.43;-108.23
13318.36;-108.16
13321.29;-108.23
13324.22;-108.00
13327.15;-108.08
13330.08;-108.31
13333.01;-108.39
13335.94;-108.08
13338.87;-108.31
13341.80;-108.55
13344.73;-108.39
13347.66;-108.16
13350.59;-108.08
13353.52;-108.31
13356.45;-108.47
13359.38;-108.31
13362.30;-107.92
13365.23;-108.00
13368.16;-108.00
13371.09;-108.16
13374.02;-107.92
13376.95;-108.16
13379.88;-108.08
13382.81;-108.31
13385.74;-108.31
13388.67;-108.00
13391.60;-108.00
13394.53;-108.08
13397.46;-108.16
13400.39;-108.00
13403.32;-108.08
13406.25;-108.16
13409.18;-108.23
13412.11;-108.16
13415.04;-108.16
13417.97;-108.31
13420.90;-108.00
13423.83;-107.77
13426.76;-108.08
13429.69;-108.16
13432.62;-108.08
13435.55;-107.84
13438.48;-107.92
13441.41;-108.08
13444.34;-108.23
13447.27;-108.23
13450.20;-108.23
13453.13;-108.00
13456.05;-108.00
13458.98;-108.16
13461.91;-108.16
13464.84;-108.23
13467.77;-108.23
13470.70;-107.84
13473.63;-108.00
13476.56;-108.23
13479.49;-108.00
13482.42;-107.77
13485.35;-108.16
13488.28;-108.39
13491.21;-108.00
13494.14;-108.08
13497.07;-108.23
13500.00;-108.31
13502.93;-108.23
13505.86;-108.00
13508.79;-108.00
13511.72;-108.00
13514.65;-107.84
13517.58;-107.84
13520.51;-108.23
13523.44;-108.23
13526.37;-107.92
13529.30;-107.92
13532.23;-108.16
13535.16;-108.23
13538.09;-108.23
13541.02;-108.23
13543.95;-108.16
13546.88;-108.08
13549.80;-107.92
13552.73;-108.08
13555.66;-107.92
13558.59;-108.00
13561.52;-108.00
13564.45;-107.84
13567.38;-107.69
13570.31;-107.84
13573.24;-107.92
13576.17;-107.84
13579.10;-108.08
13582.03;-108.08
13584.96;-108.16
13587.89;-108.31
13590.82;-108.55
13593.75;-108.23
13596.68;-108.08
13599.61;-108.31
13602.54;-108.23
13605.47;-108.16
13608.40;-108.23
13611.33;-108.00
13614.26;-108.00
13617.19;-108.16
13620.12;-108.16
13623.05;-108.16
13625.98;-107.84
13628.91;-107.77
13631.84;-107.84
13634.77;-108.08
13637.70;-108.16
13640.63;-107.92
13643.55;-108.00
13646.48;-108.00
13649.41;-108.08
13652.34;-108.23
13655.27;-108.16
13658.20;-107.84
13661.13;-107.77
13664.06;-107.69
13666.99;-107.92
13669.92;-108.08
13672.85;-108.08
13675.78;-107.84
13678.71;-107.84
13681.64;-107.92
13684.57;-107.92
13687.50;-108.08
13690.43;-108.16
13693.36;-108.08
13696.29;-108.00
13699.22;-108.00
13702.15;-107.84
13705.08;-107.77
13708.01;-108.00
13710.94;-108.31
13713.87;-108.08
13716.80;-107.92
13719.73;-108.00
13722.66;-108.00
13725.59;-108.16
13728.52;-107.92
13731.45;-108.08
13734.38;-108.23
13737.30;-108.23
13740.23;-108.31
13743.16;-108.16
13746.09;-108.00
13749.02;-107.92
13751.95;-107.69
13754.88;-107.77
13757.81;-108.00
13760.74;-108.00
13763.67;-108.08
13766.60;-108.16
13769.53;-108.00
13772.46;-108.00
13775.39;-108.00
13778.32;-107.84
13781.25;-107.77
13784.18;-107.77
13787.11;-107.92
13790.04;-107.77
13792.97;-108.00
13795.90;-108.16
13798.83;-108.08
13801.76;-108.00
13804.69;-107.77
13807.62;-107.77
13810.55;-107.84
13813.48;-107.84
13816.41;-108.16
13819.34;-108.08
13822.27;-107.92
13825.20;-107.92
13828.13;-107.92
13831.05;-107.92
13833.98;-107.92
13836.91;-108.23
13839.84;-108.08
13842.77;-108.08
13845.70;-108.00
13848.63;-108.16
13851.56;-108.31
13854.49;-108.08
13857.42;-107.92
13860.35;-107.92
13863.28;-108.08
13866.21;-107.84
13869.14;-107.77
13872.07;-107.84
13875.00;-107.84
13877.93;-108.00
13880.86;-107.69
13883.79;-107.92
13886.72;-108.08
13889.65;-108.16
13892.58;-108.00
13895.51;-107.92
13898.44;-107.84
13901.37;-107.92
13904.30;-107.84
13907.23;-108.00
13910.16;-108.00
13913.09;-108.00
13916.02;-108.23
13918.95;-108.16
13921.88;-107.84
13924.80;-107.77
13927.73;-107.84
13930.66;-107.77
13933.59;-107.69
13936.52;-107.45
13939.45;-107.77
13942.38;-107.84
13945.31;-107.69
13948.24;-107.92
13951.17;-107.77
13954.10;-107.61
13957.03;-107.84
13959.96;-107.84
13962.89;-107.69
13965.82;-108.00
13968.75;-107.84
13971.68;-107.77
13974.61;-107.92
13977.54;-107.84
13980.47;-107.45
13983.40;-107.53
13986.33;-107.61
13989.26;-107.69
13992.19;-107.92
13995.12;-107.84
13998.05;-107.84
14000.98;-107.69
14003.91;-107.69
14006.84;-107.77
14009.77;-107.77
14012.70;-107.77
14015.63;-107.69
14018.55;-108.00
14021.48;-108.16
14024.41;-108.00
14027.34;-107.69
14030.27;-107.77
14033.20;-107.92
14036.13;-107.84
14039.06;-107.77
14041.99;-107.77
14044.92;-107.77
14047.85;-107.92
14050.78;-107.77
14053.71;-107.77
14056.64;-107.69
14059.57;-107.77
14062.50;-107.77
14065.43;-107.77
14068.36;-107.69
14071.29;-107.69
14074.22;-107.69
14077.15;-107.69
14080.08;-107.69
14083.01;-107.92
14085.94;-107.84
14088.87;-107.69
14091.80;-107.84
14094.73;-107.69
14097.66;-107.92
14100.59;-107.84
14103.52;-107.53
14106.45;-107.53
14109.38;-107.77
14112.30;-107.92
14115.23;-107.92
14118.16;-107.61
14121.09;-107.84
14124.02;-107.61
14126.95;-107.45
14129.88;-107.69
14132.81;-107.84
14135.74;-108.00
14138.67;-107.84
14141.60;-107.92
14144.53;-107.77
14147.46;-107.77
14150.39;-107.69
14153.32;-107.92
14156.25;-108.39
14159.18;-108.00
14162.11;-107.69
14165.04;-107.77
14167.97;-107.92
14170.90;-107.61
14173.83;-107.61
14176.76;-107.84
14179.69;-107.77
14182.62;-107.61
14185.55;-107.45
14188.48;-107.53
14191.41;-107.61
14194.34;-107.69
14197.27;-107.84
14200.20;-107.84
14203.13;-107.69
14206.05;-107.45
14208.98;-107.61
14211.91;-107.69
14214.84;-107.61
14217.77;-107.69
14220.70;-107.77
14223.63;-107.61
14226.56;-107.45
14229.49;-107.53
14232.42;-107.77
14235.35;-107.77
14238.28;-107.77
14241.21;-107.69
14244.14;-107.69
14247.07;-107.84
14250.00;-107.77
14252.93;-107.61
14255.86;-107.45
14258.79;-107.53
14261.72;-107.92
14264.65;-107.84
14267.58;-107.77
14270.51;-107.53
14273.44;-107.61
14276.37;-107.61
14279.30;-107.45
14282.23;-107.69
14285.16;-107.69
14288.09;-107.37
14291.02;-107.45
14293.95;-107.61
14296.88;-107.69
14299.80;-107.84
14302.73;-107.84
14305.66;-107.61
14308.59;-107.69
14311.52;-107.45
14314.45;-107.37
14317.38;-107.92
14320.31;-107.69
14323.24;-107.53
14326.17;-107.61
14329.10;-107.61
14332.03;-107.69
14334.96;-107.53
14337.89;-107.61
14340.82;-107.92
14343.75;-107.61
14346.68;-107.61
14349.61;-107.77
14352.54;-107.77
14355.47;-107.84
14358.40;-107.69
14361.33;-107.45
14364.26;-107.37
14367.19;-107.53
14370.12;-107.69
14373.05;-107.53
14375.98;-107.53
14378.91;-107.77
14381.84;-107.84
14384.77;-107.69
14387.70;-107.53
14390.63;-107.61
14393.55;-107.61
14396.48;-107.69
14399.41;-107.53
14402.34;-107.53
14405.27;-107.30
14408.20;-107.14
14411.13;-107.30
14414.06;-107.77
14416.99;-107.69
14419.92;-107.69
14422.85;-107.69
14425.78;-107.53
14428.71;-107.45
14431.64;-107.69
14434.57;-107.69
14437.50;-107.69
14440.43;-107.69
14443.36;-107.53
14446.29;-107.53
14449.22;-107.61
14452.15;-107.45
14455.08;-107.53
14458.01;-107.45
14460.94;-107.45
14463.87;-107.77
14466.80;-107.69
14469.73;-107.69
14472.66;-107.61
14475.59;-107.45
14478.52;-107.84
14481.45;-107.45
14484.38;-107.45
14487.30;-107.61
14490.23;-107.61
14493.16;-107.69
14496.09;-107.69
14499.02;-107.45
14501.95;-107.37
14504.88;-107.53
14507.81;-107.61
14510.74;-107.53
14513.67;-107.37
14516.60;-107.37
14519.53;-107.37
14522.46;-107.45
14525.39;-107.69
14528.32;-107.77
14531.25;-107.53
14534.18;-107.45
14537.11;-107.61
14540.04;-107.77
14542.97;-107.61
14545.90;-107.53
14548.83;-107.61
14551.76;-107.53
14554.69;-107.30
14557.62;-107.30
14560.55;-107.53
14563.48;-107.45
14566.41;-107.61
14569.34;-107.61
14572.27;-107.45
14575.20;-107.53
14578.13;-107.53
14581.05;-107.61
14583.98;-107.69
14586.91;-107.37
14589.84;-107.30
14592.77;-107.30
14595.70;-107.53
14598.63;-107.61
14601.56;-107.61
14604.49;-107.37
14607.42;-107.61
14610.35;-107.45
14613.28;-106.98
14616.21;-107.22
14619.14;-107.53
14622.07;-107.30
14625.00;-107.61
14627.93;-107.69
14630.86;-107.53
14633.79;-107.45
14636.72;-107.45
14639.65;-107.45
14642.58;-107.45
14645.51;-107.61
14648.44;-107.45
14651.37;-107.45
14654.30;-107.53
14657.23;-107.53
14660.16;-107.61
14663.09;-107.45
14666.02;-107.37
14668.95;-107.37
14671.88;-107.37
14674.80;-107.53
14677.73;-107.37
14680.66;-107.30
14683.59;-107.14
14686.52;-107.22
14689.45;-107.53
14692.38;-107.37
14695.31;-107.37
14698.24;-107.45
14701.17;-107.30
14704.10;-107.45
14707.03;-107.69
14709.96;-107.45
14712.89;-107.22
14715.82;-107.14
14718.75;-107.37
14721.68;-107.22
14724.61;-107.37
14727.54;-107.45
14730.47;-107.37
14733.40;-107.61
14736.33;-107.30
14739.26;-107.30
14742.19;-107.37
14745.12;-107.37
14748.05;-107.53
14750.98;-107.61
14753.91;-107.37
14756.84;-107.69
14759.77;-107.53
14762.70;-107.30
14765.63;-107.30
14768.55;-107.45
14771.48;-107.45
14774.41;-107.22
14777.34;-107.45
14780.27;-107.45
14783.20;-107.30
14786.13;-107.30
14789.06;-107.30
14791.99;-107.37
14794.92;-107.37
14797.85;-107.22
14800.78;-107.22
14803.71;-107.22
14806.64;-107.30
14809.57;-107.37
14812.50;-107.22
14815.43;-107.37
14818.36;-107.61
14821.29;-107.69
14824.22;-107.53
14827.15;-107.45
14830.08;-107.37
14833.01;-107.45
14835.94;-107.69
14838.87;-107.30
14841.80;-107.14
14844.73;-107.14
14847.66;-107.14
14850.59;-107.22
14853.52;-107.53
14856.45;-107.22
14859.38;-107.22
14862.30;-107.53
14865.23;-107.61
14868.16;-107.61
14871.09;-107.30
14874.02;-107.22
14876.95;-107.22
14879.88;-107.45
14882.81;-107.37
14885.74;-107.45
14888.67;-107.53
14891.60;-107.30
14894.53;-107.30
14897.46;-107.37
14900.39;-107.22
14903.32;-107.14
14906.25;-107.22
14909.18;-107.30
14912.11;-107.37
14915.04;-107.14
14917.97;-107.14
14920.90;-107.14
14923.83;-107.30
14926.76;-107.14
14929.69;-107.06
14932.62;-107.22
14935.55;-107.37
14938.48;-107.45
14941.41;-107.45
14944.34;-107.22
14947.27;-107.30
14950.20;-107.37
14953.13;-107.22
14956.05;-107.14
14958.98;-107.14
14961.91;-107.30
14964.84;-107.37
14967.77;-107.22
14970.70;-107.06
14973.63;-107.45
14976.56;-107.53
14979.49;-107.53
14982.42;-107.53
14985.35;-107.22
14988.28;-107.22
14991.21;-107.37
14994.14;-107.45
14997.07;-107.45
15000.00;-107.22
15002.93;-107.06
15005.86;-107.22
15008.79;-107.30
15011.72;-107.22
15014.65;-107.14
15017.58;-107.22
15020.51;-107.14
15023.44;-107.22
15026.37;-107.22
15029.30;-107.30
15032.23;-107.30
15035.16;-107.45
15038.09;-107.37
15041.02;-107.22
15043.95;-107.22
15046.88;-107.14
15049.80;-107.37
15052.73;-107.22
15055.66;-107.30
15058.59;-107.22
15061.52;-107.37
15064.45;-107.45
15067.38;-107.22
15070.31;-107.30
15073.24;-107.37
15076.17;-107.22
15079.10;-107.45
15082.03;-107.37
15084.96;-107.22
15087.89;-107.30
15090.82;-107.22
15093.75;-107.22
15096.68;-107.30
15099.61;-107.14
15102.54;-107.22
15105.47;-107.14
15108.40;-107.30
15111.33;-107.14
15114.26;-107.14
15117.19;-106.91
15120.12;-106.98
15123.05;-107.14
15125.98;-107.14
15128.91;-107.30
15131.84;-107.30
15134.77;-107.22
15137.70;-107.06
15140.63;-107.30
15143.55;-107.14
15146.48;-107.06
15149.41;-107.22
15152.34;-107.30
15155.27;-107.30
15158.20;-107.22
15161.13;-107.30
15164.06;-107.14
15166.99;-107.14
15169.92;-107.22
15172.85;-107.30
15175.78;-107.14
15178.71;-107.14
15181.64;-106.98
15184.57;-106.91
15187.50;-106.98
15190.43;-107.22
15193.36;-107.30
15196.29;-107.37
15199.22;-107.22
15202.15;-107.06
15205.08;-107.30
15208.01;-107.53
15210.94;-107.30
15213.87;-107.30
15216.80;-107.53
15219.73;-107.22
15222.66;-107.14
15225.59;-107.14
15228.52;-107.14
15231.45;-107.30
15234.38;-107.22
15237.30;-107.37
15240.23;-107.22
15243.16;-107.22
15246.09;-107.30
15249.02;-107.22
15251.95;-107.30
15254.88;-107.37
15257.81;-107.14
15260.74;-107.45
15263.67;-107.45
15266.60;-107.30
15269.53;-107.30
15272.46;-107.22
15275.39;-107.14
15278.32;-107.22
15281.25;-107.45
15284.18;-107.30
15287.11;-107.06
15290.04;-106.98
15292.97;-107.45
15295.90;-107.37
15298.83;-107.22
15301.76;-107.30
15304.69;-107.06
15307.62;-106.98
15310.55;-107.06
15313.48;-106.98
15316.41;-106.75
15319.34;-106.75
15322.27;-107.22
15325.20;-107.37
15328.13;-107.22
15331.05;-107.14
15333.98;-107.14
15336.91;-107.14
15339.84;-107.22
15342.77;-106.98
15345.70;-107.14
15348.63;-107.22
15351.56;-107.22
15354.49;-106.98
15357.42;-107.06
15360.35;-107.06
15363.28;-106.91
15366.21;-106.98
15369.14;-107.30
15372.07;-107.30
15375.00;-106.91
15377.93;-106.98
15380.86;-106.83
15383.79;-106.75
15386.72;-107.06
15389.65;-106.98
15392.58;-106.98
15395.51;-106.91
15398.44;-106.91
15401.37;-106.83
15404.30;-107.22
15407.23;-107.30
15410.16;-107.14
15413.09;-107.06
15416.02;-106.98
15418.95;-106.98
15421.88;-106.75
15424.80;-106.83
15427.73;-106.98
15430.66;-106.98
15433.59;-107.06
15436.52;-107.14
15439.45;-107.45
15442.38;-107.22
15445.31;-106.98
15448.24;-107.06
15451.17;-106.75
15454.10;-106.83
15457.03;-106.91
15459.96;-106.91
15462.89;-106.98
15465.82;-106.98
15468.75;-106.98
15471.68;-107.06
15474.61;-106.98
15477.54;-107.22
15480.47;-107.14
15483.40;-107.06
15486.33;-107.14
15489.26;-106.98
15492.19;-106.91
15495.12;-107.22
15498.05;-107.14
15500.98;-107.14
15503.91;-107.22
15506.84;-106.98
15509.77;-107.06
15512.70;-107.06
15515.63;-106.83
15518.55;-106.91
15521.48;-106.91
15524.41;-106.91
15527.34;-107.14
15530.27;-106.98
15533.20;-106.91
15536.13;-106.91
15539.06;-106.98
15541.99;-107.22
15544.92;-107.30
15547.85;-107.14
15550.78;-107.30
15553.71;-107.22
15556.64;-107.06
15559.57;-107.22
15562.50;-106.98
15565.43;-106.67
15568.36;-106.67
15571.29;-106.91
15574.22;-106.83
15577.15;-107.22
15580.08;-107.53
15583.01;-107.14
15585.94;-106.91
15588.87;-106.83
15591.80;-106.98
15594.73;-106.91
15597.66;-106.98
15600.59;-106.98
15603.52;-107.06
15606.45;-106.91
15609.38;-106.91
15612.30;-106.98
15615.23;-106.91
15618.16;-106.98
15621.09;-106.98
15624.02;-106.83
15626.95;-106.91
15629.88;-106.98
15632.81;-106.98
15635.74;-106.83
15638.67;-106.75
15641.60;-106.91
15644.53;-106.98
15647.46;-106.83
15650.39;-106.91
15653.32;-107.06
15656.25;-106.91
15659.18;-106.75
15662.11;-106.67
15665.04;-106.83
15667.97;-106.91
15670.90;-106.83
15673.83;-106.91
15676.76;-106.83
15679.69;-106.91
15682.62;-107.14
15685.55;-107.14
15688.48;-107.30
15691.41;-107.06
15694.34;-106.67
15697.27;-106.83
15700.20;-106.83
15703.13;-106.67
15706.05;-106.83
15708.98;-107.06
15711.91;-106.98
15714.84;-106.98
15717.77;-107.06
15720.70;-107.06
15723.63;-107.06
15726.56;-107.06
15729.49;-106.91
15732.42;-106.98
15735.35;-106.91
15738.28;-106.83
15741.21;-106.75
15744.14;-106.98
15747.07;-106.91
15750.00;-106.91
15752.93;-106.75
15755.86;-106.83
15758.79;-107.14
15761.72;-107.22
15764.65;-106.83
15767.58;-106.52
15770.51;-106.52
15773.44;-106.67
15776.37;-106.83
15779.30;-106.83
15782.23;-106.75
15785.16;-106.91
15788.09;-106.75
15791.02;-106.83
15793.95;-106.91
15796.88;-107.06
15799.80;-107.06
15802.73;-107.06
15805.66;-106.91
15808.59;-106.98
15811.52;-106.75
15814.45;-106.83
15817.38;-106.83
15820.31;-106.83
15823.24;-106.91
15826.17;-106.98
15829.10;-106.83
15832.03;-106.67
15834.96;-106.75
15837.89;-106.91
15840.82;-107.14
15843.75;-107.06
15846.68;-106.67
15849.61;-106.59
15852.54;-106.75
15855.47;-106.83
15858.40;-106.98
15861.33;-106.83
15864.26;-106.91
15867.19;-106.98
15870.12;-107.06
15873.05;-107.14
15875.98;-106.91
15878.91;-106.98
15881.84;-106.67
15884.77;-106.36
15887.70;-106.83
15890.63;-106.83
15893.55;-106.59
15896.48;-106.98
15899.41;-106.91
15902.34;-106.67
15905.27;-106.91
15908.20;-106.75
15911.13;-106.83
15914.06;-106.98
15916.99;-106.83
15919.92;-106.91
15922.85;-107.14
15925.78;-106.98
15928.71;-106.83
15931.64;-106.59
15934.57;-106.59
15937.50;-106.59
15940.43;-106.75
15943.36;-106.59
15946.29;-106.59
15949.22;-106.98
15952.15;-107.06
15955.08;-107.14
15958.01;-106.83
15960.94;-106.59
15963.87;-106.52
15966.80;-106.91
15969.73;-107.06
15972.66;-107.14
15975.59;-106.91
15978.52;-106.83
15981.45;-106.75
15984.38;-106.59
15987.30;-106.83
15990.23;-106.83
15993.16;-106.98
15996.09;-107.06
15999.02;-106.91
16001.95;-106.59
16004.88;-106.52
16007.81;-106.59
16010.74;-106.52
16013.67;-106.75
16016.60;-106.83
16019.53;-106.91
16022.46;-106.98
16025.39;-106.91
16028.32;-106.98
16031.25;-106.75
16034.18;-106.67
16037.11;-106.75
16040.04;-106.52
16042.97;-106.59
16045.90;-106.83
16048.83;-106.75
16051.76;-106.67
16054.69;-106.67
16057.62;-106.36
16060.55;-106.52
16063.48;-106.67
16066.41;-106.59
16069.34;-106.59
16072.27;-106.52
16075.20;-106.75
16078.13;-106.75
16081.05;-106.67
16083.98;-106.67
16086.91;-106.83
16089.84;-106.83
16092.77;-106.83
16095.70;-106.98
16098.63;-106.75
16101.56;-106.59
16104.49;-106.67
16107.42;-106.67
16110.35;-106.75
16113.28;-106.91
16116.21;-106.91
16119.14;-106.67
16122.07;-106.59
16125.00;-106.67
16127.93;-106.91
16130.86;-106.75
16133.79;-106.83
16136.72;-106.98
16139.65;-106.75
16142.58;-106.91
16145.51;-106.75
16148.44;-106.59
16151.37;-106.59
16154.30;-106.75
16157.23;-106.83
16160.16;-106.36
16163.09;-106.52
16166.02;-106.67
16168.95;-106.67
16171.88;-106.67
16174.80;-106.75
16177.73;-106.83
16180.66;-106.75
16183.59;-106.59
16186.52;-106.83
16189.45;-106.75
16192.38;-106.36
16195.31;-106.75
16198.24;-106.67
16201.17;-106.52
16204.10;-106.52
16207.03;-106.59
16209.96;-106.83
16212.89;-106.83
16215.82;-106.59
16218.75;-106.44
16221.68;-106.52
16224.61;-106.59
16227.54;-106.59
16230.47;-106.59
16233.40;-106.52
16236.33;-106.52
16239.26;-106.67
16242.19;-106.59
16245.12;-106.67
16248.05;-106.75
16250.98;-106.59
16253.91;-106.52
16256.84;-106.59
16259.77;-106.44
16262.70;-106.44
16265.63;-106.44
16268.55;-106.52
16271.48;-106.44
16274.41;-106.59
16277.34;-106.67
16280.27;-106.52
16283.20;-106.59
16286.13;-106.75
16289.06;-106.75
16291.99;-106.67
16294.92;-106.59
16297.85;-106.67
16300.78;-106.98
16303.71;-106.67
16306.64;-106.59
16309.57;-106.67
16312.50;-106.67
16315.43;-106.36
16318.36;-106.59
16321.29;-106.98
16324.22;-106.59
16327.15;-106.59
16330.08;-106.75
16333.01;-106.52
16335.94;-106.36
16338.87;-106.28
16341.80;-106.44
16344.73;-106.44
16347.66;-106.67
16350.59;-106.83
16353.52;-106.52
16356.45;-106.59
16359.38;-106.67
16362.30;-106.59
16365.23;-106.67
16368.16;-106.67
16371.09;-106.52
16374.02;-106.52
16376.95;-106.52
16379.88;-106.59
16382.81;-106.83
16385.74;-106.52
16388.67;-106.52
16391.60;-106.52
16394.53;-106.28
16397.46;-106.52
16400.39;-106.59
16403.32;-106.44
16406.25;-106.52
16409.18;-106.67
16412.11;-106.52
16415.04;-106.36
16417.97;-106.44
16420.90;-106.36
16423.83;-106.52
16426.76;-106.59
16429.69;-106.59
16432.62;-106.67
16435.55;-106.59
16438.48;-106.59
16441.41;-106.36
16444.34;-106.44
16447.27;-106.52
16450.20;-106.28
16453.13;-106.52
16456.05;-106.59
16458.98;-106.67
16461.91;-106.44
16464.84;-106.28
16467.77;-106.83
16470.70;-106.91
16473.63;-106.75
16476.56;-106.75
16479.49;-106.52
16482.42;-106.44
16485.35;-106.36
16488.28;-106.36
16491.21;-106.28
16494.14;-106.52
16497.07;-106.67
16500.00;-106.52
16502.93;-106.44
16505.86;-106.59
16508.79;-106.36
16511.72;-106.44
16514.65;-106.59
16517.58;-106.36
16520.51;-106.12
16523.44;-106.36
16526.37;-106.75
16529.30;-106.44
16532.23;-106.36
16535.16;-106.52
16538.09;-106.59
16541.02;-106.52
16543.95;-106.67
16546.88;-106.59
16549.80;-106.28
16552.73;-106.36
16555.66;-106.59
16558.59;-106.44
16561.52;-106.36
16564.45;-106.75
16567.38;-106.75
16570.31;-106.98
16573.24;-106.52
16576.17;-106.20
16579.10;-106.52
16582.03;-106.67
16584.96;-106.91
16587.89;-106.67
16590.82;-106.44
16593.75;-106.52
16596.68;-106.44
16599.61;-106.36
16602.54;-106.52
16605.47;-106.59
16608.40;-106.36
16611.33;-106.44
16614.26;-106.52
16617.19;-106.44
16620.12;-106.59
16623.05;-106.52
16625.98;-106.20
16628.91;-106.12
16631.84;-106.44
16634.77;-106.75
16637.70;-106.44
16640.63;-106.52
16643.55;-106.67
16646.48;-106.44
16649.41;-106.44
16652.34;-106.36
16655.27;-106.36
16658.20;-106.59
16661.13;-106.59
16664.06;-106.44
16666.99;-106.28
16669.92;-106.75
16672.85;-106.59
16675.78;-106.75
16678.71;-106.75
16681.64;-106.59
16684.57;-106.52
16687.50;-106.36
16690.43;-106.44
16693.36;-106.67
16696.29;-106.67
16699.22;-106.59
16702.15;-106.83
16705.08;-106.91
16708.01;-106.59
16710.94;-106.52
16713.87;-106.28
16716.80;-106.20
16719.73;-106.36
16722.66;-106.59
16725.59;-106.59
16728.52;-106.67
16731.45;-106.52
16734.38;-106.12
16737.30;-106.36
16740.23;-106.75
16743.16;-106.52
16746.09;-106.44
16749.02;-106.44
16751.95;-106.20
16754.88;-106.20
16757.81;-106.28
16760.74;-106.59
16763.67;-106.52
16766.60;-106.44
16769.53;-106.67
16772.46;-106.59
16775.39;-106.44
16778.32;-106.28
16781.25;-106.75
16784.18;-106.36
16787.11;-106.28
16790.04;-106.20
16792.97;-106.36
16795.90;-106.52
16798.83;-106.44
16801.76;-106.52
16804.69;-106.28
16807.62;-106.28
16810.55;-106.36
16813.48;-106.44
16816.41;-106.59
16819.34;-106.52
16822.27;-106.52
16825.20;-106.28
16828.13;-106.05
16831.05;-106.20
16833.98;-106.20
16836.91;-106.52
16839.84;-106.52
16842.77;-106.67
16845.70;-106.59
16848.63;-106.28
16851.56;-106.20
16854.49;-106.36
16857.42;-106.52
16860.35;-106.59
16863.28;-106.59
16866.21;-106.59
16869.14;-106.12
16872.07;-106.05
16875.00;-106.20
16877.93;-106.44
16880.86;-106.52
16883.79;-106.44
16886.72;-106.20
16889.65;-106.20
16892.58;-106.52
16895.51;-106.44
16898.44;-106.12
16901.37;-105.97
16904.30;-106.12
16907.23;-106.52
16910.16;-106.44
16913.09;-106.44
16916.02;-106.44
16918.95;-106.52
16921.88;-106.52
16924.80;-106.28
16927.73;-106.28
16930.66;-106.20
16933.59;-106.44
16936.52;-106.52
16939.45;-106.52
16942.38;-106.36
16945.31;-106.20
16948.24;-106.28
16951.17;-106.28
16954.10;-106.20
16957.03;-106.05
16959.96;-106.44
16962.89;-106.67
16965.82;-106.36
16968.75;-105.89
16971.68;-105.97
16974.61;-106.36
16977.54;-106.44
16980.47;-106.36
16983.40;-106.44
16986.33;-106.44
16989.26;-106.67
16992.19;-106.44
16995.12;-106.36
16998.05;-106.05
17000.98;-106.20
17003.91;-106.20
17006.84;-106.20
17009.77;-106.36
17012.70;-106.05
17015.63;-106.28
17018.55;-106.36
17021.48;-106.52
17024.41;-106.20
17027.34;-106.44
17030.27;-106.44
17033.20;-106.05
17036.13;-105.81
17039.06;-105.89
17041.99;-106.20
17044.92;-106.67
17047.85;-106.75
17050.78;-106.36
17053.71;-106.36
17056.64;-106.36
17059.57;-106.05
17062.50;-106.75
17065.43;-106.67
17068.36;-106.36
17071.29;-105.89
17074.22;-105.97
17077.15;-106.52
17080.08;-106.36
17083.01;-106.20
17085.94;-106.05
17088.87;-106.44
17091.80;-106.44
17094.73;-106.36
17097.66;-106.28
17100.59;-106.20
17103.52;-106.28
17106.45;-106.75
17109.38;-106.52
17112.30;-106.20
17115.23;-106.28
17118.16;-106.36
17121.09;-106.36
17124.02;-106.05
17126.95;-106.20
17129.88;-106.20
17132.81;-106.28
17135.74;-106.36
17138.67;-106.44
17141.60;-106.36
17144.53;-106.12
17147.46;-105.97
17150.39;-106.20
17153.32;-106.28
17156.25;-106.36
17159.18;-106.20
17162.11;-106.20
17165.04;-106.20
17167.97;-106.44
17170.90;-106.20
17173.83;-106.28
17176.76;-106.36
17179.69;-106.44
17182.62;-106.36
17185.55;-106.28
17188.48;-106.20
17191.41;-106.28
17194.34;-106.44
17197.27;-106.52
17200.20;-106.44
17203.13;-106.52
17206.05;-106.52
17208.98;-106.28
17211.91;-106.12
17214.84;-106.36
17217.77;-106.36
17220.70;-106.05
17223.63;-106.05
17226.56;-106.28
17229.49;-106.20
17232.42;-105.97
17235.35;-106.05
17238.28;-105.97
17241.21;-105.97
17244.14;-106.28
17247.07;-106.28
17250.00;-106.20
17252.93;-106.20
17255.86;-106.20
17258.79;-106.36
17261.72;-106.20
17264.65;-106.05
17267.58;-106.20
17270.51;-106.20
17273.44;-106.20
17276.37;-106.20
17279.30;-106.44
17282.23;-106.28
17285.16;-106.28
17288.09;-106.28
17291.02;-106.05
17293.95;-106.12
17296.88;-106.36
17299.80;-106.36
17302.73;-106.20
17305.66;-106.05
17308.59;-106.05
17311.52;-106.05
17314.45;-105.97
17317.38;-105.81
17320.31;-105.97
17323.24;-105.97
17326.17;-105.89
17329.10;-105.89
17332.03;-106.28
17334.96;-106.36
17337.89;-106.36
17340.82;-105.97
17343.75;-106.05
17346.68;-105.97
17349.61;-106.20
17352.54;-106.05
17355.47;-105.81
17358.40;-105.73
17361.33;-106.36
17364.26;-106.36
17367.19;-106.05
17370.12;-105.81
17373.05;-106.20
17375.98;-106.36
17378.91;-106.28
17381.84;-106.28
17384.77;-106.36
17387.70;-106.20
17390.63;-106.05
17393.55;-106.36
17396.48;-106.36
17399.41;-106.12
17402.34;-106.05
17405.27;-106.12
17408.20;-106.20
17411.13;-105.89
17414.06;-105.97
17416.99;-106.05
17419.92;-105.89
17422.85;-106.05
17425.78;-106.12
17428.71;-106.12
17431.64;-106.05
17434.57;-106.12
17437.50;-106.20
17440.43;-106.28
17443.36;-106.20
17446.29;-106.28
17449.22;-106.28
17452.15;-106.05
17455.08;-105.97
17458.01;-105.89
17460.94;-105.89
17463.87;-105.81
17466.80;-105.89
17469.73;-106.12
17472.66;-106.05
17475.59;-106.05
17478.52;-106.05
17481.45;-106.12
17484.38;-106.20
17487.30;-106.28
17490.23;-106.20
17493.16;-106.12
17496.09;-105.97
17499.02;-105.81
17501.95;-105.97
17504.88;-106.12
17507.81;-106.20
17510.74;-106.28
17513.67;-105.97
17516.60;-106.12
17519.53;-106.28
17522.46;-106.12
17525.39;-105.73
17528.32;-105.89
17531.25;-106.05
17534.18;-106.20
17537.11;-106.28
17540.04;-106.44
17542.97;-106.36
17545.90;-106.12
17548.83;-105.81
17551.76;-105.73
17554.69;-105.81
17557.62;-105.97
17560.55;-106.05
17563.48;-105.97
17566.41;-106.12
17569.34;-106.12
17572.27;-106.36
17575.20;-105.97
17578.13;-105.81
17581.05;-106.20
17583.98;-106.20
17586.91;-105.97
17589.84;-106.05
17592.77;-106.28
17595.70;-106.28
17598.63;-106.20
17601.56;-106.20
17604.49;-105.97
17607.42;-106.05
17610.35;-106.12
17613.28;-106.12
17616.21;-106.28
17619.14;-106.05
17622.07;-106.05
17625.00;-105.97
17627.93;-106.05
17630.86;-106.36
17633.79;-106.20
17636.72;-106.20
17639.65;-106.12
17642.58;-106.05
17645.51;-106.12
17648.44;-105.89
17651.37;-105.81
17654.30;-105.97
17657.23;-105.89
17660.16;-105.89
17663.09;-106.20
17666.02;-106.20
17668.95;-106.12
17671.88;-106.05
17674.80;-106.20
17677.73;-106.12
17680.66;-106.36
17683.59;-106.36
17686.52;-106.12
17689.45;-105.89
17692.38;-106.20
17695.31;-106.05
17698.24;-105.81
17701.17;-105.89
17704.10;-105.97
17707.03;-105.97
17709.96;-106.05
17712.89;-106.12
17715.82;-106.05
17718.75;-105.97
17721.68;-106.28
17724.61;-106.36
17727.54;-106.12
17730.47;-105.97
17733.40;-105.97
17736.33;-106.28
17739.26;-106.05
17742.19;-105.97
17745.12;-105.97
17748.05;-105.97
17750.98;-105.81
17753.91;-105.89
17756.84;-105.89
17759.77;-105.81
17762.70;-106.05
17765.63;-106.20
17768.55;-106.05
17771.48;-106.05
17774.41;-105.97
17777.34;-105.97
17780.27;-106.20
17783.20;-106.12
17786.13;-105.97
17789.06;-105.97
17791.99;-106.05
17794.92;-105.89
17797.85;-105.73
17800.78;-105.81
17803.71;-105.89
17806.64;-105.81
17809.57;-105.81
17812.50;-105.81
17815.43;-105.81
17818.36;-105.81
17821.29;-106.05
17824.22;-106.05
17827.15;-106.05
17830.08;-106.20
17833.01;-106.12
17835.94;-105.97
17838.87;-106.12
17841.80;-106.28
17844.73;-106.28
17847.66;-106.05
17850.59;-106.12
17853.52;-106.05
17856.45;-105.73
17859.38;-105.81
17862.30;-105.89
17865.23;-105.97
17868.16;-105.89
17871.09;-105.89
17874.02;-106.12
17876.95;-106.36
17879.88;-106.20
17882.81;-106.05
17885.74;-106.05
17888.67;-106.05
17891.60;-106.12
17894.53;-105.97
17897.46;-106.05
17900.39;-106.05
17903.32;-105.89
17906.25;-105.89
17909.18;-106.05
17912.11;-106.12
17915.04;-105.97
17917.97;-105.97
17920.90;-105.89
17923.83;-105.81
17926.76;-106.05
17929.69;-106.12
17932.62;-106.12
17935.55;-106.05
17938.48;-105.97
17941.41;-106.05
17944.34;-106.12
17947.27;-106.05
17950.20;-105.81
17953.13;-105.97
17956.05;-106.05
17958.98;-106.20
17961.91;-106.20
17964.84;-106.05
17967.77;-105.97
17970.70;-105.81
17973.63;-105.89
17976.56;-106.20
17979.49;-106.20
17982.42;-105.89
17985.35;-106.05
17988.28;-106.12
17991.21;-105.73
17994.14;-105.66
17997.07;-105.81
18000.00;-105.89
18002.93;-105.89
18005.86;-106.05
18008.79;-105.89
18011.72;-105.81
18014.65;-105.73
18017.58;-106.12
18020.51;-106.20
18023.44;-106.28
18026.37;-106.12
18029.30;-105.81
18032.23;-105.66
18035.16;-105.73
18038.09;-105.66
18041.02;-105.89
18043.95;-106.12
18046.88;-106.20
18049.80;-105.97
18052.73;-106.12
18055.66;-105.97
18058.59;-106.05
18061.52;-105.89
18064.45;-105.73
18067.38;-105.97
18070.31;-105.89
18073.24;-105.66
18076.17;-105.97
18079.10;-106.12
18082.03;-105.81
18084.96;-105.89
18087.89;-105.81
18090.82;-105.81
18093.75;-105.81
18096.68;-105.89
18099.61;-105.97
18102.54;-106.05
18105.47;-105.89
18108.40;-105.81
18111.33;-105.81
18114.26;-105.89
18117.19;-105.81
18120.12;-105.89
18123.05;-105.81
18125.98;-105.81
18128.91;-106.28
18131.84;-106.12
18134.77;-106.20
18137.70;-106.12
18140.63;-106.20
18143.55;-105.97
18146.48;-105.58
18149.41;-105.73
18152.34;-106.05
18155.27;-105.97
18158.20;-106.20
18161.13;-105.89
18164.06;-106.05
18166.99;-105.89
18169.92;-105.81
18172.85;-105.73
18175.78;-105.66
18178.71;-105.66
18181.64;-105.89
18184.57;-106.05
18187.50;-105.97
18190.43;-105.66
18193.36;-105.81
18196.29;-106.05
18199.22;-105.89
18202.15;-105.89
18205.08;-105.89
18208.01;-105.73
18210.94;-105.81
18213.87;-106.20
18216.80;-106.12
18219.73;-105.89
18222.66;-105.66
18225.59;-105.58
18228.52;-105.73
18231.45;-105.58
18234.38;-105.58
18237.30;-105.97
18240.23;-106.05
18243.16;-105.89
18246.09;-105.81
18249.02;-105.81
18251.95;-105.81
18254.88;-106.05
18257.81;-106.12
18260.74;-105.97
18263.67;-105.89
18266.60;-105.81
18269.53;-105.73
18272.46;-105.89
18275.39;-105.97
18278.32;-105.81
18281.25;-105.50
18284.18;-105.58
18287.11;-105.89
18290.04;-105.89
18292.97;-106.05
18295.90;-105.89
18298.83;-105.58
18301.76;-105.50
18304.69;-105.73
18307.62;-105.81
18310.55;-105.73
18313.48;-105.89
18316.41;-105.58
18319.34;-105.81
18322.27;-106.28
18325.20;-106.20
18328.13;-105.89
18331.05;-105.73
18333.98;-105.66
18336.91;-105.58
18339.84;-105.58
18342.77;-105.66
18345.70;-105.66
18348.63;-105.81
18351.56;-105.97
18354.49;-106.05
18357.42;-106.05
18360.35;-105.66
18363.28;-105.89
18366.21;-106.12
18369.14;-105.97
18372.07;-105.73
18375.00;-105.73
18377.93;-105.73
18380.86;-105.66
18383.79;-105.81
18386.72;-105.97
18389.65;-105.66
18392.58;-105.81
18395.51;-106.05
18398.44;-105.89
18401.37;-105.89
18404.30;-105.73
18407.23;-105.73
18410.16;-105.81
18413.09;-105.81
18416.02;-105.50
18418.95;-105.89
18421.88;-105.89
18424.80;-105.81
18427.73;-105.73
18430.66;-106.05
18433.59;-105.97
18436.52;-106.05
18439.45;-105.97
18442.38;-105.73
18445.31;-105.81
18448.24;-105.73
18451.17;-105.66
18454.10;-105.73
18457.03;-105.97
18459.96;-106.05
18462.89;-105.73
18465.82;-105.58
18468.75;-105.34
18471.68;-105.42
18474.61;-105.66
18477.54;-105.66
18480.47;-105.58
18483.40;-105.66
18486.33;-105.73
18489.26;-105.66
18492.19;-105.58
18495.12;-105.50
18498.05;-105.73
18500.98;-105.66
18503.91;-105.66
18506.84;-105.81
18509.77;-105.97
18512.70;-105.97
18515.63;-105.50
18518.55;-105.66
18521.48;-105.97
18524.41;-105.97
18527.34;-105.81
18530.27;-105.97
18533.20;-105.73
18536.13;-105.66
18539.06;-105.66
18541.99;-105.73
18544.92;-105.50
18547.85;-105.66
18550.78;-105.81
18553.71;-105.73
18556.64;-105.50
18559.57;-105.73
18562.50;-105.81
18565.43;-105.66
18568.36;-105.50
18571.29;-105.73
18574.22;-105.50
18577.15;-105.58
18580.08;-105.42
18583.01;-105.58
18585.94;-105.66
18588.87;-105.66
18591.80;-105.58
18594.73;-105.73
18597.66;-105.73
18600.59;-105.42
18603.52;-105.26
18606.45;-105.50
18609.38;-105.73
18612.30;-105.81
18615.23;-105.73
18618.16;-105.58
18621.09;-105.42
18624.02;-105.42
18626.95;-105.50
18629.88;-105.58
18632.81;-105.58
18635.74;-105.58
18638.67;-105.81
18641.60;-105.81
18644.53;-105.73
18647.46;-105.73
18650.39;-105.42
18653.32;-105.42
18656.25;-105.50
18659.18;-105.50
18662.11;-105.58
18665.04;-105.89
18667.97;-105.66
18670.90;-105.50
18673.83;-105.66
18676.76;-105.58
18679.69;-105.58
18682.62;-105.66
18685.55;-105.66
18688.48;-105.26
18691.41;-105.42
18694.34;-105.42
18697.27;-105.42
18700.20;-105.26
18703.13;-105.58
18706.05;-105.81
18708.98;-105.89
18711.91;-105.81
18714.84;-105.50
18717.77;-105.34
18720.70;-105.42
18723.63;-105.66
18726.56;-105.66
18729.49;-105.89
18732.42;-105.81
18735.35;-105.42
18738.28;-105.58
18741.21;-105.81
18744.14;-105.58
18747.07;-105.50
18750.00;-105.66
18752.93;-105.81
18755.86;-105.50
18758.79;-105.58
18761.72;-105.73
18764.65;-105.58
18767.58;-105.66
18770.51;-105.58
18773.44;-105.58
18776.37;-105.66
18779.30;-105.58
18782.23;-105.42
18785.16;-105.42
18788.09;-105.58
18791.02;-105.58
18793.95;-105.73
18796.88;-105.58
18799.80;-105.58
18802.73;-105.42
18805.66;-105.34
18808.59;-105.58
18811.52;-105.89
18814.45;-105.73
18817.38;-105.73
18820.31;-105.42
18823.24;-105.73
18826.17;-105.89
18829.10;-105.58
18832.03;-105.42
18834.96;-105.19
18837.89;-105.19
18840.82;-105.58
18843.75;-105.42
18846.68;-105.50
18849.61;-105.66
18852.54;-105.66
18855.47;-105.66
18858.40;-105.66
18861.33;-105.58
18864.26;-105.73
18867.19;-105.73
18870.12;-105.81
18873.05;-105.58
18875.98;-105.50
18878.91;-105.42
18881.84;-105.50
18884.77;-105.50
18887.70;-105.34
18890.63;-105.58
18893.55;-105.66
18896.48;-105.50
18899.41;-105.58
18902.34;-105.66
18905.27;-105.66
18908.20;-105.66
18911.13;-105.58
18914.06;-105.66
18916.99;-105.66
18919.92;-105.73
18922.85;-105.66
18925.78;-105.58
18928.71;-105.66
18931.64;-105.58
18934.57;-105.73
18937.50;-105.66
18940.43;-105.58
18943.36;-105.50
18946.29;-105.50
18949.22;-105.42
18952.15;-105.66
18955.08;-105.81
18958.01;-105.50
18960.94;-105.66
18963.87;-105.42
18966.80;-105.50
18969.73;-105.73
18972.66;-105.42
18975.59;-105.50
18978.52;-105.50
18981.45;-105.42
18984.38;-105.42
18987.30;-105.50
18990.23;-105.42
18993.16;-105.66
18996.09;-105.58
18999.02;-105.42
19001.95;-105.42
19004.88;-105.50
19007.81;-105.42
19010.74;-105.42
19013.67;-105.19
19016.60;-105.26
19019.53;-105.42
19022.46;-105.73
19025.39;-105.66
19028.32;-105.81
19031.25;-105.73
19034.18;-105.58
19037.11;-105.50
19040.04;-105.50
19042.97;-105.34
19045.90;-105.34
19048.83;-105.19
19051.76;-105.19
19054.69;-105.58
19057.62;-105.66
19060.55;-105.58
19063.48;-105.34
19066.41;-105.58
19069.34;-105.89
19072.27;-105.66
19075.20;-105.42
19078.13;-105.66
19081.05;-105.58
19083.98;-105.42
19086.91;-105.34
19089.84;-105.34
19092.77;-105.73
19095.70;-105.26
19098.63;-105.42
19101.56;-105.50
19104.49;-105.50
19107.42;-105.50
19110.35;-105.42
19113.28;-105.50
19116.21;-105.58
19119.14;-105.73
19122.07;-105.89
19125.00;-105.50
19127.93;-105.66
19130.86;-105.50
19133.79;-105.50
19136.72;-105.58
19139.65;-105.42
19142.58;-105.42
19145.51;-105.66
19148.44;-105.58
19151.37;-105.42
19154.30;-105.19
19157.23;-105.42
19160.16;-105.66
19163.09;-105.26
19166.02;-105.34
19168.95;-105.34
19171.88;-105.42
19174.80;-105.34
19177.73;-105.58
19180.66;-105.58
19183.59;-105.34
19186.52;-105.26
19189.45;-105.97
19192.38;-105.66
19195.31;-105.34
19198.24;-105.34
19201.17;-105.50
19204.10;-105.73
19207.03;-105.50
19209.96;-105.50
19212.89;-105.50
19215.82;-105.81
19218.75;-105.73
19221.68;-105.50
19224.61;-105.58
19227.54;-105.89
19230.47;-105.81
19233.40;-105.42
19236.33;-105.42
19239.26;-105.34
19242.19;-105.42
19245.12;-105.34
19248.05;-105.50
19250.98;-105.58
19253.91;-105.58
19256.84;-105.58
19259.77;-105.34
19262.70;-105.50
19265.63;-105.81
19268.55;-105.66
19271.48;-105.66
19274.41;-105.73
19277.34;-105.81
19280.27;-105.66
19283.20;-105.42
19286.13;-105.50
19289.06;-105.73
19291.99;-105.73
19294.92;-105.34
19297.85;-105.50
19300.78;-105.50
19303.71;-105.50
19306.64;-105.34
19309.57;-105.34
19312.50;-105.58
19315.43;-105.66
19318.36;-105.34
19321.29;-105.50
19324.22;-105.50
19327.15;-105.34
19330.08;-105.26
19333.01;-105.50
19335.94;-105.42
19338.87;-105.50
19341.80;-105.50
19344.73;-105.50
19347.66;-105.50
19350.59;-105.50
19353.52;-105.50
19356.45;-105.50
19359.38;-105.26
19362.30;-105.34
19365.23;-105.58
19368.16;-105.50
19371.09;-105.50
19374.02;-105.73
19376.95;-105.89
19379.88;-105.66
19382.81;-105.42
19385.74;-105.58
19388.67;-105.58
19391.60;-105.19
19394.53;-105.42
19397.46;-105.73
19400.39;-105.50
19403.32;-105.34
19406.25;-105.50
19409.18;-105.50
19412.11;-105.58
19415.04;-105.58
19417.97;-105.34
19420.90;-105.26
19423.83;-105.50
19426.76;-105.34
19429.69;-105.58
19432.62;-105.42
19435.55;-105.42
19438.48;-105.42
19441.41;-105.19
19444.34;-105.42
19447.27;-105.19
19450.20;-105.19
19453.13;-105.42
19456.05;-105.34
19458.98;-105.42
19461.91;-105.50
19464.84;-105.26
19467.77;-105.42
19470.70;-105.42
19473.63;-105.34
19476.56;-105.42
19479.49;-105.58
19482.42;-105.58
19485.35;-105.58
19488.28;-105.73
19491.21;-105.58
19494.14;-105.34
19497.07;-105.42
19500.00;-105.58
19502.93;-105.42
19505.86;-105.19
19508.79;-105.26
19511.72;-105.58
19514.65;-105.34
19517.58;-105.19
19520.51;-105.26
19523.44;-105.42
19526.37;-105.42
19529.30;-105.42
19532.23;-105.50
19535.16;-105.42
19538.09;-105.26
19541.02;-105.26
19543.95;-105.26
19546.88;-105.42
19549.80;-105.26
19552.73;-105.34
19555.66;-105.42
19558.59;-105.34
19561.52;-105.19
19564.45;-105.19
19567.38;-105.42
19570.31;-105.03
19573.24;-105.19
19576.17;-105.19
19579.10;-105.19
19582.03;-105.50
19584.96;-105.26
19587.89;-105.19
19590.82;-105.34
19593.75;-105.34
19596.68;-105.26
19599.61;-105.26
19602.54;-105.42
19605.47;-105.50
19608.40;-105.42
19611.33;-105.26
19614.26;-105.50
19617.19;-105.42
19620.12;-105.42
19623.05;-105.58
19625.98;-105.42
19628.91;-105.26
19631.84;-105.34
19634.77;-105.34
19637.70;-105.34
19640.63;-105.26
19643.55;-105.26
19646.48;-105.34
19649.41;-105.58
19652.34;-105.58
19655.27;-105.26
19658.20;-105.19
19661.13;-105.26
19664.06;-105.34
19666.99;-105.42
19669.92;-105.66
19672.85;-105.58
19675.78;-105.34
19678.71;-105.50
19681.64;-105.42
19684.57;-105.26
19687.50;-105.26
19690.43;-105.42
19693.36;-105.58
19696.29;-105.66
19699.22;-105.19
19702.15;-105.26
19705.08;-105.42
19708.01;-105.42
19710.94;-105.42
19713.87;-105.58
19716.80;-105.42
19719.73;-105.34
19722.66;-105.34
19725.59;-105.26
19728.52;-105.34
19731.45;-105.19
19734.38;-105.58
19737.30;-105.42
19740.23;-105.26
19743.16;-105.34
19746.09;-105.26
19749.02;-105.11
19751.95;-105.11
19754.88;-105.26
19757.81;-105.58
19760.74;-105.50
19763.67;-105.19
19766.60;-105.26
19769.53;-105.42
19772.46;-105.34
19775.39;-105.03
19778.32;-105.03
19781.25;-105.19
19784.18;-105.26
19787.11;-105.42
19790.04;-105.11
19792.97;-105.19
19795.90;-105.26
19798.83;-105.19
19801.76;-105.11
19804.69;-105.26
19807.62;-105.03
19810.55;-105.03
19813.48;-105.03
19816.41;-105.11
19819.34;-104.87
19822.27;-105.03
19825.20;-105.11
19828.13;-105.58
19831.05;-105.34
19833.98;-105.19
19836.91;-105.34
19839.84;-105.42
19842.77;-105.19
19845.70;-105.34
19848.63;-105.34
19851.56;-105.26
19854.49;-105.42
19857.42;-105.50
19860.35;-105.58
19863.28;-105.19
19866.21;-105.03
19869.14;-105.19
19872.07;-105.19
19875.00;-105.11
19877.93;-105.19
19880.86;-105.11
19883.79;-105.26
19886.72;-105.19
19889.65;-105.26
19892.58;-105.42
19895.51;-105.34
19898.44;-105.42
19901.37;-105.03
19904.30;-105.11
19907.23;-105.26
19910.16;-105.26
19913.09;-105.19
19916.02;-105.11
19918.95;-105.26
19921.88;-105.19
19924.80;-105.50
19927.73;-105.42
19930.66;-105.19
19933.59;-105.11
19936.52;-105.11
19939.45;-104.95
19942.38;-104.95
19945.31;-104.87
19948.24;-105.19
19951.17;-105.26
19954.10;-105.26
19957.03;-105.19
19959.96;-105.03
19962.89;-105.19
19965.82;-105.58
19968.75;-105.26
19971.68;-105.26
19974.61;-105.03
19977.54;-105.19
19980.47;-105.19
19983.40;-105.34
19986.33;-105.50
19989.26;-105.42
19992.19;-105.11
19995.12;-105.03
19998.05;-105.19
20000.98;-105.03
20003.91;-104.87
20006.84;-104.72
20009.77;-104.95
20012.70;-104.95
20015.63;-104.72
20018.55;-104.95
20021.48;-104.95
20024.41;-105.03
20027.34;-105.34
20030.27;-105.26
20033.20;-105.26
20036.13;-105.19
20039.06;-105.50
20041.99;-105.34
20044.92;-105.42
20047.85;-105.34
20050.78;-105.11
20053.71;-105.19
20056.64;-105.11
20059.57;-105.26
20062.50;-105.19
20065.43;-105.42
20068.36;-105.19
20071.29;-105.11
20074.22;-105.26
20077.15;-105.11
20080.08;-105.11
20083.01;-105.42
20085.94;-105.42
20088.87;-105.34
20091.80;-105.34
20094.73;-105.19
20097.66;-105.19
20100.59;-105.03
20103.52;-104.95
20106.45;-104.95
20109.38;-105.19
20112.30;-105.03
20115.23;-104.95
20118.16;-105.19
20121.09;-105.19
20124.02;-104.95
20126.95;-105.11
20129.88;-105.26
20132.81;-105.19
20135.74;-104.95
20138.67;-104.95
20141.60;-105.11
20144.53;-105.19
20147.46;-105.11
20150.39;-105.42
20153.32;-105.26
20156.25;-104.95
20159.18;-105.19
20162.11;-105.11
20165.04;-105.11
20167.97;-105.34
20170.90;-105.19
20173.83;-105.11
20176.76;-105.26
20179.69;-105.11
20182.62;-105.11
20185.55;-105.34
20188.48;-105.19
20191.41;-104.64
20194.34;-104.64
20197.27;-105.19
20200.20;-105.11
20203.13;-105.03
20206.05;-105.03
20208.98;-105.03
20211.91;-105.11
20214.84;-105.26
20217.77;-105.03
20220.70;-104.87
20223.63;-105.34
20226.56;-105.11
20229.49;-104.95
20232.42;-105.03
20235.35;-105.19
20238.28;-105.19
20241.21;-104.95
20244.14;-105.03
20247.07;-104.95
20250.00;-104.72
20252.93;-105.11
20255.86;-105.50
20258.79;-105.26
20261.72;-105.19
20264.65;-105.34
20267.58;-105.03
20270.51;-105.11
20273.44;-105.11
20276.37;-105.11
20279.30;-104.80
20282.23;-105.03
20285.16;-105.26
20288.09;-105.11
20291.02;-104.80
20293.95;-104.87
20296.88;-105.11
20299.80;-104.95
20302.73;-104.80
20305.66;-105.03
20308.59;-105.03
20311.52;-104.87
20314.45;-105.03
20317.38;-105.11
20320.31;-105.03
20323.24;-105.26
20326.17;-105.26
20329.10;-105.19
20332.03;-105.03
20334.96;-105.19
20337.89;-105.26
20340.82;-105.26
20343.75;-105.34
20346.68;-105.26
20349.61;-105.11
20352.54;-104.87
20355.47;-105.11
20358.40;-105.19
20361.33;-105.03
20364.26;-105.03
20367.19;-105.03
20370.12;-104.95
20373.05;-105.03
20375.98;-105.03
20378.91;-104.95
20381.84;-105.03
20384.77;-104.95
20387.70;-105.11
20390.63;-104.95
20393.55;-104.87
20396.48;-105.34
20399.41;-105.11
20402.34;-104.64
20405.27;-104.80
20408.20;-105.03
20411.13;-105.03
20414.06;-105.03
20416.99;-104.80
20419.92;-104.87
20422.85;-105.03
20425.78;-104.80
20428.71;-104.87
20431.64;-105.03
20434.57;-105.11
20437.50;-105.03
20440.43;-105.03
20443.36;-105.11
20446.29;-105.11
20449.22;-105.03
20452.15;-104.87
20455.08;-105.03
20458.01;-104.95
20460.94;-104.95
20463.87;-105.26
20466.80;-105.11
20469.73;-105.11
20472.66;-105.26
20475.59;-105.11
20478.52;-105.26
20481.45;-105.11
20484.38;-105.03
20487.30;-104.95
20490.23;-105.11
20493.16;-105.19
20496.09;-105.19
20499.02;-105.26
20501.95;-105.19
20504.88;-105.19
20507.81;-104.72
20510.74;-104.80
20513.67;-104.95
20516.60;-105.11
20519.53;-105.19
20522.46;-104.80
20525.39;-104.80
20528.32;-105.19
20531.25;-105.19
20534.18;-104.87
20537.11;-105.03
20540.04;-105.19
20542.97;-105.03
20545.90;-104.80
20548.83;-104.80
20551.76;-105.03
20554.69;-105.03
20557.62;-104.72
20560.55;-104.72
20563.48;-104.87
20566.41;-104.95
20569.34;-104.80
20572.27;-104.95
20575.20;-104.95
20578.13;-104.95
20581.05;-105.11
20583.98;-105.11
20586.91;-104.95
20589.84;-104.80
20592.77;-104.95
20595.70;-105.03
20598.63;-105.11
20601.56;-105.03
20604.49;-105.11
20607.42;-105.34
20610.35;-105.34
20613.28;-104.95
20616.21;-104.87
20619.14;-104.95
20622.07;-105.03
20625.00;-104.95
20627.93;-105.19
20630.86;-105.03
20633.79;-105.19
20636.72;-105.03
20639.65;-104.95
20642.58;-105.34
20645.51;-105.34
20648.44;-104.87
20651.37;-104.64
20654.30;-104.80
20657.23;-104.80
20660.16;-105.19
20663.09;-105.19
20666.02;-104.95
20668.95;-104.87
20671.88;-104.95
20674.80;-105.03
20677.73;-104.95
20680.66;-104.72
20683.59;-105.03
20686.52;-104.95
20689.45;-104.87
20692.38;-104.95
20695.31;-105.11
20698.24;-104.95
20701.17;-104.72
20704.10;-104.80
20707.03;-104.80
20709.96;-104.72
20712.89;-104.87
20715.82;-104.95
20718.75;-104.95
20721.68;-105.11
20724.61;-104.95
20727.54;-104.95
20730.47;-104.87
20733.40;-104.87
20736.33;-105.03
20739.26;-104.80
20742.19;-104.80
20745.12;-104.87
20748.05;-104.95
20750.98;-104.95
20753.91;-104.95
20756.84;-104.95
20759.77;-105.11
20762.70;-105.03
20765.63;-104.95
20768.55;-104.64
20771.48;-104.56
20774.41;-104.80
20777.34;-105.03
20780.27;-105.26
20783.20;-105.03
20786.13;-104.95
20789.06;-105.19
20791.99;-104.80
20794.92;-104.64
20797.85;-105.03
20800.78;-105.19
20803.71;-105.11
20806.64;-105.11
20809.57;-104.80
20812.50;-104.80
20815.43;-104.72
20818.36;-104.95
20821.29;-104.80
20824.22;-104.56
20827.15;-104.80
20830.08;-104.56
20833.01;-104.64
20835.94;-104.80
20838.87;-104.72
20841.80;-104.64
20844.73;-105.03
20847.66;-104.95
20850.59;-105.03
20853.52;-104.95
20856.45;-104.87
20859.38;-104.87
20862.30;-105.11
20865.23;-104.87
20868.16;-104.41
20871.09;-104.56
20874.02;-104.80
20876.95;-104.95
20879.88;-104.95
20882.81;-104.64
20885.74;-104.80
20888.67;-104.95
20891.60;-105.11
20894.53;-105.19
20897.46;-104.80
20900.39;-104.80
20903.32;-105.11
20906.25;-105.03
20909.18;-104.87
20912.11;-105.11
20915.04;-105.11
20917.97;-104.95
20920.90;-104.87
20923.83;-104.80
20926.76;-104.80
20929.69;-104.80
20932.62;-104.87
20935.55;-104.87
20938.48;-104.87
20941.41;-104.87
20944.34;-104.80
20947.27;-104.56
20950.20;-104.64
20953.13;-104.80
20956.05;-104.87
20958.98;-104.72
20961.91;-104.95
20964.84;-104.72
20967.77;-104.95
20970.70;-105.03
20973.63;-104.95
20976.56;-104.95
20979.49;-104.87
20982.42;-104.87
20985.35;-104.95
20988.28;-104.95
20991.21;-104.95
20994.14;-104.72
20997.07;-104.56
21000.00;-104.56
21002.93;-104.72
21005.86;-104.72
21008.79;-104.72
21011.72;-104.87
21014.65;-104.80
21017.58;-104.80
21020.51;-104.64
21023.44;-104.56
21026.37;-104.64
21029.30;-104.64
21032.23;-104.64
21035.16;-104.80
21038.09;-104.64
21041.02;-104.56
21043.95;-104.80
21046.88;-104.56
21049.80;-104.56
21052.73;-104.80
21055.66;-105.03
21058.59;-104.87
21061.52;-104.72
21064.45;-104.48
21067.38;-104.41
21070.31;-104.72
21073.24;-104.80
21076.17;-104.64
21079.10;-104.87
21082.03;-104.80
21084.96;-104.80
21087.89;-104.64
21090.82;-104.64
21093.75;-104.41
21096.68;-104.56
21099.61;-104.72
21102.54;-104.80
21105.47;-104.87
21108.40;-104.87
21111.33;-104.95
21114.26;-104.80
21117.19;-104.72
21120.12;-104.64
21123.05;-104.64
21125.98;-104.72
21128.91;-104.56
21131.84;-104.64
21134.77;-104.72
21137.70;-104.64
21140.63;-104.72
21143.55;-104.80
21146.48;-104.72
21149.41;-104.80
21152.34;-104.80
21155.27;-104.87
21158.20;-104.87
21161.13;-104.64
21164.06;-104.48
21166.99;-104.72
21169.92;-104.80
21172.85;-104.80
21175.78;-105.03
21178.71;-104.80
21181.64;-104.72
21184.57;-104.64
21187.50;-104.80
21190.43;-104.87
21193.36;-104.64
21196.29;-104.48
21199.22;-104.87
21202.15;-105.19
21205.08;-104.87
21208.01;-104.95
21210.94;-104.95
21213.87;-104.64
21216.80;-104.80
21219.73;-105.03
21222.66;-104.95
21225.59;-104.72
21228.52;-104.56
21231.45;-104.64
21234.38;-104.72
21237.30;-104.56
21240.23;-104.41
21243.16;-104.56
21246.09;-104.72
21249.02;-104.72
21251.95;-104.72
21254.88;-104.80
21257.81;-104.48
21260.74;-104.48
21263.67;-104.64
21266.60;-104.80
21269.53;-104.72
21272.46;-104.72
21275.39;-104.87
21278.32;-104.72
21281.25;-104.64
21284.18;-104.72
21287.11;-104.87
21290.04;-104.80
21292.97;-104.72
21295.90;-104.80
21298.83;-104.72
21301.76;-104.41
21304.69;-104.17
21307.62;-104.48
21310.55;-104.80
21313.48;-104.87
21316.41;-104.95
21319.34;-104.80
21322.27;-104.56
21325.20;-104.48
21328.13;-104.64
21331.05;-104.64
21333.98;-104.64
21336.91;-104.80
21339.84;-104.72
21342.77;-104.48
21345.70;-104.25
21348.63;-104.64
21351.56;-104.64
21354.49;-104.80
21357.42;-104.48
21360.35;-104.41
21363.28;-104.56
21366.21;-104.95
21369.14;-104.72
21372.07;-104.56
21375.00;-104.41
21377.93;-104.80
21380.86;-104.64
21383.79;-104.56
21386.72;-104.33
21389.65;-104.56
21392.58;-104.72
21395.51;-105.11
21398.44;-104.95
21401.37;-104.80
21404.30;-104.72
21407.23;-104.72
21410.16;-104.56
21413.09;-104.56
21416.02;-104.64
21418.95;-104.64
21421.88;-104.64
21424.80;-104.33
21427.73;-104.56
21430.66;-104.72
21433.59;-104.48
21436.52;-104.33
21439.45;-104.56
21442.38;-104.80
21445.31;-104.48
21448.24;-104.48
21451.17;-104.87
21454.10;-104.80
21457.03;-104.56
21459.96;-104.56
21462.89;-104.56
21465.82;-104.72
21468.75;-104.72
21471.68;-104.87
21474.61;-104.80
21477.54;-104.64
21480.47;-104.64
21483.40;-104.64
21486.33;-104.64
21489.26;-104.80
21492.19;-104.72
21495.12;-104.64
21498.05;-104.72
21500.98;-104.87
21503.91;-105.19
21506.84;-104.95
21509.77;-104.87
21512.70;-104.72
21515.63;-104.64
21518.55;-104.64
21521.48;-104.41
21524.41;-104.33
21527.34;-104.41
21530.27;-104.64
21533.20;-104.80
21536.13;-104.80
21539.06;-104.72
21541.99;-104.56
21544.92;-104.87
21547.85;-104.72
21550.78;-104.48
21553.71;-104.56
21556.64;-104.64
21559.57;-104.56
21562.50;-104.72
21565.43;-104.56
21568.36;-104.56
21571.29;-104.80
21574.22;-104.87
21577.15;-104.80
21580.08;-104.56
21583.01;-104.48
21585.94;-104.48
21588.87;-104.64
21591.80;-104.72
21594.73;-104.72
21597.66;-104.87
21600.59;-104.72
21603.52;-104.80
21606.45;-104.80
21609.38;-104.48
21612.30;-104.56
21615.23;-104.56
21618.16;-104.87
21621.09;-104.56
21624.02;-104.41
21626.95;-104.41
21629.88;-104.48
21632.81;-104.33
21635.74;-104.17
21638.67;-104.33
21641.60;-104.48
21644.53;-104.64
21647.46;-104.56
21650.39;-104.80
21653.32;-104.72
21656.25;-104.56
21659.18;-104.80
21662.11;-104.87
21665.04;-104.48
21667.97;-104.41
21670.90;-104.72
21673.83;-104.80
21676.76;-104.64
21679.69;-104.48
21682.62;-104.41
21685.55;-104.80
21688.48;-104.48
21691.41;-104.48
21694.34;-104.56
21697.27;-104.56
21700.20;-104.48
21703.13;-104.48
21706.05;-104.64
21708.98;-104.87
21711.91;-104.64
21714.84;-104.48
21717.77;-104.48
21720.70;-104.41
21723.63;-104.80
21726.56;-104.87
21729.49;-104.56
21732.42;-104.41
21735.35;-104.56
21738.28;-104.56
21741.21;-104.41
21744.14;-104.33
21747.07;-104.25
21750.00;-104.41
21752.93;-104.56
21755.86;-104.72
21758.79;-104.72
21761.72;-104.72
21764.65;-104.41
21767.58;-104.41
21770.51;-104.41
21773.44;-104.56
21776.37;-104.33
21779.30;-104.17
21782.23;-104.80
21785.16;-104.72
21788.09;-104.41
21791.02;-104.48
21793.95;-104.72
21796.88;-104.41
21799.80;-104.25
21802.73;-104.48
21805.66;-104.48
21808.59;-104.41
21811.52;-104.33
21814.45;-104.64
21817.38;-104.56
21820.31;-104.56
21823.24;-104.48
21826.17;-104.56
21829.10;-104.41
21832.03;-104.33
21834.96;-104.25
21837.89;-104.41
21840.82;-104.64
21843.75;-104.80
21846.68;-104.72
21849.61;-104.64
21852.54;-104.72
21855.47;-104.72
21858.40;-104.56
21861.33;-104.48
21864.26;-104.48
21867.19;-104.87
21870.12;-104.95
21873.05;-104.64
21875.98;-104.48
21878.91;-104.72
21881.84;-104.56
21884.77;-104.48
21887.70;-104.56
21890.63;-104.64
21893.55;-104.56
21896.48;-104.80
21899.41;-104.56
21902.34;-104.56
21905.27;-104.80
21908.20;-104.72
21911.13;-104.87
21914.06;-104.72
21916.99;-104.48
21919.92;-104.64
21922.85;-104.64
21925.78;-104.48
21928.71;-104.64
21931.64;-104.64
21934.57;-104.64
21937.50;-104.56
21940.43;-104.48
21943.36;-104.56
21946.29;-104.48
21949.22;-104.41
21952.15;-104.41
21955.08;-104.41
21958.01;-104.41
21960.94;-104.41
21963.87;-104.41
21966.80;-104.48
21969.73;-104.48
21972.66;-104.48
21975.59;-104.41
21978.52;-104.64
21981.45;-104.56
21984.38;-104.64
21987.30;-104.95
21990.23;-104.80
21993.16;-104.41
21996.09;-104.56
21999.02;-104.41
22001.95;-104.41
22004.88;-104.72
22007.81;-104.56
22010.74;-104.41
22013.67;-104.64
22016.60;-104.80
22019.53;-104.87
22022.46;-104.48
22025.39;-104.25
22028.32;-104.25
22031.25;-104.48
22034.18;-104.64
22037.11;-104.64
22040.04;-104.56
22042.97;-104.48
22045.90;-104.56
22048.83;-104.64
22051.76;-104.48
22054.69;-104.64
22057.62;-104.56
22060.55;-104.56
22063.48;-104.80
22066.41;-104.80
22069.34;-104.33
22072.27;-104.17
22075.20;-104.33
22078.13;-104.41
22081.05;-104.41
22083.98;-104.41
22086.91;-104.56
22089.84;-104.41
22092.77;-104.64
22095.70;-104.64
22098.63;-104.80
22101.56;-104.80
22104.49;-104.48
22107.42;-104.48
22110.35;-104.64
22113.28;-104.72
22116.21;-104.64
22119.14;-104.25
22122.07;-104.33
22125.00;-104.56
22127.93;-104.56
22130.86;-104.41
22133.79;-104.33
22136.72;-104.41
22139.65;-104.64
22142.58;-104.41
22145.51;-104.48
22148.44;-104.33
22151.37;-104.41
22154.30;-104.48
22157.23;-104.48
22160.16;-104.25
22163.09;-104.48
22166.02;-104.64
22168.95;-104.25
22171.88;-104.17
22174.80;-104.17
22177.73;-104.48
22180.66;-104.56
22183.59;-104.72
22186.52;-104.41
22189.45;-104.25
22192.38;-104.41
22195.31;-104.41
22198.24;-104.64
22201.17;-104.64
22204.10;-104.72
22207.03;-104.48
22209.96;-104.41
22212.89;-104.56
22215.82;-104.72
22218.75;-104.64
22221.68;-104.48
22224.61;-104.33
22227.54;-104.41
22230.47;-104.56
22233.40;-104.33
22236.33;-104.48
22239.26;-104.72
22242.19;-104.64
22245.12;-104.56
22248.05;-104.41
22250.98;-104.41
22253.91;-104.41
22256.84;-104.64
22259.77;-104.48
22262.70;-104.48
22265.63;-104.48
22268.55;-104.48
22271.48;-104.33
22274.41;-104.48
22277.34;-104.56
22280.27;-104.56
22283.20;-104.56
22286.13;-104.41
22289.06;-104.41
22291.99;-104.56
22294.92;-104.33
22297.85;-104.41
22300.78;-104.41
22303.71;-104.33
22306.64;-104.33
22309.57;-104.41
22312.50;-104.48
22315.43;-104.41
22318.36;-104.72
22321.29;-104.64
22324.22;-104.64
22327.15;-104.41
22330.08;-104.17
22333.01;-104.25
22335.94;-104.17
22338.87;-104.41
22341.80;-104.25
22344.73;-104.25
22347.66;-104.33
22350.59;-104.48
22353.52;-104.48
22356.45;-104.64
22359.38;-104.56
22362.30;-104.56
22365.23;-104.56
22368.16;-104.56
22371.09;-104.48
22374.02;-104.33
22376.95;-104.33
22379.88;-104.17
22382.81;-104.41
22385.74;-104.56
22388.67;-104.33
22391.60;-104.33
22394.53;-104.41
22397.46;-104.41
22400.39;-104.33
22403.32;-104.25
22406.25;-104.17
22409.18;-104.33
22412.11;-104.33
22415.04;-104.33
22417.97;-104.33
22420.90;-104.33
22423.83;-104.33
22426.76;-104.56
22429.69;-104.25
22432.62;-104.01
22435.55;-104.17
22438.48;-104.41
22441.41;-104.48
22444.34;-104.64
22447.27;-104.87
22450.20;-104.48
22453.13;-104.01
22456.05;-104.25
22458.98;-104.33
22461.91;-104.25
22464.84;-104.41
22467.77;-104.33
22470.70;-104.09
22473.63;-104.41
22476.56;-104.64
22479.49;-104.33
22482.42;-104.41
22485.35;-104.56
22488.28;-104.41
22491.21;-104.56
22494.14;-104.25
22497.07;-103.94
22500.00;-104.25
22502.93;-104.09
22505.86;-104.17
22508.79;-104.25
22511.72;-104.17
22514.65;-104.33
22517.58;-104.48
22520.51;-104.41
22523.44;-104.41
22526.37;-104.17
22529.30;-104.25
22532.23;-104.17
22535.16;-104.09
22538.09;-104.25
22541.02;-104.48
22543.95;-104.33
22546.88;-104.48
22549.80;-104.25
22552.73;-104.09
22555.66;-104.17
22558.59;-104.25
22561.52;-104.25
22564.45;-104.48
22567.38;-104.56
22570.31;-104.25
22573.24;-104.25
22576.17;-104.25
22579.10;-104.41
22582.03;-104.25
22584.96;-104.48
22587.89;-104.48
22590.82;-104.17
22593.75;-104.01
22596.68;-104.25
22599.61;-104.25
22602.54;-104.41
22605.47;-104.41
22608.40;-104.48
22611.33;-104.33
22614.26;-104.41
22617.19;-104.48
22620.12;-104.64
22623.05;-104.41
22625.98;-104.33
22628.91;-104.48
22631.84;-104.48
22634.77;-104.33
22637.70;-104.17
22640.63;-104.33
22643.55;-104.17
22646.48;-103.94
22649.41;-104.17
22652.34;-104.33
22655.27;-104.17
22658.20;-104.48
22661.13;-104.25
22664.06;-104.09
22666.99;-104.41
22669.92;-104.41
22672.85;-104.64
22675.78;-104.56
22678.71;-104.25
22681.64;-103.94
22684.57;-104.33
22687.50;-104.33
22690.43;-104.41
22693.36;-104.25
22696.29;-104.48
22699.22;-104.41
22702.15;-104.48
22705.08;-104.56
22708.01;-104.41
22710.94;-104.48
22713.87;-104.25
22716.80;-104.41
22719.73;-104.48
22722.66;-104.17
22725.59;-104.33
22728.52;-104.17
22731.45;-104.17
22734.38;-103.94
22737.30;-104.33
22740.23;-104.48
22743.16;-104.09
22746.09;-104.17
22749.02;-104.41
22751.95;-104.41
22754.88;-104.25
22757.81;-104.25
22760.74;-104.56
22763.67;-104.56
22766.60;-104.25
22769.53;-104.25
22772.46;-104.09
22775.39;-104.01
22778.32;-104.17
22781.25;-104.17
22784.18;-104.01
22787.11;-103.86
22790.04;-104.17
22792.97;-104.17
22795.90;-104.01
22798.83;-104.09
22801.76;-104.17
22804.69;-104.25
22807.62;-104.25
22810.55;-104.25
22813.48;-104.01
22816.41;-104.09
22819.34;-104.17
22822.27;-104.41
22825.20;-104.33
22828.13;-104.25
22831.05;-104.25
22833.98;-104.01
22836.91;-104.25
22839.84;-104.48
22842.77;-104.25
22845.70;-104.25
22848.63;-104.33
22851.56;-104.48
22854.49;-104.33
22857.42;-104.33
22860.35;-104.25
22863.28;-104.41
22866.21;-104.33
22869.14;-104.25
22872.07;-104.25
22875.00;-104.41
22877.93;-104.48
22880.86;-104.33
22883.79;-104.41
22886.72;-104.33
22889.65;-104.41
22892.58;-104.48
22895.51;-104.33
22898.44;-104.09
22901.37;-104.01
22904.30;-104.01
22907.23;-104.01
22910.16;-104.09
22913.09;-104.25
22916.02;-104.33
22918.95;-104.17
22921.88;-104.09
22924.80;-104.17
22927.73;-104.01
22930.66;-104.17
22933.59;-104.17
22936.52;-104.17
22939.45;-104.09
22942.38;-103.94
22945.31;-104.09
22948.24;-104.01
22951.17;-104.01
22954.10;-104.17
22957.03;-104.33
22959.96;-104.17
22962.89;-104.01
22965.82;-104.25
22968.75;-103.86
22971.68;-103.70
22974.61;-104.33
22977.54;-104.41
22980.47;-104.25
22983.40;-104.17
22986.33;-104.09
22989.26;-104.33
22992.19;-104.41
22995.12;-104.17
22998.05;-104.09
23000.98;-103.86
23003.91;-104.01
23006.84;-104.25
23009.77;-104.09
23012.70;-104.01
23015.63;-104.09
23018.55;-103.86
23021.48;-103.94
23024.41;-104.01
23027.34;-104.25
23030.27;-104.56
23033.20;-104.33
23036.13;-104.33
23039.06;-104.25
23041.99;-104.09
23044.92;-104.33
23047.85;-104.33
23050.78;-104.56
23053.71;-104.25
23056.64;-104.25
23059.57;-104.33
23062.50;-104.41
23065.43;-104.33
23068.36;-104.09
23071.29;-104.17
23074.22;-104.25
23077.15;-104.33
23080.08;-104.48
23083.01;-104.25
23085.94;-104.01
23088.87;-104.01
23091.80;-104.25
23094.73;-104.33
23097.66;-104.25
23100.59;-104.17
23103.52;-103.94
23106.45;-104.09
23109.38;-104.33
23112.30;-104.25
23115.23;-104.33
23118.16;-104.17
23121.09;-104.25
23124.02;-103.94
23126.95;-103.94
23129.88;-104.25
23132.81;-103.94
23135.74;-104.01
23138.67;-104.17
23141.60;-104.25
23144.53;-104.01
23147.46;-104.09
23150.39;-104.09
23153.32;-104.01
23156.25;-104.25
23159.18;-104.17
23162.11;-104.01
23165.04;-104.17
23167.97;-104.09
23170.90;-104.01
23173.83;-104.09
23176.76;-104.01
23179.69;-104.33
23182.62;-104.33
23185.55;-104.01
23188.48;-104.09
23191.41;-104.25
23194.34;-104.25
23197.27;-104.41
23200.20;-104.17
23203.13;-104.33
23206.05;-104.17
23208.98;-103.86
23211.91;-103.86
23214.84;-104.09
23217.77;-104.17
23220.70;-104.01
23223.63;-104.17
23226.56;-104.09
23229.49;-103.94
23232.42;-104.41
23235.35;-104.33
23238.28;-104.09
23241.21;-104.09
23244.14;-104.09
23247.07;-104.17
23250.00;-104.01
23252.93;-104.01
23255.86;-104.25
23258.79;-104.25
23261.72;-104.17
23264.65;-104.09
23267.58;-104.33
23270.51;-104.33
23273.44;-104.25
23276.37;-104.33
23279.30;-104.48
23282.23;-103.94
23285.16;-103.86
23288.09;-103.94
23291.02;-103.94
23293.95;-104.01
23296.88;-104.33
23299.80;-104.01
23302.73;-104.09
23305.66;-104.17
23308.59;-104.09
23311.52;-104.01
23314.45;-104.09
23317.38;-103.94
23320.31;-103.94
23323.24;-104.09
23326.17;-104.41
23329.10;-104.25
23332.03;-104.09
23334.96;-104.09
23337.89;-103.94
23340.82;-103.70
23343.75;-103.86
23346.68;-104.17
23349.61;-104.25
23352.54;-103.94
23355.47;-103.94
23358.40;-103.94
23361.33;-104.33
23364.26;-104.25
23367.19;-104.01
23370.12;-103.86
23373.05;-103.78
23375.98;-103.94
23378.91;-103.94
23381.84;-104.01
23384.77;-103.86
23387.70;-104.01
23390.63;-104.17
23393.55;-104.09
23396.48;-104.01
23399.41;-104.01
23402.34;-104.33
23405.27;-104.09
23408.20;-104.17
23411.13;-104.33
23414.06;-103.94
23416.99;-104.09
23419.92;-103.94
23422.85;-104.17
23425.78;-104.25
23428.71;-104.17
23431.64;-104.33
23434.57;-104.25
23437.50;-104.01
23440.43;-104.25
23443.36;-104.17
23446.29;-104.09
23449.22;-104.33
23452.15;-104.09
23455.08;-103.94
23458.01;-103.94
23460.94;-103.94
23463.87;-104.09
23466.80;-104.01
23469.73;-104.01
23472.66;-103.86
23475.59;-104.01
23478.52;-104.01
23481.45;-104.17
23484.38;-104.33
23487.30;-104.25
23490.23;-103.86
23493.16;-103.94
23496.09;-104.17
23499.02;-104.09
23501.95;-104.01
23504.88;-104.25
23507.81;-104.09
23510.74;-104.17
23513.67;-104.01
23516.60;-103.86
23519.53;-103.94
23522.46;-103.78
23525.39;-103.94
23528.32;-104.01
23531.25;-103.94
23534.18;-104.17
23537.11;-104.01
23540.04;-104.09
23542.97;-104.09
23545.90;-104.17
23548.83;-104.17
23551.76;-104.01
23554.69;-104.25
23557.62;-104.33
23560.55;-104.25
23563.48;-104.09
23566.41;-104.17
23569.34;-103.94
23572.27;-104.01
23575.20;-104.17
23578.13;-104.09
23581.05;-103.94
23583.98;-104.01
23586.91;-104.17
23589.84;-103.78
23592.77;-103.78
23595.70;-103.94
23598.63;-104.41
23601.56;-104.25
23604.49;-103.86
23607.42;-103.94
23610.35;-103.86
23613.28;-103.94
23616.21;-104.25
23619.14;-103.94
23622.07;-103.86
23625.00;-103.70
23627.93;-104.01
23630.86;-104.17
23633.79;-103.94
23636.72;-103.94
23639.65;-103.94
23642.58;-103.94
23645.51;-104.01
23648.44;-103.86
23651.37;-103.86
23654.30;-104.01
23657.23;-103.86
23660.16;-104.01
23663.09;-104.01
23666.02;-104.09
23668.95;-104.25
23671.88;-104.01
23674.80;-103.86
23677.73;-104.09
23680.66;-103.86
23683.59;-104.01
23686.52;-104.01
23689.45;-103.94
23692.38;-103.86
23695.31;-104.09
23698.24;-103.78
23701.17;-103.78
23704.10;-104.09
23707.03;-104.09
23709.96;-103.86
23712.89;-104.33
23715.82;-104.41
23718.75;-104.01
23721.68;-103.70
23724.61;-103.94
23727.54;-104.17
23730.47;-104.09
23733.40;-104.01
23736.33;-104.09
23739.26;-104.01
23742.19;-104.17
23745.12;-104.01
23748.05;-104.09
23750.98;-104.01
23753.91;-103.86
23756.84;-103.78
23759.77;-104.01
23762.70;-104.09
23765.63;-104.01
23768.55;-104.01
23771.48;-103.78
23774.41;-103.86
23777.34;-103.86
23780.27;-103.78
23783.20;-103.86
23786.13;-103.94
23789.06;-104.01
23791.99;-104.17
23794.92;-104.01
23797.85;-104.01
23800.78;-104.33
23803.71;-104.09
23806.64;-103.94
23809.57;-104.09
23812.50;-103.86
23815.43;-103.78
23818.36;-103.78
23821.29;-103.94
23824.22;-104.17
23827.15;-104.17
23830.08;-104.01
23833.01;-103.78
23835.94;-103.78
23838.87;-103.86
23841.80;-103.70
23844.73;-103.94
23847.66;-104.01
23850.59;-103.70
23853.52;-104.01
23856.45;-104.09
23859.38;-104.17
23862.30;-104.48
23865.23;-104.33
23868.16;-104.09
23871.09;-103.86
23874.02;-103.94
23876.95;-103.78
23879.88;-103.94
23882.81;-103.94
23885.74;-103.78
23888.67;-103.86
23891.60;-103.94
23894.53;-103.94
23897.46;-103.78
23900.39;-103.86
23903.32;-103.78
23906.25;-103.70
23909.18;-103.86
23912.11;-104.01
23915.04;-104.25
23917.97;-103.86
23920.90;-103.86
23923.83;-104.01
23926.76;-104.09
23929.69;-103.86
23932.62;-103.78
23935.55;-103.94
23938.48;-103.94
23941.41;-103.94
23944.34;-104.09
23947.27;-104.17
23950.20;-104.01
23953.13;-103.94
23956.05;-103.78
23958.98;-103.62
23961.91;-103.62
23964.84;-103.62
23967.77;-103.86
23970.70;-104.01
23973.63;-104.09
23976.56;-103.86
23979.49;-104.01
23982.42;-104.09
23985.35;-104.01
23988.28;-103.78
23991.21;-103.94
23994.14;-104.09
23997.07;-104.01
24000.00;-103.94
24002.93;-104.01
24005.86;-103.94
24008.79;-103.78
24011.72;-103.86
24014.65;-104.01
24017.58;-104.01
24020.51;-104.01
24023.44;-103.78
24026.37;-104.01
24029.30;-103.94
24032.23;-103.55
24035.16;-103.78
24038.09;-103.94
24041.02;-104.25
24043.95;-104.01
24046.88;-104.17
24049.80;-103.94
24052.73;-103.94
24055.66;-104.01
24058.59;-103.78
24061.52;-103.70
24064.45;-103.94
24067.38;-104.17
24070.31;-104.09
24073.24;-103.94
24076.17;-103.78
24079.10;-103.86
24082.03;-104.25
24084.96;-104.09
24087.89;-103.70
24090.82;-103.70
24093.75;-103.94
24096.68;-103.78
24099.61;-103.62
24102.54;-103.70
24105.47;-103.78
24108.40;-103.86
24111.33;-104.09
24114.26;-104.01
24117.19;-103.78
24120.12;-103.86
24123.05;-103.70
24125.98;-103.55
24128.91;-103.86
24131.84;-103.62
24134.77;-103.62
24137.70;-103.86
24140.63;-104.09
24143.55;-103.86
24146.48;-104.01
24149.41;-104.09
24152.34;-103.94
24155.27;-104.01
24158.20;-103.94
24161.13;-103.94
24164.06;-103.86
24166.99;-103.78
24169.92;-103.94
24172.85;-103.70
24175.78;-103.62
24178.71;-103.55
24181.64;-103.78
24184.57;-104.01
24187.50;-104.25
24190.43;-104.33
24193.36;-103.86
24196.29;-103.70
24199.22;-104.01
24202.15;-104.01
24205.08;-103.86
24208.01;-103.78
24210.94;-103.62
24213.87;-103.78
24216.80;-103.55
24219.73;-103.70
24222.66;-103.70
24225.59;-103.70
24228.52;-103.62
24231.45;-103.94
24234.38;-103.94
24237.30;-104.09
24240.23;-103.94
24243.16;-103.70
24246.09;-103.78
24249.02;-103.70
24251.95;-103.70
24254.88;-103.62
24257.81;-103.55
24260.74;-103.70
24263.67;-103.78
24266.60;-103.70
24269.53;-103.62
24272.46;-103.86
24275.39;-104.01
24278.32;-103.86
24281.25;-103.86
24284.18;-103.86
24287.11;-103.86
24290.04;-103.86
24292.97;-103.94
24295.90;-104.09
24298.83;-103.62
24301.76;-103.62
24304.69;-103.86
24307.62;-103.86
24310.55;-103.70
24313.48;-103.62
24316.41;-103.78
24319.34;-103.70
24322.27;-103.47
24325.20;-103.78
24328.13;-103.86
24331.05;-103.94
24333.98;-103.86
24336.91;-103.62
24339.84;-103.55
24342.77;-103.39
24345.70;-103.78
24348.63;-103.78
24351.56;-103.78
24354.49;-103.70
24357.42;-103.62
24360.35;-103.62
24363.28;-103.70
24366.21;-103.55
24369.14;-103.62
24372.07;-103.78
24375.00;-103.62
24377.93;-103.78
24380.86;-103.94
24383.79;-103.78
24386.72;-103.70
24389.65;-103.62
24392.58;-103.86
24395.51;-104.25
24398.44;-104.25
24401.37;-103.78
24404.30;-103.47
24407.23;-103.55
24410.16;-103.78
24413.09;-103.78
24416.02;-103.62
24418.95;-103.62
24421.88;-103.70
24424.80;-103.94
24427.73;-103.94
24430.66;-103.94
24433.59;-103.62
24436.52;-103.55
24439.45;-103.78
24442.38;-103.94
24445.31;-103.55
24448.24;-103.70
24451.17;-103.55
24454.10;-103.62
24457.03;-103.55
24459.96;-103.94
24462.89;-103.78
24465.82;-103.70
24468.75;-103.78
24471.68;-103.94
24474.61;-104.01
24477.54;-103.94
24480.47;-103.86
24483.40;-103.78
24486.33;-104.01
24489.26;-103.78
24492.19;-103.94
24495.12;-103.78
24498.05;-103.62
24500.98;-103.70
24503.91;-103.78
24506.84;-103.62
24509.77;-103.47
24512.70;-103.62
24515.63;-103.62
24518.55;-103.39
24521.48;-103.78
24524.41;-103.86
24527.34;-103.86
24530.27;-103.86
24533.20;-103.78
24536.13;-103.70
24539.06;-103.86
24541.99;-103.86
24544.92;-103.62
24547.85;-103.62
24550.78;-103.62
24553.71;-103.70
24556.64;-103.62
24559.57;-103.70
24562.50;-103.86
24565.43;-103.62
24568.36;-103.70
24571.29;-103.55
24574.22;-103.55
24577.15;-104.01
24580.08;-104.09
24583.01;-103.78
24585.94;-103.70
24588.87;-103.70
24591.80;-103.55
24594.73;-103.78
24597.66;-103.70
24600.59;-103.78
24603.52;-103.86
24606.45;-103.78
24609.38;-103.70
24612.30;-103.70
24615.23;-103.86
24618.16;-103.78
24621.09;-103.70
24624.02;-103.62
24626.95;-103.78
24629.88;-103.86
24632.81;-103.94
24635.74;-103.78
24638.67;-103.70
24641.60;-103.47
24644.53;-103.39
24647.46;-103.78
24650.39;-104.01
24653.32;-103.78
24656.25;-103.47
24659.18;-103.47
24662.11;-103.47
24665.04;-103.62
24667.97;-103.62
24670.90;-103.62
24673.83;-103.78
24676.76;-103.55
24679.69;-103.70
24682.62;-103.78
24685.55;-103.31
24688.48;-103.47
24691.41;-103.62
24694.34;-103.55
24697.27;-103.94
24700.20;-103.94
24703.13;-103.62
24706.05;-103.55
24708.98;-103.39
24711.91;-103.70
24714.84;-103.70
24717.77;-103.70
24720.70;-103.70
24723.63;-103.47
24726.56;-103.55
24729.49;-103.55
24732.42;-103.62
24735.35;-103.39
24738.28;-103.47
24741.21;-103.86
24744.14;-104.01
24747.07;-103.70
24750.00;-103.78
24752.93;-103.86
24755.86;-103.86
24758.79;-103.86
24761.72;-103.78
24764.65;-103.86
24767.58;-103.94
24770.51;-103.78
24773.44;-103.39
24776.37;-103.39
24779.30;-103.55
24782.23;-103.62
24785.16;-103.70
24788.09;-103.78
24791.02;-103.62
24793.95;-103.55
24796.88;-103.62
24799.80;-103.70
24802.73;-103.62
24805.66;-103.55
24808.59;-103.55
24811.52;-103.70
24814.45;-103.70
24817.38;-103.78
24820.31;-103.62
24823.24;-103.55
24826.17;-103.70
24829.10;-103.47
24832.03;-103.55
24834.96;-103.62
24837.89;-103.62
24840.82;-103.62
24843.75;-103.55
24846.68;-103.55
24849.61;-103.70
24852.54;-103.78
24855.47;-103.78
24858.40;-103.47
24861.33;-103.70
24864.26;-103.86
24867.19;-103.78
24870.12;-103.78
24873.05;-103.62
24875.98;-103.70
24878.91;-103.94
24881.84;-104.01
24884.77;-103.70
24887.70;-103.55
24890.63;-103.70
24893.55;-103.47
24896.48;-103.39
24899.41;-103.31
24902.34;-103.47
24905.27;-103.70
24908.20;-103.62
24911.13;-103.62
24914.06;-104.01
24916.99;-103.78
24919.92;-103.47
24922.85;-103.39
24925.78;-103.78
24928.71;-103.86
24931.64;-103.55
24934.57;-103.47
24937.50;-103.78
24940.43;-103.70
24943.36;-103.62
24946.29;-103.78
24949.22;-103.94
24952.15;-103.94
24955.08;-103.62
24958.01;-103.55
24960.94;-103.62
24963.87;-103.62
24966.80;-103.55
24969.73;-103.70
24972.66;-104.01
24975.59;-103.47
24978.52;-103.47
24981.45;-103.55
24984.38;-103.39
24987.30;-103.39
24990.23;-103.70
24993.16;-103.62
24996.09;-103.70
24999.02;-103.62
25001.95;-103.62
25004.88;-103.62
25007.81;-103.55
25010.74;-103.62
25013.67;-103.55
25016.60;-103.39
25019.53;-103.86
25022.46;-103.78
25025.39;-103.62
25028.32;-103.62
25031.25;-103.62
25034.18;-103.78
25037.11;-103.94
25040.04;-103.78
25042.97;-103.23
25045.90;-103.31
25048.83;-103.55
25051.76;-103.55
25054.69;-103.55
25057.62;-103.47
25060.55;-103.55
25063.48;-103.47
25066.41;-103.39
25069.34;-103.47
25072.27;-103.86
25075.20;-103.70
25078.13;-103.55
25081.05;-103.78
25083.98;-103.70
25086.91;-103.55
25089.84;-103.62
25092.77;-103.23
25095.70;-103.39
25098.63;-103.55
25101.56;-103.55
25104.49;-103.39
25107.42;-103.55
25110.35;-103.94
25113.28;-103.70
25116.21;-103.62
25119.14;-103.62
25122.07;-103.47
25125.00;-103.47
25127.93;-103.70
25130.86;-103.78
25133.79;-103.70
25136.72;-103.55
25139.65;-103.55
25142.58;-103.70
25145.51;-103.62
25148.44;-103.62
25151.37;-103.47
25154.30;-103.47
25157.23;-103.47
25160.16;-103.39
25163.09;-103.62
25166.02;-103.62
25168.95;-103.62
25171.88;-103.55
25174.80;-103.47
25177.73;-103.31
25180.66;-103.39
25183.59;-103.31
25186.52;-103.55
25189.45;-103.70
25192.38;-103.62
25195.31;-103.55
25198.24;-103.55
25201.17;-103.55
25204.10;-103.39
25207.03;-103.55
25209.96;-103.39
25212.89;-103.47
25215.82;-103.62
25218.75;-103.78
25221.68;-103.70
25224.61;-103.55
25227.54;-103.39
25230.47;-103.47
25233.40;-103.62
25236.33;-103.78
25239.26;-103.47
25242.19;-103.47
25245.12;-103.39
25248.05;-103.62
25250.98;-103.47
25253.91;-103.31
25256.84;-103.47
25259.77;-103.47
25262.70;-103.78
25265.63;-103.62
25268.55;-103.31
25271.48;-103.39
25274.41;-103.55
25277.34;-103.47
25280.27;-103.47
25283.20;-103.39
25286.13;-103.47
25289.06;-103.70
25291.99;-103.94
25294.92;-103.62
25297.85;-103.16
25300.78;-103.31
25303.71;-103.47
25306.64;-103.62
25309.57;-103.70
25312.50;-103.70
25315.43;-103.47
25318.36;-103.55
25321.29;-103.62
25324.22;-103.39
25327.15;-103.55
25330.08;-103.47
25333.01;-103.47
25335.94;-103.39
25338.87;-103.62
25341.80;-103.78
25344.73;-103.55
25347.66;-103.39
25350.59;-103.55
25353.52;-103.70
25356.45;-103.78
25359.38;-103.39
25362.30;-103.47
25365.23;-103.47
25368.16;-103.55
25371.09;-103.55
25374.02;-103.86
25376.95;-103.78
25379.88;-103.86
25382.81;-103.55
25385.74;-103.39
25388.67;-103.55
25391.60;-103.47
25394.53;-103.55
25397.46;-103.47
25400.39;-103.39
25403.32;-103.39
25406.25;-103.31
25409.18;-103.08
25412.11;-103.39
25415.04;-103.55
25417.97;-103.70
25420.90;-103.78
25423.83;-103.55
25426.76;-103.55
25429.69;-103.70
25432.62;-103.70
25435.55;-103.55
25438.48;-103.55
25441.41;-103.62
25444.34;-103.70
25447.27;-103.86
25450.20;-103.62
25453.13;-103.47
25456.05;-103.47
25458.98;-103.55
25461.91;-103.31
25464.84;-103.55
25467.77;-103.70
25470.70;-103.70
25473.63;-103.47
25476.56;-103.31
25479.49;-103.39
25482.42;-103.47
25485.35;-103.62
25488.28;-103.70
25491.21;-103.47
25494.14;-103.55
25497.07;-103.78
25500.00;-103.47
25502.93;-103.16
25505.86;-103.31
25508.79;-103.55
25511.72;-103.47
25514.65;-103.47
25517.58;-103.55
25520.51;-103.23
25523.44;-103.47
25526.37;-103.47
25529.30;-103.39
25532.23;-103.31
25535.16;-103.31
25538.09;-103.39
25541.02;-103.23
25543.95;-103.23
25546.88;-103.55
25549.80;-103.39
25552.73;-103.47
25555.66;-103.78
25558.59;-103.55
25561.52;-103.55
25564.45;-103.55
25567.38;-103.23
25570.31;-103.23
25573.24;-103.47
25576.17;-103.62
25579.10;-103.16
25582.03;-103.08
25584.96;-103.55
25587.89;-103.39
25590.82;-103.16
25593.75;-103.23
25596.68;-103.16
25599.61;-103.16
25602.54;-103.47
25605.47;-103.31
25608.40;-103.47
25611.33;-103.62
25614.26;-103.70
25617.19;-103.55
25620.12;-103.55
25623.05;-103.47
25625.98;-103.31
25628.91;-103.16
25631.84;-103.47
25634.77;-103.55
25637.70;-103.39
25640.63;-103.16
25643.55;-103.16
25646.48;-103.23
25649.41;-103.47
25652.34;-103.78
25655.27;-103.39
25658.20;-103.39
25661.13;-103.62
25664.06;-103.86
25666.99;-103.47
25669.92;-103.47
25672.85;-103.70
25675.78;-103.62
25678.71;-103.62
25681.64;-103.55
25684.57;-103.62
25687.50;-103.39
25690.43;-103.39
25693.36;-103.47
25696.29;-103.39
25699.22;-103.55
25702.15;-103.70
25705.08;-103.78
25708.01;-103.70
25710.94;-103.70
25713.87;-103.70
25716.80;-103.55
25719.73;-103.23
25722.66;-103.47
25725.59;-103.70
25728.52;-103.70
25731.45;-103.62
25734.38;-103.62
25737.30;-103.47
25740.23;-103.39
25743.16;-103.55
25746.09;-103.47
25749.02;-103.47
25751.95;-103.47
25754.88;-103.55
25757.81;-103.86
25760.74;-103.94
25763.67;-103.47
25766.60;-103.55
25769.53;-103.55
25772.46;-103.55
25775.39;-103.62
25778.32;-103.55
25781.25;-103.55
25784.18;-103.39
25787.11;-103.08
25790.04;-103.39
25792.97;-103.39
25795.90;-103.08
25798.83;-103.00
25801.76;-103.23
25804.69;-103.31
25807.62;-103.16
25810.55;-103.08
25813.48;-103.39
25816.41;-103.31
25819.34;-103.39
25822.27;-103.47
25825.20;-103.62
25828.13;-103.31
25831.05;-103.31
25833.98;-103.55
25836.91;-103.23
25839.84;-103.23
25842.77;-103.31
25845.70;-103.39
25848.63;-103.31
25851.56;-103.55
25854.49;-103.39
25857.42;-103.55
25860.35;-103.47
25863.28;-103.39
25866.21;-103.55
25869.14;-103.39
25872.07;-103.16
25875.00;-103.23
25877.93;-103.39
25880.86;-103.39
25883.79;-103.62
25886.72;-103.70
25889.65;-103.47
25892.58;-103.39
25895.51;-103.47
25898.44;-103.55
25901.37;-103.47
25904.30;-103.62
25907.23;-103.39
25910.16;-103.55
25913.09;-103.39
25916.02;-103.55
25918.95;-103.55
25921.88;-103.31
25924.80;-103.47
25927.73;-103.62
25930.66;-103.47
25933.59;-103.47
25936.52;-103.47
25939.45;-103.47
25942.38;-103.23
25945.31;-103.08
25948.24;-103.23
25951.17;-103.16
25954.10;-103.08
25957.03;-103.31
25959.96;-103.16
25962.89;-103.00
25965.82;-103.39
25968.75;-103.31
25971.68;-103.31
25974.61;-103.55
25977.54;-103.47
25980.47;-103.47
25983.40;-103.31
25986.33;-103.39
25989.26;-103.39
25992.19;-103.39
25995.12;-103.31
25998.05;-103.31
26000.98;-103.23
26003.91;-103.47
26006.84;-103.39
26009.77;-103.23
26012.70;-103.23
26015.63;-103.39
26018.55;-103.39
26021.48;-103.23
26024.41;-103.23
26027.34;-103.23
26030.27;-103.31
26033.20;-103.39
26036.13;-103.31
26039.06;-103.31
26041.99;-103.23
26044.92;-103.47
26047.85;-103.70
26050.78;-103.62
26053.71;-103.31
26056.64;-103.55
26059.57;-103.31
26062.50;-103.23
26065.43;-103.16
26068.36;-103.31
26071.29;-103.47
26074.22;-103.39
26077.15;-103.23
26080.08;-103.55
26083.01;-103.55
26085.94;-103.31
26088.87;-103.39
26091.80;-103.31
26094.73;-103.55
26097.66;-103.31
26100.59;-103.16
26103.52;-103.31
26106.45;-103.47
26109.38;-103.55
26112.30;-103.62
26115.23;-103.39
26118.16;-103.31
26121.09;-103.47
26124.02;-103.47
26126.95;-103.55
26129.88;-103.55
26132.81;-103.62
26135.74;-103.31
26138.67;-103.23
26141.60;-103.39
26144.53;-103.16
26147.46;-103.16
26150.39;-103.31
26153.32;-103.39
26156.25;-103.55
26159.18;-103.47
26162.11;-103.31
26165.04;-103.55
26167.97;-103.47
26170.90;-103.31
26173.83;-103.55
26176.76;-103.47
26179.69;-103.39
26182.62;-103.47
26185.55;-103.39
26188.48;-103.55
26191.41;-103.62
26194.34;-103.47
26197.27;-103.23
26200.20;-103.47
26203.13;-103.47
26206.05;-103.23
26208.98;-103.47
26211.91;-103.39
26214.84;-103.31
26217.77;-103.31
26220.70;-103.47
26223.63;-103.39
26226.56;-102.84
26229.49;-103.08
26232.42;-103.23
26235.35;-103.31
26238.28;-103.31
26241.21;-103.55
26244.14;-103.23
26247.07;-103.08
26250.00;-103.16
26252.93;-103.39
26255.86;-103.55
26258.79;-103.47
26261.72;-103.47
26264.65;-103.47
26267.58;-103.31
26270.51;-103.39
26273.44;-103.62
26276.37;-103.31
26279.30;-103.16
26282.23;-103.16
26285.16;-103.16
26288.09;-103.16
26291.02;-103.00
26293.95;-103.16
26296.88;-103.31
26299.80;-102.92
26302.73;-102.92
26305.66;-103.31
26308.59;-103.31
26311.52;-103.23
26314.45;-103.00
26317.38;-103.08
26320.31;-103.23
26323.24;-103.16
26326.17;-102.92
26329.10;-103.23
26332.03;-103.39
26334.96;-103.47
26337.89;-103.47
26340.82;-103.39
26343.75;-103.31
26346.68;-103.23
26349.61;-103.16
26352.54;-103.47
26355.47;-103.39
26358.40;-103.39
26361.33;-103.47
26364.26;-103.55
26367.19;-103.00
26370.12;-102.92
26373.05;-103.23
26375.98;-103.16
26378.91;-103.31
26381.84;-103.31
26384.77;-103.31
26387.70;-103.39
26390.63;-103.39
26393.55;-103.00
26396.48;-103.23
26399.41;-103.23
26402.34;-103.08
26405.27;-103.23
26408.20;-103.47
26411.13;-103.31
26414.06;-103.16
26416.99;-103.00
26419.92;-103.23
26422.85;-103.16
26425.78;-103.08
26428.71;-103.23
26431.64;-103.00
26434.57;-103.16
26437.50;-103.16
26440.43;-103.23
26443.36;-103.16
26446.29;-103.16
26449.22;-103.39
26452.15;-103.55
26455.08;-103.23
26458.01;-103.55
26460.94;-103.70
26463.87;-103.55
26466.80;-103.31
26469.73;-103.16
26472.66;-103.55
26475.59;-103.62
26478.52;-103.31
26481.45;-103.47
26484.38;-103.47
26487.30;-103.39
26490.23;-103.00
26493.16;-103.08
26496.09;-103.16
26499.02;-103.39
26501.95;-103.23
26504.88;-103.39
26507.81;-103.39
26510.74;-103.47
26513.67;-103.39
26516.60;-103.16
26519.53;-103.31
26522.46;-103.39
26525.39;-103.31
26528.32;-103.39
26531.25;-103.39
26534.18;-103.47
26537.11;-103.55
26540.04;-103.31
26542.97;-103.23
26545.90;-103.31
26548.83;-103.31
26551.76;-103.39
26554.69;-103.31
26557.62;-103.31
26560.55;-103.39
26563.48;-103.55
26566.41;-103.31
26569.34;-103.08
26572.27;-103.23
26575.20;-103.23
26578.13;-103.16
26581.05;-103.31
26583.98;-103.16
26586.91;-103.08
26589.84;-103.31
26592.77;-103.39
26595.70;-103.31
26598.63;-103.47
26601.56;-103.55
26604.49;-103.39
26607.42;-103.16
26610.35;-103.47
26613.28;-103.70
26616.21;-103.39
26619.14;-103.47
26622.07;-103.47
26625.00;-103.16
26627.93;-103.31
26630.86;-103.39
26633.79;-103.31
26636.72;-103.23
26639.65;-103.23
26642.58;-103.47
26645.51;-103.39
26648.44;-103.23
26651.37;-103.16
26654.30;-103.08
26657.23;-103.08
26660.16;-103.08
26663.09;-103.08
26666.02;-103.16
26668.95;-102.92
26671.88;-102.92
26674.80;-103.31
26677.73;-103.39
26680.66;-103.47
26683.59;-103.31
26686.52;-103.23
26689.45;-103.08
26692.38;-103.16
26695.31;-103.08
26698.24;-103.16
26701.17;-102.92
26704.10;-102.92
26707.03;-103.08
26709.96;-103.39
26712.89;-103.23
26715.82;-103.23
26718.75;-103.16
26721.68;-103.00
26724.61;-103.08
26727.54;-103.23
26730.47;-103.39
26733.40;-103.23
26736.33;-103.16
26739.26;-103.23
26742.19;-103.39
26745.12;-103.55
26748.05;-103.08
26750.98;-102.92
26753.91;-103.08
26756.84;-103.00
26759.77;-103.31
26762.70;-103.31
26765.63;-103.08
26768.55;-103.08
26771.48;-103.31
26774.41;-103.47
26777.34;-103.16
26780.27;-103.23
26783.20;-103.31
26786.13;-103.31
26789.06;-103.08
26791.99;-103.16
26794.92;-103.23
26797.85;-103.16
26800.78;-103.23
26803.71;-103.23
26806.64;-103.08
26809.57;-103.16
26812.50;-103.16
26815.43;-102.92
26818.36;-102.92
26821.29;-103.00
26824.22;-103.23
26827.15;-103.31
26830.08;-103.31
26833.01;-103.16
26835.94;-103.31
26838.87;-103.47
26841.80;-103.23
26844.73;-103.08
26847.66;-103.16
26850.59;-103.16
26853.52;-103.23
26856.45;-103.39
26859.38;-103.08
26862.30;-103.23
26865.23;-103.16
26868.16;-103.08
26871.09;-103.00
26874.02;-103.16
26876.95;-103.08
26879.88;-102.92
26882.81;-103.00
26885.74;-103.08
26888.67;-103.23
26891.60;-103.16
26894.53;-103.23
26897.46;-103.16
26900.39;-103.00
26903.32;-102.92
26906.25;-103.08
26909.18;-103.31
26912.11;-103.31
26915.04;-103.31
26917.97;-103.16
26920.90;-103.23
26923.83;-103.31
26926.76;-103.31
26929.69;-103.39
26932.62;-103.00
26935.55;-103.23
26938.48;-103.55
26941.41;-103.31
26944.34;-103.08
26947.27;-103.16
26950.20;-103.39
26953.13;-103.39
26956.05;-103.23
26958.98;-103.23
26961.91;-103.08
26964.84;-103.08
26967.77;-102.84
26970.70;-103.08
26973.63;-103.16
26976.56;-103.00
26979.49;-103.31
26982.42;-103.23
26985.35;-103.00
26988.28;-103.00
26991.21;-103.16
26994.14;-103.31
26997.07;-103.23
27000.00;-103.00
27002.93;-103.23
27005.86;-103.23
27008.79;-103.16
27011.72;-103.23
27014.65;-103.23
27017.58;-103.08
27020.51;-103.08
27023.44;-103.23
27026.37;-103.08
27029.30;-103.31
27032.23;-103.23
27035.16;-103.23
27038.09;-103.39
27041.02;-103.39
27043.95;-103.08
27046.88;-103.16
27049.80;-103.23
27052.73;-103.08
27055.66;-103.08
27058.59;-103.00
27061.52;-103.00
27064.45;-103.16
27067.38;-103.16
27070.31;-103.31
27073.24;-103.39
27076.17;-103.16
27079.10;-103.00
27082.03;-103.08
27084.96;-102.92
27087.89;-102.84
27090.82;-103.00
27093.75;-102.92
27096.68;-103.08
27099.61;-103.16
27102.54;-103.16
27105.47;-103.00
27108.40;-103.08
27111.33;-103.31
27114.26;-103.23
27117.19;-103.16
27120.12;-103.00
27123.05;-103.16
27125.98;-103.55
27128.91;-103.39
27131.84;-103.00
27134.77;-103.08
27137.70;-103.31
27140.63;-103.47
27143.55;-102.92
27146.48;-102.84
27149.41;-102.76
27152.34;-102.92
27155.27;-103.23
27158.20;-103.16
27161.13;-103.16
27164.06;-103.16
27166.99;-103.16
27169.92;-103.23
27172.85;-103.08
27175.78;-103.16
27178.71;-103.08
27181.64;-102.92
27184.57;-103.23
27187.50;-103.31
27190.43;-103.08
27193.36;-102.92
27196.29;-103.08
27199.22;-103.16
27202.15;-103.23
27205.08;-103.00
27208.01;-103.08
27210.94;-103.08
27213.87;-103.00
27216.80;-102.84
27219.73;-102.92
27222.66;-103.23
27225.59;-102.76
27228.52;-102.84
27231.45;-103.23
27234.38;-103.23
27237.30;-103.31
27240.23;-103.16
27243.16;-103.08
27246.09;-103.16
27249.02;-103.31
27251.95;-103.39
27254.88;-103.16
27257.81;-103.23
27260.74;-103.23
27263.67;-103.00
27266.60;-103.08
27269.53;-103.16
27272.46;-103.16
27275.39;-103.00
27278.32;-103.08
27281.25;-103.39
27284.18;-103.23
27287.11;-103.00
27290.04;-102.84
27292.97;-102.84
27295.90;-103.08
27298.83;-103.39
27301.76;-103.39
27304.69;-103.16
27307.62;-103.31
27310.55;-103.08
27313.48;-103.16
27316.41;-103.16
27319.34;-103.16
27322.27;-103.08
27325.20;-103.08
27328.13;-103.08
27331.05;-103.08
27333.98;-103.23
27336.91;-103.31
27339.84;-103.08
27342.77;-103.08
27345.70;-103.08
27348.63;-103.31
27351.56;-103.47
27354.49;-103.31
27357.42;-103.23
27360.35;-103.08
27363.28;-103.00
27366.21;-102.92
27369.14;-102.76
27372.07;-103.00
27375.00;-103.39
27377.93;-103.47
27380.86;-103.08
27383.79;-102.84
27386.72;-103.00
27389.65;-103.23
27392.58;-103.23
27395.51;-103.00
27398.44;-103.16
27401.37;-103.47
27404.30;-103.31
27407.23;-102.92
27410.16;-103.16
27413.09;-103.08
27416.02;-102.92
27418.95;-102.61
27421.88;-102.76
27424.80;-103.00
27427.73;-102.92
27430.66;-102.92
27433.59;-103.08
27436.52;-103.23
27439.45;-103.16
27442.38;-103.16
27445.31;-102.92
27448.24;-103.08
27451.17;-103.08
27454.10;-103.00
27457.03;-103.00
27459.96;-103.00
27462.89;-103.08
27465.82;-103.08
27468.75;-103.16
27471.68;-103.16
27474.61;-103.31
27477.54;-103.08
27480.47;-102.92
27483.40;-103.16
27486.33;-103.16
27489.26;-103.08
27492.19;-103.23
27495.12;-103.16
27498.05;-103.39
27500.98;-103.23
27503.91;-103.23
27506.84;-103.23
27509.77;-103.00
27512.70;-103.23
27515.63;-103.39
27518.55;-103.31
27521.48;-102.92
27524.41;-102.84
27527.34;-103.00
27530.27;-103.08
27533.20;-103.00
27536.13;-103.00
27539.06;-103.08
27541.99;-103.23
27544.92;-103.31
27547.85;-103.55
27550.78;-103.39
27553.71;-103.31
27556.64;-103.08
27559.57;-103.16
27562.50;-103.16
27565.43;-102.92
27568.36;-102.76
27571.29;-103.00
27574.22;-102.92
27577.15;-102.92
27580.08;-102.76
27583.01;-102.61
27585.94;-103.16
27588.87;-103.16
27591.80;-103.08
27594.73;-103.08
27597.66;-102.92
27600.59;-102.92
27603.52;-103.39
27606.45;-103.31
27609.38;-103.16
27612.30;-103.23
27615.23;-103.00
27618.16;-102.76
27621.09;-102.84
27624.02;-103.23
27626.95;-103.31
27629.88;-103.08
27632.81;-103.16
27635.74;-102.84
27638.67;-102.76
27641.60;-102.76
27644.53;-103.00
27647.46;-103.08
27650.39;-103.00
27653.32;-103.08
27656.25;-103.23
27659.18;-103.08
27662.11;-102.84
27665.04;-103.00
27667.97;-103.08
27670.90;-103.16
27673.83;-103.23
27676.76;-103.47
27679.69;-103.16
27682.62;-103.00
27685.55;-103.08
27688.48;-102.84
27691.41;-102.76
27694.34;-102.92
27697.27;-103.23
27700.20;-103.23
27703.13;-103.08
27706.05;-103.16
27708.98;-103.23
27711.91;-103.16
27714.84;-103.00
27717.77;-103.00
27720.70;-103.23
27723.63;-103.23
27726.56;-103.08
27729.49;-102.84
27732.42;-102.84
27735.35;-102.92
27738.28;-103.16
27741.21;-103.39
27744.14;-103.23
27747.07;-103.08
27750.00;-102.84
27752.93;-102.84
27755.86;-103.00
27758.79;-102.92
27761.72;-103.16
27764.65;-103.23
27767.58;-103.00
27770.51;-102.92
27773.44;-103.00
27776.37;-103.08
27779.30;-102.84
27782.23;-102.84
27785.16;-103.16
27788.09;-103.00
27791.02;-103.08
27793.95;-103.16
27796.88;-103.31
27799.80;-103.23
27802.73;-103.08
27805.66;-103.00
27808.59;-102.84
27811.52;-102.92
27814.45;-103.00
27817.38;-103.00
27820.31;-103.16
27823.24;-103.16
27826.17;-102.84
27829.10;-102.92
27832.03;-102.92
27834.96;-102.84
27837.89;-102.76
27840.82;-102.76
27843.75;-102.84
27846.68;-103.00
27849.61;-103.08
27852.54;-103.00
27855.47;-103.00
27858.40;-103.00
27861.33;-102.76
27864.26;-102.84
27867.19;-102.76
27870.12;-102.92
27873.05;-103.23
27875.98;-103.16
27878.91;-103.08
27881.84;-103.16
27884.77;-103.00
27887.70;-102.92
27890.63;-102.92
27893.55;-103.00
27896.48;-103.16
27899.41;-103.00
27902.34;-103.16
27905.27;-103.31
27908.20;-103.23
27911.13;-103.08
27914.06;-102.84
27916.99;-102.69
27919.92;-103.00
27922.85;-103.31
27925.78;-103.16
27928.71;-103.39
27931.64;-103.47
27934.57;-103.08
27937.50;-103.08
27940.43;-103.00
27943.36;-102.76
27946.29;-102.84
27949.22;-102.76
27952.15;-102.84
27955.08;-102.92
27958.01;-103.00
27960.94;-103.08
27963.87;-103.08
27966.80;-103.00
27969.73;-103.08
27972.66;-103.08
27975.59;-102.76
27978.52;-102.69
27981.45;-103.00
27984.38;-103.00
27987.30;-102.92
27990.23;-103.00
27993.16;-102.76
27996.09;-103.00
27999.02;-102.92
28001.95;-103.08
28004.88;-103.08
28007.81;-103.00
28010.74;-103.08
28013.67;-102.76
28016.60;-102.84
28019.53;-103.00
28022.46;-102.92
28025.39;-102.76
28028.32;-102.92
28031.25;-103.23
28034.18;-103.08
28037.11;-102.92
28040.04;-103.16
28042.97;-102.92
28045.90;-102.84
28048.83;-102.76
28051.76;-103.00
28054.69;-103.00
28057.62;-102.69
28060.55;-102.84
28063.48;-103.00
28066.41;-102.92
28069.34;-102.92
28072.27;-103.08
28075.20;-103.08
28078.13;-103.39
28081.05;-103.08
28083.98;-103.00
28086.91;-103.00
28089.84;-102.84
28092.77;-102.84
28095.70;-102.61
28098.63;-102.76
28101.56;-102.76
28104.49;-102.76
28107.42;-102.69
28110.35;-102.92
28113.28;-103.08
28116.21;-102.76
28119.14;-102.69
28122.07;-103.08
28125.00;-102.92
28127.93;-102.69
28130.86;-102.69
28133.79;-103.00
28136.72;-102.84
28139.65;-102.76
28142.58;-103.00
28145.51;-103.00
28148.44;-103.16
28151.37;-102.84
28154.30;-102.69
28157.23;-102.84
28160.16;-103.00
28163.09;-103.16
28166.02;-103.08
28168.95;-102.92
28171.88;-102.84
28174.80;-102.76
28177.73;-102.69
28180.66;-102.76
28183.59;-103.00
28186.52;-103.16
28189.45;-102.76
28192.38;-102.69
28195.31;-102.92
28198.24;-102.76
28201.17;-102.76
28204.10;-102.92
28207.03;-103.16
28209.96;-103.23
28212.89;-103.08
28215.82;-102.92
28218.75;-103.08
28221.68;-103.00
28224.61;-103.08
28227.54;-102.84
28230.47;-102.76
28233.40;-102.92
28236.33;-102.92
28239.26;-102.92
28242.19;-102.92
28245.12;-103.00
28248.05;-103.00
28250.98;-103.16
28253.91;-103.08
28256.84;-102.76
28259.77;-102.84
28262.70;-102.92
28265.63;-102.84
28268.55;-102.84
28271.48;-102.84
28274.41;-103.16
28277.34;-103.08
28280.27;-102.84
28283.20;-102.84
28286.13;-102.92
28289.06;-102.76
28291.99;-103.00
28294.92;-102.76
28297.85;-102.69
28300.78;-102.69
28303.71;-102.69
28306.64;-102.92
28309.57;-102.84
28312.50;-102.84
28315.43;-102.84
28318.36;-102.92
28321.29;-102.61
28324.22;-102.69
28327.15;-102.69
28330.08;-102.61
28333.01;-103.16
28335.94;-103.23
28338.87;-102.84
28341.80;-102.76
28344.73;-102.92
28347.66;-102.92
28350.59;-103.00
28353.52;-103.00
28356.45;-102.92
28359.38;-102.76
28362.30;-102.84
28365.23;-102.84
28368.16;-102.92
28371.09;-102.84
28374.02;-102.53
28376.95;-102.61
28379.88;-102.69
28382.81;-102.84
28385.74;-103.00
28388.67;-102.76
28391.60;-102.69
28394.53;-102.61
28397.46;-102.84
28400.39;-102.92
28403.32;-103.00
28406.25;-102.84
28409.18;-102.92
28412.11;-102.92
28415.04;-102.76
28417.97;-102.84
28420.90;-102.84
28423.83;-102.92
28426.76;-102.84
28429.69;-102.69
28432.62;-102.76
28435.55;-102.76
28438.48;-102.84
28441.41;-102.61
28444.34;-102.61
28447.27;-103.08
28450.20;-102.92
28453.13;-102.69
28456.05;-102.61
28458.98;-102.61
28461.91;-102.69
28464.84;-102.84
28467.77;-103.00
28470.70;-102.76
28473.63;-102.76
28476.56;-102.84
28479.49;-102.76
28482.42;-102.69
28485.35;-102.61
28488.28;-102.69
28491.21;-102.69
28494.14;-102.61
28497.07;-102.61
28500.00;-102.92
28502.93;-103.08
28505.86;-103.16
28508.79;-103.00
28511.72;-102.92
28514.65;-103.16
28517.58;-102.92
28520.51;-102.61
28523.44;-102.53
28526.37;-102.84
28529.30;-102.84
28532.23;-103.08
28535.16;-103.00
28538.09;-102.69
28541.02;-102.45
28543.95;-102.76
28546.88;-102.92
28549.80;-102.61
28552.73;-102.76
28555.66;-102.92
28558.59;-103.00
28561.52;-102.92
28564.45;-102.76
28567.38;-102.53
28570.31;-102.69
28573.24;-102.84
28576.17;-102.69
28579.10;-102.69
28582.03;-102.61
28584.96;-102.76
28587.89;-103.08
28590.82;-103.08
28593.75;-102.92
28596.68;-102.84
28599.61;-102.76
28602.54;-102.76
28605.47;-102.30
28608.40;-102.76
28611.33;-102.69
28614.26;-102.76
28617.19;-102.92
28620.12;-102.84
28623.05;-102.69
28625.98;-102.53
28628.91;-102.61
28631.84;-102.53
28634.77;-102.53
28637.70;-102.84
28640.63;-102.92
28643.55;-102.76
28646.48;-102.76
28649.41;-102.84
28652.34;-102.84
28655.27;-103.00
28658.20;-102.92
28661.13;-102.84
28664.06;-102.76
28666.99;-103.00
28669.92;-102.92
28672.85;-102.45
28675.78;-102.45
28678.71;-102.76
28681.64;-102.76
28684.57;-102.92
28687.50;-102.69
28690.43;-102.76
28693.36;-102.61
28696.29;-102.45
28699.22;-102.69
28702.15;-102.92
28705.08;-102.84
28708.01;-102.69
28710.94;-102.84
28713.87;-102.76
28716.80;-102.92
28719.73;-102.92
28722.66;-102.76
28725.59;-102.61
28728.52;-102.61
28731.45;-102.84
28734.38;-103.00
28737.30;-103.08
28740.23;-103.00
28743.16;-102.76
28746.09;-102.92
28749.02;-102.76
28751.95;-102.61
28754.88;-102.61
28757.81;-102.76
28760.74;-103.00
28763.67;-102.84
28766.60;-102.84
28769.53;-102.92
28772.46;-103.00
28775.39;-102.69
28778.32;-102.69
28781.25;-102.84
28784.18;-102.92
28787.11;-102.84
28790.04;-102.84
28792.97;-102.76
28795.90;-102.84
28798.83;-102.61
28801.76;-102.76
28804.69;-102.76
28807.62;-102.84
28810.55;-102.84
28813.48;-102.76
28816.41;-102.76
28819.34;-102.84
28822.27;-102.84
28825.20;-102.76
28828.13;-102.76
28831.05;-102.53
28833.98;-102.76
28836.91;-102.61
28839.84;-102.53
28842.77;-102.30
28845.70;-102.53
28848.63;-103.00
28851.56;-102.92
28854.49;-102.76
28857.42;-102.84
28860.35;-103.00
28863.28;-102.92
28866.21;-102.84
28869.14;-102.76
28872.07;-102.84
28875.00;-102.84
28877.93;-102.76
28880.86;-102.69
28883.79;-102.69
28886.72;-102.61
28889.65;-102.61
28892.58;-102.69
28895.51;-102.76
28898.44;-102.76
28901.37;-102.76
28904.30;-102.69
28907.23;-102.76
28910.16;-102.92
28913.09;-102.92
28916.02;-102.76
28918.95;-102.69
28921.88;-102.69
28924.80;-102.61
28927.73;-102.69
28930.66;-102.92
28933.59;-102.92
28936.52;-102.92
28939.45;-102.84
28942.38;-102.45
28945.31;-102.45
28948.24;-102.45
28951.17;-102.76
28954.10;-102.69
28957.03;-102.61
28959.96;-102.53
28962.89;-102.76
28965.82;-102.76
28968.75;-102.61
28971.68;-102.53
28974.61;-102.69
28977.54;-102.92
28980.47;-102.53
28983.40;-102.53
28986.33;-102.61
28989.26;-102.69
28992.19;-102.84
28995.12;-102.84
28998.05;-102.45
29000.98;-102.76
29003.91;-102.53
29006.84;-102.45
29009.77;-102.84
29012.70;-102.84
29015.63;-102.69
29018.55;-102.61
29021.48;-102.76
29024.41;-102.84
29027.34;-102.76
29030.27;-102.76
29033.20;-102.69
29036.13;-102.76
29039.06;-102.61
29041.99;-102.45
29044.92;-102.45
29047.85;-102.84
29050.78;-102.92
29053.71;-102.84
29056.64;-102.76
29059.57;-102.53
29062.50;-102.76
29065.43;-103.00
29068.36;-103.08
29071.29;-102.69
29074.22;-102.61
29077.15;-102.69
29080.08;-102.76
29083.01;-102.76
29085.94;-102.76
29088.87;-102.69
29091.80;-102.53
29094.73;-102.53
29097.66;-102.84
29100.59;-103.00
29103.52;-103.00
29106.45;-102.92
29109.38;-102.76
29112.30;-102.61
29115.23;-102.45
29118.16;-102.76
29121.09;-102.69
29124.02;-102.76
29126.95;-102.84
29129.88;-102.69
29132.81;-102.69
29135.74;-102.61
29138.67;-102.69
29141.60;-102.61
29144.53;-102.69
29147.46;-102.69
29150.39;-102.84
29153.32;-102.61
29156.25;-102.30
29159.18;-102.37
29162.11;-102.69
29165.04;-102.61
29167.97;-102.45
29170.90;-102.37
29173.83;-102.76
29176.76;-102.76
29179.69;-102.76
29182.62;-102.76
29185.55;-102.37
29188.48;-102.84
29191.41;-103.00
29194.34;-102.69
29197.27;-102.37
29200.20;-102.53
29203.13;-102.53
29206.05;-102.69
29208.98;-102.61
29211.91;-102.84
29214.84;-103.00
29217.77;-102.84
29220.70;-102.45
29223.63;-102.45
29226.56;-102.69
29229.49;-102.69
29232.42;-102.69
29235.35;-102.53
29238.28;-102.45
29241.21;-102.61
29244.14;-102.69
29247.07;-102.76
29250.00;-102.69
29252.93;-102.53
29255.86;-102.69
29258.79;-102.61
29261.72;-102.53
29264.65;-102.45
29267.58;-102.61
29270.51;-102.76
29273.44;-102.76
29276.37;-102.76
29279.30;-102.84
29282.23;-102.69
29285.16;-102.45
29288.09;-102.76
29291.02;-103.00
29293.95;-102.76
29296.88;-102.69
29299.80;-102.69
29302.73;-102.76
29305.66;-102.69
29308.59;-102.53
29311.52;-102.84
29314.45;-102.92
29317.38;-102.69
29320.31;-102.45
29323.24;-102.53
29326.17;-102.84
29329.10;-103.00
29332.03;-102.53
29334.96;-102.37
29337.89;-102.53
29340.82;-102.69
29343.75;-102.69
29346.68;-102.69
29349.61;-102.53
29352.54;-102.69
29355.47;-102.84
29358.40;-103.00
29361.33;-102.84
29364.26;-102.53
29367.19;-102.37
29370.12;-102.61
29373.05;-102.69
29375.98;-102.45
29378.91;-102.37
29381.84;-102.37
29384.77;-102.69
29387.70;-102.76
29390.63;-102.84
29393.55;-102.53
29396.48;-102.37
29399.41;-102.69
29402.34;-102.92
29405.27;-102.92
29408.20;-103.00
29411.13;-102.69
29414.06;-102.45
29416.99;-102.45
29419.92;-102.76
29422.85;-102.69
29425.78;-102.76
29428.71;-102.76
29431.64;-102.76
29434.57;-102.69
29437.50;-102.84
29440.43;-102.76
29443.36;-102.84
29446.29;-102.61
29449.22;-102.61
29452.15;-102.69
29455.08;-102.45
29458.01;-102.76
29460.94;-102.76
29463.87;-102.45
29466.80;-102.37
29469.73;-102.69
29472.66;-102.37
29475.59;-102.37
29478.52;-102.69
29481.45;-102.61
29484.38;-102.61
29487.30;-102.69
29490.23;-102.61
29493.16;-102.69
29496.09;-102.53
29499.02;-102.61
29501.95;-102.61
29504.88;-102.69
29507.81;-102.69
29510.74;-102.53
29513.67;-102.37
29516.60;-102.61
29519.53;-102.61
29522.46;-102.76
29525.39;-102.92
29528.32;-102.76
29531.25;-102.45
29534.18;-102.30
29537.11;-102.45
29540.04;-102.37
29542.97;-102.45
29545.90;-102.53
29548.83;-102.69
29551.76;-102.61
29554.69;-102.53
29557.62;-102.45
29560.55;-102.76
29563.48;-102.69
29566.41;-102.61
29569.34;-102.45
29572.27;-102.45
29575.20;-102.61
29578.13;-102.53
29581.05;-102.45
29583.98;-102.45
29586.91;-102.53
29589.84;-102.45
29592.77;-102.53
29595.70;-102.53
29598.63;-102.61
29601.56;-102.45
29604.49;-102.37
29607.42;-102.92
29610.35;-102.92
29613.28;-102.84
29616.21;-102.76
29619.14;-102.84
29622.07;-102.84
29625.00;-102.61
29627.93;-102.61
29630.86;-102.53
29633.79;-102.37
29636.72;-102.37
29639.65;-102.76
29642.58;-102.53
29645.51;-102.69
29648.44;-102.76
29651.37;-102.45
29654.30;-102.45
29657.23;-102.53
29660.16;-102.61
29663.09;-102.69
29666.02;-102.53
29668.95;-102.37
29671.88;-102.61
29674.80;-102.61
29677.73;-102.37
29680.66;-102.61
29683.59;-102.61
29686.52;-102.45
29689.45;-102.53
29692.38;-102.45
29695.31;-102.53
29698.24;-102.69
29701.17;-102.53
29704.10;-102.53
29707.03;-102.61
29709.96;-102.69
29712.89;-102.37
29715.82;-102.76
29718.75;-102.92
29721.68;-102.76
29724.61;-102.69
29727.54;-102.45
29730.47;-102.30
29733.40;-102.53
29736.33;-102.37
29739.26;-102.22
29742.19;-102.14
29745.12;-102.37
29748.05;-102.30
29750.98;-102.53
29753.91;-102.69
29756.84;-102.45
29759.77;-102.69
29762.70;-102.69
29765.63;-102.53
29768.55;-102.45
29771.48;-102.53
29774.41;-102.45
29777.34;-102.61
29780.27;-102.61
29783.20;-102.61
29786.13;-102.69
29789.06;-102.76
29791.99;-102.84
29794.92;-102.69
29797.85;-102.30
29800.78;-102.37
29803.71;-102.45
29806.64;-102.30
29809.57;-102.53
29812.50;-102.61
29815.43;-102.22
29818.36;-102.45
29821.29;-102.76
29824.22;-102.53
29827.15;-102.69
29830.08;-102.84
29833.01;-102.61
29835.94;-102.53
29838.87;-102.69
29841.80;-103.00
29844.73;-102.76
29847.66;-102.69
29850.59;-102.69
29853.52;-102.45
29856.45;-102.53
29859.38;-102.61
29862.30;-102.53
29865.23;-102.61
29868.16;-102.37
29871.09;-102.14
29874.02;-102.30
29876.95;-102.22
29879.88;-102.37
29882.81;-102.61
29885.74;-102.45
29888.67;-102.61
29891.60;-102.69
29894.53;-102.61
29897.46;-102.84
29900.39;-102.84
29903.32;-102.61
29906.25;-102.45
29909.18;-102.37
29912.11;-102.69
29915.04;-102.69
29917.97;-102.45
29920.90;-102.14
29923.83;-101.98
29926.76;-102.53
29929.69;-102.45
29932.62;-102.53
29935.55;-102.53
29938.48;-102.37
29941.41;-102.53
29944.34;-102.61
29947.27;-102.37
29950.20;-102.45
29953.13;-102.53
29956.05;-102.53
29958.98;-102.53
29961.91;-102.53
29964.84;-102.61
29967.77;-102.61
29970.70;-102.76
29973.63;-102.84
29976.56;-102.69
29979.49;-102.37
29982.42;-102.37
29985.35;-102.30
29988.28;-102.30
29991.21;-102.37
29994.14;-102.69
29997.07;-102.61
30000.00;-102.61
30002.93;-102.45
30005.86;-102.45
30008.79;-102.53
30011.72;-102.69
30014.65;-102.61
30017.58;-102.69
30020.51;-102.53
30023.44;-102.22
30026.37;-102.69
30029.30;-103.08
30032.23;-102.53
30035.16;-102.53
30038.09;-102.61
30041.02;-102.45
30043.95;-102.45
30046.88;-102.69
30049.80;-102.53
30052.73;-102.37
30055.66;-102.53
30058.59;-102.61
30061.52;-102.45
30064.45;-102.37
30067.38;-102.61
30070.31;-102.53
30073.24;-102.22
30076.17;-102.30
30079.10;-102.45
30082.03;-102.22
30084.96;-102.53
30087.89;-102.53
30090.82;-102.45
30093.75;-102.61
30096.68;-102.53
30099.61;-102.37
30102.54;-102.45
30105.47;-102.37
30108.40;-102.53
30111.33;-102.69
30114.26;-102.45
30117.19;-102.37
30120.12;-102.61
30123.05;-102.69
30125.98;-102.37
30128.91;-102.22
30131.84;-102.37
30134.77;-102.53
30137.70;-102.69
30140.63;-102.37
30143.55;-102.45
30146.48;-102.30
30149.41;-102.30
30152.34;-102.37
30155.27;-102.45
30158.20;-102.61
30161.13;-102.61
30164.06;-102.61
30166.99;-102.37
30169.92;-102.30
30172.85;-102.45
30175.78;-102.45
30178.71;-102.45
30181.64;-102.45
30184.57;-102.37
30187.50;-102.45
30190.43;-102.45
30193.36;-102.53
30196.29;-102.53
30199.22;-102.69
30202.15;-102.37
30205.08;-102.14
30208.01;-102.14
30210.94;-102.22
30213.87;-102.22
30216.80;-102.37
30219.73;-102.53
30222.66;-102.45
30225.59;-102.69
30228.52;-102.61
30231.45;-102.69
30234.38;-102.76
30237.30;-102.53
30240.23;-102.30
30243.16;-102.45
30246.09;-102.30
30249.02;-102.53
30251.95;-102.61
30254.88;-102.22
30257.81;-102.30
30260.74;-102.37
30263.67;-102.37
30266.60;-102.45
30269.53;-102.53
30272.46;-102.53
30275.39;-102.22
30278.32;-102.30
30281.25;-102.45
30284.18;-102.61
30287.11;-102.37
30290.04;-102.45
30292.97;-102.53
30295.90;-102.37
30298.83;-102.53
30301.76;-102.84
30304.69;-102.69
30307.62;-102.45
30310.55;-102.22
30313.48;-102.22
30316.41;-102.53
30319.34;-102.61
30322.27;-102.45
30325.20;-102.45
30328.13;-102.69
30331.05;-102.69
30333.98;-102.53
30336.91;-102.37
30339.84;-102.45
30342.77;-102.37
30345.70;-102.37
30348.63;-102.61
30351.56;-102.61
30354.49;-102.53
30357.42;-102.53
30360.35;-102.53
30363.28;-102.61
30366.21;-102.45
30369.14;-102.37
30372.07;-102.14
30375.00;-102.06
30377.93;-101.98
30380.86;-102.14
30383.79;-102.61
30386.72;-102.69
30389.65;-102.30
30392.58;-102.30
30395.51;-102.30
30398.44;-102.37
30401.37;-102.53
30404.30;-102.45
30407.23;-102.53
30410.16;-102.61
30413.09;-102.45
30416.02;-102.37
30418.95;-102.37
30421.88;-102.45
30424.80;-102.45
30427.73;-102.37
30430.66;-102.37
30433.59;-102.30
30436.52;-102.45
30439.45;-102.53
30442.38;-102.61
30445.31;-102.37
30448.24;-102.14
30451.17;-102.22
30454.10;-102.61
30457.03;-102.37
30459.96;-102.53
30462.89;-102.45
30465.82;-102.22
30468.75;-102.61
30471.68;-102.76
30474.61;-102.61
30477.54;-102.61
30480.47;-102.53
30483.40;-102.37
30486.33;-102.45
30489.26;-102.45
30492.19;-102.84
30495.12;-102.53
30498.05;-102.30
30500.98;-102.37
30503.91;-102.61
30506.84;-102.37
30509.77;-102.45
30512.70;-102.61
30515.63;-102.76
30518.55;-102.61
30521.48;-102.37
30524.41;-102.53
30527.34;-102.53
30530.27;-102.61
30533.20;-102.53
30536.13;-102.14
30539.06;-102.30
30541.99;-102.14
30544.92;-102.37
30547.85;-102.61
30550.78;-102.76
30553.71;-102.45
30556.64;-102.53
30559.57;-102.53
30562.50;-102.61
30565.43;-102.53
30568.36;-102.45
30571.29;-102.53
30574.22;-102.61
30577.15;-102.53
30580.08;-102.22
30583.01;-102.45
30585.94;-102.45
30588.87;-102.61
30591.80;-102.61
30594.73;-102.53
30597.66;-102.37
30600.59;-102.53
30603.52;-102.53
30606.45;-102.37
30609.38;-102.53
30612.30;-102.30
30615.23;-102.30
30618.16;-102.45
30621.09;-102.37
30624.02;-102.45
30626.95;-102.37
30629.88;-102.30
30632.81;-102.14
30635.74;-102.37
30638.67;-102.45
30641.60;-102.61
30644.53;-102.37
30647.46;-102.45
30650.39;-102.30
30653.32;-102.45
30656.25;-102.37
30659.18;-102.37
30662.11;-102.61
30665.04;-102.45
30667.97;-102.45
30670.90;-102.53
30673.83;-102.45
30676.76;-102.45
30679.69;-102.30
30682.62;-102.53
30685.55;-102.76
30688.48;-102.53
30691.41;-102.30
30694.34;-102.53
30697.27;-102.53
30700.20;-102.30
30703.13;-102.14
30706.05;-102.14
30708.98;-102.30
30711.91;-102.30
30714.84;-102.61
30717.77;-102.45
30720.70;-102.37
30723.63;-102.53
30726.56;-102.30
30729.49;-102.14
30732.42;-102.37
30735.35;-102.53
30738.28;-102.45
30741.21;-102.37
30744.14;-102.30
30747.07;-102.14
30750.00;-102.30
30752.93;-102.53
30755.86;-102.37
30758.79;-102.30
30761.72;-102.30
30764.65;-102.14
30767.58;-102.14
30770.51;-102.22
30773.44;-102.37
30776.37;-102.37
30779.30;-102.45
30782.23;-102.53
30785.16;-102.53
30788.09;-102.53
30791.02;-102.37
30793.95;-102.37
30796.88;-102.61
30799.80;-102.30
30802.73;-102.22
30805.66;-102.37
30808.59;-102.45
30811.52;-102.14
30814.45;-102.06
30817.38;-102.45
30820.31;-102.84
30823.24;-102.37
30826.17;-102.14
30829.10;-102.06
30832.03;-102.30
30834.96;-102.30
30837.89;-102.30
30840.82;-102.45
30843.75;-102.37
30846.68;-102.37
30849.61;-102.37
30852.54;-102.69
30855.47;-102.69
30858.40;-102.69
30861.33;-102.22
30864.26;-102.14
30867.19;-102.69
30870.12;-102.69
30873.05;-102.45
30875.98;-102.45
30878.91;-102.30
30881.84;-102.22
30884.77;-102.06
30887.70;-102.53
30890.63;-102.22
30893.55;-102.30
30896.48;-102.37
30899.41;-102.61
30902.34;-102.22
30905.27;-102.14
30908.20;-102.37
30911.13;-102.37
30914.06;-102.45
30916.99;-102.30
30919.92;-102.45
30922.85;-102.45
30925.78;-102.22
30928.71;-102.37
30931.64;-102.30
30934.57;-102.37
30937.50;-102.22
30940.43;-102.37
30943.36;-102.14
30946.29;-102.14
30949.22;-102.14
30952.15;-102.61
30955.08;-102.61
30958.01;-102.14
30960.94;-102.22
30963.87;-102.69
30966.80;-102.45
30969.73;-102.37
30972.66;-102.53
30975.59;-102.30
30978.52;-102.30
30981.45;-102.37
30984.38;-102.61
30987.30;-102.69
30990.23;-102.30
30993.16;-102.30
30996.09;-102.30
30999.02;-102.14
31001.95;-102.30
31004.88;-102.37
31007.81;-102.37
31010.74;-102.22
31013.67;-102.30
31016.60;-102.37
31019.53;-102.14
31022.46;-102.37
31025.39;-102.61
31028.32;-102.37
31031.25;-102.22
31034.18;-102.22
31037.11;-102.37
31040.04;-102.53
31042.97;-102.53
31045.90;-102.30
31048.83;-102.30
31051.76;-102.45
31054.69;-102.30
31057.62;-102.30
31060.55;-102.30
31063.48;-102.14
31066.41;-102.22
31069.34;-102.61
31072.27;-102.30
31075.20;-102.45
31078.13;-102.76
31081.05;-102.45
31083.98;-101.98
31086.91;-102.37
31089.84;-102.69
31092.77;-102.37
31095.70;-102.30
31098.63;-102.45
31101.56;-102.45
31104.49;-102.37
31107.42;-102.45
31110.35;-102.37
31113.28;-102.45
31116.21;-102.22
31119.14;-102.22
31122.07;-102.45
31125.00;-102.30
31127.93;-102.30
31130.86;-102.22
31133.79;-102.37
31136.72;-102.22
31139.65;-102.30
31142.58;-102.30
31145.51;-102.37
31148.44;-102.22
31151.37;-102.45
31154.30;-102.61
31157.23;-102.37
31160.16;-102.22
31163.09;-102.06
31166.02;-102.37
31168.95;-102.30
31171.88;-102.45
31174.80;-102.37
31177.73;-102.06
31180.66;-102.14
31183.59;-102.45
31186.52;-102.06
31189.45;-102.14
31192.38;-102.45
31195.31;-102.06
31198.24;-101.98
31201.17;-101.98
31204.10;-102.30
31207.03;-102.53
31209.96;-102.53
31212.89;-102.45
31215.82;-102.53
31218.75;-102.30
31221.68;-102.06
31224.61;-102.22
31227.54;-102.14
31230.47;-102.14
31233.40;-102.30
31236.33;-102.06
31239.26;-102.22
31242.19;-102.45
31245.12;-102.69
31248.05;-102.37
31250.98;-102.14
31253.91;-102.14
31256.84;-102.22
31259.77;-102.37
31262.70;-102.37
31265.63;-102.45
31268.55;-102.61
31271.48;-102.53
31274.41;-102.45
31277.34;-102.53
31280.27;-102.61
31283.20;-102.30
31286.13;-102.06
31289.06;-102.06
31291.99;-102.22
31294.92;-102.30
31297.85;-102.06
31300.78;-102.30
31303.71;-102.45
31306.64;-102.69
31309.57;-102.76
31312.50;-102.22
31315.43;-102.14
31318.36;-102.61
31321.29;-102.53
31324.22;-102.53
31327.15;-102.69
31330.08;-102.37
31333.01;-102.37
31335.94;-102.37
31338.87;-102.37
31341.80;-102.37
31344.73;-102.37
31347.66;-102.37
31350.59;-102.22
31353.52;-102.37
31356.45;-102.22
31359.38;-102.22
31362.30;-102.45
31365.23;-102.37
31368.16;-102.22
31371.09;-102.37
31374.02;-102.61
31376.95;-102.53
31379.88;-102.45
31382.81;-102.22
31385.74;-102.30
31388.67;-102.45
31391.60;-102.53
31394.53;-102.45
31397.46;-102.30
31400.39;-102.22
31403.32;-102.45
31406.25;-102.45
31409.18;-102.30
31412.11;-102.22
31415.04;-102.22
31417.97;-102.06
31420.90;-102.06
31423.83;-102.30
31426.76;-102.30
31429.69;-102.30
31432.62;-102.37
31435.55;-102.37
31438.48;-102.22
31441.41;-102.37
31444.34;-102.30
31447.27;-102.22
31450.20;-102.53
31453.13;-102.53
31456.05;-102.30
31458.98;-102.14
31461.91;-102.22
31464.84;-102.14
31467.77;-102.14
31470.70;-102.22
31473.63;-102.06
31476.56;-102.45
31479.49;-102.45
31482.42;-102.30
31485.35;-102.30
31488.28;-102.22
31491.21;-102.14
31494.14;-101.98
31497.07;-102.06
31500.00;-102.37
31502.93;-102.22
31505.86;-102.37
31508.79;-102.37
31511.72;-102.53
31514.65;-102.22
31517.58;-102.06
31520.51;-102.37
31523.44;-102.37
31526.37;-102.30
31529.30;-102.30
31532.23;-102.37
31535.16;-102.37
31538.09;-102.53
31541.02;-102.30
31543.95;-102.14
31546.88;-102.22
31549.80;-102.22
31552.73;-102.22
31555.66;-102.14
31558.59;-102.14
31561.52;-102.14
31564.45;-102.53
31567.38;-102.53
31570.31;-102.14
31573.24;-102.06
31576.17;-101.90
31579.10;-101.98
31582.03;-102.06
31584.96;-102.14
31587.89;-102.14
31590.82;-102.06
31593.75;-102.30
31596.68;-102.22
31599.61;-102.37
31602.54;-102.30
31605.47;-102.22
31608.40;-102.14
31611.33;-101.98
31614.26;-101.98
31617.19;-102.22
31620.12;-101.98
31623.05;-102.22
31625.98;-102.30
31628.91;-102.30
31631.84;-102.45
31634.77;-102.45
31637.70;-102.30
31640.63;-102.45
31643.55;-102.30
31646.48;-102.22
31649.41;-102.37
31652.34;-102.45
31655.27;-102.37
31658.20;-102.22
31661.13;-102.30
31664.06;-102.14
31666.99;-102.06
31669.92;-101.98
31672.85;-102.14
31675.78;-102.30
31678.71;-102.45
31681.64;-102.45
31684.57;-102.37
31687.50;-102.22
31690.43;-102.30
31693.36;-102.37
31696.29;-102.37
31699.22;-102.06
31702.15;-102.14
31705.08;-102.37
31708.01;-102.53
31710.94;-102.30
31713.87;-102.45
31716.80;-102.30
31719.73;-102.14
31722.66;-102.22
31725.59;-102.30
31728.52;-102.30
31731.45;-101.98
31734.38;-102.14
31737.30;-102.37
31740.23;-102.45
31743.16;-102.30
31746.09;-102.06
31749.02;-101.90
31751.95;-101.98
31754.88;-102.37
31757.81;-102.45
31760.74;-102.22
31763.67;-102.30
31766.60;-102.30
31769.53;-102.45
31772.46;-102.30
31775.39;-102.22
31778.32;-102.37
31781.25;-102.45
31784.18;-102.22
31787.11;-102.06
31790.04;-102.14
31792.97;-102.30
31795.90;-102.22
31798.83;-102.14
31801.76;-102.37
31804.69;-102.14
31807.62;-102.06
31810.55;-101.98
31813.48;-101.75
31816.41;-101.98
31819.34;-102.06
31822.27;-102.06
31825.20;-101.83
31828.13;-102.06
31831.05;-102.37
31833.98;-102.14
31836.91;-102.22
31839.84;-102.45
31842.77;-102.22
31845.70;-102.06
31848.63;-102.22
31851.56;-102.14
31854.49;-102.06
31857.42;-101.98
31860.35;-101.90
31863.28;-102.14
31866.21;-102.22
31869.14;-102.37
31872.07;-102.22
31875.00;-102.06
31877.93;-102.22
31880.86;-102.45
31883.79;-102.30
31886.72;-102.14
31889.65;-101.90
31892.58;-102.14
31895.51;-102.14
31898.44;-102.14
31901.37;-102.30
31904.30;-101.98
31907.23;-102.14
31910.16;-102.06
31913.09;-102.14
31916.02;-101.83
31918.95;-102.06
31921.88;-101.98
31924.80;-102.14
31927.73;-102.30
31930.66;-102.30
31933.59;-102.30
31936.52;-102.06
31939.45;-102.22
31942.38;-102.37
31945.31;-102.30
31948.24;-102.22
31951.17;-102.06
31954.10;-101.90
31957.03;-102.14
31959.96;-101.98
31962.89;-102.06
31965.82;-102.06
31968.75;-102.14
31971.68;-102.06
31974.61;-101.90
31977.54;-102.06
31980.47;-102.22
31983.40;-102.06
31986.33;-101.98
31989.26;-102.37
31992.19;-102.30
31995.12;-102.22
31998.05;-102.22
32000.98;-101.90
32003.91;-102.06
32006.84;-102.37
32009.77;-102.14
32012.70;-102.22
32015.63;-102.14
32018.55;-102.06
32021.48;-102.37
32024.41;-101.98
32027.34;-102.06
32030.27;-102.06
32033.20;-101.90
32036.13;-101.98
32039.06;-102.22
32041.99;-101.98
32044.92;-102.14
32047.85;-102.37
32050.78;-102.37
32053.71;-102.37
32056.64;-102.06
32059.57;-102.14
32062.50;-102.14
32065.43;-102.30
32068.36;-102.06
32071.29;-102.30
32074.22;-102.22
32077.15;-102.06
32080.08;-101.75
32083.01;-101.83
32085.94;-102.06
32088.87;-102.22
32091.80;-102.06
32094.73;-102.22
32097.66;-102.30
32100.59;-102.06
32103.52;-101.98
32106.45;-102.45
32109.38;-102.45
32112.30;-101.90
32115.23;-101.90
32118.16;-101.98
32121.09;-101.98
32124.02;-101.90
32126.95;-101.75
32129.88;-102.22
32132.81;-102.22
32135.74;-101.98
32138.67;-101.98
32141.60;-101.90
32144.53;-101.83
32147.46;-102.06
32150.39;-102.37
32153.32;-102.22
32156.25;-102.37
32159.18;-101.98
32162.11;-101.90
32165.04;-101.83
32167.97;-101.90
32170.90;-102.22
32173.83;-102.37
32176.76;-102.22
32179.69;-101.90
32182.62;-102.22
32185.55;-102.22
32188.48;-102.30
32191.41;-102.22
32194.34;-102.14
32197.27;-102.37
32200.20;-102.30
32203.13;-102.14
32206.05;-101.90
32208.98;-102.06
32211.91;-102.14
32214.84;-102.06
32217.77;-102.14
32220.70;-102.45
32223.63;-102.14
32226.56;-101.90
32229.49;-102.14
32232.42;-102.14
32235.35;-102.06
32238.28;-101.98
32241.21;-102.22
32244.14;-102.22
32247.07;-101.98
32250.00;-101.98
32252.93;-102.22
32255.86;-102.22
32258.79;-102.14
32261.72;-101.98
32264.65;-102.14
32267.58;-102.30
32270.51;-102.30
32273.44;-102.30
32276.37;-102.14
32279.30;-102.06
32282.23;-102.22
32285.16;-102.14
32288.09;-102.22
32291.02;-102.06
32293.95;-101.83
32296.88;-102.14
32299.80;-101.98
32302.73;-101.90
32305.66;-102.22
32308.59;-102.22
32311.52;-102.06
32314.45;-101.75
32317.38;-102.06
32320.31;-102.30
32323.24;-102.22
32326.17;-102.06
32329.10;-102.06
32332.03;-102.06
32334.96;-102.14
32337.89;-102.22
32340.82;-101.90
32343.75;-101.90
32346.68;-102.14
32349.61;-102.14
32352.54;-102.06
32355.47;-102.14
32358.40;-102.14
32361.33;-101.90
32364.26;-102.22
32367.19;-102.06
32370.12;-101.90
32373.05;-102.45
32375.98;-102.53
32378.91;-102.22
32381.84;-102.22
32384.77;-102.14
32387.70;-101.98
32390.63;-102.22
32393.55;-102.30
32396.48;-102.30
32399.41;-101.90
32402.34;-101.90
32405.27;-101.75
32408.20;-101.83
32411.13;-101.98
32414.06;-102.06
32416.99;-101.98
32419.92;-101.98
32422.85;-101.98
32425.78;-101.75
32428.71;-101.83
32431.64;-101.98
32434.57;-101.98
32437.50;-101.98
32440.43;-102.06
32443.36;-101.98
32446.29;-101.98
32449.22;-102.06
32452.15;-102.22
32455.08;-102.22
32458.01;-102.30
32460.94;-101.98
32463.87;-102.22
32466.80;-101.98
32469.73;-101.90
32472.66;-102.06
32475.59;-102.22
32478.52;-102.14
32481.45;-102.22
32484.38;-102.37
32487.30;-102.14
32490.23;-101.90
32493.16;-101.98
32496.09;-101.90
32499.02;-102.14
32501.95;-102.06
32504.88;-101.83
32507.81;-101.98
32510.74;-102.22
32513.67;-102.06
32516.60;-101.98
32519.53;-102.14
32522.46;-102.22
32525.39;-102.61
32528.32;-102.22
32531.25;-101.83
32534.18;-102.06
32537.11;-102.14
32540.04;-102.14
32542.97;-102.22
32545.90;-101.98
32548.83;-102.06
32551.76;-101.98
32554.69;-102.14
32557.62;-102.14
32560.55;-102.30
32563.48;-102.14
32566.41;-102.06
32569.34;-102.22
32572.27;-102.14
32575.20;-102.22
32578.13;-101.98
32581.05;-102.14
32583.98;-102.06
32586.91;-101.98
32589.84;-101.98
32592.77;-101.98
32595.70;-102.06
32598.63;-102.06
32601.56;-102.06
32604.49;-102.06
32607.42;-102.06
32610.35;-101.75
32613.28;-101.98
32616.21;-101.90
32619.14;-101.98
32622.07;-102.30
32625.00;-102.30
32627.93;-101.98
32630.86;-101.98
32633.79;-102.06
32636.72;-101.90
32639.65;-101.83
32642.58;-101.83
32645.51;-101.90
32648.44;-101.83
32651.37;-101.90
32654.30;-102.22
32657.23;-102.14
32660.16;-101.98
32663.09;-101.98
32666.02;-102.14
32668.95;-102.14
32671.88;-102.14
32674.80;-102.22
32677.73;-102.14
32680.66;-102.06
32683.59;-102.06
32686.52;-102.14
32689.45;-102.22
32692.38;-102.14
32695.31;-102.06
32698.24;-101.90
32701.17;-102.06
32704.10;-101.98
32707.03;-102.14
32709.96;-102.06
32712.89;-101.98
32715.82;-102.30
32718.75;-101.90
32721.68;-101.83
32724.61;-102.06
32727.54;-101.98
32730.47;-101.75
32733.40;-101.83
32736.33;-102.06
32739.26;-102.30
32742.19;-101.90
32745.12;-102.06
32748.05;-101.90
32750.98;-101.90
32753.91;-102.14
32756.84;-102.45
32759.77;-102.37
32762.70;-102.06
32765.63;-101.83
32768.55;-101.67
32771.48;-101.98
32774.41;-101.90
32777.34;-101.90
32780.27;-102.22
32783.20;-102.14
32786.13;-101.98
32789.06;-101.90
32791.99;-101.83
32794.92;-101.83
32797.85;-102.06
32800.78;-101.75
32803.71;-101.90
32806.64;-101.98
32809.57;-101.98
32812.50;-102.06
32815.43;-101.90
32818.36;-101.90
32821.29;-101.90
32824.22;-102.06
32827.15;-102.06
32830.08;-101.98
32833.01;-102.06
32835.94;-101.98
32838.87;-102.37
32841.80;-102.06
32844.73;-102.06
32847.66;-101.90
32850.59;-101.90
32853.52;-101.83
32856.45;-101.90
32859.38;-101.83
32862.30;-101.90
32865.23;-102.14
32868.16;-102.30
32871.09;-101.98
32874.02;-101.90
32876.95;-102.14
32879.88;-102.06
32882.81;-101.98
32885.74;-102.22
32888.67;-102.30
32891.60;-102.06
32894.53;-101.83
32897.46;-101.90
32900.39;-102.22
32903.32;-102.14
32906.25;-101.98
32909.18;-101.67
32912.11;-101.98
32915.04;-102.14
32917.97;-102.14
32920.90;-102.22
32923.83;-101.98
32926.76;-101.75
32929.69;-101.67
32932.62;-102.14
32935.55;-102.06
32938.48;-101.98
32941.41;-101.83
32944.34;-101.90
32947.27;-102.06
32950.20;-102.06
32953.13;-101.98
32956.05;-101.98
32958.98;-101.90
32961.91;-101.90
32964.84;-101.75
32967.77;-101.67
32970.70;-101.90
32973.63;-102.22
32976.56;-101.75
32979.49;-101.83
32982.42;-102.06
32985.35;-101.83
32988.28;-101.75
32991.21;-101.98
32994.14;-101.98
32997.07;-102.06
33000.00;-102.14
33002.93;-102.30
33005.86;-101.90
33008.79;-101.98
33011.72;-102.06
33014.65;-101.98
33017.58;-102.14
33020.51;-101.98
33023.44;-101.83
33026.37;-102.06
33029.30;-101.98
33032.23;-101.98
33035.16;-102.06
33038.09;-102.22
33041.02;-102.14
33043.95;-101.83
33046.88;-101.90
33049.80;-101.83
33052.73;-101.75
33055.66;-101.90
33058.59;-101.90
33061.52;-102.14
33064.45;-102.22
33067.38;-101.90
33070.31;-101.67
33073.24;-101.51
33076.17;-101.83
33079.10;-102.06
33082.03;-102.30
33084.96;-102.45
33087.89;-102.14
33090.82;-102.14
33093.75;-102.14
33096.68;-101.90
33099.61;-101.83
33102.54;-101.90
33105.47;-101.75
33108.40;-102.14
33111.33;-102.30
33114.26;-102.14
33117.19;-101.98
33120.12;-101.90
33123.05;-101.75
33125.98;-101.51
33128.91;-101.90
33131.84;-101.90
33134.77;-101.98
33137.70;-101.90
33140.63;-101.98
33143.55;-101.98
33146.48;-101.83
33149.41;-101.75
33152.34;-102.14
33155.27;-102.30
33158.20;-102.06
33161.13;-102.06
33164.06;-101.90
33166.99;-102.06
33169.92;-101.83
33172.85;-101.83
33175.78;-101.75
33178.71;-101.75
33181.64;-102.06
33184.57;-102.06
33187.50;-101.98
33190.43;-101.90
33193.36;-101.67
33196.29;-101.67
33199.22;-101.83
33202.15;-101.83
33205.08;-101.75
33208.01;-101.75
33210.94;-101.98
33213.87;-101.83
33216.80;-101.59
33219.73;-101.75
33222.66;-101.59
33225.59;-101.59
33228.52;-101.67
33231.45;-101.98
33234.38;-101.83
33237.30;-101.90
33240.23;-102.14
33243.16;-101.98
33246.09;-101.98
33249.02;-101.83
33251.95;-101.75
33254.88;-101.90
33257.81;-101.98
33260.74;-102.14
33263.67;-101.90
33266.60;-101.90
33269.53;-102.14
33272.46;-102.30
33275.39;-101.98
33278.32;-101.98
33281.25;-101.90
33284.18;-101.83
33287.11;-101.75
33290.04;-101.83
33292.97;-102.14
33295.90;-102.06
33298.83;-101.75
33301.76;-101.90
33304.69;-101.83
33307.62;-101.75
33310.55;-101.75
33313.48;-101.98
33316.41;-101.90
33319.34;-101.98
33322.27;-101.83
33325.20;-101.75
33328.13;-101.83
33331.05;-101.59
33333.98;-101.75
33336.91;-101.75
33339.84;-101.83
33342.77;-101.90
33345.70;-101.90
33348.63;-101.83
33351.56;-101.98
33354.49;-101.98
33357.42;-101.75
33360.35;-101.75
33363.28;-101.59
33366.21;-101.75
33369.14;-101.67
33372.07;-101.90
33375.00;-101.98
33377.93;-101.83
33380.86;-101.83
33383.79;-102.14
33386.72;-101.98
33389.65;-101.90
33392.58;-101.98
33395.51;-101.75
33398.44;-101.83
33401.37;-101.90
33404.30;-102.06
33407.23;-101.98
33410.16;-102.06
33413.09;-102.06
33416.02;-101.90
33418.95;-101.83
33421.88;-101.67
33424.80;-101.90
33427.73;-102.22
33430.66;-101.98
33433.59;-101.98
33436.52;-101.83
33439.45;-101.83
33442.38;-101.90
33445.31;-102.06
33448.24;-102.06
33451.17;-101.90
33454.10;-101.75
33457.03;-101.67
33459.96;-101.75
33462.89;-101.90
33465.82;-101.83
33468.75;-101.67
33471.68;-101.83
33474.61;-102.14
33477.54;-102.30
33480.47;-101.90
33483.40;-102.06
33486.33;-102.14
33489.26;-101.90
33492.19;-102.14
33495.12;-101.98
33498.05;-101.75
33500.98;-101.59
33503.91;-101.83
33506.84;-101.98
33509.77;-102.14
33512.70;-101.83
33515.63;-101.75
33518.55;-101.75
33521.48;-101.90
33524.41;-101.90
33527.34;-101.83
33530.27;-102.06
33533.20;-101.98
33536.13;-101.90
33539.06;-102.06
33541.99;-102.53
33544.92;-102.37
33547.85;-101.90
33550.78;-101.98
33553.71;-101.90
33556.64;-101.98
33559.57;-101.98
33562.50;-101.98
33565.43;-101.98
33568.36;-101.90
33571.29;-101.90
33574.22;-102.06
33577.15;-102.06
33580.08;-101.75
33583.01;-101.75
33585.94;-102.06
33588.87;-102.30
33591.80;-102.14
33594.73;-101.90
33597.66;-101.90
33600.59;-101.83
33603.52;-101.90
33606.45;-101.83
33609.38;-101.67
33612.30;-101.75
33615.23;-101.83
33618.16;-101.83
33621.09;-101.67
33624.02;-101.83
33626.95;-101.98
33629.88;-101.98
33632.81;-101.98
33635.74;-102.06
33638.67;-101.98
33641.60;-101.67
33644.53;-101.98
33647.46;-101.98
33650.39;-101.67
33653.32;-101.90
33656.25;-102.30
33659.18;-102.37
33662.11;-101.90
33665.04;-101.59
33667.97;-101.90
33670.90;-101.83
33673.83;-101.75
33676.76;-101.51
33679.69;-101.67
33682.62;-101.83
33685.55;-101.75
33688.48;-101.51
33691.41;-101.75
33694.34;-101.83
33697.27;-101.90
33700.20;-101.98
33703.13;-102.06
33706.05;-102.14
33708.98;-102.22
33711.91;-101.90
33714.84;-102.06
33717.77;-101.98
33720.70;-101.83
33723.63;-101.98
33726.56;-101.75
33729.49;-101.83
33732.42;-101.90
33735.35;-101.83
33738.28;-101.83
33741.21;-101.59
33744.14;-101.75
33747.07;-102.06
33750.00;-101.90
33752.93;-101.59
33755.86;-101.67
33758.79;-101.83
33761.72;-101.75
33764.65;-101.90
33767.58;-101.83
33770.51;-101.90
33773.44;-101.75
33776.37;-101.75
33779.30;-101.98
33782.23;-102.06
33785.16;-101.83
33788.09;-101.59
33791.02;-101.83
33793.95;-101.90
33796.88;-101.83
33799.80;-101.67
33802.73;-101.36
33805.66;-101.67
33808.59;-101.75
33811.52;-101.75
33814.45;-101.90
33817.38;-101.83
33820.31;-102.06
33823.24;-101.98
33826.17;-102.06
33829.10;-101.44
33832.03;-101.83
33834.96;-102.14
33837.89;-102.14
33840.82;-101.90
33843.75;-101.75
33846.68;-101.59
33849.61;-101.44
33852.54;-101.67
33855.47;-101.59
33858.40;-101.98
33861.33;-101.98
33864.26;-101.83
33867.19;-101.98
33870.12;-102.06
33873.05;-102.06
33875.98;-101.67
33878.91;-101.75
33881.84;-101.98
33884.77;-102.06
33887.70;-102.06
33890.63;-101.90
33893.55;-101.83
33896.48;-101.59
33899.41;-101.98
33902.34;-101.90
33905.27;-101.51
33908.20;-101.59
33911.13;-101.36
33914.06;-101.67
33916.99;-101.98
33919.92;-101.75
33922.85;-101.51
33925.78;-101.83
33928.71;-101.83
33931.64;-101.83
33934.57;-101.98
33937.50;-102.14
33940.43;-101.67
33943.36;-101.75
33946.29;-101.75
33949.22;-101.83
33952.15;-101.75
33955.08;-101.98
33958.01;-101.83
33960.94;-101.51
33963.87;-101.83
33966.80;-101.90
33969.73;-101.98
33972.66;-101.67
33975.59;-101.67
33978.52;-101.44
33981.45;-101.36
33984.38;-101.75
33987.30;-101.90
33990.23;-101.67
33993.16;-101.98
33996.09;-101.90
33999.02;-101.90
34001.95;-101.83
34004.88;-101.75
34007.81;-101.90
34010.74;-102.06
34013.67;-101.83
34016.60;-101.59
34019.53;-101.67
34022.46;-101.83
34025.39;-101.83
34028.32;-101.90
34031.25;-101.67
34034.18;-101.90
34037.11;-102.14
34040.04;-101.83
34042.97;-101.83
34045.90;-101.67
34048.83;-101.75
34051.76;-101.90
34054.69;-101.75
34057.62;-101.51
34060.55;-101.59
34063.48;-101.75
34066.41;-101.75
34069.34;-101.67
34072.27;-101.75
34075.20;-101.75
34078.13;-101.83
34081.05;-101.59
34083.98;-101.67
34086.91;-101.75
34089.84;-101.83
34092.77;-101.67
34095.70;-101.59
34098.63;-101.44
34101.56;-101.67
34104.49;-101.98
34107.42;-102.06
34110.35;-101.75
34113.28;-101.83
34116.21;-101.83
34119.14;-101.90
34122.07;-101.75
34125.00;-101.90
34127.93;-101.44
34130.86;-101.51
34133.79;-101.67
34136.72;-101.75
34139.65;-101.90
34142.58;-101.98
34145.51;-102.30
34148.44;-101.90
34151.37;-101.83
34154.30;-101.83
34157.23;-101.59
34160.16;-101.36
34163.09;-101.44
34166.02;-101.59
34168.95;-101.83
34171.88;-102.06
34174.80;-101.90
34177.73;-101.83
34180.66;-101.83
34183.59;-101.83
34186.52;-101.59
34189.45;-101.44
34192.38;-101.67
34195.31;-101.75
34198.24;-101.51
34201.17;-101.59
34204.10;-101.75
34207.03;-101.75
34209.96;-101.75
34212.89;-101.67
34215.82;-101.98
34218.75;-101.90
34221.68;-101.67
34224.61;-101.90
34227.54;-101.51
34230.47;-101.67
34233.40;-101.83
34236.33;-101.75
34239.26;-101.44
34242.19;-101.67
34245.12;-101.90
34248.05;-101.59
34250.98;-101.51
34253.91;-101.67
34256.84;-101.51
34259.77;-101.67
34262.70;-101.67
34265.63;-101.67
34268.55;-101.90
34271.48;-101.83
34274.41;-101.67
34277.34;-101.67
34280.27;-101.90
34283.20;-102.30
34286.13;-102.22
34289.06;-101.67
34291.99;-101.28
34294.92;-101.44
34297.85;-101.59
34300.78;-101.83
34303.71;-101.75
34306.64;-101.67
34309.57;-101.75
34312.50;-101.75
34315.43;-101.51
34318.36;-101.51
34321.29;-101.83
34324.22;-101.75
34327.15;-101.67
34330.08;-101.83
34333.01;-101.98
34335.94;-102.06
34338.87;-101.67
34341.80;-101.59
34344.73;-101.67
34347.66;-101.44
34350.59;-101.51
34353.52;-101.83
34356.45;-101.90
34359.38;-101.75
34362.30;-101.44
34365.23;-101.75
34368.16;-101.67
34371.09;-101.51
34374.02;-101.67
34376.95;-101.67
34379.88;-101.59
34382.81;-101.83
34385.74;-101.75
34388.67;-101.59
34391.60;-101.59
34394.53;-101.75
34397.46;-101.83
34400.39;-101.83
34403.32;-101.75
34406.25;-101.83
34409.18;-101.75
34412.11;-101.75
34415.04;-101.75
34417.97;-101.75
34420.90;-101.90
34423.83;-101.51
34426.76;-101.59
34429.69;-101.75
34432.62;-101.51
34435.55;-101.67
34438.48;-101.51
34441.41;-101.59
34444.34;-101.83
34447.27;-101.90
34450.20;-101.90
34453.13;-101.83
34456.05;-101.75
34458.98;-101.90
34461.91;-101.75
34464.84;-101.75
34467.77;-101.75
34470.70;-101.75
34473.63;-101.67
34476.56;-101.67
34479.49;-101.51
34482.42;-101.36
34485.35;-101.51
34488.28;-101.75
34491.21;-101.90
34494.14;-101.67
34497.07;-101.67
34500.00;-101.51
34502.93;-101.44
34505.86;-101.67
34508.79;-101.90
34511.72;-101.75
34514.65;-101.59
34517.58;-101.51
34520.51;-101.59
34523.44;-101.51
34526.37;-101.59
34529.30;-101.59
34532.23;-101.59
34535.16;-101.59
34538.09;-101.90
34541.02;-101.83
34543.95;-101.67
34546.88;-101.75
34549.80;-101.98
34552.73;-101.75
34555.66;-101.51
34558.59;-101.67
34561.52;-101.59
34564.45;-101.67
34567.38;-101.75
34570.31;-101.67
34573.24;-101.75
34576.17;-101.75
34579.10;-101.83
34582.03;-101.75
34584.96;-101.83
34587.89;-101.98
34590.82;-101.90
34593.75;-101.59
34596.68;-101.67
34599.61;-101.90
34602.54;-101.75
34605.47;-101.59
34608.40;-101.75
34611.33;-101.90
34614.26;-101.83
34617.19;-101.67
34620.12;-101.51
34623.05;-101.75
34625.98;-101.83
34628.91;-101.36
34631.84;-101.59
34634.77;-101.83
34637.70;-101.59
34640.63;-101.51
34643.55;-101.67
34646.48;-101.59
34649.41;-101.59
34652.34;-101.51
34655.27;-101.36
34658.20;-101.44
34661.13;-101.67
34664.06;-101.75
34666.99;-101.83
34669.92;-101.67
34672.85;-101.67
34675.78;-101.51
34678.71;-101.51
34681.64;-101.59
34684.57;-101.75
34687.50;-101.59
34690.43;-101.67
34693.36;-101.67
34696.29;-101.83
34699.22;-101.67
34702.15;-101.98
34705.08;-101.98
34708.01;-101.75
34710.94;-101.67
34713.87;-101.90
34716.80;-101.98
34719.73;-101.59
34722.66;-101.59
34725.59;-101.59
34728.52;-101.59
34731.45;-101.75
34734.38;-101.83
34737.30;-101.83
34740.23;-101.90
34743.16;-101.59
34746.09;-101.75
34749.02;-101.83
34751.95;-101.90
34754.88;-101.83
34757.81;-101.59
34760.74;-101.44
34763.67;-101.51
34766.60;-101.75
34769.53;-101.83
34772.46;-101.98
34775.39;-101.83
34778.32;-101.44
34781.25;-101.44
34784.18;-101.59
34787.11;-101.83
34790.04;-101.83
34792.97;-101.98
34795.90;-101.83
34798.83;-101.59
34801.76;-101.36
34804.69;-101.59
34807.62;-101.51
34810.55;-101.67
34813.48;-101.83
34816.41;-101.83
34819.34;-101.59
34822.27;-101.75
34825.20;-101.59
34828.13;-101.12
34831.05;-101.44
34833.98;-101.67
34836.91;-101.67
34839.84;-101.75
34842.77;-101.98
34845.70;-101.83
34848.63;-101.67
34851.56;-101.75
34854.49;-101.67
34857.42;-101.36
34860.35;-101.59
34863.28;-101.59
34866.21;-101.44
34869.14;-101.83
34872.07;-101.83
34875.00;-101.67
34877.93;-101.98
34880.86;-101.83
34883.79;-101.90
34886.72;-101.75
34889.65;-101.83
34892.58;-101.67
34895.51;-101.44
34898.44;-101.59
34901.37;-101.59
34904.30;-101.90
34907.23;-101.98
34910.16;-101.83
34913.09;-101.67
34916.02;-101.59
34918.95;-101.67
34921.88;-101.59
34924.80;-101.51
34927.73;-101.44
34930.66;-101.90
34933.59;-101.83
34936.52;-101.67
34939.45;-101.75
34942.38;-101.75
34945.31;-101.83
34948.24;-101.90
34951.17;-101.75
34954.10;-101.59
34957.03;-101.67
34959.96;-101.51
34962.89;-101.67
34965.82;-101.83
34968.75;-101.59
34971.68;-101.90
34974.61;-101.90
34977.54;-101.51
34980.47;-101.59
34983.40;-101.83
34986.33;-101.98
34989.26;-101.90
34992.19;-101.59
34995.12;-101.75
34998.05;-101.75
35000.98;-101.51
35003.91;-101.59
35006.84;-101.75
35009.77;-101.98
35012.70;-101.90
35015.63;-101.67
35018.55;-101.83
35021.48;-101.90
35024.41;-101.83
35027.34;-101.67
35030.27;-101.75
35033.20;-101.90
35036.13;-101.90
35039.06;-101.67
35041.99;-101.59
35044.92;-101.90
35047.85;-101.75
35050.78;-101.75
35053.71;-101.67
35056.64;-101.59
35059.57;-101.59
35062.50;-101.75
35065.43;-101.75
35068.36;-101.83
35071.29;-101.75
35074.22;-101.83
35077.15;-101.75
35080.08;-101.83
35083.01;-101.51
35085.94;-101.83
35088.87;-101.44
35091.80;-101.51
35094.73;-101.83
35097.66;-101.75
35100.59;-101.44
35103.52;-101.51
35106.45;-101.59
35109.38;-101.75
35112.30;-101.98
35115.23;-102.06
35118.16;-101.75
35121.09;-101.59
35124.02;-101.75
35126.95;-101.90
35129.88;-101.90
35132.81;-101.83
35135.74;-101.90
35138.67;-101.83
35141.60;-101.75
35144.53;-101.75
35147.46;-101.75
35150.39;-101.51
35153.32;-101.44
35156.25;-101.83
35159.18;-101.75
35162.11;-101.90
35165.04;-101.67
35167.97;-101.59
35170.90;-101.59
35173.83;-101.59
35176.76;-101.67
35179.69;-101.59
35182.62;-101.75
35185.55;-101.59
35188.48;-101.51
35191.41;-101.67
35194.34;-101.59
35197.27;-101.44
35200.20;-101.36
35203.13;-101.36
35206.05;-101.51
35208.98;-101.83
35211.91;-101.98
35214.84;-101.83
35217.77;-101.44
35220.70;-101.51
35223.63;-101.44
35226.56;-101.83
35229.49;-101.75
35232.42;-101.75
35235.35;-101.98
35238.28;-101.83
35241.21;-101.44
35244.14;-101.51
35247.07;-101.51
35250.00;-101.75
35252.93;-101.59
35255.86;-101.51
35258.79;-101.67
35261.72;-101.75
35264.65;-101.67
35267.58;-101.83
35270.51;-101.67
35273.44;-101.83
35276.37;-101.67
35279.30;-101.67
35282.23;-101.75
35285.16;-101.67
35288.09;-101.75
35291.02;-101.83
35293.95;-101.51
35296.88;-101.59
35299.80;-101.75
35302.73;-101.67
35305.66;-101.51
35308.59;-101.75
35311.52;-101.67
35314.45;-101.67
35317.38;-101.51
35320.31;-101.59
35323.24;-101.59
35326.17;-101.59
35329.10;-101.75
35332.03;-101.59
35334.96;-101.36
35337.89;-101.51
35340.82;-101.75
35343.75;-101.83
35346.68;-101.67
35349.61;-101.44
35352.54;-101.44
35355.47;-101.75
35358.40;-101.83
35361.33;-101.75
35364.26;-101.90
35367.19;-101.90
35370.12;-101.59
35373.05;-101.59
35375.98;-101.59
35378.91;-101.75
35381.84;-101.44
35384.77;-101.67
35387.70;-101.83
35390.63;-101.98
35393.55;-101.90
35396.48;-101.59
35399.41;-101.44
35402.34;-101.51
35405.27;-101.51
35408.20;-101.67
35411.13;-101.59
35414.06;-101.36
35416.99;-101.59
35419.92;-101.67
35422.85;-101.51
35425.78;-101.44
35428.71;-101.59
35431.64;-101.67
35434.57;-101.67
35437.50;-101.28
35440.43;-101.51
35443.36;-101.83
35446.29;-101.98
35449.22;-101.83
35452.15;-101.83
35455.08;-101.67
35458.01;-101.75
35460.94;-101.83
35463.87;-101.75
35466.80;-101.67
35469.73;-101.44
35472.66;-101.59
35475.59;-101.67
35478.52;-101.51
35481.45;-101.51
35484.38;-101.59
35487.30;-101.67
35490.23;-101.67
35493.16;-101.44
35496.09;-101.36
35499.02;-101.59
35501.95;-101.51
35504.88;-101.59
35507.81;-101.75
35510.74;-101.51
35513.67;-101.51
35516.60;-101.67
35519.53;-101.67
35522.46;-101.51
35525.39;-101.51
35528.32;-101.51
35531.25;-101.59
35534.18;-101.90
35537.11;-101.67
35540.04;-101.44
35542.97;-101.67
35545.90;-101.36
35548.83;-101.51
35551.76;-101.75
35554.69;-101.67
35557.62;-101.59
35560.55;-101.36
35563.48;-101.67
35566.41;-101.59
35569.34;-101.67
35572.27;-101.83
35575.20;-101.51
35578.13;-101.51
35581.05;-101.51
35583.98;-101.51
35586.91;-101.75
35589.84;-101.83
35592.77;-101.75
35595.70;-101.67
35598.63;-101.90
35601.56;-101.90
35604.49;-101.75
35607.42;-101.51
35610.35;-101.51
35613.28;-101.51
35616.21;-101.75
35619.14;-101.98
35622.07;-102.06
35625.00;-101.75
35627.93;-101.67
35630.86;-101.59
35633.79;-101.36
35636.72;-101.44
35639.65;-101.51
35642.58;-101.59
35645.51;-101.67
35648.44;-101.59
35651.37;-101.59
35654.30;-101.75
35657.23;-101.67
35660.16;-101.59
35663.09;-101.51
35666.02;-101.51
35668.95;-101.67
35671.88;-101.83
35674.80;-101.59
35677.73;-101.59
35680.66;-101.59
35683.59;-101.51
35686.52;-101.67
35689.45;-101.83
35692.38;-101.75
35695.31;-101.28
35698.24;-101.44
35701.17;-101.67
35704.10;-101.75
35707.03;-101.44
35709.96;-101.51
35712.89;-101.75
35715.82;-101.90
35718.75;-101.67
35721.68;-101.67
35724.61;-101.67
35727.54;-101.51
35730.47;-101.59
35733.40;-101.75
35736.33;-101.67
35739.26;-101.36
35742.19;-101.36
35745.12;-101.36
35748.05;-101.44
35750.98;-101.67
35753.91;-101.51
35756.84;-101.44
35759.77;-101.90
35762.70;-101.75
35765.63;-101.67
35768.55;-101.59
35771.48;-101.75
35774.41;-101.59
35777.34;-101.51
35780.27;-101.44
35783.20;-101.51
35786.13;-101.51
35789.06;-101.59
35791.99;-101.75
35794.92;-101.90
35797.85;-102.06
35800.78;-101.98
35803.71;-101.75
35806.64;-101.83
35809.57;-101.75
35812.50;-101.59
35815.43;-101.59
35818.36;-101.51
35821.29;-101.28
35824.22;-101.36
35827.15;-101.44
35830.08;-101.67
35833.01;-101.83
35835.94;-101.59
35838.87;-101.51
35841.80;-101.59
35844.73;-101.83
35847.66;-101.67
35850.59;-101.44
35853.52;-101.75
35856.45;-101.67
35859.38;-101.51
35862.30;-101.51
35865.23;-101.44
35868.16;-101.44
35871.09;-101.83
35874.02;-101.98
35876.95;-101.59
35879.88;-101.44
35882.81;-101.75
35885.74;-101.67
35888.67;-101.28
35891.60;-101.59
35894.53;-101.75
35897.46;-101.67
35900.39;-101.44
35903.32;-101.67
35906.25;-101.98
35909.18;-101.75
35912.11;-101.59
35915.04;-101.28
35917.97;-101.75
35920.90;-101.83
35923.83;-101.59
35926.76;-101.51
35929.69;-101.67
35932.62;-101.51
35935.55;-101.28
35938.48;-101.44
35941.41;-101.51
35944.34;-101.44
35947.27;-101.67
35950.20;-101.75
35953.13;-101.59
35956.05;-101.67
35958.98;-101.90
35961.91;-101.83
35964.84;-101.75
35967.77;-101.83
35970.70;-101.67
35973.63;-101.36
35976.56;-101.51
35979.49;-101.51
35982.42;-101.67
35985.35;-101.67
35988.28;-101.75
35991.21;-101.59
35994.14;-101.36
35997.07;-101.44
36000.00;-101.51
36002.93;-101.67
36005.86;-101.59
36008.79;-101.36
36011.72;-101.44
36014.65;-101.75
36017.58;-101.59
36020.51;-101.44
36023.44;-101.67
36026.37;-101.59
36029.30;-101.28
36032.23;-101.51
36035.16;-101.51
36038.09;-101.67
36041.02;-101.67
36043.95;-101.59
36046.88;-101.44
36049.80;-101.51
36052.73;-101.67
36055.66;-101.59
36058.59;-101.59
36061.52;-101.67
36064.45;-101.75
36067.38;-101.67
36070.31;-101.67
36073.24;-101.83
36076.17;-101.98
36079.10;-101.67
36082.03;-101.36
36084.96;-101.44
36087.89;-101.28
36090.82;-101.36
36093.75;-101.51
36096.68;-101.51
36099.61;-101.75
36102.54;-101.59
36105.47;-101.44
36108.40;-101.44
36111.33;-101.59
36114.26;-101.59
36117.19;-101.51
36120.12;-101.44
36123.05;-101.75
36125.98;-101.51
36128.91;-101.36
36131.84;-101.20
36134.77;-101.20
36137.70;-101.20
36140.63;-101.44
36143.55;-101.51
36146.48;-101.59
36149.41;-101.59
36152.34;-101.90
36155.27;-101.90
36158.20;-101.98
36161.13;-101.75
36164.06;-101.51
36166.99;-101.44
36169.92;-101.59
36172.85;-101.36
36175.78;-101.20
36178.71;-101.36
36181.64;-101.51
36184.57;-101.51
36187.50;-101.59
36190.43;-101.83
36193.36;-101.59
36196.29;-101.59
36199.22;-101.51
36202.15;-101.59
36205.08;-101.67
36208.01;-101.51
36210.94;-101.36
36213.87;-101.20
36216.80;-101.59
36219.73;-101.83
36222.66;-101.51
36225.59;-101.44
36228.52;-101.59
36231.45;-101.67
36234.38;-101.51
36237.30;-101.44
36240.23;-101.44
36243.16;-101.75
36246.09;-101.67
36249.02;-101.67
36251.95;-101.44
36254.88;-101.28
36257.81;-101.44
36260.74;-101.51
36263.67;-101.28
36266.60;-101.44
36269.53;-101.44
36272.46;-101.36
36275.39;-101.83
36278.32;-101.83
36281.25;-101.67
36284.18;-101.67
36287.11;-101.44
36290.04;-101.51
36292.97;-101.51
36295.90;-101.44
36298.83;-101.51
36301.76;-101.51
36304.69;-101.67
36307.62;-101.75
36310.55;-101.67
36313.48;-101.75
36316.41;-101.67
36319.34;-101.75
36322.27;-101.51
36325.20;-101.44
36328.13;-101.59
36331.05;-101.67
36333.98;-101.51
36336.91;-101.44
36339.84;-101.44
36342.77;-101.28
36345.70;-101.20
36348.63;-101.20
36351.56;-101.44
36354.49;-101.83
36357.42;-101.67
36360.35;-101.51
36363.28;-101.67
36366.21;-101.59
36369.14;-101.83
36372.07;-101.67
36375.00;-101.44
36377.93;-101.36
36380.86;-101.51
36383.79;-101.51
36386.72;-101.59
36389.65;-101.75
36392.58;-101.67
36395.51;-101.44
36398.44;-101.36
36401.37;-101.44
36404.30;-101.83
36407.23;-101.83
36410.16;-101.51
36413.09;-101.51
36416.02;-101.36
36418.95;-101.44
36421.88;-101.44
36424.80;-101.59
36427.73;-101.51
36430.66;-101.36
36433.59;-101.36
36436.52;-101.36
36439.45;-101.36
36442.38;-101.51
36445.31;-101.67
36448.24;-101.51
36451.17;-101.44
36454.10;-101.20
36457.03;-101.20
36459.96;-101.67
36462.89;-101.67
36465.82;-101.36
36468.75;-101.44
36471.68;-101.44
36474.61;-101.44
36477.54;-101.59
36480.47;-101.59
36483.40;-101.59
36486.33;-101.67
36489.26;-101.51
36492.19;-101.59
36495.12;-101.67
36498.05;-101.28
36500.98;-101.36
36503.91;-101.36
36506.84;-101.67
36509.77;-101.44
36512.70;-101.59
36515.63;-101.67
36518.55;-101.67
36521.48;-101.75
36524.41;-101.75
36527.34;-101.75
36530.27;-101.75
36533.20;-101.36
36536.13;-101.36
36539.06;-101.51
36541.99;-101.83
36544.92;-101.51
36547.85;-101.28
36550.78;-101.28
36553.71;-101.44
36556.64;-101.28
36559.57;-101.59
36562.50;-101.51
36565.43;-101.36
36568.36;-101.36
36571.29;-101.51
36574.22;-101.59
36577.15;-101.59
36580.08;-101.59
36583.01;-101.36
36585.94;-101.44
36588.87;-101.44
36591.80;-101.36
36594.73;-101.44
36597.66;-101.67
36600.59;-101.67
36603.52;-101.59
36606.45;-101.36
36609.38;-101.59
36612.30;-101.83
36615.23;-101.75
36618.16;-101.59
36621.09;-101.36
36624.02;-101.59
36626.95;-101.44
36629.88;-101.28
36632.81;-101.28
36635.74;-101.44
36638.67;-101.36
36641.60;-101.51
36644.53;-101.51
36647.46;-101.44
36650.39;-101.44
36653.32;-101.51
36656.25;-101.44
36659.18;-101.20
36662.11;-101.36
36665.04;-101.59
36667.97;-101.51
36670.90;-101.51
36673.83;-101.51
36676.76;-101.67
36679.69;-101.83
36682.62;-101.90
36685.55;-101.75
36688.48;-101.51
36691.41;-101.59
36694.34;-101.51
36697.27;-101.67
36700.20;-101.51
36703.13;-101.36
36706.05;-101.44
36708.98;-101.44
36711.91;-101.51
36714.84;-101.59
36717.77;-101.67
36720.70;-101.67
36723.63;-101.36
36726.56;-101.20
36729.49;-101.51
36732.42;-101.75
36735.35;-101.75
36738.28;-101.59
36741.21;-101.44
36744.14;-101.28
36747.07;-101.51
36750.00;-101.44
36752.93;-101.44
36755.86;-101.67
36758.79;-101.51
36761.72;-101.36
36764.65;-101.36
36767.58;-101.51
36770.51;-101.75
36773.44;-101.51
36776.37;-101.36
36779.30;-101.28
36782.23;-101.44
36785.16;-101.51
36788.09;-101.51
36791.02;-101.51
36793.95;-101.36
36796.88;-101.51
36799.80;-101.59
36802.73;-101.36
36805.66;-101.36
36808.59;-101.59
36811.52;-101.59
36814.45;-101.67
36817.38;-101.36
36820.31;-101.28
36823.24;-101.51
36826.17;-101.44
36829.10;-101.20
36832.03;-101.44
36834.96;-101.28
36837.89;-101.12
36840.82;-101.36
36843.75;-101.90
36846.68;-101.75
36849.61;-101.28
36852.54;-101.28
36855.47;-101.59
36858.40;-101.59
36861.33;-101.44
36864.26;-101.44
36867.19;-101.59
36870.12;-101.51
36873.05;-101.51
36875.98;-101.51
36878.91;-101.59
36881.84;-101.75
36884.77;-101.67
36887.70;-101.51
36890.63;-101.59
36893.55;-101.36
36896.48;-101.44
36899.41;-101.36
36902.34;-101.36
36905.27;-101.36
36908.20;-101.44
36911.13;-101.44
36914.06;-101.51
36916.99;-101.36
36919.92;-101.12
36922.85;-101.36
36925.78;-101.36
36928.71;-101.36
36931.64;-101.59
36934.57;-101.59
36937.50;-101.44
36940.43;-101.28
36943.36;-101.20
36946.29;-101.75
36949.22;-101.75
36952.15;-101.59
36955.08;-101.51
36958.01;-101.44
36960.94;-101.51
36963.87;-101.28
36966.80;-101.20
36969.73;-101.51
36972.66;-101.59
36975.59;-101.36
36978.52;-101.28
36981.45;-101.51
36984.38;-101.44
36987.30;-101.36
36990.23;-101.44
36993.16;-101.75
36996.09;-101.59
36999.02;-101.44
37001.95;-101.59
37004.88;-101.75
37007.81;-101.51
37010.74;-101.20
37013.67;-101.20
37016.60;-101.12
37019.53;-101.12
37022.46;-101.28
37025.39;-101.44
37028.32;-101.59
37031.25;-101.67
37034.18;-101.51
37037.11;-101.28
37040.04;-101.51
37042.97;-101.59
37045.90;-101.51
37048.83;-101.36
37051.76;-101.44
37054.69;-101.67
37057.62;-101.36
37060.55;-101.51
37063.48;-101.44
37066.41;-101.36
37069.34;-101.75
37072.27;-101.83
37075.20;-101.67
37078.13;-101.44
37081.05;-101.12
37083.98;-101.12
37086.91;-101.59
37089.84;-101.44
37092.77;-101.36
37095.70;-101.51
37098.63;-101.20
37101.56;-101.44
37104.49;-101.51
37107.42;-101.44
37110.35;-101.59
37113.28;-101.67
37116.21;-101.51
37119.14;-101.51
37122.07;-101.51
37125.00;-101.59
37127.93;-101.67
37130.86;-101.36
37133.79;-101.28
37136.72;-101.67
37139.65;-101.51
37142.58;-101.44
37145.51;-101.28
37148.44;-101.28
37151.37;-101.51
37154.30;-101.83
37157.23;-101.98
37160.16;-101.90
37163.09;-101.67
37166.02;-101.59
37168.95;-101.67
37171.88;-101.67
37174.80;-101.44
37177.73;-101.44
37180.66;-101.44
37183.59;-101.36
37186.52;-101.20
37189.45;-101.51
37192.38;-102.06
37195.31;-101.98
37198.24;-101.67
37201.17;-101.20
37204.10;-101.05
37207.03;-101.36
37209.96;-101.51
37212.89;-101.51
37215.82;-101.51
37218.75;-101.36
37221.68;-101.44
37224.61;-101.51
37227.54;-101.51
37230.47;-101.36
37233.40;-101.28
37236.33;-101.36
37239.26;-101.28
37242.19;-101.51
37245.12;-101.44
37248.05;-101.44
37250.98;-101.44
37253.91;-101.44
37256.84;-101.36
37259.77;-101.05
37262.70;-101.20
37265.63;-101.36
37268.55;-101.51
37271.48;-101.44
37274.41;-101.36
37277.34;-101.36
37280.27;-101.28
37283.20;-101.59
37286.13;-101.51
37289.06;-101.20
37291.99;-101.36
37294.92;-101.28
37297.85;-101.51
37300.78;-101.44
37303.71;-101.44
37306.64;-101.44
37309.57;-101.36
37312.50;-101.59
37315.43;-101.44
37318.36;-101.36
37321.29;-101.51
37324.22;-101.51
37327.15;-101.12
37330.08;-101.12
37333.01;-101.28
37335.94;-101.44
37338.87;-101.36
37341.80;-101.59
37344.73;-101.28
37347.66;-101.59
37350.59;-101.36
37353.52;-101.44
37356.45;-101.36
37359.38;-101.20
37362.30;-101.51
37365.23;-101.67
37368.16;-101.44
37371.09;-101.20
37374.02;-101.44
37376.95;-101.51
37379.88;-101.44
37382.81;-101.59
37385.74;-101.12
37388.67;-101.12
37391.60;-101.20
37394.53;-101.20
37397.46;-101.28
37400.39;-101.28
37403.32;-101.44
37406.25;-101.59
37409.18;-101.59
37412.11;-101.44
37415.04;-101.51
37417.97;-101.51
37420.90;-101.51
37423.83;-101.44
37426.76;-101.36
37429.69;-101.20
37432.62;-101.20
37435.55;-101.20
37438.48;-101.20
37441.41;-101.20
37444.34;-101.28
37447.27;-101.28
37450.20;-101.36
37453.13;-101.75
37456.05;-101.51
37458.98;-101.51
37461.91;-101.51
37464.84;-101.20
37467.77;-101.51
37470.70;-101.28
37473.63;-101.28
37476.56;-101.28
37479.49;-101.20
37482.42;-101.36
37485.35;-101.44
37488.28;-101.59
37491.21;-101.67
37494.14;-101.44
37497.07;-101.44
37500.00;-101.51
37502.93;-101.51
37505.86;-101.20
37508.79;-101.28
37511.72;-101.44
37514.65;-101.36
37517.58;-101.36
37520.51;-101.12
37523.44;-101.36
37526.37;-101.51
37529.30;-101.44
37532.23;-101.51
37535.16;-101.51
37538.09;-101.44
37541.02;-101.51
37543.95;-101.28
37546.88;-101.44
37549.80;-101.44
37552.73;-101.59
37555.66;-101.36
37558.59;-101.44
37561.52;-101.36
37564.45;-101.20
37567.38;-101.12
37570.31;-101.28
37573.24;-101.20
37576.17;-101.28
37579.10;-101.28
37582.03;-101.36
37584.96;-101.44
37587.89;-101.44
37590.82;-101.36
37593.75;-101.51
37596.68;-101.67
37599.61;-101.51
37602.54;-101.36
37605.47;-101.36
37608.40;-101.20
37611.33;-101.28
37614.26;-101.28
37617.19;-101.20
37620.12;-101.28
37623.05;-101.59
37625.98;-101.51
37628.91;-101.51
37631.84;-101.59
37634.77;-101.20
37637.70;-101.20
37640.63;-101.36
37643.55;-101.28
37646.48;-101.44
37649.41;-101.44
37652.34;-101.05
37655.27;-101.12
37658.20;-101.36
37661.13;-101.20
37664.06;-101.59
37666.99;-101.51
37669.92;-101.36
37672.85;-101.59
37675.78;-101.44
37678.71;-101.51
37681.64;-101.59
37684.57;-101.36
37687.50;-100.97
37690.43;-101.20
37693.36;-101.36
37696.29;-101.36
37699.22;-101.28
37702.15;-101.36
37705.08;-101.28
37708.01;-101.44
37710.94;-101.51
37713.87;-101.51
37716.80;-101.59
37719.73;-101.59
37722.66;-101.28
37725.59;-101.36
37728.52;-101.36
37731.45;-101.36
37734.38;-101.59
37737.30;-101.36
37740.23;-101.36
37743.16;-101.44
37746.09;-101.59
37749.02;-101.28
37751.95;-101.20
37754.88;-101.51
37757.81;-101.51
37760.74;-101.44
37763.67;-101.36
37766.60;-101.44
37769.53;-101.44
37772.46;-101.44
37775.39;-101.44
37778.32;-101.51
37781.25;-101.44
37784.18;-101.67
37787.11;-101.51
37790.04;-101.44
37792.97;-101.36
37795.90;-101.28
37798.83;-101.51
37801.76;-101.36
37804.69;-101.12
37807.62;-100.97
37810.55;-100.89
37813.48;-101.20
37816.41;-101.28
37819.34;-101.36
37822.27;-101.28
37825.20;-101.28
37828.13;-101.44
37831.05;-101.20
37833.98;-101.05
37836.91;-101.36
37839.84;-101.28
37842.77;-101.36
37845.70;-101.36
37848.63;-101.44
37851.56;-101.36
37854.49;-101.28
37857.42;-101.20
37860.35;-101.20
37863.28;-101.59
37866.21;-101.51
37869.14;-101.36
37872.07;-101.20
37875.00;-101.28
37877.93;-101.51
37880.86;-101.51
37883.79;-101.28
37886.72;-101.12
37889.65;-101.20
37892.58;-101.20
37895.51;-101.20
37898.44;-101.28
37901.37;-101.36
37904.30;-101.44
37907.23;-101.28
37910.16;-101.28
37913.09;-101.44
37916.02;-101.28
37918.95;-101.20
37921.88;-101.28
37924.80;-101.51
37927.73;-101.59
37930.66;-101.28
37933.59;-100.97
37936.52;-101.36
37939.45;-101.51
37942.38;-101.51
37945.31;-101.44
37948.24;-101.36
37951.17;-101.20
37954.10;-101.12
37957.03;-101.28
37959.96;-101.28
37962.89;-101.28
37965.82;-101.20
37968.75;-101.28
37971.68;-101.20
37974.61;-101.20
37977.54;-100.97
37980.47;-101.12
37983.40;-101.20
37986.33;-101.36
37989.26;-101.44
37992.19;-101.67
37995.12;-101.28
37998.05;-101.12
38000.98;-101.20
38003.91;-101.20
38006.84;-101.20
38009.77;-101.05
38012.70;-101.36
38015.63;-101.36
38018.55;-101.20
38021.48;-101.12
38024.41;-101.12
38027.34;-101.36
38030.27;-101.51
38033.20;-101.44
38036.13;-101.28
38039.06;-101.20
38041.99;-101.51
38044.92;-101.44
38047.85;-101.12
38050.78;-101.28
38053.71;-101.12
38056.64;-100.89
38059.57;-100.97
38062.50;-101.59
38065.43;-101.59
38068.36;-101.36
38071.29;-101.51
38074.22;-101.44
38077.15;-101.12
38080.08;-101.12
38083.01;-101.44
38085.94;-101.36
38088.87;-101.44
38091.80;-101.36
38094.73;-101.20
38097.66;-101.44
38100.59;-101.44
38103.52;-101.44
38106.45;-101.28
38109.38;-101.20
38112.30;-101.12
38115.23;-101.28
38118.16;-101.12
38121.09;-101.20
38124.02;-101.36
38126.95;-101.36
38129.88;-101.28
38132.81;-101.44
38135.74;-101.28
38138.67;-101.51
38141.60;-101.51
38144.53;-101.51
38147.46;-101.36
38150.39;-101.20
38153.32;-101.05
38156.25;-101.28
38159.18;-101.44
38162.11;-101.36
38165.04;-101.36
38167.97;-101.28
38170.90;-101.20
38173.83;-101.36
38176.76;-101.59
38179.69;-101.44
38182.62;-101.28
38185.55;-101.44
38188.48;-101.28
38191.41;-101.36
38194.34;-101.28
38197.27;-101.44
38200.20;-101.67
38203.13;-101.44
38206.05;-101.20
38208.98;-101.12
38211.91;-101.20
38214.84;-101.20
38217.77;-101.28
38220.70;-101.12
38223.63;-101.36
38226.56;-101.28
38229.49;-101.20
38232.42;-101.20
38235.35;-101.51
38238.28;-101.51
38241.21;-101.44
38244.14;-101.51
38247.07;-101.28
38250.00;-101.36
38252.93;-101.44
38255.86;-101.36
38258.79;-101.28
38261.72;-101.36
38264.65;-101.51
38267.58;-101.59
38270.51;-101.20
38273.44;-100.89
38276.37;-101.28
38279.30;-101.36
38282.23;-101.51
38285.16;-101.59
38288.09;-101.83
38291.02;-101.44
38293.95;-101.51
38296.88;-101.36
38299.80;-101.44
38302.73;-101.51
38305.66;-101.36
38308.59;-101.44
38311.52;-101.51
38314.45;-101.44
38317.38;-101.51
38320.31;-101.20
38323.24;-101.28
38326.17;-101.28
38329.10;-101.36
38332.03;-101.36
38334.96;-101.28
38337.89;-101.20
38340.82;-101.28
38343.75;-101.36
38346.68;-101.28
38349.61;-101.36
38352.54;-101.36
38355.47;-101.36
38358.40;-101.36
38361.33;-101.28
38364.26;-101.20
38367.19;-101.36
38370.12;-101.51
38373.05;-101.44
38375.98;-101.59
38378.91;-101.28
38381.84;-101.20
38384.77;-101.44
38387.70;-101.59
38390.63;-101.36
38393.55;-101.44
38396.48;-101.44
38399.41;-101.28
38402.34;-100.97
38405.27;-101.28
38408.20;-101.51
38411.13;-101.36
38414.06;-101.05
38416.99;-101.05
38419.92;-101.51
38422.85;-101.36
38425.78;-101.36
38428.71;-101.44
38431.64;-101.05
38434.57;-101.12
38437.50;-101.20
38440.43;-101.36
38443.36;-101.12
38446.29;-101.05
38449.22;-101.20
38452.15;-101.36
38455.08;-101.12
38458.01;-101.28
38460.94;-101.44
38463.87;-101.36
38466.80;-101.20
38469.73;-100.97
38472.66;-101.12
38475.59;-101.28
38478.52;-101.36
38481.45;-101.20
38484.38;-101.12
38487.30;-101.28
38490.23;-101.20
38493.16;-101.28
38496.09;-101.44
38499.02;-101.28
38501.95;-101.28
38504.88;-101.44
38507.81;-101.12
38510.74;-101.12
38513.67;-101.28
38516.60;-101.36
38519.53;-101.12
38522.46;-101.20
38525.39;-101.05
38528.32;-101.05
38531.25;-101.12
38534.18;-101.36
38537.11;-101.28
38540.04;-101.12
38542.97;-101.20
38545.90;-101.36
38548.83;-101.12
38551.76;-101.36
38554.69;-101.44
38557.62;-101.20
38560.55;-101.20
38563.48;-101.28
38566.41;-101.12
38569.34;-101.05
38572.27;-101.05
38575.20;-101.12
38578.13;-101.51
38581.05;-101.20
38583.98;-101.12
38586.91;-101.20
38589.84;-101.12
38592.77;-101.28
38595.70;-101.36
38598.63;-101.36
38601.56;-101.36
38604.49;-101.28
38607.42;-101.51
38610.35;-101.44
38613.28;-101.36
38616.21;-101.05
38619.14;-101.28
38622.07;-101.36
38625.00;-100.97
38627.93;-101.12
38630.86;-101.44
38633.79;-101.28
38636.72;-101.12
38639.65;-101.20
38642.58;-100.97
38645.51;-100.97
38648.44;-100.97
38651.37;-101.20
38654.30;-101.12
38657.23;-101.12
38660.16;-101.05
38663.09;-100.97
38666.02;-101.05
38668.95;-101.36
38671.88;-101.36
38674.80;-101.28
38677.73;-101.36
38680.66;-101.36
38683.59;-100.97
38686.52;-101.28
38689.45;-101.20
38692.38;-101.36
38695.31;-101.36
38698.24;-101.20
38701.17;-101.05
38704.10;-101.05
38707.03;-101.12
38709.96;-101.20
38712.89;-101.28
38715.82;-101.36
38718.75;-101.36
38721.68;-101.28
38724.61;-101.36
38727.54;-101.44
38730.47;-101.36
38733.40;-101.05
38736.33;-101.05
38739.26;-101.20
38742.19;-101.36
38745.12;-101.51
38748.05;-101.44
38750.98;-101.28
38753.91;-101.36
38756.84;-101.20
38759.77;-101.05
38762.70;-101.20
38765.63;-101.12
38768.55;-101.28
38771.48;-101.12
38774.41;-101.05
38777.34;-101.28
38780.27;-101.05
38783.20;-101.12
38786.13;-101.05
38789.06;-100.89
38791.99;-101.20
38794.92;-101.28
38797.85;-101.12
38800.78;-101.05
38803.71;-100.97
38806.64;-101.20
38809.57;-101.28
38812.50;-101.36
38815.43;-101.28
38818.36;-101.44
38821.29;-101.20
38824.22;-101.12
38827.15;-101.20
38830.08;-101.44
38833.01;-101.51
38835.94;-101.36
38838.87;-101.28
38841.80;-101.12
38844.73;-101.12
38847.66;-101.05
38850.59;-100.89
38853.52;-101.12
38856.45;-101.12
38859.38;-101.12
38862.30;-101.36
38865.23;-101.51
38868.16;-101.28
38871.09;-101.12
38874.02;-101.28
38876.95;-101.36
38879.88;-101.59
38882.81;-101.44
38885.74;-101.20
38888.67;-101.28
38891.60;-101.12
38894.53;-100.89
38897.46;-101.12
38900.39;-101.51
38903.32;-101.51
38906.25;-101.44
38909.18;-101.36
38912.11;-101.44
38915.04;-101.05
38917.97;-101.12
38920.90;-101.20
38923.83;-101.12
38926.76;-101.36
38929.69;-101.44
38932.62;-101.20
38935.55;-100.89
38938.48;-100.97
38941.41;-101.44
38944.34;-101.28
38947.27;-101.20
38950.20;-101.20
38953.13;-101.05
38956.05;-101.12
38958.98;-101.12
38961.91;-101.51
38964.84;-101.28
38967.77;-101.05
38970.70;-101.12
38973.63;-101.20
38976.56;-101.12
38979.49;-101.28
38982.42;-100.89
38985.35;-101.05
38988.28;-101.28
38991.21;-101.36
38994.14;-101.20
38997.07;-101.36
39000.00;-101.28
39002.93;-101.28
39005.86;-101.28
39008.79;-101.51
39011.72;-101.28
39014.65;-101.12
39017.58;-101.05
39020.51;-101.12
39023.44;-101.20
39026.37;-101.12
39029.30;-101.20
39032.23;-101.28
39035.16;-101.12
39038.09;-101.12
39041.02;-100.97
39043.95;-100.97
39046.88;-101.12
39049.80;-100.97
39052.73;-100.81
39055.66;-100.97
39058.59;-101.05
39061.52;-101.12
39064.45;-101.20
39067.38;-101.36
39070.31;-101.05
39073.24;-101.20
39076.17;-101.44
39079.10;-101.20
39082.03;-101.05
39084.96;-100.97
39087.89;-101.12
39090.82;-101.05
39093.75;-101.12
39096.68;-101.05
39099.61;-100.89
39102.54;-100.89
39105.47;-100.97
39108.40;-101.05
39111.33;-101.12
39114.26;-101.12
39117.19;-101.20
39120.12;-101.28
39123.05;-101.20
39125.98;-101.12
39128.91;-101.05
39131.84;-101.12
39134.77;-101.28
39137.70;-101.28
39140.63;-101.12
39143.55;-100.81
39146.48;-101.12
39149.41;-101.28
39152.34;-101.28
39155.27;-101.20
39158.20;-101.20
39161.13;-101.05
39164.06;-101.20
39166.99;-101.28
39169.92;-101.05
39172.85;-101.28
39175.78;-101.36
39178.71;-101.36
39181.64;-101.20
39184.57;-100.97
39187.50;-101.12
39190.43;-101.12
39193.36;-101.28
39196.29;-101.36
39199.22;-101.12
39202.15;-100.97
39205.08;-101.05
39208.01;-101.05
39210.94;-100.81
39213.87;-101.12
39216.80;-101.20
39219.73;-101.20
39222.66;-101.05
39225.59;-100.89
39228.52;-101.20
39231.45;-101.44
39234.38;-101.20
39237.30;-101.12
39240.23;-101.36
39243.16;-101.12
39246.09;-101.20
39249.02;-101.28
39251.95;-101.20
39254.88;-101.12
39257.81;-101.12
39260.74;-101.12
39263.67;-100.89
39266.60;-101.12
39269.53;-101.36
39272.46;-101.12
39275.39;-101.05
39278.32;-100.97
39281.25;-101.20
39284.18;-101.36
39287.11;-101.12
39290.04;-101.20
39292.97;-101.28
39295.90;-101.05
39298.83;-100.97
39301.76;-101.05
39304.69;-101.28
39307.62;-101.20
39310.55;-101.28
39313.48;-101.44
39316.41;-101.44
39319.34;-101.28
39322.27;-100.97
39325.20;-100.73
39328.13;-100.97
39331.05;-101.12
39333.98;-101.20
39336.91;-101.05
39339.84;-101.12
39342.77;-101.05
39345.70;-100.97
39348.63;-101.12
39351.56;-101.20
39354.49;-101.36
39357.42;-101.12
39360.35;-101.05
39363.28;-100.97
39366.21;-101.05
39369.14;-101.05
39372.07;-101.05
39375.00;-101.20
39377.93;-101.28
39380.86;-101.28
39383.79;-101.28
39386.72;-101.36
39389.65;-101.51
39392.58;-101.28
39395.51;-101.44
39398.44;-101.51
39401.37;-101.36
39404.30;-101.36
39407.23;-101.51
39410.16;-101.67
39413.09;-101.59
39416.02;-101.51
39418.95;-101.44
39421.88;-101.28
39424.80;-101.51
39427.73;-101.28
39430.66;-101.12
39433.59;-100.89
39436.52;-100.89
39439.45;-101.20
39442.38;-101.28
39445.31;-101.28
39448.24;-101.12
39451.17;-100.81
39454.10;-100.50
39457.03;-100.73
39459.96;-101.20
39462.89;-101.28
39465.82;-101.12
39468.75;-101.05
39471.68;-100.97
39474.61;-101.05
39477.54;-101.12
39480.47;-100.97
39483.40;-101.20
39486.33;-101.51
39489.26;-101.05
39492.19;-100.89
39495.12;-101.20
39498.05;-101.05
39500.98;-101.05
39503.91;-100.97
39506.84;-101.05
39509.77;-101.20
39512.70;-101.20
39515.63;-101.28
39518.55;-100.89
39521.48;-100.65
39524.41;-101.05
39527.34;-101.12
39530.27;-100.81
39533.20;-101.12
39536.13;-101.44
39539.06;-101.36
39541.99;-101.05
39544.92;-101.12
39547.85;-101.20
39550.78;-101.36
39553.71;-101.36
39556.64;-101.28
39559.57;-101.28
39562.50;-101.05
39565.43;-100.97
39568.36;-101.28
39571.29;-101.12
39574.22;-101.12
39577.15;-101.36
39580.08;-101.36
39583.01;-101.12
39585.94;-101.05
39588.87;-101.05
39591.80;-101.20
39594.73;-101.12
39597.66;-101.12
39600.59;-101.28
39603.52;-101.44
39606.45;-101.05
39609.38;-100.89
39612.30;-100.81
39615.23;-100.89
39618.16;-101.28
39621.09;-101.28
39624.02;-101.44
39626.95;-101.20
39629.88;-101.28
39632.81;-101.12
39635.74;-101.20
39638.67;-101.28
39641.60;-101.12
39644.53;-100.89
39647.46;-101.12
39650.39;-101.20
39653.32;-100.97
39656.25;-101.12
39659.18;-101.05
39662.11;-101.05
39665.04;-101.28
39667.97;-101.36
39670.90;-101.20
39673.83;-101.28
39676.76;-101.12
39679.69;-100.97
39682.62;-100.73
39685.55;-100.81
39688.48;-101.20
39691.41;-101.28
39694.34;-101.20
39697.27;-100.97
39700.20;-101.12
39703.13;-101.12
39706.05;-101.20
39708.98;-100.97
39711.91;-100.81
39714.84;-100.97
39717.77;-101.12
39720.70;-101.12
39723.63;-101.12
39726.56;-101.28
39729.49;-101.12
39732.42;-100.97
39735.35;-101.05
39738.28;-100.97
39741.21;-100.89
39744.14;-100.89
39747.07;-101.12
39750.00;-101.12
39752.93;-101.20
39755.86;-101.28
39758.79;-101.12
39761.72;-101.12
39764.65;-101.36
39767.58;-100.97
39770.51;-100.81
39773.44;-101.12
39776.37;-101.28
39779.30;-101.28
39782.23;-100.97
39785.16;-101.05
39788.09;-100.89
39791.02;-100.89
39793.95;-100.89
39796.88;-100.81
39799.80;-100.89
39802.73;-100.97
39805.66;-101.05
39808.59;-101.20
39811.52;-101.36
39814.45;-100.97
39817.38;-100.81
39820.31;-101.20
39823.24;-101.12
39826.17;-100.97
39829.10;-100.89
39832.03;-101.12
39834.96;-101.12
39837.89;-101.05
39840.82;-100.97
39843.75;-100.97
39846.68;-100.97
39849.61;-100.81
39852.54;-101.12
39855.47;-101.05
39858.40;-100.81
39861.33;-100.89
39864.26;-101.20
39867.19;-101.44
39870.12;-101.28
39873.05;-101.20
39875.98;-100.97
39878.91;-100.97
39881.84;-101.12
39884.77;-100.97
39887.70;-100.89
39890.63;-101.12
39893.55;-101.05
39896.48;-100.97
39899.41;-101.05
39902.34;-101.51
39905.27;-101.51
39908.20;-101.28
39911.13;-101.05
39914.06;-101.28
39916.99;-101.12
39919.92;-100.81
39922.85;-100.89
39925.78;-100.81
39928.71;-100.89
39931.64;-101.05
39934.57;-101.12
39937.50;-101.05
39940.43;-101.05
39943.36;-101.28
39946.29;-101.28
39949.22;-100.73
39952.15;-100.97
39955.08;-101.20
39958.01;-101.12
39960.94;-101.20
39963.87;-101.51
39966.80;-101.36
39969.73;-101.20
39972.66;-101.20
39975.59;-100.81
39978.52;-101.20
39981.45;-101.28
39984.38;-101.12
39987.30;-101.05
39990.23;-101.20
39993.16;-101.20
39996.09;-101.05
39999.02;-100.50
40001.95;-100.50
40004.88;-100.97
40007.81;-101.12
40010.74;-101.36
40013.67;-101.12
40016.60;-101.05
40019.53;-100.97
40022.46;-100.97
40025.39;-100.89
40028.32;-100.97
40031.25;-101.20
40034.18;-101.12
40037.11;-100.97
40040.04;-101.05
40042.97;-101.05
40045.90;-101.20
40048.83;-101.12
40051.76;-101.12
40054.69;-101.20
40057.62;-101.05
40060.55;-101.12
40063.48;-101.05
40066.41;-101.05
40069.34;-101.20
40072.27;-101.28
40075.20;-100.89
40078.13;-101.05
40081.05;-101.20
40083.98;-101.05
40086.91;-100.97
40089.84;-100.97
40092.77;-100.89
40095.70;-101.36
40098.63;-101.28
40101.56;-101.12
40104.49;-101.12
40107.42;-101.20
40110.35;-101.05
40113.28;-101.05
40116.21;-100.97
40119.14;-101.20
40122.07;-101.20
40125.00;-101.05
40127.93;-101.05
40130.86;-101.20
40133.79;-101.20
40136.72;-101.20
40139.65;-101.28
40142.58;-101.28
40145.51;-101.20
40148.44;-101.05
40151.37;-101.20
40154.30;-100.89
40157.23;-100.97
40160.16;-101.05
40163.09;-101.05
40166.02;-100.97
40168.95;-100.97
40171.88;-101.20
40174.80;-101.12
40177.73;-101.12
40180.66;-101.12
40183.59;-101.12
40186.52;-101.12
40189.45;-101.12
40192.38;-100.89
40195.31;-101.12
40198.24;-101.20
40201.17;-101.28
40204.10;-101.36
40207.03;-100.81
40209.96;-100.97
40212.89;-101.28
40215.82;-101.36
40218.75;-101.20
40221.68;-101.28
40224.61;-101.05
40227.54;-101.12
40230.47;-100.89
40233.40;-101.05
40236.33;-101.05
40239.26;-101.20
40242.19;-101.36
40245.12;-101.12
40248.05;-101.12
40250.98;-101.44
40253.91;-100.89
40256.84;-100.89
40259.77;-100.73
40262.70;-101.05
40265.63;-101.20
40268.55;-100.97
40271.48;-100.97
40274.41;-101.28
40277.34;-101.20
40280.27;-101.05
40283.20;-101.28
40286.13;-101.36
40289.06;-101.36
40291.99;-101.44
40294.92;-101.36
40297.85;-101.12
40300.78;-101.05
40303.71;-100.58
40306.64;-100.81
40309.57;-100.97
40312.50;-100.89
40315.43;-101.05
40318.36;-101.20
40321.29;-101.20
40324.22;-101.05
40327.15;-101.20
40330.08;-101.36
40333.01;-101.12
40335.94;-101.12
40338.87;-101.20
40341.80;-101.20
40344.73;-101.05
40347.66;-101.20
40350.59;-101.36
40353.52;-100.97
40356.45;-100.73
40359.38;-100.73
40362.30;-100.97
40365.23;-101.12
40368.16;-100.97
40371.09;-100.97
40374.02;-101.44
40376.95;-101.51
40379.88;-101.28
40382.81;-101.12
40385.74;-101.28
40388.67;-101.20
40391.60;-101.05
40394.53;-101.12
40397.46;-101.20
40400.39;-101.12
40403.32;-101.05
40406.25;-101.12
40409.18;-101.05
40412.11;-101.12
40415.04;-101.28
40417.97;-101.12
40420.90;-100.89
40423.83;-101.12
40426.76;-101.20
40429.69;-101.36
40432.62;-101.44
40435.55;-101.05
40438.48;-101.12
40441.41;-101.20
40444.34;-101.20
40447.27;-101.12
40450.20;-101.20
40453.13;-101.20
40456.05;-101.20
40458.98;-101.20
40461.91;-100.97
40464.84;-100.81
40467.77;-100.97
40470.70;-101.12
40473.63;-101.05
40476.56;-101.12
40479.49;-101.05
40482.42;-101.20
40485.35;-101.12
40488.28;-101.05
40491.21;-100.89
40494.14;-100.97
40497.07;-101.05
40500.00;-100.81
40502.93;-100.73
40505.86;-100.89
40508.79;-100.89
40511.72;-101.28
40514.65;-101.36
40517.58;-101.05
40520.51;-101.12
40523.44;-101.28
40526.37;-101.20
40529.30;-101.05
40532.23;-100.81
40535.16;-100.73
40538.09;-100.81
40541.02;-101.20
40543.95;-101.12
40546.88;-101.05
40549.80;-101.12
40552.73;-101.28
40555.66;-101.20
40558.59;-101.28
40561.52;-101.12
40564.45;-101.12
40567.38;-101.05
40570.31;-101.05
40573.24;-101.28
40576.17;-101.44
40579.10;-101.28
40582.03;-100.89
40584.96;-100.73
40587.89;-100.89
40590.82;-100.81
40593.75;-100.97
40596.68;-101.12
40599.61;-101.20
40602.54;-101.28
40605.47;-101.44
40608.40;-101.28
40611.33;-101.05
40614.26;-100.89
40617.19;-101.05
40620.12;-101.12
40623.05;-100.89
40625.98;-100.89
40628.91;-100.81
40631.84;-101.05
40634.77;-100.97
40637.70;-100.73
40640.63;-100.81
40643.55;-100.97
40646.48;-101.12
40649.41;-101.20
40652.34;-100.89
40655.27;-101.05
40658.20;-101.28
40661.13;-101.05
40664.06;-100.97
40666.99;-101.20
40669.92;-101.28
40672.85;-101.05
40675.78;-100.97
40678.71;-100.97
40681.64;-101.20
40684.57;-101.20
40687.50;-101.05
40690.43;-100.97
40693.36;-100.81
40696.29;-100.58
40699.22;-100.89
40702.15;-101.20
40705.08;-101.05
40708.01;-101.05
40710.94;-101.12
40713.87;-101.36
40716.80;-100.97
40719.73;-100.89
40722.66;-101.20
40725.59;-101.12
40728.52;-101.12
40731.45;-100.89
40734.38;-100.81
40737.30;-101.28
40740.23;-101.20
40743.16;-100.97
40746.09;-100.89
40749.02;-101.12
40751.95;-101.20
40754.88;-101.05
40757.81;-101.12
40760.74;-101.28
40763.67;-100.97
40766.60;-100.65
40769.53;-100.81
40772.46;-100.97
40775.39;-100.89
40778.32;-101.12
40781.25;-101.20
40784.18;-101.12
40787.11;-101.28
40790.04;-100.97
40792.97;-100.81
40795.90;-100.89
40798.83;-100.89
40801.76;-100.89
40804.69;-101.05
40807.62;-101.20
40810.55;-100.97
40813.48;-101.12
40816.41;-101.20
40819.34;-101.12
40822.27;-101.20
40825.20;-100.97
40828.13;-100.81
40831.05;-100.81
40833.98;-100.89
40836.91;-100.81
40839.84;-100.97
40842.77;-101.28
40845.70;-101.20
40848.63;-101.12
40851.56;-101.05
40854.49;-100.97
40857.42;-100.65
40860.35;-100.81
40863.28;-101.28
40866.21;-101.12
40869.14;-101.12
40872.07;-101.20
40875.00;-101.05
40877.93;-100.89
40880.86;-100.89
40883.79;-100.97
40886.72;-101.05
40889.65;-100.89
40892.58;-100.50
40895.51;-101.05
40898.44;-101.05
40901.37;-100.81
40904.30;-100.81
40907.23;-101.05
40910.16;-101.28
40913.09;-101.05
40916.02;-100.89
40918.95;-100.65
40921.88;-100.81
40924.80;-101.20
40927.73;-101.20
40930.66;-101.12
40933.59;-101.05
40936.52;-100.97
40939.45;-100.89
40942.38;-101.05
40945.31;-101.12
40948.24;-101.05
40951.17;-100.81
40954.10;-100.73
40957.03;-100.97
40959.96;-101.20
40962.89;-100.97
40965.82;-100.89
40968.75;-101.12
40971.68;-100.81
40974.61;-100.73
40977.54;-100.97
40980.47;-100.73
40983.40;-100.89
40986.33;-101.05
40989.26;-100.73
40992.19;-100.89
40995.12;-101.20
40998.05;-100.81
41000.98;-100.89
41003.91;-101.05
41006.84;-101.12
41009.77;-101.05
41012.70;-101.12
41015.63;-101.20
41018.55;-100.81
41021.48;-100.73
41024.41;-100.73
41027.34;-100.81
41030.27;-101.20
41033.20;-101.36
41036.13;-101.12
41039.06;-100.81
41041.99;-101.05
41044.92;-100.97
41047.85;-100.89
41050.78;-100.89
41053.71;-101.28
41056.64;-101.12
41059.57;-100.97
41062.50;-100.73
41065.43;-100.73
41068.36;-100.89
41071.29;-100.89
41074.22;-101.12
41077.15;-101.05
41080.08;-100.97
41083.01;-100.97
41085.94;-100.97
41088.87;-100.81
41091.80;-100.81
41094.73;-100.81
41097.66;-100.81
41100.59;-100.81
41103.52;-100.81
41106.45;-100.81
41109.38;-101.05
41112.30;-101.12
41115.23;-101.12
41118.16;-100.97
41121.09;-101.05
41124.02;-101.20
41126.95;-101.12
41129.88;-100.89
41132.81;-100.89
41135.74;-100.97
41138.67;-100.97
41141.60;-101.05
41144.53;-100.97
41147.46;-100.81
41150.39;-100.73
41153.32;-100.97
41156.25;-100.97
41159.18;-100.89
41162.11;-101.12
41165.04;-101.05
41167.97;-100.97
41170.90;-100.97
41173.83;-100.89
41176.76;-100.81
41179.69;-100.97
41182.62;-100.97
41185.55;-100.73
41188.48;-100.73
41191.41;-100.89
41194.34;-100.97
41197.27;-101.20
41200.20;-100.81
41203.13;-100.97
41206.05;-101.12
41208.98;-100.97
41211.91;-100.89
41214.84;-100.81
41217.77;-100.97
41220.70;-100.89
41223.63;-100.89
41226.56;-100.97
41229.49;-101.05
41232.42;-100.81
41235.35;-100.58
41238.28;-100.97
41241.21;-100.97
41244.14;-100.81
41247.07;-101.05
41250.00;-101.05
41252.93;-101.05
41255.86;-101.05
41258.79;-101.05
41261.72;-100.81
41264.65;-100.89
41267.58;-101.12
41270.51;-101.12
41273.44;-101.20
41276.37;-100.97
41279.30;-100.73
41282.23;-100.97
41285.16;-100.97
41288.09;-100.89
41291.02;-101.05
41293.95;-101.20
41296.88;-100.89
41299.80;-100.97
41302.73;-101.05
41305.66;-101.12
41308.59;-100.97
41311.52;-100.89
41314.45;-100.89
41317.38;-100.97
41320.31;-100.89
41323.24;-100.65
41326.17;-101.12
41329.10;-100.97
41332.03;-101.20
41334.96;-101.05
41337.89;-101.05
41340.82;-100.97
41343.75;-100.81
41346.68;-100.89
41349.61;-100.81
41352.54;-100.89
41355.47;-100.73
41358.40;-100.89
41361.33;-100.81
41364.26;-100.65
41367.19;-100.58
41370.12;-100.81
41373.05;-100.89
41375.98;-101.05
41378.91;-101.36
41381.84;-101.12
41384.77;-101.12
41387.70;-101.20
41390.63;-101.12
41393.55;-101.20
41396.48;-101.05
41399.41;-100.97
41402.34;-100.81
41405.27;-100.73
41408.20;-100.89
41411.13;-100.97
41414.06;-100.97
41416.99;-100.73
41419.92;-100.89
41422.85;-101.05
41425.78;-100.97
41428.71;-101.12
41431.64;-101.28
41434.57;-101.28
41437.50;-101.12
41440.43;-100.97
41443.36;-100.73
41446.29;-100.81
41449.22;-100.89
41452.15;-100.89
41455.08;-100.89
41458.01;-101.12
41460.94;-100.97
41463.87;-100.97
41466.80;-101.20
41469.73;-100.97
41472.66;-100.81
41475.59;-101.20
41478.52;-101.20
41481.45;-101.05
41484.38;-100.97
41487.30;-100.73
41490.23;-100.89
41493.16;-100.73
41496.09;-101.05
41499.02;-100.81
41501.95;-100.97
41504.88;-100.97
41507.81;-101.28
41510.74;-101.51
41513.67;-100.81
41516.60;-101.05
41519.53;-101.20
41522.46;-100.97
41525.39;-100.89
41528.32;-100.89
41531.25;-100.97
41534.18;-100.97
41537.11;-101.12
41540.04;-100.97
41542.97;-101.12
41545.90;-101.20
41548.83;-100.97
41551.76;-100.97
41554.69;-100.81
41557.62;-100.97
41560.55;-100.97
41563.48;-100.89
41566.41;-100.89
41569.34;-100.73
41572.27;-101.12
41575.20;-101.28
41578.13;-101.36
41581.05;-101.05
41583.98;-100.89
41586.91;-100.97
41589.84;-101.20
41592.77;-101.05
41595.70;-100.97
41598.63;-100.97
41601.56;-100.97
41604.49;-101.05
41607.42;-101.05
41610.35;-101.05
41613.28;-100.97
41616.21;-100.89
41619.14;-100.81
41622.07;-100.81
41625.00;-100.97
41627.93;-101.05
41630.86;-100.97
41633.79;-100.81
41636.72;-101.05
41639.65;-100.97
41642.58;-101.05
41645.51;-100.89
41648.44;-100.89
41651.37;-100.97
41654.30;-101.12
41657.23;-100.97
41660.16;-100.81
41663.09;-100.65
41666.02;-100.58
41668.95;-100.89
41671.88;-100.97
41674.80;-101.05
41677.73;-100.81
41680.66;-100.97
41683.59;-100.97
41686.52;-100.81
41689.45;-100.81
41692.38;-100.81
41695.31;-100.89
41698.24;-100.81
41701.17;-101.12
41704.10;-100.97
41707.03;-100.81
41709.96;-101.05
41712.89;-101.12
41715.82;-100.97
41718.75;-101.12
41721.68;-101.12
41724.61;-100.97
41727.54;-100.89
41730.47;-100.81
41733.40;-100.81
41736.33;-100.97
41739.26;-101.05
41742.19;-101.20
41745.12;-101.05
41748.05;-101.05
41750.98;-100.97
41753.91;-101.05
41756.84;-101.12
41759.77;-100.97
41762.70;-100.89
41765.63;-100.73
41768.55;-100.89
41771.48;-100.81
41774.41;-101.05
41777.34;-101.12
41780.27;-101.05
41783.20;-101.20
41786.13;-100.97
41789.06;-100.81
41791.99;-100.81
41794.92;-100.89
41797.85;-100.89
41800.78;-100.81
41803.71;-101.05
41806.64;-101.12
41809.57;-101.12
41812.50;-101.12
41815.43;-101.05
41818.36;-101.05
41821.29;-101.05
41824.22;-100.89
41827.15;-100.89
41830.08;-100.81
41833.01;-100.65
41835.94;-100.97
41838.87;-101.20
41841.80;-101.05
41844.73;-100.97
41847.66;-101.05
41850.59;-100.89
41853.52;-100.97
41856.45;-100.97
41859.38;-101.05
41862.30;-100.97
41865.23;-100.89
41868.16;-101.05
41871.09;-101.05
41874.02;-101.12
41876.95;-101.05
41879.88;-100.89
41882.81;-101.05
41885.74;-101.12
41888.67;-100.89
41891.60;-100.89
41894.53;-100.81
41897.46;-100.81
41900.39;-100.97
41903.32;-101.20
41906.25;-101.05
41909.18;-100.81
41912.11;-101.12
41915.04;-100.81
41917.97;-100.73
41920.90;-100.65
41923.83;-100.81
41926.76;-101.20
41929.69;-101.12
41932.62;-100.89
41935.55;-100.89
41938.48;-100.73
41941.41;-100.89
41944.34;-100.97
41947.27;-101.12
41950.20;-100.97
41953.13;-100.89
41956.05;-100.65
41958.98;-100.81
41961.91;-101.05
41964.84;-101.05
41967.77;-101.28
41970.70;-101.12
41973.63;-101.05
41976.56;-100.97
41979.49;-100.81
41982.42;-100.73
41985.35;-100.73
41988.28;-100.89
41991.21;-101.12
41994.14;-101.05
41997.07;-101.20
42000.00;-101.20
42002.93;-101.05
42005.86;-100.89
42008.79;-100.73
42011.72;-100.73
42014.65;-100.81
42017.58;-100.97
42020.51;-101.05
42023.44;-100.89
42026.37;-101.12
42029.30;-101.20
42032.23;-101.12
42035.16;-100.73
42038.09;-100.81
42041.02;-101.12
42043.95;-101.20
42046.88;-100.81
42049.80;-100.81
42052.73;-100.89
42055.66;-101.12
42058.59;-101.12
42061.52;-101.12
42064.45;-101.20
42067.38;-100.89
42070.31;-100.81
42073.24;-101.12
42076.17;-100.89
42079.10;-100.81
42082.03;-100.73
42084.96;-100.58
42087.89;-100.89
42090.82;-100.81
42093.75;-100.65
42096.68;-100.73
42099.61;-100.81
42102.54;-100.81
42105.47;-100.97
42108.40;-100.97
42111.33;-100.89
42114.26;-100.89
42117.19;-100.89
42120.12;-101.12
42123.05;-100.97
42125.98;-100.81
42128.91;-100.73
42131.84;-100.89
42134.77;-101.05
42137.70;-101.12
42140.63;-101.20
42143.55;-100.89
42146.48;-100.97
42149.41;-100.89
42152.34;-100.65
42155.27;-101.12
42158.20;-101.20
42161.13;-101.12
42164.06;-100.97
42166.99;-101.05
42169.92;-101.05
42172.85;-100.97
42175.78;-100.97
42178.71;-100.65
42181.64;-100.89
42184.57;-100.81
42187.50;-100.89
42190.43;-100.81
42193.36;-100.73
42196.29;-100.73
42199.22;-101.05
42202.15;-100.97
42205.08;-100.81
42208.01;-100.89
42210.94;-101.12
42213.87;-101.20
42216.80;-101.36
42219.73;-100.97
42222.66;-100.58
42225.59;-100.97
42228.52;-101.12
42231.45;-101.05
42234.38;-100.89
42237.30;-100.73
42240.23;-100.73
42243.16;-101.12
42246.09;-100.97
42249.02;-100.97
42251.95;-100.97
42254.88;-100.73
42257.81;-100.73
42260.74;-100.81
42263.67;-100.81
42266.60;-100.73
42269.53;-100.65
42272.46;-100.65
42275.39;-100.73
42278.32;-101.05
42281.25;-101.20
42284.18;-101.28
42287.11;-100.89
42290.04;-100.58
42292.97;-100.65
42295.90;-100.97
42298.83;-100.58
42301.76;-100.58
42304.69;-100.89
42307.62;-101.05
42310.55;-100.97
42313.48;-100.89
42316.41;-100.89
42319.34;-101.12
42322.27;-101.12
42325.20;-100.89
42328.13;-100.89
42331.05;-101.05
42333.98;-100.89
42336.91;-100.81
42339.84;-100.73
42342.77;-100.73
42345.70;-100.50
42348.63;-100.65
42351.56;-100.97
42354.49;-100.97
42357.42;-100.81
42360.35;-100.65
42363.28;-100.81
42366.21;-100.81
42369.14;-100.73
42372.07;-100.65
42375.00;-100.58
42377.93;-100.89
42380.86;-100.89
42383.79;-100.97
42386.72;-101.20
42389.65;-101.12
42392.58;-100.97
42395.51;-100.89
42398.44;-100.89
42401.37;-100.73
42404.30;-100.65
42407.23;-100.81
42410.16;-100.81
42413.09;-100.89
42416.02;-101.05
42418.95;-101.12
42421.88;-101.05
42424.80;-101.05
42427.73;-101.05
42430.66;-100.97
42433.59;-100.97
42436.52;-100.89
42439.45;-100.65
42442.38;-100.58
42445.31;-100.73
42448.24;-100.89
42451.17;-100.65
42454.10;-100.81
42457.03;-100.97
42459.96;-100.81
42462.89;-100.73
42465.82;-100.81
42468.75;-100.50
42471.68;-100.73
42474.61;-100.89
42477.54;-100.97
42480.47;-100.89
42483.40;-100.89
42486.33;-100.81
42489.26;-100.73
42492.19;-100.73
42495.12;-101.12
42498.05;-100.97
42500.98;-100.81
42503.91;-100.81
42506.84;-100.89
42509.77;-100.97
42512.70;-101.12
42515.63;-100.97
42518.55;-100.73
42521.48;-100.73
42524.41;-101.05
42527.34;-101.05
42530.27;-100.81
42533.20;-100.81
42536.13;-100.81
42539.06;-100.50
42541.99;-100.65
42544.92;-100.58
42547.85;-100.58
42550.78;-100.73
42553.71;-100.73
42556.64;-100.65
42559.57;-100.65
42562.50;-100.65
42565.43;-100.73
42568.36;-100.81
42571.29;-100.81
42574.22;-100.58
42577.15;-100.58
42580.08;-100.65
42583.01;-100.81
42585.94;-100.97
42588.87;-100.58
42591.80;-100.65
42594.73;-100.73
42597.66;-100.50
42600.59;-100.73
42603.52;-101.05
42606.45;-100.89
42609.38;-100.73
42612.30;-100.73
42615.23;-100.73
42618.16;-100.81
42621.09;-100.97
42624.02;-101.28
42626.95;-101.12
42629.88;-100.81
42632.81;-100.81
42635.74;-100.73
42638.67;-101.05
42641.60;-100.97
42644.53;-101.12
42647.46;-101.05
42650.39;-100.81
42653.32;-101.12
42656.25;-100.81
42659.18;-100.58
42662.11;-100.81
42665.04;-100.97
42667.97;-100.65
42670.90;-100.89
42673.83;-100.81
42676.76;-100.65
42679.69;-100.81
42682.62;-100.73
42685.55;-100.89
42688.48;-101.05
42691.41;-101.12
42694.34;-100.89
42697.27;-101.12
42700.20;-100.97
42703.13;-100.73
42706.05;-100.89
42708.98;-101.05
42711.91;-100.89
42714.84;-100.81
42717.77;-100.73
42720.70;-100.65
42723.63;-100.73
42726.56;-100.73
42729.49;-100.81
42732.42;-100.89
42735.35;-100.73
42738.28;-100.73
42741.21;-100.65
42744.14;-100.65
42747.07;-100.97
42750.00;-100.73
42752.93;-100.65
42755.86;-100.65
42758.79;-100.81
42761.72;-100.97
42764.65;-100.73
42767.58;-100.89
42770.51;-100.97
42773.44;-100.81
42776.37;-100.81
42779.30;-101.05
42782.23;-100.97
42785.16;-100.73
42788.09;-100.73
42791.02;-100.97
42793.95;-100.89
42796.88;-100.65
42799.80;-100.58
42802.73;-100.81
42805.66;-101.05
42808.59;-100.97
42811.52;-100.58
42814.45;-100.65
42817.38;-100.81
42820.31;-100.73
42823.24;-100.81
42826.17;-100.89
42829.10;-100.50
42832.03;-100.65
42834.96;-100.73
42837.89;-101.05
42840.82;-100.89
42843.75;-100.65
42846.68;-100.65
42849.61;-100.89
42852.54;-100.97
42855.47;-101.12
42858.40;-100.81
42861.33;-100.89
42864.26;-100.89
42867.19;-100.81
42870.12;-100.81
42873.05;-100.97
42875.98;-100.73
42878.91;-100.89
42881.84;-100.89
42884.77;-100.81
42887.70;-100.97
42890.63;-100.81
42893.55;-100.50
42896.48;-100.58
42899.41;-100.58
42902.34;-100.81
42905.27;-101.05
42908.20;-100.65
42911.13;-100.58
42914.06;-100.97
42916.99;-100.73
42919.92;-100.81
42922.85;-100.65
42925.78;-100.65
42928.71;-100.65
42931.64;-100.81
42934.57;-100.97
42937.50;-100.89
42940.43;-100.81
42943.36;-101.12
42946.29;-100.97
42949.22;-100.89
42952.15;-100.73
42955.08;-100.58
42958.01;-100.58
42960.94;-100.73
42963.87;-100.97
42966.80;-100.89
42969.73;-100.81
42972.66;-100.50
42975.59;-100.73
42978.52;-100.73
42981.45;-100.81
42984.38;-100.65
42987.30;-100.97
42990.23;-100.97
42993.16;-100.97
42996.09;-101.05
42999.02;-100.89
43001.95;-100.65
43004.88;-100.73
43007.81;-100.97
43010.74;-100.65
43013.67;-100.81
43016.60;-101.05
43019.53;-100.89
43022.46;-100.73
43025.39;-100.50
43028.32;-100.73
43031.25;-100.58
43034.18;-100.73
43037.11;-100.81
43040.04;-100.81
43042.97;-100.97
43045.90;-100.97
43048.83;-100.81
43051.76;-100.73
43054.69;-100.81
43057.62;-100.73
43060.55;-100.73
43063.48;-100.73
43066.41;-101.12
43069.34;-100.97
43072.27;-101.05
43075.20;-101.05
43078.13;-100.73
43081.05;-100.81
43083.98;-100.73
43086.91;-100.73
43089.84;-100.65
43092.77;-100.42
43095.70;-100.58
43098.63;-100.81
43101.56;-100.97
43104.49;-100.89
43107.42;-100.81
43110.35;-100.73
43113.28;-100.65
43116.21;-100.73
43119.14;-100.58
43122.07;-100.58
43125.00;-100.89
43127.93;-100.81
43130.86;-100.73
43133.79;-100.58
43136.72;-100.81
43139.65;-100.89
43142.58;-100.73
43145.51;-100.73
43148.44;-100.97
43151.37;-100.81
43154.30;-100.65
43157.23;-100.73
43160.16;-100.97
43163.09;-100.73
43166.02;-100.50
43168.95;-100.81
43171.88;-100.81
43174.80;-100.50
43177.73;-100.65
43180.66;-101.12
43183.59;-100.81
43186.52;-100.73
43189.45;-100.73
43192.38;-100.73
43195.31;-100.89
43198.24;-100.81
43201.17;-100.89
43204.10;-100.73
43207.03;-100.65
43209.96;-100.81
43212.89;-100.73
43215.82;-100.65
43218.75;-100.89
43221.68;-100.89
43224.61;-101.05
43227.54;-101.05
43230.47;-100.50
43233.40;-100.58
43236.33;-100.65
43239.26;-100.58
43242.19;-100.65
43245.12;-100.73
43248.05;-100.81
43250.98;-100.89
43253.91;-100.73
43256.84;-100.65
43259.77;-100.89
43262.70;-100.81
43265.63;-100.89
43268.55;-100.81
43271.48;-100.81
43274.41;-100.81
43277.34;-100.73
43280.27;-100.65
43283.20;-100.81
43286.13;-100.65
43289.06;-100.81
43291.99;-100.97
43294.92;-101.20
43297.85;-100.97
43300.78;-100.89
43303.71;-100.97
43306.64;-101.05
43309.57;-100.81
43312.50;-100.58
43315.43;-100.73
43318.36;-100.65
43321.29;-100.50
43324.22;-100.73
43327.15;-100.73
43330.08;-100.81
43333.01;-100.97
43335.94;-100.89
43338.87;-100.65
43341.80;-100.58
43344.73;-100.73
43347.66;-100.58
43350.59;-100.89
43353.52;-100.97
43356.45;-100.65
43359.38;-100.50
43362.30;-100.50
43365.23;-100.50
43368.16;-100.50
43371.09;-100.42
43374.02;-100.65
43376.95;-100.81
43379.88;-101.05
43382.81;-100.81
43385.74;-100.81
43388.67;-100.58
43391.60;-100.65
43394.53;-100.81
43397.46;-100.89
43400.39;-100.65
43403.32;-100.81
43406.25;-100.73
43409.18;-100.73
43412.11;-100.81
43415.04;-100.73
43417.97;-100.73
43420.90;-100.89
43423.83;-100.65
43426.76;-100.73
43429.69;-100.89
43432.62;-100.50
43435.55;-100.73
43438.48;-100.73
43441.41;-100.81
43444.34;-100.73
43447.27;-100.81
43450.20;-100.58
43453.13;-100.73
43456.05;-101.12
43458.98;-100.97
43461.91;-100.58
43464.84;-100.65
43467.77;-100.89
43470.70;-100.81
43473.63;-100.73
43476.56;-100.58
43479.49;-100.73
43482.42;-100.81
43485.35;-100.65
43488.28;-100.65
43491.21;-100.65
43494.14;-100.81
43497.07;-100.81
43500.00;-100.81
43502.93;-100.73
43505.86;-100.97
43508.79;-101.05
43511.72;-100.81
43514.65;-100.50
43517.58;-100.81
43520.51;-100.97
43523.44;-101.12
43526.37;-101.12
43529.30;-100.81
43532.23;-100.58
43535.16;-100.65
43538.09;-101.05
43541.02;-101.05
43543.95;-100.73
43546.88;-100.58
43549.80;-100.81
43552.73;-100.73
43555.66;-100.50
43558.59;-100.65
43561.52;-100.81
43564.45;-100.81
43567.38;-101.12
43570.31;-100.89
43573.24;-100.89
43576.17;-100.89
43579.10;-100.89
43582.03;-100.97
43584.96;-100.81
43587.89;-100.73
43590.82;-100.81
43593.75;-100.89
43596.68;-100.65
43599.61;-100.42
43602.54;-100.19
43605.47;-100.50
43608.40;-100.97
43611.33;-100.97
43614.26;-100.73
43617.19;-100.42
43620.12;-100.42
43623.05;-100.58
43625.98;-100.81
43628.91;-100.97
43631.84;-100.89
43634.77;-100.65
43637.70;-100.73
43640.63;-100.73
43643.55;-100.73
43646.48;-100.81
43649.41;-100.58
43652.34;-100.42
43655.27;-100.50
43658.20;-100.58
43661.13;-100.58
43664.06;-100.89
43666.99;-100.97
43669.92;-100.81
43672.85;-100.81
43675.78;-100.89
43678.71;-100.89
43681.64;-100.73
43684.57;-100.89
43687.50;-100.89
43690.43;-100.58
43693.36;-100.42
43696.29;-100.42
43699.22;-100.81
43702.15;-101.05
43705.08;-100.81
43708.01;-100.58
43710.94;-100.50
43713.87;-100.42
43716.80;-100.50
43719.73;-100.58
43722.66;-100.58
43725.59;-100.81
43728.52;-100.73
43731.45;-100.34
43734.38;-100.58
43737.30;-100.73
43740.23;-100.81
43743.16;-100.65
43746.09;-100.50
43749.02;-100.97
43751.95;-100.97
43754.88;-100.58
43757.81;-100.89
43760.74;-101.05
43763.67;-100.97
43766.60;-100.97
43769.53;-101.20
43772.46;-101.12
43775.39;-100.58
43778.32;-100.81
43781.25;-100.89
43784.18;-100.97
43787.11;-100.58
43790.04;-100.58
43792.97;-100.58
43795.90;-100.50
43798.83;-100.26
43801.76;-100.81
43804.69;-101.05
43807.62;-100.65
43810.55;-100.73
43813.48;-100.97
43816.41;-100.97
43819.34;-100.73
43822.27;-100.73
43825.20;-100.50
43828.13;-100.42
43831.05;-100.58
43833.98;-100.50
43836.91;-100.65
43839.84;-100.65
43842.77;-100.89
43845.70;-100.73
43848.63;-100.81
43851.56;-100.89
43854.49;-100.50
43857.42;-100.65
43860.35;-100.81
43863.28;-100.81
43866.21;-101.05
43869.14;-100.97
43872.07;-100.81
43875.00;-100.81
43877.93;-100.65
43880.86;-100.50
43883.79;-100.65
43886.72;-100.73
43889.65;-100.65
43892.58;-100.81
43895.51;-100.65
43898.44;-100.65
43901.37;-100.58
43904.30;-100.58
43907.23;-100.97
43910.16;-100.97
43913.09;-100.97
43916.02;-100.58
43918.95;-100.97
43921.88;-100.97
43924.80;-100.73
43927.73;-100.89
43930.66;-100.81
43933.59;-100.65
43936.52;-100.65
43939.45;-100.58
43942.38;-100.73
43945.31;-100.65
43948.24;-100.89
43951.17;-100.81
43954.10;-100.58
43957.03;-100.42
43959.96;-100.81
43962.89;-101.20
43965.82;-100.89
43968.75;-100.73
43971.68;-100.65
43974.61;-100.73
43977.54;-100.65
43980.47;-100.65
43983.40;-100.89
43986.33;-100.73
43989.26;-100.81
43992.19;-100.97
43995.12;-100.97
43998.05;-100.81
44000.98;-100.65
44003.91;-100.50
44006.84;-100.58
44009.77;-100.89
44012.70;-100.97
44015.63;-100.58
44018.55;-100.81
44021.48;-100.81
44024.41;-100.65
44027.34;-100.65
44030.27;-100.65
44033.20;-100.73
44036.13;-100.97
44039.06;-100.89
44041.99;-100.50
44044.92;-100.65
44047.85;-100.58
44050.78;-100.89
44053.71;-100.89
44056.64;-100.89
44059.57;-100.97
44062.50;-101.05
44065.43;-100.89
44068.36;-100.73
44071.29;-100.65
44074.22;-100.58
44077.15;-100.73
44080.08;-100.73
44083.01;-100.81
44085.94;-101.12
44088.87;-101.05
44091.80;-100.81
44094.73;-100.65
44097.66;-100.81
44100.59;-100.50
44103.52;-100.50
44106.45;-100.65
44109.38;-100.50
44112.30;-100.65
44115.23;-100.81
44118.16;-101.12
44121.09;-100.89
44124.02;-101.05
44126.95;-100.81
44129.88;-100.58
44132.81;-100.81
44135.74;-100.81
44138.67;-100.73
44141.60;-100.73
44144.53;-100.65
44147.46;-100.81
44150.39;-100.97
44153.32;-100.50
44156.25;-100.34
44159.18;-100.50
44162.11;-100.34
44165.04;-100.65
44167.97;-100.73
44170.90;-100.65
44173.83;-100.97
44176.76;-101.12
44179.69;-100.73
44182.62;-100.58
44185.55;-100.81
44188.48;-101.12
44191.41;-100.97
44194.34;-100.65
44197.27;-100.42
44200.20;-100.50
44203.13;-100.73
44206.05;-100.73
44208.98;-100.81
44211.91;-100.81
44214.84;-100.81
44217.77;-100.81
44220.70;-100.58
44223.63;-100.65
44226.56;-100.73
44229.49;-100.50
44232.42;-100.65
44235.35;-100.97
44238.28;-100.81
44241.21;-100.65
44244.14;-100.73
44247.07;-100.81
44250.00;-100.73
44252.93;-100.58
44255.86;-100.42
44258.79;-100.50
44261.72;-100.58
44264.65;-100.73
44267.58;-100.42
44270.51;-100.50
44273.44;-100.65
44276.37;-100.81
44279.30;-100.65
44282.23;-100.65
44285.16;-100.73
44288.09;-100.89
44291.02;-100.89
44293.95;-100.58
44296.88;-100.50
44299.80;-100.65
44302.73;-100.89
44305.66;-100.65
44308.59;-100.65
44311.52;-100.81
44314.45;-100.65
44317.38;-100.81
44320.31;-100.81
44323.24;-100.65
44326.17;-101.05
44329.10;-100.65
44332.03;-100.50
44334.96;-100.65
44337.89;-100.73
44340.82;-100.73
44343.75;-100.58
44346.68;-100.73
44349.61;-100.81
44352.54;-100.65
44355.47;-100.81
44358.40;-100.81
44361.33;-100.58
44364.26;-100.34
44367.19;-100.73
44370.12;-100.58
44373.05;-100.65
44375.98;-100.73
44378.91;-100.81
44381.84;-100.89
44384.77;-100.58
44387.70;-100.65
44390.63;-100.58
44393.55;-100.73
44396.48;-100.89
44399.41;-100.81
44402.34;-100.42
44405.27;-100.58
44408.20;-100.81
44411.13;-100.81
44414.06;-100.97
44416.99;-100.89
44419.92;-100.58
44422.85;-100.89
44425.78;-100.73
44428.71;-100.50
44431.64;-100.42
44434.57;-100.58
44437.50;-100.65
44440.43;-100.89
44443.36;-101.05
44446.29;-101.05
44449.22;-100.89
44452.15;-100.81
44455.08;-100.97
44458.01;-100.81
44460.94;-100.65
44463.87;-100.81
44466.80;-100.97
44469.73;-101.12
44472.66;-101.20
44475.59;-100.97
44478.52;-100.89
44481.45;-100.50
44484.38;-100.73
44487.30;-100.81
44490.23;-100.65
44493.16;-100.65
44496.09;-100.73
44499.02;-100.89
44501.95;-100.81
44504.88;-100.65
44507.81;-100.65
44510.74;-100.73
44513.67;-100.65
44516.60;-100.58
44519.53;-100.50
44522.46;-100.50
44525.39;-100.42
44528.32;-100.65
44531.25;-100.65
44534.18;-100.89
44537.11;-100.97
44540.04;-100.81
44542.97;-100.65
44545.90;-100.65
44548.83;-100.65
44551.76;-100.81
44554.69;-101.12
44557.62;-101.05
44560.55;-100.97
44563.48;-100.89
44566.41;-100.89
44569.34;-100.97
44572.27;-100.65
44575.20;-100.73
44578.13;-100.81
44581.05;-100.89
44583.98;-100.81
44586.91;-100.58
44589.84;-100.73
44592.77;-100.81
44595.70;-100.65
44598.63;-100.65
44601.56;-100.73
44604.49;-100.73
44607.42;-100.73
44610.35;-101.05
44613.28;-101.05
44616.21;-100.58
44619.14;-100.58
44622.07;-100.50
44625.00;-100.73
44627.93;-100.73
44630.86;-100.81
44633.79;-100.81
44636.72;-100.73
44639.65;-100.58
44642.58;-100.97
44645.51;-100.81
44648.44;-100.42
44651.37;-100.89
44654.30;-100.89
44657.23;-100.97
44660.16;-100.81
44663.09;-100.97
44666.02;-100.89
44668.95;-100.73
44671.88;-100.65
44674.80;-100.73
44677.73;-100.89
44680.66;-100.81
44683.59;-100.65
44686.52;-100.58
44689.45;-100.65
44692.38;-100.50
44695.31;-100.58
44698.24;-100.50
44701.17;-100.73
44704.10;-100.73
44707.03;-100.65
44709.96;-100.65
44712.89;-100.65
44715.82;-100.65
44718.75;-100.65
44721.68;-100.81
44724.61;-100.73
44727.54;-100.50
44730.47;-100.65
44733.40;-100.73
44736.33;-100.73
44739.26;-100.58
44742.19;-100.65
44745.12;-100.89
44748.05;-100.89
44750.98;-100.73
44753.91;-100.81
44756.84;-100.65
44759.77;-100.73
44762.70;-100.73
44765.63;-100.89
44768.55;-100.81
44771.48;-100.89
44774.41;-100.97
44777.34;-100.81
44780.27;-100.73
44783.20;-100.58
44786.13;-100.50
44789.06;-100.65
44791.99;-100.81
44794.92;-100.50
44797.85;-100.73
44800.78;-100.73
44803.71;-100.34
44806.64;-100.19
44809.57;-100.42
44812.50;-100.81
44815.43;-100.73
44818.36;-100.50
44821.29;-100.65
44824.22;-100.73
44827.15;-100.65
44830.08;-100.58
44833.01;-100.73
44835.94;-100.26
44838.87;-100.42
44841.80;-100.89
44844.73;-100.73
44847.66;-100.58
44850.59;-100.81
44853.52;-100.65
44856.45;-100.50
44859.38;-100.73
44862.30;-100.81
44865.23;-100.73
44868.16;-100.58
44871.09;-100.73
44874.02;-100.73
44876.95;-100.50
44879.88;-100.65
44882.81;-100.65
44885.74;-100.42
44888.67;-100.50
44891.60;-100.58
44894.53;-100.65
44897.46;-100.58
44900.39;-100.26
44903.32;-100.58
44906.25;-100.50
44909.18;-100.42
44912.11;-100.34
44915.04;-100.58
44917.97;-100.89
44920.90;-100.89
44923.83;-100.58
44926.76;-100.65
44929.69;-101.05
44932.62;-100.73
44935.55;-100.58
44938.48;-100.65
44941.41;-100.73
44944.34;-100.65
44947.27;-100.42
44950.20;-100.50
44953.13;-100.65
44956.05;-100.81
44958.98;-100.58
44961.91;-100.58
44964.84;-100.81
44967.77;-100.73
44970.70;-100.73
44973.63;-100.58
44976.56;-100.65
44979.49;-100.81
44982.42;-100.73
44985.35;-100.50
44988.28;-100.19
44991.21;-100.42
44994.14;-100.50
44997.07;-100.50
45000.00;-100.58
45002.93;-100.73
45005.86;-100.42
45008.79;-100.58
45011.72;-100.65
45014.65;-100.73
45017.58;-100.58
45020.51;-100.58
45023.44;-100.81
45026.37;-100.89
45029.30;-100.65
45032.23;-100.50
45035.16;-100.65
45038.09;-100.58
45041.02;-100.89
45043.95;-100.58
45046.88;-100.50
45049.80;-100.58
45052.73;-100.50
45055.66;-100.65
45058.59;-100.73
45061.52;-100.65
45064.45;-100.73
45067.38;-100.65
45070.31;-100.50
45073.24;-100.50
45076.17;-100.50
45079.10;-100.89
45082.03;-100.89
45084.96;-100.89
45087.89;-100.89
45090.82;-100.97
45093.75;-100.89
45096.68;-100.73
45099.61;-100.65
45102.54;-100.42
45105.47;-100.34
45108.40;-100.65
45111.33;-100.65
45114.26;-100.50
45117.19;-100.73
45120.12;-100.81
45123.05;-100.73
45125.98;-100.34
45128.91;-100.42
45131.84;-100.81
45134.77;-100.89
45137.70;-100.73
45140.63;-100.81
45143.55;-100.34
45146.48;-100.19
45149.41;-100.50
45152.34;-100.42
45155.27;-100.58
45158.20;-100.81
45161.13;-100.65
45164.06;-100.42
45166.99;-100.26
45169.92;-100.26
45172.85;-100.50
45175.78;-100.65
45178.71;-100.81
45181.64;-101.12
45184.57;-101.05
45187.50;-100.73
45190.43;-100.50
45193.36;-100.58
45196.29;-100.97
45199.22;-100.73
45202.15;-100.73
45205.08;-100.42
45208.01;-100.58
45210.94;-100.73
45213.87;-100.42
45216.80;-100.50
45219.73;-100.50
45222.66;-100.50
45225.59;-100.50
45228.52;-100.65
45231.45;-100.97
45234.38;-100.73
45237.30;-100.50
45240.23;-100.65
45243.16;-100.73
45246.09;-100.73
45249.02;-100.97
45251.95;-100.97
45254.88;-100.50
45257.81;-100.50
45260.74;-100.73
45263.67;-100.81
45266.60;-101.05
45269.53;-100.58
45272.46;-100.58
45275.39;-100.42
45278.32;-100.50
45281.25;-100.73
45284.18;-100.58
45287.11;-100.65
45290.04;-100.58
45292.97;-100.65
45295.90;-100.81
45298.83;-100.42
45301.76;-100.58
45304.69;-100.73
45307.62;-100.65
45310.55;-100.81
45313.48;-100.65
45316.41;-100.50
45319.34;-100.89
45322.27;-101.05
45325.20;-100.42
45328.13;-100.34
45331.05;-100.34
45333.98;-100.65
45336.91;-100.81
45339.84;-100.73
45342.77;-100.65
45345.70;-100.50
45348.63;-100.50
45351.56;-100.65
45354.49;-100.81
45357.42;-100.81
45360.35;-100.81
45363.28;-100.73
45366.21;-100.73
45369.14;-100.42
45372.07;-100.50
45375.00;-100.89
45377.93;-100.73
45380.86;-100.73
45383.79;-100.81
45386.72;-100.58
45389.65;-100.65
45392.58;-100.73
45395.51;-100.73
45398.44;-100.89
45401.37;-100.97
45404.30;-100.81
45407.23;-100.65
45410.16;-100.58
45413.09;-100.58
45416.02;-100.65
45418.95;-100.58
45421.88;-100.58
45424.80;-100.58
45427.73;-100.58
45430.66;-100.65
45433.59;-100.50
45436.52;-100.58
45439.45;-100.81
45442.38;-100.65
45445.31;-100.58
45448.24;-100.58
45451.17;-100.58
45454.10;-100.65
45457.03;-100.58
45459.96;-100.73
45462.89;-100.73
45465.82;-100.58
45468.75;-100.73
45471.68;-100.81
45474.61;-100.73
45477.54;-100.50
45480.47;-100.26
45483.40;-100.34
45486.33;-100.42
45489.26;-100.50
45492.19;-100.58
45495.12;-100.34
45498.05;-100.58
45500.98;-100.81
45503.91;-100.89
45506.84;-100.65
45509.77;-100.65
45512.70;-100.65
45515.63;-100.42
45518.55;-100.42
45521.48;-100.42
45524.41;-100.50
45527.34;-100.89
45530.27;-100.89
45533.20;-100.89
45536.13;-100.81
45539.06;-100.89
45541.99;-100.65
45544.92;-100.65
45547.85;-100.65
45550.78;-100.42
45553.71;-100.42
45556.64;-100.65
45559.57;-100.58
45562.50;-100.58
45565.43;-100.50
45568.36;-100.58
45571.29;-100.58
45574.22;-100.42
45577.15;-100.50
45580.08;-100.50
45583.01;-100.73
45585.94;-100.81
45588.87;-100.58
45591.80;-100.50
45594.73;-100.50
45597.66;-100.65
45600.59;-100.50
45603.52;-100.50
45606.45;-100.34
45609.38;-100.73
45612.30;-100.58
45615.23;-100.42
45618.16;-100.42
45621.09;-100.50
45624.02;-100.65
45626.95;-100.65
45629.88;-100.58
45632.81;-100.42
45635.74;-100.50
45638.67;-100.65
45641.60;-100.58
45644.53;-100.42
45647.46;-100.34
45650.39;-100.34
45653.32;-100.34
45656.25;-100.58
45659.18;-100.58
45662.11;-100.65
45665.04;-100.73
45667.97;-100.34
45670.90;-100.34
45673.83;-100.34
45676.76;-100.42
45679.69;-100.58
45682.62;-100.58
45685.55;-100.58
45688.48;-100.73
45691.41;-100.50
45694.34;-100.50
45697.27;-100.65
45700.20;-100.50
45703.13;-100.42
45706.05;-100.73
45708.98;-100.73
45711.91;-100.73
45714.84;-100.73
45717.77;-100.50
45720.70;-100.58
45723.63;-100.73
45726.56;-100.58
45729.49;-100.58
45732.42;-100.65
45735.35;-100.81
45738.28;-100.81
45741.21;-100.73
45744.14;-100.50
45747.07;-100.58
45750.00;-100.58
45752.93;-100.34
45755.86;-100.42
45758.79;-100.50
45761.72;-100.65
45764.65;-100.65
45767.58;-100.65
45770.51;-100.58
45773.44;-100.42
45776.37;-100.42
45779.30;-100.50
45782.23;-100.65
45785.16;-100.65
45788.09;-100.50
45791.02;-100.65
45793.95;-100.58
45796.88;-100.50
45799.80;-100.73
45802.73;-100.42
45805.66;-100.50
45808.59;-100.73
45811.52;-100.73
45814.45;-100.89
45817.38;-100.81
45820.31;-100.58
45823.24;-100.50
45826.17;-100.65
45829.10;-100.89
45832.03;-100.50
45834.96;-100.65
45837.89;-100.58
45840.82;-100.58
45843.75;-100.65
45846.68;-100.65
45849.61;-100.58
45852.54;-100.58
45855.47;-100.50
45858.40;-100.42
45861.33;-100.50
45864.26;-100.58
45867.19;-100.42
45870.12;-100.26
45873.05;-100.42
45875.98;-100.50
45878.91;-100.65
45881.84;-100.73
45884.77;-100.73
45887.70;-100.73
45890.63;-100.81
45893.55;-100.65
45896.48;-100.65
45899.41;-100.81
45902.34;-101.12
45905.27;-100.97
45908.20;-100.58
45911.13;-100.50
45914.06;-100.42
45916.99;-100.58
45919.92;-100.65
45922.85;-100.81
45925.78;-100.65
45928.71;-100.42
45931.64;-100.42
45934.57;-100.65
45937.50;-100.73
45940.43;-100.58
45943.36;-100.34
45946.29;-100.34
45949.22;-100.42
45952.15;-100.65
45955.08;-100.73
45958.01;-100.50
45960.94;-100.34
45963.87;-100.42
45966.80;-100.58
45969.73;-100.58
45972.66;-100.50
45975.59;-100.50
45978.52;-100.65
45981.45;-100.73
45984.38;-100.58
45987.30;-100.73
45990.23;-100.81
45993.16;-100.58
45996.09;-100.50
45999.02;-100.50
46001.95;-100.50
46004.88;-100.58
46007.81;-100.89
46010.74;-100.89
46013.67;-100.73
46016.60;-100.58
46019.53;-100.73
46022.46;-100.89
46025.39;-100.65
46028.32;-100.58
46031.25;-100.65
46034.18;-100.50
46037.11;-100.89
46040.04;-100.81
46042.97;-100.73
46045.90;-100.73
46048.83;-100.50
46051.76;-100.42
46054.69;-100.34
46057.62;-100.58
46060.55;-100.42
46063.48;-100.26
46066.41;-100.50
46069.34;-100.50
46072.27;-100.50
46075.20;-100.58
46078.13;-100.58
46081.05;-100.65
46083.98;-100.81
46086.91;-100.81
46089.84;-100.65
46092.77;-100.34
46095.70;-100.42
46098.63;-100.42
46101.56;-100.50
46104.49;-100.42
46107.42;-100.34
46110.35;-100.65
46113.28;-100.89
46116.21;-100.97
46119.14;-100.42
46122.07;-100.34
46125.00;-100.73
46127.93;-100.81
46130.86;-100.58
46133.79;-100.42
46136.72;-100.26
46139.65;-100.26
46142.58;-100.73
46145.51;-101.05
46148.44;-100.81
46151.37;-100.42
46154.30;-100.58
46157.23;-100.73
46160.16;-100.50
46163.09;-100.42
46166.02;-100.42
46168.95;-100.34
46171.88;-100.50
46174.80;-100.73
46177.73;-100.73
46180.66;-100.73
46183.59;-100.42
46186.52;-100.65
46189.45;-100.89
46192.38;-100.73
46195.31;-100.97
46198.24;-100.81
46201.17;-100.73
46204.10;-100.65
46207.03;-100.73
46209.96;-100.73
46212.89;-100.42
46215.82;-100.65
46218.75;-100.65
46221.68;-100.58
46224.61;-100.65
46227.54;-100.50
46230.47;-100.34
46233.40;-100.65
46236.33;-100.42
46239.26;-100.42
46242.19;-101.12
46245.12;-101.12
46248.05;-100.58
46250.98;-100.65
46253.91;-100.65
46256.84;-100.50
46259.77;-100.50
46262.70;-100.42
46265.63;-100.50
46268.55;-100.65
46271.48;-100.34
46274.41;-100.50
46277.34;-100.73
46280.27;-100.65
46283.20;-100.73
46286.13;-100.58
46289.06;-100.58
46291.99;-100.73
46294.92;-100.58
46297.85;-100.81
46300.78;-100.65
46303.71;-100.65
46306.64;-100.81
46309.57;-100.50
46312.50;-100.50
46315.43;-100.50
46318.36;-100.58
46321.29;-100.34
46324.22;-100.34
46327.15;-100.50
46330.08;-100.50
46333.01;-100.58
46335.94;-100.50
46338.87;-100.58
46341.80;-100.58
46344.73;-100.73
46347.66;-100.42
46350.59;-100.34
46353.52;-100.73
46356.45;-100.34
46359.38;-100.50
46362.30;-100.73
46365.23;-100.34
46368.16;-100.42
46371.09;-100.42
46374.02;-100.50
46376.95;-100.50
46379.88;-100.58
46382.81;-100.50
46385.74;-100.42
46388.67;-100.65
46391.60;-100.58
46394.53;-100.73
46397.46;-100.58
46400.39;-100.65
46403.32;-100.58
46406.25;-100.42
46409.18;-100.65
46412.11;-100.73
46415.04;-100.73
46417.97;-100.65
46420.90;-100.58
46423.83;-100.81
46426.76;-100.81
46429.69;-100.58
46432.62;-100.73
46435.55;-100.73
46438.48;-100.81
46441.41;-100.58
46444.34;-100.50
46447.27;-100.58
46450.20;-100.81
46453.13;-100.65
46456.05;-100.58
46458.98;-100.65
46461.91;-100.73
46464.84;-100.65
46467.77;-100.65
46470.70;-100.50
46473.63;-100.34
46476.56;-100.58
46479.49;-100.50
46482.42;-100.58
46485.35;-100.58
46488.28;-100.50
46491.21;-100.65
46494.14;-100.81
46497.07;-100.65
46500.00;-100.58
46502.93;-100.73
46505.86;-100.65
46508.79;-100.42
46511.72;-100.50
46514.65;-100.19
46517.58;-100.03
46520.51;-100.58
46523.44;-100.73
46526.37;-100.73
46529.30;-100.73
46532.23;-100.65
46535.16;-100.58
46538.09;-100.58
46541.02;-100.65
46543.95;-100.50
46546.88;-100.42
46549.80;-100.34
46552.73;-100.58
46555.66;-100.73
46558.59;-100.89
46561.52;-100.65
46564.45;-100.73
46567.38;-100.65
46570.31;-100.50
46573.24;-100.42
46576.17;-100.58
46579.10;-100.50
46582.03;-100.65
46584.96;-100.58
46587.89;-100.73
46590.82;-100.42
46593.75;-100.34
46596.68;-100.50
46599.61;-100.50
46602.54;-100.26
46605.47;-100.19
46608.40;-100.34
46611.33;-100.50
46614.26;-100.50
46617.19;-100.81
46620.12;-100.50
46623.05;-100.50
46625.98;-100.65
46628.91;-100.58
46631.84;-100.81
46634.77;-100.73
46637.70;-100.42
46640.63;-100.42
46643.55;-100.34
46646.48;-100.42
46649.41;-100.42
46652.34;-100.42
46655.27;-100.50
46658.20;-100.65
46661.13;-100.65
46664.06;-100.65
46666.99;-100.50
46669.92;-100.42
46672.85;-100.34
46675.78;-100.65
46678.71;-100.73
46681.64;-100.50
46684.57;-100.34
46687.50;-100.26
46690.43;-100.42
46693.36;-100.58
46696.29;-100.50
46699.22;-100.42
46702.15;-100.42
46705.08;-100.58
46708.01;-100.73
46710.94;-100.50
46713.87;-100.26
46716.80;-100.50
46719.73;-100.58
46722.66;-100.42
46725.59;-100.42
46728.52;-100.65
46731.45;-100.73
46734.38;-100.65
46737.30;-100.65
46740.23;-100.65
46743.16;-100.65
46746.09;-100.50
46749.02;-100.42
46751.95;-100.42
46754.88;-100.42
46757.81;-100.65
46760.74;-100.58
46763.67;-100.58
46766.60;-100.58
46769.53;-100.50
46772.46;-100.42
46775.39;-100.58
46778.32;-100.58
46781.25;-100.50
46784.18;-100.26
46787.11;-100.50
46790.04;-100.89
46792.97;-100.58
46795.90;-100.42
46798.83;-100.42
46801.76;-100.50
46804.69;-100.34
46807.62;-100.34
46810.55;-100.26
46813.48;-100.34
46816.41;-100.34
46819.34;-100.19
46822.27;-100.58
46825.20;-100.34
46828.13;-100.26
46831.05;-100.34
46833.98;-100.58
46836.91;-100.34
46839.84;-100.26
46842.77;-100.34
46845.70;-100.50
46848.63;-100.42
46851.56;-100.58
46854.49;-100.58
46857.42;-100.50
46860.35;-100.58
46863.28;-100.42
46866.21;-100.42
46869.14;-100.19
46872.07;-100.19
46875.00;-100.42
46877.93;-100.34
46880.86;-100.42
46883.79;-100.42
46886.72;-100.11
46889.65;-100.19
46892.58;-100.50
46895.51;-100.65
46898.44;-100.73
46901.37;-100.50
46904.30;-100.34
46907.23;-100.19
46910.16;-100.19
46913.09;-100.42
46916.02;-100.58
46918.95;-100.58
46921.88;-100.42
46924.80;-100.42
46927.73;-100.42
46930.66;-100.42
46933.59;-100.65
46936.52;-100.42
46939.45;-100.73
46942.38;-100.58
46945.31;-100.58
46948.24;-100.65
46951.17;-100.81
46954.10;-100.81
46957.03;-100.81
46959.96;-100.50
46962.89;-100.19
46965.82;-100.42
46968.75;-100.73
46971.68;-100.65
46974.61;-100.50
46977.54;-100.50
46980.47;-100.65
46983.40;-100.65
46986.33;-100.58
46989.26;-100.58
46992.19;-100.42
46995.12;-100.58
46998.05;-100.58
47000.98;-100.73
47003.91;-100.89
47006.84;-100.81
47009.77;-100.81
47012.70;-100.58
47015.63;-100.42
47018.55;-100.42
47021.48;-100.34
47024.41;-100.65
47027.34;-100.65
47030.27;-100.50
47033.20;-100.42
47036.13;-100.50
47039.06;-100.58
47041.99;-100.73
47044.92;-100.50
47047.85;-100.26
47050.78;-100.34
47053.71;-100.58
47056.64;-100.58
47059.57;-100.50
47062.50;-100.58
47065.43;-100.58
47068.36;-100.58
47071.29;-100.73
47074.22;-100.65
47077.15;-100.34
47080.08;-100.34
47083.01;-100.50
47085.94;-100.81
47088.87;-100.65
47091.80;-100.65
47094.73;-100.58
47097.66;-100.42
47100.59;-100.42
47103.52;-100.42
47106.45;-100.34
47109.38;-100.26
47112.30;-100.42
47115.23;-100.34
47118.16;-100.50
47121.09;-100.81
47124.02;-100.58
47126.95;-100.26
47129.88;-100.19
47132.81;-100.58
47135.74;-100.81
47138.67;-100.65
47141.60;-100.73
47144.53;-100.42
47147.46;-100.58
47150.39;-100.89
47153.32;-101.05
47156.25;-100.65
47159.18;-100.58
47162.11;-100.65
47165.04;-100.58
47167.97;-100.42
47170.90;-100.26
47173.83;-100.34
47176.76;-100.58
47179.69;-100.50
47182.62;-100.58
47185.55;-100.65
47188.48;-100.58
47191.41;-100.65
47194.34;-100.65
47197.27;-100.42
47200.20;-100.42
47203.13;-100.58
47206.05;-100.81
47208.98;-100.73
47211.91;-100.58
47214.84;-100.65
47217.77;-100.65
47220.70;-100.42
47223.63;-100.26
47226.56;-100.11
47229.49;-100.26
47232.42;-100.50
47235.35;-100.73
47238.28;-100.65
47241.21;-100.50
47244.14;-100.42
47247.07;-100.42
47250.00;-100.34
47252.93;-100.26
47255.86;-100.42
47258.79;-100.58
47261.72;-100.65
47264.65;-100.34
47267.58;-100.19
47270.51;-100.42
47273.44;-100.50
47276.37;-100.26
47279.30;-100.26
47282.23;-100.58
47285.16;-100.58
47288.09;-100.42
47291.02;-100.42
47293.95;-100.42
47296.88;-100.65
47299.80;-100.58
47302.73;-100.42
47305.66;-100.73
47308.59;-100.58
47311.52;-100.26
47314.45;-100.19
47317.38;-100.34
47320.31;-100.58
47323.24;-100.34
47326.17;-100.42
47329.10;-100.50
47332.03;-100.65
47334.96;-100.42
47337.89;-100.58
47340.82;-100.34
47343.75;-100.03
47346.68;-100.19
47349.61;-100.34
47352.54;-100.50
47355.47;-100.11
47358.40;-100.11
47361.33;-100.26
47364.26;-100.26
47367.19;-100.42
47370.12;-100.42
47373.05;-100.34
47375.98;-100.26
47378.91;-100.19
47381.84;-100.26
47384.77;-100.50
47387.70;-100.42
47390.63;-100.50
47393.55;-100.58
47396.48;-100.65
47399.41;-100.50
47402.34;-100.50
47405.27;-100.58
47408.20;-100.58
47411.13;-100.26
47414.06;-100.42
47416.99;-100.42
47419.92;-100.50
47422.85;-100.58
47425.78;-100.42
47428.71;-100.73
47431.64;-100.50
47434.57;-100.50
47437.50;-100.50
47440.43;-100.50
47443.36;-100.42
47446.29;-100.19
47449.22;-100.42
47452.15;-100.58
47455.08;-100.42
47458.01;-100.26
47460.94;-100.34
47463.87;-100.73
47466.80;-100.58
47469.73;-100.19
47472.66;-100.42
47475.59;-100.42
47478.52;-100.81
47481.45;-100.89
47484.38;-100.97
47487.30;-100.65
47490.23;-100.50
47493.16;-100.50
47496.09;-100.26
47499.02;-100.19
47501.95;-100.50
47504.88;-100.34
47507.81;-100.58
47510.74;-100.42
47513.67;-100.50
47516.60;-100.34
47519.53;-100.34
47522.46;-100.50
47525.39;-100.34
47528.32;-100.11
47531.25;-100.19
47534.18;-100.19
47537.11;-100.42
47540.04;-100.26
47542.97;-100.26
47545.90;-100.50
47548.83;-100.42
47551.76;-100.50
47554.69;-100.50
47557.62;-100.50
47560.55;-100.34
47563.48;-100.50
47566.41;-100.58
47569.34;-100.26
47572.27;-100.34
47575.20;-100.42
47578.13;-100.34
47581.05;-100.42
47583.98;-100.19
47586.91;-100.26
47589.84;-100.42
47592.77;-100.73
47595.70;-100.34
47598.63;-100.19
47601.56;-100.26
47604.49;-100.34
47607.42;-100.50
47610.35;-100.34
47613.28;-100.26
47616.21;-100.50
47619.14;-100.50
47622.07;-100.34
47625.00;-100.50
47627.93;-100.58
47630.86;-100.65
47633.79;-100.50
47636.72;-100.42
47639.65;-100.42
47642.58;-100.26
47645.51;-100.26
47648.44;-100.50
47651.37;-100.19
47654.30;-100.34
47657.23;-100.42
47660.16;-100.42
47663.09;-100.81
47666.02;-100.65
47668.95;-100.50
47671.88;-100.58
47674.80;-100.65
47677.73;-100.58
47680.66;-100.65
47683.59;-100.42
47686.52;-100.26
47689.45;-100.50
47692.38;-100.65
47695.31;-100.34
47698.24;-100.50
47701.17;-100.81
47704.10;-100.42
47707.03;-100.42
47709.96;-100.26
47712.89;-100.34
47715.82;-100.42
47718.75;-100.50
47721.68;-100.58
47724.61;-100.58
47727.54;-100.26
47730.47;-100.42
47733.40;-100.34
47736.33;-100.34
47739.26;-100.73
47742.19;-100.65
47745.12;-100.34
47748.05;-100.58
47750.98;-100.50
47753.91;-100.50
47756.84;-100.42
47759.77;-100.50
47762.70;-100.34
47765.63;-100.50
47768.55;-100.50
47771.48;-100.42
47774.41;-100.42
47777.34;-100.26
47780.27;-100.42
47783.20;-100.50
47786.13;-100.58
47789.06;-100.34
47791.99;-100.58
47794.92;-100.34
47797.85;-100.65
47800.78;-100.42
47803.71;-100.34
47806.64;-100.50
47809.57;-100.34
47812.50;-100.34
47815.43;-100.65
47818.36;-100.58
47821.29;-100.50
47824.22;-100.58
47827.15;-100.58
47830.08;-100.50
47833.01;-100.42
47835.94;-100.11
47838.87;-100.19
47841.80;-100.58
47844.73;-100.58
47847.66;-100.34
47850.59;-100.11
47853.52;-99.87
47856.45;-100.26
47859.38;-100.34
47862.30;-100.19
47865.23;-100.19
47868.16;-100.50
47871.09;-100.58
47874.02;-100.50
47876.95;-100.42
47879.88;-100.42
47882.81;-100.19
47885.74;-100.03
47888.67;-100.42
47891.60;-100.65
47894.53;-100.50
47897.46;-100.50
47900.39;-100.58
47903.32;-100.34
47906.25;-100.42
47909.18;-100.34
47912.11;-100.58
47915.04;-100.58
47917.97;-100.19
47920.90;-100.26
47923.83;-100.34
47926.76;-100.58
47929.69;-100.34
47932.62;-100.34
47935.55;-100.42
47938.48;-100.50
47941.41;-100.50
47944.34;-100.65
47947.27;-100.81
47950.20;-100.65
47953.13;-100.50
47956.05;-100.34
47958.98;-100.11
47961.91;-100.42
47964.84;-100.81
47967.77;-101.05
47970.70;-100.65
47973.63;-100.19
47976.56;-100.19
47979.49;-100.34
47982.42;-100.65
47985.35;-100.50
47988.28;-100.19
47991.21;-100.11
47994.14;-100.34
47997.07;-100.26
48000.00;-100.50
48002.93;-100.42
48005.86;-100.50
48008.79;-100.58
48011.72;-100.34
48014.65;-100.34
48017.58;-100.50
48020.51;-100.58
48023.44;-100.34
48026.37;-100.26
48029.30;-100.34
48032.23;-100.42
48035.16;-100.50
48038.09;-100.58
48041.02;-100.42
48043.95;-100.50
48046.88;-100.58
48049.80;-100.42
48052.73;-100.34
48055.66;-100.58
48058.59;-100.73
48061.52;-100.65
48064.45;-100.26
48067.38;-100.50
48070.31;-100.50
48073.24;-100.42
48076.17;-100.42
48079.10;-100.50
48082.03;-100.58
48084.96;-100.34
48087.89;-100.50
48090.82;-100.50
48093.75;-100.42
48096.68;-100.26
48099.61;-100.42
48102.54;-100.42
48105.47;-100.34
48108.40;-100.34
48111.33;-100.34
48114.26;-100.42
48117.19;-100.50
48120.12;-100.26
48123.05;-100.34
48125.98;-100.50
48128.91;-100.42
48131.84;-100.34
48134.77;-100.26
48137.70;-100.50
48140.63;-100.34
48143.55;-100.26
48146.48;-100.58
48149.41;-100.42
48152.34;-100.26
48155.27;-100.50
48158.20;-100.42
48161.13;-100.26
48164.06;-100.58
48166.99;-100.65
48169.92;-100.34
48172.85;-100.42
48175.78;-100.42
48178.71;-100.34
48181.64;-100.19
48184.57;-100.26
48187.50;-100.34
48190.43;-100.26
48193.36;-100.34
48196.29;-100.34
48199.22;-100.26
48202.15;-100.34
48205.08;-100.34
48208.01;-100.42
48210.94;-100.50
48213.87;-100.19
48216.80;-100.11
48219.73;-100.11
48222.66;-100.11
48225.59;-100.42
48228.52;-100.73
48231.45;-100.65
48234.38;-100.58
48237.30;-100.34
48240.23;-100.26
48243.16;-100.50
48246.09;-100.50
48249.02;-100.65
48251.95;-100.50
48254.88;-100.34
48257.81;-100.26
48260.74;-100.34
48263.67;-100.19
48266.60;-100.50
48269.53;-100.58
48272.46;-100.58
48275.39;-100.81
48278.32;-100.34
48281.25;-100.19
48284.18;-100.42
48287.11;-100.42
48290.04;-100.50
48292.97;-100.42
48295.90;-100.42
48298.83;-100.42
48301.76;-100.42
48304.69;-100.42
48307.62;-100.19
48310.55;-100.11
48313.48;-100.26
48316.41;-100.19
48319.34;-100.11
48322.27;-100.50
48325.20;-100.42
48328.13;-100.42
48331.05;-100.50
48333.98;-100.50
48336.91;-100.26
48339.84;-100.19
48342.77;-100.42
48345.70;-100.58
48348.63;-100.50
48351.56;-100.34
48354.49;-100.34
48357.42;-100.34
48360.35;-99.95
48363.28;-100.19
48366.21;-100.34
48369.14;-100.58
48372.07;-100.50
48375.00;-100.19
48377.93;-100.50
48380.86;-100.65
48383.79;-100.50
48386.72;-100.26
48389.65;-100.34
48392.58;-100.50
48395.51;-100.26
48398.44;-100.11
48401.37;-100.03
48404.30;-100.26
48407.23;-100.50
48410.16;-100.50
48413.09;-100.50
48416.02;-100.19
48418.95;-100.26
48421.88;-100.34
48424.80;-100.19
48427.73;-100.26
48430.66;-100.26
48433.59;-100.34
48436.52;-100.26
48439.45;-100.11
48442.38;-100.42
48445.31;-100.50
48448.24;-100.73
48451.17;-100.65
48454.10;-100.50
48457.03;-100.42
48459.96;-100.42
48462.89;-100.34
48465.82;-100.26
48468.75;-100.34
48471.68;-100.42
48474.61;-100.34
48477.54;-100.11
48480.47;-100.26
48483.40;-100.26
48486.33;-100.42
48489.26;-100.50
48492.19;-100.58
48495.12;-100.65
48498.05;-100.50
48500.98;-100.26
48503.91;-100.50
48506.84;-100.65
48509.77;-100.58
48512.70;-100.58
48515.63;-100.34
48518.55;-100.42
48521.48;-100.26
48524.41;-100.26
48527.34;-100.42
48530.27;-100.34
48533.20;-100.42
48536.13;-100.58
48539.06;-100.65
48541.99;-100.50
48544.92;-100.58
48547.85;-100.42
48550.78;-100.50
48553.71;-100.58
48556.64;-100.34
48559.57;-100.34
48562.50;-100.42
48565.43;-100.50
48568.36;-100.42
48571.29;-100.58
48574.22;-100.34
48577.15;-100.34
48580.08;-100.34
48583.01;-100.26
48585.94;-100.42
48588.87;-100.34
48591.80;-100.34
48594.73;-100.65
48597.66;-100.50
48600.59;-100.26
48603.52;-100.34
48606.45;-100.42
48609.38;-100.50
48612.30;-100.11
48615.23;-100.34
48618.16;-100.81
48621.09;-100.81
48624.02;-100.58
48626.95;-100.34
48629.88;-100.50
48632.81;-100.42
48635.74;-100.50
48638.67;-100.50
48641.60;-100.03
48644.53;-100.26
48647.46;-100.34
48650.39;-100.34
48653.32;-100.26
48656.25;-100.50
48659.18;-100.42
48662.11;-100.19
48665.04;-100.26
48667.97;-100.50
48670.90;-100.42
48673.83;-100.34
48676.76;-100.50
48679.69;-100.34
48682.62;-100.19
48685.55;-100.34
48688.48;-100.50
48691.41;-100.58
48694.34;-100.34
48697.27;-100.50
48700.20;-100.58
48703.13;-100.50
48706.05;-100.58
48708.98;-100.58
48711.91;-100.58
48714.84;-100.42
48717.77;-100.34
48720.70;-100.19
48723.63;-100.34
48726.56;-100.50
48729.49;-100.19
48732.42;-99.95
48735.35;-100.26
48738.28;-100.58
48741.21;-100.34
48744.14;-100.50
48747.07;-100.73
48750.00;-100.50
48752.93;-100.50
48755.86;-100.50
48758.79;-100.50
48761.72;-100.34
48764.65;-100.19
48767.58;-100.50
48770.51;-100.65
48773.44;-100.58
48776.37;-100.42
48779.30;-100.26
48782.23;-100.19
48785.16;-100.50
48788.09;-100.42
48791.02;-100.34
48793.95;-100.34
48796.88;-100.50
48799.80;-100.58
48802.73;-100.19
48805.66;-100.34
48808.59;-100.34
48811.52;-100.42
48814.45;-100.58
48817.38;-100.42
48820.31;-100.42
48823.24;-100.19
48826.17;-100.26
48829.10;-100.26
48832.03;-100.11
48834.96;-100.19
48837.89;-100.26
48840.82;-100.42
48843.75;-100.50
48846.68;-100.50
48849.61;-100.26
48852.54;-100.19
48855.47;-100.03
48858.40;-100.34
48861.33;-100.58
48864.26;-100.42
48867.19;-100.34
48870.12;-100.19
48873.05;-100.34
48875.98;-100.42
48878.91;-100.34
48881.84;-100.50
48884.77;-100.42
48887.70;-100.19
48890.63;-100.11
48893.55;-100.26
48896.48;-100.34
48899.41;-100.42
48902.34;-100.34
48905.27;-100.34
48908.20;-100.50
48911.13;-100.65
48914.06;-100.73
48916.99;-100.26
48919.92;-100.42
48922.85;-100.73
48925.78;-100.50
48928.71;-100.42
48931.64;-100.19
48934.57;-100.26
48937.50;-100.19
48940.43;-100.34
48943.36;-100.50
48946.29;-100.65
48949.22;-100.81
48952.15;-100.50
48955.08;-100.34
48958.01;-100.50
48960.94;-100.42
48963.87;-100.65
48966.80;-100.34
48969.73;-100.26
48972.66;-100.26
48975.59;-100.50
48978.52;-100.73
48981.45;-100.42
48984.38;-100.42
48987.30;-100.50
48990.23;-100.50
48993.16;-100.34
48996.09;-100.19
48999.02;-100.34
49001.95;-100.58
49004.88;-100.58
49007.81;-100.26
49010.74;-100.19
49013.67;-100.42
49016.60;-100.42
49019.53;-100.34
49022.46;-100.34
49025.39;-100.34
49028.32;-100.50
49031.25;-100.58
49034.18;-100.26
49037.11;-100.34
49040.04;-100.65
49042.97;-100.65
49045.90;-100.50
49048.83;-100.58
49051.76;-100.26
49054.69;-100.58
49057.62;-100.42
49060.55;-100.26
49063.48;-100.34
49066.41;-100.50
49069.34;-100.42
49072.27;-100.42
49075.20;-100.58
49078.13;-100.34
49081.05;-100.50
49083.98;-100.34
49086.91;-100.34
49089.84;-100.50
49092.77;-100.73
49095.70;-100.65
49098.63;-100.34
49101.56;-100.42
49104.49;-100.58
49107.42;-100.34
49110.35;-100.11
49113.28;-99.95
49116.21;-100.50
49119.14;-100.58
49122.07;-100.26
49125.00;-100.19
49127.93;-100.50
49130.86;-100.58
49133.79;-100.34
49136.72;-100.50
49139.65;-100.50
49142.58;-100.58
49145.51;-100.42
49148.44;-100.42
49151.37;-100.58
49154.30;-100.50
49157.23;-100.19
49160.16;-100.19
49163.09;-100.26
49166.02;-100.34
49168.95;-100.42
49171.88;-100.50
49174.80;-100.34
49177.73;-100.42
49180.66;-100.42
49183.59;-100.65
49186.52;-100.50
49189.45;-100.26
49192.38;-100.11
49195.31;-100.42
49198.24;-100.19
49201.17;-100.19
49204.10;-100.42
49207.03;-100.42
49209.96;-100.34
49212.89;-100.42
49215.82;-100.42
49218.75;-100.19
49221.68;-100.26
49224.61;-100.34
49227.54;-100.65
49230.47;-100.65
49233.40;-100.26
49236.33;-100.34
49239.26;-100.81
49242.19;-100.65
49245.12;-100.58
49248.05;-100.58
49250.98;-100.58
49253.91;-100.50
49256.84;-100.58
49259.77;-100.50
49262.70;-100.58
49265.63;-100.73
49268.55;-100.34
49271.48;-99.95
49274.41;-100.34
49277.34;-100.65
49280.27;-100.26
49283.20;-100.03
49286.13;-100.26
49289.06;-100.26
49291.99;-100.42
49294.92;-100.42
49297.85;-100.11
49300.78;-100.34
49303.71;-100.42
49306.64;-100.58
49309.57;-100.50
49312.50;-100.34
49315.43;-100.42
49318.36;-100.34
49321.29;-100.11
49324.22;-100.42
49327.15;-100.42
49330.08;-100.26
49333.01;-100.26
49335.94;-100.50
49338.87;-100.34
49341.80;-100.34
49344.73;-100.34
49347.66;-100.26
49350.59;-100.19
49353.52;-100.42
49356.45;-100.58
49359.38;-100.50
49362.30;-100.19
49365.23;-100.26
49368.16;-100.26
49371.09;-100.65
49374.02;-100.50
49376.95;-100.42
49379.88;-100.26
49382.81;-100.26
49385.74;-100.11
49388.67;-100.11
49391.60;-100.42
49394.53;-100.34
49397.46;-100.42
49400.39;-100.26
49403.32;-100.34
49406.25;-100.65
49409.18;-100.65
49412.11;-100.42
49415.04;-100.34
49417.97;-100.34
49420.90;-100.34
49423.83;-100.58
49426.76;-100.19
49429.69;-100.26
49432.62;-100.26
49435.55;-100.42
49438.48;-100.42
49441.41;-100.50
49444.34;-100.50
49447.27;-100.58
49450.20;-100.50
49453.13;-100.26
49456.05;-99.95
49458.98;-100.11
49461.91;-100.26
49464.84;-100.34
49467.77;-100.11
49470.70;-100.26
49473.63;-100.50
49476.56;-100.34
49479.49;-100.42
49482.42;-100.19
49485.35;-100.19
49488.28;-100.42
49491.21;-100.34
49494.14;-100.11
49497.07;-100.11
49500.00;-100.11
49502.93;-99.95
49505.86;-100.11
49508.79;-100.11
49511.72;-100.19
49514.65;-100.26
49517.58;-100.19
49520.51;-100.26
49523.44;-100.26
49526.37;-100.26
49529.30;-100.65
49532.23;-100.65
49535.16;-100.34
49538.09;-100.19
49541.02;-100.26
49543.95;-100.34
49546.88;-100.26
49549.80;-100.34
49552.73;-100.42
49555.66;-100.42
49558.59;-100.65
49561.52;-100.19
49564.45;-100.19
49567.38;-100.19
49570.31;-100.26
49573.24;-100.50
49576.17;-100.42
49579.10;-100.26
49582.03;-100.34
49584.96;-100.34
49587.89;-100.34
49590.82;-100.34
49593.75;-100.26
49596.68;-100.50
49599.61;-100.58
49602.54;-100.42
49605.47;-100.34
49608.40;-100.34
49611.33;-100.50
49614.26;-100.34
49617.19;-100.50
49620.12;-100.58
49623.05;-100.26
49625.98;-100.19
49628.91;-100.26
49631.84;-100.58
49634.77;-100.58
49637.70;-100.34
49640.63;-100.58
49643.55;-100.50
49646.48;-100.26
49649.41;-100.19
49652.34;-100.42
49655.27;-100.58
49658.20;-100.42
49661.13;-100.26
49664.06;-100.11
49666.99;-100.03
49669.92;-100.26
49672.85;-100.03
49675.78;-100.11
49678.71;-100.42
49681.64;-100.58
49684.57;-100.50
49687.50;-100.50
49690.43;-100.58
49693.36;-100.03
49696.29;-99.95
49699.22;-100.50
49702.15;-100.34
49705.08;-100.03
49708.01;-100.26
49710.94;-100.65
49713.87;-100.73
49716.80;-100.42
49719.73;-100.34
49722.66;-99.87
49725.59;-100.11
49728.52;-100.03
49731.45;-99.95
49734.38;-100.34
49737.30;-100.73
49740.23;-100.73
49743.16;-100.58
49746.09;-100.81
49749.02;-100.65
49751.95;-100.65
49754.88;-100.42
49757.81;-100.26
49760.74;-100.34
49763.67;-100.11
49766.60;-100.26
49769.53;-100.50
49772.46;-100.58
49775.39;-100.42
49778.32;-100.65
49781.25;-100.65
49784.18;-100.65
49787.11;-100.50
49790.04;-100.26
49792.97;-100.50
49795.90;-100.42
49798.83;-100.34
49801.76;-100.26
49804.69;-100.11
49807.62;-100.34
49810.55;-100.19
49813.48;-100.34
49816.41;-100.42
49819.34;-100.26
49822.27;-100.34
49825.20;-100.50
49828.13;-100.19
49831.05;-100.03
49833.98;-100.34
49836.91;-100.19
49839.84;-100.03
49842.77;-100.26
49845.70;-100.34
49848.63;-100.19
49851.56;-100.11
49854.49;-100.50
49857.42;-100.65
49860.35;-100.50
49863.28;-100.42
49866.21;-100.65
49869.14;-100.34
49872.07;-100.50
49875.00;-100.65
49877.93;-100.42
49880.86;-100.42
49883.79;-100.50
49886.72;-100.42
49889.65;-100.19
49892.58;-100.11
49895.51;-100.26
49898.44;-100.26
49901.37;-100.26
49904.30;-100.19
49907.23;-100.26
49910.16;-100.19
49913.09;-100.19
49916.02;-100.26
49918.95;-100.42
49921.88;-100.26
49924.80;-100.34
49927.73;-100.34
49930.66;-100.26
49933.59;-100.50
49936.52;-100.50
49939.45;-100.11
49942.38;-100.26
49945.31;-100.34
49948.24;-100.34
49951.17;-100.34
49954.10;-100.42
49957.03;-100.50
49959.96;-100.58
49962.89;-100.34
49965.82;-100.26
49968.75;-100.89
49971.68;-100.42
49974.61;-100.34
49977.54;-100.42
49980.47;-100.50
49983.40;-100.42
49986.33;-100.34
49989.26;-100.34
49992.19;-100.34
49995.12;-100.42
49998.05;-100.42
50000.98;-100.50
50003.91;-100.50
50006.84;-100.50
50009.77;-100.26
50012.70;-100.34
50015.63;-100.42
50018.55;-100.42
50021.48;-100.34
50024.41;-100.26
50027.34;-100.11
50030.27;-100.26
50033.20;-100.26
50036.13;-100.19
50039.06;-100.03
50041.99;-100.26
50044.92;-100.26
50047.85;-100.26
50050.78;-100.50
50053.71;-100.26
50056.64;-100.26
50059.57;-100.26
50062.50;-100.42
50065.43;-100.42
50068.36;-100.42
50071.29;-100.58
50074.22;-100.50
50077.15;-100.19
50080.08;-99.87
50083.01;-100.19
50085.94;-100.26
50088.87;-100.34
50091.80;-100.03
50094.73;-100.03
50097.66;-100.11
50100.59;-100.26
50103.52;-100.19
50106.45;-100.26
50109.38;-100.34
50112.30;-100.19
50115.23;-100.26
50118.16;-100.50
50121.09;-100.50
50124.02;-100.42
50126.95;-100.34
50129.88;-100.03
50132.81;-100.03
50135.74;-100.26
50138.67;-100.19
50141.60;-100.58
50144.53;-100.34
50147.46;-100.42
50150.39;-100.65
50153.32;-100.34
50156.25;-99.95
50159.18;-100.11
50162.11;-100.42
50165.04;-100.42
50167.97;-100.26
50170.90;-100.42
50173.83;-100.19
50176.76;-100.19
50179.69;-100.11
50182.62;-100.11
50185.55;-100.34
50188.48;-100.26
50191.41;-100.26
50194.34;-100.19
50197.27;-100.26
50200.20;-100.42
50203.13;-100.42
50206.05;-100.19
50208.98;-100.19
50211.91;-100.34
50214.84;-100.50
50217.77;-100.65
50220.70;-100.65
50223.63;-100.42
50226.56;-100.11
50229.49;-100.19
50232.42;-100.03
50235.35;-100.11
50238.28;-100.26
50241.21;-100.19
50244.14;-100.11
50247.07;-100.26
50250.00;-100.26
50252.93;-100.19
50255.86;-100.26
50258.79;-100.19
50261.72;-100.34
50264.65;-100.34
50267.58;-100.11
50270.51;-100.19
50273.44;-100.34
50276.37;-100.19
50279.30;-100.34
50282.23;-100.34
50285.16;-100.19
50288.09;-100.34
50291.02;-100.26
50293.95;-100.42
50296.88;-100.42
50299.80;-100.26
50302.73;-100.34
50305.66;-100.26
50308.59;-100.26
50311.52;-100.42
50314.45;-100.34
50317.38;-100.26
50320.31;-100.26
50323.24;-100.11
50326.17;-100.42
50329.10;-100.26
50332.03;-100.11
50334.96;-99.95
50337.89;-100.11
50340.82;-100.26
50343.75;-100.26
50346.68;-100.19
50349.61;-100.11
50352.54;-100.34
50355.47;-100.26
50358.40;-100.34
50361.33;-100.26
50364.26;-100.03
50367.19;-100.42
50370.12;-100.34
50373.05;-100.19
50375.98;-100.19
50378.91;-100.42
50381.84;-100.58
50384.77;-100.58
50387.70;-100.42
50390.63;-100.50
50393.55;-100.42
50396.48;-100.65
50399.41;-100.42
50402.34;-100.42
50405.27;-100.65
50408.20;-100.26
50411.13;-100.11
50414.06;-100.19
50416.99;-100.03
50419.92;-100.42
50422.85;-100.50
50425.78;-100.50
50428.71;-100.42
50431.64;-100.34
50434.57;-100.50
50437.50;-100.26
50440.43;-100.11
50443.36;-100.26
50446.29;-100.34
50449.22;-100.34
50452.15;-100.11
50455.08;-99.95
50458.01;-99.95
50460.94;-100.11
50463.87;-100.19
50466.80;-100.11
50469.73;-100.42
50472.66;-100.34
50475.59;-100.11
50478.52;-100.11
50481.45;-100.58
50484.38;-100.73
50487.30;-100.42
50490.23;-100.19
50493.16;-100.26
50496.09;-100.26
50499.02;-100.11
50501.95;-100.11
50504.88;-100.26
50507.81;-100.34
50510.74;-100.42
50513.67;-100.42
50516.60;-100.26
50519.53;-100.26
50522.46;-100.34
50525.39;-100.11
50528.32;-100.26
50531.25;-100.34
50534.18;-100.26
50537.11;-100.19
50540.04;-100.03
50542.97;-100.11
50545.90;-100.42
50548.83;-100.34
50551.76;-100.19
50554.69;-100.11
50557.62;-100.34
50560.55;-100.26
50563.48;-100.34
50566.41;-100.42
50569.34;-100.34
50572.27;-100.50
50575.20;-100.81
50578.13;-100.65
50581.05;-100.19
50583.98;-100.11
50586.91;-100.42
50589.84;-100.50
50592.77;-100.34
50595.70;-100.42
50598.63;-100.42
50601.56;-100.42
50604.49;-100.11
50607.42;-100.34
50610.35;-100.42
50613.28;-100.11
50616.21;-100.34
50619.14;-100.58
50622.07;-100.34
50625.00;-100.34
50627.93;-100.26
50630.86;-99.95
50633.79;-100.11
50636.72;-100.19
50639.65;-100.19
50642.58;-100.11
50645.51;-100.11
50648.44;-100.03
50651.37;-100.11
50654.30;-100.26
50657.23;-100.19
50660.16;-99.95
50663.09;-100.11
50666.02;-100.42
50668.95;-100.65
50671.88;-100.73
50674.80;-100.03
50677.73;-99.95
50680.66;-100.34
50683.59;-100.65
50686.52;-100.65
50689.45;-100.34
50692.38;-100.34
50695.31;-100.34
50698.24;-100.19
50701.17;-100.19
50704.10;-100.34
50707.03;-100.26
50709.96;-100.34
50712.89;-100.19
50715.82;-100.26
50718.75;-100.50
50721.68;-100.50
50724.61;-100.50
50727.54;-100.26
50730.47;-100.11
50733.40;-100.19
50736.33;-100.26
50739.26;-100.42
50742.19;-100.65
50745.12;-100.42
50748.05;-100.03
50750.98;-100.19
50753.91;-100.34
50756.84;-100.34
50759.77;-100.19
50762.70;-100.03
50765.63;-100.19
50768.55;-100.26
50771.48;-100.58
50774.41;-100.34
50777.34;-100.34
50780.27;-100.26
50783.20;-100.42
50786.13;-100.42
50789.06;-99.95
50791.99;-100.34
50794.92;-100.34
50797.85;-100.34
50800.78;-100.42
50803.71;-100.26
50806.64;-100.19
50809.57;-100.42
50812.50;-100.73
50815.43;-100.58
50818.36;-100.11
50821.29;-99.95
50824.22;-100.11
50827.15;-100.26
50830.08;-100.42
50833.01;-100.11
50835.94;-100.34
50838.87;-100.26
50841.80;-100.26
50844.73;-100.11
50847.66;-100.26
50850.59;-100.34
50853.52;-100.34
50856.45;-100.03
50859.38;-99.95
50862.30;-100.19
50865.23;-100.19
50868.16;-100.19
50871.09;-100.03
50874.02;-99.95
50876.95;-100.26
50879.88;-100.50
50882.81;-100.42
50885.74;-100.11
50888.67;-100.03
50891.60;-100.03
50894.53;-100.19
50897.46;-100.19
50900.39;-100.34
50903.32;-100.26
50906.25;-100.19
50909.18;-100.11
50912.11;-100.26
50915.04;-100.50
50917.97;-100.34
50920.90;-100.19
50923.83;-100.26
50926.76;-100.26
50929.69;-100.34
50932.62;-99.95
50935.55;-99.95
50938.48;-99.95
50941.41;-100.03
50944.34;-100.34
50947.27;-100.42
50950.20;-100.58
50953.13;-100.58
50956.05;-100.19
50958.98;-100.34
50961.91;-100.42
50964.84;-100.50
50967.77;-100.11
50970.70;-100.19
50973.63;-100.58
50976.56;-100.42
50979.49;-100.19
50982.42;-100.19
50985.35;-99.95
50988.28;-100.34
50991.21;-100.42
50994.14;-100.26
50997.07;-99.95
51000.00;-100.42
51002.93;-100.34
51005.86;-100.19
51008.79;-100.34
51011.72;-100.50
51014.65;-100.34
51017.58;-100.42
51020.51;-100.26
51023.44;-100.26
51026.37;-100.11
51029.30;-100.11
51032.23;-100.11
51035.16;-100.11
51038.09;-100.11
51041.02;-100.11
51043.95;-100.11
51046.88;-100.19
51049.80;-100.26
51052.73;-100.19
51055.66;-100.34
51058.59;-100.42
51061.52;-100.26
51064.45;-99.95
51067.38;-100.11
51070.31;-100.11
51073.24;-100.19
51076.17;-100.26
51079.10;-100.42
51082.03;-100.19
51084.96;-99.95
51087.89;-100.26
51090.82;-99.87
51093.75;-99.87
51096.68;-100.19
51099.61;-100.19
51102.54;-100.50
51105.47;-100.26
51108.40;-100.11
51111.33;-100.42
51114.26;-100.58
51117.19;-100.34
51120.12;-100.26
51123.05;-100.26
51125.98;-100.58
51128.91;-100.34
51131.84;-100.42
51134.77;-100.58
51137.70;-100.42
51140.63;-100.19
51143.55;-100.11
51146.48;-100.19
51149.41;-100.26
51152.34;-100.19
51155.27;-100.34
51158.20;-100.19
51161.13;-100.11
51164.06;-100.26
51166.99;-100.42
51169.92;-100.19
51172.85;-100.11
51175.78;-100.19
51178.71;-100.11
51181.64;-100.03
51184.57;-100.11
51187.50;-100.03
51190.43;-100.26
51193.36;-100.42
51196.29;-100.26
51199.22;-100.42
51202.15;-100.34
51205.08;-100.42
51208.01;-100.58
51210.94;-100.34
51213.87;-100.26
51216.80;-100.26
51219.73;-100.19
51222.66;-100.34
51225.59;-100.19
51228.52;-100.34
51231.45;-100.65
51234.38;-100.58
51237.30;-100.34
51240.23;-99.87
51243.16;-100.34
51246.09;-100.50
51249.02;-100.03
51251.95;-100.03
51254.88;-100.26
51257.81;-100.11
51260.74;-100.34
51263.67;-100.26
51266.60;-100.26
51269.53;-100.34
51272.46;-100.19
51275.39;-99.87
51278.32;-100.26
51281.25;-100.26
51284.18;-99.95
51287.11;-100.34
51290.04;-100.34
51292.97;-100.03
51295.90;-100.11
51298.83;-100.34
51301.76;-100.42
51304.69;-100.26
51307.62;-100.34
51310.55;-100.34
51313.48;-100.58
51316.41;-100.50
51319.34;-100.58
51322.27;-100.34
51325.20;-100.03
51328.13;-100.26
51331.05;-100.11
51333.98;-100.19
51336.91;-100.26
51339.84;-100.58
51342.77;-100.42
51345.70;-100.19
51348.63;-100.11
51351.56;-100.11
51354.49;-100.11
51357.42;-99.87
51360.35;-99.95
51363.28;-100.19
51366.21;-100.11
51369.14;-100.19
51372.07;-100.34
51375.00;-100.03
51377.93;-99.95
51380.86;-100.19
51383.79;-100.42
51386.72;-100.26
51389.65;-100.11
51392.58;-100.26
51395.51;-100.42
51398.44;-100.42
51401.37;-100.34
51404.30;-100.50
51407.23;-100.42
51410.16;-100.34
51413.09;-100.19
51416.02;-100.26
51418.95;-100.34
51421.88;-100.11
51424.80;-100.26
51427.73;-100.26
51430.66;-100.50
51433.59;-100.58
51436.52;-100.34
51439.45;-100.50
51442.38;-100.50
51445.31;-100.19
51448.24;-100.26
51451.17;-100.42
51454.10;-100.11
51457.03;-100.03
51459.96;-99.95
51462.89;-100.11
51465.82;-100.03
51468.75;-100.11
51471.68;-100.11
51474.61;-100.11
51477.54;-100.11
51480.47;-100.34
51483.40;-100.26
51486.33;-100.26
51489.26;-100.42
51492.19;-100.58
51495.12;-100.34
51498.05;-100.19
51500.98;-100.11
51503.91;-100.11
51506.84;-100.19
51509.77;-100.03
51512.70;-100.11
51515.63;-100.11
51518.55;-100.26
51521.48;-100.19
51524.41;-100.42
51527.34;-100.03
51530.27;-100.19
51533.20;-100.34
51536.13;-100.26
51539.06;-100.11
51541.99;-100.11
51544.92;-100.34
51547.85;-100.34
51550.78;-100.26
51553.71;-100.34
51556.64;-100.11
51559.57;-100.03
51562.50;-100.26
51565.43;-100.19
51568.36;-100.19
51571.29;-100.50
51574.22;-100.58
51577.15;-100.26
51580.08;-100.11
51583.01;-100.03
51585.94;-100.34
51588.87;-100.34
51591.80;-100.26
51594.73;-100.26
51597.66;-100.11
51600.59;-100.26
51603.52;-100.11
51606.45;-100.11
51609.38;-100.34
51612.30;-99.87
51615.23;-99.87
51618.16;-100.03
51621.09;-100.11
51624.02;-100.34
51626.95;-100.42
51629.88;-100.26
51632.81;-100.03
51635.74;-99.87
51638.67;-100.11
51641.60;-100.26
51644.53;-100.19
51647.46;-100.11
51650.39;-100.11
51653.32;-100.11
51656.25;-100.19
51659.18;-100.26
51662.11;-100.42
51665.04;-100.03
51667.97;-100.26
51670.90;-100.34
51673.83;-100.34
51676.76;-100.50
51679.69;-100.42
51682.62;-100.34
51685.55;-100.26
51688.48;-100.19
51691.41;-100.34
51694.34;-100.34
51697.27;-100.19
51700.20;-100.19
51703.13;-100.19
51706.05;-99.87
51708.98;-100.03
51711.91;-100.65
51714.84;-100.50
51717.77;-100.42
51720.70;-100.19
51723.63;-100.19
51726.56;-100.26
51729.49;-100.34
51732.42;-100.03
51735.35;-99.79
51738.28;-99.56
51741.21;-100.03
51744.14;-100.19
51747.07;-100.19
51750.00;-100.34
51752.93;-100.11
51755.86;-100.34
51758.79;-100.50
51761.72;-100.42
51764.65;-100.26
51767.58;-99.95
51770.51;-100.11
51773.44;-100.19
51776.37;-100.19
51779.30;-100.19
51782.23;-100.42
51785.16;-100.42
51788.09;-100.11
51791.02;-100.03
51793.95;-100.26
51796.88;-100.19
51799.80;-100.26
51802.73;-100.11
51805.66;-100.26
51808.59;-100.34
51811.52;-100.42
51814.45;-100.26
51817.38;-100.19
51820.31;-100.19
51823.24;-100.03
51826.17;-100.42
51829.10;-100.50
51832.03;-100.50
51834.96;-100.42
51837.89;-100.34
51840.82;-100.42
51843.75;-100.26
51846.68;-100.34
51849.61;-100.26
51852.54;-100.34
51855.47;-100.50
51858.40;-100.19
51861.33;-100.26
51864.26;-100.26
51867.19;-100.19
51870.12;-100.34
51873.05;-100.26
51875.98;-100.03
51878.91;-100.42
51881.84;-100.58
51884.77;-100.42
51887.70;-100.19
51890.63;-100.11
51893.55;-100.19
51896.48;-100.11
51899.41;-100.34
51902.34;-100.19
51905.27;-100.19
51908.20;-100.19
51911.13;-100.11
51914.06;-100.11
51916.99;-100.42
51919.92;-100.42
51922.85;-100.03
51925.78;-99.95
51928.71;-100.19
51931.64;-100.26
51934.57;-100.34
51937.50;-100.11
51940.43;-99.64
51943.36;-99.64
51946.29;-99.95
51949.22;-100.19
51952.15;-100.26
51955.08;-100.34
51958.01;-100.11
51960.94;-99.95
51963.87;-100.03
51966.80;-99.87
51969.73;-100.19
51972.66;-100.11
51975.59;-100.19
51978.52;-100.26
51981.45;-100.26
51984.38;-100.03
51987.30;-99.79
51990.23;-100.03
51993.16;-100.19
51996.09;-100.03
51999.02;-99.95
52001.95;-99.87
52004.88;-100.11
52007.81;-100.19
52010.74;-99.87
52013.67;-100.19
52016.60;-100.26
52019.53;-100.19
52022.46;-100.34
52025.39;-100.26
52028.32;-100.34
52031.25;-100.42
52034.18;-100.11
52037.11;-100.03
52040.04;-99.95
52042.97;-100.03
52045.90;-100.50
52048.83;-100.26
52051.76;-100.19
52054.69;-100.19
52057.62;-99.95
52060.55;-100.19
52063.48;-100.42
52066.41;-100.26
52069.34;-100.50
52072.27;-100.50
52075.20;-100.34
52078.13;-100.34
52081.05;-100.34
52083.98;-100.19
52086.91;-100.11
52089.84;-100.34
52092.77;-100.26
52095.70;-100.42
52098.63;-100.19
52101.56;-100.26
52104.49;-100.58
52107.42;-100.42
52110.35;-100.34
52113.28;-100.03
52116.21;-99.95
52119.14;-100.03
52122.07;-100.03
52125.00;-100.19
52127.93;-100.34
52130.86;-100.19
52133.79;-100.03
52136.72;-100.03
52139.65;-99.95
52142.58;-100.03
52145.51;-100.11
52148.44;-100.34
52151.37;-100.26
52154.30;-99.95
52157.23;-99.95
52160.16;-99.95
52163.09;-100.11
52166.02;-100.34
52168.95;-100.26
52171.88;-100.11
52174.80;-100.42
52177.73;-100.42
52180.66;-100.34
52183.59;-100.26
52186.52;-100.34
52189.45;-100.34
52192.38;-100.19
52195.31;-100.19
52198.24;-100.42
52201.17;-100.50
52204.10;-100.11
52207.03;-100.11
52209.96;-100.26
52212.89;-100.26
52215.82;-100.34
52218.75;-100.19
52221.68;-100.19
52224.61;-100.34
52227.54;-100.26
52230.47;-100.19
52233.40;-100.03
52236.33;-99.95
52239.26;-100.19
52242.19;-100.26
52245.12;-100.19
52248.05;-100.34
52250.98;-100.11
52253.91;-100.03
52256.84;-100.26
52259.77;-100.26
52262.70;-100.26
52265.63;-100.19
52268.55;-100.26
52271.48;-100.42
52274.41;-100.26
52277.34;-100.19
52280.27;-100.42
52283.20;-100.11
52286.13;-100.34
52289.06;-100.34
52291.99;-100.11
52294.92;-100.03
52297.85;-100.26
52300.78;-100.34
52303.71;-100.58
52306.64;-100.50
52309.57;-100.42
52312.50;-100.42
52315.43;-100.42
52318.36;-100.26
52321.29;-100.34
52324.22;-100.34
52327.15;-100.26
52330.08;-100.34
52333.01;-100.03
52335.94;-100.03
52338.87;-100.03
52341.80;-99.72
52344.73;-100.03
52347.66;-100.19
52350.59;-100.03
52353.52;-99.95
52356.45;-100.19
52359.38;-99.87
52362.30;-99.95
52365.23;-100.11
52368.16;-100.34
52371.09;-100.34
52374.02;-100.11
52376.95;-99.95
52379.88;-100.11
52382.81;-100.11
52385.74;-100.03
52388.67;-99.95
52391.60;-100.19
52394.53;-100.11
52397.46;-100.03
52400.39;-100.03
52403.32;-100.11
52406.25;-100.26
52409.18;-99.95
52412.11;-100.11
52415.04;-100.34
52417.97;-100.26
52420.90;-100.26
52423.83;-100.03
52426.76;-100.11
52429.69;-100.26
52432.62;-100.03
52435.55;-99.95
52438.48;-100.19
52441.41;-100.19
52444.34;-100.26
52447.27;-100.42
52450.20;-100.42
52453.13;-100.42
52456.05;-100.34
52458.98;-100.26
52461.91;-100.11
52464.84;-100.03
52467.77;-100.11
52470.70;-100.34
52473.63;-100.11
52476.56;-100.03
52479.49;-100.19
52482.42;-99.95
52485.35;-100.11
52488.28;-100.34
52491.21;-100.26
52494.14;-100.26
52497.07;-100.42
52500.00;-100.42
52502.93;-100.34
52505.86;-100.34
52508.79;-100.03
52511.72;-100.26
52514.65;-100.34
52517.58;-100.11
52520.51;-100.03
52523.44;-100.26
52526.37;-100.34
52529.30;-100.11
52532.23;-100.03
52535.16;-100.11
52538.09;-100.58
52541.02;-100.34
52543.95;-100.42
52546.88;-100.50
52549.80;-100.58
52552.73;-100.19
52555.66;-100.03
52558.59;-100.34
52561.52;-100.11
52564.45;-100.19
52567.38;-100.26
52570.31;-100.26
52573.24;-100.26
52576.17;-100.34
52579.10;-100.42
52582.03;-100.19
52584.96;-100.03
52587.89;-100.19
52590.82;-100.34
52593.75;-100.26
52596.68;-100.19
52599.61;-100.26
52602.54;-100.11
52605.47;-100.26
52608.40;-100.19
52611.33;-99.79
52614.26;-100.11
52617.19;-100.19
52620.12;-100.11
52623.05;-100.26
52625.98;-100.26
52628.91;-100.19
52631.84;-100.03
52634.77;-100.11
52637.70;-99.95
52640.63;-99.95
52643.55;-100.11
52646.48;-100.11
52649.41;-100.19
52652.34;-100.11
52655.27;-100.11
52658.20;-100.34
52661.13;-100.50
52664.06;-100.42
52666.99;-100.42
52669.92;-100.34
52672.85;-100.34
52675.78;-100.42
52678.71;-100.26
52681.64;-100.26
52684.57;-100.42
52687.50;-100.26
52690.43;-100.11
52693.36;-100.03
52696.29;-100.34
52699.22;-100.34
52702.15;-100.11
52705.08;-100.26
52708.01;-100.03
52710.94;-100.03
52713.87;-100.11
52716.80;-100.26
52719.73;-100.34
52722.66;-100.34
52725.59;-100.03
52728.52;-100.26
52731.45;-100.19
52734.38;-100.19
52737.30;-100.42
52740.23;-100.11
52743.16;-100.03
52746.09;-99.95
52749.02;-100.19
52751.95;-100.26
52754.88;-100.11
52757.81;-100.03
52760.74;-100.03
52763.67;-100.26
52766.60;-100.03
52769.53;-100.19
52772.46;-100.11
52775.39;-99.95
52778.32;-99.79
52781.25;-100.19
52784.18;-100.34
52787.11;-100.34
52790.04;-100.26
52792.97;-100.34
52795.90;-100.26
52798.83;-100.42
52801.76;-100.26
52804.69;-100.19
52807.62;-100.19
52810.55;-100.19
52813.48;-100.34
52816.41;-100.50
52819.34;-100.26
52822.27;-100.26
52825.20;-99.87
52828.13;-100.03
52831.05;-100.11
52833.98;-100.50
52836.91;-100.50
52839.84;-100.65
52842.77;-100.50
52845.70;-100.34
52848.63;-100.34
52851.56;-100.11
52854.49;-100.11
52857.42;-100.26
52860.35;-100.42
52863.28;-100.34
52866.21;-100.19
52869.14;-100.34
52872.07;-100.34
52875.00;-100.34
52877.93;-100.19
52880.86;-100.11
52883.79;-100.19
52886.72;-99.95
52889.65;-99.95
52892.58;-100.03
52895.51;-100.11
52898.44;-99.95
52901.37;-100.19
52904.30;-100.11
52907.23;-99.95
52910.16;-100.11
52913.09;-100.19
52916.02;-99.87
52918.95;-100.03
52921.88;-100.26
52924.80;-100.26
52927.73;-100.11
52930.66;-100.26
52933.59;-100.34
52936.52;-100.26
52939.45;-100.11
52942.38;-100.34
52945.31;-100.26
52948.24;-100.11
52951.17;-99.95
52954.10;-100.11
52957.03;-100.34
52959.96;-100.11
52962.89;-99.87
52965.82;-100.26
52968.75;-100.42
52971.68;-99.95
52974.61;-100.19
52977.54;-100.11
52980.47;-99.95
52983.40;-100.26
52986.33;-100.19
52989.26;-100.19
52992.19;-100.34
52995.12;-100.34
52998.05;-100.34
53000.98;-100.26
53003.91;-100.26
53006.84;-100.34
53009.77;-100.11
53012.70;-100.26
53015.63;-99.79
53018.55;-99.95
53021.48;-100.11
53024.41;-100.19
53027.34;-100.42
53030.27;-100.34
53033.20;-100.26
53036.13;-100.26
53039.06;-100.19
53041.99;-100.26
53044.92;-100.26
53047.85;-100.19
53050.78;-100.42
53053.71;-100.03
53056.64;-99.95
53059.57;-100.26
53062.50;-100.19
53065.43;-99.95
53068.36;-100.19
53071.29;-100.19
53074.22;-100.11
53077.15;-100.26
53080.08;-100.19
53083.01;-100.11
53085.94;-100.19
53088.87;-100.03
53091.80;-99.95
53094.73;-100.03
53097.66;-100.26
53100.59;-100.42
53103.52;-100.34
53106.45;-100.26
53109.38;-100.26
53112.30;-100.03
53115.23;-100.03
53118.16;-100.34
53121.09;-100.42
53124.02;-100.19
53126.95;-100.34
53129.88;-100.34
53132.81;-100.26
53135.74;-100.03
53138.67;-100.03
53141.60;-100.11
53144.53;-100.03
53147.46;-99.87
53150.39;-100.11
53153.32;-100.11
53156.25;-100.26
53159.18;-100.19
53162.11;-100.03
53165.04;-100.19
53167.97;-100.11
53170.90;-99.95
53173.83;-99.95
53176.76;-99.72
53179.69;-100.03
53182.62;-100.11
53185.55;-100.03
53188.48;-99.95
53191.41;-100.26
53194.34;-100.34
53197.27;-100.11
53200.20;-100.11
53203.13;-100.11
53206.05;-100.26
53208.98;-100.34
53211.91;-100.26
53214.84;-100.26
53217.77;-100.19
53220.70;-100.26
53223.63;-100.19
53226.56;-100.34
53229.49;-100.11
53232.42;-100.42
53235.35;-100.42
53238.28;-100.03
53241.21;-100.19
53244.14;-100.42
53247.07;-100.50
53250.00;-100.11
53252.93;-100.03
53255.86;-99.79
53258.79;-99.87
53261.72;-100.19
53264.65;-100.19
53267.58;-100.42
53270.51;-100.26
53273.44;-100.11
53276.37;-100.26
53279.30;-100.26
53282.23;-100.42
53285.16;-100.42
53288.09;-100.19
53291.02;-100.26
53293.95;-100.42
53296.88;-100.42
53299.80;-100.26
53302.73;-100.03
53305.66;-100.19
53308.59;-100.26
53311.52;-100.03
53314.45;-100.19
53317.38;-100.19
53320.31;-100.11
53323.24;-100.26
53326.17;-100.11
53329.10;-100.19
53332.03;-100.26
53334.96;-99.95
53337.89;-99.95
53340.82;-99.95
53343.75;-100.03
53346.68;-100.19
53349.61;-100.19
53352.54;-100.34
53355.47;-100.03
53358.40;-100.11
53361.33;-99.95
53364.26;-100.03
53367.19;-99.95
53370.12;-99.95
53373.05;-100.11
53375.98;-100.19
53378.91;-100.26
53381.84;-100.42
53384.77;-100.34
53387.70;-100.34
53390.63;-100.26
53393.55;-100.42
53396.48;-100.26
53399.41;-100.11
53402.34;-100.19
53405.27;-100.26
53408.20;-100.03
53411.13;-100.03
53414.06;-100.19
53416.99;-100.34
53419.92;-100.11
53422.85;-100.11
53425.78;-99.95
53428.71;-100.26
53431.64;-100.34
53434.57;-100.42
53437.50;-100.26
53440.43;-100.26
53443.36;-100.42
53446.29;-100.19
53449.22;-100.03
53452.15;-99.95
53455.08;-100.03
53458.01;-100.03
53460.94;-100.19
53463.87;-100.26
53466.80;-100.34
53469.73;-100.19
53472.66;-99.95
53475.59;-99.87
53478.52;-100.19
53481.45;-100.19
53484.38;-100.11
53487.30;-99.87
53490.23;-99.95
53493.16;-100.03
53496.09;-100.11
53499.02;-100.26
53501.95;-100.26
53504.88;-100.11
53507.81;-100.19
53510.74;-100.42
53513.67;-100.34
53516.60;-99.95
53519.53;-100.19
53522.46;-100.19
53525.39;-100.19
53528.32;-100.26
53531.25;-100.11
53534.18;-100.11
53537.11;-100.34
53540.04;-100.34
53542.97;-100.34
53545.90;-100.03
53548.83;-99.87
53551.76;-99.87
53554.69;-100.11
53557.62;-100.34
53560.55;-100.50
53563.48;-100.50
53566.41;-100.34
53569.34;-100.03
53572.27;-99.95
53575.20;-100.19
53578.13;-100.19
53581.05;-100.11
53583.98;-100.03
53586.91;-100.11
53589.84;-100.19
53592.77;-100.19
53595.70;-100.34
53598.63;-100.26
53601.56;-100.11
53604.49;-99.95
53607.42;-100.03
53610.35;-100.19
53613.28;-100.34
53616.21;-100.26
53619.14;-100.34
53622.07;-100.42
53625.00;-100.03
53627.93;-99.87
53630.86;-100.26
53633.79;-100.19
53636.72;-100.42
53639.65;-100.34
53642.58;-100.26
53645.51;-100.03
53648.44;-99.95
53651.37;-100.42
53654.30;-100.58
53657.23;-100.50
53660.16;-100.26
53663.09;-100.11
53666.02;-100.03
53668.95;-100.11
53671.88;-100.19
53674.80;-100.26
53677.73;-100.26
53680.66;-99.95
53683.59;-99.95
53686.52;-100.11
53689.45;-100.26
53692.38;-100.11
53695.31;-99.87
53698.24;-99.95
53701.17;-100.26
53704.10;-100.19
53707.03;-100.19
53709.96;-100.34
53712.89;-100.34
53715.82;-100.42
53718.75;-100.26
53721.68;-100.26
53724.61;-100.34
53727.54;-100.11
53730.47;-100.03
53733.40;-100.11
53736.33;-100.34
53739.26;-100.26
53742.19;-100.11
53745.12;-100.26
53748.05;-100.11
53750.98;-100.26
53753.91;-100.58
53756.84;-100.50
53759.77;-100.19
53762.70;-100.11
53765.63;-100.26
53768.55;-100.42
53771.48;-100.34
53774.41;-100.42
53777.34;-100.19
53780.27;-99.95
53783.20;-100.19
53786.13;-100.03
53789.06;-100.26
53791.99;-100.58
53794.92;-100.42
53797.85;-100.11
53800.78;-99.95
53803.71;-100.03
53806.64;-100.42
53809.57;-100.26
53812.50;-100.03
53815.43;-100.19
53818.36;-100.11
53821.29;-100.11
53824.22;-100.26
53827.15;-100.19
53830.08;-100.11
53833.01;-100.11
53835.94;-100.03
53838.87;-100.26
53841.80;-100.26
53844.73;-99.87
53847.66;-100.11
53850.59;-100.34
53853.52;-100.34
53856.45;-100.26
53859.38;-100.03
53862.30;-99.95
53865.23;-100.11
53868.16;-100.26
53871.09;-100.11
53874.02;-100.11
53876.95;-100.03
53879.88;-100.26
53882.81;-100.50
53885.74;-100.34
53888.67;-100.11
53891.60;-100.03
53894.53;-100.19
53897.46;-100.42
53900.39;-100.11
53903.32;-100.03
53906.25;-100.03
53909.18;-100.34
53912.11;-100.58
53915.04;-100.34
53917.97;-100.11
53920.90;-100.11
53923.83;-100.03
53926.76;-100.19
53929.69;-100.26
53932.62;-100.03
53935.55;-100.34
53938.48;-100.42
53941.41;-100.34
53944.34;-100.34
53947.27;-100.34
53950.20;-100.19
53953.13;-100.11
53956.05;-100.03
53958.98;-99.95
53961.91;-100.03
53964.84;-100.03
53967.77;-100.11
53970.70;-100.26
53973.63;-100.34
53976.56;-100.19
53979.49;-100.03
53982.42;-100.19
53985.35;-100.11
53988.28;-100.19
53991.21;-100.34
53994.14;-100.19
53997.07;-100.03
54000.00;-99.95
54002.93;-100.03
54005.86;-100.19
54008.79;-100.11
54011.72;-100.19
54014.65;-100.34
54017.58;-100.34
54020.51;-100.11
54023.44;-100.03
54026.37;-100.11
54029.30;-100.42
54032.23;-100.11
54035.16;-99.95
54038.09;-99.87
54041.02;-99.95
54043.95;-100.03
54046.88;-100.03
54049.80;-100.11
54052.73;-100.19
54055.66;-100.19
54058.59;-100.19
54061.52;-100.11
54064.45;-100.19
54067.38;-100.34
54070.31;-100.19
54073.24;-100.19
54076.17;-100.19
54079.10;-100.03
54082.03;-100.11
54084.96;-100.34
54087.89;-100.19
54090.82;-100.11
54093.75;-100.19
54096.68;-100.19
54099.61;-100.11
54102.54;-99.95
54105.47;-99.87
54108.40;-100.26
54111.33;-100.26
54114.26;-100.19
54117.19;-100.34
54120.12;-100.19
54123.05;-100.34
54125.98;-100.19
54128.91;-100.19
54131.84;-99.87
54134.77;-99.79
54137.70;-100.11
54140.63;-99.95
54143.55;-100.11
54146.48;-100.19
54149.41;-100.34
54152.34;-100.26
54155.27;-100.19
54158.20;-100.19
54161.13;-100.11
54164.06;-100.03
54166.99;-100.34
54169.92;-100.34
54172.85;-100.19
54175.78;-100.19
54178.71;-100.11
54181.64;-100.03
54184.57;-100.34
54187.50;-100.26
54190.43;-100.34
54193.36;-100.42
54196.29;-100.34
54199.22;-100.11
54202.15;-99.95
54205.08;-99.79
54208.01;-99.87
54210.94;-99.95
54213.87;-100.19
54216.80;-100.11
54219.73;-100.11
54222.66;-99.95
54225.59;-99.95
54228.52;-100.11
54231.45;-99.95
54234.38;-100.11
54237.30;-100.26
54240.23;-100.19
54243.16;-99.95
54246.09;-100.03
54249.02;-100.19
54251.95;-100.19
54254.88;-100.03
54257.81;-100.19
54260.74;-100.42
54263.67;-100.26
54266.60;-100.03
54269.53;-100.19
54272.46;-100.03
54275.39;-99.79
54278.32;-99.95
54281.25;-100.03
54284.18;-100.03
54287.11;-99.72
54290.04;-100.03
54292.97;-100.03
54295.90;-100.11
54298.83;-99.95
54301.76;-99.87
54304.69;-100.03
54307.62;-100.11
54310.55;-100.19
54313.48;-100.03
54316.41;-99.95
54319.34;-100.11
54322.27;-100.11
54325.20;-100.11
54328.13;-100.03
54331.05;-100.11
54333.98;-100.50
54336.91;-100.42
54339.84;-100.26
54342.77;-100.58
54345.70;-100.26
54348.63;-99.95
54351.56;-100.42
54354.49;-100.42
54357.42;-100.26
54360.35;-100.26
54363.28;-100.11
54366.21;-100.03
54369.14;-100.19
54372.07;-100.50
54375.00;-100.42
54377.93;-100.26
54380.86;-100.19
54383.79;-100.34
54386.72;-100.42
54389.65;-100.50
54392.58;-100.58
54395.51;-100.26
54398.44;-100.03
54401.37;-100.11
54404.30;-100.11
54407.23;-100.26
54410.16;-100.26
54413.09;-100.19
54416.02;-99.95
54418.95;-100.26
54421.88;-100.26
54424.80;-100.03
54427.73;-100.19
54430.66;-99.95
54433.59;-99.87
54436.52;-100.03
54439.45;-100.26
54442.38;-100.19
54445.31;-100.19
54448.24;-100.19
54451.17;-100.34
54454.10;-100.42
54457.03;-100.26
54459.96;-100.42
54462.89;-100.65
54465.82;-100.11
54468.75;-100.03
54471.68;-100.42
54474.61;-100.11
54477.54;-100.03
54480.47;-100.19
54483.40;-100.19
54486.33;-100.26
54489.26;-100.42
54492.19;-100.11
54495.12;-100.19
54498.05;-100.19
54500.98;-100.19
54503.91;-100.34
54506.84;-100.34
54509.77;-100.42
54512.70;-100.03
54515.63;-100.11
54518.55;-100.11
54521.48;-100.11
54524.41;-100.19
54527.34;-99.95
54530.27;-100.11
54533.20;-100.11
54536.13;-99.95
54539.06;-100.19
54541.99;-100.11
54544.92;-100.19
54547.85;-100.26
54550.78;-100.11
54553.71;-99.95
54556.64;-100.11
54559.57;-100.19
54562.50;-100.26
54565.43;-99.95
54568.36;-99.95
54571.29;-99.95
54574.22;-99.95
54577.15;-99.87
54580.08;-100.03
54583.01;-100.26
54585.94;-100.03
54588.87;-100.11
54591.80;-100.11
54594.73;-100.11
54597.66;-100.03
54600.59;-99.95
54603.52;-99.95
54606.45;-100.11
54609.38;-100.26
54612.30;-100.03
54615.23;-99.79
54618.16;-99.87
54621.09;-99.95
54624.02;-99.79
54626.95;-99.95
54629.88;-100.19
54632.81;-100.03
54635.74;-100.03
54638.67;-100.03
54641.60;-99.95
54644.53;-100.03
54647.46;-99.95
54650.39;-99.79
54653.32;-99.87
54656.25;-100.26
54659.18;-100.26
54662.11;-100.11
54665.04;-100.19
54667.97;-99.95
54670.90;-100.03
54673.83;-99.95
54676.76;-99.95
54679.69;-100.11
54682.62;-100.03
54685.55;-100.03
54688.48;-99.95
54691.41;-100.11
54694.34;-99.95
54697.27;-100.03
54700.20;-100.34
54703.13;-100.11
54706.05;-99.87
54708.98;-100.11
54711.91;-100.34
54714.84;-100.26
54717.77;-100.11
54720.70;-100.11
54723.63;-100.03
54726.56;-99.72
54729.49;-99.87
54732.42;-100.34
54735.35;-100.26
54738.28;-100.11
54741.21;-100.34
54744.14;-100.19
54747.07;-100.11
54750.00;-100.11
54752.93;-100.03
54755.86;-100.26
54758.79;-100.19
54761.72;-100.03
54764.65;-100.19
54767.58;-100.26
54770.51;-100.34
54773.44;-100.11
54776.37;-100.11
54779.30;-100.42
54782.23;-100.26
54785.16;-100.26
54788.09;-99.95
54791.02;-100.03
54793.95;-100.11
54796.88;-100.11
54799.80;-100.19
54802.73;-100.19
54805.66;-99.95
54808.59;-100.03
54811.52;-100.11
54814.45;-100.19
54817.38;-100.11
54820.31;-100.42
54823.24;-100.26
54826.17;-99.95
54829.10;-100.03
54832.03;-100.11
54834.96;-100.34
54837.89;-100.11
54840.82;-100.11
54843.75;-100.03
54846.68;-100.11
54849.61;-100.03
54852.54;-100.03
54855.47;-99.95
54858.40;-100.26
54861.33;-100.50
54864.26;-100.19
54867.19;-100.03
54870.12;-100.03
54873.05;-100.19
54875.98;-100.34
54878.91;-100.34
54881.84;-100.42
54884.77;-100.42
54887.70;-100.34
54890.63;-100.11
54893.55;-100.11
54896.48;-99.64
54899.41;-99.79
54902.34;-99.87
54905.27;-100.03
54908.20;-100.34
54911.13;-100.11
54914.06;-99.95
54916.99;-99.79
54919.92;-100.11
54922.85;-100.42
54925.78;-100.19
54928.71;-100.26
54931.64;-100.11
54934.57;-100.11
54937.50;-100.26
54940.43;-100.03
54943.36;-100.11
54946.29;-100.03
54949.22;-100.34
54952.15;-100.34
54955.08;-100.26
54958.01;-100.11
54960.94;-100.11
54963.87;-99.95
54966.80;-100.19
54969.73;-100.11
54972.66;-99.87
54975.59;-100.11
54978.52;-100.11
54981.45;-100.03
54984.38;-100.19
54987.30;-100.42
54990.23;-100.50
54993.16;-100.19
54996.09;-100.26
54999.02;-100.26
55001.95;-100.11
55004.88;-100.26
55007.81;-100.19
55010.74;-100.03
55013.67;-100.34
55016.60;-100.26
55019.53;-100.03
55022.46;-100.19
55025.39;-100.11
55028.32;-100.11
55031.25;-100.26
55034.18;-100.26
55037.11;-100.03
55040.04;-100.34
55042.97;-100.34
55045.90;-100.26
55048.83;-100.03
55051.76;-100.11
55054.69;-99.95
55057.62;-99.95
55060.55;-99.95
55063.48;-99.79
55066.41;-100.11
55069.34;-100.11
55072.27;-99.95
55075.20;-100.19
55078.13;-100.03
55081.05;-100.03
55083.98;-100.03
55086.91;-100.11
55089.84;-100.03
55092.77;-99.95
55095.70;-99.95
55098.63;-99.72
55101.56;-99.95
55104.49;-100.03
55107.42;-100.11
55110.35;-100.34
55113.28;-100.42
55116.21;-100.19
55119.14;-99.79
55122.07;-99.87
55125.00;-100.34
55127.93;-100.26
55130.86;-100.03
55133.79;-100.11
55136.72;-100.26
55139.65;-100.34
55142.58;-100.26
55145.51;-99.87
55148.44;-100.26
55151.37;-100.42
55154.30;-100.19
55157.23;-99.79
55160.16;-99.95
55163.09;-100.19
55166.02;-100.03
55168.95;-100.03
55171.88;-99.87
55174.80;-99.87
55177.73;-100.03
55180.66;-99.95
55183.59;-100.03
55186.52;-100.34
55189.45;-100.26
55192.38;-100.11
55195.31;-100.11
55198.24;-100.11
55201.17;-100.11
55204.10;-99.95
55207.03;-100.11
55209.96;-100.11
55212.89;-100.03
55215.82;-100.19
55218.75;-100.26
55221.68;-100.11
55224.61;-100.11
55227.54;-100.19
55230.47;-100.03
55233.40;-99.87
55236.33;-99.95
55239.26;-100.19
55242.19;-100.11
55245.12;-99.87
55248.05;-99.95
55250.98;-99.95
55253.91;-99.95
55256.84;-100.03
55259.77;-100.19
55262.70;-100.11
55265.63;-100.26
55268.55;-100.26
55271.48;-99.95
55274.41;-99.72
55277.34;-99.87
55280.27;-100.03
55283.20;-100.03
55286.13;-100.34
55289.06;-100.34
55291.99;-99.95
55294.92;-99.87
55297.85;-100.11
55300.78;-100.11
55303.71;-100.11
55306.64;-100.26
55309.57;-100.34
55312.50;-100.50
55315.43;-100.26
55318.36;-100.26
55321.29;-100.03
55324.22;-100.19
55327.15;-100.26
55330.08;-100.11
55333.01;-100.11
55335.94;-100.19
55338.87;-100.03
55341.80;-100.34
55344.73;-100.11
55347.66;-99.87
55350.59;-100.03
55353.52;-100.03
55356.45;-99.72
55359.38;-99.95
55362.30;-99.95
55365.23;-99.95
55368.16;-100.11
55371.09;-100.11
55374.02;-99.95
55376.95;-100.11
55379.88;-100.19
55382.81;-99.95
55385.74;-99.87
55388.67;-99.95
55391.60;-100.19
55394.53;-100.19
55397.46;-100.34
55400.39;-100.50
55403.32;-100.26
55406.25;-100.26
55409.18;-99.95
55412.11;-99.95
55415.04;-99.87
55417.97;-100.11
55420.90;-100.03
55423.83;-100.58
55426.76;-100.58
55429.69;-100.11
55432.62;-100.11
55435.55;-100.11
55438.48;-100.11
55441.41;-99.95
55444.34;-99.95
55447.27;-99.95
55450.20;-99.87
55453.13;-99.87
55456.05;-100.26
55458.98;-100.26
55461.91;-100.34
55464.84;-99.95
55467.77;-100.03
55470.70;-99.87
55473.63;-100.03
55476.56;-100.11
55479.49;-100.11
55482.42;-100.19
55485.35;-99.95
55488.28;-99.95
55491.21;-99.95
55494.14;-100.03
55497.07;-100.26
55500.00;-100.03
55502.93;-99.87
55505.86;-100.11
55508.79;-100.03
55511.72;-100.42
55514.65;-100.42
55517.58;-100.03
55520.51;-100.19
55523.44;-100.26
55526.37;-100.34
55529.30;-100.50
55532.23;-100.26
55535.16;-100.11
55538.09;-100.11
55541.02;-100.26
55543.95;-99.95
55546.88;-100.19
55549.80;-100.26
55552.73;-100.03
55555.66;-100.26
55558.59;-100.03
55561.52;-99.95
55564.45;-100.26
55567.38;-100.34
55570.31;-100.26
55573.24;-99.95
55576.17;-99.95
55579.10;-99.95
55582.03;-100.11
55584.96;-100.26
55587.89;-100.34
55590.82;-100.03
55593.75;-100.03
55596.68;-100.11
55599.61;-100.11
55602.54;-100.03
55605.47;-99.72
55608.40;-99.95
55611.33;-100.11
55614.26;-100.19
55617.19;-100.11
55620.12;-99.87
55623.05;-100.26
55625.98;-100.26
55628.91;-100.19
55631.84;-100.26
55634.77;-100.34
55637.70;-100.19
55640.63;-100.19
55643.55;-99.95
55646.48;-100.11
55649.41;-100.26
55652.34;-100.26
55655.27;-100.11
55658.20;-100.11
55661.13;-99.95
55664.06;-100.03
55666.99;-100.42
55669.92;-100.26
55672.85;-100.42
55675.78;-100.19
55678.71;-100.03
55681.64;-100.11
55684.57;-100.11
55687.50;-100.11
55690.43;-99.95
55693.36;-100.11
55696.29;-99.95
55699.22;-99.95
55702.15;-100.03
55705.08;-100.19
55708.01;-100.34
55710.94;-100.34
55713.87;-100.03
55716.80;-100.34
55719.73;-100.11
55722.66;-100.11
55725.59;-100.34
55728.52;-100.26
55731.45;-99.95
55734.38;-100.11
55737.30;-100.34
55740.23;-100.34
55743.16;-100.19
55746.09;-99.95
55749.02;-99.79
55751.95;-99.95
55754.88;-99.95
55757.81;-99.95
55760.74;-100.03
55763.67;-100.19
55766.60;-100.26
55769.53;-99.95
55772.46;-100.03
55775.39;-99.95
55778.32;-100.11
55781.25;-99.95
55784.18;-99.95
55787.11;-99.87
55790.04;-99.95
55792.97;-99.95
55795.90;-100.03
55798.83;-100.03
55801.76;-100.11
55804.69;-100.03
55807.62;-99.87
55810.55;-99.87
55813.48;-100.19
55816.41;-100.11
55819.34;-100.34
55822.27;-100.50
55825.20;-100.26
55828.13;-100.19
55831.05;-100.26
55833.98;-100.26
55836.91;-100.34
55839.84;-100.34
55842.77;-100.19
55845.70;-99.87
55848.63;-99.87
55851.56;-100.03
55854.49;-99.95
55857.42;-99.87
55860.35;-100.26
55863.28;-100.11
55866.21;-99.95
55869.14;-100.11
55872.07;-99.95
55875.00;-99.79
55877.93;-99.79
55880.86;-99.95
55883.79;-99.95
55886.72;-100.11
55889.65;-100.26
55892.58;-100.11
55895.51;-100.03
55898.44;-100.19
55901.37;-100.03
55904.30;-100.19
55907.23;-100.19
55910.16;-100.11
55913.09;-100.34
55916.02;-100.11
55918.95;-100.03
55921.88;-100.11
55924.80;-100.19
55927.73;-100.11
55930.66;-100.26
55933.59;-100.11
55936.52;-99.95
55939.45;-100.26
55942.38;-100.11
55945.31;-100.11
55948.24;-99.79
55951.17;-99.95
55954.10;-100.03
55957.03;-99.87
55959.96;-100.19
55962.89;-100.11
55965.82;-100.26
55968.75;-100.19
55971.68;-100.11
55974.61;-100.26
55977.54;-100.11
55980.47;-100.19
55983.40;-100.34
55986.33;-100.03
55989.26;-99.95
55992.19;-100.34
55995.12;-100.34
55998.05;-100.26
56000.98;-100.26
56003.91;-100.11
56006.84;-99.87
56009.77;-99.95
56012.70;-99.87
56015.63;-99.79
56018.55;-99.87
56021.48;-100.19
56024.41;-100.26
56027.34;-100.26
56030.27;-100.11
56033.20;-100.03
56036.13;-100.19
56039.06;-100.26
56041.99;-100.19
56044.92;-100.03
56047.85;-99.95
56050.78;-100.11
56053.71;-100.26
56056.64;-100.19
56059.57;-100.11
56062.50;-99.87
56065.43;-100.11
56068.36;-100.34
56071.29;-100.34
56074.22;-100.58
56077.15;-100.42
56080.08;-100.03
56083.01;-100.11
56085.94;-100.19
56088.87;-100.03
56091.80;-100.03
56094.73;-100.19
56097.66;-100.03
56100.59;-99.95
56103.52;-99.95
56106.45;-100.19
56109.38;-100.26
56112.30;-100.26
56115.23;-100.11
56118.16;-99.79
56121.09;-100.03
56124.02;-100.26
56126.95;-100.42
56129.88;-100.26
56132.81;-100.03
56135.74;-100.11
56138.67;-100.34
56141.60;-100.11
56144.53;-100.03
56147.46;-100.11
56150.39;-100.26
56153.32;-100.19
56156.25;-100.03
56159.18;-100.03
56162.11;-100.03
56165.04;-99.95
56167.97;-100.11
56170.90;-100.26
56173.83;-100.34
56176.76;-100.42
56179.69;-100.50
56182.62;-100.19
56185.55;-99.95
56188.48;-99.95
56191.41;-99.95
56194.34;-100.19
56197.27;-100.34
56200.20;-100.19
56203.13;-100.03
56206.05;-100.19
56208.98;-100.19
56211.91;-100.42
56214.84;-100.26
56217.77;-99.95
56220.70;-100.19
56223.63;-100.50
56226.56;-100.11
56229.49;-100.03
56232.42;-100.19
56235.35;-100.11
56238.28;-99.95
56241.21;-100.11
56244.14;-100.26
56247.07;-100.03
56250.00;-100.19
56252.93;-100.19
56255.86;-100.11
56258.79;-100.26
56261.72;-100.42
56264.65;-100.19
56267.58;-99.87
56270.51;-99.95
56273.44;-100.26
56276.37;-100.65
56279.30;-100.34
56282.23;-100.11
56285.16;-100.26
56288.09;-100.19
56291.02;-100.19
56293.95;-100.19
56296.88;-100.19
56299.80;-100.26
56302.73;-100.03
56305.66;-100.19
56308.59;-100.11
56311.52;-100.19
56314.45;-100.42
56317.38;-100.34
56320.31;-99.95
56323.24;-100.19
56326.17;-100.19
56329.10;-99.95
56332.03;-99.95
56334.96;-99.87
56337.89;-99.95
56340.82;-100.19
56343.75;-99.95
56346.68;-99.79
56349.61;-100.03
56352.54;-100.26
56355.47;-100.19
56358.40;-100.19
56361.33;-99.95
56364.26;-99.95
56367.19;-100.03
56370.12;-100.34
56373.05;-100.26
56375.98;-100.03
56378.91;-99.95
56381.84;-100.03
56384.77;-100.26
56387.70;-100.11
56390.63;-100.03
56393.55;-100.03
56396.48;-100.11
56399.41;-100.03
56402.34;-99.79
56405.27;-99.79
56408.20;-99.95
56411.13;-100.11
56414.06;-100.19
56416.99;-100.19
56419.92;-100.19
56422.85;-100.26
56425.78;-100.42
56428.71;-100.19
56431.64;-100.03
56434.57;-100.26
56437.50;-100.50
56440.43;-100.19
56443.36;-100.34
56446.29;-100.34
56449.22;-100.19
56452.15;-100.11
56455.08;-100.34
56458.01;-100.50
56460.94;-100.34
56463.87;-100.19
56466.80;-100.03
56469.73;-99.87
56472.66;-99.87
56475.59;-100.11
56478.52;-100.19
56481.45;-100.26
56484.38;-100.11
56487.30;-100.11
56490.23;-100.19
56493.16;-100.11
56496.09;-99.72
56499.02;-99.87
56501.95;-99.72
56504.88;-100.03
56507.81;-100.42
56510.74;-100.50
56513.67;-100.19
56516.60;-99.87
56519.53;-99.87
56522.46;-99.95
56525.39;-100.19
56528.32;-100.11
56531.25;-100.19
56534.18;-100.19
56537.11;-100.19
56540.04;-100.19
56542.97;-100.11
56545.90;-100.03
56548.83;-100.03
56551.76;-100.34
56554.69;-100.34
56557.62;-100.34
56560.55;-100.42
56563.48;-100.26
56566.41;-100.11
56569.34;-99.95
56572.27;-99.95
56575.20;-100.03
56578.13;-100.19
56581.05;-100.19
56583.98;-99.95
56586.91;-100.58
56589.84;-100.42
56592.77;-100.03
56595.70;-100.03
56598.63;-100.19
56601.56;-100.03
56604.49;-100.03
56607.42;-100.19
56610.35;-99.87
56613.28;-99.87
56616.21;-100.03
56619.14;-100.26
56622.07;-100.26
56625.00;-100.26
56627.93;-100.19
56630.86;-100.11
56633.79;-100.11
56636.72;-100.19
56639.65;-100.19
56642.58;-100.19
56645.51;-100.19
56648.44;-100.19
56651.37;-99.79
56654.30;-100.11
56657.23;-100.34
56660.16;-100.11
56663.09;-100.11
56666.02;-100.26
56668.95;-99.95
56671.88;-99.95
56674.80;-100.19
56677.73;-100.19
56680.66;-100.19
56683.59;-100.34
56686.52;-100.34
56689.45;-100.19
56692.38;-100.19
56695.31;-100.34
56698.24;-100.11
56701.17;-100.11
56704.10;-100.34
56707.03;-100.34
56709.96;-100.11
56712.89;-99.95
56715.82;-99.95
56718.75;-100.11
56721.68;-100.03
56724.61;-100.11
56727.54;-100.26
56730.47;-100.26
56733.40;-100.50
56736.33;-100.11
56739.26;-99.87
56742.19;-100.03
56745.12;-100.26
56748.05;-100.19
56750.98;-100.19
56753.91;-100.19
56756.84;-100.26
56759.77;-99.95
56762.70;-100.11
56765.63;-100.11
56768.55;-99.72
56771.48;-99.87
56774.41;-100.19
56777.34;-100.03
56780.27;-100.03
56783.20;-100.11
56786.13;-100.03
56789.06;-99.95
56791.99;-100.34
56794.92;-100.19
56797.85;-100.11
56800.78;-100.26
56803.71;-100.26
56806.64;-100.19
56809.57;-100.34
56812.50;-100.26
56815.43;-100.19
56818.36;-100.19
56821.29;-100.11
56824.22;-100.11
56827.15;-100.19
56830.08;-100.34
56833.01;-100.42
56835.94;-100.11
56838.87;-99.95
56841.80;-99.87
56844.73;-99.79
56847.66;-99.72
56850.59;-99.87
56853.52;-100.19
56856.45;-100.19
56859.38;-99.95
56862.30;-100.19
56865.23;-100.19
56868.16;-100.26
56871.09;-100.42
56874.02;-100.26
56876.95;-100.34
56879.88;-100.50
56882.81;-100.19
56885.74;-99.87
56888.67;-99.95
56891.60;-100.19
56894.53;-100.11
56897.46;-100.19
56900.39;-100.26
56903.32;-100.26
56906.25;-100.03
56909.18;-99.79
56912.11;-100.11
56915.04;-100.65
56917.97;-100.42
56920.90;-100.19
56923.83;-99.95
56926.76;-100.19
56929.69;-100.11
56932.62;-99.87
56935.55;-100.11
56938.48;-100.19
56941.41;-100.34
56944.34;-100.19
56947.27;-99.87
56950.20;-99.95
56953.13;-100.19
56956.05;-100.19
56958.98;-100.19
56961.91;-99.95
56964.84;-100.11
56967.77;-100.19
56970.70;-100.11
56973.63;-99.87
56976.56;-99.95
56979.49;-100.26
56982.42;-100.19
56985.35;-100.03
56988.28;-100.11
56991.21;-100.34
56994.14;-100.11
56997.07;-100.19
57000.00;-100.11
57002.93;-99.95
57005.86;-100.26
57008.79;-100.19
57011.72;-100.19
57014.65;-100.26
57017.58;-100.19
57020.51;-100.19
57023.44;-100.26
57026.37;-100.03
57029.30;-100.11
57032.23;-100.11
57035.16;-99.95
57038.09;-100.26
57041.02;-100.19
57043.95;-100.03
57046.88;-100.03
57049.80;-99.87
57052.73;-99.95
57055.66;-100.34
57058.59;-100.26
57061.52;-100.11
57064.45;-100.26
57067.38;-100.26
57070.31;-99.95
57073.24;-99.87
57076.17;-99.95
57079.10;-100.42
57082.03;-100.34
57084.96;-99.95
57087.89;-100.11
57090.82;-100.50
57093.75;-100.26
57096.68;-100.11
57099.61;-99.79
57102.54;-99.95
57105.47;-100.26
57108.40;-100.11
57111.33;-99.95
57114.26;-100.03
57117.19;-100.19
57120.12;-100.03
57123.05;-100.03
57125.98;-100.11
57128.91;-100.19
57131.84;-100.11
57134.77;-100.42
57137.70;-100.11
57140.63;-100.11
57143.55;-100.03
57146.48;-99.95
57149.41;-99.87
57152.34;-100.26
57155.27;-100.42
57158.20;-100.11
57161.13;-99.95
57164.06;-100.19
57166.99;-100.03
57169.92;-100.19
57172.85;-100.26
57175.78;-100.03
57178.71;-99.87
57181.64;-99.79
57184.57;-100.03
57187.50;-99.95
57190.43;-100.19
57193.36;-100.26
57196.29;-100.19
57199.22;-100.11
57202.15;-100.26
57205.08;-100.19
57208.01;-100.03
57210.94;-99.87
57213.87;-100.11
57216.80;-100.34
57219.73;-100.34
57222.66;-100.26
57225.59;-99.72
57228.52;-99.95
57231.45;-100.50
57234.38;-100.19
57237.30;-100.19
57240.23;-100.19
57243.16;-100.11
57246.09;-100.19
57249.02;-99.87
57251.95;-100.11
57254.88;-100.26
57257.81;-100.11
57260.74;-100.03
57263.67;-99.72
57266.60;-99.72
57269.53;-99.95
57272.46;-100.11
57275.39;-100.19
57278.32;-100.11
57281.25;-100.11
57284.18;-100.11
57287.11;-100.26
57290.04;-100.34
57292.97;-100.34
57295.90;-100.19
57298.83;-100.11
57301.76;-100.03
57304.69;-99.95
57307.62;-100.26
57310.55;-100.11
57313.48;-100.03
57316.41;-100.11
57319.34;-100.03
57322.27;-100.03
57325.20;-100.11
57328.13;-100.11
57331.05;-100.03
57333.98;-100.26
57336.91;-100.11
57339.84;-99.79
57342.77;-99.72
57345.70;-99.95
57348.63;-100.19
57351.56;-99.95
57354.49;-99.95
57357.42;-100.03
57360.35;-100.26
57363.28;-100.03
57366.21;-100.03
57369.14;-100.11
57372.07;-100.11
57375.00;-100.26
57377.93;-100.34
57380.86;-100.19
57383.79;-100.03
57386.72;-100.03
57389.65;-100.11
57392.58;-100.11
57395.51;-99.87
57398.44;-99.95
57401.37;-99.87
57404.30;-100.03
57407.23;-100.11
57410.16;-100.11
57413.09;-99.95
57416.02;-100.03
57418.95;-99.79
57421.88;-100.11
57424.80;-100.19
57427.73;-100.19
57430.66;-99.95
57433.59;-99.95
57436.52;-99.87
57439.45;-99.95
57442.38;-100.19
57445.31;-100.19
57448.24;-100.03
57451.17;-100.11
57454.10;-100.19
57457.03;-100.19
57459.96;-100.11
57462.89;-99.87
57465.82;-99.95
57468.75;-100.03
57471.68;-100.26
57474.61;-100.19
57477.54;-100.11
57480.47;-100.03
57483.40;-100.03
57486.33;-100.03
57489.26;-99.87
57492.19;-100.11
57495.12;-100.11
57498.05;-100.11
57500.98;-100.26
57503.91;-100.26
57506.84;-100.11
57509.77;-99.95
57512.70;-100.03
57515.63;-99.95
57518.55;-99.95
57521.48;-100.26
57524.41;-100.42
57527.34;-100.03
57530.27;-99.95
57533.20;-100.26
57536.13;-100.34
57539.06;-100.19
57541.99;-100.26
57544.92;-100.03
57547.85;-99.72
57550.78;-99.72
57553.71;-99.64
57556.64;-99.79
57559.57;-99.72
57562.50;-100.03
57565.43;-100.11
57568.36;-100.19
57571.29;-100.26
57574.22;-99.87
57577.15;-100.11
57580.08;-100.11
57583.01;-100.03
57585.94;-99.95
57588.87;-100.19
57591.80;-100.34
57594.73;-100.34
57597.66;-100.42
57600.59;-100.19
57603.52;-100.19
57606.45;-99.87
57609.38;-99.87
57612.30;-99.87
57615.23;-99.95
57618.16;-100.03
57621.09;-99.87
57624.02;-100.19
57626.95;-100.19
57629.88;-100.19
57632.81;-100.26
57635.74;-100.34
57638.67;-100.42
57641.60;-100.03
57644.53;-99.95
57647.46;-100.26
57650.39;-99.95
57653.32;-99.95
57656.25;-100.03
57659.18;-100.19
57662.11;-100.11
57665.04;-100.34
57667.97;-100.03
57670.90;-100.03
57673.83;-100.03
57676.76;-99.87
57679.69;-99.56
57682.62;-100.19
57685.55;-100.42
57688.48;-100.26
57691.41;-100.34
57694.34;-100.26
57697.27;-100.11
57700.20;-100.26
57703.13;-100.19
57706.05;-100.19
57708.98;-100.26
57711.91;-100.11
57714.84;-100.11
57717.77;-100.26
57720.70;-100.03
57723.63;-100.19
57726.56;-100.42
57729.49;-100.26
57732.42;-100.11
57735.35;-99.79
57738.28;-100.11
57741.21;-100.19
57744.14;-100.19
57747.07;-100.19
57750.00;-99.95
57752.93;-100.11
57755.86;-100.11
57758.79;-100.34
57761.72;-100.11
57764.65;-99.95
57767.58;-100.11
57770.51;-100.11
57773.44;-100.11
57776.37;-100.19
57779.30;-99.95
57782.23;-99.95
57785.16;-99.79
57788.09;-99.87
57791.02;-99.95
57793.95;-100.19
57796.88;-100.34
57799.80;-100.34
57802.73;-100.26
57805.66;-100.34
57808.59;-100.42
57811.52;-100.34
57814.45;-100.03
57817.38;-99.95
57820.31;-100.26
57823.24;-100.26
57826.17;-100.34
57829.10;-100.26
57832.03;-99.95
57834.96;-99.87
57837.89;-100.11
57840.82;-99.87
57843.75;-99.95
57846.68;-100.34
57849.61;-100.50
57852.54;-100.19
57855.47;-100.11
57858.40;-100.50
57861.33;-100.11
57864.26;-100.19
57867.19;-100.19
57870.12;-100.03
57873.05;-100.11
57875.98;-100.11
57878.91;-100.11
57881.84;-99.87
57884.77;-99.87
57887.70;-99.87
57890.63;-100.03
57893.55;-99.95
57896.48;-99.95
57899.41;-100.19
57902.34;-100.19
57905.27;-100.11
57908.20;-100.19
57911.13;-100.26
57914.06;-100.26
57916.99;-100.42
57919.92;-100.26
57922.85;-99.95
57925.78;-99.95
57928.71;-100.26
57931.64;-100.42
57934.57;-100.34
57937.50;-100.26
57940.43;-100.19
57943.36;-100.11
57946.29;-99.87
57949.22;-100.03
57952.15;-100.19
57955.08;-100.03
57958.01;-100.03
57960.94;-100.03
57963.87;-100.19
57966.80;-100.03
57969.73;-100.03
57972.66;-100.11
57975.59;-100.26
57978.52;-100.34
57981.45;-100.26
57984.38;-100.34
57987.30;-100.19
57990.23;-100.03
57993.16;-99.95
57996.09;-99.95
57999.02;-100.19
58001.95;-100.26
58004.88;-100.19
58007.81;-100.26
58010.74;-100.26
58013.67;-100.42
58016.60;-100.34
58019.53;-100.11
58022.46;-100.03
58025.39;-100.19
58028.32;-100.11
58031.25;-99.79
58034.18;-100.19
58037.11;-100.42
58040.04;-100.34
58042.97;-100.26
58045.90;-100.11
58048.83;-100.11
58051.76;-100.03
58054.69;-100.03
58057.62;-100.03
58060.55;-100.19
58063.48;-100.19
58066.41;-100.19
58069.34;-99.95
58072.27;-99.95
58075.20;-100.03
58078.13;-100.34
58081.05;-100.19
58083.98;-99.95
58086.91;-100.11
58089.84;-100.19
58092.77;-100.11
58095.70;-100.26
58098.63;-100.11
58101.56;-100.11
58104.49;-99.95
58107.42;-99.64
58110.35;-99.87
58113.28;-100.03
58116.21;-100.03
58119.14;-99.95
58122.07;-100.03
58125.00;-100.34
58127.93;-100.34
58130.86;-100.03
58133.79;-100.11
58136.72;-100.34
58139.65;-100.19
58142.58;-100.34
58145.51;-100.03
58148.44;-99.95
58151.37;-99.95
58154.30;-100.11
58157.23;-100.11
58160.16;-100.19
58163.09;-100.03
58166.02;-100.11
58168.95;-100.03
58171.88;-100.11
58174.80;-100.11
58177.73;-100.26
58180.66;-100.03
58183.59;-100.03
58186.52;-100.19
58189.45;-100.03
58192.38;-100.11
58195.31;-100.26
58198.24;-100.11
58201.17;-100.11
58204.10;-100.34
58207.03;-100.26
58209.96;-100.03
58212.89;-99.95
58215.82;-100.03
58218.75;-100.19
58221.68;-100.26
58224.61;-100.42
58227.54;-100.34
58230.47;-100.34
58233.40;-100.19
58236.33;-100.19
58239.26;-100.26
58242.19;-100.50
58245.12;-100.11
58248.05;-100.03
58250.98;-100.03
58253.91;-100.19
58256.84;-100.19
58259.77;-100.26
58262.70;-100.26
58265.63;-100.19
58268.55;-100.34
58271.48;-100.26
58274.41;-100.11
58277.34;-99.95
58280.27;-100.03
58283.20;-100.11
58286.13;-99.87
58289.06;-100.19
58291.99;-100.03
58294.92;-99.95
58297.85;-100.11
58300.78;-99.95
58303.71;-99.79
58306.64;-99.95
58309.57;-100.11
58312.50;-100.26
58315.43;-100.26
58318.36;-99.79
58321.29;-99.79
58324.22;-99.95
58327.15;-99.87
58330.08;-100.03
58333.01;-99.95
58335.94;-100.19
58338.87;-100.26
58341.80;-100.26
58344.73;-100.11
58347.66;-100.11
58350.59;-100.26
58353.52;-100.19
58356.45;-99.87
58359.38;-99.79
58362.30;-100.11
58365.23;-100.03
58368.16;-100.19
58371.09;-100.26
58374.02;-99.95
58376.95;-99.79
58379.88;-100.11
58382.81;-100.11
58385.74;-99.95
58388.67;-100.11
58391.60;-100.03
58394.53;-99.95
58397.46;-99.79
58400.39;-99.87
58403.32;-100.26
58406.25;-100.03
58409.18;-100.11
58412.11;-100.26
58415.04;-100.03
58417.97;-100.03
58420.90;-100.03
58423.83;-100.19
58426.76;-99.95
58429.69;-99.79
58432.62;-100.19
58435.55;-100.42
58438.48;-100.26
58441.41;-100.26
58444.34;-100.19
58447.27;-99.87
58450.20;-100.26
58453.13;-100.34
58456.05;-100.26
58458.98;-100.26
58461.91;-99.79
58464.84;-100.11
58467.77;-100.26
58470.70;-100.42
58473.63;-100.26
58476.56;-100.19
58479.49;-100.26
58482.42;-100.03
58485.35;-100.03
58488.28;-100.03
58491.21;-100.11
58494.14;-100.03
58497.07;-99.95
58500.00;-100.11
58502.93;-100.34
58505.86;-100.11
58508.79;-100.11
58511.72;-99.95
58514.65;-99.95
58517.58;-100.42
58520.51;-100.42
58523.44;-100.03
58526.37;-100.03
58529.30;-99.95
58532.23;-100.03
58535.16;-100.34
58538.09;-100.19
58541.02;-100.11
58543.95;-100.26
58546.88;-99.87
58549.80;-100.03
58552.73;-100.34
58555.66;-100.26
58558.59;-100.03
58561.52;-99.95
58564.45;-100.11
58567.38;-99.95
58570.31;-100.03
58573.24;-99.95
58576.17;-100.11
58579.10;-100.26
58582.03;-100.03
58584.96;-99.95
58587.89;-100.03
58590.82;-99.95
58593.75;-99.95
58596.68;-99.95
58599.61;-100.03
58602.54;-100.03
58605.47;-100.03
58608.40;-99.95
58611.33;-99.95
58614.26;-100.11
58617.19;-100.11
58620.12;-100.19
58623.05;-100.11
58625.98;-99.95
58628.91;-99.72
58631.84;-99.87
58634.77;-99.95
58637.70;-100.11
58640.63;-100.11
58643.55;-99.87
58646.48;-100.03
58649.41;-100.11
58652.34;-100.19
58655.27;-100.19
58658.20;-100.19
58661.13;-100.19
58664.06;-99.87
58666.99;-99.87
58669.92;-99.79
58672.85;-100.11
58675.78;-100.11
58678.71;-100.19
58681.64;-100.11
58684.57;-100.19
58687.50;-100.26
58690.43;-100.03
58693.36;-99.87
58696.29;-99.79
58699.22;-100.03
58702.15;-100.11
58705.08;-100.03
58708.01;-100.03
58710.94;-99.95
58713.87;-99.72
58716.80;-99.87
58719.73;-100.11
58722.66;-100.03
58725.59;-100.26
58728.52;-100.11
58731.45;-100.03
58734.38;-100.03
58737.30;-100.03
58740.23;-100.26
58743.16;-100.03
58746.09;-100.03
58749.02;-100.03
58751.95;-100.03
58754.88;-100.11
58757.81;-100.11
58760.74;-99.79
58763.67;-99.79
58766.60;-99.95
58769.53;-100.03
58772.46;-100.19
58775.39;-100.26
58778.32;-100.11
58781.25;-99.79
58784.18;-99.95
58787.11;-100.11
58790.04;-99.95
58792.97;-99.79
58795.90;-99.64
58798.83;-99.64
58801.76;-99.95
58804.69;-100.03
58807.62;-100.03
58810.55;-99.87
58813.48;-99.87
58816.41;-100.03
58819.34;-100.03
58822.27;-100.26
58825.20;-100.34
58828.13;-100.11
58831.05;-100.34
58833.98;-99.95
58836.91;-99.95
58839.84;-99.87
58842.77;-100.03
58845.70;-100.19
58848.63;-100.19
58851.56;-100.03
58854.49;-100.11
58857.42;-100.11
58860.35;-99.95
58863.28;-100.19
58866.21;-100.26
58869.14;-100.11
58872.07;-99.87
58875.00;-100.11
58877.93;-99.87
58880.86;-99.95
58883.79;-100.03
58886.72;-99.95
58889.65;-99.95
58892.58;-100.03
58895.51;-100.19
58898.44;-100.03
58901.37;-99.95
58904.30;-99.79
58907.23;-99.79
58910.16;-99.95
58913.09;-99.95
58916.02;-99.79
58918.95;-99.87
58921.88;-100.11
58924.80;-99.87
58927.73;-99.87
58930.66;-99.87
58933.59;-99.95
58936.52;-99.95
58939.45;-99.95
58942.38;-100.03
58945.31;-99.87
58948.24;-99.64
58951.17;-99.95
58954.10;-100.11
58957.03;-100.19
58959.96;-100.11
58962.89;-100.11
58965.82;-99.95
58968.75;-100.11
58971.68;-100.19
58974.61;-100.11
58977.54;-100.42
58980.47;-100.50
58983.40;-100.26
58986.33;-100.19
58989.26;-100.03
58992.19;-99.95
58995.12;-99.95
58998.05;-100.19
59000.98;-100.34
59003.91;-100.26
59006.84;-100.26
59009.77;-100.03
59012.70;-99.87
59015.63;-99.87
59018.55;-99.95
59021.48;-99.79
59024.41;-100.11
59027.34;-99.95
59030.27;-99.79
59033.20;-100.03
59036.13;-99.79
59039.06;-100.03
59041.99;-100.26
59044.92;-99.87
59047.85;-99.79
59050.78;-99.87
59053.71;-99.95
59056.64;-100.26
59059.57;-99.95
59062.50;-100.11
59065.43;-100.03
59068.36;-99.95
59071.29;-100.03
59074.22;-100.11
59077.15;-100.11
59080.08;-99.95
59083.01;-99.95
59085.94;-100.19
59088.87;-99.87
59091.80;-99.95
59094.73;-100.11
59097.66;-99.95
59100.59;-100.11
59103.52;-100.19
59106.45;-100.26
59109.38;-100.03
59112.30;-99.87
59115.23;-99.87
59118.16;-99.87
59121.09;-100.19
59124.02;-100.26
59126.95;-100.26
59129.88;-100.03
59132.81;-99.56
59135.74;-100.03
59138.67;-100.19
59141.60;-100.19
59144.53;-100.11
59147.46;-100.26
59150.39;-100.03
59153.32;-100.03
59156.25;-100.11
59159.18;-100.03
59162.11;-99.87
59165.04;-99.79
59167.97;-100.11
59170.90;-100.11
59173.83;-99.87
59176.76;-99.79
59179.69;-99.79
59182.62;-100.11
59185.55;-100.26
59188.48;-100.11
59191.41;-99.87
59194.34;-99.95
59197.27;-99.87
59200.20;-100.11
59203.13;-100.03
59206.05;-99.95
59208.98;-99.87
59211.91;-99.87
59214.84;-99.95
59217.77;-99.79
59220.70;-99.95
59223.63;-100.34
59226.56;-100.11
59229.49;-99.95
59232.42;-99.95
59235.35;-99.72
59238.28;-99.72
59241.21;-99.79
59244.14;-100.03
59247.07;-100.19
59250.00;-100.03
59252.93;-99.95
59255.86;-100.19
59258.79;-100.11
59261.72;-100.26
59264.65;-100.26
59267.58;-100.34
59270.51;-100.03
59273.44;-99.72
59276.37;-99.64
59279.30;-99.79
59282.23;-99.79
59285.16;-99.87
59288.09;-100.03
59291.02;-100.11
59293.95;-100.19
59296.88;-100.19
59299.80;-100.03
59302.73;-100.19
59305.66;-100.19
59308.59;-99.95
59311.52;-100.11
59314.45;-100.03
59317.38;-99.95
59320.31;-100.11
59323.24;-100.19
59326.17;-100.26
59329.10;-100.26
59332.03;-99.87
59334.96;-99.72
59337.89;-99.95
59340.82;-100.03
59343.75;-99.87
59346.68;-100.19
59349.61;-100.26
59352.54;-100.11
59355.47;-100.11
59358.40;-100.11
59361.33;-100.19
59364.26;-100.19
59367.19;-100.03
59370.12;-99.87
59373.05;-99.95
59375.98;-99.95
59378.91;-99.79
59381.84;-99.95
59384.77;-100.26
59387.70;-100.26
59390.63;-100.19
59393.55;-99.95
59396.48;-99.87
59399.41;-99.87
59402.34;-100.03
59405.27;-100.19
59408.20;-100.26
59411.13;-100.03
59414.06;-99.79
59416.99;-99.72
59419.92;-99.72
59422.85;-99.95
59425.78;-100.11
59428.71;-99.87
59431.64;-100.03
59434.57;-100.11
59437.50;-99.95
59440.43;-99.79
59443.36;-99.95
59446.29;-100.03
59449.22;-100.03
59452.15;-100.26
59455.08;-100.11
59458.01;-99.87
59460.94;-99.95
59463.87;-99.95
59466.80;-99.79
59469.73;-99.87
59472.66;-100.03
59475.59;-100.26
59478.52;-100.19
59481.45;-100.26
59484.38;-100.42
59487.30;-100.19
59490.23;-100.19
59493.16;-100.26
59496.09;-100.11
59499.02;-100.26
59501.95;-100.11
59504.88;-100.26
59507.81;-100.42
59510.74;-100.11
59513.67;-100.03
59516.60;-100.19
59519.53;-99.95
59522.46;-99.95
59525.39;-100.03
59528.32;-99.95
59531.25;-99.87
59534.18;-100.03
59537.11;-100.11
59540.04;-100.03
59542.97;-100.03
59545.90;-99.79
59548.83;-99.87
59551.76;-100.11
59554.69;-100.03
59557.62;-99.95
59560.55;-100.19
59563.48;-100.03
59566.41;-100.03
59569.34;-99.79
59572.27;-99.72
59575.20;-99.72
59578.13;-99.95
59581.05;-99.79
59583.98;-99.56
59586.91;-100.03
59589.84;-100.19
59592.77;-99.95
59595.70;-99.87
59598.63;-100.03
59601.56;-100.19
59604.49;-100.42
59607.42;-100.11
59610.35;-100.19
59613.28;-100.26
59616.21;-100.03
59619.14;-99.87
59622.07;-99.87
59625.00;-100.03
59627.93;-99.95
59630.86;-100.03
59633.79;-100.03
59636.72;-99.95
59639.65;-100.03
59642.58;-100.19
59645.51;-100.19
59648.44;-100.11
59651.37;-100.26
59654.30;-99.79
59657.23;-99.87
59660.16;-99.79
59663.09;-100.03
59666.02;-99.79
59668.95;-99.64
59671.88;-100.11
59674.80;-100.26
59677.73;-100.03
59680.66;-100.11
59683.59;-99.95
59686.52;-100.11
59689.45;-100.34
59692.38;-100.11
59695.31;-99.87
59698.24;-100.03
59701.17;-100.03
59704.10;-100.11
59707.03;-99.87
59709.96;-99.87
59712.89;-99.95
59715.82;-99.79
59718.75;-99.95
59721.68;-99.87
59724.61;-99.79
59727.54;-99.95
59730.47;-100.19
59733.40;-99.95
59736.33;-99.95
59739.26;-100.26
59742.19;-100.26
59745.12;-99.95
59748.05;-99.95
59750.98;-99.64
59753.91;-99.56
59756.84;-99.72
59759.77;-100.03
59762.70;-100.11
59765.63;-100.11
59768.55;-100.19
59771.48;-99.95
59774.41;-100.26
59777.34;-100.34
59780.27;-100.11
59783.20;-99.95
59786.13;-100.11
59789.06;-100.03
59791.99;-100.03
59794.92;-100.19
59797.85;-100.11
59800.78;-99.87
59803.71;-99.87
59806.64;-99.79
59809.57;-99.95
59812.50;-99.95
59815.43;-99.79
59818.36;-99.95
59821.29;-100.03
59824.22;-100.11
59827.15;-100.11
59830.08;-100.11
59833.01;-100.11
59835.94;-100.19
59838.87;-100.34
59841.80;-100.03
59844.73;-99.95
59847.66;-99.95
59850.59;-99.79
59853.52;-99.79
59856.45;-99.95
59859.38;-99.95
59862.30;-100.34
59865.23;-100.34
59868.16;-100.42
59871.09;-100.50
59874.02;-100.26
59876.95;-100.11
59879.88;-99.87
59882.81;-99.87
59885.74;-99.79
59888.67;-100.03
59891.60;-100.19
59894.53;-100.19
59897.46;-100.19
59900.39;-99.95
59903.32;-100.11
59906.25;-99.87
59909.18;-99.72
59912.11;-99.79
59915.04;-99.87
59917.97;-100.19
59920.90;-100.26
59923.83;-99.72
59926.76;-99.87
59929.69;-99.79
59932.62;-99.95
59935.55;-100.11
59938.48;-100.26
59941.41;-100.34
59944.34;-99.95
59947.27;-99.95
59950.20;-100.11
59953.13;-100.03
59956.05;-100.03
59958.98;-99.95
59961.91;-99.72
59964.84;-100.11
59967.77;-100.11
59970.70;-99.95
59973.63;-99.95
59976.56;-100.03
59979.49;-100.03
59982.42;-100.03
59985.35;-100.34
59988.28;-100.42
59991.21;-99.79
59994.14;-99.64
59997.07;-100.11
60000.00;-100.26
60002.93;-100.19
60005.86;-100.26
60008.79;-100.03
60011.72;-99.87
60014.65;-99.95
60017.58;-99.79
60020.51;-99.87
60023.44;-100.11
60026.37;-99.95
60029.30;-100.11
60032.23;-100.03
60035.16;-100.19
60038.09;-100.19
60041.02;-99.95
60043.95;-100.11
60046.88;-100.34
60049.80;-100.19
60052.73;-100.19
60055.66;-100.19
60058.59;-100.11
60061.52;-100.03
60064.45;-100.11
60067.38;-99.87
60070.31;-99.64
60073.24;-100.03
60076.17;-100.03
60079.10;-100.03
60082.03;-99.87
60084.96;-99.95
60087.89;-99.87
60090.82;-100.03
60093.75;-99.87
60096.68;-99.79
60099.61;-99.95
60102.54;-99.72
60105.47;-99.95
60108.40;-100.03
60111.33;-100.19
60114.26;-99.95
60117.19;-100.26
60120.12;-100.11
60123.05;-100.03
60125.98;-99.95
60128.91;-100.03
60131.84;-100.03
60134.77;-99.95
60137.70;-99.95
60140.63;-99.95
60143.55;-99.95
60146.48;-99.87
60149.41;-99.87
60152.34;-100.19
60155.27;-100.11
60158.20;-100.03
60161.13;-99.87
60164.06;-100.19
60166.99;-100.11
60169.92;-99.79
60172.85;-99.72
60175.78;-99.87
60178.71;-99.79
60181.64;-99.64
60184.57;-99.72
60187.50;-99.87
60190.43;-100.03
60193.36;-100.03
60196.29;-100.19
60199.22;-100.11
60202.15;-99.95
60205.08;-99.87
60208.01;-99.87
60210.94;-100.19
60213.87;-100.26
60216.80;-99.87
60219.73;-99.95
60222.66;-99.72
60225.59;-99.87
60228.52;-99.95
60231.45;-100.11
60234.38;-99.95
60237.30;-100.03
60240.23;-99.95
60243.16;-99.95
60246.09;-100.03
60249.02;-100.19
60251.95;-99.95
60254.88;-99.87
60257.81;-100.11
60260.74;-100.19
60263.67;-99.87
60266.60;-100.03
60269.53;-100.26
60272.46;-100.34
60275.39;-100.26
60278.32;-100.11
60281.25;-99.95
60284.18;-99.95
60287.11;-100.11
60290.04;-99.87
60292.97;-100.03
60295.90;-99.72
60298.83;-99.87
60301.76;-100.34
60304.69;-100.11
60307.62;-99.79
60310.55;-99.95
60313.48;-100.11
60316.41;-100.19
60319.34;-100.34
60322.27;-99.72
60325.20;-99.56
60328.13;-99.56
60331.05;-99.72
60333.98;-99.72
60336.91;-99.87
60339.84;-99.95
60342.77;-100.03
60345.70;-100.11
60348.63;-99.79
60351.56;-100.03
60354.49;-100.19
60357.42;-100.26
60360.35;-100.34
60363.28;-100.19
60366.21;-100.03
60369.14;-99.87
60372.07;-100.03
60375.00;-100.03
60377.93;-100.03
60380.86;-99.95
60383.79;-100.11
60386.72;-100.19
60389.65;-99.87
60392.58;-99.95
60395.51;-99.79
60398.44;-99.87
60401.37;-99.72
60404.30;-100.19
60407.23;-100.19
60410.16;-100.19
60413.09;-100.19
60416.02;-99.95
60418.95;-99.95
60421.88;-100.26
60424.80;-100.11
60427.73;-99.95
60430.66;-100.19
60433.59;-100.19
60436.52;-100.11
60439.45;-99.95
60442.38;-99.87
60445.31;-100.19
60448.24;-100.19
60451.17;-99.79
60454.10;-99.79
60457.03;-100.03
60459.96;-100.26
60462.89;-100.11
60465.82;-99.87
60468.75;-99.95
60471.68;-100.03
60474.61;-100.03
60477.54;-100.11
60480.47;-100.03
60483.40;-100.11
60486.33;-100.19
60489.26;-100.26
60492.19;-100.03
60495.12;-99.87
60498.05;-99.95
60500.98;-99.87
60503.91;-99.79
60506.84;-99.87
60509.77;-99.87
60512.70;-99.79
60515.63;-100.11
60518.55;-100.26
60521.48;-100.03
60524.41;-99.95
60527.34;-100.03
60530.27;-100.03
60533.20;-100.03
60536.13;-100.19
60539.06;-100.11
60541.99;-100.42
60544.92;-100.26
60547.85;-100.11
60550.78;-100.11
60553.71;-100.11
60556.64;-99.95
60559.57;-99.87
60562.50;-99.87
60565.43;-100.03
60568.36;-100.03
60571.29;-99.79
60574.22;-100.11
60577.15;-99.95
60580.08;-100.03
60583.01;-100.19
60585.94;-99.87
60588.87;-99.87
60591.80;-99.95
60594.73;-99.95
60597.66;-99.95
60600.59;-100.03
60603.52;-100.26
60606.45;-99.79
60609.38;-99.79
60612.30;-99.95
60615.23;-99.72
60618.16;-99.95
60621.09;-100.03
60624.02;-100.03
60626.95;-99.95
60629.88;-99.72
60632.81;-99.95
60635.74;-100.03
60638.67;-100.11
60641.60;-100.03
60644.53;-99.87
60647.46;-100.03
60650.39;-100.03
60653.32;-99.72
60656.25;-99.72
60659.18;-100.03
60662.11;-99.87
60665.04;-100.11
60667.97;-100.19
60670.90;-100.42
60673.83;-100.03
60676.76;-99.79
60679.69;-99.79
60682.62;-99.95
60685.55;-100.03
60688.48;-99.87
60691.41;-99.79
60694.34;-99.79
60697.27;-99.87
60700.20;-99.72
60703.13;-100.03
60706.05;-100.03
60708.98;-99.87
60711.91;-100.03
60714.84;-99.95
60717.77;-100.19
60720.70;-99.79
60723.63;-99.72
60726.56;-100.03
60729.49;-99.95
60732.42;-99.95
60735.35;-99.87
60738.28;-99.87
60741.21;-99.79
60744.14;-99.72
60747.07;-99.72
60750.00;-100.19
60752.93;-100.19
60755.86;-99.95
60758.79;-99.95
60761.72;-99.95
60764.65;-100.03
60767.58;-99.95
60770.51;-99.87
60773.44;-99.95
60776.37;-99.95
60779.30;-99.95
60782.23;-99.79
60785.16;-99.87
60788.09;-100.26
60791.02;-100.19
60793.95;-99.95
60796.88;-99.79
60799.80;-99.87
60802.73;-100.03
60805.66;-100.03
60808.59;-99.87
60811.52;-99.95
60814.45;-100.03
60817.38;-99.87
60820.31;-99.72
60823.24;-99.79
60826.17;-100.03
60829.10;-99.95
60832.03;-99.87
60834.96;-99.87
60837.89;-99.95
60840.82;-99.95
60843.75;-99.87
60846.68;-99.95
60849.61;-100.19
60852.54;-100.03
60855.47;-100.03
60858.40;-100.26
60861.33;-100.11
60864.26;-100.11
60867.19;-99.79
60870.12;-99.79
60873.05;-99.87
60875.98;-99.79
60878.91;-100.11
60881.84;-100.11
60884.77;-100.03
60887.70;-99.87
60890.63;-99.64
60893.55;-99.79
60896.48;-99.72
60899.41;-99.79
60902.34;-100.11
60905.27;-100.26
60908.20;-100.26
60911.13;-100.19
60914.06;-100.03
60916.99;-99.95
60919.92;-99.95
60922.85;-100.19
60925.78;-100.19
60928.71;-99.87
60931.64;-100.11
60934.57;-100.19
60937.50;-100.03
60940.43;-100.03
60943.36;-100.19
60946.29;-100.19
60949.22;-99.87
60952.15;-99.95
60955.08;-100.11
60958.01;-99.95
60960.94;-100.19
60963.87;-100.19
60966.80;-100.11
60969.73;-100.03
60972.66;-99.79
60975.59;-99.64
60978.52;-99.79
60981.45;-99.79
60984.38;-99.87
60987.30;-100.11
60990.23;-99.87
60993.16;-99.79
60996.09;-99.79
60999.02;-100.11
61001.95;-100.11
61004.88;-100.11
61007.81;-100.11
61010.74;-100.11
61013.67;-100.26
61016.60;-100.19
61019.53;-100.26
61022.46;-100.11
61025.39;-100.03
61028.32;-100.03
61031.25;-100.03
61034.18;-100.19
61037.11;-100.11
61040.04;-100.11
61042.97;-99.95
61045.90;-99.79
61048.83;-99.72
61051.76;-99.72
61054.69;-99.79
61057.62;-100.19
61060.55;-100.26
61063.48;-100.26
61066.41;-100.11
61069.34;-99.95
61072.27;-100.19
61075.20;-100.11
61078.13;-99.95
61081.05;-99.95
61083.98;-100.03
61086.91;-100.03
61089.84;-100.03
61092.77;-100.11
61095.70;-100.03
61098.63;-99.79
61101.56;-99.64
61104.49;-99.79
61107.42;-99.95
61110.35;-99.95
61113.28;-99.87
61116.21;-100.03
61119.14;-99.87
61122.07;-99.79
61125.00;-99.87
61127.93;-100.03
61130.86;-99.87
61133.79;-99.95
61136.72;-99.79
61139.65;-99.87
61142.58;-100.34
61145.51;-100.26
61148.44;-100.19
61151.37;-100.11
61154.30;-99.95
61157.23;-99.72
61160.16;-99.87
61163.09;-100.03
61166.02;-100.11
61168.95;-100.11
61171.88;-99.87
61174.80;-99.79
61177.73;-100.11
61180.66;-100.11
61183.59;-100.11
61186.52;-99.95
61189.45;-99.87
61192.38;-99.64
61195.31;-99.72
61198.24;-99.87
61201.17;-99.95
61204.10;-99.95
61207.03;-100.03
61209.96;-100.19
61212.89;-99.95
61215.82;-99.87
61218.75;-100.11
61221.68;-100.11
61224.61;-100.11
61227.54;-99.87
61230.47;-99.64
61233.40;-99.95
61236.33;-99.87
61239.26;-99.95
61242.19;-100.03
61245.12;-100.11
61248.05;-99.95
61250.98;-100.03
61253.91;-99.87
61256.84;-99.87
61259.77;-100.11
61262.70;-99.72
61265.63;-99.72
61268.55;-99.79
61271.48;-99.95
61274.41;-100.11
61277.34;-100.11
61280.27;-99.87
61283.20;-99.87
61286.13;-99.87
61289.06;-99.95
61291.99;-100.11
61294.92;-99.87
61297.85;-99.95
61300.78;-100.34
61303.71;-100.19
61306.64;-99.95
61309.57;-100.11
61312.50;-100.11
61315.43;-99.95
61318.36;-99.87
61321.29;-99.95
61324.22;-100.19
61327.15;-100.11
61330.08;-100.03
61333.01;-100.11
61335.94;-100.03
61338.87;-100.03
61341.80;-100.11
61344.73;-100.11
61347.66;-100.11
61350.59;-99.79
61353.52;-99.79
61356.45;-100.11
61359.38;-100.03
61362.30;-99.87
61365.23;-99.87
61368.16;-100.03
61371.09;-100.11
61374.02;-99.95
61376.95;-100.11
61379.88;-100.03
61382.81;-100.11
61385.74;-100.19
61388.67;-99.95
61391.60;-100.03
61394.53;-100.03
61397.46;-100.19
61400.39;-100.11
61403.32;-100.03
61406.25;-99.95
61409.18;-100.26
61412.11;-100.34
61415.04;-100.11
61417.97;-100.26
61420.90;-100.19
61423.83;-100.03
61426.76;-99.87
61429.69;-99.87
61432.62;-100.11
61435.55;-100.03
61438.48;-100.19
61441.41;-100.34
61444.34;-100.42
61447.27;-100.26
61450.20;-100.19
61453.13;-100.34
61456.05;-100.11
61458.98;-99.95
61461.91;-99.79
61464.84;-100.03
61467.77;-100.11
61470.70;-100.19
61473.63;-99.95
61476.56;-100.11
61479.49;-100.03
61482.42;-100.11
61485.35;-100.11
61488.28;-99.95
61491.21;-100.03
61494.14;-100.11
61497.07;-100.11
61500.00;-100.03
61502.93;-99.72
61505.86;-100.11
61508.79;-100.19
61511.72;-99.95
61514.65;-99.95
61517.58;-100.03
61520.51;-100.03
61523.44;-99.87
61526.37;-99.79
61529.30;-99.87
61532.23;-99.87
61535.16;-100.03
61538.09;-100.11
61541.02;-99.95
61543.95;-99.79
61546.88;-99.95
61549.80;-100.03
61552.73;-99.79
61555.66;-100.03
61558.59;-100.03
61561.52;-100.11
61564.45;-99.95
61567.38;-100.19
61570.31;-100.26
61573.24;-100.34
61576.17;-100.26
61579.10;-100.34
61582.03;-100.11
61584.96;-99.79
61587.89;-99.79
61590.82;-99.87
61593.75;-100.11
61596.68;-100.34
61599.61;-100.11
61602.54;-100.03
61605.47;-99.95
61608.40;-99.87
61611.33;-99.87
61614.26;-100.11
61617.19;-100.19
61620.12;-100.03
61623.05;-100.03
61625.98;-100.03
61628.91;-100.19
61631.84;-100.19
61634.77;-100.19
61637.70;-100.19
61640.63;-99.87
61643.55;-99.79
61646.48;-99.72
61649.41;-100.03
61652.34;-100.11
61655.27;-100.11
61658.20;-99.95
61661.13;-99.87
61664.06;-99.79
61666.99;-99.72
61669.92;-99.72
61672.85;-99.72
61675.78;-99.79
61678.71;-99.95
61681.64;-99.95
61684.57;-99.72
61687.50;-99.64
61690.43;-99.64
61693.36;-99.87
61696.29;-100.03
61699.22;-100.19
61702.15;-100.19
61705.08;-100.03
61708.01;-100.11
61710.94;-99.87
61713.87;-99.79
61716.80;-100.03
61719.73;-100.11
61722.66;-100.26
61725.59;-100.11
61728.52;-100.19
61731.45;-100.11
61734.38;-100.03
61737.30;-100.03
61740.23;-100.19
61743.16;-100.26
61746.09;-100.11
61749.02;-99.64
61751.95;-99.87
61754.88;-100.11
61757.81;-100.19
61760.74;-100.11
61763.67;-100.11
61766.60;-100.03
61769.53;-100.03
61772.46;-99.79
61775.39;-99.87
61778.32;-100.11
61781.25;-99.95
61784.18;-99.87
61787.11;-99.79
61790.04;-99.87
61792.97;-100.03
61795.90;-100.19
61798.83;-100.11
61801.76;-100.19
61804.69;-100.19
61807.62;-100.11
61810.55;-100.11
61813.48;-100.26
61816.41;-100.26
61819.34;-100.26
61822.27;-99.95
61825.20;-99.40
61828.13;-99.48
61831.05;-99.87
61833.98;-99.95
61836.91;-99.72
61839.84;-99.95
61842.77;-100.34
61845.70;-100.26
61848.63;-99.95
61851.56;-100.11
61854.49;-100.03
61857.42;-99.95
61860.35;-100.19
61863.28;-100.11
61866.21;-99.95
61869.14;-99.95
61872.07;-100.19
61875.00;-99.87
61877.93;-99.95
61880.86;-99.95
61883.79;-99.87
61886.72;-99.87
61889.65;-99.95
61892.58;-100.11
61895.51;-100.11
61898.44;-99.95
61901.37;-99.87
61904.30;-100.19
61907.23;-100.19
61910.16;-100.26
61913.09;-100.11
61916.02;-100.03
61918.95;-100.11
61921.88;-99.87
61924.80;-99.87
61927.73;-99.72
61930.66;-99.79
61933.59;-100.19
61936.52;-100.58
61939.45;-100.50
61942.38;-100.26
61945.31;-100.11
61948.24;-99.95
61951.17;-100.03
61954.10;-100.03
61957.03;-99.95
61959.96;-100.03
61962.89;-100.03
61965.82;-100.03
61968.75;-99.87
61971.68;-99.95
61974.61;-99.95
61977.54;-100.03
61980.47;-99.87
61983.40;-99.95
61986.33;-99.95
61989.26;-100.11
61992.19;-100.03
61995.12;-100.11
61998.05;-99.95
62000.98;-99.87
62003.91;-99.87
62006.84;-100.11
62009.77;-99.95
62012.70;-99.72
62015.63;-100.11
62018.55;-100.26
62021.48;-100.34
62024.41;-100.34
62027.34;-100.11
62030.27;-99.95
62033.20;-100.03
62036.13;-100.11
62039.06;-99.95
62041.99;-100.19
62044.92;-100.34
62047.85;-100.26
62050.78;-99.87
62053.71;-99.72
62056.64;-99.79
62059.57;-99.95
62062.50;-99.95
62065.43;-99.87
62068.36;-100.11
62071.29;-100.19
62074.22;-99.87
62077.15;-99.87
62080.08;-100.11
62083.01;-100.03
62085.94;-100.11
62088.87;-99.79
62091.80;-100.03
62094.73;-100.19
62097.66;-100.11
62100.59;-100.03
62103.52;-99.87
62106.45;-100.03
62109.38;-100.11
62112.30;-100.19
62115.23;-100.19
62118.16;-100.03
62121.09;-100.03
62124.02;-99.87
62126.95;-99.87
62129.88;-99.95
62132.81;-99.87
62135.74;-99.79
62138.67;-99.72
62141.60;-100.03
62144.53;-100.11
62147.46;-99.87
62150.39;-99.64
62153.32;-99.56
62156.25;-100.03
62159.18;-100.03
62162.11;-100.03
62165.04;-99.87
62167.97;-99.87
62170.90;-100.19
62173.83;-99.79
62176.76;-99.79
62179.69;-100.26
62182.62;-100.26
62185.55;-99.79
62188.48;-99.64
62191.41;-99.87
62194.34;-99.95
62197.27;-99.72
62200.20;-100.03
62203.13;-99.87
62206.05;-99.72
62208.98;-99.87
62211.91;-100.03
62214.84;-100.03
62217.77;-100.19
62220.70;-100.11
62223.63;-99.95
62226.56;-99.72
62229.49;-99.87
62232.42;-100.26
62235.35;-100.03
62238.28;-99.79
62241.21;-99.95
62244.14;-99.87
62247.07;-99.72
62250.00;-99.79
62252.93;-99.95
62255.86;-100.03
62258.79;-100.11
62261.72;-100.26
62264.65;-100.19
62267.58;-100.03
62270.51;-100.11
62273.44;-99.95
62276.37;-100.03
62279.30;-99.95
62282.23;-100.03
62285.16;-99.95
62288.09;-99.87
62291.02;-99.72
62293.95;-99.87
62296.88;-99.95
62299.80;-99.79
62302.73;-99.79
62305.66;-100.19
62308.59;-99.95
62311.52;-99.87
62314.45;-99.87
62317.38;-100.03
62320.31;-100.11
62323.24;-100.03
62326.17;-99.95
62329.10;-99.95
62332.03;-99.79
62334.96;-99.79
62337.89;-99.95
62340.82;-99.72
62343.75;-99.87
62346.68;-99.95
62349.61;-99.87
62352.54;-99.87
62355.47;-100.19
62358.40;-99.95
62361.33;-99.79
62364.26;-99.72
62367.19;-99.87
62370.12;-99.95
62373.05;-100.03
62375.98;-99.87
62378.91;-99.87
62381.84;-100.03
62384.77;-100.03
62387.70;-100.11
62390.63;-100.11
62393.55;-99.95
62396.48;-100.26
62399.41;-100.03
62402.34;-100.11
62405.27;-100.19
62408.20;-100.03
62411.13;-100.19
62414.06;-100.11
62416.99;-99.95
62419.92;-100.11
62422.85;-99.95
62425.78;-99.87
62428.71;-99.95
62431.64;-99.72
62434.57;-99.64
62437.50;-99.79
62440.43;-99.95
62443.36;-100.19
62446.29;-100.19
62449.22;-100.03
62452.15;-100.19
62455.08;-100.26
62458.01;-100.26
62460.94;-100.19
62463.87;-100.11
62466.80;-99.95
62469.73;-99.87
62472.66;-99.79
62475.59;-99.79
62478.52;-99.72
62481.45;-99.87
62484.38;-100.11
62487.30;-100.11
62490.23;-100.26
62493.16;-100.26
62496.09;-100.03
62499.02;-99.95
62501.95;-99.95
62504.88;-100.03
62507.81;-100.11
62510.74;-100.11
62513.67;-100.19
62516.60;-100.26
62519.53;-100.11
62522.46;-100.03
62525.39;-100.11
62528.32;-99.87
62531.25;-99.79
62534.18;-99.95
62537.11;-99.87
62540.04;-99.87
62542.97;-99.95
62545.90;-99.95
62548.83;-99.95
62551.76;-99.95
62554.69;-99.79
62557.62;-99.95
62560.55;-100.03
62563.48;-99.87
62566.41;-100.11
62569.34;-100.19
62572.27;-100.03
62575.20;-99.87
62578.13;-99.95
62581.05;-99.95
62583.98;-100.03
62586.91;-100.26
62589.84;-100.19
62592.77;-100.11
62595.70;-99.95
62598.63;-100.11
62601.56;-99.95
62604.49;-99.95
62607.42;-100.11
62610.35;-99.87
62613.28;-99.72
62616.21;-99.87
62619.14;-100.03
62622.07;-99.72
62625.00;-99.79
62627.93;-99.87
62630.86;-99.79
62633.79;-99.72
62636.72;-99.72
62639.65;-100.03
62642.58;-100.11
62645.51;-100.26
62648.44;-100.11
62651.37;-99.87
62654.30;-99.87
62657.23;-99.95
62660.16;-100.11
62663.09;-99.87
62666.02;-99.79
62668.95;-100.26
62671.88;-100.34
62674.80;-100.26
62677.73;-100.11
62680.66;-100.03
62683.59;-99.72
62686.52;-99.79
62689.45;-99.95
62692.38;-100.11
62695.31;-100.03
62698.24;-99.79
62701.17;-99.79
62704.10;-99.72
62707.03;-99.79
62709.96;-100.03
62712.89;-99.87
62715.82;-99.95
62718.75;-100.34
62721.68;-99.87
62724.61;-100.03
62727.54;-100.11
62730.47;-100.11
62733.40;-100.42
62736.33;-100.34
62739.26;-99.95
62742.19;-99.95
62745.12;-99.95
62748.05;-100.03
62750.98;-100.26
62753.91;-100.26
62756.84;-100.19
62759.77;-100.11
62762.70;-100.19
62765.63;-100.03
62768.55;-100.03
62771.48;-99.95
62774.41;-100.03
62777.34;-100.03
62780.27;-100.26
62783.20;-100.03
62786.13;-99.79
62789.06;-99.79
62791.99;-99.79
62794.92;-100.03
62797.85;-100.11
62800.78;-99.95
62803.71;-99.95
62806.64;-99.64
62809.57;-99.64
62812.50;-100.11
62815.43;-100.03
62818.36;-99.79
62821.29;-100.11
62824.22;-100.34
62827.15;-99.87
62830.08;-99.87
62833.01;-100.03
62835.94;-100.03
62838.87;-100.03
62841.80;-99.95
62844.73;-99.79
62847.66;-100.03
62850.59;-100.03
62853.52;-99.95
62856.45;-99.72
62859.38;-99.72
62862.30;-99.79
62865.23;-99.95
62868.16;-100.11
62871.09;-99.72
62874.02;-99.72
62876.95;-99.79
62879.88;-99.79
62882.81;-100.11
62885.74;-99.87
62888.67;-100.11
62891.60;-100.19
62894.53;-100.11
62897.46;-100.03
62900.39;-100.03
62903.32;-99.95
62906.25;-100.19
62909.18;-100.19
62912.11;-100.11
62915.04;-100.11
62917.97;-100.03
62920.90;-100.19
62923.83;-100.11
62926.76;-100.03
62929.69;-99.95
62932.62;-100.19
62935.55;-100.26
62938.48;-99.95
62941.41;-100.03
62944.34;-100.11
62947.27;-100.42
62950.20;-100.26
62953.13;-100.19
62956.05;-99.95
62958.98;-100.03
62961.91;-100.03
62964.84;-100.03
62967.77;-99.87
62970.70;-100.26
62973.63;-100.42
62976.56;-100.26
62979.49;-99.79
62982.42;-99.72
62985.35;-99.79
62988.28;-99.95
62991.21;-100.34
62994.14;-100.34
62997.07;-99.95
63000.00;-99.95
63002.93;-100.26
63005.86;-100.11
63008.79;-99.95
63011.72;-100.11
63014.65;-100.11
63017.58;-99.87
63020.51;-100.03
63023.44;-99.87
63026.37;-99.64
63029.30;-99.64
63032.23;-99.95
63035.16;-100.11
63038.09;-100.26
63041.02;-100.03
63043.95;-99.95
63046.88;-100.11
63049.80;-100.03
63052.73;-99.79
63055.66;-100.11
63058.59;-100.11
63061.52;-100.19
63064.45;-100.03
63067.38;-100.03
63070.31;-99.87
63073.24;-99.72
63076.17;-99.87
63079.10;-99.95
63082.03;-99.95
63084.96;-99.72
63087.89;-99.87
63090.82;-99.95
63093.75;-99.95
63096.68;-99.95
63099.61;-99.95
63102.54;-100.03
63105.47;-100.03
63108.40;-100.03
63111.33;-99.87
63114.26;-99.95
63117.19;-99.95
63120.12;-99.95
63123.05;-99.95
63125.98;-100.19
63128.91;-99.87
63131.84;-99.79
63134.77;-99.95
63137.70;-100.19
63140.63;-100.19
63143.55;-99.87
63146.48;-99.72
63149.41;-99.72
63152.34;-99.95
63155.27;-99.87
63158.20;-99.79
63161.13;-99.87
63164.06;-99.87
63166.99;-99.64
63169.92;-99.79
63172.85;-100.03
63175.78;-99.79
63178.71;-99.87
63181.64;-99.87
63184.57;-99.79
63187.50;-99.79
63190.43;-99.87
63193.36;-99.79
63196.29;-99.64
63199.22;-99.79
63202.15;-99.87
63205.08;-99.95
63208.01;-99.72
63210.94;-100.03
63213.87;-100.19
63216.80;-100.11
63219.73;-100.26
63222.66;-99.79
63225.59;-99.87
63228.52;-100.19
63231.45;-100.19
63234.38;-100.11
63237.30;-100.03
63240.23;-99.87
63243.16;-99.72
63246.09;-99.95
63249.02;-100.34
63251.95;-100.11
63254.88;-100.11
63257.81;-100.58
63260.74;-100.03
63263.67;-99.64
63266.60;-99.87
63269.53;-99.79
63272.46;-99.87
63275.39;-99.95
63278.32;-99.87
63281.25;-100.03
63284.18;-100.11
63287.11;-99.95
63290.04;-99.87
63292.97;-99.95
63295.90;-99.87
63298.83;-99.95
63301.76;-99.79
63304.69;-99.64
63307.62;-99.87
63310.55;-100.11
63313.48;-100.11
63316.41;-100.11
63319.34;-99.87
63322.27;-100.03
63325.20;-100.19
63328.13;-100.19
63331.05;-100.03
63333.98;-100.03
63336.91;-100.11
63339.84;-99.95
63342.77;-100.19
63345.70;-99.87
63348.63;-99.79
63351.56;-100.03
63354.49;-99.95
63357.42;-100.19
63360.35;-99.95
63363.28;-99.72
63366.21;-100.11
63369.14;-100.34
63372.07;-100.11
63375.00;-99.79
63377.93;-100.11
63380.86;-100.11
63383.79;-99.95
63386.72;-99.95
63389.65;-99.79
63392.58;-99.56
63395.51;-99.72
63398.44;-99.79
63401.37;-99.64
63404.30;-99.95
63407.23;-100.26
63410.16;-100.19
63413.09;-100.19
63416.02;-99.95
63418.95;-99.95
63421.88;-100.11
63424.80;-99.95
63427.73;-99.87
63430.66;-100.03
63433.59;-99.95
63436.52;-100.11
63439.45;-100.11
63442.38;-99.95
63445.31;-99.87
63448.24;-99.95
63451.17;-100.19
63454.10;-100.11
63457.03;-99.95
63459.96;-99.95
63462.89;-100.03
63465.82;-99.95
63468.75;-100.03
63471.68;-99.95
63474.61;-99.87
63477.54;-100.03
63480.47;-100.11
63483.40;-100.19
63486.33;-100.03
63489.26;-100.03
63492.19;-99.79
63495.12;-99.87
63498.05;-99.87
63500.98;-99.72
63503.91;-99.79
63506.84;-100.11
63509.77;-100.03
63512.70;-99.95
63515.63;-99.87
63518.55;-99.87
63521.48;-100.11
63524.41;-100.11
63527.34;-100.03
63530.27;-100.26
63533.20;-100.19
63536.13;-99.79
63539.06;-99.95
63541.99;-99.64
63544.92;-99.79
63547.85;-100.19
63550.78;-100.34
63553.71;-100.03
63556.64;-99.87
63559.57;-100.26
63562.50;-100.26
63565.43;-100.19
63568.36;-100.19
63571.29;-100.42
63574.22;-100.58
63577.15;-100.19
63580.08;-99.87
63583.01;-99.79
63585.94;-99.87
63588.87;-99.87
63591.80;-99.87
63594.73;-99.79
63597.66;-99.95
63600.59;-99.95
63603.52;-99.87
63606.45;-99.79
63609.38;-99.64
63612.30;-99.72
63615.23;-99.72
63618.16;-99.87
63621.09;-100.11
63624.02;-100.03
63626.95;-99.87
63629.88;-100.03
63632.81;-99.95
63635.74;-100.11
63638.67;-100.03
63641.60;-100.03
63644.53;-99.87
63647.46;-99.95
63650.39;-99.95
63653.32;-99.87
63656.25;-99.87
63659.18;-99.79
63662.11;-99.79
63665.04;-100.19
63667.97;-100.11
63670.90;-100.11
63673.83;-100.11
63676.76;-100.03
63679.69;-99.95
63682.62;-100.03
63685.55;-100.26
63688.48;-100.11
63691.41;-99.95
63694.34;-99.95
63697.27;-100.26
63700.20;-100.19
63703.13;-100.03
63706.05;-99.79
63708.98;-99.64
63711.91;-99.64
63714.84;-99.87
63717.77;-99.87
63720.70;-99.72
63723.63;-99.95
63726.56;-100.03
63729.49;-100.03
63732.42;-99.72
63735.35;-99.72
63738.28;-99.79
63741.21;-100.03
63744.14;-100.26
63747.07;-100.11
63750.00;-99.95
63752.93;-100.03
63755.86;-99.79
63758.79;-99.95
63761.72;-100.34
63764.65;-100.34
63767.58;-100.19
63770.51;-99.79
63773.44;-99.87
63776.37;-100.03
63779.30;-100.11
63782.23;-100.03
63785.16;-100.03
63788.09;-99.87
63791.02;-100.19
63793.95;-100.26
63796.88;-100.03
63799.80;-100.11
63802.73;-99.87
63805.66;-99.79
63808.59;-100.34
63811.52;-100.11
63814.45;-99.87
63817.38;-99.87
63820.31;-99.87
63823.24;-100.19
63826.17;-100.03
63829.10;-99.79
63832.03;-100.11
63834.96;-100.11
63837.89;-99.87
63840.82;-99.95
63843.75;-100.03
63846.68;-99.72
63849.61;-100.03
63852.54;-99.95
63855.47;-99.95
63858.40;-99.95
63861.33;-100.11
63864.26;-100.11
63867.19;-100.19
63870.12;-100.03
63873.05;-99.79
63875.98;-99.79
63878.91;-100.03
63881.84;-100.03
63884.77;-100.19
63887.70;-99.79
63890.63;-99.64
63893.55;-99.95
63896.48;-99.87
63899.41;-100.03
63902.34;-99.95
63905.27;-99.79
63908.20;-100.03
63911.13;-100.11
63914.06;-100.11
63916.99;-100.26
63919.92;-100.50
63922.85;-99.95
63925.78;-99.79
63928.71;-99.87
63931.64;-99.72
63934.57;-99.72
63937.50;-100.26
63940.43;-100.19
63943.36;-99.79
63946.29;-99.79
63949.22;-99.72
63952.15;-99.79
63955.08;-100.03
63958.01;-99.95
63960.94;-100.03
63963.87;-100.03
63966.80;-99.79
63969.73;-99.56
63972.66;-99.79
63975.59;-100.19
63978.52;-99.87
63981.45;-100.11
63984.38;-100.11
63987.30;-99.95
63990.23;-100.03
63993.16;-100.19
63996.09;-99.87
63999.02;-99.72
64001.95;-99.79
64004.88;-99.64
64007.81;-99.79
64010.74;-100.19
64013.67;-100.03
64016.60;-100.03
64019.53;-99.95
64022.46;-99.95
64025.39;-99.72
64028.32;-99.87
64031.25;-100.19
64034.18;-100.03
64037.11;-99.87
64040.04;-100.19
64042.97;-100.26
64045.90;-100.03
64048.83;-100.11
64051.76;-100.26
64054.69;-100.03
64057.62;-100.11
64060.55;-99.79
64063.48;-99.87
64066.41;-99.72
64069.34;-99.64
64072.27;-99.87
64075.20;-100.03
64078.13;-99.95
64081.05;-99.95
64083.98;-99.72
64086.91;-99.72
64089.84;-99.95
64092.77;-100.11
64095.70;-100.03
64098.63;-99.79
64101.56;-99.79
64104.49;-99.87
64107.42;-99.64
64110.35;-99.87
64113.28;-100.03
64116.21;-100.11
64119.14;-100.03
64122.07;-100.03
64125.00;-100.11
64127.93;-100.26
64130.86;-100.26
64133.79;-100.11
64136.72;-99.79
64139.65;-99.72
64142.58;-99.87
64145.51;-99.72
64148.44;-99.95
64151.37;-100.03
64154.30;-100.34
64157.23;-100.19
64160.16;-100.11
64163.09;-100.26
64166.02;-100.11
64168.95;-99.87
64171.88;-99.79
64174.80;-100.03
64177.73;-99.87
64180.66;-99.64
64183.59;-99.72
64186.52;-99.87
64189.45;-100.11
64192.38;-100.26
64195.31;-100.34
64198.24;-100.11
64201.17;-99.95
64204.10;-100.11
64207.03;-100.26
64209.96;-100.19
64212.89;-100.19
64215.82;-100.11
64218.75;-100.03
64221.68;-100.26
64224.61;-100.11
64227.54;-99.95
64230.47;-99.79
64233.40;-99.87
64236.33;-99.87
64239.26;-99.87
64242.19;-99.79
64245.12;-99.95
64248.05;-100.26
64250.98;-100.11
64253.91;-99.95
64256.84;-99.87
64259.77;-99.79
64262.70;-99.95
64265.63;-99.87
64268.55;-100.03
64271.48;-100.11
64274.41;-100.11
64277.34;-100.26
64280.27;-100.03
64283.20;-100.19
64286.13;-100.03
64289.06;-99.95
64291.99;-99.87
64294.92;-100.03
64297.85;-99.95
64300.78;-99.95
64303.71;-100.03
64306.64;-99.87
64309.57;-99.64
64312.50;-99.72
64315.43;-99.79
64318.36;-99.79
64321.29;-100.03
64324.22;-99.95
64327.15;-99.87
64330.08;-99.79
64333.01;-99.79
64335.94;-100.11
64338.87;-100.26
64341.80;-100.11
64344.73;-99.95
64347.66;-99.95
64350.59;-100.03
64353.52;-100.11
64356.45;-100.34
64359.38;-99.95
64362.30;-99.79
64365.23;-99.87
64368.16;-99.95
64371.09;-100.19
64374.02;-100.03
64376.95;-99.79
64379.88;-99.64
64382.81;-99.72
64385.74;-99.87
64388.67;-100.03
64391.60;-99.87
64394.53;-99.64
64397.46;-99.95
64400.39;-100.11
64403.32;-100.26
64406.25;-100.03
64409.18;-99.95
64412.11;-99.95
64415.04;-100.19
64417.97;-99.79
64420.90;-99.64
64423.83;-99.72
64426.76;-99.87
64429.69;-99.87
64432.62;-100.03
64435.55;-100.03
64438.48;-100.03
64441.41;-100.03
64444.34;-100.03
64447.27;-99.87
64450.20;-99.79
64453.13;-99.79
64456.05;-99.79
64458.98;-100.11
64461.91;-100.03
64464.84;-99.95
64467.77;-100.03
64470.70;-100.34
64473.63;-100.34
64476.56;-99.95
64479.49;-100.03
64482.42;-100.19
64485.35;-100.19
64488.28;-100.11
64491.21;-99.95
64494.14;-100.19
64497.07;-100.03
64500.00;-100.19
64502.93;-100.03
64505.86;-100.11
64508.79;-99.72
64511.72;-99.79
64514.65;-99.87
64517.58;-99.95
64520.51;-100.11
64523.44;-100.26
64526.37;-100.19
64529.30;-99.95
64532.23;-99.72
64535.16;-99.72
64538.09;-99.87
64541.02;-99.95
64543.95;-99.72
64546.88;-99.87
64549.80;-99.79
64552.73;-99.64
64555.66;-99.87
64558.59;-99.87
64561.52;-99.95
64564.45;-100.11
64567.38;-100.11
64570.31;-99.95
64573.24;-100.03
64576.17;-99.95
64579.10;-100.26
64582.03;-100.19
64584.96;-100.11
64587.89;-100.03
64590.82;-100.19
64593.75;-100.03
64596.68;-100.03
64599.61;-100.19
64602.54;-100.11
64605.47;-100.11
64608.40;-100.03
64611.33;-99.87
64614.26;-99.72
64617.19;-99.56
64620.12;-99.95
64623.05;-100.19
64625.98;-100.34
64628.91;-100.03
64631.84;-99.79
64634.77;-99.79
64637.70;-100.11
64640.63;-100.03
64643.55;-99.87
64646.48;-100.03
64649.41;-100.11
64652.34;-99.95
64655.27;-100.11
64658.20;-100.11
64661.13;-100.34
64664.06;-100.34
64666.99;-99.95
64669.92;-99.87
64672.85;-99.87
64675.78;-100.19
64678.71;-100.34
64681.64;-100.11
64684.57;-99.95
64687.50;-99.87
64690.43;-99.87
64693.36;-100.03
64696.29;-100.11
64699.22;-100.03
64702.15;-99.95
64705.08;-99.79
64708.01;-99.95
64710.94;-99.87
64713.87;-100.11
64716.80;-100.19
64719.73;-100.11
64722.66;-100.11
64725.59;-99.95
64728.52;-99.95
64731.45;-99.95
64734.38;-99.72
64737.30;-99.64
64740.23;-99.87
64743.16;-100.19
64746.09;-99.87
64749.02;-99.87
64751.95;-99.79
64754.88;-99.95
64757.81;-99.87
64760.74;-99.95
64763.67;-99.95
64766.60;-99.95
64769.53;-99.79
64772.46;-99.79
64775.39;-99.79
64778.32;-99.56
64781.25;-99.72
64784.18;-100.11
64787.11;-100.11
64790.04;-99.95
64792.97;-100.03
64795.90;-99.95
64798.83;-99.95
64801.76;-100.11
64804.69;-100.11
64807.62;-100.03
64810.55;-99.95
64813.48;-99.87
64816.41;-99.79
64819.34;-100.03
64822.27;-99.79
64825.20;-99.72
64828.13;-99.87
64831.05;-100.11
64833.98;-100.03
64836.91;-99.72
64839.84;-99.87
64842.77;-100.11
64845.70;-100.03
64848.63;-99.87
64851.56;-99.95
64854.49;-100.34
64857.42;-100.26
64860.35;-99.95
64863.28;-99.79
64866.21;-99.95
64869.14;-100.34
64872.07;-100.19
64875.00;-99.95
64877.93;-99.95
64880.86;-100.19
64883.79;-99.95
64886.72;-99.87
64889.65;-100.03
64892.58;-99.87
64895.51;-99.79
64898.44;-99.72
64901.37;-99.79
64904.30;-100.03
64907.23;-100.03
64910.16;-100.11
64913.09;-99.95
64916.02;-100.11
64918.95;-100.19
64921.88;-99.87
64924.80;-99.87
64927.73;-99.87
64930.66;-99.87
64933.59;-99.79
64936.52;-99.56
64939.45;-99.95
64942.38;-99.87
64945.31;-99.64
64948.24;-99.72
64951.17;-99.87
64954.10;-100.03
64957.03;-100.03
64959.96;-100.03
64962.89;-100.03
64965.82;-100.11
64968.75;-99.87
64971.68;-99.95
64974.61;-100.03
64977.54;-99.95
64980.47;-100.26
64983.40;-100.19
64986.33;-100.26
64989.26;-100.03
64992.19;-99.79
64995.12;-100.11
64998.05;-100.11
65000.98;-100.19
65003.91;-100.11
65006.84;-99.87
65009.77;-100.03
65012.70;-100.03
65015.63;-99.79
65018.55;-99.95
65021.48;-99.87
65024.41;-99.87
65027.34;-99.95
65030.27;-100.03
65033.20;-100.19
65036.13;-100.19
65039.06;-99.95
65041.99;-100.03
65044.92;-100.11
65047.85;-99.87
65050.78;-99.56
65053.71;-99.95
65056.64;-100.19
65059.57;-100.11
65062.50;-100.11
65065.43;-100.19
65068.36;-100.03
65071.29;-100.11
65074.22;-99.95
65077.15;-99.95
65080.08;-100.03
65083.01;-100.11
65085.94;-100.11
65088.87;-99.87
65091.80;-99.48
65094.73;-99.87
65097.66;-100.26
65100.59;-100.19
65103.52;-100.11
65106.45;-100.11
65109.38;-99.95
65112.30;-99.64
65115.23;-99.64
65118.16;-99.79
65121.09;-100.11
65124.02;-100.03
65126.95;-99.95
65129.88;-99.95
65132.81;-100.03
65135.74;-99.79
65138.67;-99.87
65141.60;-100.03
65144.53;-100.03
65147.46;-100.26
65150.39;-100.11
65153.32;-99.79
65156.25;-99.72
65159.18;-99.79
65162.11;-100.03
65165.04;-99.95
65167.97;-99.95
65170.90;-99.79
65173.83;-99.79
65176.76;-99.95
65179.69;-99.95
65182.62;-99.95
65185.55;-99.64
65188.48;-99.72
65191.41;-100.03
65194.34;-100.11
65197.27;-100.03
65200.20;-100.11
65203.13;-100.26
65206.05;-100.03
65208.98;-99.87
65211.91;-100.11
65214.84;-100.11
65217.77;-100.03
65220.70;-99.87
65223.63;-99.87
65226.56;-99.79
65229.49;-99.72
65232.42;-100.03
65235.35;-100.26
65238.28;-99.95
65241.21;-99.87
65244.14;-100.19
65247.07;-100.19
65250.00;-100.03
65252.93;-99.95
65255.86;-99.87
65258.79;-99.87
65261.72;-99.87
65264.65;-99.95
65267.58;-100.11
65270.51;-100.19
65273.44;-100.11
65276.37;-99.72
65279.30;-99.79
65282.23;-100.34
65285.16;-100.42
65288.09;-100.19
65291.02;-99.79
65293.95;-100.19
65296.88;-100.26
65299.80;-100.42
65302.73;-100.03
65305.66;-99.87
65308.59;-100.03
65311.52;-100.11
65314.45;-100.26
65317.38;-100.26
65320.31;-99.87
65323.24;-99.72
65326.17;-99.72
65329.10;-99.56
65332.03;-99.87
65334.96;-99.95
65337.89;-100.03
65340.82;-100.11
65343.75;-100.19
65346.68;-100.03
65349.61;-100.11
65352.54;-99.95
65355.47;-99.95
65358.40;-100.11
65361.33;-100.03
65364.26;-99.87
65367.19;-99.79
65370.12;-99.72
65373.05;-99.79
65375.98;-100.03
65378.91;-99.95
65381.84;-99.79
65384.77;-99.79
65387.70;-100.19
65390.63;-100.11
65393.55;-99.95
65396.48;-100.03
65399.41;-99.95
65402.34;-99.95
65405.27;-100.11
65408.20;-99.95
65411.13;-99.95
65414.06;-100.11
65416.99;-99.95
65419.92;-100.03
65422.85;-100.11
65425.78;-100.11
65428.71;-100.19
65431.64;-100.11
65434.57;-100.19
65437.50;-100.03
65440.43;-100.03
65443.36;-99.95
65446.29;-100.03
65449.22;-100.11
65452.15;-100.19
65455.08;-100.42
65458.01;-100.42
65460.94;-100.11
65463.87;-99.87
65466.80;-99.95
65469.73;-100.03
65472.66;-100.26
65475.59;-99.95
65478.52;-99.79
65481.45;-99.87
65484.38;-100.03
65487.30;-99.87
65490.23;-100.19
65493.16;-100.03
65496.09;-99.95
65499.02;-99.87
65501.95;-99.87
65504.88;-100.11
65507.81;-99.87
65510.74;-99.87
65513.67;-100.11
65516.60;-100.19
65519.53;-99.87
65522.46;-99.56
65525.39;-99.87
65528.32;-100.11
65531.25;-100.11
65534.18;-100.03
65537.11;-99.87
65540.04;-99.87
65542.97;-99.87
65545.90;-100.26
65548.83;-100.19
65551.76;-100.34
65554.69;-100.34
65557.62;-100.03
65560.55;-99.87
65563.48;-99.87
65566.41;-100.03
65569.34;-100.26
65572.27;-99.79
65575.20;-99.72
65578.13;-100.03
65581.05;-100.03
65583.98;-99.95
65586.91;-99.95
65589.84;-99.87
65592.77;-99.95
65595.70;-99.95
65598.63;-100.03
65601.56;-100.11
65604.49;-100.34
65607.42;-100.19
65610.35;-100.03
65613.28;-100.19
65616.21;-99.79
65619.14;-99.95
65622.07;-100.11
65625.00;-100.19
65627.93;-100.03
65630.86;-100.03
65633.79;-99.95
65636.72;-100.19
65639.65;-100.19
65642.58;-100.19
65645.51;-100.03
65648.44;-99.95
65651.37;-100.19
65654.30;-100.26
65657.23;-100.19
65660.16;-99.95
65663.09;-100.11
65666.02;-100.19
65668.95;-99.95
65671.88;-99.79
65674.80;-99.95
65677.73;-100.42
65680.66;-100.26
65683.59;-99.87
65686.52;-100.11
65689.45;-100.11
65692.38;-99.95
65695.31;-100.11
65698.24;-100.11
65701.17;-99.87
65704.10;-100.03
65707.03;-100.03
65709.96;-99.95
65712.89;-99.95
65715.82;-100.11
65718.75;-100.26
65721.68;-100.19
65724.61;-100.03
65727.54;-100.11
65730.47;-100.03
65733.40;-99.79
65736.33;-99.79
65739.26;-100.03
65742.19;-99.95
65745.12;-100.11
65748.05;-100.26
65750.98;-100.19
65753.91;-99.95
65756.84;-100.03
65759.77;-99.79
65762.70;-99.79
65765.63;-100.11
65768.55;-99.95
65771.48;-99.95
65774.41;-100.03
65777.34;-99.95
65780.27;-99.95
65783.20;-100.03
65786.13;-100.03
65789.06;-100.03
65791.99;-100.19
65794.92;-100.11
65797.85;-100.19
65800.78;-100.19
65803.71;-100.19
65806.64;-100.03
65809.57;-99.79
65812.50;-99.95
65815.43;-99.87
65818.36;-100.03
65821.29;-100.26
65824.22;-100.19
65827.15;-100.11
65830.08;-100.03
65833.01;-100.11
65835.94;-99.95
65838.87;-100.11
65841.80;-100.03
65844.73;-99.95
65847.66;-99.79
65850.59;-99.95
65853.52;-100.03
65856.45;-99.95
65859.38;-100.03
65862.30;-99.87
65865.23;-99.95
65868.16;-99.79
65871.09;-99.79
65874.02;-100.19
65876.95;-100.03
65879.88;-99.56
65882.81;-99.95
65885.74;-100.11
65888.67;-99.64
65891.60;-99.64
65894.53;-99.72
65897.46;-99.95
65900.39;-99.87
65903.32;-99.79
65906.25;-99.79
65909.18;-99.72
65912.11;-100.11
65915.04;-100.03
65917.97;-100.03
65920.90;-100.11
65923.83;-99.87
65926.76;-99.87
65929.69;-100.03
65932.62;-99.79
65935.55;-99.87
65938.48;-99.95
65941.41;-99.95
65944.34;-100.03
65947.27;-100.11
65950.20;-99.95
65953.13;-99.87
65956.05;-99.79
65958.98;-99.79
65961.91;-100.03
65964.84;-100.19
65967.77;-100.26
65970.70;-100.19
65973.63;-100.03
65976.56;-100.26
65979.49;-100.19
65982.42;-99.95
65985.35;-99.64
65988.28;-100.03
65991.21;-100.03
65994.14;-99.79
65997.07;-99.72
66000.00;-99.64
66002.93;-99.72
66005.86;-99.87
66008.79;-99.87
66011.72;-99.95
66014.65;-100.11
66017.58;-99.87
66020.51;-99.64
66023.44;-99.87
66026.37;-100.11
66029.30;-100.03
66032.23;-99.95
66035.16;-99.87
66038.09;-99.95
66041.02;-100.11
66043.95;-99.64
66046.88;-99.79
66049.80;-100.26
66052.73;-99.95
66055.66;-100.11
66058.59;-99.95
66061.52;-99.87
66064.45;-100.11
66067.38;-100.11
66070.31;-99.95
66073.24;-99.79
66076.17;-99.95
66079.10;-100.19
66082.03;-100.03
66084.96;-99.72
66087.89;-99.87
66090.82;-100.26
66093.75;-99.87
66096.68;-99.87
66099.61;-100.11
66102.54;-100.03
66105.47;-99.79
66108.40;-99.87
66111.33;-99.87
66114.26;-100.11
66117.19;-100.03
66120.12;-99.95
66123.05;-100.03
66125.98;-99.95
66128.91;-99.87
66131.84;-99.95
66134.77;-100.03
66137.70;-99.95
66140.63;-100.03
66143.55;-99.95
66146.48;-99.95
66149.41;-99.87
66152.34;-99.72
66155.27;-99.79
66158.20;-100.11
66161.13;-100.03
66164.06;-100.03
66166.99;-100.03
66169.92;-100.11
66172.85;-100.03
66175.78;-100.11
66178.71;-99.95
66181.64;-100.03
66184.57;-100.19
66187.50;-100.11
66190.43;-99.95
66193.36;-100.11
66196.29;-100.11
66199.22;-99.95
66202.15;-99.79
66205.08;-100.03
66208.01;-99.95
66210.94;-99.95
66213.87;-100.34
66216.80;-100.26
66219.73;-99.95
66222.66;-99.95
66225.59;-100.03
66228.52;-100.11
66231.45;-100.03
66234.38;-100.11
66237.30;-99.95
66240.23;-99.87
66243.16;-99.95
66246.09;-100.03
66249.02;-100.11
66251.95;-100.11
66254.88;-100.03
66257.81;-100.03
66260.74;-100.11
66263.67;-100.03
66266.60;-99.87
66269.53;-99.95
66272.46;-100.03
66275.39;-100.03
66278.32;-100.03
66281.25;-99.87
66284.18;-99.79
66287.11;-99.87
66290.04;-100.03
66292.97;-100.11
66295.90;-100.19
66298.83;-100.26
66301.76;-100.26
66304.69;-100.11
66307.62;-99.72
66310.55;-100.11
66313.48;-100.19
66316.41;-100.03
66319.34;-100.26
66322.27;-100.26
66325.20;-99.95
66328.13;-99.95
66331.05;-99.95
66333.98;-99.72
66336.91;-99.72
66339.84;-99.72
66342.77;-99.64
66345.70;-99.79
66348.63;-100.03
66351.56;-100.19
66354.49;-100.11
66357.42;-100.19
66360.35;-99.95
66363.28;-99.79
66366.21;-100.11
66369.14;-100.34
66372.07;-100.03
66375.00;-100.11
66377.93;-100.03
66380.86;-100.19
66383.79;-100.11
66386.72;-99.95
66389.65;-100.11
66392.58;-100.19
66395.51;-100.11
66398.44;-99.95
66401.37;-100.03
66404.30;-100.26
66407.23;-100.03
66410.16;-99.72
66413.09;-99.79
66416.02;-99.64
66418.95;-99.87
66421.88;-99.79
66424.80;-99.87
66427.73;-99.95
66430.66;-99.72
66433.59;-99.95
66436.52;-99.95
66439.45;-100.11
66442.38;-99.87
66445.31;-99.72
66448.24;-99.95
66451.17;-100.26
66454.10;-100.11
66457.03;-99.56
66459.96;-99.56
66462.89;-99.87
66465.82;-100.26
66468.75;-100.19
66471.68;-99.87
66474.61;-100.11
66477.54;-100.19
66480.47;-100.03
66483.40;-99.87
66486.33;-100.03
66489.26;-100.03
66492.19;-100.03
66495.12;-100.11
66498.05;-100.11
66500.98;-100.26
66503.91;-100.34
66506.84;-100.26
66509.77;-100.34
66512.70;-100.26
66515.63;-100.11
66518.55;-100.11
66521.48;-100.26
66524.41;-100.19
66527.34;-100.19
66530.27;-100.26
66533.20;-100.11
66536.13;-99.95
66539.06;-99.87
66541.99;-100.03
66544.92;-100.42
66547.85;-100.34
66550.78;-100.11
66553.71;-99.95
66556.64;-100.03
66559.57;-100.03
66562.50;-100.11
66565.43;-100.11
66568.36;-100.19
66571.29;-100.11
66574.22;-99.95
66577.15;-100.11
66580.08;-100.03
66583.01;-100.11
66585.94;-100.26
66588.87;-100.03
66591.80;-100.11
66594.73;-100.19
66597.66;-100.34
66600.59;-100.11
66603.52;-100.19
66606.45;-100.19
66609.38;-100.11
66612.30;-99.87
66615.23;-99.95
66618.16;-100.03
66621.09;-100.11
66624.02;-99.79
66626.95;-99.87
66629.88;-99.95
66632.81;-99.95
66635.74;-99.95
66638.67;-99.95
66641.60;-99.95
66644.53;-100.19
66647.46;-100.11
66650.39;-99.87
66653.32;-99.79
66656.25;-99.72
66659.18;-100.03
66662.11;-100.03
66665.04;-99.87
66667.97;-99.95
66670.90;-100.11
66673.83;-99.79
66676.76;-99.79
66679.69;-99.95
66682.62;-99.72
66685.55;-99.72
66688.48;-100.03
66691.41;-99.87
66694.34;-99.87
66697.27;-100.03
66700.20;-100.11
66703.13;-99.87
66706.05;-100.03
66708.98;-100.11
66711.91;-100.03
66714.84;-99.87
66717.77;-99.56
66720.70;-99.79
66723.63;-100.11
66726.56;-99.87
66729.49;-99.79
66732.42;-99.87
66735.35;-100.03
66738.28;-100.26
66741.21;-99.72
66744.14;-99.95
66747.07;-100.11
66750.00;-100.03
66752.93;-99.72
66755.86;-99.64
66758.79;-100.03
66761.72;-100.11
66764.65;-99.95
66767.58;-100.03
66770.51;-100.19
66773.44;-99.64
66776.37;-99.79
66779.30;-100.19
66782.23;-99.95
66785.16;-100.03
66788.09;-100.11
66791.02;-99.87
66793.95;-99.87
66796.88;-100.03
66799.80;-100.03
66802.73;-100.03
66805.66;-99.79
66808.59;-99.87
66811.52;-99.87
66814.45;-99.79
66817.38;-99.95
66820.31;-99.79
66823.24;-99.79
66826.17;-99.72
66829.10;-100.19
66832.03;-100.42
66834.96;-100.26
66837.89;-100.19
66840.82;-100.11
66843.75;-100.19
66846.68;-100.11
66849.61;-99.87
66852.54;-99.87
66855.47;-99.87
66858.40;-99.87
66861.33;-100.26
66864.26;-99.87
66867.19;-99.64
66870.12;-99.72
66873.05;-99.87
66875.98;-100.03
66878.91;-99.95
66881.84;-100.03
66884.77;-100.26
66887.70;-99.95
66890.63;-99.95
66893.55;-100.03
66896.48;-100.03
66899.41;-99.79
66902.34;-99.87
66905.27;-100.11
66908.20;-100.11
66911.13;-99.95
66914.06;-99.87
66916.99;-99.87
66919.92;-99.72
66922.85;-100.03
66925.78;-100.19
66928.71;-100.03
66931.64;-100.03
66934.57;-100.19
66937.50;-100.03
66940.43;-100.03
66943.36;-100.11
66946.29;-100.03
66949.22;-100.19
66952.15;-100.03
66955.08;-100.11
66958.01;-100.11
66960.94;-99.95
66963.87;-99.87
66966.80;-99.95
66969.73;-99.87
66972.66;-99.95
66975.59;-99.95
66978.52;-99.95
66981.45;-99.95
66984.38;-99.79
66987.30;-100.11
66990.23;-100.19
66993.16;-99.95
66996.09;-99.87
66999.02;-99.87
67001.95;-99.87
67004.88;-99.95
67007.81;-99.95
67010.74;-99.87
67013.67;-100.11
67016.60;-100.03
67019.53;-99.95
67022.46;-99.79
67025.39;-99.79
67028.32;-99.72
67031.25;-99.64
67034.18;-99.95
67037.11;-99.95
67040.04;-99.87
67042.97;-100.11
67045.90;-99.87
67048.83;-100.11
67051.76;-100.03
67054.69;-100.26
67057.62;-100.34
67060.55;-100.11
67063.48;-100.19
67066.41;-100.11
67069.34;-100.03
67072.27;-99.87
67075.20;-99.95
67078.13;-99.87
67081.05;-99.87
67083.98;-100.11
67086.91;-100.03
67089.84;-100.19
67092.77;-100.11
67095.70;-100.26
67098.63;-100.26
67101.56;-100.19
67104.49;-100.26
67107.42;-99.95
67110.35;-99.87
67113.28;-100.03
67116.21;-99.95
67119.14;-100.19
67122.07;-100.34
67125.00;-100.03
67127.93;-99.72
67130.86;-99.79
67133.79;-100.03
67136.72;-100.19
67139.65;-100.11
67142.58;-100.11
67145.51;-99.72
67148.44;-99.72
67151.37;-100.03
67154.30;-100.19
67157.23;-100.34
67160.16;-100.03
67163.09;-100.19
67166.02;-100.03
67168.95;-99.95
67171.88;-100.03
67174.80;-99.79
67177.73;-99.87
67180.66;-99.87
67183.59;-99.95
67186.52;-100.03
67189.45;-99.87
67192.38;-99.72
67195.31;-100.03
67198.24;-100.11
67201.17;-99.79
67204.10;-99.79
67207.03;-100.11
67209.96;-99.95
67212.89;-99.72
67215.82;-99.87
67218.75;-99.95
67221.68;-100.19
67224.61;-100.19
67227.54;-99.87
67230.47;-99.87
67233.40;-100.11
67236.33;-100.19
67239.26;-99.87
67242.19;-99.95
67245.12;-100.19
67248.05;-100.11
67250.98;-99.56
67253.91;-99.72
67256.84;-99.87
67259.77;-99.72
67262.70;-99.87
67265.63;-100.11
67268.55;-100.11
67271.48;-99.79
67274.41;-99.95
67277.34;-100.19
67280.27;-100.03
67283.20;-100.11
67286.13;-100.03
67289.06;-99.87
67291.99;-99.79
67294.92;-99.72
67297.85;-99.87
67300.78;-100.03
67303.71;-100.19
67306.64;-100.19
67309.57;-100.03
67312.50;-99.79
67315.43;-99.64
67318.36;-99.79
67321.29;-99.95
67324.22;-100.19
67327.15;-100.03
67330.08;-100.11
67333.01;-100.11
67335.94;-100.03
67338.87;-100.34
67341.80;-100.03
67344.73;-99.79
67347.66;-100.03
67350.59;-100.42
67353.52;-100.11
67356.45;-100.19
67359.38;-100.11
67362.30;-99.95
67365.23;-100.11
67368.16;-100.03
67371.09;-99.87
67374.02;-99.87
67376.95;-99.95
67379.88;-99.87
67382.81;-100.11
67385.74;-100.11
67388.67;-99.95
67391.60;-100.03
67394.53;-99.95
67397.46;-99.95
67400.39;-100.19
67403.32;-100.11
67406.25;-99.87
67409.18;-100.11
67412.11;-100.26
67415.04;-100.11
67417.97;-100.42
67420.90;-100.11
67423.83;-99.87
67426.76;-100.03
67429.69;-100.03
67432.62;-100.11
67435.55;-100.19
67438.48;-100.11
67441.41;-99.95
67444.34;-99.95
67447.27;-100.19
67450.20;-100.03
67453.13;-99.79
67456.05;-99.87
67458.98;-99.95
67461.91;-99.72
67464.84;-100.03
67467.77;-100.34
67470.70;-100.26
67473.63;-99.95
67476.56;-99.79
67479.49;-99.87
67482.42;-100.03
67485.35;-100.11
67488.28;-99.72
67491.21;-99.87
67494.14;-99.95
67497.07;-100.11
67500.00;-100.19
67502.93;-100.03
67505.86;-99.95
67508.79;-99.95
67511.72;-100.03
67514.65;-99.95
67517.58;-99.64
67520.51;-99.87
67523.44;-100.19
67526.37;-100.03
67529.30;-99.79
67532.23;-99.72
67535.16;-99.87
67538.09;-100.11
67541.02;-100.03
67543.95;-99.79
67546.88;-99.95
67549.80;-100.19
67552.73;-99.95
67555.66;-100.03
67558.59;-100.03
67561.52;-99.95
67564.45;-99.79
67567.38;-99.87
67570.31;-99.87
67573.24;-100.03
67576.17;-99.87
67579.10;-99.95
67582.03;-100.19
67584.96;-100.26
67587.89;-100.11
67590.82;-99.95
67593.75;-100.11
67596.68;-99.95
67599.61;-99.95
67602.54;-99.87
67605.47;-100.03
67608.40;-100.11
67611.33;-99.95
67614.26;-100.19
67617.19;-100.19
67620.12;-99.79
67623.05;-99.72
67625.98;-100.03
67628.91;-100.03
67631.84;-100.03
67634.77;-99.87
67637.70;-99.72
67640.63;-99.87
67643.55;-99.95
67646.48;-100.11
67649.41;-99.95
67652.34;-99.95
67655.27;-99.72
67658.20;-99.79
67661.13;-99.79
67664.06;-99.87
67666.99;-100.03
67669.92;-100.03
67672.85;-100.03
67675.78;-99.87
67678.71;-99.72
67681.64;-99.87
67684.57;-99.72
67687.50;-99.79
67690.43;-100.19
67693.36;-100.03
67696.29;-100.03
67699.22;-99.87
67702.15;-99.79
67705.08;-99.79
67708.01;-100.11
67710.94;-100.03
67713.87;-99.79
67716.80;-100.11
67719.73;-100.26
67722.66;-99.95
67725.59;-99.95
67728.52;-99.87
67731.45;-99.87
67734.38;-99.79
67737.30;-100.03
67740.23;-100.19
67743.16;-100.26
67746.09;-100.19
67749.02;-100.03
67751.95;-99.79
67754.88;-99.87
67757.81;-99.87
67760.74;-99.95
67763.67;-99.72
67766.60;-99.87
67769.53;-99.95
67772.46;-100.03
67775.39;-100.03
67778.32;-99.95
67781.25;-100.03
67784.18;-100.03
67787.11;-100.26
67790.04;-100.26
67792.97;-100.03
67795.90;-100.11
67798.83;-100.26
67801.76;-100.19
67804.69;-100.19
67807.62;-99.95
67810.55;-100.03
67813.48;-100.11
67816.41;-99.95
67819.34;-99.95
67822.27;-99.95
67825.20;-100.26
67828.13;-100.11
67831.05;-99.79
67833.98;-99.79
67836.91;-99.87
67839.84;-100.03
67842.77;-99.95
67845.70;-100.03
67848.63;-100.11
67851.56;-100.03
67854.49;-100.03
67857.42;-99.95
67860.35;-100.11
67863.28;-100.03
67866.21;-99.87
67869.14;-99.95
67872.07;-99.87
67875.00;-99.95
67877.93;-99.95
67880.86;-100.11
67883.79;-99.87
67886.72;-100.03
67889.65;-100.11
67892.58;-100.26
67895.51;-100.19
67898.44;-99.87
67901.37;-99.87
67904.30;-99.95
67907.23;-99.79
67910.16;-99.64
67913.09;-99.79
67916.02;-100.11
67918.95;-100.26
67921.88;-100.19
67924.80;-99.95
67927.73;-100.19
67930.66;-100.19
67933.59;-99.87
67936.52;-99.87
67939.45;-99.95
67942.38;-100.11
67945.31;-100.42
67948.24;-100.19
67951.17;-100.11
67954.10;-99.95
67957.03;-99.87
67959.96;-100.03
67962.89;-99.87
67965.82;-99.72
67968.75;-99.56
67971.68;-99.48
67974.61;-99.79
67977.54;-99.87
67980.47;-100.19
67983.40;-100.11
67986.33;-100.03
67989.26;-99.87
67992.19;-100.03
67995.12;-100.11
67998.05;-100.19
68000.98;-100.03
68003.91;-99.87
68006.84;-100.03
68009.77;-99.87
68012.70;-99.79
68015.63;-99.79
68018.55;-99.87
68021.48;-99.72
68024.41;-99.79
68027.34;-99.95
68030.27;-99.95
68033.20;-99.79
68036.13;-100.11
68039.06;-100.03
68041.99;-100.19
68044.92;-99.95
68047.85;-100.26
68050.78;-100.34
68053.71;-99.95
68056.64;-99.72
68059.57;-99.79
68062.50;-100.03
68065.43;-99.87
68068.36;-99.87
68071.29;-99.79
68074.22;-100.03
68077.15;-100.19
68080.08;-99.87
68083.01;-99.87
68085.94;-99.95
68088.87;-99.87
68091.80;-99.95
68094.73;-100.03
68097.66;-100.19
68100.59;-100.26
68103.52;-100.11
68106.45;-99.95
68109.38;-99.87
68112.30;-99.87
68115.23;-99.95
68118.16;-100.26
68121.09;-100.19
68124.02;-100.11
68126.95;-100.11
68129.88;-99.87
68132.81;-99.79
68135.74;-99.95
68138.67;-99.95
68141.60;-99.87
68144.53;-100.03
68147.46;-100.19
68150.39;-100.03
68153.32;-100.03
68156.25;-100.19
68159.18;-100.03
68162.11;-99.87
68165.04;-99.79
68167.97;-99.79
68170.90;-100.11
68173.83;-100.11
68176.76;-99.87
68179.69;-99.87
68182.62;-99.79
68185.55;-99.87
68188.48;-100.19
68191.41;-99.79
68194.34;-99.79
68197.27;-100.11
68200.20;-100.26
68203.13;-99.95
68206.05;-99.95
68208.98;-99.87
68211.91;-100.19
68214.84;-100.26
68217.77;-99.95
68220.70;-100.19
68223.63;-100.03
68226.56;-100.03
68229.49;-99.95
68232.42;-100.34
68235.35;-100.19
68238.28;-100.03
68241.21;-100.03
68244.14;-100.19
68247.07;-100.34
68250.00;-100.11
68252.93;-99.87
68255.86;-99.95
68258.79;-99.87
68261.72;-99.79
68264.65;-99.87
68267.58;-99.87
68270.51;-100.11
68273.44;-100.19
68276.37;-99.87
68279.30;-99.72
68282.23;-99.87
68285.16;-99.72
68288.09;-100.03
68291.02;-100.34
68293.95;-100.11
68296.88;-100.11
68299.80;-100.03
68302.73;-100.19
68305.66;-100.11
68308.59;-100.11
68311.52;-99.72
68314.45;-100.11
68317.38;-100.34
68320.31;-100.34
68323.24;-100.03
68326.17;-99.64
68329.10;-100.03
68332.03;-99.79
68334.96;-99.56
68337.89;-99.79
68340.82;-100.11
68343.75;-100.03
68346.68;-99.95
68349.61;-99.87
68352.54;-99.95
68355.47;-99.95
68358.40;-100.11
68361.33;-99.87
68364.26;-99.64
68367.19;-99.95
68370.12;-100.11
68373.05;-99.95
68375.98;-100.03
68378.91;-99.87
68381.84;-100.03
68384.77;-100.03
68387.70;-99.72
68390.63;-100.03
68393.55;-99.95
68396.48;-99.95
68399.41;-100.03
68402.34;-100.03
68405.27;-99.95
68408.20;-99.79
68411.13;-99.79
68414.06;-99.72
68416.99;-99.79
68419.92;-99.87
68422.85;-99.87
68425.78;-100.03
68428.71;-100.26
68431.64;-100.11
68434.57;-100.03
68437.50;-100.03
68440.43;-100.03
68443.36;-99.79
68446.29;-99.72
68449.22;-99.87
68452.15;-100.03
68455.08;-99.79
68458.01;-100.03
68460.94;-100.11
68463.87;-100.11
68466.80;-100.03
68469.73;-99.72
68472.66;-99.64
68475.59;-99.79
68478.52;-99.64
68481.45;-99.72
68484.38;-99.95
68487.30;-99.95
68490.23;-100.11
68493.16;-100.03
68496.09;-99.95
68499.02;-99.95
68501.95;-99.95
68504.88;-99.79
68507.81;-99.72
68510.74;-99.72
68513.67;-99.95
68516.60;-99.79
68519.53;-99.79
68522.46;-99.87
68525.39;-99.87
68528.32;-100.11
68531.25;-100.26
68534.18;-100.19
68537.11;-100.11
68540.04;-100.42
68542.97;-100.26
68545.90;-100.26
68548.83;-100.19
68551.76;-100.19
68554.69;-100.03
68557.62;-100.11
68560.55;-100.19
68563.48;-100.26
68566.41;-99.95
68569.34;-99.95
68572.27;-99.87
68575.20;-99.95
68578.13;-99.87
68581.05;-100.26
68583.98;-100.26
68586.91;-99.95
68589.84;-99.95
68592.77;-100.03
68595.70;-99.79
68598.63;-99.95
68601.56;-99.87
68604.49;-99.79
68607.42;-100.11
68610.35;-100.19
68613.28;-100.11
68616.21;-100.11
68619.14;-100.19
68622.07;-100.19
68625.00;-100.11
68627.93;-100.19
68630.86;-100.19
68633.79;-100.11
68636.72;-99.87
68639.65;-99.72
68642.58;-100.03
68645.51;-100.11
68648.44;-99.79
68651.37;-99.95
68654.30;-100.03
68657.23;-100.11
68660.16;-100.03
68663.09;-100.11
68666.02;-99.87
68668.95;-100.11
68671.88;-100.11
68674.80;-99.72
68677.73;-99.87
68680.66;-99.87
68683.59;-100.03
68686.52;-100.26
68689.45;-100.11
68692.38;-100.19
68695.31;-100.26
68698.24;-100.26
68701.17;-100.11
68704.10;-100.11
68707.03;-100.19
68709.96;-99.79
68712.89;-100.03
68715.82;-100.03
68718.75;-99.79
68721.68;-100.03
68724.61;-100.03
68727.54;-100.03
68730.47;-100.11
68733.40;-99.95
68736.33;-100.11
68739.26;-100.03
68742.19;-100.03
68745.12;-99.79
68748.05;-99.87
68750.98;-99.87
68753.91;-99.87
68756.84;-99.72
68759.77;-99.79
68762.70;-99.87
68765.63;-99.87
68768.55;-99.87
68771.48;-100.03
68774.41;-100.03
68777.34;-99.95
68780.27;-99.87
68783.20;-99.87
68786.13;-100.03
68789.06;-100.03
68791.99;-100.03
68794.92;-99.87
68797.85;-99.79
68800.78;-99.72
68803.71;-99.95
68806.64;-100.03
68809.57;-100.03
68812.50;-100.03
68815.43;-99.87
68818.36;-100.03
68821.29;-100.11
68824.22;-100.03
68827.15;-100.19
68830.08;-100.19
68833.01;-100.19
68835.94;-99.95
68838.87;-100.03
68841.80;-100.26
68844.73;-100.19
68847.66;-100.03
68850.59;-100.11
68853.52;-100.26
68856.45;-100.42
68859.38;-100.19
68862.30;-100.11
68865.23;-100.03
68868.16;-99.79
68871.09;-100.03
68874.02;-100.34
68876.95;-100.19
68879.88;-99.95
68882.81;-99.95
68885.74;-99.79
68888.67;-100.03
68891.60;-100.03
68894.53;-99.79
68897.46;-100.19
68900.39;-99.95
68903.32;-99.87
68906.25;-99.56
68909.18;-99.72
68912.11;-100.19
68915.04;-100.03
68917.97;-99.95
68920.90;-99.87
68923.83;-99.79
68926.76;-99.79
68929.69;-99.95
68932.62;-100.19
68935.55;-99.87
68938.48;-99.56
68941.41;-100.03
68944.34;-100.19
68947.27;-100.26
68950.20;-100.03
68953.13;-99.95
68956.05;-100.03
68958.98;-99.95
68961.91;-99.79
68964.84;-100.03
68967.77;-100.11
68970.70;-100.11
68973.63;-100.11
68976.56;-100.11
68979.49;-100.03
68982.42;-100.19
68985.35;-99.95
68988.28;-99.95
68991.21;-100.26
68994.14;-100.34
68997.07;-100.03
69000.00;-99.87
69002.93;-99.72
69005.86;-99.87
69008.79;-100.03
69011.72;-100.11
69014.65;-99.95
69017.58;-99.87
69020.51;-100.03
69023.44;-100.11
69026.37;-100.03
69029.30;-100.03
69032.23;-100.03
69035.16;-100.03
69038.09;-99.87
69041.02;-99.95
69043.95;-100.19
69046.88;-100.03
69049.80;-100.03
69052.73;-100.03
69055.66;-100.11
69058.59;-100.19
69061.52;-100.42
69064.45;-100.26
69067.38;-99.87
69070.31;-99.72
69073.24;-99.79
69076.17;-99.95
69079.10;-99.95
69082.03;-99.79
69084.96;-99.79
69087.89;-99.95
69090.82;-100.19
69093.75;-100.11
69096.68;-99.87
69099.61;-99.95
69102.54;-100.11
69105.47;-99.95
69108.40;-99.87
69111.33;-100.19
69114.26;-100.11
69117.19;-100.11
69120.12;-100.11
69123.05;-100.11
69125.98;-100.03
69128.91;-100.03
69131.84;-100.26
69134.77;-100.11
69137.70;-99.87
69140.63;-99.79
69143.55;-99.95
69146.48;-100.03
69149.41;-100.11
69152.34;-100.19
69155.27;-100.34
69158.20;-100.03
69161.13;-99.87
69164.06;-99.95
69166.99;-100.03
69169.92;-99.95
69172.85;-99.95
69175.78;-99.79
69178.71;-99.79
69181.64;-99.87
69184.57;-100.19
69187.50;-100.19
69190.43;-99.95
69193.36;-99.87
69196.29;-99.95
69199.22;-99.72
69202.15;-99.79
69205.08;-99.72
69208.01;-99.72
69210.94;-99.95
69213.87;-100.19
69216.80;-100.11
69219.73;-100.11
69222.66;-100.26
69225.59;-100.19
69228.52;-99.95
69231.45;-100.11
69234.38;-100.11
69237.30;-99.95
69240.23;-99.87
69243.16;-99.87
69246.09;-100.19
69249.02;-100.11
69251.95;-100.11
69254.88;-100.11
69257.81;-99.95
69260.74;-100.03
69263.67;-100.11
69266.60;-100.03
69269.53;-100.11
69272.46;-100.11
69275.39;-99.79
69278.32;-99.72
69281.25;-99.87
69284.18;-99.79
69287.11;-99.79
69290.04;-99.79
69292.97;-99.95
69295.90;-100.19
69298.83;-100.11
69301.76;-100.03
69304.69;-99.87
69307.62;-99.79
69310.55;-99.87
69313.48;-99.87
69316.41;-99.95
69319.34;-99.87
69322.27;-99.95
69325.20;-99.95
69328.13;-100.03
69331.05;-100.03
69333.98;-99.64
69336.91;-99.87
69339.84;-100.19
69342.77;-100.03
69345.70;-100.11
69348.63;-100.11
69351.56;-100.19
69354.49;-100.03
69357.42;-99.95
69360.35;-100.03
69363.28;-100.03
69366.21;-100.26
69369.14;-100.11
69372.07;-99.56
69375.00;-99.87
69377.93;-100.11
69380.86;-100.26
69383.79;-100.26
69386.72;-99.95
69389.65;-99.79
69392.58;-99.87
69395.51;-99.79
69398.44;-99.95
69401.37;-99.79
69404.30;-99.72
69407.23;-99.95
69410.16;-99.95
69413.09;-100.19
69416.02;-100.26
69418.95;-100.11
69421.88;-100.03
69424.80;-100.03
69427.73;-99.95
69430.66;-99.95
69433.59;-100.26
69436.52;-100.26
69439.45;-100.03
69442.38;-99.95
69445.31;-100.03
69448.24;-99.95
69451.17;-99.95
69454.10;-99.95
69457.03;-100.03
69459.96;-100.03
69462.89;-99.95
69465.82;-99.79
69468.75;-99.87
69471.68;-100.03
69474.61;-99.72
69477.54;-99.87
69480.47;-100.03
69483.40;-100.03
69486.33;-99.87
69489.26;-99.79
69492.19;-100.03
69495.12;-100.11
69498.05;-99.95
69500.98;-100.11
69503.91;-100.26
69506.84;-99.95
69509.77;-99.95
69512.70;-100.26
69515.63;-100.42
69518.55;-100.19
69521.48;-100.26
69524.41;-100.03
69527.34;-99.79
69530.27;-99.79
69533.20;-99.72
69536.13;-99.95
69539.06;-100.11
69541.99;-100.03
69544.92;-99.95
69547.85;-100.11
69550.78;-100.19
69553.71;-100.11
69556.64;-100.11
69559.57;-99.87
69562.50;-100.11
69565.43;-100.26
69568.36;-100.26
69571.29;-100.26
69574.22;-100.11
69577.15;-100.11
69580.08;-100.19
69583.01;-100.11
69585.94;-99.87
69588.87;-99.95
69591.80;-99.95
69594.73;-100.19
69597.66;-100.42
69600.59;-100.03
69603.52;-100.11
69606.45;-100.11
69609.38;-100.19
69612.30;-100.19
69615.23;-99.64
69618.16;-99.64
69621.09;-99.56
69624.02;-99.95
69626.95;-100.03
69629.88;-99.87
69632.81;-100.03
69635.74;-100.03
69638.67;-100.34
69641.60;-100.19
69644.53;-99.87
69647.46;-99.79
69650.39;-99.79
69653.32;-99.87
69656.25;-100.03
69659.18;-100.03
69662.11;-100.19
69665.04;-100.26
69667.97;-100.19
69670.90;-99.79
69673.83;-99.72
69676.76;-99.72
69679.69;-99.95
69682.62;-100.03
69685.55;-100.11
69688.48;-100.11
69691.41;-100.03
69694.34;-99.95
69697.27;-100.03
69700.20;-100.19
69703.13;-100.19
69706.05;-100.26
69708.98;-100.03
69711.91;-99.87
69714.84;-100.03
69717.77;-100.19
69720.70;-100.03
69723.63;-100.03
69726.56;-99.87
69729.49;-99.95
69732.42;-99.95
69735.35;-99.79
69738.28;-99.87
69741.21;-99.72
69744.14;-99.72
69747.07;-99.87
69750.00;-100.11
69752.93;-100.26
69755.86;-100.19
69758.79;-99.95
69761.72;-99.95
69764.65;-100.03
69767.58;-99.95
69770.51;-99.87
69773.44;-99.95
69776.37;-99.95
69779.30;-99.95
69782.23;-99.95
69785.16;-99.87
69788.09;-100.03
69791.02;-100.19
69793.95;-100.26
69796.88;-100.03
69799.80;-99.87
69802.73;-100.19
69805.66;-99.95
69808.59;-99.95
69811.52;-100.03
69814.45;-100.19
69817.38;-100.19
69820.31;-100.03
69823.24;-99.95
69826.17;-100.11
69829.10;-100.11
69832.03;-100.03
69834.96;-100.34
69837.89;-100.26
69840.82;-99.87
69843.75;-99.79
69846.68;-99.87
69849.61;-99.79
69852.54;-99.95
69855.47;-99.87
69858.40;-100.03
69861.33;-100.11
69864.26;-100.11
69867.19;-100.11
69870.12;-100.03
69873.05;-100.26
69875.98;-100.03
69878.91;-99.87
69881.84;-99.95
69884.77;-100.11
69887.70;-99.95
69890.63;-99.87
69893.55;-100.03
69896.48;-100.11
69899.41;-99.95
69902.34;-100.11
69905.27;-100.03
69908.20;-99.87
69911.13;-100.03
69914.06;-99.87
69916.99;-100.03
69919.92;-100.19
69922.85;-100.11
69925.78;-100.19
69928.71;-100.26
69931.64;-100.26
69934.57;-100.26
69937.50;-100.11
69940.43;-100.26
69943.36;-100.03
69946.29;-100.11
69949.22;-100.03
69952.15;-99.79
69955.08;-99.79
69958.01;-100.19
69960.94;-100.34
69963.87;-100.11
69966.80;-99.87
69969.73;-99.87
69972.66;-99.87
69975.59;-99.79
69978.52;-100.03
69981.45;-100.11
69984.38;-100.11
69987.30;-100.19
69990.23;-100.26
69993.16;-100.11
69996.09;-99.95
69999.02;-100.03
70001.95;-100.26
70004.88;-100.11
70007.81;-100.11
70010.74;-100.34
70013.67;-100.11
70016.60;-99.79
70019.53;-99.87
70022.46;-99.95
70025.39;-100.03
70028.32;-100.26
70031.25;-100.11
70034.18;-100.03
70037.11;-100.19
70040.04;-99.95
70042.97;-99.95
70045.90;-99.79
70048.83;-100.11
70051.76;-100.03
70054.69;-99.64
70057.62;-99.95
70060.55;-100.26
70063.48;-100.26
70066.41;-100.03
70069.34;-100.03
70072.27;-99.87
70075.20;-99.72
70078.13;-100.11
70081.05;-100.19
70083.98;-99.87
70086.91;-99.87
70089.84;-99.95
70092.77;-100.26
70095.70;-100.26
70098.63;-99.87
70101.56;-100.03
70104.49;-99.95
70107.42;-99.72
70110.35;-100.11
70113.28;-99.87
70116.21;-100.03
70119.14;-100.19
70122.07;-100.03
70125.00;-100.26
70127.93;-100.19
70130.86;-100.34
70133.79;-100.26
70136.72;-100.19
70139.65;-100.11
70142.58;-100.03
70145.51;-100.03
70148.44;-100.03
70151.37;-99.79
70154.30;-99.79
70157.23;-99.87
70160.16;-100.11
70163.09;-100.19
70166.02;-100.19
70168.95;-100.11
70171.88;-100.11
70174.80;-100.19
70177.73;-100.11
70180.66;-100.11
70183.59;-100.03
70186.52;-99.95
70189.45;-100.11
70192.38;-99.95
70195.31;-99.87
70198.24;-99.79
70201.17;-100.03
70204.10;-100.19
70207.03;-100.26
70209.96;-100.11
70212.89;-99.95
70215.82;-99.87
70218.75;-100.11
70221.68;-100.11
70224.61;-100.03
70227.54;-100.19
70230.47;-100.03
70233.40;-99.95
70236.33;-100.19
70239.26;-100.26
70242.19;-99.95
70245.12;-99.79
70248.05;-99.87
70250.98;-99.79
70253.91;-99.87
70256.84;-100.19
70259.77;-100.03
70262.70;-99.95
70265.63;-100.03
70268.55;-100.19
70271.48;-100.19
70274.41;-99.95
70277.34;-99.95
70280.27;-99.95
70283.20;-99.87
70286.13;-100.11
70289.06;-100.34
70291.99;-100.19
70294.92;-99.95
70297.85;-99.87
70300.78;-99.79
70303.71;-99.95
70306.64;-100.19
70309.57;-99.87
70312.50;-99.95
70315.43;-100.11
70318.36;-100.11
70321.29;-100.03
70324.22;-99.95
70327.15;-99.87
70330.08;-100.03
70333.01;-99.79
70335.94;-99.95
70338.87;-100.03
70341.80;-100.03
70344.73;-99.95
70347.66;-100.03
70350.59;-99.87
70353.52;-99.95
70356.45;-100.03
70359.38;-100.03
70362.30;-99.79
70365.23;-99.95
70368.16;-100.19
70371.09;-100.03
70374.02;-99.79
70376.95;-100.11
70379.88;-100.03
70382.81;-100.19
70385.74;-100.34
70388.67;-100.19
70391.60;-100.19
70394.53;-99.87
70397.46;-100.11
70400.39;-100.11
70403.32;-100.19
70406.25;-100.26
70409.18;-99.95
70412.11;-99.79
70415.04;-100.19
70417.97;-100.19
70420.90;-100.11
70423.83;-100.03
70426.76;-100.03
70429.69;-100.26
70432.62;-100.03
70435.55;-99.95
70438.48;-100.11
70441.41;-100.11
70444.34;-99.95
70447.27;-99.95
70450.20;-100.11
70453.13;-100.11
70456.05;-100.19
70458.98;-100.19
70461.91;-100.50
70464.84;-100.26
70467.77;-100.19
70470.70;-100.34
70473.63;-100.26
70476.56;-99.95
70479.49;-99.95
70482.42;-100.03
70485.35;-100.11
70488.28;-100.03
70491.21;-100.03
70494.14;-99.95
70497.07;-99.95
70500.00;-99.87
70502.93;-100.03
70505.86;-100.03
70508.79;-100.19
70511.72;-100.19
70514.65;-100.11
70517.58;-100.03
70520.51;-100.03
70523.44;-99.95
70526.37;-100.19
70529.30;-99.87
70532.23;-100.11
70535.16;-100.19
70538.09;-100.34
70541.02;-100.03
70543.95;-100.03
70546.88;-99.95
70549.80;-100.11
70552.73;-100.26
70555.66;-99.87
70558.59;-99.95
70561.52;-99.79
70564.45;-100.03
70567.38;-100.19
70570.31;-100.26
70573.24;-100.42
70576.17;-99.87
70579.10;-99.72
70582.03;-99.72
70584.96;-99.72
70587.89;-100.03
70590.82;-100.03
70593.75;-100.03
70596.68;-100.11
70599.61;-100.26
70602.54;-100.11
70605.47;-99.95
70608.40;-99.79
70611.33;-99.95
70614.26;-100.26
70617.19;-100.26
70620.12;-100.03
70623.05;-100.03
70625.98;-100.19
70628.91;-100.19
70631.84;-99.95
70634.77;-99.95
70637.70;-99.56
70640.63;-99.87
70643.55;-100.11
70646.48;-100.03
70649.41;-99.95
70652.34;-99.72
70655.27;-100.03
70658.20;-100.34
70661.13;-100.11
70664.06;-100.11
70666.99;-99.95
70669.92;-100.19
70672.85;-100.19
70675.78;-99.95
70678.71;-100.19
70681.64;-100.19
70684.57;-100.34
70687.50;-100.42
70690.43;-100.42
70693.36;-100.19
70696.29;-100.26
70699.22;-100.26
70702.15;-100.11
70705.08;-99.87
70708.01;-99.64
70710.94;-99.79
70713.87;-99.87
70716.80;-100.11
70719.73;-100.03
70722.66;-100.11
70725.59;-99.87
70728.52;-100.03
70731.45;-100.34
70734.38;-100.19
70737.30;-100.19
70740.23;-100.11
70743.16;-99.95
70746.09;-99.95
70749.02;-100.03
70751.95;-99.95
70754.88;-100.03
70757.81;-100.26
70760.74;-100.42
70763.67;-100.19
70766.60;-100.11
70769.53;-99.95
70772.46;-99.87
70775.39;-100.19
70778.32;-100.19
70781.25;-100.03
70784.18;-99.95
70787.11;-100.03
70790.04;-99.95
70792.97;-99.87
70795.90;-99.95
70798.83;-100.26
70801.76;-100.26
70804.69;-100.19
70807.62;-99.95
70810.55;-99.64
70813.48;-100.03
70816.41;-100.42
70819.34;-100.11
70822.27;-99.95
70825.20;-99.95
70828.13;-99.79
70831.05;-100.03
70833.98;-100.03
70836.91;-100.03
70839.84;-99.95
70842.77;-100.19
70845.70;-100.50
70848.63;-100.11
70851.56;-100.19
70854.49;-100.26
70857.42;-100.34
70860.35;-100.19
70863.28;-100.26
70866.21;-100.19
70869.14;-100.03
70872.07;-100.03
70875.00;-99.87
70877.93;-99.95
70880.86;-100.11
70883.79;-99.95
70886.72;-99.79
70889.65;-99.95
70892.58;-99.95
70895.51;-100.03
70898.44;-100.26
70901.37;-100.26
70904.30;-100.19
70907.23;-100.03
70910.16;-99.64
70913.09;-99.72
70916.02;-100.19
70918.95;-100.26
70921.88;-99.95
70924.80;-100.03
70927.73;-100.03
70930.66;-100.03
70933.59;-100.03
70936.52;-100.11
70939.45;-100.19
70942.38;-100.03
70945.31;-99.95
70948.24;-99.87
70951.17;-100.11
70954.10;-100.03
70957.03;-99.79
70959.96;-99.72
70962.89;-99.95
70965.82;-100.26
70968.75;-100.11
70971.68;-100.11
70974.61;-100.34
70977.54;-100.34
70980.47;-100.26
70983.40;-100.19
70986.33;-100.03
70989.26;-100.11
70992.19;-100.19
70995.12;-99.95
70998.05;-100.34
71000.98;-100.19
71003.91;-100.03
71006.84;-100.03
71009.77;-99.95
71012.70;-100.03
71015.63;-99.95
71018.55;-100.11
71021.48;-100.26
71024.41;-100.11
71027.34;-100.34
71030.27;-100.19
71033.20;-99.87
71036.13;-99.87
71039.06;-100.03
71041.99;-100.34
71044.92;-99.95
71047.85;-100.11
71050.78;-100.03
71053.71;-99.87
71056.64;-100.03
71059.57;-100.03
71062.50;-99.95
71065.43;-99.95
71068.36;-100.19
71071.29;-100.03
71074.22;-100.34
71077.15;-100.26
71080.08;-100.19
71083.01;-100.11
71085.94;-100.11
71088.87;-100.19
71091.80;-100.03
71094.73;-100.03
71097.66;-99.95
71100.59;-99.87
71103.52;-100.11
71106.45;-100.19
71109.38;-100.11
71112.30;-100.11
71115.23;-100.50
71118.16;-100.34
71121.09;-100.19
71124.02;-100.03
71126.95;-99.95
71129.88;-100.11
71132.81;-100.11
71135.74;-100.26
71138.67;-100.03
71141.60;-99.95
71144.53;-100.03
71147.46;-100.03
71150.39;-99.87
71153.32;-99.95
71156.25;-100.34
71159.18;-100.19
71162.11;-100.11
71165.04;-100.26
71167.97;-100.11
71170.90;-99.79
71173.83;-99.79
71176.76;-100.19
71179.69;-99.95
71182.62;-99.95
71185.55;-100.26
71188.48;-100.34
71191.41;-100.11
71194.34;-100.11
71197.27;-100.03
71200.20;-99.95
71203.13;-100.19
71206.05;-100.19
71208.98;-100.03
71211.91;-99.87
71214.84;-100.19
71217.77;-100.19
71220.70;-100.26
71223.63;-100.34
71226.56;-100.03
71229.49;-99.87
71232.42;-100.11
71235.35;-100.19
71238.28;-100.03
71241.21;-100.03
71244.14;-99.95
71247.07;-100.03
71250.00;-99.87
71252.93;-100.11
71255.86;-100.26
71258.79;-100.19
71261.72;-100.11
71264.65;-99.95
71267.58;-99.95
71270.51;-99.95
71273.44;-99.95
71276.37;-99.95
71279.30;-99.95
71282.23;-100.03
71285.16;-100.42
71288.09;-100.19
71291.02;-99.95
71293.95;-99.79
71296.88;-99.87
71299.80;-100.03
71302.73;-100.19
71305.66;-100.19
71308.59;-100.03
71311.52;-100.19
71314.45;-100.03
71317.38;-99.95
71320.31;-100.11
71323.24;-100.34
71326.17;-100.03
71329.10;-99.87
71332.03;-99.87
71334.96;-100.03
71337.89;-99.95
71340.82;-100.03
71343.75;-100.19
71346.68;-100.34
71349.61;-100.11
71352.54;-100.03
71355.47;-100.11
71358.40;-100.11
71361.33;-99.95
71364.26;-99.95
71367.19;-100.03
71370.12;-100.11
71373.05;-99.95
71375.98;-99.95
71378.91;-99.95
71381.84;-100.19
71384.77;-100.19
71387.70;-100.11
71390.63;-100.03
71393.55;-99.95
71396.48;-99.79
71399.41;-99.95
71402.34;-100.19
71405.27;-100.26
71408.20;-100.11
71411.13;-100.11
71414.06;-100.34
71416.99;-100.34
71419.92;-100.11
71422.85;-99.87
71425.78;-100.11
71428.71;-100.11
71431.64;-100.11
71434.57;-100.11
71437.50;-100.03
71440.43;-100.19
71443.36;-100.11
71446.29;-99.95
71449.22;-100.11
71452.15;-100.11
71455.08;-99.87
71458.01;-100.19
71460.94;-100.26
71463.87;-99.95
71466.80;-99.72
71469.73;-99.72
71472.66;-99.79
71475.59;-99.95
71478.52;-100.03
71481.45;-100.11
71484.38;-99.87
71487.30;-99.79
71490.23;-100.03
71493.16;-99.95
71496.09;-100.11
71499.02;-100.11
71501.95;-100.03
71504.88;-100.11
71507.81;-100.03
71510.74;-100.03
71513.67;-100.03
71516.60;-100.34
71519.53;-100.03
71522.46;-100.19
71525.39;-100.19
71528.32;-100.11
71531.25;-100.11
71534.18;-99.95
71537.11;-99.87
71540.04;-100.11
71542.97;-100.19
71545.90;-100.26
71548.83;-100.03
71551.76;-100.03
71554.69;-100.03
71557.62;-100.11
71560.55;-99.87
71563.48;-100.03
71566.41;-100.03
71569.34;-100.11
71572.27;-100.03
71575.20;-100.11
71578.13;-100.11
71581.05;-100.19
71583.98;-99.95
71586.91;-99.95
71589.84;-100.03
71592.77;-99.87
71595.70;-100.03
71598.63;-100.34
71601.56;-100.34
71604.49;-100.34
71607.42;-99.95
71610.35;-99.79
71613.28;-99.95
71616.21;-100.03
71619.14;-100.03
71622.07;-100.11
71625.00;-100.19
71627.93;-100.03
71630.86;-100.11
71633.79;-100.34
71636.72;-100.50
71639.65;-100.11
71642.58;-100.03
71645.51;-100.11
71648.44;-100.26
71651.37;-100.26
71654.30;-100.34
71657.23;-100.11
71660.16;-99.95
71663.09;-100.11
71666.02;-99.79
71668.95;-100.03
71671.88;-100.11
71674.80;-99.95
71677.73;-99.87
71680.66;-100.03
71683.59;-100.11
71686.52;-100.11
71689.45;-100.11
71692.38;-100.11
71695.31;-100.19
71698.24;-100.26
71701.17;-100.19
71704.10;-100.03
71707.03;-99.87
71709.96;-100.11
71712.89;-100.03
71715.82;-99.95
71718.75;-100.19
71721.68;-100.11
71724.61;-100.03
71727.54;-100.03
71730.47;-99.95
71733.40;-100.11
71736.33;-99.95
71739.26;-100.03
71742.19;-99.87
71745.12;-100.03
71748.05;-100.11
71750.98;-100.11
71753.91;-100.42
71756.84;-100.26
71759.77;-100.19
71762.70;-100.11
71765.63;-100.11
71768.55;-100.03
71771.48;-99.72
71774.41;-99.95
71777.34;-100.11
71780.27;-100.03
71783.20;-99.87
71786.13;-99.87
71789.06;-100.11
71791.99;-100.19
71794.92;-99.95
71797.85;-99.95
71800.78;-99.95
71803.71;-100.11
71806.64;-100.26
71809.57;-99.95
71812.50;-99.95
71815.43;-99.87
71818.36;-99.79
71821.29;-99.79
71824.22;-100.03
71827.15;-99.79
71830.08;-99.56
71833.01;-99.72
71835.94;-99.95
71838.87;-100.11
71841.80;-100.19
71844.73;-100.03
71847.66;-100.26
71850.59;-100.19
71853.52;-100.03
71856.45;-100.11
71859.38;-99.87
71862.30;-99.95
71865.23;-99.95
71868.16;-100.11
71871.09;-100.11
71874.02;-99.95
71876.95;-99.87
71879.88;-100.03
71882.81;-99.95
71885.74;-100.26
71888.67;-100.11
71891.60;-99.87
71894.53;-100.19
71897.46;-100.26
71900.39;-100.11
71903.32;-100.19
71906.25;-99.95
71909.18;-100.03
71912.11;-100.26
71915.04;-99.95
71917.97;-100.11
71920.90;-100.03
71923.83;-100.11
71926.76;-100.19
71929.69;-99.95
71932.62;-100.03
71935.55;-100.03
71938.48;-100.11
71941.41;-99.95
71944.34;-100.03
71947.27;-100.03
71950.20;-100.19
71953.13;-100.26
71956.05;-100.19
71958.98;-100.11
71961.91;-100.19
71964.84;-100.19
71967.77;-100.34
71970.70;-100.19
71973.63;-100.03
71976.56;-100.11
71979.49;-100.03
71982.42;-100.34
71985.35;-100.11
71988.28;-100.11
71991.21;-100.11
71994.14;-100.26
71997.07;-100.11
72000.00;-99.87
72002.93;-100.19
72005.86;-100.11
72008.79;-100.11
72011.72;-100.03
72014.65;-100.19
72017.58;-100.34
72020.51;-100.34
72023.44;-99.95
72026.37;-99.79
72029.30;-100.11
72032.23;-100.42
72035.16;-100.11
72038.09;-99.95
72041.02;-99.95
72043.95;-100.03
72046.88;-100.11
72049.80;-100.11
72052.73;-99.87
72055.66;-100.03
72058.59;-99.87
72061.52;-99.87
72064.45;-99.95
72067.38;-100.11
72070.31;-99.95
72073.24;-99.72
72076.17;-99.64
72079.10;-99.72
72082.03;-99.87
72084.96;-100.19
72087.89;-100.11
72090.82;-99.95
72093.75;-99.87
72096.68;-99.64
72099.61;-100.11
72102.54;-100.19
72105.47;-99.64
72108.40;-99.79
72111.33;-99.95
72114.26;-99.87
72117.19;-99.95
72120.12;-99.87
72123.05;-99.95
72125.98;-99.95
72128.91;-99.79
72131.84;-99.87
72134.77;-100.19
72137.70;-100.34
72140.63;-100.11
72143.55;-100.19
72146.48;-100.19
72149.41;-100.11
72152.34;-99.95
72155.27;-100.03
72158.20;-99.87
72161.13;-99.95
72164.06;-99.95
72166.99;-99.79
72169.92;-99.72
72172.85;-99.87
72175.78;-100.26
72178.71;-100.19
72181.64;-100.03
72184.57;-100.03
72187.50;-100.03
72190.43;-100.03
72193.36;-100.11
72196.29;-100.34
72199.22;-100.03
72202.15;-99.87
72205.08;-100.26
72208.01;-100.34
72210.94;-100.11
72213.87;-100.19
72216.80;-100.03
72219.73;-100.19
72222.66;-100.19
72225.59;-100.11
72228.52;-100.03
72231.45;-100.03
72234.38;-100.11
72237.30;-99.87
72240.23;-99.79
72243.16;-99.95
72246.09;-100.03
72249.02;-100.03
72251.95;-100.26
72254.88;-100.19
72257.81;-100.19
72260.74;-100.19
72263.67;-99.87
72266.60;-100.11
72269.53;-100.03
72272.46;-100.03
72275.39;-99.95
72278.32;-99.87
72281.25;-99.95
72284.18;-100.11
72287.11;-100.26
72290.04;-100.11
72292.97;-100.11
72295.90;-100.19
72298.83;-100.34
72301.76;-100.03
72304.69;-100.26
72307.62;-100.11
72310.55;-100.26
72313.48;-100.11
72316.41;-100.03
72319.34;-100.11
72322.27;-99.95
72325.20;-99.87
72328.13;-99.79
72331.05;-100.26
72333.98;-100.34
72336.91;-100.19
72339.84;-100.11
72342.77;-99.87
72345.70;-99.87
72348.63;-100.03
72351.56;-100.11
72354.49;-99.87
72357.42;-99.79
72360.35;-100.11
72363.28;-100.03
72366.21;-99.79
72369.14;-99.79
72372.07;-99.79
72375.00;-99.95
72377.93;-99.95
72380.86;-100.19
72383.79;-99.95
72386.72;-99.79
72389.65;-99.95
72392.58;-99.95
72395.51;-100.19
72398.44;-99.79
72401.37;-99.95
72404.30;-99.95
72407.23;-100.03
72410.16;-100.03
72413.09;-99.95
72416.02;-99.87
72418.95;-100.19
72421.88;-100.26
72424.80;-100.11
72427.73;-100.26
72430.66;-100.34
72433.59;-100.34
72436.52;-99.87
72439.45;-99.87
72442.38;-99.95
72445.31;-99.95
72448.24;-100.11
72451.17;-100.03
72454.10;-99.87
72457.03;-99.79
72459.96;-99.87
72462.89;-100.03
72465.82;-100.11
72468.75;-100.03
72471.68;-100.19
72474.61;-99.87
72477.54;-99.95
72480.47;-100.19
72483.40;-100.26
72486.33;-99.95
72489.26;-100.26
72492.19;-100.34
72495.12;-100.42
72498.05;-100.58
72500.98;-100.34
72503.91;-100.11
72506.84;-100.03
72509.77;-99.95
72512.70;-99.64
72515.63;-100.03
72518.55;-100.11
72521.48;-100.19
72524.41;-100.26
72527.34;-100.19
72530.27;-100.19
72533.20;-100.19
72536.13;-100.03
72539.06;-100.11
72541.99;-99.95
72544.92;-99.95
72547.85;-100.11
72550.78;-100.03
72553.71;-99.95
72556.64;-100.03
72559.57;-100.11
72562.50;-100.03
72565.43;-100.26
72568.36;-100.19
72571.29;-100.19
72574.22;-100.19
72577.15;-100.11
72580.08;-99.95
72583.01;-99.87
72585.94;-100.19
72588.87;-100.03
72591.80;-99.87
72594.73;-100.11
72597.66;-99.87
72600.59;-100.11
72603.52;-100.03
72606.45;-99.95
72609.38;-99.87
72612.30;-100.26
72615.23;-100.19
72618.16;-100.11
72621.09;-100.11
72624.02;-100.26
72626.95;-100.26
72629.88;-99.87
72632.81;-100.26
72635.74;-100.11
72638.67;-99.72
72641.60;-99.95
72644.53;-99.72
72647.46;-100.03
72650.39;-100.19
72653.32;-99.95
72656.25;-99.79
72659.18;-99.95
72662.11;-100.19
72665.04;-100.03
72667.97;-99.72
72670.90;-99.72
72673.83;-99.95
72676.76;-100.19
72679.69;-100.11
72682.62;-99.95
72685.55;-99.95
72688.48;-100.19
72691.41;-100.03
72694.34;-99.95
72697.27;-99.79
72700.20;-99.87
72703.13;-99.87
72706.05;-100.03
72708.98;-100.19
72711.91;-100.11
72714.84;-100.03
72717.77;-100.03
72720.70;-99.79
72723.63;-99.87
72726.56;-99.87
72729.49;-100.19
72732.42;-100.11
72735.35;-100.11
72738.28;-100.19
72741.21;-99.87
72744.14;-99.87
72747.07;-100.11
72750.00;-100.03
72752.93;-99.79
72755.86;-99.87
72758.79;-99.87
72761.72;-99.79
72764.65;-99.87
72767.58;-100.03
72770.51;-99.87
72773.44;-99.95
72776.37;-99.87
72779.30;-99.95
72782.23;-100.03
72785.16;-100.11
72788.09;-100.19
72791.02;-100.03
72793.95;-100.03
72796.88;-100.03
72799.80;-100.11
72802.73;-100.34
72805.66;-100.26
72808.59;-99.95
72811.52;-100.19
72814.45;-100.19
72817.38;-99.79
72820.31;-99.72
72823.24;-100.03
72826.17;-100.11
72829.10;-99.95
72832.03;-99.87
72834.96;-100.11
72837.89;-100.11
72840.82;-99.95
72843.75;-100.11
72846.68;-100.19
72849.61;-99.87
72852.54;-99.72
72855.47;-100.26
72858.40;-100.42
72861.33;-100.42
72864.26;-100.19
72867.19;-99.95
72870.12;-100.11
72873.05;-100.58
72875.98;-100.34
72878.91;-100.19
72881.84;-100.03
72884.77;-100.11
72887.70;-100.34
72890.63;-100.34
72893.55;-100.42
72896.48;-100.19
72899.41;-100.26
72902.34;-100.26
72905.27;-100.19
72908.20;-99.95
72911.13;-99.95
72914.06;-99.95
72916.99;-99.95
72919.92;-100.19
72922.85;-100.11
72925.78;-100.11
72928.71;-99.95
72931.64;-100.19
72934.57;-100.42
72937.50;-100.03
72940.43;-100.19
72943.36;-100.34
72946.29;-100.34
72949.22;-100.19
72952.15;-100.11
72955.08;-100.03
72958.01;-100.11
72960.94;-100.19
72963.87;-99.87
72966.80;-99.87
72969.73;-100.11
72972.66;-99.95
72975.59;-100.03
72978.52;-100.11
72981.45;-99.95
72984.38;-100.11
72987.30;-100.11
72990.23;-99.87
72993.16;-100.03
72996.09;-100.42
72999.02;-100.42
73001.95;-100.34
73004.88;-100.19
73007.81;-100.26
73010.74;-99.95
73013.67;-100.03
73016.60;-100.26
73019.53;-100.42
73022.46;-100.65
73025.39;-100.42
73028.32;-100.11
73031.25;-99.95
73034.18;-100.11
73037.11;-100.26
73040.04;-100.19
73042.97;-100.34
73045.90;-100.19
73048.83;-100.11
73051.76;-100.19
73054.69;-99.95
73057.62;-100.26
73060.55;-100.19
73063.48;-100.19
73066.41;-100.19
73069.34;-100.03
73072.27;-99.87
73075.20;-100.03
73078.13;-99.95
73081.05;-100.11
73083.98;-100.11
73086.91;-100.11
73089.84;-99.95
73092.77;-99.87
73095.70;-100.03
73098.63;-100.03
73101.56;-100.11
73104.49;-100.34
73107.42;-100.19
73110.35;-100.19
73113.28;-100.26
73116.21;-100.42
73119.14;-100.34
73122.07;-100.11
73125.00;-100.34
73127.93;-100.19
73130.86;-100.11
73133.79;-99.95
73136.72;-99.95
73139.65;-100.03
73142.58;-100.03
73145.51;-100.19
73148.44;-100.26
73151.37;-100.11
73154.30;-100.03
73157.23;-100.11
73160.16;-100.34
73163.09;-100.42
73166.02;-100.26
73168.95;-99.79
73171.88;-99.72
73174.80;-99.87
73177.73;-100.11
73180.66;-99.79
73183.59;-99.87
73186.52;-100.19
73189.45;-100.19
73192.38;-100.03
73195.31;-99.95
73198.24;-100.11
73201.17;-100.11
73204.10;-99.87
73207.03;-99.87
73209.96;-100.19
73212.89;-100.26
73215.82;-100.34
73218.75;-100.42
73221.68;-100.58
73224.61;-100.34
73227.54;-100.19
73230.47;-100.03
73233.40;-100.03
73236.33;-100.11
73239.26;-100.03
73242.19;-100.50
73245.12;-100.26
73248.05;-99.87
73250.98;-99.87
73253.91;-100.03
73256.84;-100.34
73259.77;-100.50
73262.70;-100.34
73265.63;-100.11
73268.55;-100.11
73271.48;-100.03
73274.41;-100.26
73277.34;-100.42
73280.27;-100.42
73283.20;-100.19
73286.13;-100.11
73289.06;-100.03
73291.99;-100.03
73294.92;-99.72
73297.85;-99.72
73300.78;-99.95
73303.71;-100.19
73306.64;-100.34
73309.57;-100.11
73312.50;-100.03
73315.43;-100.11
73318.36;-99.87
73321.29;-100.03
73324.22;-100.11
73327.15;-100.34
73330.08;-100.42
73333.01;-100.26
73335.94;-100.03
73338.87;-100.03
73341.80;-100.11
73344.73;-100.19
73347.66;-100.11
73350.59;-99.95
73353.52;-100.11
73356.45;-100.26
73359.38;-100.26
73362.30;-100.11
73365.23;-99.79
73368.16;-100.11
73371.09;-100.65
73374.02;-100.26
73376.95;-100.26
73379.88;-100.11
73382.81;-100.11
73385.74;-100.26
73388.67;-100.34
73391.60;-100.19
73394.53;-99.87
73397.46;-100.11
73400.39;-100.34
73403.32;-100.26
73406.25;-100.03
73409.18;-100.19
73412.11;-100.34
73415.04;-100.34
73417.97;-100.11
73420.90;-100.26
73423.83;-100.19
73426.76;-100.11
73429.69;-100.11
73432.62;-100.19
73435.55;-100.11
73438.48;-100.11
73441.41;-99.79
73444.34;-100.26
73447.27;-100.42
73450.20;-100.26
73453.13;-100.11
73456.05;-100.26
73458.98;-100.42
73461.91;-100.34
73464.84;-100.19
73467.77;-100.11
73470.70;-100.11
73473.63;-100.19
73476.56;-100.19
73479.49;-100.11
73482.42;-100.11
73485.35;-100.03
73488.28;-99.95
73491.21;-100.42
73494.14;-100.34
73497.07;-100.34
73500.00;-100.58
73502.93;-100.58
73505.86;-100.34
73508.79;-100.19
73511.72;-100.03
73514.65;-99.87
73517.58;-99.87
73520.51;-99.87
73523.44;-99.95
73526.37;-100.11
73529.30;-100.03
73532.23;-100.19
73535.16;-100.03
73538.09;-100.34
73541.02;-100.26
73543.95;-100.11
73546.88;-100.19
73549.80;-100.19
73552.73;-100.11
73555.66;-100.11
73558.59;-100.11
73561.52;-100.03
73564.45;-100.19
73567.38;-100.26
73570.31;-100.11
73573.24;-100.11
73576.17;-99.95
73579.10;-99.95
73582.03;-99.87
73584.96;-99.95
73587.89;-99.95
73590.82;-100.03
73593.75;-100.03
73596.68;-100.11
73599.61;-100.11
73602.54;-100.03
73605.47;-100.19
73608.40;-100.11
73611.33;-100.03
73614.26;-99.95
73617.19;-100.11
73620.12;-100.26
73623.05;-100.50
73625.98;-100.34
73628.91;-100.11
73631.84;-99.95
73634.77;-99.95
73637.70;-99.64
73640.63;-99.72
73643.55;-99.79
73646.48;-99.79
73649.41;-99.79
73652.34;-99.95
73655.27;-100.11
73658.20;-100.34
73661.13;-100.42
73664.06;-100.26
73666.99;-100.11
73669.92;-99.95
73672.85;-99.95
73675.78;-100.11
73678.71;-100.34
73681.64;-100.11
73684.57;-100.11
73687.50;-100.03
73690.43;-99.79
73693.36;-99.95
73696.29;-99.79
73699.22;-99.79
73702.15;-99.87
73705.08;-100.19
73708.01;-100.19
73710.94;-100.34
73713.87;-100.58
73716.80;-100.11
73719.73;-99.87
73722.66;-100.03
73725.59;-99.87
73728.52;-99.95
73731.45;-99.95
73734.38;-100.03
73737.30;-100.11
73740.23;-99.95
73743.16;-99.87
73746.09;-100.19
73749.02;-100.03
73751.95;-100.11
73754.88;-100.11
73757.81;-100.03
73760.74;-100.11
73763.67;-100.19
73766.60;-100.19
73769.53;-100.26
73772.46;-100.34
73775.39;-100.03
73778.32;-100.03
73781.25;-100.19
73784.18;-100.19
73787.11;-100.03
73790.04;-99.95
73792.97;-100.26
73795.90;-100.34
73798.83;-100.11
73801.76;-100.11
73804.69;-100.11
73807.62;-100.19
73810.55;-100.26
73813.48;-99.95
73816.41;-100.11
73819.34;-100.11
73822.27;-100.11
73825.20;-100.19
73828.13;-100.11
73831.05;-100.19
73833.98;-100.19
73836.91;-99.95
73839.84;-99.87
73842.77;-99.95
73845.70;-100.11
73848.63;-99.72
73851.56;-99.87
73854.49;-100.19
73857.42;-100.34
73860.35;-100.19
73863.28;-100.42
73866.21;-100.19
73869.14;-100.19
73872.07;-100.34
73875.00;-100.26
73877.93;-100.26
73880.86;-100.26
73883.79;-100.50
73886.72;-100.26
73889.65;-99.87
73892.58;-99.87
73895.51;-100.03
73898.44;-99.95
73901.37;-99.72
73904.30;-99.95
73907.23;-100.11
73910.16;-100.11
73913.09;-100.19
73916.02;-100.34
73918.95;-100.65
73921.88;-100.26
73924.80;-99.79
73927.73;-99.79
73930.66;-100.11
73933.59;-100.26
73936.52;-100.11
73939.45;-100.26
73942.38;-100.34
73945.31;-100.26
73948.24;-100.19
73951.17;-100.11
73954.10;-100.19
73957.03;-100.19
73959.96;-99.95
73962.89;-100.42
73965.82;-100.42
73968.75;-100.26
73971.68;-100.19
73974.61;-100.19
73977.54;-100.03
73980.47;-99.95
73983.40;-99.87
73986.33;-100.11
73989.26;-100.19
73992.19;-100.34
73995.12;-100.50
73998.05;-100.19
74000.98;-100.03
74003.91;-99.72
74006.84;-100.19
74009.77;-100.42
74012.70;-100.34
74015.63;-99.79
74018.55;-99.87
74021.48;-100.03
74024.41;-100.11
74027.34;-100.03
74030.27;-100.34
74033.20;-100.26
74036.13;-100.11
74039.06;-100.11
74041.99;-100.11
74044.92;-100.26
74047.85;-100.03
74050.78;-99.87
74053.71;-100.34
74056.64;-100.26
74059.57;-100.26
74062.50;-100.26
74065.43;-100.11
74068.36;-100.03
74071.29;-99.79
74074.22;-99.79
74077.15;-100.19
74080.08;-100.19
74083.01;-100.26
74085.94;-100.26
74088.87;-100.19
74091.80;-100.03
74094.73;-100.11
74097.66;-100.11
74100.59;-100.03
74103.52;-100.19
74106.45;-100.26
74109.38;-100.03
74112.30;-99.79
74115.23;-99.95
74118.16;-100.19
74121.09;-100.26
74124.02;-100.34
74126.95;-100.03
74129.88;-100.11
74132.81;-100.26
74135.74;-100.65
74138.67;-100.50
74141.60;-99.95
74144.53;-99.95
74147.46;-100.11
74150.39;-99.79
74153.32;-100.11
74156.25;-100.26
74159.18;-100.26
74162.11;-100.19
74165.04;-100.26
74167.97;-100.19
74170.90;-100.03
74173.83;-99.87
74176.76;-100.26
74179.69;-100.26
74182.62;-99.95
74185.55;-99.95
74188.48;-100.19
74191.41;-100.19
74194.34;-100.19
74197.27;-100.19
74200.20;-100.11
74203.13;-100.03
74206.05;-100.11
74208.98;-100.11
74211.91;-100.03
74214.84;-100.19
74217.77;-100.26
74220.70;-100.26
74223.63;-100.26
74226.56;-100.03
74229.49;-100.03
74232.42;-100.11
74235.35;-100.19
74238.28;-100.34
74241.21;-100.26
74244.14;-100.26
74247.07;-100.19
74250.00;-100.26
74252.93;-100.19
74255.86;-100.11
74258.79;-100.11
74261.72;-100.26
74264.65;-100.34
74267.58;-100.11
74270.51;-100.34
74273.44;-100.42
74276.37;-100.19
74279.30;-100.11
74282.23;-100.11
74285.16;-99.95
74288.09;-99.95
74291.02;-100.11
74293.95;-100.19
74296.88;-100.26
74299.80;-100.19
74302.73;-100.11
74305.66;-100.26
74308.59;-100.34
74311.52;-100.34
74314.45;-100.26
74317.38;-100.11
74320.31;-100.03
74323.24;-100.03
74326.17;-100.11
74329.10;-100.11
74332.03;-100.19
74334.96;-100.03
74337.89;-99.87
74340.82;-100.11
74343.75;-100.34
74346.68;-100.34
74349.61;-100.34
74352.54;-100.50
74355.47;-100.42
74358.40;-100.19
74361.33;-100.26
74364.26;-100.26
74367.19;-100.26
74370.12;-100.19
74373.05;-100.19
74375.98;-100.26
74378.91;-100.03
74381.84;-99.95
74384.77;-99.95
74387.70;-100.03
74390.63;-100.11
74393.55;-100.19
74396.48;-100.03
74399.41;-100.19
74402.34;-100.11
74405.27;-100.03
74408.20;-100.19
74411.13;-100.11
74414.06;-100.19
74416.99;-100.03
74419.92;-99.87
74422.85;-99.95
74425.78;-100.11
74428.71;-100.19
74431.64;-100.19
74434.57;-100.34
74437.50;-100.03
74440.43;-99.95
74443.36;-100.11
74446.29;-100.19
74449.22;-100.19
74452.15;-100.26
74455.08;-100.50
74458.01;-100.42
74460.94;-100.03
74463.87;-100.19
74466.80;-100.19
74469.73;-100.26
74472.66;-100.11
74475.59;-100.03
74478.52;-100.19
74481.45;-99.87
74484.38;-100.11
74487.30;-100.26
74490.23;-100.26
74493.16;-100.19
74496.09;-100.19
74499.02;-100.19
74501.95;-99.95
74504.88;-99.95
74507.81;-100.19
74510.74;-100.34
74513.67;-100.42
74516.60;-100.11
74519.53;-100.19
74522.46;-100.19
74525.39;-100.50
74528.32;-100.11
74531.25;-99.95
74534.18;-99.64
74537.11;-100.03
74540.04;-100.26
74542.97;-100.42
74545.90;-100.50
74548.83;-100.19
74551.76;-99.95
74554.69;-100.11
74557.62;-100.42
74560.55;-100.34
74563.48;-100.11
74566.41;-99.95
74569.34;-99.95
74572.27;-100.11
74575.20;-100.11
74578.13;-100.03
74581.05;-99.95
74583.98;-99.79
74586.91;-99.79
74589.84;-100.26
74592.77;-100.34
74595.70;-100.19
74598.63;-100.19
74601.56;-100.42
74604.49;-100.50
74607.42;-100.03
74610.35;-99.72
74613.28;-99.79
74616.21;-100.03
74619.14;-100.03
74622.07;-100.19
74625.00;-100.03
74627.93;-100.34
74630.86;-100.34
74633.79;-100.26
74636.72;-100.19
74639.65;-100.03
74642.58;-100.19
74645.51;-100.11
74648.44;-100.03
74651.37;-100.03
74654.30;-100.11
74657.23;-100.26
74660.16;-100.42
74663.09;-100.26
74666.02;-99.87
74668.95;-99.87
74671.88;-100.03
74674.80;-100.19
74677.73;-100.26
74680.66;-100.11
74683.59;-100.03
74686.52;-99.79
74689.45;-100.19
74692.38;-100.34
74695.31;-100.19
74698.24;-100.42
74701.17;-100.34
74704.10;-100.26
74707.03;-100.34
74709.96;-100.19
74712.89;-100.11
74715.82;-100.03
74718.75;-100.26
74721.68;-100.03
74724.61;-100.11
74727.54;-100.19
74730.47;-100.11
74733.40;-100.19
74736.33;-100.34
74739.26;-100.65
74742.19;-100.26
74745.12;-100.11
74748.05;-100.11
74750.98;-100.50
74753.91;-100.58
74756.84;-100.34
74759.77;-100.42
74762.70;-100.19
74765.63;-100.03
74768.55;-100.03
74771.48;-100.11
74774.41;-100.26
74777.34;-100.03
74780.27;-99.95
74783.20;-100.11
74786.13;-100.26
74789.06;-100.26
74791.99;-100.34
74794.92;-100.26
74797.85;-100.03
74800.78;-99.95
74803.71;-99.95
74806.64;-99.95
74809.57;-100.19
74812.50;-100.19
74815.43;-99.95
74818.36;-100.11
74821.29;-100.19
74824.22;-100.26
74827.15;-100.19
74830.08;-100.34
74833.01;-100.26
74835.94;-100.26
74838.87;-99.95
74841.80;-100.19
74844.73;-100.34
74847.66;-100.34
74850.59;-100.34
74853.52;-100.19
74856.45;-100.03
74859.38;-100.11
74862.30;-100.19
74865.23;-100.03
74868.16;-100.11
74871.09;-100.42
74874.02;-100.26
74876.95;-100.03
74879.88;-100.03
74882.81;-99.87
74885.74;-100.03
74888.67;-100.11
74891.60;-100.11
74894.53;-100.19
74897.46;-100.34
74900.39;-100.26
74903.32;-100.11
74906.25;-100.11
74909.18;-99.95
74912.11;-100.11
74915.04;-100.42
74917.97;-100.42
74920.90;-100.58
74923.83;-100.34
74926.76;-100.11
74929.69;-100.11
74932.62;-100.11
74935.55;-100.11
74938.48;-100.58
74941.41;-100.42
74944.34;-100.03
74947.27;-100.19
74950.20;-100.34
74953.13;-100.34
74956.05;-100.19
74958.98;-100.11
74961.91;-100.03
74964.84;-99.95
74967.77;-100.26
74970.70;-100.03
74973.63;-100.03
74976.56;-100.26
74979.49;-100.03
74982.42;-99.87
74985.35;-99.95
74988.28;-99.87
74991.21;-100.11
74994.14;-100.03
74997.07;-100.03
75000.00;-100.11
75002.93;-100.11
75005.86;-100.50
75008.79;-100.03
75011.72;-100.03
75014.65;-100.26
75017.58;-100.50
75020.51;-100.42
75023.44;-100.26
75026.37;-100.11
75029.30;-100.26
75032.23;-100.26
75035.16;-100.50
75038.09;-100.26
75041.02;-100.03
75043.95;-100.11
75046.88;-100.42
75049.80;-100.19
75052.73;-100.19
75055.66;-100.03
75058.59;-99.48
75061.52;-99.64
75064.45;-100.03
75067.38;-100.11
75070.31;-100.26
75073.24;-100.42
75076.17;-100.19
75079.10;-100.03
75082.03;-100.19
75084.96;-100.34
75087.89;-100.26
75090.82;-100.11
75093.75;-99.95
75096.68;-100.03
75099.61;-99.79
75102.54;-99.87
75105.47;-99.95
75108.40;-100.11
75111.33;-100.11
75114.26;-99.87
75117.19;-99.72
75120.12;-99.95
75123.05;-100.03
75125.98;-100.19
75128.91;-100.19
75131.84;-100.26
75134.77;-100.42
75137.70;-100.26
75140.63;-100.19
75143.55;-100.34
75146.48;-100.19
75149.41;-100.26
75152.34;-100.34
75155.27;-100.34
75158.20;-100.26
75161.13;-100.03
75164.06;-99.95
75166.99;-100.11
75169.92;-100.19
75172.85;-100.42
75175.78;-100.11
75178.71;-99.95
75181.64;-100.03
75184.57;-100.19
75187.50;-100.26
75190.43;-99.95
75193.36;-99.87
75196.29;-100.03
75199.22;-100.03
75202.15;-100.19
75205.08;-100.11
75208.01;-100.03
75210.94;-100.03
75213.87;-99.95
75216.80;-100.03
75219.73;-100.26
75222.66;-100.26
75225.59;-100.26
75228.52;-100.34
75231.45;-100.19
75234.38;-99.79
75237.30;-99.95
75240.23;-100.19
75243.16;-100.11
75246.09;-99.95
75249.02;-100.19
75251.95;-100.42
75254.88;-100.42
75257.81;-100.34
75260.74;-100.11
75263.67;-99.95
75266.60;-100.11
75269.53;-100.03
75272.46;-99.79
75275.39;-100.26
75278.32;-100.42
75281.25;-100.19
75284.18;-100.26
75287.11;-100.19
75290.04;-100.19
75292.97;-100.03
75295.90;-100.11
75298.83;-100.11
75301.76;-99.95
75304.69;-99.95
75307.62;-100.19
75310.55;-100.19
75313.48;-99.95
75316.41;-100.03
75319.34;-100.11
75322.27;-100.03
75325.20;-100.03
75328.13;-100.11
75331.05;-100.19
75333.98;-100.11
75336.91;-100.34
75339.84;-100.19
75342.77;-99.95
75345.70;-100.26
75348.63;-100.26
75351.56;-100.19
75354.49;-100.11
75357.42;-100.03
75360.35;-99.95
75363.28;-100.34
75366.21;-100.19
75369.14;-100.03
75372.07;-100.03
75375.00;-100.26
75377.93;-100.26
75380.86;-100.03
75383.79;-99.95
75386.72;-99.87
75389.65;-100.19
75392.58;-100.26
75395.51;-100.11
75398.44;-99.79
75401.37;-99.87
75404.30;-100.03
75407.23;-99.79
75410.16;-99.87
75413.09;-100.19
75416.02;-100.19
75418.95;-100.19
75421.88;-100.19
75424.80;-99.95
75427.73;-100.11
75430.66;-100.19
75433.59;-100.11
75436.52;-99.95
75439.45;-100.11
75442.38;-99.95
75445.31;-100.11
75448.24;-99.87
75451.17;-99.87
75454.10;-100.03
75457.03;-100.03
75459.96;-100.03
75462.89;-100.03
75465.82;-99.95
75468.75;-99.95
75471.68;-99.87
75474.61;-99.95
75477.54;-100.03
75480.47;-99.95
75483.40;-99.95
75486.33;-100.03
75489.26;-100.11
75492.19;-100.50
75495.12;-100.34
75498.05;-100.34
75500.98;-100.19
75503.91;-99.79
75506.84;-100.11
75509.77;-100.50
75512.70;-100.26
75515.63;-100.34
75518.55;-100.26
75521.48;-100.11
75524.41;-100.11
75527.34;-100.03
75530.27;-100.34
75533.20;-100.11
75536.13;-100.03
75539.06;-100.11
75541.99;-100.03
75544.92;-100.11
75547.85;-100.11
75550.78;-99.95
75553.71;-100.11
75556.64;-100.19
75559.57;-99.95
75562.50;-99.95
75565.43;-100.03
75568.36;-99.95
75571.29;-100.03
75574.22;-100.11
75577.15;-100.34
75580.08;-100.42
75583.01;-100.34
75585.94;-100.34
75588.87;-100.34
75591.80;-100.34
75594.73;-100.26
75597.66;-100.19
75600.59;-100.26
75603.52;-100.34
75606.45;-100.19
75609.38;-99.95
75612.30;-100.11
75615.23;-100.42
75618.16;-100.11
75621.09;-99.95
75624.02;-100.26
75626.95;-100.03
75629.88;-99.87
75632.81;-100.03
75635.74;-100.03
75638.67;-100.19
75641.60;-100.42
75644.53;-100.50
75647.46;-100.50
75650.39;-100.50
75653.32;-100.26
75656.25;-100.26
75659.18;-100.11
75662.11;-99.95
75665.04;-99.87
75667.97;-99.95
75670.90;-99.79
75673.83;-99.87
75676.76;-99.87
75679.69;-100.19
75682.62;-100.34
75685.55;-100.26
75688.48;-100.19
75691.41;-100.19
75694.34;-99.87
75697.27;-99.87
75700.20;-99.95
75703.13;-100.26
75706.05;-100.34
75708.98;-100.19
75711.91;-100.11
75714.84;-100.03
75717.77;-100.03
75720.70;-100.34
75723.63;-99.87
75726.56;-99.87
75729.49;-100.11
75732.42;-100.03
75735.35;-100.03
75738.28;-99.95
75741.21;-99.72
75744.14;-100.19
75747.07;-100.42
75750.00;-100.26
75752.93;-100.11
75755.86;-100.26
75758.79;-100.19
75761.72;-100.11
75764.65;-100.50
75767.58;-100.19
75770.51;-100.19
75773.44;-99.95
75776.37;-99.79
75779.30;-99.95
75782.23;-100.26
75785.16;-100.19
75788.09;-100.42
75791.02;-100.26
75793.95;-100.11
75796.88;-99.87
75799.80;-100.11
75802.73;-100.19
75805.66;-100.26
75808.59;-100.26
75811.52;-100.19
75814.45;-100.26
75817.38;-100.42
75820.31;-100.26
75823.24;-100.11
75826.17;-99.95
75829.10;-100.11
75832.03;-99.95
75834.96;-99.79
75837.89;-99.87
75840.82;-100.11
75843.75;-100.11
75846.68;-100.11
75849.61;-100.19
75852.54;-100.42
75855.47;-100.50
75858.40;-100.26
75861.33;-100.03
75864.26;-99.64
75867.19;-99.87
75870.12;-100.34
75873.05;-100.34
75875.98;-100.19
75878.91;-100.03
75881.84;-100.19
75884.77;-100.11
75887.70;-100.03
75890.63;-100.26
75893.55;-100.34
75896.48;-100.50
75899.41;-100.50
75902.34;-100.03
75905.27;-99.95
75908.20;-99.95
75911.13;-99.95
75914.06;-100.19
75916.99;-100.34
75919.92;-100.26
75922.85;-100.19
75925.78;-100.34
75928.71;-100.11
75931.64;-99.95
75934.57;-100.11
75937.50;-100.42
75940.43;-100.19
75943.36;-100.26
75946.29;-100.34
75949.22;-100.50
75952.15;-100.19
75955.08;-100.11
75958.01;-99.72
75960.94;-100.03
75963.87;-100.26
75966.80;-100.26
75969.73;-100.26
75972.66;-100.42
75975.59;-100.26
75978.52;-100.26
75981.45;-100.26
75984.38;-100.42
75987.30;-100.19
75990.23;-100.03
75993.16;-100.11
75996.09;-100.19
75999.02;-100.34
76001.95;-100.34
76004.88;-99.95
76007.81;-99.95
76010.74;-100.19
76013.67;-100.19
76016.60;-100.19
76019.53;-100.26
76022.46;-100.11
76025.39;-100.26
76028.32;-100.26
76031.25;-100.42
76034.18;-100.19
76037.11;-99.79
76040.04;-100.11
76042.97;-100.11
76045.90;-100.11
76048.83;-100.11
76051.76;-100.03
76054.69;-100.34
76057.62;-100.42
76060.55;-100.11
76063.48;-99.95
76066.41;-100.19
76069.34;-99.95
76072.27;-100.11
76075.20;-100.19
76078.13;-100.03
76081.05;-100.03
76083.98;-100.19
76086.91;-100.19
76089.84;-100.03
76092.77;-100.19
76095.70;-100.19
76098.63;-99.79
76101.56;-99.72
76104.49;-99.79
76107.42;-99.95
76110.35;-100.11
76113.28;-100.11
76116.21;-100.19
76119.14;-100.34
76122.07;-100.42
76125.00;-100.19
76127.93;-100.19
76130.86;-100.11
76133.79;-99.95
76136.72;-100.19
76139.65;-99.95
76142.58;-100.03
76145.51;-100.11
76148.44;-100.19
76151.37;-100.19
76154.30;-100.26
76157.23;-100.19
76160.16;-100.26
76163.09;-100.26
76166.02;-100.11
76168.95;-100.03
76171.88;-100.19
76174.80;-100.03
76177.73;-100.03
76180.66;-99.95
76183.59;-100.50
76186.52;-100.11
76189.45;-100.03
76192.38;-99.87
76195.31;-100.11
76198.24;-100.11
76201.17;-100.26
76204.10;-100.19
76207.03;-100.03
76209.96;-100.19
76212.89;-100.19
76215.82;-100.11
76218.75;-100.19
76221.68;-100.26
76224.61;-100.34
76227.54;-100.03
76230.47;-100.03
76233.40;-100.11
76236.33;-100.03
76239.26;-100.03
76242.19;-99.95
76245.12;-100.03
76248.05;-100.11
76250.98;-100.26
76253.91;-100.26
76256.84;-100.26
76259.77;-99.95
76262.70;-99.87
76265.63;-100.03
76268.55;-100.19
76271.48;-100.03
76274.41;-99.79
76277.34;-100.11
76280.27;-99.95
76283.20;-99.79
76286.13;-100.03
76289.06;-100.11
76291.99;-100.03
76294.92;-100.03
76297.85;-100.11
76300.78;-99.95
76303.71;-99.95
76306.64;-100.03
76309.57;-100.11
76312.50;-100.11
76315.43;-100.11
76318.36;-100.26
76321.29;-100.26
76324.22;-100.03
76327.15;-100.19
76330.08;-100.19
76333.01;-100.19
76335.94;-100.26
76338.87;-100.34
76341.80;-100.34
76344.73;-100.26
76347.66;-100.11
76350.59;-100.34
76353.52;-100.19
76356.45;-100.19
76359.38;-100.26
76362.30;-100.34
76365.23;-100.19
76368.16;-100.19
76371.09;-99.95
76374.02;-100.11
76376.95;-100.11
76379.88;-100.19
76382.81;-100.26
76385.74;-100.11
76388.67;-100.19
76391.60;-100.34
76394.53;-100.26
76397.46;-100.19
76400.39;-99.87
76403.32;-100.19
76406.25;-100.11
76409.18;-100.11
76412.11;-100.34
76415.04;-100.26
76417.97;-100.11
76420.90;-99.95
76423.83;-99.87
76426.76;-100.03
76429.69;-100.26
76432.62;-100.11
76435.55;-100.19
76438.48;-100.42
76441.41;-100.42
76444.34;-100.26
76447.27;-100.03
76450.20;-100.19
76453.13;-100.26
76456.05;-100.11
76458.98;-100.11
76461.91;-99.87
76464.84;-99.95
76467.77;-100.11
76470.70;-100.11
76473.63;-100.11
76476.56;-100.11
76479.49;-100.11
76482.42;-100.26
76485.35;-100.11
76488.28;-100.03
76491.21;-99.95
76494.14;-100.19
76497.07;-100.34
76500.00;-100.11
76502.93;-100.34
76505.86;-100.34
76508.79;-99.95
76511.72;-99.95
76514.65;-99.95
76517.58;-99.79
76520.51;-100.19
76523.44;-100.19
76526.37;-99.87
76529.30;-100.26
76532.23;-100.34
76535.16;-99.95
76538.09;-99.95
76541.02;-100.11
76543.95;-100.11
76546.88;-100.26
76549.80;-100.34
76552.73;-100.34
76555.66;-100.19
76558.59;-99.95
76561.52;-99.64
76564.45;-99.79
76567.38;-100.50
76570.31;-100.50
76573.24;-100.34
76576.17;-100.26
76579.10;-100.26
76582.03;-100.11
76584.96;-99.95
76587.89;-100.19
76590.82;-100.19
76593.75;-100.19
76596.68;-100.11
76599.61;-100.11
76602.54;-100.19
76605.47;-100.34
76608.40;-100.42
76611.33;-100.34
76614.26;-100.42
76617.19;-100.34
76620.12;-100.19
76623.05;-100.11
76625.98;-99.95
76628.91;-99.95
76631.84;-100.11
76634.77;-100.19
76637.70;-100.19
76640.63;-100.26
76643.55;-100.50
76646.48;-100.42
76649.41;-100.34
76652.34;-100.34
76655.27;-100.34
76658.20;-100.19
76661.13;-100.19
76664.06;-100.42
76666.99;-100.50
76669.92;-100.34
76672.85;-100.34
76675.78;-100.26
76678.71;-100.34
76681.64;-100.26
76684.57;-100.34
76687.50;-100.26
76690.43;-100.34
76693.36;-100.19
76696.29;-99.95
76699.22;-100.26
76702.15;-100.42
76705.08;-100.11
76708.01;-100.26
76710.94;-100.26
76713.87;-100.26
76716.80;-100.11
76719.73;-100.26
76722.66;-100.19
76725.59;-100.11
76728.52;-100.26
76731.45;-100.11
76734.38;-100.19
76737.30;-100.26
76740.23;-100.03
76743.16;-100.42
76746.09;-100.73
76749.02;-100.42
76751.95;-100.11
76754.88;-99.79
76757.81;-99.95
76760.74;-100.11
76763.67;-100.11
76766.60;-100.03
76769.53;-99.79
76772.46;-100.19
76775.39;-100.34
76778.32;-100.19
76781.25;-100.26
76784.18;-100.11
76787.11;-100.19
76790.04;-100.19
76792.97;-100.34
76795.90;-100.11
76798.83;-100.03
76801.76;-99.95
76804.69;-100.19
76807.62;-100.11
76810.55;-100.11
76813.48;-100.19
76816.41;-100.19
76819.34;-100.11
76822.27;-100.34
76825.20;-100.11
76828.13;-100.11
76831.05;-99.79
76833.98;-99.87
76836.91;-100.11
76839.84;-100.50
76842.77;-100.19
76845.70;-100.11
76848.63;-100.19
76851.56;-100.34
76854.49;-100.19
76857.42;-100.11
76860.35;-100.26
76863.28;-100.11
76866.21;-100.19
76869.14;-100.26
76872.07;-99.95
76875.00;-100.26
76877.93;-100.42
76880.86;-100.11
76883.79;-100.03
76886.72;-100.11
76889.65;-100.42
76892.58;-99.95
76895.51;-100.03
76898.44;-100.03
76901.37;-99.95
76904.30;-100.19
76907.23;-100.19
76910.16;-100.03
76913.09;-100.19
76916.02;-100.19
76918.95;-100.19
76921.88;-100.19
76924.80;-100.26
76927.73;-100.19
76930.66;-100.26
76933.59;-100.03
76936.52;-100.19
76939.45;-100.34
76942.38;-100.11
76945.31;-100.03
76948.24;-100.11
76951.17;-99.95
76954.10;-100.42
76957.03;-100.19
76959.96;-100.03
76962.89;-100.03
76965.82;-100.11
76968.75;-99.95
76971.68;-100.11
76974.61;-100.19
76977.54;-100.19
76980.47;-100.19
76983.40;-100.19
76986.33;-100.11
76989.26;-100.19
76992.19;-100.19
76995.12;-100.03
76998.05;-100.11
77000.98;-100.26
77003.91;-100.11
77006.84;-100.03
77009.77;-100.03
77012.70;-100.11
77015.63;-100.19
77018.55;-100.19
77021.48;-100.03
77024.41;-100.03
77027.34;-100.11
77030.27;-99.95
77033.20;-100.11
77036.13;-100.34
77039.06;-100.34
77041.99;-100.19
77044.92;-100.26
77047.85;-100.26
77050.78;-100.11
77053.71;-100.03
77056.64;-100.19
77059.57;-100.42
77062.50;-100.34
77065.43;-100.26
77068.36;-100.26
77071.29;-100.26
77074.22;-100.11
77077.15;-100.03
77080.08;-100.11
77083.01;-100.19
77085.94;-99.95
77088.87;-100.19
77091.80;-100.34
77094.73;-100.26
77097.66;-100.11
77100.59;-100.34
77103.52;-100.19
77106.45;-99.79
77109.38;-99.87
77112.30;-99.95
77115.23;-99.79
77118.16;-100.19
77121.09;-100.19
77124.02;-100.26
77126.95;-100.11
77129.88;-100.34
77132.81;-100.11
77135.74;-99.79
77138.67;-99.64
77141.60;-100.03
77144.53;-100.42
77147.46;-100.50
77150.39;-100.19
77153.32;-99.95
77156.25;-99.72
77159.18;-100.03
77162.11;-99.95
77165.04;-99.95
77167.97;-100.03
77170.90;-100.34
77173.83;-100.19
77176.76;-100.03
77179.69;-100.11
77182.62;-100.26
77185.55;-100.26
77188.48;-100.11
77191.41;-100.03
77194.34;-100.19
77197.27;-100.03
77200.20;-100.11
77203.13;-100.34
77206.05;-100.58
77208.98;-100.34
77211.91;-100.03
77214.84;-100.19
77217.77;-100.26
77220.70;-100.42
77223.63;-100.42
77226.56;-100.26
77229.49;-99.87
77232.42;-99.87
77235.35;-100.11
77238.28;-100.19
77241.21;-100.34
77244.14;-100.26
77247.07;-100.11
77250.00;-100.26
77252.93;-100.11
77255.86;-100.19
77258.79;-100.19
77261.72;-100.03
77264.65;-100.03
77267.58;-100.26
77270.51;-100.19
77273.44;-100.34
77276.37;-100.11
77279.30;-100.11
77282.23;-100.42
77285.16;-100.58
77288.09;-100.58
77291.02;-100.42
77293.95;-100.19
77296.88;-100.34
77299.80;-100.26
77302.73;-100.19
77305.66;-100.11
77308.59;-99.79
77311.52;-100.19
77314.45;-100.34
77317.38;-100.19
77320.31;-100.19
77323.24;-100.19
77326.17;-100.19
77329.10;-100.11
77332.03;-100.03
77334.96;-100.19
77337.89;-100.42
77340.82;-100.34
77343.75;-100.03
77346.68;-100.11
77349.61;-99.95
77352.54;-99.95
77355.47;-100.03
77358.40;-100.03
77361.33;-100.26
77364.26;-100.03
77367.19;-99.95
77370.12;-100.03
77373.05;-100.19
77375.98;-100.26
77378.91;-100.26
77381.84;-100.03
77384.77;-100.03
77387.70;-100.03
77390.63;-100.11
77393.55;-99.72
77396.48;-99.95
77399.41;-100.26
77402.34;-100.11
77405.27;-100.03
77408.20;-100.19
77411.13;-100.11
77414.06;-99.87
77416.99;-99.64
77419.92;-100.11
77422.85;-100.26
77425.78;-100.19
77428.71;-100.26
77431.64;-99.95
77434.57;-100.03
77437.50;-100.19
77440.43;-100.19
77443.36;-100.11
77446.29;-100.03
77449.22;-100.19
77452.15;-100.26
77455.08;-100.19
77458.01;-100.11
77460.94;-100.11
77463.87;-100.26
77466.80;-100.26
77469.73;-100.03
77472.66;-99.95
77475.59;-99.87
77478.52;-100.03
77481.45;-100.03
77484.38;-100.19
77487.30;-100.26
77490.23;-100.03
77493.16;-100.34
77496.09;-100.58
77499.02;-100.26
77501.95;-100.11
77504.88;-100.26
77507.81;-100.26
77510.74;-100.26
77513.67;-100.42
77516.60;-100.19
77519.53;-100.03
77522.46;-100.11
77525.39;-100.19
77528.32;-100.19
77531.25;-100.42
77534.18;-100.34
77537.11;-100.19
77540.04;-100.11
77542.97;-100.11
77545.90;-100.11
77548.83;-100.19
77551.76;-100.42
77554.69;-100.19
77557.62;-100.11
77560.55;-100.26
77563.48;-100.03
77566.41;-100.03
77569.34;-100.19
77572.27;-100.34
77575.20;-100.26
77578.13;-100.19
77581.05;-100.26
77583.98;-100.26
77586.91;-100.34
77589.84;-100.26
77592.77;-100.11
77595.70;-100.11
77598.63;-100.19
77601.56;-100.34
77604.49;-100.11
77607.42;-100.11
77610.35;-100.19
77613.28;-100.34
77616.21;-100.34
77619.14;-100.19
77622.07;-100.19
77625.00;-100.19
77627.93;-100.03
77630.86;-100.03
77633.79;-99.95
77636.72;-99.95
77639.65;-99.87
77642.58;-99.87
77645.51;-100.11
77648.44;-100.19
77651.37;-100.03
77654.30;-99.79
77657.23;-100.19
77660.16;-100.19
77663.09;-100.11
77666.02;-100.03
77668.95;-100.26
77671.88;-100.42
77674.80;-100.26
77677.73;-100.11
77680.66;-100.34
77683.59;-100.50
77686.52;-100.19
77689.45;-99.79
77692.38;-99.95
77695.31;-100.03
77698.24;-100.19
77701.17;-100.11
77704.10;-100.11
77707.03;-100.19
77709.96;-100.11
77712.89;-100.11
77715.82;-99.87
77718.75;-100.11
77721.68;-100.19
77724.61;-99.87
77727.54;-100.11
77730.47;-100.42
77733.40;-100.34
77736.33;-100.26
77739.26;-100.11
77742.19;-100.11
77745.12;-100.42
77748.05;-100.34
77750.98;-100.19
77753.91;-100.19
77756.84;-100.26
77759.77;-100.03
77762.70;-99.79
77765.63;-100.03
77768.55;-100.19
77771.48;-100.11
77774.41;-99.95
77777.34;-99.95
77780.27;-99.87
77783.20;-99.95
77786.13;-100.03
77789.06;-99.95
77791.99;-100.03
77794.92;-100.26
77797.85;-100.50
77800.78;-100.26
77803.71;-100.19
77806.64;-100.03
77809.57;-100.03
77812.50;-100.50
77815.43;-100.19
77818.36;-100.42
77821.29;-100.42
77824.22;-100.19
77827.15;-100.26
77830.08;-100.11
77833.01;-99.95
77835.94;-100.03
77838.87;-100.11
77841.80;-100.34
77844.73;-100.19
77847.66;-100.11
77850.59;-100.34
77853.52;-100.58
77856.45;-100.58
77859.38;-100.42
77862.30;-100.34
77865.23;-100.42
77868.16;-100.42
77871.09;-99.95
77874.02;-99.95
77876.95;-100.42
77879.88;-100.26
77882.81;-100.34
77885.74;-100.26
77888.67;-100.11
77891.60;-100.11
77894.53;-99.95
77897.46;-100.42
77900.39;-100.26
77903.32;-100.19
77906.25;-100.11
77909.18;-100.03
77912.11;-99.95
77915.04;-99.87
77917.97;-100.26
77920.90;-100.19
77923.83;-100.26
77926.76;-100.26
77929.69;-100.19
77932.62;-100.03
77935.55;-100.11
77938.48;-99.95
77941.41;-100.11
77944.34;-100.34
77947.27;-100.34
77950.20;-100.34
77953.13;-100.26
77956.05;-100.11
77958.98;-100.42
77961.91;-100.34
77964.84;-100.11
77967.77;-100.42
77970.70;-100.42
77973.63;-100.34
77976.56;-100.26
77979.49;-100.03
77982.42;-100.26
77985.35;-100.34
77988.28;-100.03
77991.21;-100.03
77994.14;-100.11
77997.07;-100.19
78000.00;-99.87
78002.93;-100.19
78005.86;-100.26
78008.79;-100.11
78011.72;-100.50
78014.65;-100.34
78017.58;-99.95
78020.51;-99.79
78023.44;-100.19
78026.37;-100.11
78029.30;-100.42
78032.23;-100.58
78035.16;-100.26
78038.09;-100.11
78041.02;-100.03
78043.95;-100.11
78046.88;-100.11
78049.80;-100.19
78052.73;-100.19
78055.66;-100.26
78058.59;-100.26
78061.52;-100.26
78064.45;-100.26
78067.38;-100.26
78070.31;-100.42
78073.24;-100.50
78076.17;-100.34
78079.10;-100.11
78082.03;-100.26
78084.96;-100.34
78087.89;-100.26
78090.82;-100.50
78093.75;-100.42
78096.68;-100.34
78099.61;-100.19
78102.54;-100.11
78105.47;-100.03
78108.40;-100.19
78111.33;-100.26
78114.26;-100.11
78117.19;-100.34
78120.12;-100.50
78123.05;-100.42
78125.98;-100.42
78128.91;-100.58
78131.84;-100.26
78134.77;-100.11
78137.70;-100.03
78140.63;-100.03
78143.55;-100.03
78146.48;-99.95
78149.41;-99.95
78152.34;-100.19
78155.27;-100.19
78158.20;-100.19
78161.13;-100.11
78164.06;-100.11
78166.99;-100.19
78169.92;-99.87
78172.85;-100.03
78175.78;-100.03
78178.71;-100.11
78181.64;-99.87
78184.57;-99.95
78187.50;-99.87
78190.43;-100.03
78193.36;-100.26
78196.29;-100.03
78199.22;-100.19
78202.15;-100.26
78205.08;-100.50
78208.01;-100.50
78210.94;-100.03
78213.87;-99.95
78216.80;-99.95
78219.73;-100.03
78222.66;-100.26
78225.59;-100.42
78228.52;-100.34
78231.45;-100.50
78234.38;-100.26
78237.30;-100.19
78240.23;-100.26
78243.16;-100.34
78246.09;-100.11
78249.02;-100.11
78251.95;-100.26
78254.88;-100.34
78257.81;-100.03
78260.74;-99.95
78263.67;-100.11
78266.60;-100.26
78269.53;-100.26
78272.46;-100.03
78275.39;-100.19
78278.32;-100.03
78281.25;-100.03
78284.18;-100.11
78287.11;-100.11
78290.04;-100.19
78292.97;-100.19
78295.90;-100.19
78298.83;-100.26
78301.76;-100.11
78304.69;-100.26
78307.62;-100.34
78310.55;-100.26
78313.48;-99.87
78316.41;-100.03
78319.34;-100.03
78322.27;-100.19
78325.20;-100.34
78328.13;-100.26
78331.05;-100.19
78333.98;-100.03
78336.91;-100.11
78339.84;-100.34
78342.77;-100.11
78345.70;-100.19
78348.63;-100.26
78351.56;-100.34
78354.49;-99.95
78357.42;-99.95
78360.35;-99.87
78363.28;-100.11
78366.21;-100.03
78369.14;-99.87
78372.07;-99.79
78375.00;-99.79
78377.93;-99.72
78380.86;-100.11
78383.79;-100.26
78386.72;-100.50
78389.65;-100.34
78392.58;-100.34
78395.51;-100.42
78398.44;-100.50
78401.37;-100.19
78404.30;-100.11
78407.23;-100.26
78410.16;-100.26
78413.09;-100.11
78416.02;-100.19
78418.95;-100.03
78421.88;-100.19
78424.80;-100.34
78427.73;-100.19
78430.66;-100.34
78433.59;-100.42
78436.52;-100.26
78439.45;-100.26
78442.38;-100.50
78445.31;-100.34
78448.24;-100.34
78451.17;-100.11
78454.10;-99.95
78457.03;-100.19
78459.96;-100.26
78462.89;-100.42
78465.82;-100.34
78468.75;-100.19
78471.68;-99.95
78474.61;-100.26
78477.54;-100.58
78480.47;-100.50
78483.40;-100.50
78486.33;-100.34
78489.26;-100.34
78492.19;-100.42
78495.12;-100.34
78498.05;-100.34
78500.98;-100.19
78503.91;-100.34
78506.84;-100.50
78509.77;-100.50
78512.70;-100.19
78515.63;-100.03
78518.55;-100.03
78521.48;-100.19
78524.41;-100.26
78527.34;-100.26
78530.27;-99.95
78533.20;-99.95
78536.13;-100.11
78539.06;-100.19
78541.99;-100.19
78544.92;-99.95
78547.85;-100.03
78550.78;-100.11
78553.71;-100.19
78556.64;-100.11
78559.57;-100.34
78562.50;-100.26
78565.43;-100.26
78568.36;-100.34
78571.29;-100.42
78574.22;-100.26
78577.15;-100.26
78580.08;-100.26
78583.01;-100.19
78585.94;-100.11
78588.87;-100.11
78591.80;-100.26
78594.73;-100.34
78597.66;-100.11
78600.59;-100.26
78603.52;-100.42
78606.45;-100.26
78609.38;-100.34
78612.30;-100.58
78615.23;-100.26
78618.16;-99.95
78621.09;-100.03
78624.02;-99.95
78626.95;-99.95
78629.88;-99.95
78632.81;-100.11
78635.74;-100.34
78638.67;-100.50
78641.60;-100.50
78644.53;-100.42
78647.46;-100.34
78650.39;-100.19
78653.32;-99.87
78656.25;-100.42
78659.18;-100.65
78662.11;-100.34
78665.04;-100.19
78667.97;-100.26
78670.90;-100.11
78673.83;-100.19
78676.76;-100.11
78679.69;-100.26
78682.62;-100.34
78685.55;-100.42
78688.48;-100.34
78691.41;-100.26
78694.34;-100.19
78697.27;-100.26
78700.20;-100.26
78703.13;-100.34
78706.05;-100.19
78708.98;-100.34
78711.91;-100.26
78714.84;-100.03
78717.77;-100.19
78720.70;-100.26
78723.63;-100.03
78726.56;-100.26
78729.49;-100.26
78732.42;-100.19
78735.35;-100.19
78738.28;-100.34
78741.21;-100.34
78744.14;-100.34
78747.07;-100.19
78750.00;-100.11
78752.93;-100.26
78755.86;-100.34
78758.79;-100.19
78761.72;-99.95
78764.65;-99.79
78767.58;-100.19
78770.51;-100.26
78773.44;-100.19
78776.37;-100.34
78779.30;-100.26
78782.23;-100.19
78785.16;-100.42
78788.09;-100.42
78791.02;-100.11
78793.95;-100.11
78796.88;-100.26
78799.80;-100.19
78802.73;-100.34
78805.66;-100.42
78808.59;-100.42
78811.52;-100.03
78814.45;-99.95
78817.38;-99.95
78820.31;-100.34
78823.24;-100.34
78826.17;-100.03
78829.10;-100.26
78832.03;-100.26
78834.96;-100.19
78837.89;-100.42
78840.82;-100.11
78843.75;-100.26
78846.68;-100.34
78849.61;-100.34
78852.54;-100.34
78855.47;-100.42
78858.40;-100.19
78861.33;-100.03
78864.26;-99.95
78867.19;-100.26
78870.12;-100.42
78873.05;-100.19
78875.98;-100.11
78878.91;-100.26
78881.84;-100.34
78884.77;-100.26
78887.70;-100.03
78890.63;-100.50
78893.55;-100.34
78896.48;-100.42
78899.41;-100.42
78902.34;-100.19
78905.27;-100.19
78908.20;-100.50
78911.13;-100.34
78914.06;-100.19
78916.99;-100.11
78919.92;-100.26
78922.85;-100.26
78925.78;-100.19
78928.71;-99.95
78931.64;-100.34
78934.57;-100.34
78937.50;-100.26
78940.43;-100.42
78943.36;-100.34
78946.29;-100.11
78949.22;-100.26
78952.15;-100.26
78955.08;-100.34
78958.01;-100.11
78960.94;-100.19
78963.87;-100.34
78966.80;-100.19
78969.73;-100.19
78972.66;-100.03
78975.59;-100.19
78978.52;-100.58
78981.45;-100.50
78984.38;-100.34
78987.30;-100.03
78990.23;-100.19
78993.16;-100.58
78996.09;-100.42
78999.02;-100.19
79001.95;-100.19
79004.88;-100.11
79007.81;-100.19
79010.74;-100.26
79013.67;-100.50
79016.60;-100.58
79019.53;-100.65
79022.46;-100.34
79025.39;-100.34
79028.32;-100.34
79031.25;-100.34
79034.18;-100.26
79037.11;-100.11
79040.04;-100.19
79042.97;-100.34
79045.90;-100.26
79048.83;-100.58
79051.76;-100.42
79054.69;-100.34
79057.62;-100.26
79060.55;-100.50
79063.48;-100.34
79066.41;-100.03
79069.34;-99.87
79072.27;-99.95
79075.20;-99.87
79078.13;-100.03
79081.05;-100.03
79083.98;-100.11
79086.91;-100.50
79089.84;-100.42
79092.77;-100.26
79095.70;-100.26
79098.63;-100.19
79101.56;-100.26
79104.49;-100.42
79107.42;-100.11
79110.35;-100.26
79113.28;-100.11
79116.21;-99.87
79119.14;-100.11
79122.07;-100.34
79125.00;-100.34
79127.93;-100.34
79130.86;-100.42
79133.79;-100.42
79136.72;-100.11
79139.65;-100.11
79142.58;-100.26
79145.51;-100.26
79148.44;-100.34
79151.37;-100.11
79154.30;-100.11
79157.23;-100.03
79160.16;-99.79
79163.09;-100.03
79166.02;-100.11
79168.95;-100.19
79171.88;-100.26
79174.80;-100.19
79177.73;-100.26
79180.66;-100.19
79183.59;-100.11
79186.52;-100.19
79189.45;-100.34
79192.38;-100.42
79195.31;-100.58
79198.24;-100.26
79201.17;-100.26
79204.10;-100.19
79207.03;-100.11
79209.96;-99.87
79212.89;-100.26
79215.82;-100.26
79218.75;-100.19
79221.68;-100.03
79224.61;-100.19
79227.54;-100.42
79230.47;-100.34
79233.40;-100.34
79236.33;-100.34
79239.26;-100.42
79242.19;-100.34
79245.12;-100.19
79248.05;-100.11
79250.98;-100.19
79253.91;-100.34
79256.84;-100.42
79259.77;-100.58
79262.70;-100.58
79265.63;-100.11
79268.55;-100.19
79271.48;-100.26
79274.41;-100.19
79277.34;-100.11
79280.27;-100.26
79283.20;-99.95
79286.13;-100.19
79289.06;-100.03
79291.99;-99.87
79294.92;-99.79
79297.85;-100.42
79300.78;-100.34
79303.71;-100.11
79306.64;-100.11
79309.57;-100.19
79312.50;-100.19
79315.43;-100.26
79318.36;-100.26
79321.29;-100.58
79324.22;-100.42
79327.15;-100.19
79330.08;-100.19
79333.01;-100.19
79335.94;-100.11
79338.87;-100.26
79341.80;-100.19
79344.73;-100.11
79347.66;-100.34
79350.59;-100.58
79353.52;-100.42
79356.45;-100.19
79359.38;-99.95
79362.30;-100.19
79365.23;-100.19
79368.16;-100.42
79371.09;-100.65
79374.02;-100.42
79376.95;-100.26
79379.88;-100.19
79382.81;-99.95
79385.74;-100.03
79388.67;-100.34
79391.60;-100.34
79394.53;-100.34
79397.46;-100.19
79400.39;-100.26
79403.32;-100.26
79406.25;-100.34
79409.18;-100.19
79412.11;-100.03
79415.04;-100.11
79417.97;-100.26
79420.90;-100.34
79423.83;-100.26
79426.76;-100.11
79429.69;-100.19
79432.62;-100.19
79435.55;-100.34
79438.48;-100.26
79441.41;-99.79
79444.34;-100.11
79447.27;-100.34
79450.20;-100.34
79453.13;-100.58
79456.05;-100.73
79458.98;-100.50
79461.91;-100.34
79464.84;-100.26
79467.77;-100.19
79470.70;-100.34
79473.63;-100.58
79476.56;-100.65
79479.49;-100.58
79482.42;-100.50
79485.35;-100.26
79488.28;-100.26
79491.21;-100.42
79494.14;-100.11
79497.07;-99.79
79500.00;-99.64
79502.93;-100.11
79505.86;-100.19
79508.79;-100.34
79511.72;-100.11
79514.65;-100.03
79517.58;-100.11
79520.51;-100.19
79523.44;-100.26
79526.37;-100.19
79529.30;-99.95
79532.23;-100.26
79535.16;-100.26
79538.09;-100.34
79541.02;-100.42
79543.95;-99.87
79546.88;-99.95
79549.80;-100.11
79552.73;-99.87
79555.66;-99.95
79558.59;-100.19
79561.52;-100.26
79564.45;-100.11
79567.38;-100.11
79570.31;-100.58
79573.24;-100.58
79576.17;-100.34
79579.10;-100.03
79582.03;-100.11
79584.96;-100.11
79587.89;-100.26
79590.82;-100.50
79593.75;-100.50
79596.68;-100.19
79599.61;-100.42
79602.54;-100.58
79605.47;-100.50
79608.40;-99.87
79611.33;-100.11
79614.26;-100.19
79617.19;-100.26
79620.12;-100.34
79623.05;-100.26
79625.98;-99.87
79628.91;-100.11
79631.84;-100.34
79634.77;-100.50
79637.70;-100.26
79640.63;-100.11
79643.55;-100.34
79646.48;-100.42
79649.41;-100.19
79652.34;-100.11
79655.27;-100.34
79658.20;-100.03
79661.13;-100.34
79664.06;-100.26
79666.99;-100.26
79669.92;-100.42
79672.85;-100.19
79675.78;-100.03
79678.71;-100.34
79681.64;-100.58
79684.57;-100.19
79687.50;-100.03
79690.43;-100.03
79693.36;-100.11
79696.29;-100.26
79699.22;-100.19
79702.15;-100.11
79705.08;-100.19
79708.01;-100.42
79710.94;-100.42
79713.87;-100.26
79716.80;-100.26
79719.73;-99.79
79722.66;-99.87
79725.59;-100.03
79728.52;-100.34
79731.45;-100.19
79734.38;-100.11
79737.30;-100.26
79740.23;-100.11
79743.16;-100.11
79746.09;-100.11
79749.02;-100.11
79751.95;-100.26
79754.88;-100.34
79757.81;-100.34
79760.74;-99.95
79763.67;-99.87
79766.60;-100.03
79769.53;-100.26
79772.46;-100.03
79775.39;-100.19
79778.32;-100.11
79781.25;-100.11
79784.18;-99.87
79787.11;-100.19
79790.04;-100.42
79792.97;-100.26
79795.90;-100.03
79798.83;-100.19
79801.76;-100.26
79804.69;-100.26
79807.62;-100.11
79810.55;-99.95
79813.48;-100.11
79816.41;-100.11
79819.34;-100.11
79822.27;-100.34
79825.20;-100.26
79828.13;-100.42
79831.05;-100.42
79833.98;-100.50
79836.91;-100.26
79839.84;-100.03
79842.77;-100.11
79845.70;-100.19
79848.63;-100.19
79851.56;-100.42
79854.49;-100.19
79857.42;-100.34
79860.35;-100.42
79863.28;-100.19
79866.21;-100.19
79869.14;-100.50
79872.07;-100.42
79875.00;-100.34
79877.93;-100.34
79880.86;-100.11
79883.79;-100.11
79886.72;-100.34
79889.65;-100.03
79892.58;-100.11
79895.51;-100.50
79898.44;-100.58
79901.37;-100.34
79904.30;-100.26
79907.23;-100.11
79910.16;-100.26
79913.09;-100.42
79916.02;-100.19
79918.95;-100.11
79921.88;-100.03
79924.80;-100.03
79927.73;-100.26
79930.66;-100.26
79933.59;-100.26
79936.52;-100.26
79939.45;-100.19
79942.38;-100.11
79945.31;-100.11
79948.24;-100.11
79951.17;-100.50
79954.10;-100.58
79957.03;-100.42
79959.96;-100.19
79962.89;-100.26
79965.82;-100.19
79968.75;-100.03
79971.68;-100.26
79974.61;-100.26
79977.54;-100.03
79980.47;-100.11
79983.40;-100.03
79986.33;-100.03
79989.26;-100.26
79992.19;-100.19
79995.12;-100.34
79998.05;-100.42
80000.98;-100.42
80003.91;-100.19
80006.84;-100.34
80009.77;-100.50
80012.70;-100.26
80015.63;-100.19
80018.55;-100.19
80021.48;-100.50
80024.41;-100.11
80027.34;-99.95
80030.27;-100.19
80033.20;-100.26
80036.13;-100.19
80039.06;-100.19
80041.99;-100.42
80044.92;-100.11
80047.85;-99.95
80050.78;-100.03
80053.71;-100.42
80056.64;-100.42
80059.57;-100.34
80062.50;-100.19
80065.43;-100.19
80068.36;-100.19
80071.29;-100.34
80074.22;-100.50
80077.15;-100.50
80080.08;-100.26
80083.01;-100.34
80085.94;-100.42
80088.87;-100.11
80091.80;-100.11
80094.73;-100.19
80097.66;-100.42
80100.59;-100.19
80103.52;-100.50
80106.45;-100.50
80109.38;-100.26
80112.30;-100.34
80115.23;-100.19
80118.16;-100.19
80121.09;-100.26
80124.02;-100.19
80126.95;-100.19
80129.88;-100.50
80132.81;-100.42
80135.74;-100.11
80138.67;-100.26
80141.60;-100.11
80144.53;-100.19
80147.46;-100.11
80150.39;-100.26
80153.32;-100.42
80156.25;-100.42
80159.18;-100.34
80162.11;-100.26
80165.04;-100.26
80167.97;-100.19
80170.90;-100.03
80173.83;-100.26
80176.76;-100.42
80179.69;-100.42
80182.62;-100.11
80185.55;-100.26
80188.48;-100.34
80191.41;-100.34
80194.34;-100.58
80197.27;-100.34
80200.20;-100.26
80203.13;-100.58
80206.05;-100.58
80208.98;-100.50
80211.91;-100.19
80214.84;-100.19
80217.77;-100.34
80220.70;-100.26
80223.63;-100.03
80226.56;-100.26
80229.49;-100.58
80232.42;-100.34
80235.35;-100.26
80238.28;-100.34
80241.21;-100.34
80244.14;-100.11
80247.07;-100.26
80250.00;-100.19
80252.93;-100.50
80255.86;-100.26
80258.79;-100.19
80261.72;-100.19
80264.65;-100.34
80267.58;-100.58
80270.51;-100.42
80273.44;-100.26
80276.37;-100.26
80279.30;-100.34
80282.23;-100.11
80285.16;-100.26
80288.09;-100.19
80291.02;-100.19
80293.95;-100.34
80296.88;-100.11
80299.80;-100.26
80302.73;-100.34
80305.66;-100.42
80308.59;-100.19
80311.52;-100.34
80314.45;-100.34
80317.38;-100.26
80320.31;-100.42
80323.24;-100.42
80326.17;-100.34
80329.10;-100.34
80332.03;-100.34
80334.96;-100.34
80337.89;-100.42
80340.82;-100.19
80343.75;-100.26
80346.68;-100.19
80349.61;-100.19
80352.54;-100.34
80355.47;-100.34
80358.40;-100.26
80361.33;-100.19
80364.26;-100.26
80367.19;-100.19
80370.12;-100.26
80373.05;-100.26
80375.98;-100.34
80378.91;-100.58
80381.84;-100.42
80384.77;-100.42
80387.70;-100.19
80390.63;-100.03
80393.55;-99.95
80396.48;-100.26
80399.41;-100.42
80402.34;-100.19
80405.27;-100.11
80408.20;-100.19
80411.13;-100.19
80414.06;-99.79
80416.99;-100.26
80419.92;-100.42
80422.85;-100.19
80425.78;-100.34
80428.71;-100.19
80431.64;-100.42
80434.57;-100.11
80437.50;-100.19
80440.43;-100.42
80443.36;-100.50
80446.29;-100.50
80449.22;-100.34
80452.15;-100.11
80455.08;-100.11
80458.01;-100.19
80460.94;-100.26
80463.87;-100.26
80466.80;-100.58
80469.73;-100.34
80472.66;-100.50
80475.59;-100.58
80478.52;-100.26
80481.45;-100.19
80484.38;-100.19
80487.30;-100.11
80490.23;-100.26
80493.16;-100.03
80496.09;-100.34
80499.02;-100.34
80501.95;-100.03
80504.88;-100.26
80507.81;-100.65
80510.74;-100.26
80513.67;-100.26
80516.60;-100.50
80519.53;-100.34
80522.46;-100.34
80525.39;-100.26
80528.32;-100.26
80531.25;-100.34
80534.18;-100.26
80537.11;-100.19
80540.04;-100.26
80542.97;-100.34
80545.90;-100.26
80548.83;-100.26
80551.76;-100.26
80554.69;-100.42
80557.62;-100.34
80560.55;-100.42
80563.48;-100.34
80566.41;-100.26
80569.34;-100.19
80572.27;-100.26
80575.20;-100.19
80578.13;-100.34
80581.05;-100.34
80583.98;-100.42
80586.91;-100.11
80589.84;-100.19
80592.77;-100.26
80595.70;-100.34
80598.63;-100.11
80601.56;-100.26
80604.49;-100.11
80607.42;-100.11
80610.35;-100.58
80613.28;-100.58
80616.21;-100.58
80619.14;-100.26
80622.07;-100.58
80625.00;-100.58
80627.93;-100.50
80630.86;-100.11
80633.79;-100.03
80636.72;-99.95
80639.65;-100.11
80642.58;-100.26
80645.51;-100.34
80648.44;-100.42
80651.37;-99.79
80654.30;-100.19
80657.23;-100.58
80660.16;-100.50
80663.09;-100.26
80666.02;-100.19
80668.95;-100.19
80671.88;-100.19
80674.80;-100.03
80677.73;-100.03
80680.66;-100.19
80683.59;-100.34
80686.52;-100.26
80689.45;-100.26
80692.38;-100.34
80695.31;-100.34
80698.24;-100.26
80701.17;-100.11
80704.10;-100.03
80707.03;-100.11
80709.96;-100.19
80712.89;-100.11
80715.82;-100.03
80718.75;-100.11
80721.68;-100.34
80724.61;-100.50
80727.54;-100.50
80730.47;-100.26
80733.40;-100.34
80736.33;-100.42
80739.26;-100.11
80742.19;-100.34
80745.12;-100.26
80748.05;-100.19
80750.98;-100.26
80753.91;-100.19
80756.84;-100.03
80759.77;-100.19
80762.70;-100.34
80765.63;-100.03
80768.55;-99.95
80771.48;-100.11
80774.41;-100.58
80777.34;-100.50
80780.27;-100.11
80783.20;-100.03
80786.13;-100.42
80789.06;-100.34
80791.99;-100.34
80794.92;-100.26
80797.85;-100.19
80800.78;-100.03
80803.71;-100.11
80806.64;-100.03
80809.57;-100.34
80812.50;-100.19
80815.43;-100.19
80818.36;-100.19
80821.29;-99.79
80824.22;-100.03
80827.15;-100.42
80830.08;-100.34
80833.01;-100.19
80835.94;-99.79
80838.87;-99.95
80841.80;-100.42
80844.73;-100.11
80847.66;-100.03
80850.59;-100.19
80853.52;-100.34
80856.45;-100.19
80859.38;-100.11
80862.30;-100.34
80865.23;-100.26
80868.16;-100.03
80871.09;-100.11
80874.02;-100.11
80876.95;-100.26
80879.88;-100.34
80882.81;-100.34
80885.74;-100.34
80888.67;-100.26
80891.60;-100.03
80894.53;-100.11
80897.46;-100.42
80900.39;-100.50
80903.32;-100.42
80906.25;-100.42
80909.18;-100.19
80912.11;-100.34
80915.04;-100.34
80917.97;-100.11
80920.90;-100.19
80923.83;-100.26
80926.76;-100.50
80929.69;-100.11
80932.62;-100.03
80935.55;-100.19
80938.48;-100.34
80941.41;-100.58
80944.34;-100.34
80947.27;-99.95
80950.20;-100.11
80953.13;-100.26
80956.05;-100.11
80958.98;-99.95
80961.91;-99.87
80964.84;-100.03
80967.77;-100.19
80970.70;-99.95
80973.63;-99.87
80976.56;-100.19
80979.49;-100.19
80982.42;-100.19
80985.35;-100.19
80988.28;-100.26
80991.21;-100.03
80994.14;-100.34
80997.07;-100.58
81000.00;-100.34
81002.93;-100.42
81005.86;-100.26
81008.79;-100.26
81011.72;-100.19
81014.65;-100.26
81017.58;-100.11
81020.51;-100.19
81023.44;-100.03
81026.37;-100.11
81029.30;-99.95
81032.23;-100.19
81035.16;-100.34
81038.09;-100.19
81041.02;-100.34
81043.95;-100.58
81046.88;-100.42
81049.80;-100.26
81052.73;-100.19
81055.66;-100.50
81058.59;-100.26
81061.52;-100.26
81064.45;-100.19
81067.38;-100.34
81070.31;-100.42
81073.24;-100.50
81076.17;-100.50
81079.10;-100.65
81082.03;-100.50
81084.96;-100.42
81087.89;-100.11
81090.82;-100.11
81093.75;-100.19
81096.68;-100.11
81099.61;-100.26
81102.54;-100.26
81105.47;-100.34
81108.40;-100.11
81111.33;-99.95
81114.26;-100.42
81117.19;-100.42
81120.12;-100.11
81123.05;-100.19
81125.98;-100.11
81128.91;-100.19
81131.84;-100.19
81134.77;-100.11
81137.70;-100.26
81140.63;-100.26
81143.55;-100.19
81146.48;-100.19
81149.41;-100.03
81152.34;-100.03
81155.27;-99.95
81158.20;-100.03
81161.13;-100.19
81164.06;-99.95
81166.99;-99.95
81169.92;-100.19
81172.85;-100.34
81175.78;-100.34
81178.71;-100.19
81181.64;-100.50
81184.57;-100.58
81187.50;-100.65
81190.43;-100.34
81193.36;-100.19
81196.29;-100.42
81199.22;-100.34
81202.15;-100.03
81205.08;-99.95
81208.01;-100.11
81210.94;-100.26
81213.87;-100.26
81216.80;-100.11
81219.73;-100.34
81222.66;-100.26
81225.59;-100.11
81228.52;-99.95
81231.45;-99.95
81234.38;-100.11
81237.30;-100.19
81240.23;-100.34
81243.16;-100.11
81246.09;-100.11
81249.02;-100.11
81251.95;-100.03
81254.88;-100.19
81257.81;-100.19
81260.74;-100.34
81263.67;-100.58
81266.60;-100.42
81269.53;-100.42
81272.46;-100.34
81275.39;-100.11
81278.32;-100.11
81281.25;-100.11
81284.18;-100.03
81287.11;-100.11
81290.04;-100.19
81292.97;-99.95
81295.90;-100.26
81298.83;-100.50
81301.76;-100.42
81304.69;-100.34
81307.62;-100.26
81310.55;-100.42
81313.48;-100.42
81316.41;-100.19
81319.34;-100.11
81322.27;-100.50
81325.20;-100.58
81328.13;-100.73
81331.05;-100.26
81333.98;-99.95
81336.91;-100.03
81339.84;-100.19
81342.77;-100.26
81345.70;-100.50
81348.63;-100.73
81351.56;-100.50
81354.49;-100.11
81357.42;-100.19
81360.35;-100.19
81363.28;-100.34
81366.21;-100.42
81369.14;-100.19
81372.07;-100.50
81375.00;-100.34
81377.93;-100.26
81380.86;-100.19
81383.79;-99.87
81386.72;-99.87
81389.65;-100.11
81392.58;-100.19
81395.51;-100.19
81398.44;-100.34
81401.37;-100.34
81404.30;-100.34
81407.23;-100.50
81410.16;-100.34
81413.09;-100.11
81416.02;-100.03
81418.95;-100.19
81421.88;-100.34
81424.80;-100.34
81427.73;-100.26
81430.66;-100.03
81433.59;-100.42
81436.52;-100.26
81439.45;-100.42
81442.38;-100.42
81445.31;-100.11
81448.24;-100.26
81451.17;-100.19
81454.10;-99.95
81457.03;-99.95
81459.96;-100.19
81462.89;-100.26
81465.82;-100.34
81468.75;-100.19
81471.68;-100.34
81474.61;-100.50
81477.54;-100.34
81480.47;-100.42
81483.40;-100.58
81486.33;-100.34
81489.26;-100.34
81492.19;-100.19
81495.12;-100.26
81498.05;-100.26
81500.98;-100.26
81503.91;-100.19
81506.84;-100.19
81509.77;-100.26
81512.70;-100.26
81515.63;-100.26
81518.55;-100.26
81521.48;-100.11
81524.41;-100.11
81527.34;-100.34
81530.27;-100.58
81533.20;-100.34
81536.13;-100.26
81539.06;-100.42
81541.99;-100.11
81544.92;-100.34
81547.85;-100.26
81550.78;-100.11
81553.71;-100.26
81556.64;-100.19
81559.57;-100.26
81562.50;-100.34
81565.43;-100.19
81568.36;-100.26
81571.29;-100.26
81574.22;-100.26
81577.15;-100.11
81580.08;-100.19
81583.01;-100.26
81585.94;-100.26
81588.87;-100.58
81591.80;-100.50
81594.73;-99.95
81597.66;-100.26
81600.59;-100.26
81603.52;-100.11
81606.45;-100.42
81609.38;-100.26
81612.30;-100.42
81615.23;-100.34
81618.16;-100.19
81621.09;-100.19
81624.02;-100.26
81626.95;-100.42
81629.88;-100.19
81632.81;-100.19
81635.74;-100.11
81638.67;-100.26
81641.60;-100.03
81644.53;-100.26
81647.46;-100.34
81650.39;-100.42
81653.32;-100.03
81656.25;-99.79
81659.18;-99.95
81662.11;-100.26
81665.04;-100.11
81667.97;-100.19
81670.90;-100.34
81673.83;-100.50
81676.76;-100.19
81679.69;-100.11
81682.62;-100.11
81685.55;-99.95
81688.48;-100.26
81691.41;-100.11
81694.34;-100.03
81697.27;-100.19
81700.20;-100.34
81703.13;-100.11
81706.05;-100.26
81708.98;-100.42
81711.91;-100.26
81714.84;-100.34
81717.77;-100.34
81720.70;-100.03
81723.63;-100.42
81726.56;-100.34
81729.49;-100.11
81732.42;-100.34
81735.35;-100.50
81738.28;-100.42
81741.21;-100.34
81744.14;-100.26
81747.07;-100.42
81750.00;-100.34
81752.93;-100.19
81755.86;-100.26
81758.79;-100.26
81761.72;-100.26
81764.65;-100.34
81767.58;-100.11
81770.51;-100.19
81773.44;-100.50
81776.37;-100.34
81779.30;-99.95
81782.23;-100.03
81785.16;-100.03
81788.09;-99.87
81791.02;-100.11
81793.95;-100.42
81796.88;-100.58
81799.80;-100.19
81802.73;-100.19
81805.66;-100.19
81808.59;-100.11
81811.52;-100.42
81814.45;-100.50
81817.38;-100.34
81820.31;-100.03
81823.24;-100.03
81826.17;-100.34
81829.10;-100.42
81832.03;-100.42
81834.96;-100.26
81837.89;-100.42
81840.82;-100.42
81843.75;-100.50
81846.68;-100.50
81849.61;-100.26
81852.54;-100.34
81855.47;-100.34
81858.40;-100.50
81861.33;-100.65
81864.26;-100.50
81867.19;-100.50
81870.12;-100.34
81873.05;-100.19
81875.98;-100.11
81878.91;-100.03
81881.84;-100.19
81884.77;-100.03
81887.70;-100.26
81890.63;-100.19
81893.55;-100.26
81896.48;-100.42
81899.41;-100.34
81902.34;-100.26
81905.27;-100.11
81908.20;-100.03
81911.13;-100.19
81914.06;-100.34
81916.99;-100.19
81919.92;-100.19
81922.85;-100.19
81925.78;-100.26
81928.71;-100.11
81931.64;-100.11
81934.57;-100.42
81937.50;-100.50
81940.43;-100.11
81943.36;-100.11
81946.29;-100.34
81949.22;-100.50
81952.15;-100.19
81955.08;-100.03
81958.01;-100.03
81960.94;-100.26
81963.87;-100.34
81966.80;-100.26
81969.73;-100.26
81972.66;-100.58
81975.59;-100.42
81978.52;-100.26
81981.45;-100.19
81984.38;-100.26
81987.30;-100.26
81990.23;-100.26
81993.16;-100.19
81996.09;-100.34
81999.02;-100.26
82001.95;-100.34
82004.88;-100.26
82007.81;-100.26
82010.74;-100.34
82013.67;-100.26
82016.60;-100.03
82019.53;-100.26
82022.46;-100.42
82025.39;-100.03
82028.32;-100.26
82031.25;-100.50
82034.18;-100.50
82037.11;-100.50
82040.04;-100.65
82042.97;-100.50
82045.90;-100.26
82048.83;-100.34
82051.76;-100.11
82054.69;-100.34
82057.62;-100.34
82060.55;-100.26
82063.48;-100.34
82066.41;-100.11
82069.34;-100.11
82072.27;-100.11
82075.20;-100.03
82078.13;-100.26
82081.05;-100.11
82083.98;-100.19
82086.91;-100.03
82089.84;-100.19
82092.77;-100.42
82095.70;-100.26
82098.63;-100.11
82101.56;-99.79
82104.49;-99.95
82107.42;-100.03
82110.35;-100.42
82113.28;-100.34
82116.21;-100.42
82119.14;-100.19
82122.07;-100.03
82125.00;-100.42
82127.93;-100.19
82130.86;-99.87
82133.79;-99.87
82136.72;-100.11
82139.65;-100.26
82142.58;-100.34
82145.51;-100.34
82148.44;-100.34
82151.37;-100.34
82154.30;-100.26
82157.23;-100.34
82160.16;-100.50
82163.09;-100.42
82166.02;-100.42
82168.95;-100.34
82171.88;-99.87
82174.80;-100.03
82177.73;-100.42
82180.66;-100.11
82183.59;-100.26
82186.52;-100.26
82189.45;-100.42
82192.38;-100.34
82195.31;-99.95
82198.24;-100.19
82201.17;-100.19
82204.10;-100.11
82207.03;-100.19
82209.96;-100.11
82212.89;-100.19
82215.82;-100.34
82218.75;-100.26
82221.68;-100.42
82224.61;-100.50
82227.54;-100.42
82230.47;-100.19
82233.40;-100.11
82236.33;-100.42
82239.26;-100.42
82242.19;-100.42
82245.12;-100.19
82248.05;-100.03
82250.98;-100.03
82253.91;-100.26
82256.84;-100.19
82259.77;-100.26
82262.70;-100.19
82265.63;-100.03
82268.55;-100.34
82271.48;-100.50
82274.41;-100.42
82277.34;-100.26
82280.27;-100.26
82283.20;-100.11
82286.13;-100.19
82289.06;-100.11
82291.99;-100.26
82294.92;-100.19
82297.85;-100.11
82300.78;-100.03
82303.71;-100.11
82306.64;-100.26
82309.57;-100.19
82312.50;-100.11
82315.43;-100.19
82318.36;-100.26
82321.29;-100.11
82324.22;-100.19
82327.15;-100.26
82330.08;-100.11
82333.01;-100.26
82335.94;-100.19
82338.87;-100.11
82341.80;-100.19
82344.73;-100.19
82347.66;-100.26
82350.59;-100.11
82353.52;-100.19
82356.45;-100.34
82359.38;-100.42
82362.30;-100.34
82365.23;-100.19
82368.16;-100.26
82371.09;-100.34
82374.02;-100.34
82376.95;-100.34
82379.88;-100.11
82382.81;-100.11
82385.74;-100.03
82388.67;-100.26
82391.60;-100.19
82394.53;-100.19
82397.46;-100.19
82400.39;-100.19
82403.32;-100.11
82406.25;-100.03
82409.18;-100.42
82412.11;-100.26
82415.04;-100.26
82417.97;-100.11
82420.90;-100.03
82423.83;-100.03
82426.76;-100.26
82429.69;-100.26
82432.62;-100.19
82435.55;-100.26
82438.48;-100.42
82441.41;-100.42
82444.34;-100.50
82447.27;-100.73
82450.20;-100.34
82453.13;-100.11
82456.05;-100.34
82458.98;-100.42
82461.91;-100.19
82464.84;-100.11
82467.77;-100.19
82470.70;-100.34
82473.63;-100.26
82476.56;-100.34
82479.49;-100.19
82482.42;-100.19
82485.35;-100.26
82488.28;-99.95
82491.21;-100.03
82494.14;-100.34
82497.07;-100.50
82500.00;-100.26
82502.93;-100.11
82505.86;-100.19
82508.79;-100.26
82511.72;-100.19
82514.65;-100.19
82517.58;-100.03
82520.51;-100.19
82523.44;-100.19
82526.37;-100.34
82529.30;-100.19
82532.23;-100.11
82535.16;-100.26
82538.09;-100.26
82541.02;-100.26
82543.95;-100.50
82546.88;-100.50
82549.80;-100.58
82552.73;-100.34
82555.66;-100.03
82558.59;-100.19
82561.52;-100.19
82564.45;-100.19
82567.38;-100.03
82570.31;-100.11
82573.24;-99.87
82576.17;-100.26
82579.10;-100.42
82582.03;-100.19
82584.96;-100.03
82587.89;-99.95
82590.82;-100.11
82593.75;-100.19
82596.68;-100.50
82599.61;-100.34
82602.54;-100.26
82605.47;-100.50
82608.40;-100.34
82611.33;-100.26
82614.26;-100.26
82617.19;-100.34
82620.12;-100.42
82623.05;-100.26
82625.98;-100.19
82628.91;-100.26
82631.84;-100.42
82634.77;-100.26
82637.70;-100.42
82640.63;-100.03
82643.55;-99.87
82646.48;-100.34
82649.41;-100.26
82652.34;-100.03
82655.27;-100.11
82658.20;-100.19
82661.13;-100.34
82664.06;-100.26
82666.99;-100.34
82669.92;-100.26
82672.85;-100.34
82675.78;-100.42
82678.71;-100.34
82681.64;-100.11
82684.57;-100.34
82687.50;-100.26
82690.43;-100.19
82693.36;-100.19
82696.29;-100.19
82699.22;-100.11
82702.15;-100.11
82705.08;-100.34
82708.01;-100.34
82710.94;-100.42
82713.87;-100.19
82716.80;-100.11
82719.73;-100.11
82722.66;-100.19
82725.59;-99.95
82728.52;-100.26
82731.45;-100.58
82734.38;-100.34
82737.30;-99.87
82740.23;-100.19
82743.16;-100.42
82746.09;-100.03
82749.02;-100.50
82751.95;-100.50
82754.88;-100.11
82757.81;-99.95
82760.74;-100.11
82763.67;-100.42
82766.60;-100.34
82769.53;-100.19
82772.46;-100.34
82775.39;-100.26
82778.32;-100.19
82781.25;-100.26
82784.18;-100.26
82787.11;-100.11
82790.04;-100.11
82792.97;-100.11
82795.90;-100.19
82798.83;-100.11
82801.76;-99.95
82804.69;-100.03
82807.62;-100.19
82810.55;-100.42
82813.48;-100.50
82816.41;-100.19
82819.34;-99.79
82822.27;-99.95
82825.20;-100.26
82828.13;-100.65
82831.05;-100.42
82833.98;-100.34
82836.91;-100.19
82839.84;-100.11
82842.77;-100.19
82845.70;-100.19
82848.63;-100.26
82851.56;-100.19
82854.49;-100.19
82857.42;-100.19
82860.35;-100.34
82863.28;-100.11
82866.21;-100.19
82869.14;-100.65
82872.07;-100.42
82875.00;-100.26
82877.93;-100.34
82880.86;-100.34
82883.79;-100.19
82886.72;-100.03
82889.65;-100.03
82892.58;-100.26
82895.51;-100.26
82898.44;-100.34
82901.37;-100.65
82904.30;-100.42
82907.23;-100.19
82910.16;-100.42
82913.09;-100.50
82916.02;-100.19
82918.95;-100.19
82921.88;-100.42
82924.80;-100.50
82927.73;-100.50
82930.66;-100.34
82933.59;-100.19
82936.52;-100.19
82939.45;-100.50
82942.38;-100.58
82945.31;-100.50
82948.24;-100.50
82951.17;-100.34
82954.10;-100.11
82957.03;-100.19
82959.96;-100.11
82962.89;-100.19
82965.82;-100.11
82968.75;-100.11
82971.68;-100.50
82974.61;-100.34
82977.54;-100.26
82980.47;-100.34
82983.40;-100.34
82986.33;-100.34
82989.26;-100.26
82992.19;-100.03
82995.12;-100.34
82998.05;-100.50
83000.98;-100.19
83003.91;-100.26
83006.84;-100.19
83009.77;-100.34
83012.70;-100.26
83015.63;-100.19
83018.55;-100.11
83021.48;-100.19
83024.41;-100.34
83027.34;-100.42
83030.27;-100.42
83033.20;-100.42
83036.13;-100.42
83039.06;-100.19
83041.99;-100.19
83044.92;-100.26
83047.85;-100.42
83050.78;-100.42
83053.71;-100.26
83056.64;-100.26
83059.57;-100.34
83062.50;-100.58
83065.43;-100.34
83068.36;-100.11
83071.29;-100.19
83074.22;-100.50
83077.15;-100.34
83080.08;-100.50
83083.01;-100.58
83085.94;-100.19
83088.87;-100.03
83091.80;-100.19
83094.73;-100.26
83097.66;-100.19
83100.59;-100.26
83103.52;-100.19
83106.45;-100.11
83109.38;-100.26
83112.30;-100.26
83115.23;-100.19
83118.16;-100.58
83121.09;-100.58
83124.02;-100.26
83126.95;-100.11
83129.88;-100.26
83132.81;-100.26
83135.74;-100.34
83138.67;-100.19
83141.60;-99.95
83144.53;-100.11
83147.46;-100.34
83150.39;-100.50
83153.32;-100.50
83156.25;-100.50
83159.18;-100.34
83162.11;-100.34
83165.04;-100.19
83167.97;-100.19
83170.90;-100.11
83173.83;-100.19
83176.76;-100.26
83179.69;-100.42
83182.62;-100.65
83185.55;-100.34
83188.48;-100.11
83191.41;-100.34
83194.34;-100.34
83197.27;-100.58
83200.20;-100.34
83203.13;-100.11
83206.05;-100.03
83208.98;-100.19
83211.91;-100.19
83214.84;-100.34
83217.77;-100.50
83220.70;-100.19
83223.63;-100.03
83226.56;-100.19
83229.49;-100.19
83232.42;-100.19
83235.35;-99.95
83238.28;-100.19
83241.21;-100.42
83244.14;-100.50
83247.07;-100.26
83250.00;-100.26
83252.93;-100.11
83255.86;-100.42
83258.79;-100.73
83261.72;-100.34
83264.65;-99.95
83267.58;-100.19
83270.51;-100.26
83273.44;-100.34
83276.37;-100.34
83279.30;-100.26
83282.23;-100.11
83285.16;-100.42
83288.09;-100.50
83291.02;-100.50
83293.95;-100.11
83296.88;-100.03
83299.80;-100.34
83302.73;-100.58
83305.66;-100.50
83308.59;-100.26
83311.52;-100.11
83314.45;-100.42
83317.38;-100.42
83320.31;-100.19
83323.24;-100.03
83326.17;-100.11
83329.10;-100.11
83332.03;-100.11
83334.96;-100.19
83337.89;-99.87
83340.82;-99.95
83343.75;-100.34
83346.68;-100.58
83349.61;-100.42
83352.54;-100.34
83355.47;-100.26
83358.40;-100.26
83361.33;-100.42
83364.26;-100.65
83367.19;-100.42
83370.12;-100.11
83373.05;-100.34
83375.98;-100.34
83378.91;-100.58
83381.84;-100.26
83384.77;-100.42
83387.70;-100.42
83390.63;-100.58
83393.55;-100.26
83396.48;-99.95
83399.41;-100.34
83402.34;-100.34
83405.27;-100.19
83408.20;-100.42
83411.13;-100.34
83414.06;-100.34
83416.99;-100.26
83419.92;-100.19
83422.85;-100.11
83425.78;-100.26
83428.71;-100.11
83431.64;-100.34
83434.57;-100.42
83437.50;-100.19
83440.43;-100.03
83443.36;-100.11
83446.29;-100.34
83449.22;-100.19
83452.15;-100.03
83455.08;-100.19
83458.01;-100.11
83460.94;-100.26
83463.87;-100.03
83466.80;-100.26
83469.73;-100.34
83472.66;-100.34
83475.59;-100.26
83478.52;-100.34
83481.45;-100.26
83484.38;-100.19
83487.30;-100.26
83490.23;-100.50
83493.16;-100.19
83496.09;-100.11
83499.02;-100.34
83501.95;-100.11
83504.88;-100.19
83507.81;-100.34
83510.74;-100.19
83513.67;-100.26
83516.60;-100.19
83519.53;-100.11
83522.46;-100.19
83525.39;-100.11
83528.32;-100.26
83531.25;-100.03
83534.18;-100.11
83537.11;-100.11
83540.04;-99.95
83542.97;-100.11
83545.90;-100.03
83548.83;-100.26
83551.76;-100.50
83554.69;-100.58
83557.62;-100.50
83560.55;-100.19
83563.48;-100.34
83566.41;-100.50
83569.34;-100.26
83572.27;-100.50
83575.20;-100.42
83578.13;-100.50
83581.05;-100.42
83583.98;-100.42
83586.91;-100.34
83589.84;-100.34
83592.77;-100.26
83595.70;-100.26
83598.63;-100.34
83601.56;-100.34
83604.49;-100.19
83607.42;-100.34
83610.35;-100.50
83613.28;-100.34
83616.21;-100.19
83619.14;-100.26
83622.07;-100.03
83625.00;-100.03
83627.93;-99.87
83630.86;-99.95
83633.79;-100.19
83636.72;-100.26
83639.65;-100.65
83642.58;-100.58
83645.51;-100.34
83648.44;-100.34
83651.37;-100.50
83654.30;-100.50
83657.23;-100.50
83660.16;-100.50
83663.09;-100.42
83666.02;-100.42
83668.95;-100.26
83671.88;-100.34
83674.80;-100.03
83677.73;-100.19
83680.66;-100.50
83683.59;-100.42
83686.52;-100.26
83689.45;-100.11
83692.38;-100.26
83695.31;-100.34
83698.24;-100.42
83701.17;-100.34
83704.10;-100.11
83707.03;-100.19
83709.96;-100.42
83712.89;-100.34
83715.82;-100.11
83718.75;-100.26
83721.68;-100.19
83724.61;-100.19
83727.54;-100.19
83730.47;-100.34
83733.40;-100.34
83736.33;-100.19
83739.26;-100.19
83742.19;-100.11
83745.12;-100.11
83748.05;-100.19
83750.98;-100.26
83753.91;-100.19
83756.84;-100.19
83759.77;-100.19
83762.70;-100.11
83765.63;-100.26
83768.55;-100.19
83771.48;-100.19
83774.41;-100.34
83777.34;-100.42
83780.27;-100.42
83783.20;-100.65
83786.13;-100.58
83789.06;-100.34
83791.99;-100.34
83794.92;-100.34
83797.85;-100.34
83800.78;-100.34
83803.71;-100.11
83806.64;-100.26
83809.57;-100.19
83812.50;-100.34
83815.43;-100.26
83818.36;-100.26
83821.29;-100.34
83824.22;-100.34
83827.15;-100.19
83830.08;-100.26
83833.01;-100.50
83835.94;-100.42
83838.87;-100.26
83841.80;-100.19
83844.73;-100.19
83847.66;-100.03
83850.59;-100.11
83853.52;-100.19
83856.45;-100.50
83859.38;-100.42
83862.30;-100.03
83865.23;-100.34
83868.16;-100.42
83871.09;-100.34
83874.02;-100.26
83876.95;-100.42
83879.88;-100.34
83882.81;-100.58
83885.74;-100.34
83888.67;-100.19
83891.60;-100.26
83894.53;-100.03
83897.46;-100.19
83900.39;-100.34
83903.32;-100.42
83906.25;-100.26
83909.18;-100.03
83912.11;-100.19
83915.04;-100.19
83917.97;-100.03
83920.90;-100.03
83923.83;-100.26
83926.76;-100.42
83929.69;-100.26
83932.62;-100.19
83935.55;-100.19
83938.48;-100.26
83941.41;-100.34
83944.34;-99.95
83947.27;-100.42
83950.20;-100.50
83953.13;-100.50
83956.05;-100.42
83958.98;-100.34
83961.91;-100.26
83964.84;-100.19
83967.77;-100.34
83970.70;-100.42
83973.63;-100.19
83976.56;-100.11
83979.49;-100.03
83982.42;-100.11
83985.35;-100.19
83988.28;-100.34
83991.21;-100.34
83994.14;-100.26
83997.07;-100.42
84000.00;-100.26
84002.93;-100.11
84005.86;-100.03
84008.79;-100.34
84011.72;-100.65
84014.65;-100.34
84017.58;-100.26
84020.51;-100.34
84023.44;-100.19
84026.37;-100.34
84029.30;-100.50
84032.23;-100.42
84035.16;-100.42
84038.09;-100.42
84041.02;-100.03
84043.95;-100.11
84046.88;-100.26
84049.80;-100.11
84052.73;-100.11
84055.66;-100.26
84058.59;-100.26
84061.52;-100.34
84064.45;-100.42
84067.38;-100.34
84070.31;-100.19
84073.24;-100.34
84076.17;-100.42
84079.10;-100.50
84082.03;-100.34
84084.96;-100.50
84087.89;-100.42
84090.82;-100.50
84093.75;-100.50
84096.68;-100.34
84099.61;-100.26
84102.54;-100.34
84105.47;-100.58
84108.40;-100.42
84111.33;-100.19
84114.26;-100.26
84117.19;-100.19
84120.12;-100.26
84123.05;-100.19
84125.98;-100.50
84128.91;-100.50
84131.84;-100.58
84134.77;-100.34
84137.70;-100.42
84140.63;-100.34
84143.55;-100.19
84146.48;-100.26
84149.41;-100.26
84152.34;-100.34
84155.27;-100.26
84158.20;-99.95
84161.13;-99.79
84164.06;-100.11
84166.99;-100.03
84169.92;-100.19
84172.85;-100.34
84175.78;-100.26
84178.71;-100.03
84181.64;-100.26
84184.57;-100.19
84187.50;-100.34
84190.43;-100.34
84193.36;-100.26
84196.29;-100.11
84199.22;-100.19
84202.15;-100.34
84205.08;-100.42
84208.01;-100.34
84210.94;-100.19
84213.87;-100.34
84216.80;-100.34
84219.73;-100.11
84222.66;-100.26
84225.59;-100.73
84228.52;-100.42
84231.45;-100.19
84234.38;-100.19
84237.30;-100.19
84240.23;-100.34
84243.16;-100.50
84246.09;-100.19
84249.02;-100.19
84251.95;-100.42
84254.88;-100.19
84257.81;-100.42
84260.74;-100.19
84263.67;-100.26
84266.60;-100.58
84269.53;-100.42
84272.46;-100.19
84275.39;-100.19
84278.32;-100.42
84281.25;-100.42
84284.18;-100.42
84287.11;-100.65
84290.04;-100.73
84292.97;-100.65
84295.90;-100.50
84298.83;-100.26
84301.76;-100.19
84304.69;-100.50
84307.62;-100.58
84310.55;-100.19
84313.48;-100.03
84316.41;-100.26
84319.34;-100.03
84322.27;-100.19
84325.20;-100.19
84328.13;-100.19
84331.05;-100.34
84333.98;-100.42
84336.91;-100.50
84339.84;-100.42
84342.77;-100.50
84345.70;-100.65
84348.63;-100.26
84351.56;-99.95
84354.49;-100.26
84357.42;-100.34
84360.35;-100.11
84363.28;-100.19
84366.21;-100.34
84369.14;-100.34
84372.07;-100.34
84375.00;-100.34
84377.93;-100.42
84380.86;-100.65
84383.79;-100.50
84386.72;-100.19
84389.65;-100.19
84392.58;-100.50
84395.51;-100.42
84398.44;-100.73
84401.37;-100.81
84404.30;-100.81
84407.23;-100.42
84410.16;-100.03
84413.09;-100.19
84416.02;-100.19
84418.95;-100.19
84421.88;-100.34
84424.80;-100.19
84427.73;-100.34
84430.66;-100.34
84433.59;-100.42
84436.52;-100.34
84439.45;-100.26
84442.38;-100.26
84445.31;-100.50
84448.24;-100.34
84451.17;-100.11
84454.10;-99.95
84457.03;-100.11
84459.96;-100.42
84462.89;-100.50
84465.82;-100.50
84468.75;-100.34
84471.68;-100.50
84474.61;-100.50
84477.54;-100.19
84480.47;-100.19
84483.40;-100.50
84486.33;-100.58
84489.26;-100.58
84492.19;-100.26
84495.12;-100.42
84498.05;-100.50
84500.98;-100.34
84503.91;-100.50
84506.84;-100.65
84509.77;-100.42
84512.70;-100.11
84515.63;-100.34
84518.55;-100.42
84521.48;-100.34
84524.41;-100.26
84527.34;-100.26
84530.27;-100.19
84533.20;-100.42
84536.13;-100.26
84539.06;-100.26
84541.99;-100.19
84544.92;-100.42
84547.85;-100.26
84550.78;-100.34
84553.71;-100.42
84556.64;-100.11
84559.57;-100.19
84562.50;-100.42
84565.43;-100.42
84568.36;-100.34
84571.29;-100.50
84574.22;-100.34
84577.15;-100.50
84580.08;-100.42
84583.01;-100.11
84585.94;-100.03
84588.87;-100.34
84591.80;-100.34
84594.73;-100.50
84597.66;-100.50
84600.59;-100.34
84603.52;-100.42
84606.45;-100.34
84609.38;-100.58
84612.30;-100.50
84615.23;-100.26
84618.16;-100.58
84621.09;-100.50
84624.02;-100.34
84626.95;-100.26
84629.88;-100.42
84632.81;-100.26
84635.74;-100.26
84638.67;-100.11
84641.60;-100.19
84644.53;-100.34
84647.46;-100.03
84650.39;-100.11
84653.32;-100.34
84656.25;-100.34
84659.18;-100.34
84662.11;-100.34
84665.04;-100.34
84667.97;-100.34
84670.90;-100.50
84673.83;-100.34
84676.76;-100.34
84679.69;-100.42
84682.62;-100.34
84685.55;-100.19
84688.48;-100.19
84691.41;-99.95
84694.34;-100.03
84697.27;-100.11
84700.20;-100.26
84703.13;-100.26
84706.05;-100.50
84708.98;-100.34
84711.91;-100.11
84714.84;-100.26
84717.77;-100.19
84720.70;-100.11
84723.63;-100.58
84726.56;-100.58
84729.49;-100.50
84732.42;-100.42
84735.35;-100.50
84738.28;-100.50
84741.21;-100.58
84744.14;-100.58
84747.07;-100.11
84750.00;-100.11
84752.93;-100.26
84755.86;-100.50
84758.79;-100.19
84761.72;-100.50
84764.65;-100.65
84767.58;-100.42
84770.51;-100.34
84773.44;-100.50
84776.37;-100.19
84779.30;-100.34
84782.23;-100.50
84785.16;-100.26
84788.09;-100.34
84791.02;-100.26
84793.95;-100.50
84796.88;-100.58
84799.80;-100.11
84802.73;-100.11
84805.66;-100.50
84808.59;-100.42
84811.52;-100.58
84814.45;-100.34
84817.38;-100.03
84820.31;-100.03
84823.24;-100.19
84826.17;-100.19
84829.10;-100.34
84832.03;-100.19
84834.96;-100.26
84837.89;-100.26
84840.82;-100.34
84843.75;-100.34
84846.68;-100.26
84849.61;-100.42
84852.54;-100.42
84855.47;-100.11
84858.40;-100.03
84861.33;-100.50
84864.26;-100.34
84867.19;-100.11
84870.12;-100.26
84873.05;-100.50
84875.98;-100.34
84878.91;-100.50
84881.84;-100.19
84884.77;-99.95
84887.70;-99.95
84890.63;-100.19
84893.55;-100.42
84896.48;-100.50
84899.41;-100.58
84902.34;-100.42
84905.27;-100.42
84908.20;-100.42
84911.13;-100.42
84914.06;-100.26
84916.99;-100.03
84919.92;-100.26
84922.85;-100.34
84925.78;-100.26
84928.71;-100.03
84931.64;-100.11
84934.57;-100.65
84937.50;-100.58
84940.43;-100.34
84943.36;-100.42
84946.29;-100.26
84949.22;-100.50
84952.15;-100.50
84955.08;-100.26
84958.01;-100.19
84960.94;-100.26
84963.87;-100.26
84966.80;-100.34
84969.73;-100.42
84972.66;-100.42
84975.59;-100.58
84978.52;-100.34
84981.45;-100.34
84984.38;-100.26
84987.30;-100.26
84990.23;-100.19
84993.16;-100.19
84996.09;-100.58
84999.02;-100.65
85001.95;-100.42
85004.88;-100.26
85007.81;-100.11
85010.74;-100.11
85013.67;-100.26
85016.60;-100.50
85019.53;-100.65
85022.46;-100.42
85025.39;-100.26
85028.32;-100.11
85031.25;-99.95
85034.18;-100.03
85037.11;-100.26
85040.04;-100.34
85042.97;-100.42
85045.90;-100.34
85048.83;-100.50
85051.76;-100.34
85054.69;-100.34
85057.62;-100.26
85060.55;-100.42
85063.48;-100.50
85066.41;-100.50
85069.34;-100.34
85072.27;-100.42
85075.20;-100.34
85078.13;-100.26
85081.05;-100.26
85083.98;-100.42
85086.91;-100.42
85089.84;-100.34
85092.77;-100.11
85095.70;-100.03
85098.63;-100.42
85101.56;-100.42
85104.49;-100.50
85107.42;-100.26
85110.35;-100.26
85113.28;-100.34
85116.21;-100.50
85119.14;-100.50
85122.07;-100.58
85125.00;-100.42
85127.93;-100.19
85130.86;-100.26
85133.79;-100.50
85136.72;-100.34
85139.65;-100.26
85142.58;-100.42
85145.51;-100.42
85148.44;-100.19
85151.37;-100.42
85154.30;-100.26
85157.23;-100.26
85160.16;-100.73
85163.09;-100.58
85166.02;-100.34
85168.95;-100.42
85171.88;-100.26
85174.80;-100.19
85177.73;-100.50
85180.66;-100.34
85183.59;-100.42
85186.52;-100.58
85189.45;-100.65
85192.38;-100.42
85195.31;-100.65
85198.24;-100.42
85201.17;-100.19
85204.10;-100.34
85207.03;-100.42
85209.96;-100.65
85212.89;-100.50
85215.82;-100.26
85218.75;-100.26
85221.68;-100.26
85224.61;-100.34
85227.54;-100.34
85230.47;-100.26
85233.40;-100.34
85236.33;-100.03
85239.26;-100.26
85242.19;-100.50
85245.12;-100.42
85248.05;-100.50
85250.98;-100.65
85253.91;-100.58
85256.84;-100.50
85259.77;-100.42
85262.70;-100.50
85265.63;-100.34
85268.55;-100.19
85271.48;-100.34
85274.41;-100.26
85277.34;-100.19
85280.27;-100.50
85283.20;-100.19
85286.13;-100.26
85289.06;-100.42
85291.99;-100.58
85294.92;-100.50
85297.85;-100.58
85300.78;-100.58
85303.71;-100.50
85306.64;-100.19
85309.57;-100.34
85312.50;-100.42
85315.43;-100.42
85318.36;-100.26
85321.29;-100.34
85324.22;-100.26
85327.15;-100.03
85330.08;-100.34
85333.01;-100.42
85335.94;-100.11
85338.87;-100.19
85341.80;-100.26
85344.73;-100.19
85347.66;-100.26
85350.59;-100.42
85353.52;-100.50
85356.45;-100.65
85359.38;-100.42
85362.30;-100.19
85365.23;-100.26
85368.16;-100.50
85371.09;-100.58
85374.02;-100.65
85376.95;-100.50
85379.88;-100.11
85382.81;-99.95
85385.74;-100.26
85388.67;-100.11
85391.60;-100.26
85394.53;-100.26
85397.46;-100.50
85400.39;-100.50
85403.32;-100.50
85406.25;-100.42
85409.18;-100.34
85412.11;-100.26
85415.04;-100.11
85417.97;-100.11
85420.90;-100.19
85423.83;-100.19
85426.76;-100.11
85429.69;-100.19
85432.62;-100.34
85435.55;-100.19
85438.48;-100.34
85441.41;-100.34
85444.34;-100.26
85447.27;-100.03
85450.20;-100.26
85453.13;-100.34
85456.05;-100.42
85458.98;-100.65
85461.91;-100.50
85464.84;-100.42
85467.77;-100.34
85470.70;-100.50
85473.63;-100.50
85476.56;-100.42
85479.49;-100.42
85482.42;-100.58
85485.35;-100.50
85488.28;-100.42
85491.21;-100.19
85494.14;-100.42
85497.07;-100.65
85500.00;-100.26
85502.93;-99.95
85505.86;-100.03
85508.79;-100.34
85511.72;-100.50
85514.65;-100.26
85517.58;-100.58
85520.51;-100.73
85523.44;-100.34
85526.37;-100.11
85529.30;-100.42
85532.23;-100.58
85535.16;-100.58
85538.09;-100.26
85541.02;-100.34
85543.95;-100.58
85546.88;-100.58
85549.80;-100.34
85552.73;-100.19
85555.66;-100.34
85558.59;-100.03
85561.52;-100.03
85564.45;-100.42
85567.38;-100.26
85570.31;-100.19
85573.24;-100.34
85576.17;-100.42
85579.10;-100.50
85582.03;-100.65
85584.96;-100.65
85587.89;-100.58
85590.82;-100.34
85593.75;-100.50
85596.68;-100.26
85599.61;-100.42
85602.54;-100.58
85605.47;-100.65
85608.40;-100.42
85611.33;-100.26
85614.26;-100.19
85617.19;-100.34
85620.12;-100.58
85623.05;-100.65
85625.98;-100.58
85628.91;-100.50
85631.84;-100.42
85634.77;-100.26
85637.70;-100.34
85640.63;-100.42
85643.55;-100.34
85646.48;-100.34
85649.41;-100.34
85652.34;-100.19
85655.27;-100.19
85658.20;-100.26
85661.13;-100.26
85664.06;-100.26
85666.99;-100.26
85669.92;-100.26
85672.85;-100.34
85675.78;-100.42
85678.71;-100.42
85681.64;-100.50
85684.57;-100.42
85687.50;-100.42
85690.43;-100.58
85693.36;-100.42
85696.29;-100.34
85699.22;-100.58
85702.15;-100.42
85705.08;-100.42
85708.01;-100.42
85710.94;-100.34
85713.87;-100.34
85716.80;-100.50
85719.73;-100.58
85722.66;-100.50
85725.59;-100.42
85728.52;-100.34
85731.45;-100.34
85734.38;-100.42
85737.30;-100.26
85740.23;-100.26
85743.16;-100.50
85746.09;-100.58
85749.02;-100.58
85751.95;-100.73
85754.88;-100.42
85757.81;-100.34
85760.74;-100.34
85763.67;-100.42
85766.60;-100.65
85769.53;-100.65
85772.46;-100.58
85775.39;-100.58
85778.32;-100.34
85781.25;-100.11
85784.18;-100.03
85787.11;-100.26
85790.04;-100.42
85792.97;-100.50
85795.90;-100.34
85798.83;-100.50
85801.76;-100.42
85804.69;-100.34
85807.62;-100.34
85810.55;-100.19
85813.48;-100.19
85816.41;-100.19
85819.34;-100.42
85822.27;-100.58
85825.20;-100.81
85828.13;-100.50
85831.05;-100.42
85833.98;-100.58
85836.91;-100.50
85839.84;-100.34
85842.77;-100.50
85845.70;-100.26
85848.63;-99.95
85851.56;-100.19
85854.49;-100.42
85857.42;-100.26
85860.35;-100.19
85863.28;-100.26
85866.21;-100.34
85869.14;-100.42
85872.07;-100.50
85875.00;-100.50
85877.93;-100.42
85880.86;-100.19
85883.79;-100.26
85886.72;-100.34
85889.65;-100.42
85892.58;-100.50
85895.51;-100.19
85898.44;-100.19
85901.37;-100.34
85904.30;-100.26
85907.23;-100.11
85910.16;-100.34
85913.09;-100.26
85916.02;-100.19
85918.95;-100.26
85921.88;-100.50
85924.80;-100.34
85927.73;-100.11
85930.66;-100.50
85933.59;-100.58
85936.52;-100.42
85939.45;-100.50
85942.38;-100.42
85945.31;-100.34
85948.24;-100.19
85951.17;-100.26
85954.10;-100.11
85957.03;-100.19
85959.96;-100.42
85962.89;-100.42
85965.82;-100.58
85968.75;-100.50
85971.68;-100.42
85974.61;-100.34
85977.54;-100.65
85980.47;-100.58
85983.40;-100.50
85986.33;-100.42
85989.26;-100.58
85992.19;-100.58
85995.12;-100.26
85998.05;-100.11
86000.98;-100.42
86003.91;-100.19
86006.84;-100.34
86009.77;-100.58
86012.70;-100.42
86015.63;-100.34
86018.55;-100.19
86021.48;-100.19
86024.41;-100.50
86027.34;-100.58
86030.27;-100.65
86033.20;-100.58
86036.13;-100.26
86039.06;-100.42
86041.99;-100.34
86044.92;-100.19
86047.85;-100.34
86050.78;-100.26
86053.71;-100.26
86056.64;-100.50
86059.57;-100.50
86062.50;-100.65
86065.43;-100.50
86068.36;-100.50
86071.29;-100.58
86074.22;-100.50
86077.15;-100.50
86080.08;-100.50
86083.01;-100.34
86085.94;-100.26
86088.87;-100.19
86091.80;-100.34
86094.73;-100.42
86097.66;-100.50
86100.59;-100.50
86103.52;-100.42
86106.45;-100.26
86109.38;-100.34
86112.30;-100.58
86115.23;-100.42
86118.16;-100.65
86121.09;-100.58
86124.02;-100.58
86126.95;-100.50
86129.88;-100.34
86132.81;-100.34
86135.74;-100.50
86138.67;-100.58
86141.60;-100.11
86144.53;-100.11
86147.46;-100.19
86150.39;-100.34
86153.32;-100.34
86156.25;-100.34
86159.18;-100.42
86162.11;-100.65
86165.04;-100.42
86167.97;-100.26
86170.90;-100.26
86173.83;-100.19
86176.76;-100.11
86179.69;-100.58
86182.62;-100.58
86185.55;-100.42
86188.48;-100.50
86191.41;-100.42
86194.34;-100.34
86197.27;-100.58
86200.20;-100.65
86203.13;-100.34
86206.05;-99.95
86208.98;-100.03
86211.91;-100.42
86214.84;-100.34
86217.77;-100.26
86220.70;-100.42
86223.63;-100.34
86226.56;-100.42
86229.49;-100.42
86232.42;-100.58
86235.35;-100.58
86238.28;-100.50
86241.21;-100.50
86244.14;-100.50
86247.07;-100.65
86250.00;-100.58
86252.93;-100.58
86255.86;-100.34
86258.79;-100.50
86261.72;-100.50
86264.65;-100.58
86267.58;-100.81
86270.51;-100.73
86273.44;-100.34
86276.37;-100.58
86279.30;-100.34
86282.23;-100.42
86285.16;-100.26
86288.09;-100.34
86291.02;-100.26
86293.95;-100.26
86296.88;-100.34
86299.80;-100.19
86302.73;-100.11
86305.66;-100.19
86308.59;-100.42
86311.52;-100.50
86314.45;-100.34
86317.38;-100.26
86320.31;-100.58
86323.24;-100.65
86326.17;-100.34
86329.10;-100.26
86332.03;-100.34
86334.96;-100.42
86337.89;-100.58
86340.82;-100.34
86343.75;-100.42
86346.68;-100.34
86349.61;-100.34
86352.54;-100.34
86355.47;-100.42
86358.40;-100.26
86361.33;-100.26
86364.26;-100.65
86367.19;-100.65
86370.12;-100.19
86373.05;-100.11
86375.98;-100.19
86378.91;-100.42
86381.84;-100.34
86384.77;-100.50
86387.70;-100.73
86390.63;-100.65
86393.55;-100.11
86396.48;-99.95
86399.41;-100.19
86402.34;-100.26
86405.27;-100.42
86408.20;-100.50
86411.13;-100.58
86414.06;-100.58
86416.99;-100.58
86419.92;-100.42
86422.85;-100.42
86425.78;-100.42
86428.71;-100.50
86431.64;-100.26
86434.57;-100.34
86437.50;-100.26
86440.43;-100.11
86443.36;-100.58
86446.29;-100.42
86449.22;-100.34
86452.15;-100.42
86455.08;-100.34
86458.01;-100.34
86460.94;-100.50
86463.87;-100.65
86466.80;-100.65
86469.73;-100.65
86472.66;-100.42
86475.59;-100.26
86478.52;-100.42
86481.45;-100.58
86484.38;-100.73
86487.30;-100.42
86490.23;-100.19
86493.16;-100.42
86496.09;-100.50
86499.02;-100.26
86501.95;-100.26
86504.88;-100.34
86507.81;-100.42
86510.74;-100.26
86513.67;-100.19
86516.60;-100.34
86519.53;-100.42
86522.46;-100.26
86525.39;-100.50
86528.32;-100.58
86531.25;-100.65
86534.18;-100.11
86537.11;-100.11
86540.04;-100.26
86542.97;-100.42
86545.90;-100.42
86548.83;-100.50
86551.76;-100.34
86554.69;-100.65
86557.62;-100.65
86560.55;-100.50
86563.48;-100.42
86566.41;-100.42
86569.34;-100.50
86572.27;-100.42
86575.20;-100.50
86578.13;-100.50
86581.05;-100.42
86583.98;-100.50
86586.91;-100.42
86589.84;-100.26
86592.77;-100.50
86595.70;-100.58
86598.63;-100.58
86601.56;-100.58
86604.49;-100.50
86607.42;-100.34
86610.35;-100.19
86613.28;-100.42
86616.21;-100.50
86619.14;-100.73
86622.07;-100.50
86625.00;-100.26
86627.93;-100.42
86630.86;-100.42
86633.79;-100.34
86636.72;-100.42
86639.65;-100.34
86642.58;-100.26
86645.51;-100.34
86648.44;-100.58
86651.37;-100.42
86654.30;-100.58
86657.23;-100.42
86660.16;-100.34
86663.09;-100.58
86666.02;-100.50
86668.95;-100.42
86671.88;-100.26
86674.80;-100.34
86677.73;-100.50
86680.66;-100.34
86683.59;-100.58
86686.52;-100.50
86689.45;-100.58
86692.38;-100.65
86695.31;-100.81
86698.24;-100.89
86701.17;-100.65
86704.10;-100.50
86707.03;-100.42
86709.96;-100.34
86712.89;-100.42
86715.82;-100.42
86718.75;-100.42
86721.68;-100.42
86724.61;-100.42
86727.54;-100.50
86730.47;-100.26
86733.40;-100.42
86736.33;-100.42
86739.26;-100.42
86742.19;-100.58
86745.12;-100.73
86748.05;-100.42
86750.98;-100.50
86753.91;-100.42
86756.84;-100.50
86759.77;-100.58
86762.70;-100.26
86765.63;-100.50
86768.55;-100.42
86771.48;-100.26
86774.41;-100.42
86777.34;-100.34
86780.27;-100.65
86783.20;-100.97
86786.13;-100.42
86789.06;-100.34
86791.99;-100.42
86794.92;-100.50
86797.85;-100.19
86800.78;-100.50
86803.71;-100.34
86806.64;-100.50
86809.57;-100.50
86812.50;-100.65
86815.43;-100.58
86818.36;-100.50
86821.29;-100.58
86824.22;-100.50
86827.15;-100.34
86830.08;-100.26
86833.01;-100.42
86835.94;-100.65
86838.87;-100.58
86841.80;-100.26
86844.73;-100.34
86847.66;-100.42
86850.59;-100.58
86853.52;-100.73
86856.45;-100.58
86859.38;-100.50
86862.30;-100.58
86865.23;-100.58
86868.16;-100.73
86871.09;-100.81
86874.02;-100.65
86876.95;-100.81
86879.88;-100.50
86882.81;-100.34
86885.74;-100.19
86888.67;-100.42
86891.60;-100.81
86894.53;-100.73
86897.46;-100.58
86900.39;-100.34
86903.32;-100.50
86906.25;-100.42
86909.18;-100.50
86912.11;-100.50
86915.04;-100.58
86917.97;-100.50
86920.90;-100.42
86923.83;-100.26
86926.76;-100.34
86929.69;-100.42
86932.62;-100.26
86935.55;-100.73
86938.48;-100.58
86941.41;-100.34
86944.34;-100.50
86947.27;-100.50
86950.20;-100.58
86953.13;-100.58
86956.05;-100.81
86958.98;-100.65
86961.91;-100.65
86964.84;-100.42
86967.77;-100.34
86970.70;-100.50
86973.63;-100.50
86976.56;-100.26
86979.49;-100.26
86982.42;-100.34
86985.35;-100.50
86988.28;-100.26
86991.21;-100.58
86994.14;-100.73
86997.07;-100.65
87000.00;-100.65
87002.93;-100.42
87005.86;-100.50
87008.79;-100.58
87011.72;-100.50
87014.65;-100.50
87017.58;-100.42
87020.51;-100.58
87023.44;-100.26
87026.37;-100.26
87029.30;-100.26
87032.23;-100.34
87035.16;-100.50
87038.09;-100.73
87041.02;-100.65
87043.95;-100.73
87046.88;-100.65
87049.80;-100.65
87052.73;-100.50
87055.66;-100.42
87058.59;-100.58
87061.52;-100.50
87064.45;-100.34
87067.38;-100.42
87070.31;-100.34
87073.24;-100.42
87076.17;-100.65
87079.10;-100.50
87082.03;-100.65
87084.96;-100.73
87087.89;-100.58
87090.82;-100.50
87093.75;-100.42
87096.68;-100.58
87099.61;-100.58
87102.54;-100.65
87105.47;-100.58
87108.40;-100.58
87111.33;-100.65
87114.26;-100.42
87117.19;-100.34
87120.12;-100.42
87123.05;-100.26
87125.98;-100.11
87128.91;-100.19
87131.84;-100.26
87134.77;-100.34
87137.70;-100.34
87140.63;-100.26
87143.55;-100.34
87146.48;-100.50
87149.41;-100.19
87152.34;-100.50
87155.27;-100.50
87158.20;-100.34
87161.13;-100.34
87164.06;-100.58
87166.99;-100.73
87169.92;-100.58
87172.85;-100.65
87175.78;-100.50
87178.71;-100.50
87181.64;-100.34
87184.57;-100.03
87187.50;-100.11
87190.43;-100.11
87193.36;-100.34
87196.29;-100.50
87199.22;-100.03
87202.15;-100.19
87205.08;-100.42
87208.01;-100.34
87210.94;-100.34
87213.87;-100.42
87216.80;-100.34
87219.73;-100.26
87222.66;-100.34
87225.59;-100.58
87228.52;-100.50
87231.45;-100.19
87234.38;-100.50
87237.30;-100.58
87240.23;-100.50
87243.16;-100.34
87246.09;-100.26
87249.02;-100.42
87251.95;-100.50
87254.88;-100.50
87257.81;-100.50
87260.74;-100.58
87263.67;-100.34
87266.60;-100.58
87269.53;-100.58
87272.46;-100.73
87275.39;-100.97
87278.32;-100.58
87281.25;-100.19
87284.18;-100.03
87287.11;-100.19
87290.04;-100.42
87292.97;-100.73
87295.90;-100.65
87298.83;-100.50
87301.76;-100.42
87304.69;-100.65
87307.62;-100.65
87310.55;-100.81
87313.48;-100.65
87316.41;-100.58
87319.34;-100.73
87322.27;-100.50
87325.20;-100.26
87328.13;-100.34
87331.05;-100.34
87333.98;-100.42
87336.91;-100.73
87339.84;-100.81
87342.77;-100.58
87345.70;-100.50
87348.63;-100.50
87351.56;-100.50
87354.49;-100.34
87357.42;-100.34
87360.35;-100.81
87363.28;-100.42
87366.21;-100.50
87369.14;-100.58
87372.07;-100.50
87375.00;-100.58
87377.93;-100.50
87380.86;-100.50
87383.79;-100.11
87386.72;-100.19
87389.65;-100.58
87392.58;-100.81
87395.51;-100.65
87398.44;-100.58
87401.37;-100.65
87404.30;-100.65
87407.23;-100.50
87410.16;-100.50
87413.09;-100.81
87416.02;-100.73
87418.95;-100.81
87421.88;-100.89
87424.80;-100.73
87427.73;-100.58
87430.66;-100.50
87433.59;-100.58
87436.52;-100.50
87439.45;-100.81
87442.38;-100.42
87445.31;-100.26
87448.24;-100.34
87451.17;-100.50
87454.10;-100.34
87457.03;-100.42
87459.96;-100.42
87462.89;-100.34
87465.82;-100.42
87468.75;-100.42
87471.68;-100.58
87474.61;-100.50
87477.54;-100.19
87480.47;-100.34
87483.40;-100.42
87486.33;-100.58
87489.26;-100.50
87492.19;-100.50
87495.12;-100.26
87498.05;-100.34
87500.98;-100.42
87503.91;-100.65
87506.84;-100.50
87509.77;-100.19
87512.70;-100.26
87515.63;-100.42
87518.55;-100.50
87521.48;-100.65
87524.41;-100.65
87527.34;-100.50
87530.27;-100.50
87533.20;-100.58
87536.13;-100.42
87539.06;-100.42
87541.99;-100.34
87544.92;-100.65
87547.85;-100.34
87550.78;-100.42
87553.71;-100.50
87556.64;-100.58
87559.57;-100.50
87562.50;-100.50
87565.43;-100.26
87568.36;-100.26
87571.29;-100.42
87574.22;-100.65
87577.15;-100.89
87580.08;-100.65
87583.01;-100.65
87585.94;-100.58
87588.87;-100.58
87591.80;-100.50
87594.73;-100.42
87597.66;-100.42
87600.59;-100.65
87603.52;-100.58
87606.45;-100.58
87609.38;-100.73
87612.30;-100.50
87615.23;-100.34
87618.16;-100.34
87621.09;-100.50
87624.02;-100.58
87626.95;-100.50
87629.88;-100.42
87632.81;-100.26
87635.74;-100.19
87638.67;-100.34
87641.60;-100.34
87644.53;-100.34
87647.46;-100.42
87650.39;-100.42
87653.32;-100.42
87656.25;-100.58
87659.18;-100.34
87662.11;-100.19
87665.04;-100.73
87667.97;-100.58
87670.90;-100.65
87673.83;-100.73
87676.76;-100.34
87679.69;-100.26
87682.62;-100.19
87685.55;-100.42
87688.48;-100.73
87691.41;-100.50
87694.34;-100.65
87697.27;-100.73
87700.20;-100.42
87703.13;-100.42
87706.05;-100.65
87708.98;-100.81
87711.91;-100.42
87714.84;-100.50
87717.77;-100.65
87720.70;-100.42
87723.63;-100.42
87726.56;-100.65
87729.49;-100.50
87732.42;-100.42
87735.35;-100.34
87738.28;-100.34
87741.21;-100.58
87744.14;-100.65
87747.07;-100.73
87750.00;-100.73
87752.93;-100.50
87755.86;-100.26
87758.79;-100.50
87761.72;-100.65
87764.65;-100.58
87767.58;-100.34
87770.51;-100.65
87773.44;-100.73
87776.37;-100.42
87779.30;-100.50
87782.23;-100.81
87785.16;-100.73
87788.09;-100.50
87791.02;-100.50
87793.95;-100.34
87796.88;-100.50
87799.80;-100.65
87802.73;-100.42
87805.66;-100.58
87808.59;-100.50
87811.52;-100.34
87814.45;-100.50
87817.38;-100.65
87820.31;-100.34
87823.24;-100.34
87826.17;-100.42
87829.10;-100.65
87832.03;-100.73
87834.96;-100.73
87837.89;-100.65
87840.82;-100.50
87843.75;-100.42
87846.68;-100.50
87849.61;-100.26
87852.54;-100.26
87855.47;-100.58
87858.40;-100.81
87861.33;-100.73
87864.26;-100.65
87867.19;-100.58
87870.12;-100.19
87873.05;-100.34
87875.98;-100.42
87878.91;-100.50
87881.84;-100.65
87884.77;-100.42
87887.70;-100.42
87890.63;-100.58
87893.55;-100.58
87896.48;-100.42
87899.41;-100.73
87902.34;-100.50
87905.27;-100.34
87908.20;-100.34
87911.13;-100.50
87914.06;-100.50
87916.99;-100.58
87919.92;-100.65
87922.85;-100.65
87925.78;-100.50
87928.71;-100.65
87931.64;-100.65
87934.57;-100.50
87937.50;-100.58
87940.43;-100.50
87943.36;-100.34
87946.29;-100.50
87949.22;-100.42
87952.15;-100.34
87955.08;-100.42
87958.01;-100.50
87960.94;-100.50
87963.87;-100.34
87966.80;-100.34
87969.73;-100.58
87972.66;-100.50
87975.59;-100.19
87978.52;-100.42
87981.45;-100.42
87984.38;-100.26
87987.30;-100.58
87990.23;-100.50
87993.16;-100.58
87996.09;-100.42
87999.02;-100.50
88001.95;-100.42
88004.88;-100.81
88007.81;-100.89
88010.74;-100.50
88013.67;-100.50
88016.60;-100.50
88019.53;-100.42
88022.46;-100.34
88025.39;-100.50
88028.32;-100.50
88031.25;-100.42
88034.18;-100.42
88037.11;-100.34
88040.04;-100.34
88042.97;-100.50
88045.90;-100.58
88048.83;-100.50
88051.76;-100.50
88054.69;-100.34
88057.62;-100.65
88060.55;-100.73
88063.48;-100.65
88066.41;-100.58
88069.34;-100.89
88072.27;-100.89
88075.20;-100.42
88078.13;-100.50
88081.05;-100.58
88083.98;-100.42
88086.91;-100.65
88089.84;-100.58
88092.77;-100.50
88095.70;-100.19
88098.63;-100.26
88101.56;-100.58
88104.49;-100.73
88107.42;-100.81
88110.35;-100.97
88113.28;-100.81
88116.21;-100.73
88119.14;-100.65
88122.07;-100.50
88125.00;-100.42
88127.93;-100.50
88130.86;-100.58
88133.79;-100.58
88136.72;-100.50
88139.65;-100.50
88142.58;-100.58
88145.51;-100.73
88148.44;-100.58
88151.37;-100.58
88154.30;-100.58
88157.23;-100.19
88160.16;-100.26
88163.09;-100.58
88166.02;-100.73
88168.95;-100.50
88171.88;-100.58
88174.80;-100.50
88177.73;-100.42
88180.66;-100.42
88183.59;-100.65
88186.52;-100.65
88189.45;-100.58
88192.38;-100.58
88195.31;-100.73
88198.24;-100.65
88201.17;-100.81
88204.10;-100.42
88207.03;-100.34
88209.96;-100.42
88212.89;-100.50
88215.82;-100.73
88218.75;-100.73
88221.68;-100.65
88224.61;-100.58
88227.54;-100.34
88230.47;-100.65
88233.40;-100.65
88236.33;-100.65
88239.26;-100.58
88242.19;-100.34
88245.12;-100.26
88248.05;-100.65
88250.98;-100.73
88253.91;-100.65
88256.84;-100.58
88259.77;-100.50
88262.70;-100.58
88265.63;-100.50
88268.55;-100.50
88271.48;-100.89
88274.41;-100.65
88277.34;-100.26
88280.27;-100.26
88283.20;-100.42
88286.13;-100.50
88289.06;-100.65
88291.99;-100.89
88294.92;-100.73
88297.85;-100.50
88300.78;-100.42
88303.71;-100.42
88306.64;-100.50
88309.57;-100.58
88312.50;-100.89
88315.43;-100.97
88318.36;-100.81
88321.29;-100.50
88324.22;-100.34
88327.15;-100.34
88330.08;-100.50
88333.01;-100.73
88335.94;-100.58
88338.87;-100.34
88341.80;-100.42
88344.73;-100.42
88347.66;-100.42
88350.59;-100.26
88353.52;-100.81
88356.45;-100.65
88359.38;-100.65
88362.30;-100.58
88365.23;-100.58
88368.16;-100.50
88371.09;-100.34
88374.02;-100.26
88376.95;-100.58
88379.88;-100.73
88382.81;-100.65
88385.74;-100.65
88388.67;-100.73
88391.60;-100.65
88394.53;-100.65
88397.46;-100.58
88400.39;-100.58
88403.32;-100.50
88406.25;-100.42
88409.18;-100.89
88412.11;-100.73
88415.04;-100.42
88417.97;-100.34
88420.90;-100.42
88423.83;-100.34
88426.76;-100.42
88429.69;-100.50
88432.62;-100.19
88435.55;-100.26
88438.48;-100.34
88441.41;-100.42
88444.34;-100.58
88447.27;-100.65
88450.20;-100.73
88453.13;-100.58
88456.05;-100.42
88458.98;-100.34
88461.91;-100.34
88464.84;-100.65
88467.77;-100.58
88470.70;-100.42
88473.63;-100.58
88476.56;-100.34
88479.49;-100.42
88482.42;-100.50
88485.35;-100.34
88488.28;-100.34
88491.21;-100.81
88494.14;-100.73
88497.07;-100.50
88500.00;-100.50
88502.93;-100.11
88505.86;-100.42
88508.79;-100.42
88511.72;-100.42
88514.65;-100.50
88517.58;-100.58
88520.51;-100.42
88523.44;-100.11
88526.37;-100.34
88529.30;-100.58
88532.23;-100.58
88535.16;-100.50
88538.09;-100.34
88541.02;-100.34
88543.95;-100.50
88546.88;-100.50
88549.80;-100.50
88552.73;-100.58
88555.66;-100.58
88558.59;-100.73
88561.52;-100.89
88564.45;-100.58
88567.38;-100.42
88570.31;-100.58
88573.24;-100.58
88576.17;-100.58
88579.10;-100.26
88582.03;-100.11
88584.96;-100.26
88587.89;-100.58
88590.82;-100.58
88593.75;-100.42
88596.68;-100.50
88599.61;-100.42
88602.54;-100.50
88605.47;-100.73
88608.40;-100.50
88611.33;-100.65
88614.26;-100.50
88617.19;-100.19
88620.12;-100.19
88623.05;-100.65
88625.98;-100.89
88628.91;-100.73
88631.84;-100.89
88634.77;-100.58
88637.70;-100.58
88640.63;-100.73
88643.55;-100.81
88646.48;-100.65
88649.41;-100.58
88652.34;-100.50
88655.27;-100.34
88658.20;-100.42
88661.13;-100.26
88664.06;-100.58
88666.99;-100.65
88669.92;-100.50
88672.85;-100.65
88675.78;-100.97
88678.71;-100.73
88681.64;-100.65
88684.57;-100.73
88687.50;-100.58
88690.43;-100.58
88693.36;-100.50
88696.29;-100.50
88699.22;-100.42
88702.15;-100.73
88705.08;-100.58
88708.01;-100.19
88710.94;-100.26
88713.87;-100.34
88716.80;-100.26
88719.73;-100.19
88722.66;-100.11
88725.59;-100.42
88728.52;-100.50
88731.45;-100.58
88734.38;-100.58
88737.30;-100.65
88740.23;-100.65
88743.16;-100.73
88746.09;-100.65
88749.02;-100.73
88751.95;-100.97
88754.88;-100.58
88757.81;-100.26
88760.74;-100.34
88763.67;-100.65
88766.60;-100.65
88769.53;-100.58
88772.46;-100.42
88775.39;-100.50
88778.32;-100.65
88781.25;-100.89
88784.18;-100.58
88787.11;-100.65
88790.04;-100.65
88792.97;-100.34
88795.90;-100.58
88798.83;-100.58
88801.76;-100.58
88804.69;-100.73
88807.62;-100.42
88810.55;-100.50
88813.48;-100.50
88816.41;-100.65
88819.34;-100.65
88822.27;-100.50
88825.20;-100.58
88828.13;-100.65
88831.05;-100.73
88833.98;-100.65
88836.91;-100.34
88839.84;-100.26
88842.77;-100.26
88845.70;-100.11
88848.63;-100.34
88851.56;-100.58
88854.49;-100.58
88857.42;-100.50
88860.35;-100.50
88863.28;-100.65
88866.21;-100.81
88869.14;-100.65
88872.07;-100.50
88875.00;-100.50
88877.93;-100.58
88880.86;-100.97
88883.79;-100.73
88886.72;-100.58
88889.65;-100.58
88892.58;-100.65
88895.51;-100.58
88898.44;-100.26
88901.37;-100.42
88904.30;-100.65
88907.23;-100.89
88910.16;-100.65
88913.09;-100.65
88916.02;-100.65
88918.95;-100.89
88921.88;-100.81
88924.80;-100.42
88927.73;-100.50
88930.66;-100.65
88933.59;-100.65
88936.52;-100.58
88939.45;-100.42
88942.38;-100.42
88945.31;-100.58
88948.24;-100.26
88951.17;-100.26
88954.10;-100.26
88957.03;-100.42
88959.96;-100.42
88962.89;-100.42
88965.82;-100.50
88968.75;-100.58
88971.68;-100.65
88974.61;-100.89
88977.54;-100.73
88980.47;-100.65
88983.40;-100.58
88986.33;-100.65
88989.26;-100.58
88992.19;-100.50
88995.12;-100.81
88998.05;-100.58
89000.98;-100.81
89003.91;-100.97
89006.84;-100.58
89009.77;-100.65
89012.70;-100.73
89015.63;-100.65
89018.55;-100.42
89021.48;-100.26
89024.41;-100.50
89027.34;-100.73
89030.27;-100.58
89033.20;-100.42
89036.13;-100.65
89039.06;-100.65
89041.99;-100.42
89044.92;-100.58
89047.85;-100.73
89050.78;-100.73
89053.71;-100.50
89056.64;-100.65
89059.57;-100.73
89062.50;-100.65
89065.43;-100.50
89068.36;-100.34
89071.29;-100.26
89074.22;-100.73
89077.15;-100.65
89080.08;-100.58
89083.01;-100.50
89085.94;-100.58
89088.87;-100.58
89091.80;-100.34
89094.73;-100.81
89097.66;-100.81
89100.59;-100.81
89103.52;-100.65
89106.45;-100.58
89109.38;-100.42
89112.30;-100.42
89115.23;-100.34
89118.16;-100.65
89121.09;-100.42
89124.02;-100.50
89126.95;-100.50
89129.88;-100.58
89132.81;-100.58
89135.74;-100.42
89138.67;-100.34
89141.60;-100.42
89144.53;-100.50
89147.46;-100.50
89150.39;-100.65
89153.32;-100.73
89156.25;-100.73
89159.18;-100.73
89162.11;-100.65
89165.04;-100.65
89167.97;-100.81
89170.90;-100.73
89173.83;-100.65
89176.76;-100.65
89179.69;-100.65
89182.62;-100.58
89185.55;-100.65
89188.48;-100.65
89191.41;-100.42
89194.34;-100.42
89197.27;-100.34
89200.20;-100.42
89203.13;-100.58
89206.05;-100.65
89208.98;-100.58
89211.91;-100.58
89214.84;-100.65
89217.77;-100.58
89220.70;-100.50
89223.63;-100.65
89226.56;-100.81
89229.49;-100.58
89232.42;-100.50
89235.35;-100.73
89238.28;-100.58
89241.21;-100.65
89244.14;-100.81
89247.07;-100.65
89250.00;-100.50
89252.93;-100.42
89255.86;-100.26
89258.79;-100.58
89261.72;-100.73
89264.65;-100.58
89267.58;-100.50
89270.51;-100.65
89273.44;-100.58
89276.37;-100.58
89279.30;-100.42
89282.23;-100.42
89285.16;-100.50
89288.09;-100.42
89291.02;-100.50
89293.95;-100.65
89296.88;-100.73
89299.80;-100.58
89302.73;-100.65
89305.66;-100.58
89308.59;-100.42
89311.52;-100.58
89314.45;-100.65
89317.38;-100.65
89320.31;-100.58
89323.24;-100.58
89326.17;-100.50
89329.10;-100.73
89332.03;-100.81
89334.96;-100.81
89337.89;-100.58
89340.82;-100.65
89343.75;-100.65
89346.68;-100.65
89349.61;-100.65
89352.54;-100.58
89355.47;-100.50
89358.40;-100.50
89361.33;-100.73
89364.26;-100.73
89367.19;-100.65
89370.12;-100.58
89373.05;-100.58
89375.98;-100.50
89378.91;-100.42
89381.84;-100.65
89384.77;-100.81
89387.70;-100.89
89390.63;-100.97
89393.55;-100.73
89396.48;-100.81
89399.41;-101.05
89402.34;-101.05
89405.27;-100.58
89408.20;-100.42
89411.13;-100.81
89414.06;-100.89
89416.99;-100.81
89419.92;-100.65
89422.85;-100.34
89425.78;-100.65
89428.71;-100.89
89431.64;-100.58
89434.57;-100.50
89437.50;-100.42
89440.43;-100.42
89443.36;-100.42
89446.29;-100.65
89449.22;-100.65
89452.15;-100.34
89455.08;-100.50
89458.01;-100.81
89460.94;-100.58
89463.87;-100.42
89466.80;-100.34
89469.73;-100.42
89472.66;-100.58
89475.59;-100.65
89478.52;-100.65
89481.45;-100.50
89484.38;-100.26
89487.30;-100.65
89490.23;-100.65
89493.16;-100.73
89496.09;-100.42
89499.02;-100.34
89501.95;-100.42
89504.88;-100.34
89507.81;-100.81
89510.74;-100.73
89513.67;-100.58
89516.60;-100.65
89519.53;-100.42
89522.46;-100.42
89525.39;-100.65
89528.32;-100.58
89531.25;-100.42
89534.18;-100.26
89537.11;-100.42
89540.04;-100.58
89542.97;-100.58
89545.90;-100.73
89548.83;-100.73
89551.76;-100.58
89554.69;-100.50
89557.62;-100.65
89560.55;-100.50
89563.48;-100.81
89566.41;-101.05
89569.34;-100.89
89572.27;-100.50
89575.20;-100.81
89578.13;-100.73
89581.05;-100.81
89583.98;-100.81
89586.91;-100.65
89589.84;-100.50
89592.77;-100.50
89595.70;-100.65
89598.63;-100.65
89601.56;-100.65
89604.49;-100.65
89607.42;-100.50
89610.35;-100.58
89613.28;-100.58
89616.21;-100.50
89619.14;-100.65
89622.07;-100.73
89625.00;-100.89
89627.93;-100.81
89630.86;-100.65
89633.79;-100.89
89636.72;-100.81
89639.65;-100.73
89642.58;-100.50
89645.51;-100.50
89648.44;-100.65
89651.37;-100.89
89654.30;-100.65
89657.23;-100.89
89660.16;-100.65
89663.09;-100.26
89666.02;-100.65
89668.95;-100.73
89671.88;-100.58
89674.80;-100.73
89677.73;-100.50
89680.66;-100.42
89683.59;-100.73
89686.52;-100.73
89689.45;-100.50
89692.38;-100.50
89695.31;-100.26
89698.24;-100.42
89701.17;-100.50
89704.10;-100.73
89707.03;-100.73
89709.96;-100.42
89712.89;-100.65
89715.82;-100.65
89718.75;-100.58
89721.68;-100.65
89724.61;-100.65
89727.54;-100.58
89730.47;-100.42
89733.40;-100.42
89736.33;-100.50
89739.26;-100.65
89742.19;-100.58
89745.12;-100.50
89748.05;-100.65
89750.98;-100.89
89753.91;-100.89
89756.84;-100.73
89759.77;-100.50
89762.70;-100.97
89765.63;-100.81
89768.55;-100.81
89771.48;-100.89
89774.41;-100.89
89777.34;-100.73
89780.27;-100.65
89783.20;-100.81
89786.13;-100.50
89789.06;-100.50
89791.99;-100.42
89794.92;-100.65
89797.85;-100.81
89800.78;-100.73
89803.71;-101.05
89806.64;-100.89
89809.57;-100.58
89812.50;-100.65
89815.43;-100.65
89818.36;-100.58
89821.29;-100.73
89824.22;-100.65
89827.15;-100.73
89830.08;-100.65
89833.01;-100.42
89835.94;-100.34
89838.87;-100.50
89841.80;-100.42
89844.73;-100.58
89847.66;-100.58
89850.59;-100.58
89853.52;-100.89
89856.45;-100.89
89859.38;-100.73
89862.30;-100.65
89865.23;-100.65
89868.16;-100.50
89871.09;-100.50
89874.02;-100.58
89876.95;-100.73
89879.88;-100.50
89882.81;-100.58
89885.74;-100.50
89888.67;-100.65
89891.60;-100.42
89894.53;-100.58
89897.46;-100.65
89900.39;-100.42
89903.32;-100.26
89906.25;-100.42
89909.18;-100.42
89912.11;-100.34
89915.04;-100.50
89917.97;-100.58
89920.90;-100.58
89923.83;-100.65
89926.76;-100.50
89929.69;-100.50
89932.62;-100.58
89935.55;-100.58
89938.48;-100.50
89941.41;-100.65
89944.34;-100.65
89947.27;-100.50
89950.20;-100.89
89953.13;-100.73
89956.05;-100.97
89958.98;-100.89
89961.91;-100.81
89964.84;-100.65
89967.77;-100.50
89970.70;-100.58
89973.63;-100.50
89976.56;-100.50
89979.49;-100.73
89982.42;-100.73
89985.35;-100.89
89988.28;-100.89
89991.21;-100.89
89994.14;-100.73
89997.07;-100.73
90000.00;-100.65
90002.93;-100.73
90005.86;-100.42
90008.79;-100.42
90011.72;-100.73
90014.65;-101.05
90017.58;-100.81
90020.51;-100.73
90023.44;-100.50
90026.37;-100.58
90029.30;-100.89
90032.23;-100.81
90035.16;-100.81
90038.09;-100.73
90041.02;-100.97
90043.95;-101.05
90046.88;-100.58
90049.80;-100.65
90052.73;-100.73
90055.66;-100.73
90058.59;-100.42
90061.52;-100.26
90064.45;-100.34
90067.38;-100.42
90070.31;-100.42
90073.24;-100.50
90076.17;-100.58
90079.10;-100.73
90082.03;-100.65
90084.96;-100.65
90087.89;-100.65
90090.82;-100.65
90093.75;-101.05
90096.68;-101.05
90099.61;-100.73
90102.54;-100.58
90105.47;-100.50
90108.40;-100.89
90111.33;-100.81
90114.26;-100.50
90117.19;-100.58
90120.12;-100.65
90123.05;-100.50
90125.98;-100.58
90128.91;-100.81
90131.84;-100.81
90134.77;-100.58
90137.70;-100.73
90140.63;-100.65
90143.55;-100.42
90146.48;-100.42
90149.41;-100.89
90152.34;-100.81
90155.27;-100.81
90158.20;-100.89
90161.13;-100.73
90164.06;-100.89
90166.99;-100.81
90169.92;-100.65
90172.85;-100.73
90175.78;-100.81
90178.71;-100.97
90181.64;-101.05
90184.57;-100.73
90187.50;-100.50
90190.43;-100.58
90193.36;-100.50
90196.29;-100.89
90199.22;-100.89
90202.15;-100.73
90205.08;-100.65
90208.01;-100.73
90210.94;-100.65
90213.87;-100.81
90216.80;-100.42
90219.73;-100.34
90222.66;-100.58
90225.59;-100.34
90228.52;-100.58
90231.45;-100.58
90234.38;-100.42
90237.30;-100.11
90240.23;-100.26
90243.16;-100.65
90246.09;-100.50
90249.02;-100.65
90251.95;-100.73
90254.88;-100.81
90257.81;-100.65
90260.74;-100.73
90263.67;-100.81
90266.60;-100.58
90269.53;-100.42
90272.46;-100.73
90275.39;-100.81
90278.32;-100.65
90281.25;-100.65
90284.18;-100.81
90287.11;-100.73
90290.04;-100.42
90292.97;-100.65
90295.90;-100.89
90298.83;-100.58
90301.76;-100.26
90304.69;-100.26
90307.62;-100.42
90310.55;-100.58
90313.48;-100.73
90316.41;-100.50
90319.34;-100.58
90322.27;-100.34
90325.20;-100.34
90328.13;-100.58
90331.05;-100.73
90333.98;-100.65
90336.91;-100.97
90339.84;-100.97
90342.77;-100.81
90345.70;-100.81
90348.63;-100.42
90351.56;-100.58
90354.49;-100.73
90357.42;-100.65
90360.35;-100.58
90363.28;-100.50
90366.21;-100.58
90369.14;-100.81
90372.07;-100.73
90375.00;-100.73
90377.93;-100.81
90380.86;-100.81
90383.79;-100.97
90386.72;-100.81
90389.65;-100.65
90392.58;-100.58
90395.51;-100.50
90398.44;-100.81
90401.37;-100.65
90404.30;-100.50
90407.23;-100.50
90410.16;-100.65
90413.09;-101.05
90416.02;-100.97
90418.95;-100.81
90421.88;-100.81
90424.80;-100.58
90427.73;-100.50
90430.66;-100.65
90433.59;-100.65
90436.52;-100.65
90439.45;-100.50
90442.38;-100.50
90445.31;-100.50
90448.24;-100.73
90451.17;-100.73
90454.10;-100.50
90457.03;-100.42
90459.96;-100.65
90462.89;-100.50
90465.82;-100.65
90468.75;-100.58
90471.68;-100.58
90474.61;-100.58
90477.54;-100.50
90480.47;-100.65
90483.40;-100.42
90486.33;-100.26
90489.26;-100.26
90492.19;-100.42
90495.12;-100.58
90498.05;-100.73
90500.98;-100.73
90503.91;-100.65
90506.84;-100.58
90509.77;-100.65
90512.70;-100.89
90515.63;-100.73
90518.55;-100.50
90521.48;-100.50
90524.41;-100.58
90527.34;-100.73
90530.27;-100.73
90533.20;-100.58
90536.13;-100.42
90539.06;-100.73
90541.99;-100.81
90544.92;-100.81
90547.85;-100.97
90550.78;-100.81
90553.71;-100.58
90556.64;-100.50
90559.57;-100.19
90562.50;-100.26
90565.43;-100.81
90568.36;-100.58
90571.29;-100.50
90574.22;-100.58
90577.15;-100.81
90580.08;-100.97
90583.01;-100.97
90585.94;-100.65
90588.87;-100.50
90591.80;-100.50
90594.73;-100.50
90597.66;-100.58
90600.59;-100.58
90603.52;-100.58
90606.45;-100.65
90609.38;-100.73
90612.30;-100.58
90615.23;-100.58
90618.16;-100.42
90621.09;-100.42
90624.02;-100.81
90626.95;-100.89
90629.88;-100.73
90632.81;-100.65
90635.74;-100.58
90638.67;-100.65
90641.60;-100.65
90644.53;-100.42
90647.46;-100.50
90650.39;-100.65
90653.32;-100.81
90656.25;-100.58
90659.18;-100.58
90662.11;-100.34
90665.04;-100.50
90667.97;-100.73
90670.90;-100.89
90673.83;-100.65
90676.76;-100.58
90679.69;-100.73
90682.62;-100.73
90685.55;-100.65
90688.48;-100.42
90691.41;-100.50
90694.34;-100.81
90697.27;-101.05
90700.20;-100.97
90703.13;-101.05
90706.05;-100.89
90708.98;-100.50
90711.91;-100.73
90714.84;-100.73
90717.77;-100.65
90720.70;-100.81
90723.63;-100.65
90726.56;-100.50
90729.49;-100.50
90732.42;-100.73
90735.35;-100.97
90738.28;-100.65
90741.21;-100.73
90744.14;-100.50
90747.07;-100.50
90750.00;-100.65
90752.93;-100.73
90755.86;-100.89
90758.79;-100.89
90761.72;-100.89
90764.65;-100.65
90767.58;-100.81
90770.51;-100.81
90773.44;-100.81
90776.37;-100.50
90779.30;-100.26
90782.23;-100.42
90785.16;-100.42
90788.09;-100.42
90791.02;-100.65
90793.95;-100.73
90796.88;-100.73
90799.80;-100.81
90802.73;-100.65
90805.66;-100.73
90808.59;-100.89
90811.52;-100.81
90814.45;-100.81
90817.38;-100.73
90820.31;-100.58
90823.24;-100.26
90826.17;-100.42
90829.10;-100.65
90832.03;-100.50
90834.96;-100.50
90837.89;-100.42
90840.82;-100.65
90843.75;-100.89
90846.68;-100.89
90849.61;-100.73
90852.54;-100.58
90855.47;-100.73
90858.40;-100.65
90861.33;-100.65
90864.26;-100.50
90867.19;-100.42
90870.12;-100.65
90873.05;-100.58
90875.98;-100.58
90878.91;-100.73
90881.84;-100.50
90884.77;-100.26
90887.70;-100.65
90890.63;-100.73
90893.55;-100.65
90896.48;-100.58
90899.41;-100.65
90902.34;-100.50
90905.27;-100.89
90908.20;-100.89
90911.13;-100.89
90914.06;-100.81
90916.99;-100.34
90919.92;-100.50
90922.85;-100.73
90925.78;-100.58
90928.71;-100.58
90931.64;-100.81
90934.57;-100.89
90937.50;-100.97
90940.43;-101.05
90943.36;-100.97
90946.29;-100.73
90949.22;-100.50
90952.15;-100.81
90955.08;-100.89
90958.01;-100.73
90960.94;-100.73
90963.87;-100.42
90966.80;-100.42
90969.73;-100.65
90972.66;-100.81
90975.59;-100.58
90978.52;-100.50
90981.45;-100.65
90984.38;-100.73
90987.30;-100.73
90990.23;-100.73
90993.16;-100.50
90996.09;-100.58
90999.02;-100.65
91001.95;-100.81
91004.88;-100.73
91007.81;-100.34
91010.74;-100.65
91013.67;-100.73
91016.60;-100.73
91019.53;-100.73
91022.46;-100.73
91025.39;-100.65
91028.32;-100.58
91031.25;-100.65
91034.18;-100.65
91037.11;-100.58
91040.04;-100.58
91042.97;-100.50
91045.90;-100.89
91048.83;-101.05
91051.76;-100.97
91054.69;-100.81
91057.62;-100.73
91060.55;-100.50
91063.48;-100.65
91066.41;-100.65
91069.34;-100.42
91072.27;-100.58
91075.20;-100.58
91078.13;-100.58
91081.05;-100.81
91083.98;-100.97
91086.91;-101.05
91089.84;-100.81
91092.77;-100.42
91095.70;-100.50
91098.63;-100.73
91101.56;-100.73
91104.49;-100.58
91107.42;-100.65
91110.35;-100.65
91113.28;-100.65
91116.21;-100.58
91119.14;-100.50
91122.07;-100.73
91125.00;-100.65
91127.93;-100.65
91130.86;-100.97
91133.79;-100.81
91136.72;-100.81
91139.65;-100.89
91142.58;-100.81
91145.51;-100.73
91148.44;-100.58
91151.37;-100.81
91154.30;-100.81
91157.23;-100.73
91160.16;-100.58
91163.09;-100.50
91166.02;-100.73
91168.95;-100.73
91171.88;-100.89
91174.80;-100.97
91177.73;-100.81
91180.66;-100.50
91183.59;-100.81
91186.52;-100.89
91189.45;-100.58
91192.38;-100.97
91195.31;-100.50
91198.24;-100.34
91201.17;-100.42
91204.10;-100.65
91207.03;-100.58
91209.96;-100.42
91212.89;-100.50
91215.82;-100.58
91218.75;-100.65
91221.68;-100.73
91224.61;-100.97
91227.54;-100.97
91230.47;-100.97
91233.40;-100.81
91236.33;-100.65
91239.26;-100.58
91242.19;-100.81
91245.12;-100.89
91248.05;-100.65
91250.98;-100.65
91253.91;-100.50
91256.84;-100.58
91259.77;-100.73
91262.70;-100.73
91265.63;-100.65
91268.55;-100.65
91271.48;-100.65
91274.41;-100.50
91277.34;-100.65
91280.27;-100.73
91283.20;-100.89
91286.13;-100.97
91289.06;-100.89
91291.99;-100.97
91294.92;-100.89
91297.85;-100.81
91300.78;-100.81
91303.71;-100.89
91306.64;-100.97
91309.57;-100.97
91312.50;-100.81
91315.43;-100.89
91318.36;-100.58
91321.29;-100.65
91324.22;-100.42
91327.15;-100.65
91330.08;-100.81
91333.01;-100.97
91335.94;-100.81
91338.87;-100.58
91341.80;-100.50
91344.73;-100.65
91347.66;-100.89
91350.59;-100.65
91353.52;-100.97
91356.45;-100.89
91359.38;-100.97
91362.30;-100.73
91365.23;-100.81
91368.16;-100.58
91371.09;-100.89
91374.02;-100.89
91376.95;-100.65
91379.88;-100.42
91382.81;-100.58
91385.74;-100.97
91388.67;-100.73
91391.60;-100.42
91394.53;-100.58
91397.46;-100.81
91400.39;-100.81
91403.32;-100.65
91406.25;-100.42
91409.18;-100.73
91412.11;-100.81
91415.04;-101.12
91417.97;-101.05
91420.90;-100.73
91423.83;-100.81
91426.76;-100.89
91429.69;-100.81
91432.62;-100.97
91435.55;-100.81
91438.48;-100.89
91441.41;-100.73
91444.34;-100.89
91447.27;-100.89
91450.20;-100.73
91453.13;-100.81
91456.05;-101.05
91458.98;-100.73
91461.91;-100.65
91464.84;-100.50
91467.77;-100.89
91470.70;-100.81
91473.63;-100.65
91476.56;-100.42
91479.49;-100.65
91482.42;-100.65
91485.35;-100.73
91488.28;-100.58
91491.21;-100.50
91494.14;-100.50
91497.07;-100.73
91500.00;-100.89
91502.93;-101.12
91505.86;-100.81
91508.79;-100.81
91511.72;-100.97
91514.65;-100.89
91517.58;-100.89
91520.51;-100.81
91523.44;-100.81
91526.37;-100.65
91529.30;-100.65
91532.23;-100.73
91535.16;-100.97
91538.09;-100.81
91541.02;-100.42
91543.95;-100.58
91546.88;-100.73
91549.80;-100.65
91552.73;-100.50
91555.66;-100.58
91558.59;-100.58
91561.52;-100.65
91564.45;-100.81
91567.38;-100.58
91570.31;-100.50
91573.24;-100.89
91576.17;-100.58
91579.10;-100.50
91582.03;-100.58
91584.96;-100.73
91587.89;-100.65
91590.82;-100.73
91593.75;-100.97
91596.68;-100.73
91599.61;-100.58
91602.54;-100.65
91605.47;-100.58
91608.40;-100.89
91611.33;-101.05
91614.26;-100.73
91617.19;-100.65
91620.12;-100.73
91623.05;-100.89
91625.98;-100.65
91628.91;-100.81
91631.84;-100.89
91634.77;-100.65
91637.70;-100.73
91640.63;-100.58
91643.55;-100.65
91646.48;-100.58
91649.41;-100.73
91652.34;-100.89
91655.27;-101.05
91658.20;-100.65
91661.13;-100.65
91664.06;-100.89
91666.99;-100.89
91669.92;-100.89
91672.85;-100.89
91675.78;-100.73
91678.71;-100.81
91681.64;-100.89
91684.57;-100.89
91687.50;-100.65
91690.43;-100.73
91693.36;-100.73
91696.29;-100.73
91699.22;-100.81
91702.15;-100.65
91705.08;-100.65
91708.01;-100.81
91710.94;-101.12
91713.87;-100.89
91716.80;-100.65
91719.73;-100.58
91722.66;-100.65
91725.59;-100.58
91728.52;-100.81
91731.45;-100.97
91734.38;-101.05
91737.30;-100.73
91740.23;-100.50
91743.16;-100.58
91746.09;-100.65
91749.02;-100.50
91751.95;-100.65
91754.88;-101.05
91757.81;-100.81
91760.74;-100.58
91763.67;-100.81
91766.60;-100.89
91769.53;-100.97
91772.46;-100.81
91775.39;-100.73
91778.32;-100.81
91781.25;-100.50
91784.18;-100.58
91787.11;-100.42
91790.04;-100.73
91792.97;-100.81
91795.90;-100.34
91798.83;-100.34
91801.76;-100.50
91804.69;-100.65
91807.62;-100.97
91810.55;-100.97
91813.48;-101.12
91816.41;-100.73
91819.34;-100.50
91822.27;-100.50
91825.20;-100.58
91828.13;-100.81
91831.05;-100.81
91833.98;-100.65
91836.91;-100.58
91839.84;-100.73
91842.77;-100.81
91845.70;-100.81
91848.63;-100.81
91851.56;-100.42
91854.49;-100.81
91857.42;-100.81
91860.35;-100.89
91863.28;-101.05
91866.21;-100.65
91869.14;-100.73
91872.07;-100.73
91875.00;-100.58
91877.93;-100.73
91880.86;-100.89
91883.79;-100.89
91886.72;-100.65
91889.65;-100.58
91892.58;-100.65
91895.51;-100.81
91898.44;-100.97
91901.37;-100.65
91904.30;-100.58
91907.23;-100.65
91910.16;-100.97
91913.09;-101.05
91916.02;-100.97
91918.95;-100.89
91921.88;-100.89
91924.80;-100.73
91927.73;-100.65
91930.66;-100.73
91933.59;-100.81
91936.52;-100.81
91939.45;-100.73
91942.38;-100.81
91945.31;-101.05
91948.24;-101.20
91951.17;-101.05
91954.10;-100.73
91957.03;-100.89
91959.96;-100.97
91962.89;-101.12
91965.82;-100.65
91968.75;-100.58
91971.68;-100.58
91974.61;-100.81
91977.54;-101.12
91980.47;-100.89
91983.40;-100.97
91986.33;-100.65
91989.26;-100.73
91992.19;-100.97
91995.12;-100.89
91998.05;-100.89
92000.98;-100.81
92003.91;-100.65
92006.84;-100.89
92009.77;-100.97
92012.70;-100.81
92015.63;-100.73
92018.55;-100.81
92021.48;-100.65
92024.41;-100.42
92027.34;-100.26
92030.27;-100.50
92033.20;-100.58
92036.13;-100.58
92039.06;-100.89
92041.99;-100.89
92044.92;-100.81
92047.85;-100.65
92050.78;-100.58
92053.71;-100.65
92056.64;-100.73
92059.57;-100.97
92062.50;-100.89
92065.43;-100.89
92068.36;-100.65
92071.29;-100.58
92074.22;-100.89
92077.15;-100.89
92080.08;-100.65
92083.01;-100.42
92085.94;-100.50
92088.87;-100.58
92091.80;-100.65
92094.73;-100.97
92097.66;-100.81
92100.59;-100.89
92103.52;-100.89
92106.45;-100.81
92109.38;-100.97
92112.30;-100.97
92115.23;-100.58
92118.16;-100.81
92121.09;-100.73
92124.02;-100.89
92126.95;-100.89
92129.88;-100.73
92132.81;-100.89
92135.74;-100.65
92138.67;-100.65
92141.60;-100.73
92144.53;-100.65
92147.46;-100.65
92150.39;-100.81
92153.32;-100.89
92156.25;-100.81
92159.18;-100.89
92162.11;-100.50
92165.04;-100.58
92167.97;-100.81
92170.90;-101.12
92173.83;-101.28
92176.76;-101.05
92179.69;-100.81
92182.62;-100.81
92185.55;-100.65
92188.48;-100.42
92191.41;-100.58
92194.34;-100.81
92197.27;-101.05
92200.20;-101.12
92203.13;-101.05
92206.05;-100.97
92208.98;-100.50
92211.91;-100.81
92214.84;-100.58
92217.77;-100.65
92220.70;-100.73
92223.63;-100.42
92226.56;-100.81
92229.49;-100.81
92232.42;-100.81
92235.35;-100.81
92238.28;-100.81
92241.21;-100.65
92244.14;-100.50
92247.07;-100.97
92250.00;-100.89
92252.93;-100.73
92255.86;-100.73
92258.79;-100.89
92261.72;-100.89
92264.65;-100.81
92267.58;-100.65
92270.51;-100.65
92273.44;-100.65
92276.37;-100.81
92279.30;-100.58
92282.23;-100.65
92285.16;-100.65
92288.09;-100.73
92291.02;-100.97
92293.95;-101.05
92296.88;-100.97
92299.80;-100.81
92302.73;-100.81
92305.66;-100.89
92308.59;-101.12
92311.52;-100.89
92314.45;-100.73
92317.38;-100.89
92320.31;-100.89
92323.24;-100.97
92326.17;-100.89
92329.10;-100.58
92332.03;-100.65
92334.96;-100.97
92337.89;-100.81
92340.82;-100.58
92343.75;-100.50
92346.68;-100.65
92349.61;-100.73
92352.54;-100.73
92355.47;-100.42
92358.40;-100.58
92361.33;-100.65
92364.26;-100.65
92367.19;-100.34
92370.12;-100.34
92373.05;-100.65
92375.98;-100.50
92378.91;-100.73
92381.84;-101.05
92384.77;-100.81
92387.70;-100.58
92390.63;-100.42
92393.55;-100.42
92396.48;-100.73
92399.41;-100.89
92402.34;-100.81
92405.27;-100.81
92408.20;-100.73
92411.13;-100.73
92414.06;-100.65
92416.99;-100.65
92419.92;-100.73
92422.85;-100.89
92425.78;-100.89
92428.71;-100.97
92431.64;-100.89
92434.57;-101.05
92437.50;-100.58
92440.43;-100.58
92443.36;-100.81
92446.29;-100.89
92449.22;-100.65
92452.15;-100.58
92455.08;-100.81
92458.01;-100.81
92460.94;-100.73
92463.87;-100.81
92466.80;-100.81
92469.73;-100.89
92472.66;-100.58
92475.59;-100.81
92478.52;-100.58
92481.45;-100.42
92484.38;-100.50
92487.30;-100.89
92490.23;-101.05
92493.16;-100.81
92496.09;-100.65
92499.02;-101.12
92501.95;-101.20
92504.88;-100.89
92507.81;-100.81
92510.74;-100.97
92513.67;-100.81
92516.60;-100.50
92519.53;-100.58
92522.46;-100.73
92525.39;-100.89
92528.32;-101.12
92531.25;-101.12
92534.18;-101.05
92537.11;-100.97
92540.04;-100.73
92542.97;-100.42
92545.90;-100.50
92548.83;-100.73
92551.76;-100.81
92554.69;-100.89
92557.62;-101.05
92560.55;-101.05
92563.48;-100.50
92566.41;-100.50
92569.34;-100.73
92572.27;-101.05
92575.20;-101.20
92578.13;-100.97
92581.05;-100.50
92583.98;-100.34
92586.91;-100.42
92589.84;-100.50
92592.77;-100.89
92595.70;-100.81
92598.63;-100.89
92601.56;-100.50
92604.49;-100.50
92607.42;-100.73
92610.35;-100.89
92613.28;-100.89
92616.21;-100.97
92619.14;-100.97
92622.07;-100.81
92625.00;-100.73
92627.93;-100.81
92630.86;-100.81
92633.79;-100.73
92636.72;-100.81
92639.65;-100.58
92642.58;-100.58
92645.51;-100.73
92648.44;-100.81
92651.37;-100.65
92654.30;-100.65
92657.23;-100.73
92660.16;-100.58
92663.09;-100.58
92666.02;-100.89
92668.95;-100.89
92671.88;-100.65
92674.80;-100.58
92677.73;-100.58
92680.66;-100.58
92683.59;-100.73
92686.52;-100.97
92689.45;-100.97
92692.38;-100.73
92695.31;-100.89
92698.24;-100.73
92701.17;-100.89
92704.10;-100.97
92707.03;-100.73
92709.96;-100.65
92712.89;-100.73
92715.82;-100.89
92718.75;-101.05
92721.68;-100.89
92724.61;-100.89
92727.54;-100.65
92730.47;-100.65
92733.40;-100.73
92736.33;-100.89
92739.26;-100.34
92742.19;-100.34
92745.12;-100.73
92748.05;-100.81
92750.98;-100.58
92753.91;-100.73
92756.84;-101.12
92759.77;-100.89
92762.70;-100.50
92765.63;-100.58
92768.55;-100.73
92771.48;-101.12
92774.41;-100.81
92777.34;-100.73
92780.27;-100.73
92783.20;-100.89
92786.13;-100.89
92789.06;-100.73
92791.99;-100.65
92794.92;-100.81
92797.85;-100.73
92800.78;-101.05
92803.71;-101.12
92806.64;-100.73
92809.57;-100.81
92812.50;-100.81
92815.43;-100.73
92818.36;-100.58
92821.29;-100.65
92824.22;-100.73
92827.15;-100.65
92830.08;-100.81
92833.01;-100.81
92835.94;-100.73
92838.87;-100.73
92841.80;-100.65
92844.73;-100.65
92847.66;-100.65
92850.59;-100.65
92853.52;-100.50
92856.45;-100.58
92859.38;-100.73
92862.30;-100.97
92865.23;-100.89
92868.16;-100.73
92871.09;-100.65
92874.02;-100.73
92876.95;-100.65
92879.88;-100.73
92882.81;-100.81
92885.74;-100.97
92888.67;-101.12
92891.60;-100.89
92894.53;-101.05
92897.46;-100.97
92900.39;-100.89
92903.32;-100.73
92906.25;-100.73
92909.18;-100.58
92912.11;-100.65
92915.04;-100.73
92917.97;-100.73
92920.90;-100.73
92923.83;-100.73
92926.76;-100.65
92929.69;-100.50
92932.62;-100.81
92935.55;-100.81
92938.48;-100.65
92941.41;-100.73
92944.34;-100.81
92947.27;-100.65
92950.20;-100.81
92953.13;-101.05
92956.05;-100.81
92958.98;-100.73
92961.91;-100.73
92964.84;-100.89
92967.77;-100.97
92970.70;-101.12
92973.63;-100.81
92976.56;-100.65
92979.49;-100.58
92982.42;-100.65
92985.35;-100.65
92988.28;-100.97
92991.21;-100.73
92994.14;-100.81
92997.07;-100.73
93000.00;-100.73
93002.93;-100.89
93005.86;-100.81
93008.79;-100.65
93011.72;-100.50
93014.65;-100.73
93017.58;-100.89
93020.51;-100.65
93023.44;-100.50
93026.37;-100.65
93029.30;-100.65
93032.23;-100.97
93035.16;-101.05
93038.09;-100.65
93041.02;-100.58
93043.95;-100.81
93046.88;-100.50
93049.80;-100.50
93052.73;-100.81
93055.66;-101.05
93058.59;-100.89
93061.52;-100.65
93064.45;-100.50
93067.38;-100.50
93070.31;-100.73
93073.24;-100.73
93076.17;-100.89
93079.10;-100.73
93082.03;-100.34
93084.96;-100.50
93087.89;-100.73
93090.82;-100.81
93093.75;-100.97
93096.68;-100.65
93099.61;-100.81
93102.54;-100.89
93105.47;-100.89
93108.40;-100.81
93111.33;-100.81
93114.26;-100.58
93117.19;-100.65
93120.12;-100.73
93123.05;-100.73
93125.98;-101.12
93128.91;-100.97
93131.84;-100.73
93134.77;-100.89
93137.70;-100.81
93140.63;-100.73
93143.55;-100.65
93146.48;-100.81
93149.41;-100.81
93152.34;-100.58
93155.27;-100.58
93158.20;-100.73
93161.13;-100.65
93164.06;-100.42
93166.99;-100.50
93169.92;-100.65
93172.85;-100.97
93175.78;-101.51
93178.71;-101.20
93181.64;-100.89
93184.57;-100.81
93187.50;-100.73
93190.43;-100.81
93193.36;-100.81
93196.29;-100.65
93199.22;-100.81
93202.15;-100.97
93205.08;-100.81
93208.01;-100.73
93210.94;-100.50
93213.87;-100.73
93216.80;-100.81
93219.73;-100.65
93222.66;-100.89
93225.59;-100.97
93228.52;-101.05
93231.45;-100.73
93234.38;-100.50
93237.30;-100.58
93240.23;-100.73
93243.16;-100.81
93246.09;-100.73
93249.02;-100.73
93251.95;-100.89
93254.88;-100.89
93257.81;-100.89
93260.74;-100.73
93263.67;-100.58
93266.60;-100.97
93269.53;-100.89
93272.46;-100.65
93275.39;-100.58
93278.32;-100.81
93281.25;-100.73
93284.18;-100.81
93287.11;-100.81
93290.04;-100.81
93292.97;-100.73
93295.90;-100.58
93298.83;-100.89
93301.76;-100.89
93304.69;-100.89
93307.62;-100.73
93310.55;-100.89
93313.48;-101.28
93316.41;-100.97
93319.34;-100.89
93322.27;-100.73
93325.20;-100.81
93328.13;-100.89
93331.05;-100.65
93333.98;-100.50
93336.91;-100.50
93339.84;-100.81
93342.77;-100.65
93345.70;-100.50
93348.63;-100.34
93351.56;-100.65
93354.49;-100.89
93357.42;-100.73
93360.35;-100.89
93363.28;-100.89
93366.21;-100.58
93369.14;-100.58
93372.07;-100.58
93375.00;-100.65
93377.93;-100.58
93380.86;-100.65
93383.79;-100.58
93386.72;-100.73
93389.65;-100.73
93392.58;-100.81
93395.51;-100.73
93398.44;-100.73
93401.37;-100.65
93404.30;-100.73
93407.23;-100.97
93410.16;-101.05
93413.09;-100.89
93416.02;-100.97
93418.95;-101.20
93421.88;-100.89
93424.80;-100.73
93427.73;-100.73
93430.66;-100.81
93433.59;-100.89
93436.52;-100.73
93439.45;-100.73
93442.38;-100.73
93445.31;-100.73
93448.24;-100.42
93451.17;-100.50
93454.10;-100.58
93457.03;-100.89
93459.96;-101.20
93462.89;-101.12
93465.82;-100.89
93468.75;-100.73
93471.68;-100.73
93474.61;-100.97
93477.54;-101.05
93480.47;-101.05
93483.40;-101.05
93486.33;-100.97
93489.26;-100.89
93492.19;-100.81
93495.12;-100.73
93498.05;-100.58
93500.98;-100.97
93503.91;-100.81
93506.84;-100.65
93509.77;-100.73
93512.70;-100.73
93515.63;-100.58
93518.55;-100.73
93521.48;-100.89
93524.41;-100.89
93527.34;-100.89
93530.27;-100.97
93533.20;-100.89
93536.13;-100.89
93539.06;-100.81
93541.99;-100.89
93544.92;-100.81
93547.85;-100.65
93550.78;-100.50
93553.71;-100.73
93556.64;-100.89
93559.57;-101.05
93562.50;-100.97
93565.43;-100.81
93568.36;-100.81
93571.29;-101.05
93574.22;-101.05
93577.15;-100.73
93580.08;-100.65
93583.01;-100.73
93585.94;-100.73
93588.87;-100.89
93591.80;-100.81
93594.73;-100.81
93597.66;-100.81
93600.59;-100.89
93603.52;-100.73
93606.45;-100.89
93609.38;-100.89
93612.30;-100.89
93615.23;-100.81
93618.16;-100.50
93621.09;-100.58
93624.02;-100.65
93626.95;-100.65
93629.88;-100.97
93632.81;-100.97
93635.74;-100.81
93638.67;-100.89
93641.60;-100.89
93644.53;-101.05
93647.46;-100.81
93650.39;-100.73
93653.32;-101.12
93656.25;-101.12
93659.18;-100.81
93662.11;-100.81
93665.04;-100.81
93667.97;-100.89
93670.90;-100.89
93673.83;-100.81
93676.76;-100.97
93679.69;-100.81
93682.62;-100.73
93685.55;-100.73
93688.48;-100.97
93691.41;-100.89
93694.34;-100.89
93697.27;-100.89
93700.20;-100.58
93703.13;-100.73
93706.05;-100.81
93708.98;-100.65
93711.91;-100.50
93714.84;-100.73
93717.77;-101.05
93720.70;-100.97
93723.63;-100.97
93726.56;-100.97
93729.49;-100.73
93732.42;-100.58
93735.35;-100.81
93738.28;-100.89
93741.21;-100.81
93744.14;-100.81
93747.07;-100.65
93750.00;-100.50
93752.93;-100.73
93755.86;-100.58
93758.79;-100.58
93761.72;-100.73
93764.65;-100.89
93767.58;-100.97
93770.51;-100.89
93773.44;-100.65
93776.37;-100.42
93779.30;-100.58
93782.23;-100.50
93785.16;-100.73
93788.09;-101.05
93791.02;-100.73
93793.95;-100.58
93796.88;-100.73
93799.80;-100.73
93802.73;-100.89
93805.66;-100.73
93808.59;-100.89
93811.52;-100.81
93814.45;-100.65
93817.38;-100.50
93820.31;-100.65
93823.24;-100.81
93826.17;-100.89
93829.10;-100.81
93832.03;-100.73
93834.96;-100.81
93837.89;-100.81
93840.82;-100.89
93843.75;-100.65
93846.68;-100.73
93849.61;-100.65
93852.54;-100.65
93855.47;-100.97
93858.40;-101.05
93861.33;-100.89
93864.26;-100.81
93867.19;-100.89
93870.12;-100.89
93873.05;-100.65
93875.98;-100.81
93878.91;-100.73
93881.84;-101.12
93884.77;-101.20
93887.70;-101.12
93890.63;-100.81
93893.55;-100.81
93896.48;-101.05
93899.41;-101.05
93902.34;-100.97
93905.27;-100.89
93908.20;-100.97
93911.13;-101.05
93914.06;-100.58
93916.99;-100.65
93919.92;-100.73
93922.85;-100.81
93925.78;-100.81
93928.71;-100.81
93931.64;-100.97
93934.57;-100.81
93937.50;-100.81
93940.43;-100.97
93943.36;-101.05
93946.29;-101.12
93949.22;-101.12
93952.15;-100.89
93955.08;-100.81
93958.01;-101.12
93960.94;-101.05
93963.87;-100.81
93966.80;-101.05
93969.73;-100.97
93972.66;-100.89
93975.59;-100.65
93978.52;-100.73
93981.45;-100.97
93984.38;-100.89
93987.30;-100.89
93990.23;-100.97
93993.16;-100.89
93996.09;-100.97
93999.02;-100.89
94001.95;-100.65
94004.88;-100.58
94007.81;-100.73
94010.74;-100.89
94013.67;-100.73
94016.60;-100.65
94019.53;-100.97
94022.46;-101.12
94025.39;-101.28
94028.32;-100.97
94031.25;-100.81
94034.18;-100.89
94037.11;-100.65
94040.04;-100.73
94042.97;-100.89
94045.90;-100.81
94048.83;-100.50
94051.76;-100.89
94054.69;-101.12
94057.62;-100.73
94060.55;-100.73
94063.48;-100.81
94066.41;-100.89
94069.34;-100.81
94072.27;-100.97
94075.20;-100.65
94078.13;-100.65
94081.05;-100.89
94083.98;-100.73
94086.91;-100.97
94089.84;-100.97
94092.77;-100.89
94095.70;-100.89
94098.63;-100.89
94101.56;-100.73
94104.49;-100.65
94107.42;-100.81
94110.35;-100.58
94113.28;-100.65
94116.21;-100.97
94119.14;-100.97
94122.07;-100.81
94125.00;-100.58
94127.93;-100.81
94130.86;-100.89
94133.79;-100.89
94136.72;-101.05
94139.65;-100.97
94142.58;-100.81
94145.51;-100.89
94148.44;-100.89
94151.37;-100.81
94154.30;-100.81
94157.23;-100.65
94160.16;-100.73
94163.09;-100.81
94166.02;-100.81
94168.95;-100.81
94171.88;-100.97
94174.80;-100.89
94177.73;-100.73
94180.66;-100.65
94183.59;-100.50
94186.52;-100.73
94189.45;-100.89
94192.38;-100.65
94195.31;-100.65
94198.24;-100.89
94201.17;-100.97
94204.10;-100.73
94207.03;-100.65
94209.96;-100.73
94212.89;-100.81
94215.82;-100.58
94218.75;-100.73
94221.68;-100.89
94224.61;-101.20
94227.54;-100.97
94230.47;-100.50
94233.40;-100.58
94236.33;-100.81
94239.26;-100.89
94242.19;-100.97
94245.12;-100.81
94248.05;-100.81
94250.98;-100.97
94253.91;-100.97
94256.84;-100.97
94259.77;-100.58
94262.70;-100.81
94265.63;-100.89
94268.55;-100.81
94271.48;-100.89
94274.41;-100.73
94277.34;-100.89
94280.27;-101.12
94283.20;-100.89
94286.13;-100.81
94289.06;-100.73
94291.99;-100.65
94294.92;-100.65
94297.85;-100.58
94300.78;-100.50
94303.71;-100.89
94306.64;-100.58
94309.57;-100.89
94312.50;-100.81
94315.43;-100.65
94318.36;-100.58
94321.29;-100.73
94324.22;-100.97
94327.15;-100.89
94330.08;-100.73
94333.01;-100.73
94335.94;-100.81
94338.87;-100.73
94341.80;-100.81
94344.73;-101.05
94347.66;-101.05
94350.59;-100.81
94353.52;-100.73
94356.45;-101.05
94359.38;-101.05
94362.30;-100.81
94365.23;-100.65
94368.16;-100.50
94371.09;-100.73
94374.02;-100.73
94376.95;-100.50
94379.88;-100.50
94382.81;-100.97
94385.74;-101.12
94388.67;-100.81
94391.60;-100.73
94394.53;-100.89
94397.46;-100.89
94400.39;-101.28
94403.32;-101.05
94406.25;-100.81
94409.18;-100.65
94412.11;-100.65
94415.04;-100.97
94417.97;-101.20
94420.90;-101.28
94423.83;-100.97
94426.76;-101.05
94429.69;-100.97
94432.62;-100.89
94435.55;-100.97
94438.48;-100.89
94441.41;-101.05
94444.34;-100.89
94447.27;-100.97
94450.20;-100.81
94453.13;-100.65
94456.05;-100.58
94458.98;-100.97
94461.91;-100.97
94464.84;-101.05
94467.77;-100.81
94470.70;-100.65
94473.63;-100.81
94476.56;-100.73
94479.49;-100.73
94482.42;-100.65
94485.35;-100.65
94488.28;-100.65
94491.21;-100.81
94494.14;-100.73
94497.07;-100.89
94500.00;-100.81
94502.93;-100.65
94505.86;-100.89
94508.79;-101.05
94511.72;-100.89
94514.65;-100.65
94517.58;-100.58
94520.51;-100.97
94523.44;-100.73
94526.37;-100.50
94529.30;-100.65
94532.23;-100.50
94535.16;-100.73
94538.09;-100.73
94541.02;-100.97
94543.95;-100.97
94546.88;-100.81
94549.80;-100.81
94552.73;-100.81
94555.66;-100.89
94558.59;-100.97
94561.52;-100.81
94564.45;-100.73
94567.38;-100.50
94570.31;-100.65
94573.24;-100.73
94576.17;-100.97
94579.10;-101.05
94582.03;-100.89
94584.96;-100.73
94587.89;-100.65
94590.82;-100.58
94593.75;-100.58
94596.68;-100.65
94599.61;-100.81
94602.54;-100.89
94605.47;-100.89
94608.40;-100.89
94611.33;-100.97
94614.26;-100.89
94617.19;-100.89
94620.12;-100.73
94623.05;-100.89
94625.98;-101.12
94628.91;-100.97
94631.84;-100.65
94634.77;-100.97
94637.70;-101.12
94640.63;-101.44
94643.55;-101.20
94646.48;-101.12
94649.41;-101.05
94652.34;-100.89
94655.27;-100.81
94658.20;-101.12
94661.13;-100.89
94664.06;-100.65
94666.99;-100.97
94669.92;-100.97
94672.85;-100.97
94675.78;-100.81
94678.71;-100.73
94681.64;-100.65
94684.57;-100.89
94687.50;-100.81
94690.43;-100.97
94693.36;-101.12
94696.29;-100.89
94699.22;-100.81
94702.15;-100.89
94705.08;-100.73
94708.01;-100.65
94710.94;-100.73
94713.87;-100.50
94716.80;-100.81
94719.73;-100.89
94722.66;-100.73
94725.59;-100.58
94728.52;-100.89
94731.45;-100.58
94734.38;-100.81
94737.30;-100.89
94740.23;-101.05
94743.16;-100.97
94746.09;-100.89
94749.02;-100.97
94751.95;-100.73
94754.88;-100.89
94757.81;-100.81
94760.74;-100.81
94763.67;-100.81
94766.60;-100.97
94769.53;-100.73
94772.46;-100.89
94775.39;-100.81
94778.32;-100.65
94781.25;-100.81
94784.18;-100.89
94787.11;-100.65
94790.04;-100.89
94792.97;-100.89
94795.90;-100.73
94798.83;-101.12
94801.76;-100.97
94804.69;-100.73
94807.62;-100.65
94810.55;-100.50
94813.48;-100.81
94816.41;-100.97
94819.34;-100.89
94822.27;-101.05
94825.20;-101.05
94828.13;-101.05
94831.05;-100.81
94833.98;-100.81
94836.91;-100.81
94839.84;-100.81
94842.77;-101.20
94845.70;-101.36
94848.63;-101.20
94851.56;-100.89
94854.49;-100.65
94857.42;-100.65
94860.35;-100.81
94863.28;-100.97
94866.21;-100.97
94869.14;-100.97
94872.07;-101.05
94875.00;-100.81
94877.93;-100.65
94880.86;-100.50
94883.79;-100.89
94886.72;-101.05
94889.65;-100.97
94892.58;-100.81
94895.51;-100.97
94898.44;-101.12
94901.37;-100.81
94904.30;-100.65
94907.23;-100.81
94910.16;-100.89
94913.09;-100.73
94916.02;-100.89
94918.95;-100.89
94921.88;-100.81
94924.80;-101.05
94927.73;-101.12
94930.66;-100.81
94933.59;-100.73
94936.52;-100.97
94939.45;-100.81
94942.38;-100.89
94945.31;-100.58
94948.24;-100.73
94951.17;-100.73
94954.10;-100.65
94957.03;-100.81
94959.96;-100.65
94962.89;-100.58
94965.82;-100.73
94968.75;-100.73
94971.68;-100.73
94974.61;-100.81
94977.54;-100.65
94980.47;-100.65
94983.40;-100.89
94986.33;-100.89
94989.26;-100.97
94992.19;-100.97
94995.12;-100.97
94998.05;-100.97
95000.98;-100.81
95003.91;-100.81
95006.84;-100.89
95009.77;-101.12
95012.70;-101.05
95015.63;-100.97
95018.55;-100.58
95021.48;-100.65
95024.41;-100.50
95027.34;-100.73
95030.27;-100.97
95033.20;-100.89
95036.13;-100.58
95039.06;-100.58
95041.99;-100.81
95044.92;-100.65
95047.85;-100.81
95050.78;-100.81
95053.71;-100.81
95056.64;-101.05
95059.57;-100.81
95062.50;-100.65
95065.43;-100.81
95068.36;-100.81
95071.29;-101.12
95074.22;-100.97
95077.15;-100.97
95080.08;-100.97
95083.01;-101.20
95085.94;-101.12
95088.87;-100.73
95091.80;-100.81
95094.73;-100.89
95097.66;-100.97
95100.59;-100.73
95103.52;-100.42
95106.45;-100.58
95109.38;-100.81
95112.30;-100.89
95115.23;-101.05
95118.16;-100.81
95121.09;-100.73
95124.02;-100.89
95126.95;-100.89
95129.88;-100.81
95132.81;-101.12
95135.74;-101.05
95138.67;-100.89
95141.60;-101.12
95144.53;-101.05
95147.46;-100.89
95150.39;-101.05
95153.32;-100.97
95156.25;-100.65
95159.18;-100.58
95162.11;-100.58
95165.04;-100.97
95167.97;-101.05
95170.90;-100.73
95173.83;-100.89
95176.76;-101.12
95179.69;-100.73
95182.62;-100.73
95185.55;-101.05
95188.48;-100.97
95191.41;-100.81
95194.34;-100.97
95197.27;-100.89
95200.20;-100.97
95203.13;-100.97
95206.05;-100.97
95208.98;-100.73
95211.91;-100.81
95214.84;-100.81
95217.77;-100.58
95220.70;-100.65
95223.63;-100.65
95226.56;-100.50
95229.49;-100.65
95232.42;-100.89
95235.35;-101.05
95238.28;-100.97
95241.21;-100.65
95244.14;-100.73
95247.07;-100.81
95250.00;-100.97
95252.93;-100.81
95255.86;-100.73
95258.79;-100.73
95261.72;-100.89
95264.65;-100.81
95267.58;-100.73
95270.51;-100.73
95273.44;-100.97
95276.37;-101.12
95279.30;-100.89
95282.23;-100.73
95285.16;-100.65
95288.09;-100.81
95291.02;-100.81
95293.95;-100.97
95296.88;-100.97
95299.80;-101.05
95302.73;-100.73
95305.66;-100.89
95308.59;-100.81
95311.52;-100.89
95314.45;-100.89
95317.38;-100.89
95320.31;-100.81
95323.24;-100.58
95326.17;-100.73
95329.10;-100.89
95332.03;-100.97
95334.96;-101.20
95337.89;-101.05
95340.82;-100.97
95343.75;-101.05
95346.68;-100.81
95349.61;-100.73
95352.54;-100.73
95355.47;-100.97
95358.40;-101.05
95361.33;-101.05
95364.26;-100.81
95367.19;-100.65
95370.12;-100.89
95373.05;-100.97
95375.98;-101.20
95378.91;-101.05
95381.84;-100.81
95384.77;-101.05
95387.70;-100.81
95390.63;-100.65
95393.55;-100.65
95396.48;-100.81
95399.41;-101.05
95402.34;-101.05
95405.27;-100.89
95408.20;-100.89
95411.13;-100.81
95414.06;-101.05
95416.99;-100.89
95419.92;-100.81
95422.85;-100.73
95425.78;-100.58
95428.71;-100.73
95431.64;-100.81
95434.57;-100.81
95437.50;-101.05
95440.43;-100.89
95443.36;-100.81
95446.29;-100.89
95449.22;-100.73
95452.15;-100.89
95455.08;-100.81
95458.01;-100.89
95460.94;-101.12
95463.87;-100.73
95466.80;-100.81
95469.73;-100.81
95472.66;-100.81
95475.59;-100.89
95478.52;-100.65
95481.45;-100.65
95484.38;-100.73
95487.30;-100.89
95490.23;-100.65
95493.16;-100.73
95496.09;-100.81
95499.02;-100.65
95501.95;-100.65
95504.88;-100.73
95507.81;-100.81
95510.74;-100.89
95513.67;-101.05
95516.60;-100.97
95519.53;-101.12
95522.46;-100.81
95525.39;-100.73
95528.32;-100.81
95531.25;-100.81
95534.18;-100.89
95537.11;-100.65
95540.04;-100.89
95542.97;-100.89
95545.90;-100.81
95548.83;-100.73
95551.76;-100.89
95554.69;-101.12
95557.62;-100.89
95560.55;-100.81
95563.48;-100.81
95566.41;-100.89
95569.34;-101.05
95572.27;-100.73
95575.20;-101.05
95578.13;-100.81
95581.05;-100.58
95583.98;-100.73
95586.91;-100.65
95589.84;-100.58
95592.77;-100.89
95595.70;-100.97
95598.63;-100.89
95601.56;-101.12
95604.49;-100.89
95607.42;-100.97
95610.35;-101.20
95613.28;-100.97
95616.21;-100.89
95619.14;-100.97
95622.07;-100.73
95625.00;-100.65
95627.93;-100.73
95630.86;-100.97
95633.79;-100.97
95636.72;-100.81
95639.65;-100.81
95642.58;-100.81
95645.51;-100.89
95648.44;-100.73
95651.37;-100.81
95654.30;-100.97
95657.23;-100.97
95660.16;-100.73
95663.09;-100.65
95666.02;-100.73
95668.95;-100.89
95671.88;-100.97
95674.80;-100.73
95677.73;-100.65
95680.66;-100.81
95683.59;-100.97
95686.52;-100.97
95689.45;-100.89
95692.38;-100.81
95695.31;-100.73
95698.24;-100.81
95701.17;-101.12
95704.10;-100.97
95707.03;-100.89
95709.96;-100.81
95712.89;-100.73
95715.82;-100.97
95718.75;-100.81
95721.68;-100.81
95724.61;-100.81
95727.54;-100.73
95730.47;-100.65
95733.40;-100.97
95736.33;-101.12
95739.26;-101.20
95742.19;-101.12
95745.12;-101.05
95748.05;-101.20
95750.98;-101.28
95753.91;-100.89
95756.84;-100.89
95759.77;-101.36
95762.70;-100.97
95765.63;-100.97
95768.55;-100.89
95771.48;-100.97
95774.41;-100.65
95777.34;-100.81
95780.27;-100.81
95783.20;-100.73
95786.13;-101.05
95789.06;-101.05
95791.99;-100.73
95794.92;-100.58
95797.85;-100.81
95800.78;-100.97
95803.71;-100.89
95806.64;-100.81
95809.57;-100.97
95812.50;-100.81
95815.43;-100.81
95818.36;-101.12
95821.29;-101.05
95824.22;-100.73
95827.15;-100.97
95830.08;-101.20
95833.01;-100.89
95835.94;-100.50
95838.87;-100.65
95841.80;-100.65
95844.73;-100.58
95847.66;-100.81
95850.59;-100.73
95853.52;-101.05
95856.45;-101.12
95859.38;-100.81
95862.30;-100.50
95865.23;-101.05
95868.16;-101.05
95871.09;-100.97
95874.02;-100.89
95876.95;-100.73
95879.88;-101.12
95882.81;-101.20
95885.74;-100.89
95888.67;-100.73
95891.60;-100.81
95894.53;-100.89
95897.46;-100.73
95900.39;-100.73
95903.32;-101.05
95906.25;-100.97
95909.18;-100.97
95912.11;-100.97
95915.04;-100.89
95917.97;-101.05
95920.90;-101.05
95923.83;-100.65
95926.76;-100.81
95929.69;-100.97
95932.62;-100.97
95935.55;-100.81
95938.48;-100.81
95941.41;-100.73
95944.34;-100.89
95947.27;-100.97
95950.20;-100.97
95953.13;-100.97
95956.05;-100.97
95958.98;-100.89
95961.91;-100.89
95964.84;-100.81
95967.77;-101.12
95970.70;-101.12
95973.63;-100.81
95976.56;-100.58
95979.49;-100.97
95982.42;-100.81
95985.35;-100.73
95988.28;-100.89
95991.21;-100.81
95994.14;-100.89
95997.07;-101.05
96000.00;-101.75
