Frequency (Hz);Power (dB);192000.0000;65536;2;120.8906;0;L+R
0.00;-55.80
2.93;-51.03
5.86;-48.84
8.79;-48.45
11.72;-48.38
14.65;-48.14
17.58;-47.67
20.51;-47.59
23.44;-47.99
26.37;-48.14
29.30;-47.99
32.23;-47.75
35.16;-47.75
38.09;-47.83
41.02;-48.06
43.95;-47.75
46.88;-47.75
49.80;-47.59
52.73;-47.83
55.66;-47.67
58.59;-47.67
61.52;-47.99
64.45;-48.06
67.38;-47.83
70.31;-47.83
73.24;-48.06
76.17;-48.14
79.10;-47.67
82.03;-47.75
84.96;-47.59
87.89;-47.59
90.82;-47.67
93.75;-47.91
96.68;-47.91
99.61;-47.91
102.54;-48.06
105.47;-48.06
108.40;-48.14
111.33;-48.38
114.26;-48.06
117.19;-47.59
120.12;-47.75
123.05;-48.06
125.98;-48.14
128.91;-48.14
131.84;-48.14
134.77;-47.91
137.70;-47.75
140.63;-47.67
143.55;-47.83
146.48;-47.91
149.41;-47.99
152.34;-47.99
155.27;-48.14
158.20;-48.30
161.13;-48.22
164.06;-48.14
166.99;-47.91
169.92;-47.75
172.85;-47.83
175.78;-47.83
178.71;-48.14
181.64;-48.45
184.57;-48.06
187.50;-48.06
190.43;-48.14
193.36;-48.22
196.29;-48.06
199.22;-48.06
202.15;-48.14
205.08;-48.53
208.01;-48.14
210.94;-48.14
213.87;-48.30
216.80;-48.06
219.73;-48.14
222.66;-47.99
225.59;-47.91
228.52;-48.14
231.45;-48.45
234.38;-48.14
237.30;-47.91
240.23;-48.06
243.16;-48.38
246.09;-48.22
249.02;-48.14
251.95;-48.06
254.88;-47.99
257.81;-47.99
260.74;-48.14
263.67;-48.30
266.60;-48.22
269.53;-47.99
272.46;-47.99
275.39;-48.14
278.32;-48.22
281.25;-48.14
284.18;-48.30
287.11;-48.53
290.04;-48.45
292.97;-48.45
295.90;-48.45
298.83;-48.30
301.76;-48.06
304.69;-47.83
307.62;-48.22
310.55;-48.38
313.48;-48.45
316.41;-48.45
319.34;-48.30
322.27;-48.45
325.20;-48.69
328.13;-48.61
331.05;-48.53
333.98;-48.14
336.91;-48.30
339.84;-48.45
342.77;-48.53
345.70;-48.30
348.63;-48.45
351.56;-48.53
354.49;-48.53
357.42;-48.30
360.35;-48.38
363.28;-48.38
366.21;-48.53
369.14;-48.61
372.07;-48.61
375.00;-48.77
377.93;-48.61
380.86;-48.38
383.79;-48.38
386.72;-48.69
389.65;-48.84
392.58;-48.84
395.51;-48.69
398.44;-48.69
401.37;-48.77
404.30;-48.84
407.23;-48.77
410.16;-48.77
413.09;-48.77
416.02;-48.61
418.95;-48.61
421.88;-48.69
424.80;-48.77
427.73;-48.84
430.66;-48.84
433.59;-48.77
436.52;-48.92
439.45;-48.69
442.38;-48.84
445.31;-49.16
448.24;-48.92
451.17;-48.92
454.10;-49.00
457.03;-49.08
459.96;-49.16
462.89;-49.08
465.82;-49.08
468.75;-49.00
471.68;-48.84
474.61;-48.69
477.54;-48.84
480.47;-49.00
483.40;-49.08
486.33;-49.24
489.26;-49.24
492.19;-49.08
495.12;-49.08
498.05;-49.24
500.98;-49.24
503.91;-49.08
506.84;-48.84
509.77;-49.08
512.70;-49.31
515.63;-49.16
518.55;-48.92
521.48;-48.77
524.41;-49.00
527.34;-49.08
530.27;-49.16
533.20;-49.31
536.13;-49.39
539.06;-49.31
541.99;-49.24
544.92;-49.24
547.85;-49.55
550.78;-49.55
553.71;-49.47
556.64;-49.39
559.57;-49.63
562.50;-49.47
565.43;-49.31
568.36;-49.47
571.29;-49.63
574.22;-49.55
577.15;-49.63
580.08;-49.70
583.01;-49.63
585.94;-49.63
588.87;-49.78
591.80;-49.70
594.73;-49.39
597.66;-49.70
600.59;-49.55
603.52;-49.63
606.45;-49.86
609.38;-49.78
612.30;-49.63
615.23;-49.63
618.16;-49.63
621.09;-49.55
624.02;-49.94
626.95;-50.10
629.88;-49.86
632.81;-49.70
635.74;-49.70
638.67;-49.78
641.60;-49.78
644.53;-50.02
647.46;-50.25
650.39;-50.17
653.32;-50.10
656.25;-50.33
659.18;-50.49
662.11;-50.25
665.04;-50.25
667.97;-50.25
670.90;-50.17
673.83;-50.25
676.76;-50.10
679.69;-50.02
682.62;-49.94
685.55;-50.02
688.48;-50.10
691.41;-50.17
694.34;-50.41
697.27;-50.56
700.20;-50.64
703.13;-50.49
706.05;-50.64
708.98;-50.56
711.91;-50.33
714.84;-50.56
717.77;-50.41
720.70;-50.10
723.63;-50.49
726.56;-50.25
729.49;-50.41
732.42;-50.49
735.35;-50.56
738.28;-50.80
741.21;-50.56
744.14;-50.64
747.07;-50.64
750.00;-50.49
752.93;-50.56
755.86;-50.72
758.79;-50.72
761.72;-50.80
764.65;-50.95
767.58;-50.88
770.51;-50.88
773.44;-50.95
776.37;-51.35
779.30;-51.27
782.23;-51.19
785.16;-51.19
788.09;-51.19
791.02;-51.27
793.95;-50.95
796.88;-51.11
799.80;-51.11
802.73;-51.03
805.66;-51.19
808.59;-51.11
811.52;-51.19
814.45;-51.27
817.38;-51.19
820.31;-51.03
823.24;-51.03
826.17;-51.03
829.10;-51.35
832.03;-51.35
834.96;-51.50
837.89;-51.35
840.82;-51.19
843.75;-51.27
846.68;-51.66
849.61;-51.58
852.54;-51.66
855.47;-51.74
858.40;-51.58
861.33;-51.58
864.26;-51.42
867.19;-51.11
870.12;-51.27
873.05;-51.58
875.98;-51.50
878.91;-51.58
881.84;-51.58
884.77;-51.74
887.70;-51.81
890.63;-51.74
893.55;-51.58
896.48;-51.81
899.41;-52.21
902.34;-52.05
905.27;-51.81
908.20;-51.81
911.13;-51.74
914.06;-51.74
916.99;-51.89
919.92;-51.89
922.85;-52.13
925.78;-52.13
928.71;-52.13
931.64;-52.05
934.57;-52.05
937.50;-52.13
940.43;-52.13
943.36;-52.05
946.29;-52.13
949.22;-52.13
952.15;-52.36
955.08;-52.21
958.01;-52.21
960.94;-52.44
963.87;-52.36
966.80;-52.36
969.73;-52.28
972.66;-52.28
975.59;-52.44
978.52;-52.67
981.45;-52.52
984.38;-52.36
987.30;-52.52
990.23;-52.44
993.16;-52.44
996.09;-52.75
999.02;-52.75
1001.95;-52.75
1004.88;-52.67
1007.81;-52.75
1010.74;-52.91
1013.67;-52.83
1016.60;-52.75
1019.53;-52.67
1022.46;-52.60
1025.39;-52.75
1028.32;-52.99
1031.25;-52.99
1034.18;-52.91
1037.11;-52.91
1040.04;-52.83
1042.97;-52.91
1045.90;-53.14
1048.83;-53.30
1051.76;-53.46
1054.69;-53.06
1057.62;-53.06
1060.55;-53.14
1063.48;-53.06
1066.41;-53.06
1069.34;-53.22
1072.27;-53.30
1075.20;-53.38
1078.13;-53.22
1081.05;-53.38
1083.98;-53.46
1086.91;-53.46
1089.84;-53.38
1092.77;-53.46
1095.70;-53.46
1098.63;-53.53
1101.56;-53.38
1104.49;-53.38
1107.42;-53.46
1110.35;-53.61
1113.28;-53.85
1116.21;-53.53
1119.14;-53.69
1122.07;-53.92
1125.00;-53.69
1127.93;-53.53
1130.86;-53.85
1133.79;-54.08
1136.72;-54.08
1139.65;-53.85
1142.58;-53.61
1145.51;-53.92
1148.44;-54.32
1151.37;-54.16
1154.30;-54.00
1157.23;-54.32
1160.16;-54.08
1163.09;-53.69
1166.02;-54.08
1168.95;-54.24
1171.88;-54.08
1174.80;-54.08
1177.73;-54.00
1180.66;-54.08
1183.59;-54.24
1186.52;-54.08
1189.45;-54.39
1192.38;-54.32
1195.31;-54.39
1198.24;-54.47
1201.17;-54.55
1204.10;-54.39
1207.03;-54.63
1209.96;-54.78
1212.89;-54.94
1215.82;-54.63
1218.75;-54.71
1221.68;-54.47
1224.61;-54.47
1227.54;-54.55
1230.47;-54.55
1233.40;-54.86
1236.33;-55.33
1239.26;-55.33
1242.19;-54.78
1245.12;-54.94
1248.05;-55.02
1250.98;-54.78
1253.91;-54.63
1256.84;-54.78
1259.77;-54.86
1262.70;-54.86
1265.63;-55.17
1268.55;-54.94
1271.48;-54.86
1274.41;-55.17
1277.34;-55.33
1280.27;-55.49
1283.20;-55.41
1286.13;-55.41
1289.06;-55.25
1291.99;-55.41
1294.92;-55.57
1297.85;-55.41
1300.78;-55.33
1303.71;-55.49
1306.64;-55.49
1309.57;-55.17
1312.50;-55.41
1315.43;-55.72
1318.36;-55.64
1321.29;-55.41
1324.22;-55.49
1327.15;-55.64
1330.08;-55.72
1333.01;-55.57
1335.94;-55.57
1338.87;-55.72
1341.80;-55.88
1344.73;-55.96
1347.66;-56.11
1350.59;-55.96
1353.52;-56.11
1356.45;-56.03
1359.38;-55.88
1362.30;-55.96
1365.23;-56.03
1368.16;-56.11
1371.09;-56.27
1374.02;-56.11
1376.95;-56.27
1379.88;-56.11
1382.81;-56.03
1385.74;-56.03
1388.67;-56.11
1391.60;-56.11
1394.53;-56.19
1397.46;-56.11
1400.39;-56.03
1403.32;-56.35
1406.25;-56.27
1409.18;-56.42
1412.11;-56.42
1415.04;-56.19
1417.97;-56.27
1420.90;-56.66
1423.83;-56.58
1426.76;-56.42
1429.69;-56.42
1432.62;-56.42
1435.55;-56.58
1438.48;-56.50
1441.41;-56.74
1444.34;-56.82
1447.27;-56.66
1450.20;-56.74
1453.13;-56.89
1456.05;-56.82
1458.98;-56.82
1461.91;-56.74
1464.84;-56.97
1467.77;-57.13
1470.70;-56.97
1473.63;-57.05
1476.56;-56.97
1479.49;-57.05
1482.42;-57.05
1485.35;-57.05
1488.28;-56.97
1491.21;-57.13
1494.14;-57.28
1497.07;-57.13
1500.00;-57.21
1502.93;-57.21
1505.86;-57.36
1508.79;-57.44
1511.72;-57.44
1514.65;-57.68
1517.58;-57.44
1520.51;-57.44
1523.44;-57.52
1526.37;-57.52
1529.30;-57.60
1532.23;-57.60
1535.16;-57.52
1538.09;-57.60
1541.02;-57.68
1543.95;-57.60
1546.88;-57.83
1549.80;-58.22
1552.73;-57.83
1555.66;-57.68
1558.59;-57.83
1561.52;-57.68
1564.45;-57.99
1567.38;-57.91
1570.31;-57.83
1573.24;-58.07
1576.17;-57.99
1579.10;-57.83
1582.03;-57.83
1584.96;-58.14
1587.89;-58.22
1590.82;-58.30
1593.75;-58.38
1596.68;-58.22
1599.61;-57.99
1602.54;-58.14
1605.47;-58.38
1608.40;-58.22
1611.33;-58.22
1614.26;-58.38
1617.19;-58.61
1620.12;-58.38
1623.05;-58.38
1625.98;-58.22
1628.91;-58.30
1631.84;-58.30
1634.77;-58.22
1637.70;-58.30
1640.63;-58.77
1643.55;-58.77
1646.48;-58.38
1649.41;-58.46
1652.34;-58.53
1655.27;-58.61
1658.20;-58.69
1661.13;-58.61
1664.06;-58.61
1666.99;-58.69
1669.92;-58.85
1672.85;-58.93
1675.78;-58.77
1678.71;-59.00
1681.64;-59.00
1684.57;-59.08
1687.50;-58.69
1690.43;-58.93
1693.36;-59.16
1696.29;-59.47
1699.22;-59.55
1702.15;-59.47
1705.08;-59.24
1708.01;-59.32
1710.94;-59.39
1713.87;-59.39
1716.80;-59.32
1719.73;-59.47
1722.66;-59.47
1725.59;-59.63
1728.52;-59.55
1731.45;-59.55
1734.38;-59.47
1737.30;-59.63
1740.23;-59.47
1743.16;-59.71
1746.09;-59.39
1749.02;-59.24
1751.95;-59.63
1754.88;-59.79
1757.81;-60.02
1760.74;-60.02
1763.67;-59.94
1766.60;-59.79
1769.53;-59.63
1772.46;-60.02
1775.39;-60.02
1778.32;-60.18
1781.25;-60.10
1784.18;-59.94
1787.11;-60.18
1790.04;-60.33
1792.97;-60.18
1795.90;-59.94
1798.83;-60.02
1801.76;-60.18
1804.69;-60.41
1807.62;-60.41
1810.55;-60.10
1813.48;-60.25
1816.41;-60.33
1819.34;-60.33
1822.27;-60.64
1825.20;-60.80
1828.13;-60.72
1831.05;-60.49
1833.98;-60.41
1836.91;-60.49
1839.84;-60.80
1842.77;-60.72
1845.70;-60.41
1848.63;-60.41
1851.56;-60.57
1854.49;-60.72
1857.42;-60.64
1860.35;-61.04
1863.28;-61.11
1866.21;-60.88
1869.14;-60.80
1872.07;-60.96
1875.00;-60.88
1877.93;-61.04
1880.86;-61.04
1883.79;-60.96
1886.72;-61.19
1889.65;-61.19
1892.58;-61.27
1895.51;-61.19
1898.44;-60.88
1901.37;-60.80
1904.30;-61.19
1907.23;-61.50
1910.16;-61.11
1913.09;-61.19
1916.02;-61.04
1918.95;-61.27
1921.88;-61.58
1924.80;-61.66
1927.73;-61.66
1930.66;-61.66
1933.59;-61.58
1936.52;-61.58
1939.45;-61.50
1942.38;-61.58
1945.31;-61.50
1948.24;-61.43
1951.17;-61.58
1954.10;-61.89
1957.03;-61.66
1959.96;-61.66
1962.89;-61.74
1965.82;-61.74
1968.75;-61.97
1971.68;-62.05
1974.61;-61.89
1977.54;-61.89
1980.47;-61.82
1983.40;-61.97
1986.33;-62.13
1989.26;-61.97
1992.19;-61.82
1995.12;-62.05
1998.05;-62.36
2000.98;-62.29
2003.91;-62.13
2006.84;-62.29
2009.77;-62.29
2012.70;-62.36
2015.63;-62.21
2018.55;-62.29
2021.48;-62.52
2024.41;-62.21
2027.34;-62.68
2030.27;-62.83
2033.20;-62.21
2036.13;-62.29
2039.06;-62.52
2041.99;-62.60
2044.92;-62.52
2047.85;-62.60
2050.78;-62.52
2053.71;-62.60
2056.64;-62.68
2059.57;-62.91
2062.50;-62.83
2065.43;-62.83
2068.36;-62.99
2071.29;-62.99
2074.22;-62.91
2077.15;-62.91
2080.08;-63.07
2083.01;-62.91
2085.94;-62.83
2088.87;-63.46
2091.80;-63.38
2094.73;-63.22
2097.66;-63.38
2100.59;-63.30
2103.52;-63.30
2106.45;-63.30
2109.38;-63.07
2112.30;-62.83
2115.23;-63.07
2118.16;-63.22
2121.09;-63.22
2124.02;-63.54
2126.95;-63.54
2129.88;-63.46
2132.81;-63.38
2135.74;-63.46
2138.67;-63.54
2141.60;-63.54
2144.53;-63.54
2147.46;-63.69
2150.39;-63.69
2153.32;-63.69
2156.25;-63.77
2159.18;-63.93
2162.11;-63.85
2165.04;-63.69
2167.97;-63.61
2170.90;-63.93
2173.83;-63.93
2176.76;-63.93
2179.69;-63.77
2182.62;-63.77
2185.55;-63.85
2188.48;-63.93
2191.41;-63.93
2194.34;-64.00
2197.27;-64.16
2200.20;-64.40
2203.13;-64.24
2206.05;-64.32
2208.98;-64.24
2211.91;-64.47
2214.84;-64.47
2217.77;-64.71
2220.70;-64.55
2223.63;-64.47
2226.56;-64.47
2229.49;-64.24
2232.42;-64.40
2235.35;-64.47
2238.28;-64.47
2241.21;-64.63
2244.14;-64.47
2247.07;-64.08
2250.00;-64.40
2252.93;-64.71
2255.86;-64.79
2258.79;-64.79
2261.72;-64.79
2264.65;-64.79
2267.58;-64.79
2270.51;-64.71
2273.44;-64.71
2276.37;-64.86
2279.30;-65.10
2282.23;-65.10
2285.16;-65.10
2288.09;-65.02
2291.02;-65.18
2293.95;-65.18
2296.88;-65.18
2299.80;-65.33
2302.73;-65.18
2305.66;-65.10
2308.59;-65.18
2311.52;-65.26
2314.45;-65.18
2317.38;-65.33
2320.31;-65.57
2323.24;-65.57
2326.17;-65.26
2329.10;-65.33
2332.03;-65.41
2334.96;-65.33
2337.89;-65.26
2340.82;-65.41
2343.75;-65.49
2346.68;-65.57
2349.61;-65.65
2352.54;-65.65
2355.47;-65.49
2358.40;-65.49
2361.33;-65.88
2364.26;-65.96
2367.19;-65.80
2370.12;-65.80
2373.05;-65.88
2375.98;-65.88
2378.91;-65.88
2381.84;-65.88
2384.77;-65.88
2387.70;-65.96
2390.63;-66.04
2393.55;-66.11
2396.48;-65.72
2399.41;-65.65
2402.34;-65.96
2405.27;-66.19
2408.20;-66.04
2411.13;-66.04
2414.06;-66.27
2416.99;-66.19
2419.92;-66.35
2422.85;-66.19
2425.78;-66.11
2428.71;-66.04
2431.64;-66.35
2434.57;-66.27
2437.50;-66.43
2440.43;-66.66
2443.36;-66.66
2446.29;-66.35
2449.22;-66.27
2452.15;-66.43
2455.08;-66.35
2458.01;-66.43
2460.94;-66.43
2463.87;-66.74
2466.80;-66.82
2469.73;-67.05
2472.66;-66.74
2475.59;-66.58
2478.52;-66.58
2481.45;-66.43
2484.38;-66.82
2487.30;-66.97
2490.23;-66.97
2493.16;-67.05
2496.09;-66.82
2499.02;-66.90
2501.95;-66.97
2504.88;-67.29
2507.81;-67.21
2510.74;-66.82
2513.67;-67.05
2516.60;-67.05
2519.53;-67.29
2522.46;-67.29
2525.39;-67.37
2528.32;-67.44
2531.25;-67.44
2534.18;-67.21
2537.11;-67.13
2540.04;-67.21
2542.97;-67.37
2545.90;-67.52
2548.83;-67.44
2551.76;-67.44
2554.69;-67.60
2557.62;-67.60
2560.55;-67.37
2563.48;-67.52
2566.41;-67.68
2569.34;-67.68
2572.27;-67.52
2575.20;-67.68
2578.13;-67.91
2581.05;-67.83
2583.98;-67.60
2586.91;-67.76
2589.84;-67.83
2592.77;-67.76
2595.70;-67.99
2598.63;-67.99
2601.56;-68.07
2604.49;-68.15
2607.42;-67.91
2610.35;-67.91
2613.28;-67.99
2616.21;-68.15
2619.14;-68.15
2622.07;-68.15
2625.00;-67.99
2627.93;-68.22
2630.86;-68.22
2633.79;-68.30
2636.72;-68.07
2639.65;-67.99
2642.58;-68.38
2645.51;-68.54
2648.44;-68.07
2651.37;-68.15
2654.30;-68.15
2657.23;-68.46
2660.16;-68.54
2663.09;-68.30
2666.02;-68.46
2668.95;-68.46
2671.88;-68.38
2674.80;-68.69
2677.73;-68.38
2680.66;-68.69
2683.59;-68.93
2686.52;-68.85
2689.45;-68.85
2692.38;-68.62
2695.31;-68.69
2698.24;-68.62
2701.17;-69.01
2704.10;-68.77
2707.03;-68.69
2709.96;-69.01
2712.89;-69.08
2715.82;-68.93
2718.75;-68.93
2721.68;-68.77
2724.61;-68.77
2727.54;-68.93
2730.47;-69.16
2733.40;-69.01
2736.33;-68.69
2739.26;-68.62
2742.19;-69.01
2745.12;-69.24
2748.05;-69.08
2750.98;-69.16
2753.91;-69.08
2756.84;-69.32
2759.77;-69.40
2762.70;-69.24
2765.63;-69.47
2768.55;-69.24
2771.48;-69.24
2774.41;-69.40
2777.34;-69.32
2780.27;-69.55
2783.20;-69.63
2786.13;-69.63
2789.06;-69.63
2791.99;-69.71
2794.92;-69.71
2797.85;-69.71
2800.78;-69.79
2803.71;-69.94
2806.64;-69.87
2809.57;-69.79
2812.50;-69.94
2815.43;-69.94
2818.36;-69.94
2821.29;-69.79
2824.22;-69.94
2827.15;-70.10
2830.08;-69.79
2833.01;-69.79
2835.94;-70.10
2838.87;-69.94
2841.80;-69.71
2844.73;-70.10
2847.66;-70.33
2850.59;-70.10
2853.52;-70.26
2856.45;-70.41
2859.38;-70.26
2862.30;-70.10
2865.23;-70.26
2868.16;-70.26
2871.09;-70.10
2874.02;-70.33
2876.95;-70.18
2879.88;-70.41
2882.81;-70.33
2885.74;-70.41
2888.67;-70.57
2891.60;-70.57
2894.53;-70.57
2897.46;-70.41
2900.39;-70.41
2903.32;-70.49
2906.25;-70.57
2909.18;-70.49
2912.11;-70.65
2915.04;-70.57
2917.97;-70.65
2920.90;-71.04
2923.83;-70.80
2926.76;-70.49
2929.69;-70.73
2932.62;-70.65
2935.55;-70.73
2938.48;-70.73
2941.41;-70.57
2944.34;-70.88
2947.27;-70.80
2950.20;-70.80
2953.13;-71.04
2956.05;-71.19
2958.98;-71.12
2961.91;-70.88
2964.84;-71.12
2967.77;-71.35
2970.70;-71.12
2973.63;-70.88
2976.56;-71.04
2979.49;-71.19
2982.42;-71.04
2985.35;-71.19
2988.28;-71.35
2991.21;-71.35
2994.14;-71.35
2997.07;-71.66
3000.00;-71.58
3002.93;-71.43
3005.86;-71.43
3008.79;-71.74
3011.72;-71.66
3014.65;-71.82
3017.58;-71.66
3020.51;-71.58
3023.44;-71.74
3026.37;-71.90
3029.30;-71.82
3032.23;-71.66
3035.16;-71.90
3038.09;-71.82
3041.02;-71.82
3043.95;-71.66
3046.88;-71.51
3049.80;-71.74
3052.73;-71.58
3055.66;-71.66
3058.59;-71.98
3061.52;-71.90
3064.45;-71.98
3067.38;-71.90
3070.31;-72.13
3073.24;-72.29
3076.17;-72.13
3079.10;-71.98
3082.03;-72.13
3084.96;-72.21
3087.89;-72.21
3090.82;-72.37
3093.75;-72.29
3096.68;-72.29
3099.61;-72.13
3102.54;-71.98
3105.47;-72.44
3108.40;-72.52
3111.33;-72.44
3114.26;-72.44
3117.19;-72.60
3120.12;-72.68
3123.05;-72.44
3125.98;-72.37
3128.91;-72.60
3131.84;-72.60
3134.77;-72.44
3137.70;-72.44
3140.63;-72.52
3143.55;-72.52
3146.48;-72.68
3149.41;-72.60
3152.34;-72.68
3155.27;-72.76
3158.20;-72.84
3161.13;-72.99
3164.06;-72.84
3166.99;-72.84
3169.92;-72.91
3172.85;-72.99
3175.78;-73.15
3178.71;-73.30
3181.64;-73.15
3184.57;-73.15
3187.50;-73.30
3190.43;-73.23
3193.36;-72.99
3196.29;-73.15
3199.22;-73.30
3202.15;-73.30
3205.08;-73.30
3208.01;-73.54
3210.94;-73.46
3213.87;-73.38
3216.80;-73.46
3219.73;-73.46
3222.66;-73.38
3225.59;-73.38
3228.52;-73.23
3231.45;-73.30
3234.38;-73.46
3237.30;-73.62
3240.23;-73.62
3243.16;-73.46
3246.09;-73.54
3249.02;-73.46
3251.95;-73.69
3254.88;-73.46
3257.81;-73.46
3260.74;-73.46
3263.67;-73.69
3266.60;-73.38
3269.53;-73.69
3272.46;-73.85
3275.39;-73.93
3278.32;-73.69
3281.25;-73.69
3284.18;-73.93
3287.11;-73.93
3290.04;-74.01
3292.97;-74.01
3295.90;-73.77
3298.83;-73.85
3301.76;-74.16
3304.69;-74.09
3307.62;-74.16
3310.55;-74.32
3313.48;-74.24
3316.41;-74.09
3319.34;-74.16
3322.27;-74.32
3325.20;-74.40
3328.13;-74.40
3331.05;-74.32
3333.98;-73.93
3336.91;-74.16
3339.84;-74.32
3342.77;-74.32
3345.70;-74.40
3348.63;-74.40
3351.56;-74.48
3354.49;-74.55
3357.42;-74.55
3360.35;-74.48
3363.28;-74.32
3366.21;-74.63
3369.14;-74.55
3372.07;-74.32
3375.00;-74.40
3377.93;-74.48
3380.86;-74.63
3383.79;-74.71
3386.72;-74.63
3389.65;-74.71
3392.58;-74.95
3395.51;-74.79
3398.44;-74.63
3401.37;-74.63
3404.30;-74.87
3407.23;-74.71
3410.16;-74.71
3413.09;-74.95
3416.02;-75.18
3418.95;-74.95
3421.88;-74.79
3424.80;-74.79
3427.73;-74.95
3430.66;-75.18
3433.59;-75.10
3436.52;-75.10
3439.45;-75.34
3442.38;-75.26
3445.31;-75.02
3448.24;-75.41
3451.17;-75.34
3454.10;-75.34
3457.03;-75.26
3459.96;-75.02
3462.89;-75.18
3465.82;-75.41
3468.75;-75.26
3471.68;-75.34
3474.61;-75.34
3477.54;-75.41
3480.47;-75.41
3483.40;-75.49
3486.33;-75.41
3489.26;-75.65
3492.19;-75.57
3495.12;-75.49
3498.05;-75.96
3500.98;-76.04
3503.91;-75.65
3506.84;-75.49
3509.77;-75.57
3512.70;-75.57
3515.63;-75.65
3518.55;-75.88
3521.48;-75.96
3524.41;-75.65
3527.34;-75.73
3530.27;-75.88
3533.20;-75.88
3536.13;-76.12
3539.06;-76.43
3541.99;-76.35
3544.92;-76.12
3547.85;-75.88
3550.78;-75.80
3553.71;-75.80
3556.64;-75.96
3559.57;-76.20
3562.50;-76.12
3565.43;-76.27
3568.36;-76.04
3571.29;-76.12
3574.22;-76.35
3577.15;-76.35
3580.08;-76.20
3583.01;-76.20
3585.94;-76.12
3588.87;-76.20
3591.80;-76.43
3594.73;-76.35
3597.66;-76.35
3600.59;-76.27
3603.52;-76.66
3606.45;-76.51
3609.38;-76.43
3612.30;-76.43
3615.23;-76.59
3618.16;-76.43
3621.09;-76.51
3624.02;-76.59
3626.95;-76.66
3629.88;-76.66
3632.81;-76.43
3635.74;-76.59
3638.67;-76.74
3641.60;-76.74
3644.53;-76.74
3647.46;-76.74
3650.39;-76.66
3653.32;-76.74
3656.25;-76.74
3659.18;-76.98
3662.11;-76.98
3665.04;-76.98
3667.97;-76.90
3670.90;-76.90
3673.83;-77.05
3676.76;-77.13
3679.69;-76.82
3682.62;-76.66
3685.55;-76.66
3688.48;-77.05
3691.41;-77.37
3694.34;-77.21
3697.27;-77.13
3700.20;-77.45
3703.13;-77.45
3706.05;-77.52
3708.98;-77.37
3711.91;-77.29
3714.84;-77.29
3717.77;-77.13
3720.70;-77.45
3723.63;-77.60
3726.56;-77.45
3729.49;-77.60
3732.42;-77.37
3735.35;-77.29
3738.28;-77.37
3741.21;-77.52
3744.14;-77.52
3747.07;-77.45
3750.00;-77.68
3752.93;-78.07
3755.86;-77.99
3758.79;-78.15
3761.72;-77.99
3764.65;-77.37
3767.58;-77.52
3770.51;-77.68
3773.44;-77.60
3776.37;-77.68
3779.30;-77.76
3782.23;-77.68
3785.16;-77.76
3788.09;-77.84
3791.02;-77.91
3793.95;-78.07
3796.88;-78.07
3799.80;-78.15
3802.73;-77.91
3805.66;-77.91
3808.59;-77.91
3811.52;-77.91
3814.45;-77.99
3817.38;-77.91
3820.31;-78.07
3823.24;-78.15
3826.17;-77.99
3829.10;-77.91
3832.03;-77.99
3834.96;-78.07
3837.89;-77.99
3840.82;-78.23
3843.75;-78.54
3846.68;-78.46
3849.61;-78.31
3852.54;-77.99
3855.47;-78.38
3858.40;-78.54
3861.33;-78.54
3864.26;-78.38
3867.19;-78.38
3870.12;-78.54
3873.05;-78.70
3875.98;-78.46
3878.91;-78.23
3881.84;-78.54
3884.77;-78.70
3887.70;-78.62
3890.63;-78.62
3893.55;-78.70
3896.48;-78.62
3899.41;-78.46
3902.34;-78.70
3905.27;-78.62
3908.20;-78.38
3911.13;-78.46
3914.06;-78.77
3916.99;-78.93
3919.92;-78.70
3922.85;-78.62
3925.78;-78.93
3928.71;-79.09
3931.64;-79.09
3934.57;-79.01
3937.50;-78.93
3940.43;-78.85
3943.36;-78.85
3946.29;-79.09
3949.22;-79.01
3952.15;-78.70
3955.08;-78.85
3958.01;-79.01
3960.94;-79.01
3963.87;-79.32
3966.80;-79.40
3969.73;-79.32
3972.66;-79.09
3975.59;-79.16
3978.52;-79.16
3981.45;-79.16
3984.38;-79.09
3987.30;-79.32
3990.23;-79.24
3993.16;-79.01
3996.09;-79.01
3999.02;-79.01
4001.95;-79.24
4004.88;-79.32
4007.81;-79.48
4010.74;-79.24
4013.67;-79.01
4016.60;-79.24
4019.53;-79.40
4022.46;-79.48
4025.39;-79.79
4028.32;-79.79
4031.25;-79.71
4034.18;-79.40
4037.11;-79.48
4040.04;-79.63
4042.97;-79.63
4045.90;-79.56
4048.83;-79.71
4051.76;-79.71
4054.69;-79.87
4057.62;-79.71
4060.55;-79.87
4063.48;-79.71
4066.41;-79.79
4069.34;-79.63
4072.27;-79.95
4075.20;-80.02
4078.13;-80.02
4081.05;-80.18
4083.98;-80.18
4086.91;-80.10
4089.84;-79.79
4092.77;-79.63
4095.70;-80.10
4098.63;-80.34
4101.56;-80.26
4104.49;-80.34
4107.42;-80.49
4110.35;-80.42
4113.28;-80.34
4116.21;-80.42
4119.14;-80.26
4122.07;-80.18
4125.00;-80.49
4127.93;-80.34
4130.86;-80.34
4133.79;-80.26
4136.72;-80.26
4139.65;-80.34
4142.58;-80.49
4145.51;-80.49
4148.44;-80.34
4151.37;-80.26
4154.30;-80.42
4157.23;-80.26
4160.16;-80.73
4163.09;-80.88
4166.02;-80.57
4168.95;-80.57
4171.88;-80.65
4174.80;-80.65
4177.73;-80.81
4180.66;-80.49
4183.59;-80.57
4186.52;-80.73
4189.45;-80.73
4192.38;-80.65
4195.31;-80.73
4198.24;-80.96
4201.17;-80.96
4204.10;-80.88
4207.03;-80.88
4209.96;-80.73
4212.89;-80.73
4215.82;-80.57
4218.75;-80.88
4221.68;-81.35
4224.61;-81.20
4227.54;-81.04
4230.47;-81.04
4233.40;-80.96
4236.33;-80.96
4239.26;-80.73
4242.19;-81.04
4245.12;-81.27
4248.05;-81.20
4250.98;-81.43
4253.91;-81.27
4256.84;-81.20
4259.77;-81.12
4262.70;-81.12
4265.63;-81.20
4268.55;-81.43
4271.48;-81.43
4274.41;-81.27
4277.34;-81.04
4280.27;-81.43
4283.20;-81.43
4286.13;-81.35
4289.06;-81.51
4291.99;-81.43
4294.92;-81.43
4297.85;-81.59
4300.78;-81.67
4303.71;-81.43
4306.64;-81.67
4309.57;-81.67
4312.50;-81.59
4315.43;-81.35
4318.36;-81.51
4321.29;-81.59
4324.22;-81.67
4327.15;-81.74
4330.08;-81.74
4333.01;-81.51
4335.94;-81.51
4338.87;-81.74
4341.80;-81.59
4344.73;-81.67
4347.66;-82.13
4350.59;-81.98
4353.52;-82.06
4356.45;-82.06
4359.38;-81.98
4362.30;-81.74
4365.23;-81.98
4368.16;-82.06
4371.09;-81.90
4374.02;-82.21
4376.95;-82.06
4379.88;-81.98
4382.81;-82.06
4385.74;-82.29
4388.67;-82.53
4391.60;-82.21
4394.53;-82.29
4397.46;-82.29
4400.39;-82.21
4403.32;-82.21
4406.25;-82.29
4409.18;-82.13
4412.11;-82.21
4415.04;-82.45
4417.97;-82.37
4420.90;-82.06
4423.83;-82.29
4426.76;-82.37
4429.69;-82.45
4432.62;-82.21
4435.55;-82.21
4438.48;-82.37
4441.41;-82.45
4444.34;-82.60
4447.27;-82.68
4450.20;-82.60
4453.13;-82.45
4456.05;-82.37
4458.98;-82.53
4461.91;-82.68
4464.84;-82.84
4467.77;-82.76
4470.70;-82.60
4473.63;-82.68
4476.56;-82.92
4479.49;-82.76
4482.42;-82.84
4485.35;-82.76
4488.28;-82.76
4491.21;-82.76
4494.14;-82.84
4497.07;-82.99
4500.00;-82.84
4502.93;-82.92
4505.86;-83.07
4508.79;-83.07
4511.72;-82.99
4514.65;-83.15
4517.58;-83.31
4520.51;-83.15
4523.44;-82.92
4526.37;-83.15
4529.30;-83.38
4532.23;-83.23
4535.16;-83.15
4538.09;-83.15
4541.02;-83.15
4543.95;-82.92
4546.88;-83.07
4549.80;-83.46
4552.73;-83.54
4555.66;-83.38
4558.59;-83.31
4561.52;-83.31
4564.45;-83.15
4567.38;-83.23
4570.31;-83.46
4573.24;-83.46
4576.17;-83.54
4579.10;-83.38
4582.03;-83.15
4584.96;-83.31
4587.89;-83.85
4590.82;-83.70
4593.75;-83.23
4596.68;-83.31
4599.61;-83.23
4602.54;-83.15
4605.47;-83.46
4608.40;-83.54
4611.33;-83.38
4614.26;-83.62
4617.19;-83.70
4620.12;-83.70
4623.05;-83.62
4625.98;-83.46
4628.91;-83.70
4631.84;-83.85
4634.77;-83.93
4637.70;-83.78
4640.63;-83.93
4643.55;-83.78
4646.48;-83.78
4649.41;-83.85
4652.34;-83.93
4655.27;-83.85
4658.20;-83.85
4661.13;-84.09
4664.06;-84.17
4666.99;-84.40
4669.92;-84.17
4672.85;-84.09
4675.78;-84.17
4678.71;-84.40
4681.64;-84.24
4684.57;-84.17
4687.50;-84.17
4690.43;-84.24
4693.36;-84.24
4696.29;-84.09
4699.22;-83.78
4702.15;-84.17
4705.08;-84.32
4708.01;-84.40
4710.94;-84.32
4713.87;-84.40
4716.80;-84.24
4719.73;-84.24
4722.66;-84.32
4725.59;-84.24
4728.52;-84.32
4731.45;-84.40
4734.38;-84.32
4737.30;-84.40
4740.23;-84.48
4743.16;-84.79
4746.09;-84.79
4749.02;-84.79
4751.95;-84.79
4754.88;-84.48
4757.81;-84.48
4760.74;-84.48
4763.67;-84.32
4766.60;-84.63
4769.53;-84.71
4772.46;-84.56
4775.39;-84.71
4778.32;-84.71
4781.25;-84.63
4784.18;-84.71
4787.11;-84.71
4790.04;-84.95
4792.97;-84.79
4795.90;-84.63
4798.83;-84.71
4801.76;-84.87
4804.69;-85.03
4807.62;-85.18
4810.55;-85.10
4813.48;-84.87
4816.41;-84.95
4819.34;-85.03
4822.27;-84.79
4825.20;-84.79
4828.13;-85.10
4831.05;-85.49
4833.98;-85.34
4836.91;-85.49
4839.84;-85.26
4842.77;-84.87
4845.70;-85.10
4848.63;-85.18
4851.56;-85.18
4854.49;-84.95
4857.42;-85.03
4860.35;-85.03
4863.28;-85.03
4866.21;-85.18
4869.14;-85.26
4872.07;-85.49
4875.00;-85.49
4877.93;-85.26
4880.86;-85.42
4883.79;-85.49
4886.72;-85.34
4889.65;-85.34
4892.58;-85.34
4895.51;-85.57
4898.44;-85.81
4901.37;-85.73
4904.30;-85.49
4907.23;-85.57
4910.16;-85.89
4913.09;-85.96
4916.02;-85.65
4918.95;-85.57
4921.88;-85.73
4924.80;-85.57
4927.73;-85.73
4930.66;-85.73
4933.59;-85.65
4936.52;-85.65
4939.45;-85.65
4942.38;-85.65
4945.31;-85.49
4948.24;-85.49
4951.17;-85.89
4954.10;-86.04
4957.03;-86.12
4959.96;-86.20
4962.89;-86.04
4965.82;-85.73
4968.75;-85.89
4971.68;-86.43
4974.61;-86.35
4977.54;-85.89
4980.47;-85.65
4983.40;-85.96
4986.33;-85.89
4989.26;-85.89
4992.19;-86.04
4995.12;-86.43
4998.05;-86.35
5000.98;-85.96
5003.91;-85.96
5006.84;-85.96
5009.77;-86.04
5012.70;-86.04
5015.63;-86.20
5018.55;-86.28
5021.48;-86.20
5024.41;-86.12
5027.34;-86.35
5030.27;-86.43
5033.20;-86.51
5036.13;-86.51
5039.06;-86.12
5041.99;-86.04
5044.92;-86.35
5047.85;-86.43
5050.78;-86.67
5053.71;-86.74
5056.64;-86.43
5059.57;-86.12
5062.50;-86.28
5065.43;-86.35
5068.36;-86.35
5071.29;-86.35
5074.22;-86.51
5077.15;-86.43
5080.08;-86.43
5083.01;-86.51
5085.94;-86.67
5088.87;-86.59
5091.80;-86.51
5094.73;-86.59
5097.66;-86.51
5100.59;-86.59
5103.52;-86.51
5106.45;-86.67
5109.38;-86.74
5112.30;-86.51
5115.23;-86.74
5118.16;-87.14
5121.09;-87.21
5124.02;-87.06
5126.95;-86.82
5129.88;-86.98
5132.81;-87.14
5135.74;-87.37
5138.67;-87.06
5141.60;-87.14
5144.53;-86.90
5147.46;-87.06
5150.39;-87.14
5153.32;-86.98
5156.25;-86.90
5159.18;-86.90
5162.11;-86.98
5165.04;-86.98
5167.97;-87.29
5170.90;-87.06
5173.83;-86.90
5176.76;-87.06
5179.69;-87.06
5182.62;-87.45
5185.55;-87.37
5188.48;-87.14
5191.41;-87.45
5194.34;-87.37
5197.27;-87.29
5200.20;-87.53
5203.13;-87.37
5206.05;-87.29
5208.98;-87.45
5211.91;-87.37
5214.84;-87.37
5217.77;-87.37
5220.70;-87.29
5223.63;-87.37
5226.56;-87.60
5229.49;-87.68
5232.42;-87.68
5235.35;-87.76
5238.28;-87.76
5241.21;-87.37
5244.14;-87.76
5247.07;-87.76
5250.00;-87.68
5252.93;-87.68
5255.86;-87.84
5258.79;-87.68
5261.72;-87.53
5264.65;-87.76
5267.58;-87.76
5270.51;-87.84
5273.44;-88.00
5276.37;-88.00
5279.30;-87.76
5282.23;-87.92
5285.16;-87.76
5288.09;-87.68
5291.02;-87.92
5293.95;-87.84
5296.88;-88.00
5299.80;-87.84
5302.73;-87.92
5305.66;-87.92
5308.59;-87.92
5311.52;-87.68
5314.45;-87.92
5317.38;-88.07
5320.31;-88.00
5323.24;-88.07
5326.17;-88.00
5329.10;-87.92
5332.03;-88.31
5334.96;-88.23
5337.89;-88.31
5340.82;-88.00
5343.75;-88.39
5346.68;-88.54
5349.61;-88.31
5352.54;-88.15
5355.47;-88.07
5358.40;-88.15
5361.33;-88.31
5364.26;-88.23
5367.19;-88.23
5370.12;-88.62
5373.05;-88.39
5375.98;-88.15
5378.91;-88.31
5381.84;-88.31
5384.77;-88.31
5387.70;-88.31
5390.63;-88.54
5393.55;-88.85
5396.48;-89.01
5399.41;-89.01
5402.34;-88.85
5405.27;-88.78
5408.20;-88.46
5411.13;-88.54
5414.06;-88.62
5416.99;-88.85
5419.92;-88.85
5422.85;-88.85
5425.78;-88.78
5428.71;-88.62
5431.64;-88.54
5434.57;-88.78
5437.50;-88.78
5440.43;-88.85
5443.36;-88.93
5446.29;-89.09
5449.22;-89.01
5452.15;-88.78
5455.08;-88.85
5458.01;-88.78
5460.94;-88.62
5463.87;-88.78
5466.80;-88.93
5469.73;-89.17
5472.66;-89.09
5475.59;-88.93
5478.52;-89.17
5481.45;-89.01
5484.38;-89.01
5487.30;-89.01
5490.23;-89.25
5493.16;-89.32
5496.09;-88.85
5499.02;-88.93
5501.95;-89.01
5504.88;-89.17
5507.81;-89.32
5510.74;-89.48
5513.67;-89.32
5516.60;-89.17
5519.53;-89.17
5522.46;-88.93
5525.39;-88.93
5528.32;-89.09
5531.25;-89.40
5534.18;-89.40
5537.11;-89.17
5540.04;-89.32
5542.97;-89.48
5545.90;-89.56
5548.83;-89.25
5551.76;-89.48
5554.69;-89.79
5557.62;-89.64
5560.55;-89.40
5563.48;-89.48
5566.41;-89.48
5569.34;-89.48
5572.27;-89.56
5575.20;-89.56
5578.13;-89.56
5581.05;-89.48
5583.98;-89.56
5586.91;-89.32
5589.84;-89.17
5592.77;-89.48
5595.70;-89.56
5598.63;-89.71
5601.56;-89.64
5604.49;-89.64
5607.42;-89.64
5610.35;-89.71
5613.28;-89.79
5616.21;-89.64
5619.14;-89.79
5622.07;-89.95
5625.00;-89.71
5627.93;-89.79
5630.86;-89.79
5633.79;-89.79
5636.72;-89.87
5639.65;-89.71
5642.58;-89.79
5645.51;-89.95
5648.44;-89.95
5651.37;-90.03
5654.30;-90.11
5657.23;-89.87
5660.16;-90.03
5663.09;-89.95
5666.02;-90.11
5668.95;-90.03
5671.88;-90.11
5674.80;-90.26
5677.73;-90.11
5680.66;-90.50
5683.59;-90.26
5686.52;-90.26
5689.45;-90.18
5692.38;-90.18
5695.31;-90.03
5698.24;-90.34
5701.17;-90.42
5704.10;-90.42
5707.03;-90.11
5709.96;-90.03
5712.89;-90.11
5715.82;-90.42
5718.75;-90.26
5721.68;-90.42
5724.61;-90.57
5727.54;-90.57
5730.47;-90.34
5733.40;-90.26
5736.33;-90.42
5739.26;-90.42
5742.19;-90.42
5745.12;-90.50
5748.05;-90.50
5750.98;-90.42
5753.91;-90.50
5756.84;-90.42
5759.77;-90.57
5762.70;-90.57
5765.63;-90.42
5768.55;-90.57
5771.48;-90.73
5774.41;-90.50
5777.34;-90.42
5780.27;-90.42
5783.20;-90.50
5786.13;-90.57
5789.06;-90.81
5791.99;-90.89
5794.92;-90.50
5797.85;-90.50
5800.78;-90.73
5803.71;-90.73
5806.64;-90.89
5809.57;-90.89
5812.50;-90.81
5815.43;-90.81
5818.36;-91.04
5821.29;-91.12
5824.22;-90.89
5827.15;-90.81
5830.08;-90.73
5833.01;-90.89
5835.94;-91.12
5838.87;-90.89
5841.80;-91.12
5844.73;-91.12
5847.66;-91.12
5850.59;-91.12
5853.52;-91.28
5856.45;-90.96
5859.38;-90.89
5862.30;-91.12
5865.23;-91.36
5868.16;-91.28
5871.09;-91.12
5874.02;-91.20
5876.95;-91.12
5879.88;-91.04
5882.81;-91.51
5885.74;-91.36
5888.67;-91.28
5891.60;-91.12
5894.53;-91.20
5897.46;-91.36
5900.39;-91.36
5903.32;-91.20
5906.25;-91.20
5909.18;-91.36
5912.11;-91.36
5915.04;-91.51
5917.97;-91.28
5920.90;-91.28
5923.83;-91.36
5926.76;-91.51
5929.69;-91.67
5932.62;-91.90
5935.55;-91.67
5938.48;-91.36
5941.41;-91.43
5944.34;-91.59
5947.27;-91.67
5950.20;-91.59
5953.13;-91.67
5956.05;-91.59
5958.98;-91.59
5961.91;-91.59
5964.84;-91.90
5967.77;-91.75
5970.70;-91.59
5973.63;-91.59
5976.56;-91.59
5979.49;-91.90
5982.42;-91.90
5985.35;-91.82
5988.28;-91.75
5991.21;-91.98
5994.14;-91.75
5997.07;-91.82
6000.00;-91.82
6002.93;-91.75
6005.86;-91.90
6008.79;-91.75
6011.72;-91.90
6014.65;-91.98
6017.58;-92.14
6020.51;-92.29
6023.44;-92.06
6026.37;-91.82
6029.30;-91.82
6032.23;-92.21
6035.16;-91.98
6038.09;-91.67
6041.02;-91.67
6043.95;-91.98
6046.88;-92.29
6049.80;-92.14
6052.73;-92.06
6055.66;-92.06
6058.59;-92.29
6061.52;-92.53
6064.45;-92.37
6067.38;-92.21
6070.31;-92.21
6073.24;-92.14
6076.17;-92.14
6079.10;-92.29
6082.03;-92.29
6084.96;-92.37
6087.89;-92.45
6090.82;-92.45
6093.75;-92.37
6096.68;-92.61
6099.61;-92.53
6102.54;-92.37
6105.47;-92.53
6108.40;-92.68
6111.33;-92.61
6114.26;-92.53
6117.19;-92.29
6120.12;-92.61
6123.05;-92.76
6125.98;-92.68
6128.91;-92.45
6131.84;-92.53
6134.77;-92.68
6137.70;-92.68
6140.63;-92.76
6143.55;-92.61
6146.48;-92.68
6149.41;-92.61
6152.34;-92.45
6155.27;-92.61
6158.20;-92.53
6161.13;-92.53
6164.06;-92.84
6166.99;-92.61
6169.92;-92.37
6172.85;-92.45
6175.78;-92.76
6178.71;-92.84
6181.64;-92.84
6184.57;-92.84
6187.50;-93.07
6190.43;-92.92
6193.36;-92.92
6196.29;-93.07
6199.22;-92.61
6202.15;-92.76
6205.08;-93.00
6208.01;-93.15
6210.94;-92.92
6213.87;-92.92
6216.80;-93.15
6219.73;-93.00
6222.66;-93.00
6225.59;-93.00
6228.52;-92.84
6231.45;-93.00
6234.38;-93.07
6237.30;-92.84
6240.23;-92.76
6243.16;-92.92
6246.09;-93.07
6249.02;-93.07
6251.95;-93.39
6254.88;-93.31
6257.81;-93.47
6260.74;-93.23
6263.67;-93.31
6266.60;-93.39
6269.53;-93.39
6272.46;-93.39
6275.39;-93.47
6278.32;-93.23
6281.25;-93.54
6284.18;-93.31
6287.11;-93.07
6290.04;-93.31
6292.97;-93.47
6295.90;-93.70
6298.83;-93.47
6301.76;-93.62
6304.69;-93.54
6307.62;-93.31
6310.55;-93.47
6313.48;-93.54
6316.41;-93.39
6319.34;-93.39
6322.27;-93.23
6325.20;-93.47
6328.13;-93.78
6331.05;-93.70
6333.98;-93.62
6336.91;-93.47
6339.84;-93.47
6342.77;-93.54
6345.70;-93.62
6348.63;-93.78
6351.56;-93.70
6354.49;-93.62
6357.42;-93.47
6360.35;-93.54
6363.28;-93.70
6366.21;-93.70
6369.14;-93.47
6372.07;-93.62
6375.00;-93.62
6377.93;-93.62
6380.86;-93.62
6383.79;-93.62
6386.72;-93.62
6389.65;-94.01
6392.58;-94.09
6395.51;-94.01
6398.44;-93.78
6401.37;-94.01
6404.30;-94.09
6407.23;-93.78
6410.16;-94.01
6413.09;-93.86
6416.02;-94.01
6418.95;-94.17
6421.88;-94.17
6424.80;-94.01
6427.73;-94.09
6430.66;-94.25
6433.59;-94.01
6436.52;-94.09
6439.45;-93.86
6442.38;-93.93
6445.31;-94.09
6448.24;-94.09
6451.17;-94.09
6454.10;-94.09
6457.03;-94.32
6459.96;-94.25
6462.89;-94.32
6465.82;-94.25
6468.75;-94.32
6471.68;-94.25
6474.61;-94.32
6477.54;-94.25
6480.47;-94.25
6483.40;-94.40
6486.33;-94.40
6489.26;-94.32
6492.19;-94.48
6495.12;-94.48
6498.05;-94.40
6500.98;-94.48
6503.91;-94.40
6506.84;-94.64
6509.77;-94.72
6512.70;-94.56
6515.63;-94.64
6518.55;-95.03
6521.48;-94.79
6524.41;-94.32
6527.34;-94.32
6530.27;-94.56
6533.20;-94.79
6536.13;-94.56
6539.06;-94.56
6541.99;-94.56
6544.92;-94.56
6547.85;-94.56
6550.78;-94.72
6553.71;-94.72
6556.64;-94.56
6559.57;-94.48
6562.50;-94.64
6565.43;-94.72
6568.36;-94.48
6571.29;-94.79
6574.22;-94.79
6577.15;-94.72
6580.08;-94.56
6583.01;-94.64
6585.94;-94.87
6588.87;-94.87
6591.80;-94.72
6594.73;-94.72
6597.66;-94.95
6600.59;-95.03
6603.52;-94.87
6606.45;-95.11
6609.38;-95.03
6612.30;-94.87
6615.23;-94.79
6618.16;-95.11
6621.09;-95.18
6624.02;-95.03
6626.95;-95.03
6629.88;-95.03
6632.81;-94.95
6635.74;-95.11
6638.67;-95.03
6641.60;-95.03
6644.53;-95.11
6647.46;-95.03
6650.39;-95.34
6653.32;-95.58
6656.25;-95.26
6659.18;-95.11
6662.11;-95.34
6665.04;-95.26
6667.97;-95.26
6670.90;-95.26
6673.83;-95.11
6676.76;-95.18
6679.69;-95.26
6682.62;-95.42
6685.55;-95.11
6688.48;-95.11
6691.41;-95.50
6694.34;-95.58
6697.27;-95.42
6700.20;-95.42
6703.13;-95.34
6706.05;-95.42
6708.98;-95.42
6711.91;-95.65
6714.84;-95.58
6717.77;-95.42
6720.70;-95.65
6723.63;-95.50
6726.56;-95.65
6729.49;-95.81
6732.42;-95.73
6735.35;-95.50
6738.28;-95.42
6741.21;-95.73
6744.14;-95.81
6747.07;-95.73
6750.00;-95.81
6752.93;-95.89
6755.86;-95.73
6758.79;-95.97
6761.72;-95.89
6764.65;-95.81
6767.58;-95.73
6770.51;-95.73
6773.44;-95.73
6776.37;-95.73
6779.30;-95.97
6782.23;-95.97
6785.16;-95.97
6788.09;-96.04
6791.02;-95.73
6793.95;-95.73
6796.88;-95.97
6799.80;-95.73
6802.73;-95.81
6805.66;-95.73
6808.59;-95.73
6811.52;-95.58
6814.45;-95.73
6817.38;-95.97
6820.31;-96.04
6823.24;-96.12
6826.17;-95.89
6829.10;-95.65
6832.03;-95.73
6834.96;-95.81
6837.89;-95.81
6840.82;-96.12
6843.75;-96.28
6846.68;-96.28
6849.61;-96.12
6852.54;-96.04
6855.47;-96.04
6858.40;-96.36
6861.33;-96.12
6864.26;-95.89
6867.19;-96.04
6870.12;-96.28
6873.05;-96.28
6875.98;-96.12
6878.91;-96.20
6881.84;-96.20
6884.77;-96.20
6887.70;-96.43
6890.63;-96.20
6893.55;-96.12
6896.48;-96.20
6899.41;-96.28
6902.34;-96.36
6905.27;-96.36
6908.20;-96.51
6911.13;-96.51
6914.06;-96.20
6916.99;-96.28
6919.92;-96.36
6922.85;-96.36
6925.78;-96.43
6928.71;-96.67
6931.64;-96.51
6934.57;-96.43
6937.50;-96.20
6940.43;-96.28
6943.36;-96.59
6946.29;-96.59
6949.22;-96.59
6952.15;-96.36
6955.08;-96.36
6958.01;-96.51
6960.94;-96.67
6963.87;-96.59
6966.80;-96.67
6969.73;-96.75
6972.66;-96.67
6975.59;-96.59
6978.52;-96.67
6981.45;-96.67
6984.38;-96.83
6987.30;-96.59
6990.23;-96.67
6993.16;-96.51
6996.09;-96.75
6999.02;-96.83
7001.95;-96.90
7004.88;-96.83
7007.81;-96.75
7010.74;-96.75
7013.67;-96.75
7016.60;-96.75
7019.53;-96.59
7022.46;-96.59
7025.39;-96.98
7028.32;-96.98
7031.25;-96.98
7034.18;-96.90
7037.11;-96.90
7040.04;-96.83
7042.97;-96.83
7045.90;-96.98
7048.83;-96.98
7051.76;-97.06
7054.69;-97.22
7057.62;-97.14
7060.55;-96.90
7063.48;-97.14
7066.41;-97.22
7069.34;-96.98
7072.27;-96.90
7075.20;-97.22
7078.13;-97.29
7081.05;-97.29
7083.98;-97.22
7086.91;-97.22
7089.84;-97.29
7092.77;-97.45
7095.70;-97.14
7098.63;-97.06
7101.56;-97.29
7104.49;-97.45
7107.42;-97.45
7110.35;-97.37
7113.28;-97.37
7116.21;-97.37
7119.14;-97.61
7122.07;-97.61
7125.00;-97.22
7127.93;-97.14
7130.86;-97.37
7133.79;-97.53
7136.72;-97.68
7139.65;-97.22
7142.58;-97.14
7145.51;-97.29
7148.44;-97.37
7151.37;-97.22
7154.30;-97.37
7157.23;-97.53
7160.16;-97.45
7163.09;-97.45
7166.02;-97.68
7168.95;-97.84
7171.88;-97.76
7174.80;-97.92
7177.73;-97.61
7180.66;-97.53
7183.59;-97.68
7186.52;-97.45
7189.45;-97.45
7192.38;-97.68
7195.31;-97.61
7198.24;-97.68
7201.17;-98.15
7204.10;-98.23
7207.03;-98.00
7209.96;-97.53
7212.89;-97.61
7215.82;-97.76
7218.75;-97.84
7221.68;-98.15
7224.61;-98.08
7227.54;-98.15
7230.47;-97.76
7233.40;-97.76
7236.33;-98.08
7239.26;-97.84
7242.19;-97.84
7245.12;-97.92
7248.05;-97.92
7250.98;-98.08
7253.91;-97.68
7256.84;-97.84
7259.77;-98.08
7262.70;-98.15
7265.63;-98.08
7268.55;-98.00
7271.48;-98.08
7274.41;-98.23
7277.34;-98.08
7280.27;-97.92
7283.20;-98.15
7286.13;-98.23
7289.06;-98.15
7291.99;-98.00
7294.92;-98.23
7297.85;-98.23
7300.78;-98.15
7303.71;-98.23
7306.64;-97.92
7309.57;-97.92
7312.50;-98.08
7315.43;-98.31
7318.36;-98.31
7321.29;-98.31
7324.22;-98.08
7327.15;-98.15
7330.08;-98.31
7333.01;-98.39
7335.94;-98.15
7338.87;-98.39
7341.80;-98.39
7344.73;-98.31
7347.66;-98.31
7350.59;-98.47
7353.52;-98.62
7356.45;-98.47
7359.38;-98.47
7362.30;-98.31
7365.23;-98.31
7368.16;-98.31
7371.09;-98.39
7374.02;-98.47
7376.95;-98.70
7379.88;-98.54
7382.81;-98.23
7385.74;-98.31
7388.67;-98.08
7391.60;-98.15
7394.53;-98.31
7397.46;-98.54
7400.39;-98.47
7403.32;-98.54
7406.25;-98.86
7409.18;-98.62
7412.11;-98.62
7415.04;-98.54
7417.97;-98.54
7420.90;-98.94
7423.83;-98.70
7426.76;-98.70
7429.69;-98.78
7432.62;-98.86
7435.55;-98.54
7438.48;-98.54
7441.41;-98.70
7444.34;-98.78
7447.27;-98.62
7450.20;-98.62
7453.13;-99.01
7456.05;-98.94
7458.98;-98.86
7461.91;-98.94
7464.84;-98.62
7467.77;-98.70
7470.70;-99.01
7473.63;-98.94
7476.56;-98.78
7479.49;-98.70
7482.42;-98.94
7485.35;-98.70
7488.28;-98.78
7491.21;-99.17
7494.14;-99.09
7497.07;-99.01
7500.00;-99.09
7502.93;-99.09
7505.86;-99.17
7508.79;-98.94
7511.72;-99.01
7514.65;-99.17
7517.58;-99.17
7520.51;-98.94
7523.44;-98.70
7526.37;-99.09
7529.30;-99.09
7532.23;-99.17
7535.16;-99.25
7538.09;-99.17
7541.02;-99.33
7543.95;-99.33
7546.88;-99.40
7549.80;-99.33
7552.73;-99.17
7555.66;-99.25
7558.59;-99.17
7561.52;-99.25
7564.45;-99.17
7567.38;-98.94
7570.31;-99.09
7573.24;-99.33
7576.17;-99.17
7579.10;-99.40
7582.03;-99.25
7584.96;-99.25
7587.89;-99.17
7590.82;-99.17
7593.75;-99.17
7596.68;-99.09
7599.61;-99.09
7602.54;-99.09
7605.47;-99.25
7608.40;-99.25
7611.33;-99.40
7614.26;-99.56
7617.19;-99.56
7620.12;-99.64
7623.05;-99.56
7625.98;-99.40
7628.91;-99.56
7631.84;-99.64
7634.77;-99.72
7637.70;-99.64
7640.63;-99.56
7643.55;-99.72
7646.48;-99.48
7649.41;-99.56
7652.34;-99.79
7655.27;-99.64
7658.20;-99.72
7661.13;-99.87
7664.06;-99.79
7666.99;-99.56
7669.92;-99.48
7672.85;-99.79
7675.78;-99.87
7678.71;-99.48
7681.64;-99.72
7684.57;-99.95
7687.50;-99.79
7690.43;-99.64
7693.36;-100.03
7696.29;-99.72
7699.22;-99.64
7702.15;-99.87
7705.08;-99.79
7708.01;-99.79
7710.94;-99.95
7713.87;-100.19
7716.80;-99.95
7719.73;-99.95
7722.66;-100.11
7725.59;-100.03
7728.52;-99.95
7731.45;-99.72
7734.38;-99.56
7737.30;-99.72
7740.23;-99.87
7743.16;-99.56
7746.09;-99.87
7749.02;-100.11
7751.95;-99.95
7754.88;-99.95
7757.81;-99.95
7760.74;-99.87
7763.67;-99.95
7766.60;-100.11
7769.53;-100.11
7772.46;-100.34
7775.39;-99.95
7778.32;-99.87
7781.25;-99.95
7784.18;-100.11
7787.11;-100.42
7790.04;-100.34
7792.97;-100.26
7795.90;-100.11
7798.83;-100.34
7801.76;-100.34
7804.69;-100.19
7807.62;-99.95
7810.55;-99.87
7813.48;-99.95
7816.41;-100.03
7819.34;-100.58
7822.27;-100.42
7825.20;-100.26
7828.13;-100.58
7831.05;-100.50
7833.98;-100.58
7836.91;-100.73
7839.84;-100.81
7842.77;-100.73
7845.70;-100.26
7848.63;-100.58
7851.56;-100.65
7854.49;-100.34
7857.42;-100.42
7860.35;-100.65
7863.28;-100.81
7866.21;-100.97
7869.14;-100.58
7872.07;-100.50
7875.00;-100.26
7877.93;-100.34
7880.86;-100.42
7883.79;-100.50
7886.72;-100.58
7889.65;-100.58
7892.58;-100.26
7895.51;-100.50
7898.44;-100.81
7901.37;-100.89
7904.30;-100.73
7907.23;-100.73
7910.16;-100.65
7913.09;-100.65
7916.02;-100.73
7918.95;-100.65
7921.88;-100.58
7924.80;-100.73
7927.73;-100.81
7930.66;-100.73
7933.59;-100.73
7936.52;-100.58
7939.45;-100.89
7942.38;-100.81
7945.31;-100.65
7948.24;-100.81
7951.17;-100.73
7954.10;-100.50
7957.03;-100.97
7959.96;-101.12
7962.89;-101.20
7965.82;-100.97
7968.75;-100.65
7971.68;-100.97
7974.61;-100.97
7977.54;-100.89
7980.47;-100.89
7983.40;-100.65
7986.33;-100.89
7989.26;-100.81
7992.19;-100.81
7995.12;-100.89
7998.05;-101.05
8000.98;-101.20
8003.91;-100.97
8006.84;-101.05
8009.77;-101.20
8012.70;-101.12
8015.63;-100.97
8018.55;-100.89
8021.48;-100.97
8024.41;-101.12
8027.34;-101.28
8030.27;-101.28
8033.20;-101.05
8036.13;-100.97
8039.06;-101.20
8041.99;-101.12
8044.92;-101.20
8047.85;-101.36
8050.78;-101.44
8053.71;-101.12
8056.64;-100.81
8059.57;-100.89
8062.50;-100.97
8065.43;-101.12
8068.36;-101.36
8071.29;-101.36
8074.22;-101.36
8077.15;-101.36
8080.08;-101.44
8083.01;-101.36
8085.94;-101.36
8088.87;-101.28
8091.80;-101.28
8094.73;-101.28
8097.66;-101.67
8100.59;-101.67
8103.52;-101.36
8106.45;-101.20
8109.38;-101.12
8112.30;-101.28
8115.23;-101.28
8118.16;-101.44
8121.09;-101.59
8124.02;-101.44
8126.95;-101.36
8129.88;-101.67
8132.81;-101.51
8135.74;-101.12
8138.67;-101.20
8141.60;-101.59
8144.53;-101.67
8147.46;-101.51
8150.39;-101.05
8153.32;-101.28
8156.25;-101.44
8159.18;-101.67
8162.11;-101.44
8165.04;-101.20
8167.97;-101.75
8170.90;-101.98
8173.83;-101.83
8176.76;-101.75
8179.69;-101.67
8182.62;-101.83
8185.55;-101.75
8188.48;-101.83
8191.41;-101.67
8194.34;-101.75
8197.27;-101.59
8200.20;-101.59
8203.13;-101.75
8206.05;-101.59
8208.98;-101.44
8211.91;-101.75
8214.84;-101.59
8217.77;-101.67
8220.70;-101.90
8223.63;-101.98
8226.56;-101.90
8229.49;-101.90
8232.42;-101.90
8235.35;-102.06
8238.28;-101.83
8241.21;-101.75
8244.14;-101.98
8247.07;-102.06
8250.00;-102.06
8252.93;-102.22
8255.86;-101.98
8258.79;-102.06
8261.72;-102.30
8264.65;-102.06
8267.58;-102.22
8270.51;-102.22
8273.44;-102.06
8276.37;-101.90
8279.30;-101.98
8282.23;-102.14
8285.16;-102.22
8288.09;-102.30
8291.02;-102.14
8293.95;-101.98
8296.88;-101.98
8299.80;-102.06
8302.73;-101.90
8305.66;-101.98
8308.59;-102.14
8311.52;-102.14
8314.45;-102.45
8317.38;-102.30
8320.31;-102.14
8323.24;-102.22
8326.17;-102.14
8329.10;-101.98
8332.03;-102.06
8334.96;-102.37
8337.89;-102.53
8340.82;-102.22
8343.75;-101.98
8346.68;-102.14
8349.61;-102.30
8352.54;-102.45
8355.47;-102.22
8358.40;-101.90
8361.33;-102.22
8364.26;-102.45
8367.19;-102.37
8370.12;-102.22
8373.05;-102.45
8375.98;-102.61
8378.91;-102.14
8381.84;-102.14
8384.77;-102.37
8387.70;-102.61
8390.63;-102.53
8393.55;-102.45
8396.48;-102.37
8399.41;-102.53
8402.34;-102.61
8405.27;-102.76
8408.20;-102.37
8411.13;-102.45
8414.06;-102.61
8416.99;-102.61
8419.92;-102.69
8422.85;-102.69
8425.78;-102.76
8428.71;-102.30
8431.64;-102.61
8434.57;-103.00
8437.50;-102.92
8440.43;-102.61
8443.36;-102.53
8446.29;-102.61
8449.22;-102.76
8452.15;-102.69
8455.08;-102.92
8458.01;-102.69
8460.94;-102.61
8463.87;-103.00
8466.80;-103.00
8469.73;-102.76
8472.66;-102.69
8475.59;-102.76
8478.52;-102.92
8481.45;-103.16
8484.38;-103.08
8487.30;-102.84
8490.23;-102.69
8493.16;-102.84
8496.09;-102.76
8499.02;-102.92
8501.95;-102.92
8504.88;-103.16
8507.81;-102.92
8510.74;-102.45
8513.67;-102.61
8516.60;-102.76
8519.53;-102.92
8522.46;-102.84
8525.39;-102.84
8528.32;-102.69
8531.25;-102.61
8534.18;-102.92
8537.11;-102.84
8540.04;-102.84
8542.97;-103.16
8545.90;-103.00
8548.83;-102.84
8551.76;-103.08
8554.69;-103.16
8557.62;-102.92
8560.55;-102.84
8563.48;-103.16
8566.41;-103.16
8569.34;-102.92
8572.27;-103.00
8575.20;-103.31
8578.13;-103.47
8581.05;-103.31
8583.98;-103.08
8586.91;-103.08
8589.84;-103.23
8592.77;-103.23
8595.70;-103.08
8598.63;-103.08
8601.56;-103.23
8604.49;-103.00
8607.42;-102.76
8610.35;-103.00
8613.28;-103.08
8616.21;-103.47
8619.14;-103.39
8622.07;-103.00
8625.00;-102.76
8627.93;-103.08
8630.86;-103.47
8633.79;-103.39
8636.72;-103.16
8639.65;-103.23
8642.58;-103.31
8645.51;-103.31
8648.44;-103.16
8651.37;-103.23
8654.30;-103.00
8657.23;-103.16
8660.16;-103.31
8663.09;-103.55
8666.02;-103.31
8668.95;-103.16
8671.88;-103.31
8674.80;-103.55
8677.73;-103.70
8680.66;-103.55
8683.59;-103.39
8686.52;-103.47
8689.45;-103.70
8692.38;-103.55
8695.31;-103.55
8698.24;-103.62
8701.17;-103.62
8704.10;-103.62
8707.03;-103.62
8709.96;-103.55
8712.89;-103.62
8715.82;-103.47
8718.75;-103.70
8721.68;-103.55
8724.61;-103.55
8727.54;-103.78
8730.47;-103.70
8733.40;-103.39
8736.33;-103.55
8739.26;-103.70
8742.19;-103.62
8745.12;-103.62
8748.05;-103.62
8750.98;-103.62
8753.91;-103.78
8756.84;-103.62
8759.77;-103.78
8762.70;-103.86
8765.63;-103.86
8768.55;-103.86
8771.48;-103.55
8774.41;-103.62
8777.34;-103.86
8780.27;-103.86
8783.20;-103.62
8786.13;-103.62
8789.06;-103.70
8791.99;-103.62
8794.92;-103.62
8797.85;-103.55
8800.78;-103.70
8803.71;-103.78
8806.64;-103.62
8809.57;-103.86
8812.50;-103.94
8815.43;-104.01
8818.36;-103.78
8821.29;-103.55
8824.22;-103.62
8827.15;-103.94
8830.08;-104.09
8833.01;-103.86
8835.94;-103.94
8838.87;-104.25
8841.80;-104.09
8844.73;-104.01
8847.66;-103.86
8850.59;-103.78
8853.52;-103.94
8856.45;-104.09
8859.38;-103.86
8862.30;-103.86
8865.23;-104.17
8868.16;-104.33
8871.09;-104.17
8874.02;-104.17
8876.95;-104.25
8879.88;-104.25
8882.81;-104.09
8885.74;-104.25
8888.67;-103.86
8891.60;-103.94
8894.53;-104.41
8897.46;-104.25
8900.39;-104.33
8903.32;-104.33
8906.25;-104.33
8909.18;-104.48
8912.11;-104.33
8915.04;-104.33
8917.97;-104.33
8920.90;-104.33
8923.83;-104.25
8926.76;-104.33
8929.69;-104.33
8932.62;-104.33
8935.55;-104.48
8938.48;-104.72
8941.41;-104.72
8944.34;-104.56
8947.27;-104.72
8950.20;-104.41
8953.13;-104.48
8956.05;-104.56
8958.98;-104.48
8961.91;-104.17
8964.84;-104.17
8967.77;-104.64
8970.70;-104.72
8973.63;-104.33
8976.56;-104.17
8979.49;-104.25
8982.42;-104.41
8985.35;-104.48
8988.28;-104.33
8991.21;-104.25
8994.14;-104.33
8997.07;-104.17
9000.00;-104.25
9002.93;-104.41
9005.86;-104.48
9008.79;-104.56
9011.72;-104.41
9014.65;-104.41
9017.58;-104.25
9020.51;-104.56
9023.44;-104.64
9026.37;-104.48
9029.30;-104.33
9032.23;-104.33
9035.16;-104.80
9038.09;-104.56
9041.02;-104.64
9043.95;-104.64
9046.88;-104.41
9049.80;-104.48
9052.73;-104.56
9055.66;-104.64
9058.59;-104.56
9061.52;-104.72
9064.45;-104.72
9067.38;-104.87
9070.31;-104.80
9073.24;-104.56
9076.17;-104.87
9079.10;-105.03
9082.03;-104.87
9084.96;-104.64
9087.89;-104.56
9090.82;-104.80
9093.75;-104.87
9096.68;-104.72
9099.61;-104.64
9102.54;-104.64
9105.47;-104.72
9108.40;-104.56
9111.33;-104.48
9114.26;-104.48
9117.19;-104.64
9120.12;-104.64
9123.05;-104.95
9125.98;-104.95
9128.91;-104.56
9131.84;-104.72
9134.77;-104.72
9137.70;-104.64
9140.63;-105.11
9143.55;-105.03
9146.48;-104.95
9149.41;-104.95
9152.34;-105.03
9155.27;-105.03
9158.20;-104.87
9161.13;-104.87
9164.06;-105.11
9166.99;-104.95
9169.92;-104.80
9172.85;-104.72
9175.78;-104.87
9178.71;-104.87
9181.64;-104.87
9184.57;-105.19
9187.50;-105.26
9190.43;-105.11
9193.36;-105.03
9196.29;-105.11
9199.22;-105.19
9202.15;-105.34
9205.08;-105.34
9208.01;-105.26
9210.94;-105.19
9213.87;-105.42
9216.80;-105.19
9219.73;-104.95
9222.66;-105.19
9225.59;-105.50
9228.52;-105.34
9231.45;-105.19
9234.38;-105.19
9237.30;-105.03
9240.23;-105.19
9243.16;-105.42
9246.09;-105.26
9249.02;-105.34
9251.95;-105.11
9254.88;-105.19
9257.81;-105.42
9260.74;-105.34
9263.67;-105.26
9266.60;-105.34
9269.53;-105.03
9272.46;-105.11
9275.39;-105.19
9278.32;-105.66
9281.25;-105.50
9284.18;-105.34
9287.11;-105.26
9290.04;-105.26
9292.97;-105.34
9295.90;-105.42
9298.83;-105.34
9301.76;-105.11
9304.69;-105.42
9307.62;-105.50
9310.55;-105.50
9313.48;-105.34
9316.41;-105.34
9319.34;-105.50
9322.27;-105.11
9325.20;-105.11
9328.13;-105.03
9331.05;-105.42
9333.98;-105.42
9336.91;-105.50
9339.84;-105.50
9342.77;-105.42
9345.70;-105.34
9348.63;-105.34
9351.56;-105.34
9354.49;-105.58
9357.42;-105.50
9360.35;-105.26
9363.28;-105.50
9366.21;-105.73
9369.14;-105.58
9372.07;-105.66
9375.00;-105.58
9377.93;-105.66
9380.86;-105.89
9383.79;-105.89
9386.72;-105.50
9389.65;-105.58
9392.58;-105.81
9395.51;-105.89
9398.44;-105.58
9401.37;-105.42
9404.30;-105.58
9407.23;-105.73
9410.16;-105.58
9413.09;-105.50
9416.02;-105.58
9418.95;-105.34
9421.88;-105.58
9424.80;-105.66
9427.73;-105.66
9430.66;-105.81
9433.59;-106.05
9436.52;-106.12
9439.45;-106.05
9442.38;-105.89
9445.31;-105.73
9448.24;-105.58
9451.17;-105.89
9454.10;-105.97
9457.03;-105.89
9459.96;-105.73
9462.89;-105.81
9465.82;-105.89
9468.75;-106.12
9471.68;-105.97
9474.61;-105.89
9477.54;-105.81
9480.47;-105.89
9483.40;-105.97
9486.33;-106.05
9489.26;-105.89
9492.19;-105.73
9495.12;-105.58
9498.05;-105.97
9500.98;-106.05
9503.91;-105.73
9506.84;-106.05
9509.77;-106.20
9512.70;-106.20
9515.63;-106.20
9518.55;-106.20
9521.48;-106.05
9524.41;-105.89
9527.34;-105.81
9530.27;-106.05
9533.20;-106.12
9536.13;-106.05
9539.06;-105.89
9541.99;-105.97
9544.92;-106.05
9547.85;-105.89
9550.78;-105.81
9553.71;-105.89
9556.64;-106.12
9559.57;-106.20
9562.50;-106.12
9565.43;-106.12
9568.36;-106.05
9571.29;-105.97
9574.22;-106.20
9577.15;-106.28
9580.08;-106.28
9583.01;-106.28
9585.94;-106.12
9588.87;-105.73
9591.80;-106.12
9594.73;-106.36
9597.66;-106.20
9600.59;-106.36
9603.52;-106.28
9606.45;-106.28
9609.38;-106.44
9612.30;-106.36
9615.23;-106.05
9618.16;-106.05
9621.09;-106.20
9624.02;-106.44
9626.95;-106.36
9629.88;-106.20
9632.81;-106.20
9635.74;-106.20
9638.67;-106.36
9641.60;-106.20
9644.53;-106.36
9647.46;-106.44
9650.39;-106.20
9653.32;-106.12
9656.25;-106.20
9659.18;-106.20
9662.11;-106.20
9665.04;-106.59
9667.97;-106.52
9670.90;-106.52
9673.83;-106.52
9676.76;-106.12
9679.69;-106.20
9682.62;-106.36
9685.55;-106.44
9688.48;-106.36
9691.41;-106.36
9694.34;-106.28
9697.27;-106.28
9700.20;-106.28
9703.13;-106.36
9706.05;-106.52
9708.98;-106.75
9711.91;-106.67
9714.84;-106.28
9717.77;-106.52
9720.70;-106.59
9723.63;-106.52
9726.56;-106.59
9729.49;-106.67
9732.42;-106.91
9735.35;-106.75
9738.28;-106.75
9741.21;-106.59
9744.14;-106.44
9747.07;-106.52
9750.00;-106.44
9752.93;-106.59
9755.86;-106.67
9758.79;-106.75
9761.72;-106.75
9764.65;-106.59
9767.58;-106.67
9770.51;-106.83
9773.44;-106.75
9776.37;-106.59
9779.30;-106.75
9782.23;-106.59
9785.16;-106.75
9788.09;-106.67
9791.02;-106.44
9793.95;-106.44
9796.88;-106.52
9799.80;-106.98
9802.73;-106.91
9805.66;-107.06
9808.59;-106.83
9811.52;-106.59
9814.45;-106.67
9817.38;-106.83
9820.31;-106.67
9823.24;-106.75
9826.17;-106.75
9829.10;-106.91
9832.03;-107.06
9834.96;-106.83
9837.89;-106.75
9840.82;-106.83
9843.75;-106.59
9846.68;-106.52
9849.61;-106.75
9852.54;-106.75
9855.47;-106.83
9858.40;-106.75
9861.33;-106.75
9864.26;-106.83
9867.19;-106.98
9870.12;-107.06
9873.05;-106.75
9875.98;-106.75
9878.91;-106.91
9881.84;-106.91
9884.77;-107.06
9887.70;-106.98
9890.63;-107.14
9893.55;-107.06
9896.48;-106.75
9899.41;-106.67
9902.34;-106.75
9905.27;-106.91
9908.20;-106.83
9911.13;-106.98
9914.06;-106.91
9916.99;-106.59
9919.92;-106.75
9922.85;-106.75
9925.78;-106.91
9928.71;-107.53
9931.64;-107.45
9934.57;-107.14
9937.50;-107.06
9940.43;-107.14
9943.36;-106.98
9946.29;-107.06
9949.22;-107.22
9952.15;-107.30
9955.08;-107.14
9958.01;-106.91
9960.94;-106.91
9963.87;-107.22
9966.80;-107.45
9969.73;-107.14
9972.66;-107.06
9975.59;-107.14
9978.52;-106.98
9981.45;-106.91
9984.38;-107.06
9987.30;-107.06
9990.23;-107.06
9993.16;-107.30
9996.09;-106.91
9999.02;-106.91
10001.95;-107.37
10004.88;-107.06
10007.81;-107.06
10010.74;-107.06
10013.67;-106.98
10016.60;-107.06
10019.53;-106.75
10022.46;-106.91
10025.39;-107.14
10028.32;-106.98
10031.25;-107.30
10034.18;-107.30
10037.11;-107.14
10040.04;-107.30
10042.97;-107.06
10045.90;-106.75
10048.83;-107.22
10051.76;-107.22
10054.69;-107.30
10057.62;-107.30
10060.55;-107.45
10063.48;-107.37
10066.41;-107.37
10069.34;-107.30
10072.27;-107.45
10075.20;-107.37
10078.13;-107.30
10081.05;-107.45
10083.98;-107.77
10086.91;-107.37
10089.84;-107.37
10092.77;-107.53
10095.70;-107.45
10098.63;-107.30
10101.56;-107.37
10104.49;-107.61
10107.42;-107.45
10110.35;-107.61
10113.28;-107.37
10116.21;-107.30
10119.14;-107.45
10122.07;-107.61
10125.00;-107.53
10127.93;-107.45
10130.86;-107.45
10133.79;-107.53
10136.72;-107.37
10139.65;-107.37
10142.58;-107.37
10145.51;-107.14
10148.44;-107.37
10151.37;-107.84
10154.30;-107.77
10157.23;-107.77
10160.16;-107.69
10163.09;-107.61
10166.02;-107.69
10168.95;-107.61
10171.88;-107.30
10174.80;-107.45
10177.73;-107.61
10180.66;-107.69
10183.59;-107.61
10186.52;-107.45
10189.45;-107.45
10192.38;-107.77
10195.31;-107.61
10198.24;-107.22
10201.17;-107.30
10204.10;-107.61
10207.03;-107.53
10209.96;-107.77
10212.89;-107.77
10215.82;-107.61
10218.75;-107.61
10221.68;-107.53
10224.61;-107.84
10227.54;-107.77
10230.47;-107.61
10233.40;-107.92
10236.33;-107.84
10239.26;-107.69
10242.19;-107.69
10245.12;-107.84
10248.05;-108.08
10250.98;-107.92
10253.91;-107.61
10256.84;-107.53
10259.77;-107.61
10262.70;-107.69
10265.63;-107.61
10268.55;-107.77
10271.48;-107.77
10274.41;-108.00
10277.34;-107.77
10280.27;-107.84
10283.20;-107.84
10286.13;-108.00
10289.06;-107.77
10291.99;-107.69
10294.92;-108.00
10297.85;-107.84
10300.78;-107.84
10303.71;-108.16
10306.64;-108.00
10309.57;-107.77
10312.50;-107.77
10315.43;-107.69
10318.36;-107.84
10321.29;-108.08
10324.22;-108.39
10327.15;-108.00
10330.08;-108.00
10333.01;-108.16
10335.94;-108.16
10338.87;-108.16
10341.80;-108.00
10344.73;-108.00
10347.66;-107.92
10350.59;-107.92
10353.52;-107.69
10356.45;-107.84
10359.38;-108.16
10362.30;-108.00
10365.23;-107.84
10368.16;-107.77
10371.09;-107.92
10374.02;-107.92
10376.95;-108.08
10379.88;-108.00
10382.81;-108.00
10385.74;-107.84
10388.67;-108.08
10391.60;-108.16
10394.53;-107.84
10397.46;-107.69
10400.39;-107.92
10403.32;-108.08
10406.25;-108.16
10409.18;-107.84
10412.11;-107.92
10415.04;-108.08
10417.97;-108.16
10420.90;-108.00
10423.83;-107.84
10426.76;-107.84
10429.69;-107.69
10432.62;-107.92
10435.55;-108.23
10438.48;-108.08
10441.41;-108.08
10444.34;-108.00
10447.27;-108.23
10450.20;-108.47
10453.13;-108.31
10456.05;-107.84
10458.98;-107.69
10461.91;-108.00
10464.84;-108.00
10467.77;-108.23
10470.70;-108.23
10473.63;-108.39
10476.56;-108.08
10479.49;-107.92
10482.42;-107.92
10485.35;-108.23
10488.28;-108.47
10491.21;-108.39
10494.14;-108.08
10497.07;-107.77
10500.00;-107.92
10502.93;-108.08
10505.86;-108.23
10508.79;-108.47
10511.72;-108.31
10514.65;-108.31
10517.58;-108.23
10520.51;-108.39
10523.44;-108.08
10526.37;-108.39
10529.30;-108.39
10532.23;-108.31
10535.16;-108.31
10538.09;-108.23
10541.02;-108.16
10543.95;-107.84
10546.88;-108.23
10549.80;-108.47
10552.73;-108.47
10555.66;-108.55
10558.59;-108.31
10561.52;-108.47
10564.45;-108.47
10567.38;-108.31
10570.31;-108.31
10573.24;-108.23
10576.17;-108.23
10579.10;-108.47
10582.03;-108.39
10584.96;-108.16
10587.89;-108.39
10590.82;-108.47
10593.75;-108.70
10596.68;-108.63
10599.61;-108.39
10602.54;-108.08
10605.47;-108.16
10608.40;-108.31
10611.33;-108.16
10614.26;-108.08
10617.19;-108.31
10620.12;-108.55
10623.05;-108.55
10625.98;-108.31
10628.91;-108.55
10631.84;-108.23
10634.77;-108.39
10637.70;-108.39
10640.63;-108.63
10643.55;-108.47
10646.48;-108.39
10649.41;-108.31
10652.34;-108.31
10655.27;-108.39
10658.20;-108.39
10661.13;-108.31
10664.06;-108.08
10666.99;-108.31
10669.92;-108.78
10672.85;-108.78
10675.78;-108.70
10678.71;-108.63
10681.64;-108.63
10684.57;-108.39
10687.50;-108.63
10690.43;-108.86
10693.36;-109.02
10696.29;-108.70
10699.22;-108.47
10702.15;-108.55
10705.08;-108.63
10708.01;-108.78
10710.94;-108.70
10713.87;-108.47
10716.80;-108.63
10719.73;-108.70
10722.66;-108.55
10725.59;-108.55
10728.52;-108.47
10731.45;-108.39
10734.38;-108.47
10737.30;-108.55
10740.23;-108.55
10743.16;-108.55
10746.09;-108.63
10749.02;-108.47
10751.95;-108.31
10754.88;-108.55
10757.81;-109.09
10760.74;-108.70
10763.67;-108.63
10766.60;-108.47
10769.53;-108.63
10772.46;-108.39
10775.39;-108.47
10778.32;-108.47
10781.25;-108.55
10784.18;-108.94
10787.11;-109.09
10790.04;-108.86
10792.97;-108.86
10795.90;-108.70
10798.83;-108.47
10801.76;-108.47
10804.69;-108.70
10807.62;-108.55
10810.55;-108.31
10813.48;-108.55
10816.41;-108.63
10819.34;-108.55
10822.27;-108.78
10825.20;-108.86
10828.13;-108.47
10831.05;-108.47
10833.98;-108.47
10836.91;-108.63
10839.84;-108.23
10842.77;-108.39
10845.70;-108.86
10848.63;-108.78
10851.56;-108.47
10854.49;-108.47
10857.42;-108.70
10860.35;-108.63
10863.28;-109.02
10866.21;-108.78
10869.14;-108.94
10872.07;-108.94
10875.00;-108.78
10877.93;-108.86
10880.86;-108.63
10883.79;-108.55
10886.72;-109.09
10889.65;-108.94
10892.58;-108.94
10895.51;-108.86
10898.44;-108.94
10901.37;-108.70
10904.30;-108.70
10907.23;-109.02
10910.16;-108.94
10913.09;-108.86
10916.02;-108.94
10918.95;-108.70
10921.88;-108.70
10924.80;-108.78
10927.73;-108.94
10930.66;-108.94
10933.59;-108.86
10936.52;-108.78
10939.45;-108.94
10942.38;-108.86
10945.31;-109.17
10948.24;-108.86
10951.17;-108.63
10954.10;-108.78
10957.03;-108.94
10959.96;-108.86
10962.89;-108.78
10965.82;-108.78
10968.75;-109.09
10971.68;-108.78
10974.61;-108.86
10977.54;-109.02
10980.47;-109.02
10983.40;-109.17
10986.33;-109.17
10989.26;-109.02
10992.19;-108.86
10995.12;-108.86
10998.05;-108.94
11000.98;-108.86
11003.91;-108.94
11006.84;-108.86
11009.77;-108.63
11012.70;-108.70
11015.63;-108.70
11018.55;-108.78
11021.48;-108.78
11024.41;-108.70
11027.34;-109.17
11030.27;-108.94
11033.20;-108.86
11036.13;-108.86
11039.06;-108.94
11041.99;-108.94
11044.92;-109.02
11047.85;-109.02
11050.78;-109.02
11053.71;-108.94
11056.64;-109.17
11059.57;-109.17
11062.50;-109.17
11065.43;-109.02
11068.36;-108.94
11071.29;-109.02
11074.22;-109.02
11077.15;-109.09
11080.08;-108.94
11083.01;-108.78
11085.94;-109.02
11088.87;-109.17
11091.80;-109.09
11094.73;-108.94
11097.66;-108.86
11100.59;-109.02
11103.52;-109.17
11106.45;-109.09
11109.38;-109.02
11112.30;-109.25
11115.23;-109.09
11118.16;-109.25
11121.09;-109.25
11124.02;-109.02
11126.95;-109.25
11129.88;-109.41
11132.81;-109.09
11135.74;-108.94
11138.67;-108.86
11141.60;-109.09
11144.53;-108.94
11147.46;-109.17
11150.39;-109.09
11153.32;-109.09
11156.25;-109.17
11159.18;-109.17
11162.11;-109.02
11165.04;-109.09
11167.97;-109.09
11170.90;-108.78
11173.83;-108.94
11176.76;-109.02
11179.69;-109.02
11182.62;-109.33
11185.55;-109.41
11188.48;-109.48
11191.41;-109.72
11194.34;-109.41
11197.27;-109.48
11200.20;-109.33
11203.13;-109.25
11206.05;-109.33
11208.98;-109.64
11211.91;-109.41
11214.84;-109.25
11217.77;-109.09
11220.70;-109.02
11223.63;-109.17
11226.56;-109.25
11229.49;-108.86
11232.42;-109.09
11235.35;-109.09
11238.28;-109.41
11241.21;-109.33
11244.14;-109.41
11247.07;-109.33
11250.00;-109.25
11252.93;-109.33
11255.86;-109.48
11258.79;-109.25
11261.72;-109.25
11264.65;-109.25
11267.58;-109.09
11270.51;-109.09
11273.44;-109.17
11276.37;-109.41
11279.30;-109.48
11282.23;-109.56
11285.16;-109.25
11288.09;-109.25
11291.02;-109.33
11293.95;-109.02
11296.88;-109.02
11299.80;-109.09
11302.73;-109.17
11305.66;-109.17
11308.59;-109.33
11311.52;-109.25
11314.45;-109.09
11317.38;-109.09
11320.31;-109.09
11323.24;-109.33
11326.17;-109.56
11329.10;-109.56
11332.03;-109.41
11334.96;-109.25
11337.89;-108.94
11340.82;-109.09
11343.75;-109.41
11346.68;-109.56
11349.61;-109.56
11352.54;-109.64
11355.47;-109.48
11358.40;-109.25
11361.33;-109.25
11364.26;-109.33
11367.19;-109.72
11370.12;-109.33
11373.05;-109.09
11375.98;-109.56
11378.91;-109.48
11381.84;-109.41
11384.77;-109.41
11387.70;-109.41
11390.63;-109.25
11393.55;-109.25
11396.48;-109.41
11399.41;-109.17
11402.34;-109.09
11405.27;-109.17
11408.20;-109.17
11411.13;-109.56
11414.06;-109.41
11416.99;-109.33
11419.92;-109.48
11422.85;-109.64
11425.78;-109.41
11428.71;-109.33
11431.64;-109.41
11434.57;-109.41
11437.50;-109.33
11440.43;-109.48
11443.36;-109.64
11446.29;-109.72
11449.22;-109.25
11452.15;-109.25
11455.08;-109.41
11458.01;-109.33
11460.94;-109.25
11463.87;-109.33
11466.80;-109.41
11469.73;-109.25
11472.66;-109.41
11475.59;-109.48
11478.52;-109.48
11481.45;-109.48
11484.38;-109.41
11487.30;-109.41
11490.23;-109.48
11493.16;-109.17
11496.09;-109.41
11499.02;-109.64
11501.95;-109.48
11504.88;-109.48
11507.81;-109.80
11510.74;-109.72
11513.67;-109.41
11516.60;-109.56
11519.53;-109.64
11522.46;-109.48
11525.39;-109.41
11528.32;-109.17
11531.25;-109.33
11534.18;-109.48
11537.11;-109.25
11540.04;-109.41
11542.97;-109.64
11545.90;-109.56
11548.83;-109.56
11551.76;-109.72
11554.69;-109.41
11557.62;-109.33
11560.55;-109.25
11563.48;-109.41
11566.41;-109.41
11569.34;-109.48
11572.27;-109.33
11575.20;-109.25
11578.13;-109.33
11581.05;-109.09
11583.98;-109.41
11586.91;-109.72
11589.84;-109.48
11592.77;-109.41
11595.70;-109.72
11598.63;-109.95
11601.56;-109.64
11604.49;-109.80
11607.42;-109.56
11610.35;-109.25
11613.28;-109.41
11616.21;-109.72
11619.14;-109.72
11622.07;-109.64
11625.00;-109.56
11627.93;-109.72
11630.86;-109.64
11633.79;-109.48
11636.72;-109.64
11639.65;-109.80
11642.58;-109.64
11645.51;-109.41
11648.44;-109.48
11651.37;-109.41
11654.30;-109.41
11657.23;-109.33
11660.16;-109.64
11663.09;-109.64
11666.02;-109.33
11668.95;-109.48
11671.88;-109.56
11674.80;-109.88
11677.73;-109.72
11680.66;-109.95
11683.59;-109.64
11686.52;-109.56
11689.45;-109.56
11692.38;-109.56
11695.31;-109.48
11698.24;-109.41
11701.17;-109.48
11704.10;-109.64
11707.03;-109.72
11709.96;-109.72
11712.89;-109.48
11715.82;-109.72
11718.75;-109.56
11721.68;-109.72
11724.61;-109.64
11727.54;-109.64
11730.47;-109.72
11733.40;-109.64
11736.33;-109.41
11739.26;-109.64
11742.19;-109.64
11745.12;-109.72
11748.05;-109.48
11750.98;-109.48
11753.91;-109.56
11756.84;-109.72
11759.77;-109.56
11762.70;-109.72
11765.63;-109.88
11768.55;-109.64
11771.48;-109.64
11774.41;-109.48
11777.34;-109.41
11780.27;-109.80
11783.20;-109.72
11786.13;-109.56
11789.06;-109.72
11791.99;-109.88
11794.92;-109.88
11797.85;-109.64
11800.78;-109.64
11803.71;-109.88
11806.64;-109.80
11809.57;-109.80
11812.50;-109.72
11815.43;-109.56
11818.36;-109.80
11821.29;-109.88
11824.22;-109.88
11827.15;-109.72
11830.08;-109.80
11833.01;-109.88
11835.94;-110.03
11838.87;-109.88
11841.80;-109.64
11844.73;-109.80
11847.66;-109.95
11850.59;-109.80
11853.52;-109.64
11856.45;-109.56
11859.38;-109.88
11862.30;-110.19
11865.23;-110.19
11868.16;-109.88
11871.09;-109.72
11874.02;-109.80
11876.95;-109.88
11879.88;-110.03
11882.81;-110.19
11885.74;-109.88
11888.67;-109.72
11891.60;-109.56
11894.53;-109.56
11897.46;-109.56
11900.39;-109.80
11903.32;-110.03
11906.25;-110.03
11909.18;-109.95
11912.11;-109.80
11915.04;-109.80
11917.97;-110.11
11920.90;-110.11
11923.83;-109.95
11926.76;-110.11
11929.69;-110.11
11932.62;-109.80
11935.55;-109.80
11938.48;-109.72
11941.41;-109.95
11944.34;-110.27
11947.27;-109.95
11950.20;-109.95
11953.13;-110.03
11956.05;-109.88
11958.98;-109.64
11961.91;-109.48
11964.84;-109.64
11967.77;-109.56
11970.70;-109.80
11973.63;-109.88
11976.56;-109.80
11979.49;-109.72
11982.42;-109.64
11985.35;-109.88
11988.28;-110.03
11991.21;-110.03
11994.14;-110.03
11997.07;-109.72
12000.00;-109.48
12002.93;-109.56
12005.86;-109.80
12008.79;-109.80
12011.72;-109.88
12014.65;-109.72
12017.58;-109.64
12020.51;-109.48
12023.44;-109.56
12026.37;-109.48
12029.30;-109.56
12032.23;-109.64
12035.16;-109.88
12038.09;-109.80
12041.02;-109.95
12043.95;-109.95
12046.88;-110.03
12049.80;-109.88
12052.73;-109.72
12055.66;-109.80
12058.59;-109.80
12061.52;-109.72
12064.45;-109.80
12067.38;-109.95
12070.31;-110.03
12073.24;-109.88
12076.17;-109.80
12079.10;-109.95
12082.03;-109.88
12084.96;-109.72
12087.89;-109.64
12090.82;-109.64
12093.75;-109.80
12096.68;-109.72
12099.61;-109.95
12102.54;-109.95
12105.47;-109.88
12108.40;-109.80
12111.33;-109.64
12114.26;-109.72
12117.19;-110.19
12120.12;-110.11
12123.05;-110.03
12125.98;-109.80
12128.91;-109.88
12131.84;-109.80
12134.77;-109.72
12137.70;-109.95
12140.63;-110.03
12143.55;-109.80
12146.48;-109.80
12149.41;-109.41
12152.34;-109.56
12155.27;-109.80
12158.20;-109.80
12161.13;-109.72
12164.06;-109.88
12166.99;-109.64
12169.92;-109.72
12172.85;-109.80
12175.78;-109.41
12178.71;-109.64
12181.64;-109.95
12184.57;-110.11
12187.50;-109.95
12190.43;-110.03
12193.36;-110.11
12196.29;-109.95
12199.22;-110.11
12202.15;-109.95
12205.08;-109.72
12208.01;-109.72
12210.94;-110.11
12213.87;-110.03
12216.80;-110.03
12219.73;-109.80
12222.66;-109.72
12225.59;-109.72
12228.52;-109.56
12231.45;-109.88
12234.38;-109.95
12237.30;-109.95
12240.23;-109.72
12243.16;-110.11
12246.09;-110.19
12249.02;-109.95
12251.95;-109.95
12254.88;-110.03
12257.81;-109.80
12260.74;-109.88
12263.67;-110.11
12266.60;-109.95
12269.53;-109.80
12272.46;-110.11
12275.39;-109.88
12278.32;-109.72
12281.25;-109.64
12284.18;-109.64
12287.11;-109.72
12290.04;-109.64
12292.97;-109.80
12295.90;-110.03
12298.83;-110.03
12301.76;-110.03
12304.69;-110.11
12307.62;-110.03
12310.55;-109.72
12313.48;-109.80
12316.41;-110.03
12319.34;-109.88
12322.27;-109.72
12325.20;-110.03
12328.13;-109.95
12331.05;-109.80
12333.98;-109.64
12336.91;-109.72
12339.84;-109.95
12342.77;-110.03
12345.70;-110.11
12348.63;-109.88
12351.56;-109.88
12354.49;-109.95
12357.42;-109.95
12360.35;-110.03
12363.28;-109.88
12366.21;-109.88
12369.14;-109.80
12372.07;-109.72
12375.00;-109.80
12377.93;-109.88
12380.86;-109.88
12383.79;-109.80
12386.72;-109.88
12389.65;-110.19
12392.58;-110.19
12395.51;-109.95
12398.44;-109.80
12401.37;-110.03
12404.30;-109.95
12407.23;-110.03
12410.16;-109.88
12413.09;-110.11
12416.02;-110.11
12418.95;-110.27
12421.88;-109.95
12424.80;-109.88
12427.73;-110.03
12430.66;-110.11
12433.59;-110.03
12436.52;-110.03
12439.45;-109.80
12442.38;-109.80
12445.31;-109.80
12448.24;-110.03
12451.17;-110.03
12454.10;-109.88
12457.03;-110.03
12459.96;-110.03
12462.89;-109.64
12465.82;-109.80
12468.75;-109.88
12471.68;-109.80
12474.61;-109.72
12477.54;-109.95
12480.47;-110.19
12483.40;-110.11
12486.33;-110.11
12489.26;-109.64
12492.19;-109.80
12495.12;-109.88
12498.05;-109.56
12500.98;-109.56
12503.91;-109.80
12506.84;-110.03
12509.77;-110.19
12512.70;-110.11
12515.63;-110.11
12518.55;-110.11
12521.48;-109.95
12524.41;-109.80
12527.34;-109.95
12530.27;-110.27
12533.20;-110.11
12536.13;-109.88
12539.06;-109.80
12541.99;-109.80
12544.92;-109.95
12547.85;-109.88
12550.78;-109.72
12553.71;-109.64
12556.64;-110.03
12559.57;-110.11
12562.50;-109.88
12565.43;-109.80
12568.36;-109.95
12571.29;-109.95
12574.22;-109.80
12577.15;-109.95
12580.08;-109.88
12583.01;-109.80
12585.94;-110.03
12588.87;-110.19
12591.80;-109.95
12594.73;-109.72
12597.66;-109.80
12600.59;-110.19
12603.52;-110.11
12606.45;-109.72
12609.38;-109.64
12612.30;-109.88
12615.23;-109.72
12618.16;-109.95
12621.09;-110.19
12624.02;-110.19
12626.95;-110.19
12629.88;-110.11
12632.81;-110.03
12635.74;-109.88
12638.67;-110.03
12641.60;-110.11
12644.53;-110.03
12647.46;-110.03
12650.39;-110.03
12653.32;-110.11
12656.25;-110.03
12659.18;-110.11
12662.11;-109.88
12665.04;-110.11
12667.97;-110.34
12670.90;-110.11
12673.83;-110.19
12676.76;-110.19
12679.69;-109.95
12682.62;-109.95
12685.55;-110.11
12688.48;-110.19
12691.41;-110.19
12694.34;-110.11
12697.27;-110.03
12700.20;-109.88
12703.13;-110.11
12706.05;-110.03
12708.98;-109.95
12711.91;-110.03
12714.84;-110.19
12717.77;-110.42
12720.70;-110.03
12723.63;-109.88
12726.56;-110.19
12729.49;-110.19
12732.42;-109.88
12735.35;-109.72
12738.28;-109.95
12741.21;-110.19
12744.14;-109.95
12747.07;-109.95
12750.00;-109.88
12752.93;-109.95
12755.86;-110.19
12758.79;-110.19
12761.72;-110.03
12764.65;-109.72
12767.58;-109.72
12770.51;-109.95
12773.44;-110.34
12776.37;-110.19
12779.30;-109.88
12782.23;-109.88
12785.16;-110.27
12788.09;-110.42
12791.02;-110.34
12793.95;-109.80
12796.88;-109.80
12799.80;-110.03
12802.73;-110.27
12805.66;-110.11
12808.59;-110.03
12811.52;-110.03
12814.45;-109.88
12817.38;-110.11
12820.31;-110.27
12823.24;-110.03
12826.17;-110.03
12829.10;-109.80
12832.03;-109.88
12834.96;-109.95
12837.89;-109.95
12840.82;-110.27
12843.75;-110.19
12846.68;-110.03
12849.61;-110.27
12852.54;-110.19
12855.47;-110.03
12858.40;-110.11
12861.33;-109.72
12864.26;-109.64
12867.19;-109.80
12870.12;-110.03
12873.05;-110.27
12875.98;-109.88
12878.91;-109.72
12881.84;-109.72
12884.77;-110.03
12887.70;-109.95
12890.63;-109.88
12893.55;-109.88
12896.48;-109.88
12899.41;-109.80
12902.34;-109.72
12905.27;-109.72
12908.20;-109.80
12911.13;-109.95
12914.06;-110.11
12916.99;-110.03
12919.92;-110.19
12922.85;-110.27
12925.78;-109.88
12928.71;-109.72
12931.64;-109.95
12934.57;-110.11
12937.50;-109.95
12940.43;-109.95
12943.36;-110.03
12946.29;-109.95
12949.22;-110.11
12952.15;-109.88
12955.08;-109.88
12958.01;-110.11
12960.94;-110.19
12963.87;-110.27
12966.80;-110.19
12969.73;-110.27
12972.66;-110.19
12975.59;-110.03
12978.52;-110.42
12981.45;-110.27
12984.38;-109.95
12987.30;-110.11
12990.23;-110.27
12993.16;-110.11
12996.09;-110.03
12999.02;-109.72
13001.95;-109.80
13004.88;-109.88
13007.81;-109.95
13010.74;-110.19
13013.67;-110.19
13016.60;-110.03
13019.53;-110.03
13022.46;-110.03
13025.39;-109.88
13028.32;-109.95
13031.25;-109.95
13034.18;-110.03
13037.11;-110.19
13040.04;-110.11
13042.97;-110.03
13045.90;-110.19
13048.83;-110.11
13051.76;-110.19
13054.69;-110.11
13057.62;-109.95
13060.55;-109.95
13063.48;-109.95
13066.41;-109.56
13069.34;-109.64
13072.27;-109.88
13075.20;-109.88
13078.13;-109.95
13081.05;-110.11
13083.98;-110.27
13086.91;-110.19
13089.84;-110.19
13092.77;-110.03
13095.70;-109.88
13098.63;-109.88
13101.56;-109.95
13104.49;-109.80
13107.42;-109.80
13110.35;-109.80
13113.28;-109.88
13116.21;-110.19
13119.14;-110.03
13122.07;-110.03
13125.00;-110.03
13127.93;-110.03
13130.86;-109.88
13133.79;-110.03
13136.72;-110.03
13139.65;-109.88
13142.58;-109.88
13145.51;-109.88
13148.44;-109.72
13151.37;-109.88
13154.30;-110.27
13157.23;-110.03
13160.16;-110.11
13163.09;-109.88
13166.02;-109.88
13168.95;-110.03
13171.88;-110.27
13174.80;-110.34
13177.73;-109.95
13180.66;-109.88
13183.59;-110.03
13186.52;-110.11
13189.45;-110.11
13192.38;-109.88
13195.31;-109.95
13198.24;-109.95
13201.17;-109.80
13204.10;-109.88
13207.03;-110.03
13209.96;-110.11
13212.89;-109.95
13215.82;-109.95
13218.75;-109.88
13221.68;-110.03
13224.61;-110.19
13227.54;-110.03
13230.47;-110.11
13233.40;-109.95
13236.33;-109.88
13239.26;-109.88
13242.19;-110.27
13245.12;-110.03
13248.05;-110.19
13250.98;-110.19
13253.91;-110.34
13256.84;-110.42
13259.77;-110.19
13262.70;-109.88
13265.63;-109.88
13268.55;-109.88
13271.48;-110.03
13274.41;-110.03
13277.34;-110.03
13280.27;-110.11
13283.20;-110.27
13286.13;-110.11
13289.06;-110.03
13291.99;-109.88
13294.92;-109.95
13297.85;-110.11
13300.78;-110.27
13303.71;-110.03
13306.64;-109.95
13309.57;-109.64
13312.50;-109.72
13315.43;-109.88
13318.36;-110.03
13321.29;-109.80
13324.22;-109.80
13327.15;-109.80
13330.08;-109.88
13333.01;-109.80
13335.94;-110.11
13338.87;-110.34
13341.80;-110.27
13344.73;-109.95
13347.66;-109.64
13350.59;-109.80
13353.52;-109.95
13356.45;-110.34
13359.38;-110.11
13362.30;-110.03
13365.23;-109.95
13368.16;-109.95
13371.09;-110.27
13374.02;-110.03
13376.95;-109.72
13379.88;-109.64
13382.81;-109.80
13385.74;-110.03
13388.67;-109.88
13391.60;-109.80
13394.53;-110.11
13397.46;-110.27
13400.39;-110.11
13403.32;-109.95
13406.25;-110.11
13409.18;-110.11
13412.11;-110.11
13415.04;-109.95
13417.97;-109.88
13420.90;-110.03
13423.83;-109.95
13426.76;-109.88
13429.69;-110.11
13432.62;-109.95
13435.55;-109.95
13438.48;-110.03
13441.41;-110.34
13444.34;-110.19
13447.27;-110.11
13450.20;-109.80
13453.13;-109.95
13456.05;-109.95
13458.98;-109.88
13461.91;-109.95
13464.84;-109.95
13467.77;-109.95
13470.70;-109.88
13473.63;-109.88
13476.56;-109.72
13479.49;-109.88
13482.42;-110.19
13485.35;-110.19
13488.28;-110.03
13491.21;-109.88
13494.14;-110.03
13497.07;-110.27
13500.00;-109.95
13502.93;-109.88
13505.86;-110.11
13508.79;-109.95
13511.72;-110.19
13514.65;-110.19
13517.58;-109.95
13520.51;-109.88
13523.44;-110.11
13526.37;-110.19
13529.30;-110.03
13532.23;-110.11
13535.16;-110.11
13538.09;-109.88
13541.02;-110.11
13543.95;-110.34
13546.88;-110.27
13549.80;-109.95
13552.73;-109.95
13555.66;-110.03
13558.59;-110.11
13561.52;-110.03
13564.45;-109.88
13567.38;-110.19
13570.31;-110.19
13573.24;-109.95
13576.17;-109.80
13579.10;-110.03
13582.03;-110.27
13584.96;-110.34
13587.89;-110.27
13590.82;-110.19
13593.75;-110.03
13596.68;-110.03
13599.61;-110.27
13602.54;-110.11
13605.47;-110.11
13608.40;-110.11
13611.33;-109.95
13614.26;-109.88
13617.19;-109.95
13620.12;-109.88
13623.05;-109.95
13625.98;-109.80
13628.91;-109.64
13631.84;-110.03
13634.77;-109.95
13637.70;-109.95
13640.63;-109.80
13643.55;-109.72
13646.48;-109.95
13649.41;-110.19
13652.34;-110.19
13655.27;-110.19
13658.20;-109.95
13661.13;-110.03
13664.06;-109.95
13666.99;-110.11
13669.92;-110.03
13672.85;-110.03
13675.78;-110.19
13678.71;-110.03
13681.64;-109.95
13684.57;-110.03
13687.50;-110.03
13690.43;-109.95
13693.36;-110.03
13696.29;-109.95
13699.22;-109.88
13702.15;-109.95
13705.08;-109.80
13708.01;-109.95
13710.94;-110.11
13713.87;-110.19
13716.80;-110.11
13719.73;-110.03
13722.66;-110.11
13725.59;-110.11
13728.52;-109.95
13731.45;-109.88
13734.38;-109.95
13737.30;-109.88
13740.23;-109.72
13743.16;-109.72
13746.09;-109.95
13749.02;-109.80
13751.95;-110.19
13754.88;-110.03
13757.81;-109.95
13760.74;-109.72
13763.67;-110.19
13766.60;-110.19
13769.53;-110.11
13772.46;-110.03
13775.39;-109.80
13778.32;-109.95
13781.25;-110.11
13784.18;-110.03
13787.11;-110.03
13790.04;-110.19
13792.97;-110.19
13795.90;-110.11
13798.83;-110.34
13801.76;-109.95
13804.69;-109.88
13807.62;-110.27
13810.55;-110.19
13813.48;-109.95
13816.41;-109.80
13819.34;-109.95
13822.27;-109.95
13825.20;-110.27
13828.13;-110.19
13831.05;-110.03
13833.98;-110.03
13836.91;-109.88
13839.84;-109.80
13842.77;-109.80
13845.70;-109.95
13848.63;-110.03
13851.56;-110.27
13854.49;-109.88
13857.42;-109.72
13860.35;-109.95
13863.28;-109.88
13866.21;-109.72
13869.14;-109.56
13872.07;-109.56
13875.00;-109.88
13877.93;-110.19
13880.86;-110.11
13883.79;-109.95
13886.72;-110.11
13889.65;-110.03
13892.58;-109.95
13895.51;-109.95
13898.44;-110.03
13901.37;-110.03
13904.30;-109.80
13907.23;-110.03
13910.16;-110.19
13913.09;-109.95
13916.02;-109.88
13918.95;-109.88
13921.88;-110.19
13924.80;-110.11
13927.73;-109.95
13930.66;-109.95
13933.59;-109.95
13936.52;-109.80
13939.45;-109.88
13942.38;-109.95
13945.31;-110.11
13948.24;-109.80
13951.17;-109.80
13954.10;-110.03
13957.03;-109.72
13959.96;-109.64
13962.89;-109.88
13965.82;-109.80
13968.75;-109.80
13971.68;-109.80
13974.61;-109.64
13977.54;-109.95
13980.47;-109.80
13983.40;-109.72
13986.33;-110.03
13989.26;-110.03
13992.19;-109.88
13995.12;-109.72
13998.05;-109.80
14000.98;-109.95
14003.91;-109.88
14006.84;-109.95
14009.77;-109.88
14012.70;-110.03
14015.63;-110.11
14018.55;-109.80
14021.48;-109.95
14024.41;-109.88
14027.34;-109.88
14030.27;-109.88
14033.20;-109.95
14036.13;-109.64
14039.06;-109.95
14041.99;-110.11
14044.92;-109.95
14047.85;-110.03
14050.78;-109.95
14053.71;-109.88
14056.64;-109.80
14059.57;-109.95
14062.50;-109.95
14065.43;-109.88
14068.36;-109.88
14071.29;-109.88
14074.22;-110.03
14077.15;-110.03
14080.08;-110.19
14083.01;-110.03
14085.94;-109.80
14088.87;-110.03
14091.80;-110.03
14094.73;-110.03
14097.66;-109.95
14100.59;-110.11
14103.52;-109.95
14106.45;-109.95
14109.38;-109.95
14112.30;-109.80
14115.23;-109.72
14118.16;-109.64
14121.09;-109.88
14124.02;-109.88
14126.95;-109.72
14129.88;-109.80
14132.81;-110.03
14135.74;-110.03
14138.67;-109.88
14141.60;-109.88
14144.53;-110.03
14147.46;-109.95
14150.39;-109.56
14153.32;-109.41
14156.25;-109.80
14159.18;-109.80
14162.11;-109.72
14165.04;-109.64
14167.97;-109.80
14170.90;-109.80
14173.83;-109.64
14176.76;-109.80
14179.69;-109.80
14182.62;-109.80
14185.55;-109.95
14188.48;-109.95
14191.41;-109.88
14194.34;-109.95
14197.27;-109.88
14200.20;-109.80
14203.13;-110.11
14206.05;-109.95
14208.98;-109.88
14211.91;-109.56
14214.84;-109.64
14217.77;-109.72
14220.70;-109.72
14223.63;-110.03
14226.56;-109.80
14229.49;-109.80
14232.42;-109.88
14235.35;-109.64
14238.28;-109.48
14241.21;-109.80
14244.14;-110.11
14247.07;-110.03
14250.00;-109.80
14252.93;-109.80
14255.86;-109.88
14258.79;-109.88
14261.72;-109.72
14264.65;-109.80
14267.58;-109.88
14270.51;-109.72
14273.44;-109.64
14276.37;-109.72
14279.30;-109.80
14282.23;-109.95
14285.16;-109.95
14288.09;-109.80
14291.02;-109.80
14293.95;-109.95
14296.88;-109.88
14299.80;-109.80
14302.73;-110.03
14305.66;-109.95
14308.59;-109.72
14311.52;-109.72
14314.45;-109.80
14317.38;-109.88
14320.31;-109.80
14323.24;-110.03
14326.17;-109.95
14329.10;-109.72
14332.03;-109.72
14334.96;-109.88
14337.89;-109.72
14340.82;-109.80
14343.75;-109.72
14346.68;-109.64
14349.61;-109.72
14352.54;-109.95
14355.47;-109.95
14358.40;-109.88
14361.33;-109.88
14364.26;-110.11
14367.19;-109.95
14370.12;-109.80
14373.05;-109.56
14375.98;-109.64
14378.91;-109.95
14381.84;-109.95
14384.77;-109.95
14387.70;-109.80
14390.63;-109.88
14393.55;-109.88
14396.48;-109.88
14399.41;-109.72
14402.34;-109.72
14405.27;-109.88
14408.20;-109.88
14411.13;-109.72
14414.06;-109.64
14416.99;-109.88
14419.92;-109.64
14422.85;-109.64
14425.78;-109.72
14428.71;-109.64
14431.64;-109.56
14434.57;-109.88
14437.50;-110.11
14440.43;-109.72
14443.36;-109.64
14446.29;-109.95
14449.22;-109.80
14452.15;-109.72
14455.08;-109.64
14458.01;-109.88
14460.94;-109.80
14463.87;-109.80
14466.80;-109.72
14469.73;-109.72
14472.66;-109.88
14475.59;-109.80
14478.52;-109.72
14481.45;-109.80
14484.38;-109.95
14487.30;-109.64
14490.23;-109.72
14493.16;-110.11
14496.09;-109.95
14499.02;-109.88
14501.95;-109.80
14504.88;-109.80
14507.81;-109.80
14510.74;-109.64
14513.67;-109.95
14516.60;-110.03
14519.53;-109.88
14522.46;-109.72
14525.39;-109.72
14528.32;-109.72
14531.25;-109.80
14534.18;-109.64
14537.11;-109.80
14540.04;-109.80
14542.97;-109.80
14545.90;-109.72
14548.83;-109.56
14551.76;-109.64
14554.69;-109.64
14557.62;-109.95
14560.55;-109.80
14563.48;-109.41
14566.41;-109.33
14569.34;-109.41
14572.27;-109.56
14575.20;-109.64
14578.13;-109.80
14581.05;-109.88
14583.98;-109.95
14586.91;-109.88
14589.84;-109.72
14592.77;-109.64
14595.70;-109.48
14598.63;-109.64
14601.56;-109.64
14604.49;-109.88
14607.42;-109.88
14610.35;-109.48
14613.28;-109.64
14616.21;-109.72
14619.14;-109.64
14622.07;-109.64
14625.00;-109.48
14627.93;-109.80
14630.86;-110.03
14633.79;-109.72
14636.72;-109.41
14639.65;-109.56
14642.58;-109.64
14645.51;-109.64
14648.44;-109.72
14651.37;-109.56
14654.30;-109.72
14657.23;-109.80
14660.16;-109.95
14663.09;-109.88
14666.02;-110.03
14668.95;-110.03
14671.88;-109.56
14674.80;-109.80
14677.73;-109.88
14680.66;-109.80
14683.59;-109.80
14686.52;-109.72
14689.45;-109.72
14692.38;-109.88
14695.31;-109.88
14698.24;-109.64
14701.17;-109.56
14704.10;-109.64
14707.03;-109.64
14709.96;-109.72
14712.89;-109.95
14715.82;-109.80
14718.75;-109.41
14721.68;-109.25
14724.61;-109.56
14727.54;-109.48
14730.47;-109.41
14733.40;-109.64
14736.33;-109.80
14739.26;-109.80
14742.19;-109.56
14745.12;-109.64
14748.05;-109.72
14750.98;-109.80
14753.91;-109.88
14756.84;-109.56
14759.77;-109.48
14762.70;-109.56
14765.63;-109.72
14768.55;-109.95
14771.48;-109.88
14774.41;-109.80
14777.34;-109.88
14780.27;-109.56
14783.20;-109.64
14786.13;-109.64
14789.06;-109.72
14791.99;-109.80
14794.92;-109.56
14797.85;-109.64
14800.78;-109.80
14803.71;-109.88
14806.64;-109.72
14809.57;-109.56
14812.50;-109.48
14815.43;-109.41
14818.36;-109.56
14821.29;-109.64
14824.22;-109.48
14827.15;-109.48
14830.08;-109.56
14833.01;-109.48
14835.94;-109.48
14838.87;-109.48
14841.80;-109.64
14844.73;-109.88
14847.66;-109.80
14850.59;-109.56
14853.52;-109.56
14856.45;-109.41
14859.38;-109.48
14862.30;-109.41
14865.23;-109.64
14868.16;-109.88
14871.09;-109.56
14874.02;-109.41
14876.95;-109.56
14879.88;-109.48
14882.81;-109.48
14885.74;-109.88
14888.67;-109.72
14891.60;-109.64
14894.53;-109.41
14897.46;-109.56
14900.39;-109.48
14903.32;-109.64
14906.25;-109.56
14909.18;-109.80
14912.11;-109.80
14915.04;-109.41
14917.97;-109.41
14920.90;-109.64
14923.83;-109.72
14926.76;-109.72
14929.69;-109.56
14932.62;-109.64
14935.55;-109.88
14938.48;-109.95
14941.41;-109.56
14944.34;-109.56
14947.27;-109.80
14950.20;-109.64
14953.13;-109.80
14956.05;-109.80
14958.98;-109.72
14961.91;-109.56
14964.84;-109.64
14967.77;-109.72
14970.70;-109.72
14973.63;-109.56
14976.56;-109.72
14979.49;-109.88
14982.42;-109.80
14985.35;-109.88
14988.28;-109.88
14991.21;-109.64
14994.14;-109.56
14997.07;-109.64
15000.00;-109.56
15002.93;-109.48
15005.86;-109.33
15008.79;-109.33
15011.72;-109.56
15014.65;-109.41
15017.58;-109.48
15020.51;-109.41
15023.44;-109.41
15026.37;-109.64
15029.30;-109.56
15032.23;-109.41
15035.16;-109.41
15038.09;-109.64
15041.02;-109.64
15043.95;-109.33
15046.88;-109.41
15049.80;-109.48
15052.73;-109.56
15055.66;-109.80
15058.59;-109.48
15061.52;-109.56
15064.45;-109.33
15067.38;-109.25
15070.31;-109.41
15073.24;-109.64
15076.17;-109.48
15079.10;-109.72
15082.03;-109.80
15084.96;-109.64
15087.89;-109.80
15090.82;-109.64
15093.75;-109.56
15096.68;-109.80
15099.61;-109.95
15102.54;-109.95
15105.47;-109.64
15108.40;-109.48
15111.33;-109.56
15114.26;-109.48
15117.19;-109.64
15120.12;-109.80
15123.05;-109.72
15125.98;-109.64
15128.91;-109.64
15131.84;-109.64
15134.77;-109.64
15137.70;-109.64
15140.63;-109.64
15143.55;-109.33
15146.48;-109.48
15149.41;-109.64
15152.34;-109.25
15155.27;-109.56
15158.20;-109.48
15161.13;-109.41
15164.06;-109.48
15166.99;-109.33
15169.92;-109.25
15172.85;-109.17
15175.78;-109.33
15178.71;-109.64
15181.64;-109.56
15184.57;-109.41
15187.50;-109.64
15190.43;-109.33
15193.36;-109.25
15196.29;-109.41
15199.22;-109.48
15202.15;-109.56
15205.08;-109.48
15208.01;-109.56
15210.94;-109.41
15213.87;-109.41
15216.80;-109.56
15219.73;-109.48
15222.66;-109.25
15225.59;-109.64
15228.52;-109.80
15231.45;-109.56
15234.38;-109.56
15237.30;-109.48
15240.23;-109.56
15243.16;-109.48
15246.09;-109.41
15249.02;-109.41
15251.95;-109.33
15254.88;-109.72
15257.81;-109.48
15260.74;-109.17
15263.67;-109.48
15266.60;-109.48
15269.53;-109.56
15272.46;-109.33
15275.39;-109.41
15278.32;-109.56
15281.25;-109.48
15284.18;-109.64
15287.11;-109.64
15290.04;-109.56
15292.97;-109.72
15295.90;-109.72
15298.83;-109.33
15301.76;-109.64
15304.69;-109.56
15307.62;-109.64
15310.55;-109.41
15313.48;-109.64
15316.41;-109.80
15319.34;-109.56
15322.27;-109.48
15325.20;-109.48
15328.13;-109.48
15331.05;-109.56
15333.98;-109.64
15336.91;-109.72
15339.84;-109.48
15342.77;-109.25
15345.70;-109.72
15348.63;-109.64
15351.56;-109.48
15354.49;-109.64
15357.42;-109.64
15360.35;-109.41
15363.28;-109.56
15366.21;-109.25
15369.14;-109.17
15372.07;-109.33
15375.00;-109.56
15377.93;-109.72
15380.86;-109.56
15383.79;-109.56
15386.72;-109.56
15389.65;-109.41
15392.58;-109.48
15395.51;-109.48
15398.44;-109.48
15401.37;-109.56
15404.30;-109.56
15407.23;-109.48
15410.16;-109.33
15413.09;-109.48
15416.02;-109.72
15418.95;-109.25
15421.88;-109.64
15424.80;-109.80
15427.73;-109.88
15430.66;-109.64
15433.59;-109.64
15436.52;-109.41
15439.45;-109.41
15442.38;-109.33
15445.31;-109.41
15448.24;-109.56
15451.17;-109.48
15454.10;-109.41
15457.03;-109.56
15459.96;-109.48
15462.89;-109.48
15465.82;-109.41
15468.75;-109.09
15471.68;-109.41
15474.61;-109.48
15477.54;-109.48
15480.47;-109.56
15483.40;-109.72
15486.33;-109.80
15489.26;-109.56
15492.19;-109.48
15495.12;-109.56
15498.05;-109.48
15500.98;-109.25
15503.91;-109.41
15506.84;-109.56
15509.77;-109.64
15512.70;-109.48
15515.63;-109.09
15518.55;-109.33
15521.48;-109.48
15524.41;-109.48
15527.34;-109.56
15530.27;-109.64
15533.20;-109.64
15536.13;-109.64
15539.06;-109.33
15541.99;-109.25
15544.92;-109.33
15547.85;-109.41
15550.78;-109.64
15553.71;-109.88
15556.64;-109.48
15559.57;-109.25
15562.50;-109.56
15565.43;-109.48
15568.36;-109.33
15571.29;-109.17
15574.22;-109.25
15577.15;-109.56
15580.08;-109.64
15583.01;-109.56
15585.94;-109.17
15588.87;-109.33
15591.80;-109.64
15594.73;-109.64
15597.66;-109.56
15600.59;-109.80
15603.52;-109.48
15606.45;-109.33
15609.38;-109.41
15612.30;-109.25
15615.23;-109.25
15618.16;-109.48
15621.09;-109.41
15624.02;-109.33
15626.95;-109.25
15629.88;-109.17
15632.81;-109.25
15635.74;-109.25
15638.67;-109.09
15641.60;-109.41
15644.53;-109.25
15647.46;-109.09
15650.39;-109.25
15653.32;-109.33
15656.25;-109.09
15659.18;-108.94
15662.11;-109.25
15665.04;-109.48
15667.97;-109.48
15670.90;-109.48
15673.83;-109.48
15676.76;-109.41
15679.69;-109.25
15682.62;-109.41
15685.55;-109.72
15688.48;-109.41
15691.41;-108.94
15694.34;-109.17
15697.27;-109.25
15700.20;-109.33
15703.13;-109.25
15706.05;-109.33
15708.98;-109.41
15711.91;-109.48
15714.84;-109.41
15717.77;-109.41
15720.70;-109.48
15723.63;-109.48
15726.56;-109.56
15729.49;-109.41
15732.42;-109.17
15735.35;-109.25
15738.28;-109.09
15741.21;-109.33
15744.14;-109.09
15747.07;-109.25
15750.00;-109.48
15752.93;-109.48
15755.86;-109.41
15758.79;-109.25
15761.72;-109.41
15764.65;-109.64
15767.58;-109.33
15770.51;-109.33
15773.44;-109.33
15776.37;-109.17
15779.30;-109.48
15782.23;-109.56
15785.16;-109.41
15788.09;-109.17
15791.02;-109.09
15793.95;-109.33
15796.88;-109.41
15799.80;-109.17
15802.73;-109.17
15805.66;-109.41
15808.59;-109.48
15811.52;-109.17
15814.45;-109.09
15817.38;-109.09
15820.31;-109.33
15823.24;-109.17
15826.17;-109.25
15829.10;-109.17
15832.03;-109.25
15834.96;-109.25
15837.89;-109.41
15840.82;-109.41
15843.75;-109.25
15846.68;-109.48
15849.61;-109.72
15852.54;-109.48
15855.47;-109.25
15858.40;-109.09
15861.33;-109.17
15864.26;-109.25
15867.19;-109.09
15870.12;-109.25
15873.05;-109.41
15875.98;-109.56
15878.91;-109.64
15881.84;-109.56
15884.77;-109.33
15887.70;-109.25
15890.63;-109.09
15893.55;-109.17
15896.48;-109.41
15899.41;-109.56
15902.34;-109.33
15905.27;-109.02
15908.20;-109.09
15911.13;-109.48
15914.06;-109.41
15916.99;-109.41
15919.92;-109.41
15922.85;-109.33
15925.78;-109.17
15928.71;-109.09
15931.64;-109.17
15934.57;-109.17
15937.50;-109.41
15940.43;-109.41
15943.36;-109.02
15946.29;-108.94
15949.22;-109.09
15952.15;-109.33
15955.08;-109.25
15958.01;-109.33
15960.94;-109.17
15963.87;-109.33
15966.80;-109.09
15969.73;-109.25
15972.66;-109.25
15975.59;-109.09
15978.52;-109.17
15981.45;-109.41
15984.38;-109.33
15987.30;-109.17
15990.23;-109.25
15993.16;-109.09
15996.09;-109.41
15999.02;-109.17
16001.95;-108.86
16004.88;-109.09
16007.81;-109.25
16010.74;-109.25
16013.67;-109.17
16016.60;-109.09
16019.53;-109.09
16022.46;-109.48
16025.39;-109.33
16028.32;-109.25
16031.25;-109.09
16034.18;-108.94
16037.11;-109.33
16040.04;-109.25
16042.97;-109.25
16045.90;-109.48
16048.83;-109.25
16051.76;-109.33
16054.69;-109.02
16057.62;-109.17
16060.55;-109.33
16063.48;-109.48
16066.41;-109.41
16069.34;-109.17
16072.27;-109.33
16075.20;-109.41
16078.13;-109.17
16081.05;-108.94
16083.98;-109.25
16086.91;-109.17
16089.84;-109.09
16092.77;-109.25
16095.70;-109.25
16098.63;-109.17
16101.56;-109.17
16104.49;-108.86
16107.42;-109.09
16110.35;-109.17
16113.28;-109.17
16116.21;-109.25
16119.14;-109.25
16122.07;-109.25
16125.00;-109.09
16127.93;-108.86
16130.86;-109.17
16133.79;-108.94
16136.72;-108.94
16139.65;-109.02
16142.58;-109.25
16145.51;-109.25
16148.44;-109.17
16151.37;-109.41
16154.30;-109.17
16157.23;-109.25
16160.16;-109.09
16163.09;-109.02
16166.02;-108.94
16168.95;-109.41
16171.88;-109.17
16174.80;-109.17
16177.73;-109.25
16180.66;-109.48
16183.59;-109.41
16186.52;-109.25
16189.45;-109.25
16192.38;-109.25
16195.31;-109.17
16198.24;-109.25
16201.17;-109.25
16204.10;-109.17
16207.03;-108.94
16209.96;-109.09
16212.89;-109.33
16215.82;-109.25
16218.75;-108.94
16221.68;-108.78
16224.61;-108.86
16227.54;-109.25
16230.47;-109.17
16233.40;-109.33
16236.33;-109.25
16239.26;-109.33
16242.19;-109.09
16245.12;-109.25
16248.05;-109.25
16250.98;-109.33
16253.91;-109.48
16256.84;-109.41
16259.77;-109.02
16262.70;-109.17
16265.63;-109.25
16268.55;-108.94
16271.48;-109.09
16274.41;-109.33
16277.34;-109.33
16280.27;-109.25
16283.20;-109.33
16286.13;-109.02
16289.06;-109.02
16291.99;-108.86
16294.92;-109.02
16297.85;-109.02
16300.78;-109.02
16303.71;-109.02
16306.64;-109.02
16309.57;-108.94
16312.50;-109.02
16315.43;-109.17
16318.36;-109.33
16321.29;-109.17
16324.22;-109.02
16327.15;-109.02
16330.08;-109.17
16333.01;-109.25
16335.94;-109.25
16338.87;-109.17
16341.80;-109.09
16344.73;-109.33
16347.66;-109.48
16350.59;-109.17
16353.52;-109.09
16356.45;-109.02
16359.38;-109.02
16362.30;-109.25
16365.23;-109.17
16368.16;-109.02
16371.09;-108.78
16374.02;-108.70
16376.95;-109.09
16379.88;-109.25
16382.81;-109.09
16385.74;-108.86
16388.67;-108.94
16391.60;-108.94
16394.53;-109.09
16397.46;-109.33
16400.39;-109.25
16403.32;-109.17
16406.25;-109.33
16409.18;-109.33
16412.11;-109.25
16415.04;-109.33
16417.97;-109.02
16420.90;-109.09
16423.83;-109.33
16426.76;-109.09
16429.69;-109.09
16432.62;-108.94
16435.55;-109.17
16438.48;-109.17
16441.41;-109.02
16444.34;-108.94
16447.27;-108.94
16450.20;-108.94
16453.13;-108.78
16456.05;-108.70
16458.98;-108.86
16461.91;-109.25
16464.84;-109.17
16467.77;-109.48
16470.70;-109.41
16473.63;-109.09
16476.56;-109.02
16479.49;-109.09
16482.42;-109.09
16485.35;-109.09
16488.28;-109.02
16491.21;-108.94
16494.14;-109.09
16497.07;-109.02
16500.00;-108.86
16502.93;-109.02
16505.86;-109.17
16508.79;-109.48
16511.72;-109.41
16514.65;-109.09
16517.58;-109.25
16520.51;-109.02
16523.44;-109.02
16526.37;-109.09
16529.30;-108.94
16532.23;-109.09
16535.16;-109.17
16538.09;-108.86
16541.02;-109.09
16543.95;-109.02
16546.88;-108.94
16549.80;-108.94
16552.73;-109.17
16555.66;-109.02
16558.59;-108.86
16561.52;-108.78
16564.45;-109.02
16567.38;-108.94
16570.31;-108.86
16573.24;-108.94
16576.17;-109.02
16579.10;-108.86
16582.03;-108.86
16584.96;-108.94
16587.89;-109.09
16590.82;-109.09
16593.75;-109.02
16596.68;-108.70
16599.61;-108.86
16602.54;-108.78
16605.47;-108.70
16608.40;-108.78
16611.33;-109.02
16614.26;-108.94
16617.19;-108.86
16620.12;-109.09
16623.05;-109.09
16625.98;-109.17
16628.91;-109.02
16631.84;-109.17
16634.77;-109.25
16637.70;-109.33
16640.63;-109.09
16643.55;-108.86
16646.48;-109.02
16649.41;-108.94
16652.34;-108.70
16655.27;-108.70
16658.20;-109.09
16661.13;-108.94
16664.06;-108.94
16666.99;-108.86
16669.92;-108.86
16672.85;-109.02
16675.78;-109.17
16678.71;-108.86
16681.64;-108.94
16684.57;-109.17
16687.50;-109.02
16690.43;-109.17
16693.36;-109.09
16696.29;-108.63
16699.22;-108.47
16702.15;-109.02
16705.08;-109.09
16708.01;-109.09
16710.94;-108.94
16713.87;-108.94
16716.80;-108.94
16719.73;-108.94
16722.66;-108.94
16725.59;-108.86
16728.52;-108.86
16731.45;-108.63
16734.38;-109.02
16737.30;-109.17
16740.23;-108.86
16743.16;-108.86
16746.09;-108.86
16749.02;-109.09
16751.95;-109.02
16754.88;-109.09
16757.81;-109.25
16760.74;-109.33
16763.67;-109.09
16766.60;-109.25
16769.53;-109.17
16772.46;-108.86
16775.39;-108.94
16778.32;-108.94
16781.25;-109.02
16784.18;-109.02
16787.11;-108.94
16790.04;-108.94
16792.97;-108.94
16795.90;-108.78
16798.83;-108.78
16801.76;-108.94
16804.69;-109.09
16807.62;-109.02
16810.55;-108.78
16813.48;-108.70
16816.41;-108.78
16819.34;-108.86
16822.27;-109.17
16825.20;-109.09
16828.13;-109.33
16831.05;-109.17
16833.98;-109.09
16836.91;-109.02
16839.84;-109.17
16842.77;-108.94
16845.70;-108.86
16848.63;-109.25
16851.56;-109.02
16854.49;-108.78
16857.42;-108.78
16860.35;-109.09
16863.28;-108.94
16866.21;-108.86
16869.14;-109.25
16872.07;-109.33
16875.00;-109.09
16877.93;-109.02
16880.86;-108.86
16883.79;-109.02
16886.72;-109.09
16889.65;-109.02
16892.58;-108.63
16895.51;-108.78
16898.44;-108.63
16901.37;-108.55
16904.30;-108.55
16907.23;-108.86
16910.16;-108.86
16913.09;-108.63
16916.02;-108.70
16918.95;-108.86
16921.88;-109.02
16924.80;-108.94
16927.73;-109.02
16930.66;-108.94
16933.59;-108.86
16936.52;-108.70
16939.45;-108.94
16942.38;-108.78
16945.31;-108.86
16948.24;-108.78
16951.17;-109.02
16954.10;-109.17
16957.03;-108.94
16959.96;-108.70
16962.89;-108.78
16965.82;-108.70
16968.75;-108.63
16971.68;-109.02
16974.61;-108.94
16977.54;-109.02
16980.47;-109.17
16983.40;-109.02
16986.33;-108.94
16989.26;-109.02
16992.19;-109.02
16995.12;-108.94
16998.05;-108.70
17000.98;-108.47
17003.91;-108.63
17006.84;-109.02
17009.77;-109.02
17012.70;-109.17
17015.63;-109.02
17018.55;-108.78
17021.48;-108.70
17024.41;-108.86
17027.34;-108.94
17030.27;-109.02
17033.20;-108.78
17036.13;-108.78
17039.06;-108.63
17041.99;-108.63
17044.92;-108.63
17047.85;-108.63
17050.78;-108.70
17053.71;-108.70
17056.64;-108.70
17059.57;-108.70
17062.50;-108.70
17065.43;-108.78
17068.36;-108.86
17071.29;-108.86
17074.22;-108.78
17077.15;-108.94
17080.08;-108.78
17083.01;-108.86
17085.94;-108.86
17088.87;-109.02
17091.80;-109.02
17094.73;-109.02
17097.66;-108.94
17100.59;-109.09
17103.52;-109.09
17106.45;-108.86
17109.38;-108.70
17112.30;-108.63
17115.23;-108.78
17118.16;-108.63
17121.09;-108.63
17124.02;-108.86
17126.95;-109.25
17129.88;-108.94
17132.81;-108.70
17135.74;-108.70
17138.67;-109.02
17141.60;-109.02
17144.53;-108.78
17147.46;-108.78
17150.39;-108.86
17153.32;-108.78
17156.25;-108.86
17159.18;-108.78
17162.11;-108.78
17165.04;-108.70
17167.97;-108.63
17170.90;-108.70
17173.83;-108.63
17176.76;-108.78
17179.69;-109.02
17182.62;-109.17
17185.55;-108.94
17188.48;-108.94
17191.41;-108.86
17194.34;-108.94
17197.27;-108.78
17200.20;-108.86
17203.13;-108.86
17206.05;-108.86
17208.98;-108.78
17211.91;-108.86
17214.84;-108.94
17217.77;-108.94
17220.70;-108.86
17223.63;-108.94
17226.56;-108.94
17229.49;-108.78
17232.42;-108.63
17235.35;-108.78
17238.28;-108.55
17241.21;-108.47
17244.14;-108.86
17247.07;-108.94
17250.00;-109.02
17252.93;-108.70
17255.86;-108.55
17258.79;-108.70
17261.72;-108.63
17264.65;-108.70
17267.58;-108.78
17270.51;-108.86
17273.44;-108.63
17276.37;-108.63
17279.30;-109.02
17282.23;-109.17
17285.16;-108.63
17288.09;-108.63
17291.02;-108.78
17293.95;-108.70
17296.88;-108.86
17299.80;-108.86
17302.73;-108.78
17305.66;-108.63
17308.59;-108.55
17311.52;-108.55
17314.45;-108.78
17317.38;-108.86
17320.31;-108.70
17323.24;-108.70
17326.17;-108.78
17329.10;-108.63
17332.03;-108.47
17334.96;-108.47
17337.89;-108.47
17340.82;-108.63
17343.75;-108.63
17346.68;-108.39
17349.61;-108.39
17352.54;-108.63
17355.47;-108.55
17358.40;-108.63
17361.33;-108.86
17364.26;-108.86
17367.19;-108.94
17370.12;-108.86
17373.05;-108.78
17375.98;-108.63
17378.91;-108.47
17381.84;-108.70
17384.77;-108.70
17387.70;-108.39
17390.63;-108.63
17393.55;-108.63
17396.48;-108.63
17399.41;-108.63
17402.34;-108.70
17405.27;-108.86
17408.20;-108.63
17411.13;-108.70
17414.06;-108.70
17416.99;-108.55
17419.92;-108.70
17422.85;-109.02
17425.78;-108.55
17428.71;-108.63
17431.64;-108.55
17434.57;-108.78
17437.50;-108.94
17440.43;-108.78
17443.36;-108.55
17446.29;-108.63
17449.22;-108.94
17452.15;-108.70
17455.08;-108.47
17458.01;-108.39
17460.94;-108.47
17463.87;-108.55
17466.80;-108.63
17469.73;-108.55
17472.66;-108.47
17475.59;-108.55
17478.52;-108.63
17481.45;-108.86
17484.38;-108.70
17487.30;-108.55
17490.23;-108.23
17493.16;-108.47
17496.09;-108.55
17499.02;-108.63
17501.95;-108.78
17504.88;-108.63
17507.81;-108.47
17510.74;-108.55
17513.67;-108.78
17516.60;-108.55
17519.53;-108.55
17522.46;-108.55
17525.39;-108.55
17528.32;-108.47
17531.25;-108.63
17534.18;-108.86
17537.11;-108.78
17540.04;-108.70
17542.97;-108.55
17545.90;-108.78
17548.83;-108.70
17551.76;-108.55
17554.69;-108.31
17557.62;-108.39
17560.55;-108.63
17563.48;-108.70
17566.41;-108.55
17569.34;-108.39
17572.27;-108.63
17575.20;-108.86
17578.13;-108.78
17581.05;-108.70
17583.98;-108.78
17586.91;-108.78
17589.84;-108.86
17592.77;-108.78
17595.70;-108.47
17598.63;-108.23
17601.56;-108.47
17604.49;-108.47
17607.42;-108.47
17610.35;-108.63
17613.28;-108.70
17616.21;-108.55
17619.14;-108.47
17622.07;-108.16
17625.00;-108.47
17627.93;-108.86
17630.86;-108.86
17633.79;-108.86
17636.72;-108.70
17639.65;-108.63
17642.58;-108.63
17645.51;-108.78
17648.44;-108.63
17651.37;-108.47
17654.30;-108.55
17657.23;-108.63
17660.16;-108.94
17663.09;-108.78
17666.02;-108.70
17668.95;-108.55
17671.88;-108.47
17674.80;-108.39
17677.73;-108.39
17680.66;-108.47
17683.59;-108.63
17686.52;-108.86
17689.45;-108.70
17692.38;-108.47
17695.31;-108.47
17698.24;-108.55
17701.17;-108.39
17704.10;-108.63
17707.03;-108.47
17709.96;-108.39
17712.89;-108.63
17715.82;-108.39
17718.75;-108.16
17721.68;-108.31
17724.61;-108.55
17727.54;-108.70
17730.47;-108.78
17733.40;-108.47
17736.33;-108.23
17739.26;-108.47
17742.19;-108.47
17745.12;-108.63
17748.05;-108.47
17750.98;-108.47
17753.91;-108.31
17756.84;-108.47
17759.77;-108.63
17762.70;-108.78
17765.63;-108.86
17768.55;-108.70
17771.48;-108.70
17774.41;-108.23
17777.34;-108.31
17780.27;-108.47
17783.20;-108.31
17786.13;-108.47
17789.06;-108.63
17791.99;-108.47
17794.92;-108.55
17797.85;-108.78
17800.78;-108.70
17803.71;-108.63
17806.64;-108.63
17809.57;-108.55
17812.50;-108.63
17815.43;-108.55
17818.36;-108.47
17821.29;-108.63
17824.22;-108.70
17827.15;-108.78
17830.08;-108.78
17833.01;-108.86
17835.94;-108.94
17838.87;-108.70
17841.80;-108.78
17844.73;-108.94
17847.66;-108.78
17850.59;-108.39
17853.52;-108.31
17856.45;-108.70
17859.38;-108.78
17862.30;-108.63
17865.23;-108.78
17868.16;-108.70
17871.09;-108.55
17874.02;-108.70
17876.95;-108.78
17879.88;-108.78
17882.81;-108.70
17885.74;-108.47
17888.67;-108.47
17891.60;-108.55
17894.53;-108.39
17897.46;-108.39
17900.39;-108.16
17903.32;-108.31
17906.25;-108.39
17909.18;-108.55
17912.11;-108.63
17915.04;-108.47
17917.97;-108.31
17920.90;-108.23
17923.83;-108.39
17926.76;-108.86
17929.69;-108.63
17932.62;-108.63
17935.55;-108.47
17938.48;-108.39
17941.41;-108.39
17944.34;-108.47
17947.27;-108.31
17950.20;-108.31
17953.13;-108.47
17956.05;-108.39
17958.98;-108.31
17961.91;-108.31
17964.84;-108.39
17967.77;-108.23
17970.70;-108.47
17973.63;-108.70
17976.56;-108.31
17979.49;-108.39
17982.42;-108.70
17985.35;-108.63
17988.28;-108.39
17991.21;-108.63
17994.14;-108.70
17997.07;-108.63
18000.00;-108.47
18002.93;-108.39
18005.86;-108.39
18008.79;-108.55
18011.72;-108.63
18014.65;-108.70
18017.58;-108.86
18020.51;-108.63
18023.44;-108.47
18026.37;-108.39
18029.30;-108.39
18032.23;-108.39
18035.16;-108.39
18038.09;-108.55
18041.02;-108.55
18043.95;-108.63
18046.88;-108.86
18049.80;-108.47
18052.73;-108.23
18055.66;-108.23
18058.59;-108.31
18061.52;-108.55
18064.45;-108.55
18067.38;-108.47
18070.31;-108.70
18073.24;-108.47
18076.17;-108.63
18079.10;-108.63
18082.03;-108.47
18084.96;-108.16
18087.89;-108.23
18090.82;-108.39
18093.75;-108.39
18096.68;-108.70
18099.61;-108.86
18102.54;-108.63
18105.47;-108.55
18108.40;-108.63
18111.33;-108.47
18114.26;-108.39
18117.19;-108.31
18120.12;-108.39
18123.05;-108.47
18125.98;-108.70
18128.91;-108.63
18131.84;-108.63
18134.77;-108.39
18137.70;-108.31
18140.63;-108.39
18143.55;-108.39
18146.48;-108.31
18149.41;-108.55
18152.34;-108.55
18155.27;-108.47
18158.20;-108.31
18161.13;-108.31
18164.06;-108.47
18166.99;-108.63
18169.92;-108.39
18172.85;-108.55
18175.78;-108.55
18178.71;-108.31
18181.64;-108.23
18184.57;-108.31
18187.50;-108.47
18190.43;-108.31
18193.36;-108.63
18196.29;-108.47
18199.22;-108.55
18202.15;-108.55
18205.08;-108.47
18208.01;-108.39
18210.94;-108.47
18213.87;-108.31
18216.80;-108.47
18219.73;-108.47
18222.66;-108.23
18225.59;-108.31
18228.52;-108.47
18231.45;-108.47
18234.38;-108.31
18237.30;-108.39
18240.23;-108.31
18243.16;-108.31
18246.09;-108.16
18249.02;-108.23
18251.95;-108.31
18254.88;-108.23
18257.81;-108.39
18260.74;-108.70
18263.67;-108.39
18266.60;-108.47
18269.53;-108.47
18272.46;-108.55
18275.39;-108.55
18278.32;-108.39
18281.25;-108.08
18284.18;-108.08
18287.11;-108.16
18290.04;-108.39
18292.97;-108.31
18295.90;-108.55
18298.83;-108.86
18301.76;-108.70
18304.69;-108.55
18307.62;-108.39
18310.55;-108.55
18313.48;-108.39
18316.41;-108.31
18319.34;-108.31
18322.27;-108.23
18325.20;-108.39
18328.13;-108.23
18331.05;-108.23
18333.98;-108.23
18336.91;-108.31
18339.84;-108.16
18342.77;-108.08
18345.70;-108.16
18348.63;-108.31
18351.56;-108.23
18354.49;-108.63
18357.42;-108.63
18360.35;-108.31
18363.28;-108.31
18366.21;-108.23
18369.14;-108.31
18372.07;-108.47
18375.00;-108.47
18377.93;-108.47
18380.86;-108.47
18383.79;-108.47
18386.72;-108.23
18389.65;-108.31
18392.58;-108.47
18395.51;-108.55
18398.44;-108.39
18401.37;-108.47
18404.30;-108.47
18407.23;-108.23
18410.16;-108.31
18413.09;-108.23
18416.02;-108.31
18418.95;-108.23
18421.88;-108.31
18424.80;-108.55
18427.73;-108.31
18430.66;-108.23
18433.59;-108.23
18436.52;-108.31
18439.45;-108.47
18442.38;-108.08
18445.31;-108.31
18448.24;-108.55
18451.17;-108.63
18454.10;-108.23
18457.03;-108.16
18459.96;-108.23
18462.89;-108.23
18465.82;-108.23
18468.75;-108.31
18471.68;-108.39
18474.61;-108.31
18477.54;-108.47
18480.47;-108.47
18483.40;-108.31
18486.33;-108.23
18489.26;-108.00
18492.19;-108.08
18495.12;-108.39
18498.05;-108.47
18500.98;-108.47
18503.91;-108.39
18506.84;-108.39
18509.77;-108.39
18512.70;-108.16
18515.63;-108.23
18518.55;-108.31
18521.48;-108.23
18524.41;-108.31
18527.34;-108.47
18530.27;-108.47
18533.20;-108.70
18536.13;-108.31
18539.06;-108.31
18541.99;-108.47
18544.92;-108.31
18547.85;-108.16
18550.78;-108.23
18553.71;-108.39
18556.64;-108.31
18559.57;-108.00
18562.50;-108.23
18565.43;-108.23
18568.36;-108.23
18571.29;-108.23
18574.22;-108.16
18577.15;-108.47
18580.08;-108.70
18583.01;-108.47
18585.94;-108.16
18588.87;-108.23
18591.80;-108.16
18594.73;-108.08
18597.66;-108.39
18600.59;-108.47
18603.52;-108.39
18606.45;-108.16
18609.38;-108.23
18612.30;-108.39
18615.23;-108.39
18618.16;-108.08
18621.09;-108.08
18624.02;-108.39
18626.95;-108.23
18629.88;-108.16
18632.81;-108.16
18635.74;-108.16
18638.67;-108.23
18641.60;-108.31
18644.53;-108.39
18647.46;-108.31
18650.39;-108.16
18653.32;-108.39
18656.25;-108.31
18659.18;-108.23
18662.11;-108.16
18665.04;-108.16
18667.97;-108.23
18670.90;-108.31
18673.83;-108.39
18676.76;-108.08
18679.69;-108.31
18682.62;-108.31
18685.55;-108.23
18688.48;-108.08
18691.41;-108.08
18694.34;-108.31
18697.27;-108.31
18700.20;-108.08
18703.13;-108.08
18706.05;-107.92
18708.98;-108.00
18711.91;-108.00
18714.84;-108.23
18717.77;-108.23
18720.70;-107.84
18723.63;-108.00
18726.56;-108.39
18729.49;-108.47
18732.42;-108.23
18735.35;-108.16
18738.28;-108.16
18741.21;-108.16
18744.14;-108.16
18747.07;-108.39
18750.00;-108.16
18752.93;-107.92
18755.86;-108.31
18758.79;-108.23
18761.72;-108.47
18764.65;-108.47
18767.58;-108.31
18770.51;-108.00
18773.44;-107.84
18776.37;-108.31
18779.30;-108.55
18782.23;-108.23
18785.16;-108.16
18788.09;-108.31
18791.02;-108.39
18793.95;-108.08
18796.88;-108.00
18799.80;-108.23
18802.73;-108.00
18805.66;-107.92
18808.59;-107.92
18811.52;-107.92
18814.45;-108.16
18817.38;-108.08
18820.31;-108.00
18823.24;-107.92
18826.17;-108.31
18829.10;-108.31
18832.03;-108.31
18834.96;-108.31
18837.89;-108.16
18840.82;-108.08
18843.75;-108.00
18846.68;-108.31
18849.61;-108.39
18852.54;-108.47
18855.47;-108.39
18858.40;-108.23
18861.33;-108.08
18864.26;-108.08
18867.19;-108.08
18870.12;-108.16
18873.05;-108.16
18875.98;-107.92
18878.91;-107.92
18881.84;-108.31
18884.77;-108.00
18887.70;-107.84
18890.63;-107.92
18893.55;-108.16
18896.48;-108.08
18899.41;-107.92
18902.34;-108.08
18905.27;-108.16
18908.20;-108.31
18911.13;-108.23
18914.06;-107.92
18916.99;-108.31
18919.92;-108.23
18922.85;-108.08
18925.78;-108.08
18928.71;-107.92
18931.64;-108.08
18934.57;-108.31
18937.50;-108.08
18940.43;-108.23
18943.36;-108.23
18946.29;-108.23
18949.22;-108.16
18952.15;-107.69
18955.08;-107.84
18958.01;-108.23
18960.94;-108.23
18963.87;-108.39
18966.80;-108.23
18969.73;-108.16
18972.66;-108.16
18975.59;-108.23
18978.52;-108.16
18981.45;-108.31
18984.38;-108.39
18987.30;-108.08
18990.23;-107.77
18993.16;-107.92
18996.09;-108.00
18999.02;-108.00
19001.95;-108.00
19004.88;-108.23
19007.81;-108.16
19010.74;-108.31
19013.67;-108.23
19016.60;-108.16
19019.53;-108.00
19022.46;-107.84
19025.39;-107.84
19028.32;-108.00
19031.25;-107.92
19034.18;-108.08
19037.11;-108.16
19040.04;-108.23
19042.97;-108.08
19045.90;-108.31
19048.83;-108.39
19051.76;-108.08
19054.69;-108.16
19057.62;-108.31
19060.55;-108.00
19063.48;-107.92
19066.41;-108.31
19069.34;-108.39
19072.27;-108.00
19075.20;-108.08
19078.13;-108.16
19081.05;-108.23
19083.98;-108.31
19086.91;-108.55
19089.84;-108.31
19092.77;-108.08
19095.70;-107.92
19098.63;-108.16
19101.56;-108.16
19104.49;-108.08
19107.42;-108.16
19110.35;-107.84
19113.28;-107.61
19116.21;-107.84
19119.14;-107.77
19122.07;-108.08
19125.00;-108.31
19127.93;-108.00
19130.86;-108.08
19133.79;-108.16
19136.72;-108.16
19139.65;-108.00
19142.58;-107.92
19145.51;-108.23
19148.44;-108.39
19151.37;-108.08
19154.30;-107.77
19157.23;-107.84
19160.16;-107.84
19163.09;-108.00
19166.02;-107.92
19168.95;-107.92
19171.88;-108.08
19174.80;-108.08
19177.73;-107.92
19180.66;-107.92
19183.59;-108.16
19186.52;-108.08
19189.45;-107.77
19192.38;-108.08
19195.31;-108.00
19198.24;-107.92
19201.17;-108.23
19204.10;-107.92
19207.03;-108.08
19209.96;-108.16
19212.89;-107.92
19215.82;-107.92
19218.75;-108.00
19221.68;-108.16
19224.61;-108.23
19227.54;-108.39
19230.47;-108.16
19233.40;-107.92
19236.33;-108.08
19239.26;-108.23
19242.19;-108.16
19245.12;-108.16
19248.05;-108.31
19250.98;-108.00
19253.91;-108.08
19256.84;-108.00
19259.77;-108.08
19262.70;-108.08
19265.63;-107.92
19268.55;-107.92
19271.48;-108.00
19274.41;-108.00
19277.34;-107.92
19280.27;-107.84
19283.20;-108.00
19286.13;-108.23
19289.06;-108.16
19291.99;-108.16
19294.92;-108.23
19297.85;-108.23
19300.78;-108.16
19303.71;-108.08
19306.64;-107.69
19309.57;-107.61
19312.50;-107.77
19315.43;-107.84
19318.36;-107.84
19321.29;-107.77
19324.22;-107.77
19327.15;-108.16
19330.08;-108.16
19333.01;-108.00
19335.94;-108.16
19338.87;-108.39
19341.80;-108.08
19344.73;-108.00
19347.66;-108.16
19350.59;-108.08
19353.52;-108.31
19356.45;-108.08
19359.38;-108.00
19362.30;-108.08
19365.23;-108.31
19368.16;-108.16
19371.09;-107.92
19374.02;-107.69
19376.95;-107.92
19379.88;-108.23
19382.81;-108.23
19385.74;-108.00
19388.67;-107.92
19391.60;-108.00
19394.53;-108.08
19397.46;-108.08
19400.39;-108.39
19403.32;-108.23
19406.25;-108.23
19409.18;-108.16
19412.11;-108.00
19415.04;-108.00
19417.97;-108.00
19420.90;-108.00
19423.83;-107.92
19426.76;-107.92
19429.69;-107.77
19432.62;-108.00
19435.55;-108.08
19438.48;-108.00
19441.41;-107.84
19444.34;-107.69
19447.27;-107.84
19450.20;-107.84
19453.13;-107.92
19456.05;-108.08
19458.98;-108.08
19461.91;-107.84
19464.84;-107.53
19467.77;-107.84
19470.70;-107.92
19473.63;-107.92
19476.56;-107.77
19479.49;-108.00
19482.42;-108.16
19485.35;-107.84
19488.28;-107.77
19491.21;-107.84
19494.14;-107.92
19497.07;-107.92
19500.00;-107.84
19502.93;-108.00
19505.86;-108.00
19508.79;-107.69
19511.72;-107.92
19514.65;-107.84
19517.58;-108.00
19520.51;-108.08
19523.44;-108.00
19526.37;-107.77
19529.30;-107.84
19532.23;-107.61
19535.16;-107.84
19538.09;-108.08
19541.02;-108.23
19543.95;-108.23
19546.88;-108.23
19549.80;-108.16
19552.73;-108.08
19555.66;-108.00
19558.59;-107.92
19561.52;-108.00
19564.45;-108.00
19567.38;-107.92
19570.31;-107.53
19573.24;-107.61
19576.17;-107.77
19579.10;-107.84
19582.03;-107.92
19584.96;-107.69
19587.89;-107.69
19590.82;-107.69
19593.75;-107.69
19596.68;-107.61
19599.61;-107.77
19602.54;-107.84
19605.47;-107.92
19608.40;-107.77
19611.33;-107.84
19614.26;-107.92
19617.19;-107.61
19620.12;-107.61
19623.05;-107.53
19625.98;-107.77
19628.91;-107.84
19631.84;-107.84
19634.77;-107.84
19637.70;-107.69
19640.63;-107.77
19643.55;-108.16
19646.48;-107.92
19649.41;-107.84
19652.34;-107.92
19655.27;-107.92
19658.20;-107.84
19661.13;-107.84
19664.06;-107.77
19666.99;-107.61
19669.92;-107.84
19672.85;-107.77
19675.78;-107.69
19678.71;-107.77
19681.64;-107.77
19684.57;-107.84
19687.50;-107.92
19690.43;-107.77
19693.36;-107.77
19696.29;-107.84
19699.22;-108.00
19702.15;-108.00
19705.08;-108.00
19708.01;-107.84
19710.94;-107.92
19713.87;-107.92
19716.80;-107.84
19719.73;-107.69
19722.66;-107.84
19725.59;-107.61
19728.52;-107.77
19731.45;-107.53
19734.38;-107.53
19737.30;-107.92
19740.23;-108.16
19743.16;-107.84
19746.09;-107.69
19749.02;-107.84
19751.95;-107.77
19754.88;-107.77
19757.81;-107.69
19760.74;-107.84
19763.67;-107.77
19766.60;-107.77
19769.53;-107.77
19772.46;-107.92
19775.39;-108.00
19778.32;-108.08
19781.25;-108.00
19784.18;-107.84
19787.11;-107.84
19790.04;-107.69
19792.97;-107.69
19795.90;-107.92
19798.83;-107.77
19801.76;-107.69
19804.69;-107.77
19807.62;-107.77
19810.55;-107.61
19813.48;-107.77
19816.41;-108.00
19819.34;-108.00
19822.27;-107.84
19825.20;-107.53
19828.13;-107.37
19831.05;-107.45
19833.98;-107.77
19836.91;-107.84
19839.84;-107.61
19842.77;-107.77
19845.70;-107.61
19848.63;-107.77
19851.56;-107.77
19854.49;-107.77
19857.42;-107.69
19860.35;-107.69
19863.28;-107.92
19866.21;-107.92
19869.14;-107.77
19872.07;-107.92
19875.00;-108.00
19877.93;-108.16
19880.86;-107.92
19883.79;-107.77
19886.72;-107.77
19889.65;-107.92
19892.58;-107.84
19895.51;-107.92
19898.44;-107.84
19901.37;-107.77
19904.30;-107.61
19907.23;-107.69
19910.16;-107.61
19913.09;-107.77
19916.02;-107.69
19918.95;-107.45
19921.88;-107.61
19924.80;-107.69
19927.73;-107.61
19930.66;-107.61
19933.59;-107.69
19936.52;-107.61
19939.45;-107.61
19942.38;-107.61
19945.31;-107.77
19948.24;-107.84
19951.17;-107.69
19954.10;-107.77
19957.03;-107.77
19959.96;-107.69
19962.89;-107.69
19965.82;-107.84
19968.75;-107.92
19971.68;-108.16
19974.61;-108.00
19977.54;-107.77
19980.47;-107.84
19983.40;-108.00
19986.33;-107.84
19989.26;-108.08
19992.19;-108.00
19995.12;-107.69
19998.05;-107.77
20000.98;-107.61
20003.91;-107.37
20006.84;-107.61
20009.77;-107.77
20012.70;-107.77
20015.63;-107.77
20018.55;-107.92
20021.48;-107.45
20024.41;-107.69
20027.34;-107.69
20030.27;-107.53
20033.20;-107.61
20036.13;-107.61
20039.06;-107.37
20041.99;-107.30
20044.92;-107.61
20047.85;-107.69
20050.78;-107.77
20053.71;-107.61
20056.64;-107.84
20059.57;-107.69
20062.50;-107.45
20065.43;-107.77
20068.36;-107.77
20071.29;-108.00
20074.22;-107.53
20077.15;-107.53
20080.08;-107.92
20083.01;-108.00
20085.94;-107.84
20088.87;-107.84
20091.80;-107.61
20094.73;-107.45
20097.66;-107.45
20100.59;-107.53
20103.52;-107.77
20106.45;-107.92
20109.38;-107.84
20112.30;-107.77
20115.23;-107.53
20118.16;-107.84
20121.09;-107.77
20124.02;-107.53
20126.95;-107.61
20129.88;-107.84
20132.81;-107.69
20135.74;-107.45
20138.67;-107.61
20141.60;-107.77
20144.53;-107.77
20147.46;-107.77
20150.39;-107.69
20153.32;-107.69
20156.25;-107.69
20159.18;-107.61
20162.11;-107.45
20165.04;-107.53
20167.97;-107.45
20170.90;-107.53
20173.83;-107.77
20176.76;-107.84
20179.69;-107.69
20182.62;-107.53
20185.55;-107.45
20188.48;-107.53
20191.41;-107.61
20194.34;-107.77
20197.27;-107.53
20200.20;-107.84
20203.13;-107.61
20206.05;-107.84
20208.98;-107.77
20211.91;-107.53
20214.84;-107.69
20217.77;-107.37
20220.70;-107.37
20223.63;-107.69
20226.56;-107.84
20229.49;-107.61
20232.42;-107.53
20235.35;-107.69
20238.28;-107.77
20241.21;-107.77
20244.14;-107.61
20247.07;-107.61
20250.00;-107.69
20252.93;-107.61
20255.86;-107.53
20258.79;-107.53
20261.72;-107.53
20264.65;-107.92
20267.58;-107.84
20270.51;-107.45
20273.44;-107.45
20276.37;-107.37
20279.30;-107.61
20282.23;-107.77
20285.16;-107.84
20288.09;-107.61
20291.02;-107.69
20293.95;-107.53
20296.88;-107.37
20299.80;-107.77
20302.73;-107.69
20305.66;-107.45
20308.59;-107.77
20311.52;-107.61
20314.45;-107.61
20317.38;-107.69
20320.31;-107.69
20323.24;-107.37
20326.17;-107.37
20329.10;-107.61
20332.03;-107.77
20334.96;-107.45
20337.89;-107.61
20340.82;-107.61
20343.75;-107.45
20346.68;-107.22
20349.61;-107.37
20352.54;-107.45
20355.47;-107.45
20358.40;-107.45
20361.33;-107.30
20364.26;-107.37
20367.19;-107.53
20370.12;-107.61
20373.05;-107.77
20375.98;-107.61
20378.91;-107.84
20381.84;-107.61
20384.77;-107.53
20387.70;-107.53
20390.63;-107.61
20393.55;-107.45
20396.48;-107.84
20399.41;-107.84
20402.34;-107.53
20405.27;-107.45
20408.20;-107.53
20411.13;-107.45
20414.06;-107.53
20416.99;-107.69
20419.92;-107.69
20422.85;-107.53
20425.78;-107.53
20428.71;-107.61
20431.64;-107.53
20434.57;-107.45
20437.50;-107.53
20440.43;-107.45
20443.36;-107.30
20446.29;-107.37
20449.22;-107.22
20452.15;-107.37
20455.08;-107.84
20458.01;-107.61
20460.94;-107.53
20463.87;-107.77
20466.80;-107.84
20469.73;-107.53
20472.66;-107.53
20475.59;-107.77
20478.52;-107.53
20481.45;-107.45
20484.38;-107.37
20487.30;-107.61
20490.23;-107.53
20493.16;-107.53
20496.09;-107.61
20499.02;-107.45
20501.95;-107.53
20504.88;-107.45
20507.81;-107.45
20510.74;-107.61
20513.67;-107.77
20516.60;-107.77
20519.53;-107.77
20522.46;-107.69
20525.39;-107.45
20528.32;-107.77
20531.25;-108.08
20534.18;-107.61
20537.11;-107.37
20540.04;-107.53
20542.97;-107.61
20545.90;-107.30
20548.83;-107.22
20551.76;-107.69
20554.69;-107.69
20557.62;-107.53
20560.55;-107.77
20563.48;-107.77
20566.41;-107.53
20569.34;-107.77
20572.27;-107.61
20575.20;-107.30
20578.13;-107.53
20581.05;-107.37
20583.98;-107.30
20586.91;-107.37
20589.84;-107.84
20592.77;-107.61
20595.70;-107.37
20598.63;-107.45
20601.56;-107.53
20604.49;-107.45
20607.42;-107.69
20610.35;-107.53
20613.28;-107.61
20616.21;-107.61
20619.14;-107.45
20622.07;-107.37
20625.00;-107.53
20627.93;-107.69
20630.86;-107.84
20633.79;-107.77
20636.72;-107.37
20639.65;-107.22
20642.58;-107.45
20645.51;-107.45
20648.44;-107.45
20651.37;-107.45
20654.30;-107.22
20657.23;-107.14
20660.16;-107.53
20663.09;-107.53
20666.02;-107.61
20668.95;-107.45
20671.88;-107.45
20674.80;-107.45
20677.73;-107.37
20680.66;-107.45
20683.59;-107.69
20686.52;-107.45
20689.45;-107.30
20692.38;-107.30
20695.31;-107.45
20698.24;-107.53
20701.17;-107.45
20704.10;-107.61
20707.03;-107.45
20709.96;-107.14
20712.89;-107.14
20715.82;-107.30
20718.75;-107.61
20721.68;-107.53
20724.61;-107.30
20727.54;-107.37
20730.47;-107.45
20733.40;-107.30
20736.33;-107.45
20739.26;-107.84
20742.19;-107.61
20745.12;-107.22
20748.05;-107.22
20750.98;-107.37
20753.91;-107.30
20756.84;-107.30
20759.77;-107.30
20762.70;-107.06
20765.63;-107.14
20768.55;-107.45
20771.48;-107.53
20774.41;-107.53
20777.34;-107.53
20780.27;-107.30
20783.20;-107.37
20786.13;-107.45
20789.06;-107.30
20791.99;-107.53
20794.92;-107.69
20797.85;-107.53
20800.78;-107.53
20803.71;-107.45
20806.64;-107.30
20809.57;-107.30
20812.50;-107.37
20815.43;-107.37
20818.36;-107.14
20821.29;-107.22
20824.22;-107.45
20827.15;-107.77
20830.08;-107.92
20833.01;-107.61
20835.94;-107.45
20838.87;-107.53
20841.80;-107.61
20844.73;-107.45
20847.66;-107.61
20850.59;-107.61
20853.52;-107.53
20856.45;-107.61
20859.38;-107.30
20862.30;-106.98
20865.23;-107.22
20868.16;-107.37
20871.09;-107.53
20874.02;-107.45
20876.95;-107.30
20879.88;-107.53
20882.81;-107.53
20885.74;-107.37
20888.67;-107.37
20891.60;-107.45
20894.53;-107.45
20897.46;-107.53
20900.39;-107.45
20903.32;-107.77
20906.25;-107.53
20909.18;-107.45
20912.11;-107.45
20915.04;-107.45
20917.97;-107.45
20920.90;-107.30
20923.83;-107.14
20926.76;-107.30
20929.69;-107.69
20932.62;-107.53
20935.55;-107.53
20938.48;-107.53
20941.41;-107.22
20944.34;-107.22
20947.27;-107.22
20950.20;-107.30
20953.13;-107.53
20956.05;-107.37
20958.98;-107.37
20961.91;-107.37
20964.84;-107.45
20967.77;-107.61
20970.70;-107.37
20973.63;-107.53
20976.56;-107.45
20979.49;-107.14
20982.42;-107.37
20985.35;-107.69
20988.28;-107.45
20991.21;-107.22
20994.14;-107.30
20997.07;-107.30
21000.00;-107.22
21002.93;-107.45
21005.86;-107.45
21008.79;-107.37
21011.72;-107.22
21014.65;-107.30
21017.58;-107.61
21020.51;-107.37
21023.44;-107.45
21026.37;-107.37
21029.30;-107.14
21032.23;-107.06
21035.16;-107.37
21038.09;-107.22
21041.02;-107.22
21043.95;-107.45
21046.88;-107.37
21049.80;-107.45
21052.73;-107.53
21055.66;-107.37
21058.59;-107.30
21061.52;-107.22
21064.45;-107.37
21067.38;-107.22
21070.31;-107.06
21073.24;-107.53
21076.17;-107.53
21079.10;-107.53
21082.03;-107.53
21084.96;-107.45
21087.89;-107.22
21090.82;-106.98
21093.75;-107.22
21096.68;-107.53
21099.61;-107.37
21102.54;-107.22
21105.47;-107.30
21108.40;-107.45
21111.33;-107.53
21114.26;-107.30
21117.19;-107.30
21120.12;-107.30
21123.05;-107.14
21125.98;-107.30
21128.91;-107.30
21131.84;-107.37
21134.77;-106.91
21137.70;-107.14
21140.63;-107.37
21143.55;-107.30
21146.48;-107.14
21149.41;-107.06
21152.34;-107.22
21155.27;-107.14
21158.20;-107.22
21161.13;-107.30
21164.06;-107.22
21166.99;-107.30
21169.92;-107.45
21172.85;-107.53
21175.78;-107.30
21178.71;-107.22
21181.64;-107.37
21184.57;-107.22
21187.50;-107.22
21190.43;-107.53
21193.36;-107.53
21196.29;-107.45
21199.22;-107.14
21202.15;-106.98
21205.08;-106.98
21208.01;-107.06
21210.94;-107.14
21213.87;-107.22
21216.80;-107.45
21219.73;-107.45
21222.66;-107.45
21225.59;-107.37
21228.52;-107.22
21231.45;-107.22
21234.38;-107.37
21237.30;-107.37
21240.23;-107.22
21243.16;-107.30
21246.09;-107.37
21249.02;-107.22
21251.95;-107.14
21254.88;-107.22
21257.81;-107.14
21260.74;-107.22
21263.67;-107.30
21266.60;-107.69
21269.53;-107.77
21272.46;-107.30
21275.39;-107.14
21278.32;-107.06
21281.25;-107.22
21284.18;-107.45
21287.11;-107.30
21290.04;-107.22
21292.97;-107.45
21295.90;-107.30
21298.83;-107.14
21301.76;-107.53
21304.69;-107.45
21307.62;-107.14
21310.55;-107.14
21313.48;-107.22
21316.41;-107.30
21319.34;-107.30
21322.27;-107.22
21325.20;-107.22
21328.13;-107.22
21331.05;-107.22
21333.98;-107.61
21336.91;-107.61
21339.84;-107.45
21342.77;-107.37
21345.70;-107.14
21348.63;-106.98
21351.56;-107.14
21354.49;-107.37
21357.42;-107.37
21360.35;-107.14
21363.28;-107.14
21366.21;-107.22
21369.14;-107.37
21372.07;-107.14
21375.00;-107.14
21377.93;-106.98
21380.86;-107.22
21383.79;-107.30
21386.72;-107.30
21389.65;-107.45
21392.58;-107.37
21395.51;-107.45
21398.44;-107.37
21401.37;-107.14
21404.30;-107.14
21407.23;-107.22
21410.16;-107.14
21413.09;-107.37
21416.02;-107.14
21418.95;-107.30
21421.88;-107.45
21424.80;-107.37
21427.73;-107.22
21430.66;-107.22
21433.59;-107.14
21436.52;-107.37
21439.45;-107.22
21442.38;-107.30
21445.31;-107.37
21448.24;-107.45
21451.17;-107.22
21454.10;-107.14
21457.03;-106.98
21459.96;-107.30
21462.89;-107.06
21465.82;-107.06
21468.75;-107.37
21471.68;-107.37
21474.61;-107.22
21477.54;-107.45
21480.47;-107.37
21483.40;-106.98
21486.33;-107.06
21489.26;-106.91
21492.19;-106.91
21495.12;-107.06
21498.05;-107.06
21500.98;-107.22
21503.91;-107.45
21506.84;-107.22
21509.77;-107.14
21512.70;-107.37
21515.63;-107.30
21518.55;-107.37
21521.48;-107.14
21524.41;-107.22
21527.34;-107.30
21530.27;-107.53
21533.20;-107.37
21536.13;-107.06
21539.06;-107.22
21541.99;-107.30
21544.92;-107.22
21547.85;-107.14
21550.78;-107.22
21553.71;-107.14
21556.64;-107.06
21559.57;-107.14
21562.50;-107.22
21565.43;-107.14
21568.36;-107.37
21571.29;-107.45
21574.22;-107.53
21577.15;-107.53
21580.08;-107.22
21583.01;-107.37
21585.94;-107.30
21588.87;-107.06
21591.80;-106.98
21594.73;-107.06
21597.66;-107.06
21600.59;-107.30
21603.52;-107.37
21606.45;-107.37
21609.38;-107.53
21612.30;-107.45
21615.23;-107.45
21618.16;-107.22
21621.09;-106.83
21624.02;-107.06
21626.95;-107.14
21629.88;-106.98
21632.81;-107.30
21635.74;-107.06
21638.67;-106.98
21641.60;-106.91
21644.53;-107.14
21647.46;-107.30
21650.39;-107.06
21653.32;-107.22
21656.25;-107.37
21659.18;-107.37
21662.11;-107.14
21665.04;-107.06
21667.97;-107.06
21670.90;-106.83
21673.83;-107.14
21676.76;-107.37
21679.69;-107.30
21682.62;-107.22
21685.55;-106.98
21688.48;-107.06
21691.41;-107.45
21694.34;-107.22
21697.27;-107.06
21700.20;-107.14
21703.13;-107.30
21706.05;-107.22
21708.98;-107.14
21711.91;-107.06
21714.84;-107.14
21717.77;-107.14
21720.70;-106.75
21723.63;-106.98
21726.56;-106.98
21729.49;-107.14
21732.42;-107.22
21735.35;-107.22
21738.28;-107.22
21741.21;-107.37
21744.14;-107.22
21747.07;-107.06
21750.00;-107.30
21752.93;-107.14
21755.86;-107.14
21758.79;-107.53
21761.72;-107.53
21764.65;-107.06
21767.58;-107.14
21770.51;-107.14
21773.44;-107.06
21776.37;-106.91
21779.30;-107.14
21782.23;-107.06
21785.16;-107.06
21788.09;-107.37
21791.02;-107.30
21793.95;-107.22
21796.88;-107.22
21799.80;-107.22
21802.73;-107.30
21805.66;-107.06
21808.59;-106.91
21811.52;-106.83
21814.45;-106.83
21817.38;-107.14
21820.31;-106.98
21823.24;-107.30
21826.17;-106.98
21829.10;-106.91
21832.03;-107.14
21834.96;-107.14
21837.89;-107.30
21840.82;-107.37
21843.75;-107.30
21846.68;-107.22
21849.61;-107.22
21852.54;-107.14
21855.47;-107.14
21858.40;-107.22
21861.33;-107.30
21864.26;-107.14
21867.19;-106.91
21870.12;-107.06
21873.05;-107.22
21875.98;-107.22
21878.91;-107.14
21881.84;-107.06
21884.77;-107.06
21887.70;-106.83
21890.63;-107.30
21893.55;-107.37
21896.48;-107.14
21899.41;-106.91
21902.34;-107.22
21905.27;-107.30
21908.20;-107.22
21911.13;-106.98
21914.06;-107.14
21916.99;-107.22
21919.92;-107.06
21922.85;-107.06
21925.78;-107.22
21928.71;-107.22
21931.64;-107.14
21934.57;-107.06
21937.50;-107.14
21940.43;-107.22
21943.36;-107.22
21946.29;-107.30
21949.22;-107.22
21952.15;-106.91
21955.08;-107.06
21958.01;-106.98
21960.94;-106.75
21963.87;-106.91
21966.80;-107.22
21969.73;-107.30
21972.66;-107.06
21975.59;-107.06
21978.52;-107.14
21981.45;-107.14
21984.38;-106.91
21987.30;-107.06
21990.23;-106.91
21993.16;-107.06
21996.09;-107.22
21999.02;-107.22
22001.95;-107.14
22004.88;-107.06
22007.81;-107.14
22010.74;-106.98
22013.67;-107.06
22016.60;-107.14
22019.53;-107.37
22022.46;-107.30
22025.39;-107.22
22028.32;-107.14
22031.25;-107.22
22034.18;-107.22
22037.11;-107.30
22040.04;-107.30
22042.97;-106.83
22045.90;-106.91
22048.83;-107.06
22051.76;-106.91
22054.69;-106.91
22057.62;-106.59
22060.55;-106.75
22063.48;-107.06
22066.41;-106.83
22069.34;-106.91
22072.27;-106.91
22075.20;-107.22
22078.13;-107.22
22081.05;-107.14
22083.98;-107.14
22086.91;-106.98
22089.84;-107.06
22092.77;-107.22
22095.70;-107.06
22098.63;-107.53
22101.56;-107.45
22104.49;-107.14
22107.42;-106.83
22110.35;-106.83
22113.28;-107.14
22116.21;-106.91
22119.14;-106.83
22122.07;-106.91
22125.00;-106.98
22127.93;-107.22
22130.86;-107.37
22133.79;-107.14
22136.72;-107.14
22139.65;-106.98
22142.58;-107.14
22145.51;-106.98
22148.44;-106.98
22151.37;-107.14
22154.30;-107.14
22157.23;-107.22
22160.16;-107.30
22163.09;-107.14
22166.02;-106.91
22168.95;-107.14
22171.88;-107.30
22174.80;-107.06
22177.73;-106.83
22180.66;-107.06
22183.59;-106.98
22186.52;-107.14
22189.45;-107.37
22192.38;-107.30
22195.31;-107.14
22198.24;-106.91
22201.17;-107.14
22204.10;-107.22
22207.03;-107.06
22209.96;-107.14
22212.89;-106.91
22215.82;-106.91
22218.75;-106.91
22221.68;-106.75
22224.61;-107.06
22227.54;-106.98
22230.47;-106.91
22233.40;-106.91
22236.33;-107.06
22239.26;-107.30
22242.19;-106.91
22245.12;-106.91
22248.05;-107.22
22250.98;-107.14
22253.91;-106.98
22256.84;-106.98
22259.77;-106.83
22262.70;-107.06
22265.63;-106.91
22268.55;-106.98
22271.48;-106.91
22274.41;-107.06
22277.34;-107.22
22280.27;-107.37
22283.20;-107.14
22286.13;-106.98
22289.06;-106.98
22291.99;-106.52
22294.92;-106.59
22297.85;-106.91
22300.78;-106.91
22303.71;-106.75
22306.64;-107.06
22309.57;-107.22
22312.50;-106.91
22315.43;-106.67
22318.36;-106.83
22321.29;-107.22
22324.22;-107.06
22327.15;-106.91
22330.08;-106.83
22333.01;-106.98
22335.94;-107.06
22338.87;-107.06
22341.80;-106.83
22344.73;-106.91
22347.66;-107.30
22350.59;-107.61
22353.52;-107.45
22356.45;-107.14
22359.38;-107.30
22362.30;-106.98
22365.23;-106.98
22368.16;-107.14
22371.09;-106.98
22374.02;-107.22
22376.95;-107.30
22379.88;-107.14
22382.81;-106.83
22385.74;-106.83
22388.67;-106.98
22391.60;-106.91
22394.53;-106.91
22397.46;-106.75
22400.39;-106.91
22403.32;-106.91
22406.25;-106.98
22409.18;-107.06
22412.11;-106.98
22415.04;-107.06
22417.97;-107.06
22420.90;-107.06
22423.83;-107.06
22426.76;-106.91
22429.69;-106.59
22432.62;-106.75
22435.55;-106.75
22438.48;-106.75
22441.41;-106.98
22444.34;-107.14
22447.27;-107.06
22450.20;-106.91
22453.13;-107.06
22456.05;-106.83
22458.98;-106.91
22461.91;-107.06
22464.84;-106.98
22467.77;-107.06
22470.70;-106.98
22473.63;-106.91
22476.56;-106.98
22479.49;-106.98
22482.42;-107.14
22485.35;-107.06
22488.28;-106.59
22491.21;-106.91
22494.14;-106.83
22497.07;-106.75
22500.00;-106.67
22502.93;-107.14
22505.86;-107.45
22508.79;-107.06
22511.72;-106.83
22514.65;-106.83
22517.58;-106.83
22520.51;-107.06
22523.44;-106.83
22526.37;-107.06
22529.30;-106.91
22532.23;-106.75
22535.16;-106.98
22538.09;-107.14
22541.02;-106.98
22543.95;-106.75
22546.88;-106.75
22549.80;-106.67
22552.73;-106.67
22555.66;-106.52
22558.59;-106.44
22561.52;-106.52
22564.45;-106.67
22567.38;-106.67
22570.31;-106.98
22573.24;-107.06
22576.17;-107.06
22579.10;-106.83
22582.03;-106.52
22584.96;-106.75
22587.89;-107.06
22590.82;-106.91
22593.75;-106.83
22596.68;-106.75
22599.61;-106.83
22602.54;-106.91
22605.47;-106.67
22608.40;-106.67
22611.33;-106.67
22614.26;-106.83
22617.19;-106.98
22620.12;-107.06
22623.05;-107.14
22625.98;-106.75
22628.91;-106.91
22631.84;-107.06
22634.77;-106.83
22637.70;-106.98
22640.63;-107.06
22643.55;-106.91
22646.48;-106.83
22649.41;-106.91
22652.34;-106.98
22655.27;-106.98
22658.20;-106.98
22661.13;-106.67
22664.06;-106.83
22666.99;-106.67
22669.92;-106.67
22672.85;-106.83
22675.78;-106.98
22678.71;-106.67
22681.64;-106.67
22684.57;-106.98
22687.50;-106.98
22690.43;-106.83
22693.36;-106.59
22696.29;-106.83
22699.22;-106.91
22702.15;-106.83
22705.08;-106.59
22708.01;-106.91
22710.94;-107.06
22713.87;-106.91
22716.80;-106.83
22719.73;-106.67
22722.66;-106.75
22725.59;-106.67
22728.52;-106.83
22731.45;-106.98
22734.38;-106.75
22737.30;-106.75
22740.23;-106.67
22743.16;-106.75
22746.09;-106.98
22749.02;-106.83
22751.95;-106.75
22754.88;-106.98
22757.81;-106.67
22760.74;-106.75
22763.67;-106.83
22766.60;-106.59
22769.53;-106.75
22772.46;-106.67
22775.39;-106.98
22778.32;-107.06
22781.25;-106.83
22784.18;-106.75
22787.11;-107.06
22790.04;-106.91
22792.97;-106.59
22795.90;-106.83
22798.83;-106.91
22801.76;-106.91
22804.69;-106.91
22807.62;-106.67
22810.55;-106.98
22813.48;-107.06
22816.41;-106.75
22819.34;-106.67
22822.27;-106.67
22825.20;-106.75
22828.13;-106.98
22831.05;-106.83
22833.98;-106.67
22836.91;-106.59
22839.84;-106.91
22842.77;-106.83
22845.70;-106.98
22848.63;-106.67
22851.56;-106.83
22854.49;-106.91
22857.42;-106.83
22860.35;-106.67
22863.28;-106.83
22866.21;-106.83
22869.14;-106.83
22872.07;-106.98
22875.00;-106.75
22877.93;-106.59
22880.86;-106.67
22883.79;-106.98
22886.72;-106.91
22889.65;-106.91
22892.58;-106.75
22895.51;-106.83
22898.44;-106.91
22901.37;-106.98
22904.30;-106.91
22907.23;-106.83
22910.16;-106.75
22913.09;-106.59
22916.02;-106.59
22918.95;-106.59
22921.88;-106.75
22924.80;-106.67
22927.73;-106.44
22930.66;-106.75
22933.59;-107.06
22936.52;-107.37
22939.45;-107.06
22942.38;-106.59
22945.31;-106.83
22948.24;-106.98
22951.17;-106.83
22954.10;-106.83
22957.03;-106.91
22959.96;-106.75
22962.89;-106.75
22965.82;-106.67
22968.75;-106.59
22971.68;-106.52
22974.61;-106.67
22977.54;-106.67
22980.47;-106.83
22983.40;-106.98
22986.33;-106.98
22989.26;-106.91
22992.19;-107.06
22995.12;-106.83
22998.05;-106.67
23000.98;-106.59
23003.91;-106.67
23006.84;-106.67
23009.77;-106.59
23012.70;-106.59
23015.63;-106.67
23018.55;-106.67
23021.48;-106.83
23024.41;-106.83
23027.34;-106.83
23030.27;-106.83
23033.20;-106.98
23036.13;-106.83
23039.06;-106.67
23041.99;-106.75
23044.92;-106.67
23047.85;-106.67
23050.78;-106.75
23053.71;-106.91
23056.64;-106.67
23059.57;-106.75
23062.50;-106.91
23065.43;-106.67
23068.36;-106.75
23071.29;-106.59
23074.22;-106.52
23077.15;-106.75
23080.08;-106.83
23083.01;-106.67
23085.94;-106.52
23088.87;-106.52
23091.80;-106.67
23094.73;-106.75
23097.66;-106.75
23100.59;-106.59
23103.52;-106.83
23106.45;-107.06
23109.38;-107.30
23112.30;-107.06
23115.23;-106.83
23118.16;-106.67
23121.09;-106.44
23124.02;-106.59
23126.95;-106.67
23129.88;-106.52
23132.81;-106.67
23135.74;-106.59
23138.67;-106.59
23141.60;-106.75
23144.53;-106.59
23147.46;-106.91
23150.39;-106.75
23153.32;-106.67
23156.25;-106.67
23159.18;-106.67
23162.11;-106.83
23165.04;-106.67
23167.97;-106.75
23170.90;-106.98
23173.83;-106.75
23176.76;-106.83
23179.69;-106.75
23182.62;-106.36
23185.55;-106.52
23188.48;-106.44
23191.41;-106.44
23194.34;-106.59
23197.27;-106.75
23200.20;-106.75
23203.13;-106.83
23206.05;-106.91
23208.98;-106.75
23211.91;-106.75
23214.84;-106.52
23217.77;-106.44
23220.70;-106.52
23223.63;-106.44
23226.56;-106.59
23229.49;-106.91
23232.42;-107.14
23235.35;-106.83
23238.28;-106.59
23241.21;-106.75
23244.14;-106.59
23247.07;-106.44
23250.00;-106.75
23252.93;-106.91
23255.86;-106.67
23258.79;-106.59
23261.72;-106.59
23264.65;-106.67
23267.58;-106.67
23270.51;-106.91
23273.44;-106.67
23276.37;-106.59
23279.30;-106.44
23282.23;-106.52
23285.16;-106.59
23288.09;-106.44
23291.02;-106.44
23293.95;-106.67
23296.88;-106.44
23299.80;-106.28
23302.73;-106.44
23305.66;-106.75
23308.59;-106.91
23311.52;-106.91
23314.45;-106.67
23317.38;-106.59
23320.31;-106.67
23323.24;-106.67
23326.17;-106.67
23329.10;-106.83
23332.03;-106.91
23334.96;-106.67
23337.89;-106.83
23340.82;-106.67
23343.75;-106.36
23346.68;-106.36
23349.61;-106.28
23352.54;-106.36
23355.47;-106.44
23358.40;-106.83
23361.33;-106.75
23364.26;-106.98
23367.19;-106.75
23370.12;-106.75
23373.05;-106.75
23375.98;-106.59
23378.91;-106.59
23381.84;-106.52
23384.77;-106.52
23387.70;-106.59
23390.63;-106.75
23393.55;-106.91
23396.48;-106.83
23399.41;-106.59
23402.34;-106.67
23405.27;-106.59
23408.20;-106.52
23411.13;-106.44
23414.06;-106.75
23416.99;-106.83
23419.92;-106.44
23422.85;-106.52
23425.78;-106.44
23428.71;-106.52
23431.64;-106.83
23434.57;-106.67
23437.50;-106.75
23440.43;-107.06
23443.36;-107.06
23446.29;-107.06
23449.22;-106.67
23452.15;-106.59
23455.08;-106.59
23458.01;-106.83
23460.94;-106.67
23463.87;-106.67
23466.80;-106.67
23469.73;-106.83
23472.66;-106.83
23475.59;-106.67
23478.52;-106.67
23481.45;-106.52
23484.38;-106.59
23487.30;-106.52
23490.23;-106.44
23493.16;-106.52
23496.09;-106.67
23499.02;-106.52
23501.95;-106.67
23504.88;-106.67
23507.81;-106.75
23510.74;-106.75
23513.67;-106.67
23516.60;-106.67
23519.53;-106.59
23522.46;-106.67
23525.39;-106.59
23528.32;-106.52
23531.25;-106.91
23534.18;-106.83
23537.11;-106.75
23540.04;-106.44
23542.97;-106.44
23545.90;-106.67
23548.83;-106.67
23551.76;-106.91
23554.69;-106.59
23557.62;-106.52
23560.55;-106.75
23563.48;-106.83
23566.41;-106.52
23569.34;-106.44
23572.27;-106.44
23575.20;-106.59
23578.13;-106.44
23581.05;-106.44
23583.98;-106.28
23586.91;-106.36
23589.84;-106.59
23592.77;-106.36
23595.70;-106.44
23598.63;-106.67
23601.56;-106.36
23604.49;-106.44
23607.42;-106.67
23610.35;-106.12
23613.28;-106.20
23616.21;-106.59
23619.14;-106.83
23622.07;-106.67
23625.00;-106.36
23627.93;-106.28
23630.86;-106.28
23633.79;-106.44
23636.72;-106.44
23639.65;-106.52
23642.58;-106.52
23645.51;-106.59
23648.44;-106.44
23651.37;-106.52
23654.30;-106.59
23657.23;-106.67
23660.16;-106.67
23663.09;-106.52
23666.02;-106.67
23668.95;-106.91
23671.88;-106.91
23674.80;-106.59
23677.73;-106.67
23680.66;-106.52
23683.59;-106.36
23686.52;-106.44
23689.45;-106.52
23692.38;-106.75
23695.31;-106.67
23698.24;-106.67
23701.17;-106.67
23704.10;-106.52
23707.03;-106.28
23709.96;-106.44
23712.89;-106.75
23715.82;-106.36
23718.75;-106.36
23721.68;-106.44
23724.61;-106.36
23727.54;-106.28
23730.47;-106.59
23733.40;-106.52
23736.33;-106.44
23739.26;-106.44
23742.19;-106.36
23745.12;-106.59
23748.05;-106.75
23750.98;-106.59
23753.91;-106.52
23756.84;-106.75
23759.77;-106.44
23762.70;-106.36
23765.63;-106.67
23768.55;-106.52
23771.48;-106.59
23774.41;-106.52
23777.34;-106.52
23780.27;-106.59
23783.20;-106.36
23786.13;-106.44
23789.06;-106.44
23791.99;-106.75
23794.92;-106.59
23797.85;-106.52
23800.78;-106.36
23803.71;-106.36
23806.64;-106.12
23809.57;-106.44
23812.50;-106.52
23815.43;-106.75
23818.36;-106.75
23821.29;-106.67
23824.22;-106.52
23827.15;-106.59
23830.08;-106.67
23833.01;-106.67
23835.94;-106.59
23838.87;-106.67
23841.80;-106.28
23844.73;-106.36
23847.66;-106.52
23850.59;-106.44
23853.52;-106.44
23856.45;-106.28
23859.38;-106.36
23862.30;-106.44
23865.23;-106.44
23868.16;-106.59
23871.09;-106.67
23874.02;-106.52
23876.95;-106.75
23879.88;-106.52
23882.81;-106.75
23885.74;-106.52
23888.67;-106.36
23891.60;-106.20
23894.53;-106.36
23897.46;-106.28
23900.39;-106.44
23903.32;-106.59
23906.25;-106.52
23909.18;-106.28
23912.11;-106.36
23915.04;-106.44
23917.97;-106.36
23920.90;-106.52
23923.83;-106.67
23926.76;-106.67
23929.69;-106.44
23932.62;-106.67
23935.55;-106.44
23938.48;-105.97
23941.41;-106.12
23944.34;-106.59
23947.27;-106.67
23950.20;-106.67
23953.13;-106.44
23956.05;-106.44
23958.98;-106.44
23961.91;-106.20
23964.84;-106.36
23967.77;-106.59
23970.70;-106.52
23973.63;-106.52
23976.56;-106.36
23979.49;-106.36
23982.42;-106.44
23985.35;-106.52
23988.28;-106.44
23991.21;-106.59
23994.14;-106.91
23997.07;-106.83
24000.00;-106.44
24002.93;-106.12
24005.86;-106.52
24008.79;-106.36
24011.72;-106.52
24014.65;-106.44
24017.58;-106.28
24020.51;-106.59
24023.44;-106.67
24026.37;-106.36
24029.30;-106.52
24032.23;-106.36
24035.16;-105.97
24038.09;-106.44
24041.02;-106.36
24043.95;-106.44
24046.88;-106.52
24049.80;-106.44
24052.73;-106.59
24055.66;-106.28
24058.59;-106.52
24061.52;-106.28
24064.45;-106.36
24067.38;-106.59
24070.31;-106.52
24073.24;-106.52
24076.17;-106.67
24079.10;-106.36
24082.03;-106.52
24084.96;-106.59
24087.89;-106.59
24090.82;-106.59
24093.75;-106.59
24096.68;-106.44
24099.61;-106.52
24102.54;-106.20
24105.47;-106.36
24108.40;-106.52
24111.33;-106.52
24114.26;-106.75
24117.19;-106.44
24120.12;-106.20
24123.05;-106.52
24125.98;-106.52
24128.91;-106.36
24131.84;-106.20
24134.77;-106.44
24137.70;-106.44
24140.63;-106.36
24143.55;-106.52
24146.48;-106.44
24149.41;-106.44
24152.34;-106.36
24155.27;-106.36
24158.20;-106.67
24161.13;-106.59
24164.06;-106.44
24166.99;-106.12
24169.92;-106.28
24172.85;-106.75
24175.78;-106.75
24178.71;-106.59
24181.64;-106.36
24184.57;-106.20
24187.50;-106.20
24190.43;-106.52
24193.36;-106.52
24196.29;-106.28
24199.22;-106.28
24202.15;-106.36
24205.08;-106.28
24208.01;-106.20
24210.94;-106.20
24213.87;-106.28
24216.80;-106.52
24219.73;-106.52
24222.66;-106.28
24225.59;-106.44
24228.52;-106.52
24231.45;-106.20
24234.38;-106.20
24237.30;-106.28
24240.23;-106.52
24243.16;-106.28
24246.09;-106.44
24249.02;-106.44
24251.95;-106.59
24254.88;-106.36
24257.81;-106.12
24260.74;-106.20
24263.67;-106.52
24266.60;-106.44
24269.53;-106.20
24272.46;-106.05
24275.39;-106.12
24278.32;-106.20
24281.25;-106.36
24284.18;-106.44
24287.11;-106.59
24290.04;-106.28
24292.97;-106.44
24295.90;-106.20
24298.83;-105.97
24301.76;-106.20
24304.69;-106.44
24307.62;-106.44
24310.55;-106.28
24313.48;-106.28
24316.41;-106.52
24319.34;-106.44
24322.27;-106.20
24325.20;-106.12
24328.13;-106.28
24331.05;-106.28
24333.98;-106.20
24336.91;-106.12
24339.84;-106.44
24342.77;-106.28
24345.70;-106.05
24348.63;-106.52
24351.56;-106.75
24354.49;-106.83
24357.42;-106.36
24360.35;-105.89
24363.28;-106.05
24366.21;-106.12
24369.14;-105.97
24372.07;-106.12
24375.00;-106.36
24377.93;-106.44
24380.86;-106.67
24383.79;-106.59
24386.72;-106.44
24389.65;-106.44
24392.58;-106.36
24395.51;-106.36
24398.44;-106.44
24401.37;-106.52
24404.30;-106.44
24407.23;-106.20
24410.16;-106.36
24413.09;-106.75
24416.02;-106.36
24418.95;-106.36
24421.88;-106.28
24424.80;-106.12
24427.73;-106.28
24430.66;-106.36
24433.59;-106.28
24436.52;-106.52
24439.45;-106.59
24442.38;-106.59
24445.31;-106.36
24448.24;-106.28
24451.17;-106.28
24454.10;-106.36
24457.03;-106.20
24459.96;-106.28
24462.89;-106.44
24465.82;-106.52
24468.75;-106.52
24471.68;-106.36
24474.61;-106.44
24477.54;-106.36
24480.47;-106.36
24483.40;-106.20
24486.33;-106.20
24489.26;-106.67
24492.19;-106.44
24495.12;-106.28
24498.05;-106.44
24500.98;-106.44
24503.91;-106.75
24506.84;-106.67
24509.77;-106.28
24512.70;-106.36
24515.63;-106.36
24518.55;-106.44
24521.48;-106.36
24524.41;-106.44
24527.34;-106.52
24530.27;-106.67
24533.20;-106.52
24536.13;-106.59
24539.06;-106.67
24541.99;-106.52
24544.92;-106.36
24547.85;-106.52
24550.78;-106.36
24553.71;-106.36
24556.64;-106.12
24559.57;-106.20
24562.50;-106.05
24565.43;-106.20
24568.36;-106.20
24571.29;-106.28
24574.22;-106.44
24577.15;-106.44
24580.08;-106.12
24583.01;-106.28
24585.94;-106.36
24588.87;-106.12
24591.80;-106.28
24594.73;-106.28
24597.66;-106.28
24600.59;-106.52
24603.52;-106.44
24606.45;-106.12
24609.38;-105.97
24612.30;-106.05
24615.23;-106.05
24618.16;-106.12
24621.09;-105.97
24624.02;-106.36
24626.95;-106.52
24629.88;-106.36
24632.81;-106.36
24635.74;-106.36
24638.67;-106.20
24641.60;-106.20
24644.53;-106.12
24647.46;-106.12
24650.39;-106.12
24653.32;-106.20
24656.25;-106.20
24659.18;-106.12
24662.11;-106.12
24665.04;-106.36
24667.97;-106.36
24670.90;-106.36
24673.83;-106.36
24676.76;-106.12
24679.69;-106.28
24682.62;-106.12
24685.55;-105.97
24688.48;-106.12
24691.41;-106.12
24694.34;-106.05
24697.27;-106.20
24700.20;-106.44
24703.13;-106.44
24706.05;-106.67
24708.98;-106.36
24711.91;-106.44
24714.84;-106.67
24717.77;-106.59
24720.70;-106.28
24723.63;-106.36
24726.56;-106.28
24729.49;-106.12
24732.42;-106.12
24735.35;-106.44
24738.28;-106.44
24741.21;-106.20
24744.14;-106.20
24747.07;-106.52
24750.00;-106.28
24752.93;-106.20
24755.86;-106.28
24758.79;-106.20
24761.72;-106.36
24764.65;-106.36
24767.58;-106.20
24770.51;-106.20
24773.44;-106.20
24776.37;-106.28
24779.30;-106.67
24782.23;-106.67
24785.16;-106.20
24788.09;-106.12
24791.02;-106.20
24793.95;-106.12
24796.88;-106.12
24799.80;-106.05
24802.73;-106.28
24805.66;-106.28
24808.59;-106.20
24811.52;-106.12
24814.45;-106.20
24817.38;-106.05
24820.31;-106.44
24823.24;-106.44
24826.17;-106.12
24829.10;-106.20
24832.03;-106.12
24834.96;-106.20
24837.89;-106.36
24840.82;-106.36
24843.75;-106.28
24846.68;-106.28
24849.61;-106.36
24852.54;-106.12
24855.47;-106.05
24858.40;-106.05
24861.33;-106.28
24864.26;-106.36
24867.19;-106.05
24870.12;-106.36
24873.05;-106.20
24875.98;-106.36
24878.91;-106.36
24881.84;-106.36
24884.77;-106.28
24887.70;-106.20
24890.63;-105.89
24893.55;-106.05
24896.48;-106.28
24899.41;-106.36
24902.34;-106.12
24905.27;-106.20
24908.20;-106.36
24911.13;-106.20
24914.06;-106.12
24916.99;-106.20
24919.92;-106.36
24922.85;-106.28
24925.78;-106.28
24928.71;-106.52
24931.64;-106.36
24934.57;-106.36
24937.50;-106.36
24940.43;-106.52
24943.36;-106.36
24946.29;-106.36
24949.22;-106.36
24952.15;-106.44
24955.08;-106.44
24958.01;-106.20
24960.94;-106.12
24963.87;-105.97
24966.80;-105.97
24969.73;-105.97
24972.66;-105.97
24975.59;-105.97
24978.52;-106.12
24981.45;-106.20
24984.38;-106.28
24987.30;-106.28
24990.23;-106.20
24993.16;-106.36
24996.09;-106.05
24999.02;-105.97
25001.95;-106.12
25004.88;-106.20
25007.81;-106.20
25010.74;-106.12
25013.67;-106.28
25016.60;-106.36
25019.53;-106.20
25022.46;-105.97
25025.39;-105.89
25028.32;-106.12
25031.25;-105.97
25034.18;-106.05
25037.11;-106.28
25040.04;-106.20
25042.97;-106.05
25045.90;-106.20
25048.83;-106.28
25051.76;-106.12
25054.69;-106.12
25057.62;-105.89
25060.55;-106.05
25063.48;-106.12
25066.41;-106.05
25069.34;-106.28
25072.27;-106.28
25075.20;-106.36
25078.13;-106.28
25081.05;-105.97
25083.98;-106.05
25086.91;-106.28
25089.84;-106.20
25092.77;-106.05
25095.70;-106.20
25098.63;-106.52
25101.56;-106.20
25104.49;-106.20
25107.42;-106.28
25110.35;-106.28
25113.28;-106.12
25116.21;-106.12
25119.14;-106.12
25122.07;-106.12
25125.00;-106.12
25127.93;-106.52
25130.86;-106.36
25133.79;-106.05
25136.72;-106.20
25139.65;-106.05
25142.58;-105.97
25145.51;-106.20
25148.44;-106.28
25151.37;-106.05
25154.30;-105.81
25157.23;-105.89
25160.16;-105.97
25163.09;-105.89
25166.02;-106.05
25168.95;-106.44
25171.88;-106.28
25174.80;-106.12
25177.73;-106.12
25180.66;-105.97
25183.59;-106.12
25186.52;-106.12
25189.45;-105.97
25192.38;-105.97
25195.31;-105.97
25198.24;-105.97
25201.17;-106.28
25204.10;-106.05
25207.03;-105.97
25209.96;-106.44
25212.89;-106.20
25215.82;-106.20
25218.75;-106.20
25221.68;-106.20
25224.61;-105.97
25227.54;-106.12
25230.47;-106.12
25233.40;-105.89
25236.33;-106.05
25239.26;-106.28
25242.19;-106.44
25245.12;-106.52
25248.05;-106.44
25250.98;-106.20
25253.91;-106.12
25256.84;-106.05
25259.77;-106.28
25262.70;-106.36
25265.63;-106.28
25268.55;-106.20
25271.48;-106.20
25274.41;-105.97
25277.34;-105.97
25280.27;-106.12
25283.20;-106.20
25286.13;-106.36
25289.06;-106.52
25291.99;-106.28
25294.92;-106.05
25297.85;-106.12
25300.78;-106.36
25303.71;-106.20
25306.64;-106.05
25309.57;-106.05
25312.50;-106.20
25315.43;-106.12
25318.36;-106.12
25321.29;-106.12
25324.22;-105.89
25327.15;-105.97
25330.08;-106.05
25333.01;-105.89
25335.94;-105.89
25338.87;-106.12
25341.80;-106.12
25344.73;-106.12
25347.66;-106.28
25350.59;-106.20
25353.52;-106.20
25356.45;-106.28
25359.38;-106.05
25362.30;-106.20
25365.23;-105.97
25368.16;-105.89
25371.09;-106.05
25374.02;-106.12
25376.95;-106.20
25379.88;-106.20
25382.81;-106.12
25385.74;-106.20
25388.67;-106.12
25391.60;-106.28
25394.53;-106.12
25397.46;-106.28
25400.39;-106.12
25403.32;-106.05
25406.25;-106.05
25409.18;-106.12
25412.11;-105.89
25415.04;-106.28
25417.97;-106.05
25420.90;-105.97
25423.83;-106.12
25426.76;-106.12
25429.69;-106.20
25432.62;-106.05
25435.55;-106.05
25438.48;-106.12
25441.41;-105.81
25444.34;-106.05
25447.27;-106.20
25450.20;-106.12
25453.13;-105.97
25456.05;-106.05
25458.98;-106.20
25461.91;-106.20
25464.84;-106.20
25467.77;-106.12
25470.70;-105.97
25473.63;-106.05
25476.56;-106.05
25479.49;-106.20
25482.42;-106.12
25485.35;-106.20
25488.28;-105.89
25491.21;-105.97
25494.14;-106.12
25497.07;-106.05
25500.00;-105.81
25502.93;-105.73
25505.86;-106.05
25508.79;-106.05
25511.72;-106.12
25514.65;-106.05
25517.58;-106.12
25520.51;-106.05
25523.44;-106.12
25526.37;-106.12
25529.30;-106.12
25532.23;-106.20
25535.16;-106.20
25538.09;-106.12
25541.02;-105.73
25543.95;-105.97
25546.88;-106.20
25549.80;-106.12
25552.73;-105.89
25555.66;-105.89
25558.59;-106.12
25561.52;-106.20
25564.45;-106.20
25567.38;-105.97
25570.31;-105.66
25573.24;-105.97
25576.17;-106.05
25579.10;-106.05
25582.03;-106.12
25584.96;-105.97
25587.89;-106.20
25590.82;-106.28
25593.75;-106.05
25596.68;-105.97
25599.61;-105.89
25602.54;-106.05
25605.47;-106.12
25608.40;-106.28
25611.33;-106.12
25614.26;-105.97
25617.19;-106.12
25620.12;-106.12
25623.05;-106.05
25625.98;-106.05
25628.91;-105.89
25631.84;-105.89
25634.77;-105.97
25637.70;-105.89
25640.63;-105.81
25643.55;-105.97
25646.48;-106.05
25649.41;-105.89
25652.34;-105.89
25655.27;-106.12
25658.20;-106.12
25661.13;-106.05
25664.06;-105.81
25666.99;-105.66
25669.92;-105.89
25672.85;-106.12
25675.78;-106.28
25678.71;-106.20
25681.64;-105.97
25684.57;-106.05
25687.50;-106.20
25690.43;-106.12
25693.36;-106.05
25696.29;-105.81
25699.22;-105.97
25702.15;-106.20
25705.08;-106.20
25708.01;-106.20
25710.94;-106.20
25713.87;-105.89
25716.80;-105.97
25719.73;-105.89
25722.66;-105.58
25725.59;-105.58
25728.52;-106.05
25731.45;-106.12
25734.38;-106.20
25737.30;-106.36
25740.23;-106.20
25743.16;-106.05
25746.09;-105.89
25749.02;-106.12
25751.95;-105.97
25754.88;-105.73
25757.81;-106.12
25760.74;-106.12
25763.67;-105.97
25766.60;-105.89
25769.53;-106.20
25772.46;-106.05
25775.39;-105.89
25778.32;-105.73
25781.25;-106.20
25784.18;-106.12
25787.11;-105.81
25790.04;-105.97
25792.97;-106.12
25795.90;-105.97
25798.83;-105.97
25801.76;-105.89
25804.69;-105.97
25807.62;-105.73
25810.55;-105.89
25813.48;-105.97
25816.41;-105.97
25819.34;-106.05
25822.27;-106.12
25825.20;-106.12
25828.13;-105.97
25831.05;-105.81
25833.98;-105.89
25836.91;-105.73
25839.84;-105.66
25842.77;-105.89
25845.70;-105.97
25848.63;-105.73
25851.56;-105.97
25854.49;-105.97
25857.42;-105.97
25860.35;-105.73
25863.28;-105.81
25866.21;-105.97
25869.14;-106.05
25872.07;-105.97
25875.00;-106.05
25877.93;-106.12
25880.86;-106.36
25883.79;-106.36
25886.72;-106.20
25889.65;-106.20
25892.58;-106.05
25895.51;-106.05
25898.44;-105.97
25901.37;-105.97
25904.30;-106.12
25907.23;-105.97
25910.16;-106.12
25913.09;-105.97
25916.02;-106.12
25918.95;-106.12
25921.88;-106.12
25924.80;-105.97
25927.73;-106.28
25930.66;-106.52
25933.59;-106.28
25936.52;-105.89
25939.45;-105.66
25942.38;-105.66
25945.31;-105.73
25948.24;-106.05
25951.17;-105.89
25954.10;-105.89
25957.03;-105.97
25959.96;-105.66
25962.89;-105.89
25965.82;-106.20
25968.75;-105.97
25971.68;-105.81
25974.61;-105.89
25977.54;-105.89
25980.47;-105.73
25983.40;-105.89
25986.33;-105.81
25989.26;-105.81
25992.19;-105.97
25995.12;-106.12
25998.05;-106.05
26000.98;-105.97
26003.91;-105.97
26006.84;-106.20
26009.77;-105.81
26012.70;-106.05
26015.63;-106.20
26018.55;-105.81
26021.48;-105.58
26024.41;-105.66
26027.34;-105.97
26030.27;-105.89
26033.20;-105.73
26036.13;-105.73
26039.06;-105.58
26041.99;-105.50
26044.92;-105.81
26047.85;-105.97
26050.78;-105.97
26053.71;-105.73
26056.64;-105.66
26059.57;-105.73
26062.50;-105.97
26065.43;-105.97
26068.36;-105.81
26071.29;-105.97
26074.22;-105.89
26077.15;-105.89
26080.08;-106.05
26083.01;-106.20
26085.94;-106.36
26088.87;-106.20
26091.80;-105.89
26094.73;-106.12
26097.66;-105.58
26100.59;-105.50
26103.52;-105.73
26106.45;-105.89
26109.38;-105.81
26112.30;-105.73
26115.23;-105.89
26118.16;-105.97
26121.09;-106.05
26124.02;-105.97
26126.95;-105.97
26129.88;-106.20
26132.81;-106.05
26135.74;-105.97
26138.67;-105.81
26141.60;-105.97
26144.53;-105.89
26147.46;-105.89
26150.39;-105.89
26153.32;-105.89
26156.25;-105.97
26159.18;-105.66
26162.11;-105.50
26165.04;-106.20
26167.97;-106.20
26170.90;-106.05
26173.83;-106.05
26176.76;-105.89
26179.69;-105.81
26182.62;-105.97
26185.55;-105.89
26188.48;-105.73
26191.41;-105.73
26194.34;-105.81
26197.27;-105.73
26200.20;-105.73
26203.13;-105.73
26206.05;-105.97
26208.98;-105.81
26211.91;-106.05
26214.84;-105.81
26217.77;-105.50
26220.70;-105.66
26223.63;-105.66
26226.56;-105.89
26229.49;-105.97
26232.42;-106.28
26235.35;-105.73
26238.28;-105.66
26241.21;-105.81
26244.14;-105.97
26247.07;-105.73
26250.00;-105.58
26252.93;-105.81
26255.86;-106.05
26258.79;-105.89
26261.72;-105.81
26264.65;-105.58
26267.58;-105.73
26270.51;-105.89
26273.44;-105.81
26276.37;-105.89
26279.30;-105.66
26282.23;-105.66
26285.16;-105.81
26288.09;-105.81
26291.02;-105.73
26293.95;-105.81
26296.88;-105.66
26299.80;-105.73
26302.73;-105.89
26305.66;-106.12
26308.59;-105.97
26311.52;-105.89
26314.45;-105.81
26317.38;-105.97
26320.31;-105.89
26323.24;-105.81
26326.17;-105.89
26329.10;-105.89
26332.03;-105.89
26334.96;-105.89
26337.89;-105.89
26340.82;-105.89
26343.75;-105.97
26346.68;-105.97
26349.61;-105.73
26352.54;-105.81
26355.47;-105.89
26358.40;-105.89
26361.33;-105.66
26364.26;-105.66
26367.19;-105.73
26370.12;-105.66
26373.05;-105.66
26375.98;-105.73
26378.91;-105.97
26381.84;-105.73
26384.77;-105.81
26387.70;-105.97
26390.63;-106.05
26393.55;-106.05
26396.48;-105.66
26399.41;-105.66
26402.34;-105.81
26405.27;-105.66
26408.20;-105.66
26411.13;-105.89
26414.06;-106.05
26416.99;-106.12
26419.92;-105.97
26422.85;-105.73
26425.78;-105.81
26428.71;-105.81
26431.64;-105.73
26434.57;-105.73
26437.50;-105.81
26440.43;-105.66
26443.36;-105.58
26446.29;-105.97
26449.22;-106.12
26452.15;-105.97
26455.08;-106.12
26458.01;-105.97
26460.94;-105.73
26463.87;-105.58
26466.80;-105.66
26469.73;-105.81
26472.66;-105.73
26475.59;-105.81
26478.52;-105.81
26481.45;-105.66
26484.38;-105.97
26487.30;-105.66
26490.23;-105.58
26493.16;-105.50
26496.09;-105.73
26499.02;-106.05
26501.95;-106.05
26504.88;-105.81
26507.81;-105.66
26510.74;-105.73
26513.67;-105.58
26516.60;-105.50
26519.53;-105.81
26522.46;-105.97
26525.39;-105.58
26528.32;-105.81
26531.25;-105.97
26534.18;-105.81
26537.11;-105.89
26540.04;-105.89
26542.97;-105.58
26545.90;-105.42
26548.83;-105.89
26551.76;-106.05
26554.69;-105.97
26557.62;-105.89
26560.55;-106.05
26563.48;-105.50
26566.41;-105.66
26569.34;-105.66
26572.27;-105.58
26575.20;-105.73
26578.13;-105.73
26581.05;-105.66
26583.98;-105.73
26586.91;-105.81
26589.84;-105.97
26592.77;-106.12
26595.70;-105.89
26598.63;-105.73
26601.56;-105.73
26604.49;-105.97
26607.42;-106.20
26610.35;-105.89
26613.28;-105.81
26616.21;-105.89
26619.14;-106.05
26622.07;-105.97
26625.00;-105.89
26627.93;-105.66
26630.86;-105.58
26633.79;-105.81
26636.72;-105.97
26639.65;-105.89
26642.58;-105.89
26645.51;-105.89
26648.44;-105.73
26651.37;-105.58
26654.30;-105.58
26657.23;-105.50
26660.16;-105.50
26663.09;-105.66
26666.02;-105.58
26668.95;-105.34
26671.88;-105.58
26674.80;-105.42
26677.73;-105.89
26680.66;-105.89
26683.59;-105.89
26686.52;-106.05
26689.45;-105.81
26692.38;-105.73
26695.31;-105.73
26698.24;-106.05
26701.17;-105.89
26704.10;-105.66
26707.03;-106.12
26709.96;-105.73
26712.89;-105.73
26715.82;-105.81
26718.75;-105.66
26721.68;-105.50
26724.61;-105.34
26727.54;-105.50
26730.47;-105.81
26733.40;-105.81
26736.33;-105.73
26739.26;-105.81
26742.19;-105.89
26745.12;-105.89
26748.05;-105.73
26750.98;-105.58
26753.91;-105.42
26756.84;-105.50
26759.77;-105.50
26762.70;-105.58
26765.63;-105.58
26768.55;-105.66
26771.48;-105.66
26774.41;-105.73
26777.34;-105.81
26780.27;-105.73
26783.20;-105.66
26786.13;-105.81
26789.06;-105.81
26791.99;-105.73
26794.92;-105.50
26797.85;-105.58
26800.78;-105.66
26803.71;-105.73
26806.64;-105.81
26809.57;-105.81
26812.50;-105.58
26815.43;-105.73
26818.36;-105.81
26821.29;-106.05
26824.22;-105.81
26827.15;-105.89
26830.08;-105.58
26833.01;-105.81
26835.94;-105.97
26838.87;-106.05
26841.80;-105.89
26844.73;-105.81
26847.66;-105.97
26850.59;-105.97
26853.52;-105.81
26856.45;-105.66
26859.38;-105.58
26862.30;-105.58
26865.23;-105.73
26868.16;-105.81
26871.09;-105.73
26874.02;-105.66
26876.95;-105.58
26879.88;-105.81
26882.81;-105.66
26885.74;-105.50
26888.67;-105.50
26891.60;-105.73
26894.53;-105.73
26897.46;-105.50
26900.39;-105.58
26903.32;-105.66
26906.25;-105.73
26909.18;-105.81
26912.11;-105.89
26915.04;-105.97
26917.97;-105.89
26920.90;-105.73
26923.83;-105.58
26926.76;-105.66
26929.69;-105.89
26932.62;-105.81
26935.55;-105.81
26938.48;-105.97
26941.41;-105.89
26944.34;-105.42
26947.27;-105.58
26950.20;-105.89
26953.13;-105.66
26956.05;-105.89
26958.98;-105.89
26961.91;-105.89
26964.84;-105.89
26967.77;-105.66
26970.70;-105.50
26973.63;-105.73
26976.56;-105.97
26979.49;-105.97
26982.42;-105.81
26985.35;-105.81
26988.28;-106.05
26991.21;-105.97
26994.14;-105.73
26997.07;-105.50
27000.00;-105.34
27002.93;-105.42
27005.86;-105.50
27008.79;-105.89
27011.72;-105.89
27014.65;-105.73
27017.58;-105.73
27020.51;-105.73
27023.44;-105.66
27026.37;-105.50
27029.30;-105.11
27032.23;-105.50
27035.16;-106.05
27038.09;-105.89
27041.02;-105.81
27043.95;-105.66
27046.88;-105.66
27049.80;-105.66
27052.73;-105.66
27055.66;-105.73
27058.59;-105.50
27061.52;-105.42
27064.45;-105.50
27067.38;-105.42
27070.31;-105.66
27073.24;-105.89
27076.17;-105.73
27079.10;-105.58
27082.03;-105.50
27084.96;-105.58
27087.89;-105.73
27090.82;-105.73
27093.75;-105.81
27096.68;-105.81
27099.61;-105.66
27102.54;-105.66
27105.47;-105.89
27108.40;-105.81
27111.33;-105.89
27114.26;-105.89
27117.19;-105.73
27120.12;-105.50
27123.05;-105.66
27125.98;-105.50
27128.91;-105.66
27131.84;-105.66
27134.77;-105.73
27137.70;-105.73
27140.63;-105.97
27143.55;-106.05
27146.48;-105.97
27149.41;-105.89
27152.34;-105.66
27155.27;-105.50
27158.20;-105.66
27161.13;-105.73
27164.06;-105.66
27166.99;-105.42
27169.92;-105.19
27172.85;-105.34
27175.78;-105.66
27178.71;-105.58
27181.64;-105.73
27184.57;-105.73
27187.50;-105.73
27190.43;-105.66
27193.36;-105.81
27196.29;-105.73
27199.22;-105.66
27202.15;-105.58
27205.08;-105.66
27208.01;-105.58
27210.94;-105.66
27213.87;-105.81
27216.80;-105.89
27219.73;-105.73
27222.66;-105.81
27225.59;-105.89
27228.52;-105.73
27231.45;-105.81
27234.38;-105.73
27237.30;-105.58
27240.23;-105.26
27243.16;-105.34
27246.09;-105.42
27249.02;-105.66
27251.95;-105.97
27254.88;-105.81
27257.81;-105.50
27260.74;-105.58
27263.67;-105.58
27266.60;-105.81
27269.53;-105.66
27272.46;-105.50
27275.39;-105.58
27278.32;-105.89
27281.25;-105.58
27284.18;-105.58
27287.11;-105.58
27290.04;-105.50
27292.97;-105.58
27295.90;-105.66
27298.83;-105.42
27301.76;-105.66
27304.69;-105.81
27307.62;-105.81
27310.55;-105.66
27313.48;-105.66
27316.41;-105.58
27319.34;-105.50
27322.27;-105.58
27325.20;-105.66
27328.13;-105.66
27331.05;-105.58
27333.98;-105.50
27336.91;-105.73
27339.84;-105.50
27342.77;-105.66
27345.70;-105.58
27348.63;-105.42
27351.56;-105.50
27354.49;-105.73
27357.42;-105.58
27360.35;-105.66
27363.28;-105.66
27366.21;-105.66
27369.14;-105.73
27372.07;-105.58
27375.00;-105.73
27377.93;-105.66
27380.86;-105.50
27383.79;-105.42
27386.72;-105.34
27389.65;-105.58
27392.58;-105.50
27395.51;-105.19
27398.44;-105.42
27401.37;-105.66
27404.30;-105.42
27407.23;-105.34
27410.16;-105.42
27413.09;-105.66
27416.02;-105.73
27418.95;-105.89
27421.88;-105.66
27424.80;-105.50
27427.73;-105.81
27430.66;-105.81
27433.59;-105.81
27436.52;-105.66
27439.45;-105.66
27442.38;-105.81
27445.31;-105.73
27448.24;-105.42
27451.17;-105.34
27454.10;-105.26
27457.03;-105.42
27459.96;-105.50
27462.89;-105.58
27465.82;-105.42
27468.75;-105.50
27471.68;-105.66
27474.61;-105.66
27477.54;-105.66
27480.47;-105.58
27483.40;-105.66
27486.33;-105.50
27489.26;-105.50
27492.19;-105.73
27495.12;-105.42
27498.05;-105.42
27500.98;-105.26
27503.91;-105.58
27506.84;-105.66
27509.77;-105.66
27512.70;-105.73
27515.63;-105.73
27518.55;-105.58
27521.48;-105.50
27524.41;-105.58
27527.34;-105.50
27530.27;-105.50
27533.20;-105.34
27536.13;-105.58
27539.06;-105.73
27541.99;-105.42
27544.92;-105.42
27547.85;-105.50
27550.78;-105.34
27553.71;-105.50
27556.64;-105.66
27559.57;-105.42
27562.50;-105.50
27565.43;-105.50
27568.36;-105.34
27571.29;-105.03
27574.22;-105.50
27577.15;-105.73
27580.08;-105.66
27583.01;-105.73
27585.94;-105.89
27588.87;-105.58
27591.80;-105.50
27594.73;-105.26
27597.66;-105.50
27600.59;-105.97
27603.52;-105.50
27606.45;-105.19
27609.38;-105.50
27612.30;-105.50
27615.23;-105.58
27618.16;-105.42
27621.09;-105.42
27624.02;-105.50
27626.95;-105.73
27629.88;-105.66
27632.81;-105.81
27635.74;-105.58
27638.67;-105.66
27641.60;-105.50
27644.53;-105.50
27647.46;-105.58
27650.39;-105.42
27653.32;-105.42
27656.25;-105.58
27659.18;-105.73
27662.11;-105.66
27665.04;-105.50
27667.97;-105.81
27670.90;-105.58
27673.83;-105.34
27676.76;-105.58
27679.69;-105.42
27682.62;-105.50
27685.55;-105.34
27688.48;-105.42
27691.41;-105.50
27694.34;-105.42
27697.27;-105.58
27700.20;-105.66
27703.13;-105.73
27706.05;-105.58
27708.98;-105.66
27711.91;-105.50
27714.84;-105.26
27717.77;-105.34
27720.70;-105.34
27723.63;-105.34
27726.56;-105.34
27729.49;-105.50
27732.42;-105.58
27735.35;-105.81
27738.28;-105.73
27741.21;-105.58
27744.14;-105.66
27747.07;-105.73
27750.00;-105.58
27752.93;-105.66
27755.86;-105.50
27758.79;-105.50
27761.72;-105.58
27764.65;-105.42
27767.58;-105.50
27770.51;-105.73
27773.44;-105.50
27776.37;-105.34
27779.30;-105.50
27782.23;-105.42
27785.16;-105.11
27788.09;-105.34
27791.02;-105.58
27793.95;-105.50
27796.88;-105.19
27799.80;-105.19
27802.73;-105.50
27805.66;-105.73
27808.59;-105.42
27811.52;-105.34
27814.45;-105.58
27817.38;-105.66
27820.31;-105.50
27823.24;-105.26
27826.17;-105.42
27829.10;-105.42
27832.03;-105.58
27834.96;-105.50
27837.89;-105.26
27840.82;-105.11
27843.75;-105.34
27846.68;-105.58
27849.61;-105.42
27852.54;-105.34
27855.47;-105.50
27858.40;-105.73
27861.33;-105.73
27864.26;-105.81
27867.19;-105.66
27870.12;-105.42
27873.05;-105.42
27875.98;-105.50
27878.91;-105.42
27881.84;-105.58
27884.77;-105.58
27887.70;-105.42
27890.63;-105.66
27893.55;-105.50
27896.48;-105.50
27899.41;-105.50
27902.34;-105.34
27905.27;-105.50
27908.20;-105.50
27911.13;-105.50
27914.06;-105.58
27916.99;-105.50
27919.92;-105.81
27922.85;-105.81
27925.78;-105.34
27928.71;-105.26
27931.64;-105.42
27934.57;-105.66
27937.50;-105.58
27940.43;-105.58
27943.36;-105.42
27946.29;-105.42
27949.22;-105.58
27952.15;-105.58
27955.08;-105.50
27958.01;-105.19
27960.94;-105.19
27963.87;-105.42
27966.80;-105.50
27969.73;-105.50
27972.66;-105.42
27975.59;-105.26
27978.52;-105.50
27981.45;-105.66
27984.38;-105.58
27987.30;-105.66
27990.23;-105.66
27993.16;-105.50
27996.09;-105.42
27999.02;-105.42
28001.95;-105.26
28004.88;-105.42
28007.81;-105.50
28010.74;-105.66
28013.67;-105.50
28016.60;-105.42
28019.53;-105.58
28022.46;-105.42
28025.39;-105.34
28028.32;-105.58
28031.25;-105.34
28034.18;-105.50
28037.11;-105.50
28040.04;-105.58
28042.97;-105.73
28045.90;-105.66
28048.83;-105.42
28051.76;-105.19
28054.69;-105.42
28057.62;-105.42
28060.55;-105.34
28063.48;-105.50
28066.41;-105.73
28069.34;-105.66
28072.27;-105.19
28075.20;-105.34
28078.13;-105.34
28081.05;-105.42
28083.98;-105.42
28086.91;-105.34
28089.84;-105.42
28092.77;-105.34
28095.70;-105.19
28098.63;-105.11
28101.56;-105.26
28104.49;-105.42
28107.42;-105.42
28110.35;-105.42
28113.28;-105.58
28116.21;-105.50
28119.14;-105.58
28122.07;-105.66
28125.00;-105.58
28127.93;-105.26
28130.86;-105.11
28133.79;-105.34
28136.72;-105.34
28139.65;-105.58
28142.58;-105.58
28145.51;-105.34
28148.44;-105.42
28151.37;-105.42
28154.30;-105.42
28157.23;-105.26
28160.16;-105.19
28163.09;-105.26
28166.02;-105.26
28168.95;-105.26
28171.88;-105.19
28174.80;-105.26
28177.73;-105.42
28180.66;-105.42
28183.59;-105.26
28186.52;-105.11
28189.45;-105.19
28192.38;-105.58
28195.31;-105.42
28198.24;-105.42
28201.17;-105.42
28204.10;-105.26
28207.03;-105.50
28209.96;-105.50
28212.89;-105.42
28215.82;-105.19
28218.75;-105.42
28221.68;-105.58
28224.61;-105.73
28227.54;-105.89
28230.47;-105.42
28233.40;-105.26
28236.33;-105.66
28239.26;-105.42
28242.19;-105.11
28245.12;-105.26
28248.05;-105.73
28250.98;-105.66
28253.91;-105.58
28256.84;-105.58
28259.77;-105.58
28262.70;-105.26
28265.63;-105.26
28268.55;-105.58
28271.48;-105.50
28274.41;-105.42
28277.34;-105.26
28280.27;-105.34
28283.20;-105.58
28286.13;-105.42
28289.06;-105.26
28291.99;-105.11
28294.92;-105.42
28297.85;-105.34
28300.78;-105.19
28303.71;-105.11
28306.64;-105.42
28309.57;-105.58
28312.50;-105.73
28315.43;-105.50
28318.36;-105.34
28321.29;-105.34
28324.22;-105.42
28327.15;-105.34
28330.08;-105.42
28333.01;-105.58
28335.94;-105.34
28338.87;-105.66
28341.80;-105.26
28344.73;-105.26
28347.66;-105.42
28350.59;-105.34
28353.52;-105.58
28356.45;-105.50
28359.38;-105.26
28362.30;-105.26
28365.23;-105.42
28368.16;-105.42
28371.09;-105.11
28374.02;-105.34
28376.95;-105.66
28379.88;-105.66
28382.81;-105.50
28385.74;-105.42
28388.67;-105.26
28391.60;-105.19
28394.53;-105.42
28397.46;-105.34
28400.39;-105.19
28403.32;-105.34
28406.25;-105.50
28409.18;-105.42
28412.11;-105.42
28415.04;-105.34
28417.97;-105.26
28420.90;-105.26
28423.83;-105.26
28426.76;-105.26
28429.69;-105.34
28432.62;-105.26
28435.55;-105.11
28438.48;-105.19
28441.41;-105.42
28444.34;-105.34
28447.27;-105.19
28450.20;-105.58
28453.13;-105.50
28456.05;-105.26
28458.98;-105.34
28461.91;-105.50
28464.84;-105.26
28467.77;-105.26
28470.70;-105.34
28473.63;-105.42
28476.56;-105.42
28479.49;-105.42
28482.42;-105.26
28485.35;-105.34
28488.28;-105.34
28491.21;-105.34
28494.14;-105.34
28497.07;-105.19
28500.00;-105.34
28502.93;-105.42
28505.86;-105.58
28508.79;-105.50
28511.72;-105.26
28514.65;-105.11
28517.58;-105.26
28520.51;-105.58
28523.44;-105.26
28526.37;-105.42
28529.30;-105.58
28532.23;-105.34
28535.16;-105.26
28538.09;-105.34
28541.02;-105.19
28543.95;-105.19
28546.88;-105.34
28549.80;-105.42
28552.73;-105.34
28555.66;-105.19
28558.59;-105.11
28561.52;-105.19
28564.45;-105.34
28567.38;-105.03
28570.31;-105.19
28573.24;-105.34
28576.17;-105.34
28579.10;-105.50
28582.03;-105.81
28584.96;-105.58
28587.89;-105.50
28590.82;-105.42
28593.75;-105.42
28596.68;-105.58
28599.61;-105.34
28602.54;-105.19
28605.47;-104.95
28608.40;-105.19
28611.33;-105.42
28614.26;-105.34
28617.19;-105.50
28620.12;-105.42
28623.05;-105.50
28625.98;-105.73
28628.91;-105.66
28631.84;-105.42
28634.77;-105.50
28637.70;-105.58
28640.63;-105.50
28643.55;-105.34
28646.48;-105.19
28649.41;-105.34
28652.34;-105.42
28655.27;-105.19
28658.20;-105.34
28661.13;-105.58
28664.06;-105.34
28666.99;-105.19
28669.92;-105.42
28672.85;-105.34
28675.78;-105.42
28678.71;-105.26
28681.64;-105.19
28684.57;-105.26
28687.50;-105.58
28690.43;-105.50
28693.36;-105.42
28696.29;-105.19
28699.22;-105.26
28702.15;-105.50
28705.08;-105.34
28708.01;-105.26
28710.94;-105.11
28713.87;-105.19
28716.80;-105.11
28719.73;-105.03
28722.66;-105.34
28725.59;-105.58
28728.52;-105.34
28731.45;-105.50
28734.38;-105.66
28737.30;-105.66
28740.23;-105.66
28743.16;-105.66
28746.09;-105.19
28749.02;-104.95
28751.95;-105.19
28754.88;-105.11
28757.81;-105.34
28760.74;-105.42
28763.67;-105.42
28766.60;-105.26
28769.53;-105.26
28772.46;-105.42
28775.39;-105.34
28778.32;-105.19
28781.25;-104.95
28784.18;-105.42
28787.11;-105.58
28790.04;-105.50
28792.97;-105.42
28795.90;-105.50
28798.83;-105.50
28801.76;-105.26
28804.69;-105.42
28807.62;-105.26
28810.55;-105.19
28813.48;-105.19
28816.41;-105.11
28819.34;-105.34
28822.27;-105.42
28825.20;-105.34
28828.13;-105.34
28831.05;-105.34
28833.98;-105.42
28836.91;-105.34
28839.84;-105.58
28842.77;-105.50
28845.70;-105.42
28848.63;-105.50
28851.56;-105.26
28854.49;-104.95
28857.42;-105.11
28860.35;-105.34
28863.28;-105.26
28866.21;-105.42
28869.14;-105.66
28872.07;-105.42
28875.00;-105.34
28877.93;-105.58
28880.86;-105.42
28883.79;-105.34
28886.72;-105.26
28889.65;-105.19
28892.58;-105.19
28895.51;-105.26
28898.44;-105.03
28901.37;-105.26
28904.30;-105.34
28907.23;-105.26
28910.16;-104.87
28913.09;-104.95
28916.02;-105.34
28918.95;-105.26
28921.88;-105.26
28924.80;-105.42
28927.73;-105.26
28930.66;-105.11
28933.59;-105.26
28936.52;-105.58
28939.45;-105.42
28942.38;-105.42
28945.31;-105.26
28948.24;-104.95
28951.17;-105.03
28954.10;-105.03
28957.03;-105.26
28959.96;-105.50
28962.89;-105.34
28965.82;-105.19
28968.75;-105.42
28971.68;-105.19
28974.61;-105.11
28977.54;-104.95
28980.47;-105.03
28983.40;-105.11
28986.33;-105.19
28989.26;-105.42
28992.19;-105.03
28995.12;-104.87
28998.05;-104.95
29000.98;-105.19
29003.91;-105.34
29006.84;-105.26
29009.77;-105.34
29012.70;-105.34
29015.63;-105.34
29018.55;-105.42
29021.48;-105.42
29024.41;-105.34
29027.34;-105.26
29030.27;-105.34
29033.20;-105.50
29036.13;-105.34
29039.06;-105.26
29041.99;-105.34
29044.92;-105.11
29047.85;-104.95
29050.78;-105.11
29053.71;-105.11
29056.64;-105.11
29059.57;-105.03
29062.50;-105.03
29065.43;-104.95
29068.36;-104.87
29071.29;-105.03
29074.22;-105.42
29077.15;-105.42
29080.08;-105.19
29083.01;-105.11
29085.94;-105.34
29088.87;-105.26
29091.80;-105.58
29094.73;-105.50
29097.66;-105.19
29100.59;-105.19
29103.52;-105.03
29106.45;-104.80
29109.38;-104.95
29112.30;-104.95
29115.23;-105.19
29118.16;-105.11
29121.09;-105.26
29124.02;-105.26
29126.95;-105.11
29129.88;-105.03
29132.81;-105.19
29135.74;-105.11
29138.67;-105.03
29141.60;-105.11
29144.53;-104.95
29147.46;-105.26
29150.39;-105.34
29153.32;-105.26
29156.25;-105.26
29159.18;-104.95
29162.11;-105.19
29165.04;-105.50
29167.97;-105.34
29170.90;-105.26
29173.83;-105.34
29176.76;-105.19
29179.69;-105.03
29182.62;-105.50
29185.55;-105.26
29188.48;-105.26
29191.41;-105.19
29194.34;-105.03
29197.27;-105.03
29200.20;-105.42
29203.13;-105.26
29206.05;-105.11
29208.98;-105.11
29211.91;-105.11
29214.84;-105.34
29217.77;-105.34
29220.70;-105.03
29223.63;-104.80
29226.56;-105.11
29229.49;-105.42
29232.42;-105.34
29235.35;-105.26
29238.28;-105.26
29241.21;-105.26
29244.14;-105.34
29247.07;-105.19
29250.00;-105.34
29252.93;-105.19
29255.86;-105.03
29258.79;-105.42
29261.72;-105.42
29264.65;-105.19
29267.58;-105.03
29270.51;-105.03
29273.44;-105.11
29276.37;-105.11
29279.30;-105.26
29282.23;-105.42
29285.16;-105.42
29288.09;-105.34
29291.02;-105.42
29293.95;-105.34
29296.88;-105.11
29299.80;-105.11
29302.73;-105.11
29305.66;-104.87
29308.59;-104.95
29311.52;-105.19
29314.45;-105.03
29317.38;-105.34
29320.31;-105.42
29323.24;-105.11
29326.17;-105.11
29329.10;-105.03
29332.03;-105.26
29334.96;-105.19
29337.89;-105.19
29340.82;-105.42
29343.75;-105.19
29346.68;-105.19
29349.61;-105.19
29352.54;-104.87
29355.47;-105.58
29358.40;-105.34
29361.33;-105.26
29364.26;-105.19
29367.19;-105.11
29370.12;-104.95
29373.05;-105.26
29375.98;-105.26
29378.91;-105.19
29381.84;-104.95
29384.77;-104.95
29387.70;-105.11
29390.63;-105.26
29393.55;-105.19
29396.48;-105.11
29399.41;-105.19
29402.34;-105.26
29405.27;-105.19
29408.20;-105.19
29411.13;-105.42
29414.06;-105.11
29416.99;-104.80
29419.92;-104.87
29422.85;-105.03
29425.78;-104.72
29428.71;-104.87
29431.64;-105.11
29434.57;-105.34
29437.50;-105.11
29440.43;-105.19
29443.36;-105.26
29446.29;-105.34
29449.22;-105.11
29452.15;-105.03
29455.08;-105.19
29458.01;-105.19
29460.94;-105.19
29463.87;-105.26
29466.80;-104.72
29469.73;-104.80
29472.66;-104.72
29475.59;-105.11
29478.52;-105.42
29481.45;-105.19
29484.38;-105.11
29487.30;-105.26
29490.23;-105.42
29493.16;-105.26
29496.09;-105.11
29499.02;-105.26
29501.95;-105.19
29504.88;-104.95
29507.81;-105.11
29510.74;-105.42
29513.67;-105.11
29516.60;-105.19
29519.53;-105.03
29522.46;-105.11
29525.39;-105.19
29528.32;-104.95
29531.25;-105.03
29534.18;-104.87
29537.11;-104.95
29540.04;-104.72
29542.97;-105.03
29545.90;-105.11
29548.83;-105.11
29551.76;-105.34
29554.69;-105.26
29557.62;-105.19
29560.55;-105.11
29563.48;-104.95
29566.41;-105.26
29569.34;-105.03
29572.27;-105.19
29575.20;-105.26
29578.13;-105.26
29581.05;-105.42
29583.98;-105.19
29586.91;-104.95
29589.84;-105.03
29592.77;-105.19
29595.70;-105.11
29598.63;-104.95
29601.56;-105.26
29604.49;-105.19
29607.42;-105.11
29610.35;-105.26
29613.28;-105.03
29616.21;-104.95
29619.14;-104.87
29622.07;-105.11
29625.00;-105.42
29627.93;-104.95
29630.86;-104.95
29633.79;-105.03
29636.72;-104.95
29639.65;-105.19
29642.58;-105.11
29645.51;-105.03
29648.44;-105.11
29651.37;-104.95
29654.30;-105.34
29657.23;-105.19
29660.16;-105.19
29663.09;-105.19
29666.02;-105.03
29668.95;-105.03
29671.88;-105.03
29674.80;-105.03
29677.73;-105.03
29680.66;-104.87
29683.59;-104.95
29686.52;-104.95
29689.45;-104.87
29692.38;-105.11
29695.31;-105.11
29698.24;-104.80
29701.17;-104.72
29704.10;-104.95
29707.03;-104.87
29709.96;-104.95
29712.89;-105.11
29715.82;-105.26
29718.75;-105.26
29721.68;-105.11
29724.61;-104.95
29727.54;-105.11
29730.47;-105.19
29733.40;-105.11
29736.33;-105.03
29739.26;-104.87
29742.19;-104.95
29745.12;-104.95
29748.05;-105.11
29750.98;-105.19
29753.91;-105.03
29756.84;-105.03
29759.77;-105.19
29762.70;-105.26
29765.63;-105.26
29768.55;-105.03
29771.48;-104.95
29774.41;-105.26
29777.34;-104.95
29780.27;-105.11
29783.20;-105.26
29786.13;-104.87
29789.06;-104.87
29791.99;-104.95
29794.92;-105.26
29797.85;-105.11
29800.78;-105.11
29803.71;-105.03
29806.64;-104.95
29809.57;-105.34
29812.50;-105.34
29815.43;-105.42
29818.36;-105.19
29821.29;-105.11
29824.22;-105.03
29827.15;-105.03
29830.08;-105.11
29833.01;-105.11
29835.94;-105.11
29838.87;-105.34
29841.80;-105.42
29844.73;-105.26
29847.66;-105.11
29850.59;-105.03
29853.52;-105.03
29856.45;-105.19
29859.38;-105.34
29862.30;-105.34
29865.23;-105.19
29868.16;-105.19
29871.09;-105.03
29874.02;-104.87
29876.95;-105.11
29879.88;-105.26
29882.81;-105.11
29885.74;-105.03
29888.67;-105.26
29891.60;-105.11
29894.53;-104.95
29897.46;-105.11
29900.39;-105.03
29903.32;-105.03
29906.25;-105.03
29909.18;-105.11
29912.11;-104.80
29915.04;-104.72
29917.97;-104.95
29920.90;-104.80
29923.83;-105.03
29926.76;-105.11
29929.69;-105.03
29932.62;-104.95
29935.55;-104.87
29938.48;-104.87
29941.41;-105.03
29944.34;-105.11
29947.27;-105.11
29950.20;-105.19
29953.13;-105.19
29956.05;-105.19
29958.98;-104.87
29961.91;-105.03
29964.84;-105.11
29967.77;-104.87
29970.70;-104.87
29973.63;-104.80
29976.56;-104.95
29979.49;-104.95
29982.42;-105.19
29985.35;-105.19
29988.28;-104.95
29991.21;-105.11
29994.14;-105.42
29997.07;-105.19
30000.00;-105.03
30002.93;-105.11
30005.86;-105.26
30008.79;-105.11
30011.72;-104.87
30014.65;-104.80
30017.58;-105.19
30020.51;-105.26
30023.44;-105.34
30026.37;-104.95
30029.30;-104.95
30032.23;-105.11
30035.16;-105.11
30038.09;-105.11
30041.02;-105.03
30043.95;-104.87
30046.88;-104.95
30049.80;-105.11
30052.73;-105.19
30055.66;-105.11
30058.59;-105.11
30061.52;-105.03
30064.45;-105.26
30067.38;-105.03
30070.31;-105.03
30073.24;-105.26
30076.17;-105.03
30079.10;-104.95
30082.03;-104.95
30084.96;-105.03
30087.89;-105.03
30090.82;-105.11
30093.75;-105.26
30096.68;-105.03
30099.61;-105.11
30102.54;-105.03
30105.47;-105.03
30108.40;-105.11
30111.33;-105.03
30114.26;-104.95
30117.19;-104.95
30120.12;-104.95
30123.05;-104.95
30125.98;-105.03
30128.91;-105.19
30131.84;-105.03
30134.77;-104.87
30137.70;-104.87
30140.63;-105.19
30143.55;-104.87
30146.48;-104.87
30149.41;-105.03
30152.34;-105.11
30155.27;-105.03
30158.20;-105.03
30161.13;-105.03
30164.06;-104.95
30166.99;-104.87
30169.92;-105.11
30172.85;-105.19
30175.78;-104.95
30178.71;-105.03
30181.64;-105.03
30184.57;-105.03
30187.50;-105.03
30190.43;-105.11
30193.36;-105.34
30196.29;-105.03
30199.22;-105.19
30202.15;-105.19
30205.08;-105.26
30208.01;-105.19
30210.94;-105.03
30213.87;-104.72
30216.80;-104.87
30219.73;-105.03
30222.66;-105.03
30225.59;-105.19
30228.52;-105.11
30231.45;-105.03
30234.38;-105.03
30237.30;-104.87
30240.23;-104.72
30243.16;-104.95
30246.09;-105.11
30249.02;-105.03
30251.95;-105.03
30254.88;-104.87
30257.81;-104.95
30260.74;-105.11
30263.67;-105.11
30266.60;-104.87
30269.53;-104.64
30272.46;-105.03
30275.39;-105.03
30278.32;-105.03
30281.25;-105.19
30284.18;-105.11
30287.11;-105.03
30290.04;-105.03
30292.97;-104.95
30295.90;-104.95
30298.83;-104.72
30301.76;-104.95
30304.69;-105.03
30307.62;-105.34
30310.55;-105.26
30313.48;-104.87
30316.41;-105.19
30319.34;-104.80
30322.27;-104.80
30325.20;-105.03
30328.13;-104.80
30331.05;-104.95
30333.98;-105.03
30336.91;-105.19
30339.84;-105.03
30342.77;-104.80
30345.70;-104.80
30348.63;-104.95
30351.56;-105.11
30354.49;-105.11
30357.42;-104.87
30360.35;-104.87
30363.28;-104.95
30366.21;-104.95
30369.14;-104.87
30372.07;-105.03
30375.00;-105.19
30377.93;-105.19
30380.86;-104.95
30383.79;-105.11
30386.72;-105.19
30389.65;-105.03
30392.58;-104.80
30395.51;-104.80
30398.44;-104.56
30401.37;-104.64
30404.30;-104.95
30407.23;-104.80
30410.16;-104.72
30413.09;-104.80
30416.02;-104.87
30418.95;-104.95
30421.88;-104.80
30424.80;-105.11
30427.73;-105.11
30430.66;-105.11
30433.59;-105.03
30436.52;-105.03
30439.45;-105.03
30442.38;-105.26
30445.31;-105.19
30448.24;-104.95
30451.17;-104.95
30454.10;-104.80
30457.03;-104.87
30459.96;-104.64
30462.89;-104.87
30465.82;-105.03
30468.75;-104.95
30471.68;-105.19
30474.61;-105.19
30477.54;-105.11
30480.47;-105.11
30483.40;-105.11
30486.33;-104.95
30489.26;-104.95
30492.19;-104.72
30495.12;-104.80
30498.05;-105.26
30500.98;-105.03
30503.91;-104.72
30506.84;-105.03
30509.77;-104.95
30512.70;-105.11
30515.63;-104.95
30518.55;-105.11
30521.48;-105.03
30524.41;-105.03
30527.34;-104.87
30530.27;-104.80
30533.20;-105.11
30536.13;-105.19
30539.06;-105.03
30541.99;-104.87
30544.92;-104.87
30547.85;-104.95
30550.78;-104.95
30553.71;-105.03
30556.64;-104.87
30559.57;-104.95
30562.50;-105.03
30565.43;-104.95
30568.36;-104.95
30571.29;-104.95
30574.22;-104.72
30577.15;-104.64
30580.08;-104.80
30583.01;-104.87
30585.94;-105.11
30588.87;-105.03
30591.80;-104.80
30594.73;-104.80
30597.66;-104.72
30600.59;-105.03
30603.52;-105.03
30606.45;-104.72
30609.38;-105.11
30612.30;-105.03
30615.23;-104.87
30618.16;-104.64
30621.09;-104.64
30624.02;-105.03
30626.95;-105.03
30629.88;-105.11
30632.81;-104.95
30635.74;-104.87
30638.67;-104.72
30641.60;-104.95
30644.53;-104.87
30647.46;-105.03
30650.39;-104.80
30653.32;-104.80
30656.25;-105.26
30659.18;-105.19
30662.11;-104.95
30665.04;-104.87
30667.97;-104.72
30670.90;-104.95
30673.83;-104.80
30676.76;-104.87
30679.69;-104.48
30682.62;-104.80
30685.55;-104.80
30688.48;-105.11
30691.41;-104.87
30694.34;-104.95
30697.27;-105.11
30700.20;-105.03
30703.13;-105.03
30706.05;-104.80
30708.98;-104.72
30711.91;-104.95
30714.84;-105.42
30717.77;-105.11
30720.70;-104.87
30723.63;-105.03
30726.56;-104.87
30729.49;-104.87
30732.42;-104.80
30735.35;-104.95
30738.28;-105.03
30741.21;-104.87
30744.14;-104.95
30747.07;-104.72
30750.00;-104.56
30752.93;-104.72
30755.86;-105.03
30758.79;-105.03
30761.72;-104.87
30764.65;-104.72
30767.58;-104.87
30770.51;-105.26
30773.44;-105.11
30776.37;-104.87
30779.30;-104.72
30782.23;-104.72
30785.16;-104.87
30788.09;-104.72
30791.02;-104.72
30793.95;-104.80
30796.88;-104.95
30799.80;-105.19
30802.73;-105.19
30805.66;-104.95
30808.59;-104.87
30811.52;-104.72
30814.45;-104.87
30817.38;-105.19
30820.31;-105.26
30823.24;-105.26
30826.17;-105.19
30829.10;-105.03
30832.03;-104.80
30834.96;-104.80
30837.89;-104.64
30840.82;-104.72
30843.75;-105.03
30846.68;-105.11
30849.61;-104.80
30852.54;-104.80
30855.47;-104.56
30858.40;-104.56
30861.33;-104.80
30864.26;-104.72
30867.19;-104.72
30870.12;-104.72
30873.05;-104.72
30875.98;-104.87
30878.91;-104.80
30881.84;-104.64
30884.77;-104.72
30887.70;-104.72
30890.63;-104.95
30893.55;-104.72
30896.48;-104.48
30899.41;-104.87
30902.34;-104.95
30905.27;-104.87
30908.20;-104.80
30911.13;-104.80
30914.06;-105.03
30916.99;-104.95
30919.92;-104.87
30922.85;-104.80
30925.78;-104.87
30928.71;-104.72
30931.64;-104.72
30934.57;-104.95
30937.50;-105.11
30940.43;-104.95
30943.36;-104.80
30946.29;-104.87
30949.22;-105.11
30952.15;-105.19
30955.08;-105.03
30958.01;-104.56
30960.94;-104.64
30963.87;-104.72
30966.80;-104.87
30969.73;-104.87
30972.66;-104.87
30975.59;-104.87
30978.52;-104.80
30981.45;-104.87
30984.38;-104.72
30987.30;-104.56
30990.23;-104.64
30993.16;-104.64
30996.09;-104.72
30999.02;-104.72
31001.95;-104.48
31004.88;-104.80
31007.81;-104.72
31010.74;-104.41
31013.67;-104.64
31016.60;-104.95
31019.53;-104.80
31022.46;-104.41
31025.39;-104.87
31028.32;-104.87
31031.25;-104.72
31034.18;-104.48
31037.11;-104.56
31040.04;-104.87
31042.97;-105.03
31045.90;-105.03
31048.83;-104.87
31051.76;-104.95
31054.69;-105.19
31057.62;-104.72
31060.55;-104.80
31063.48;-104.95
31066.41;-105.03
31069.34;-104.80
31072.27;-104.72
31075.20;-104.72
31078.13;-104.48
31081.05;-104.72
31083.98;-104.95
31086.91;-104.64
31089.84;-104.72
31092.77;-105.11
31095.70;-104.87
31098.63;-104.80
31101.56;-104.80
31104.49;-104.80
31107.42;-104.72
31110.35;-104.80
31113.28;-105.03
31116.21;-104.87
31119.14;-104.64
31122.07;-104.72
31125.00;-104.80
31127.93;-104.87
31130.86;-104.87
31133.79;-104.87
31136.72;-105.03
31139.65;-104.95
31142.58;-104.95
31145.51;-104.87
31148.44;-104.64
31151.37;-104.72
31154.30;-104.72
31157.23;-104.80
31160.16;-104.87
31163.09;-104.80
31166.02;-104.48
31168.95;-104.80
31171.88;-104.95
31174.80;-104.87
31177.73;-104.80
31180.66;-104.87
31183.59;-104.87
31186.52;-104.95
31189.45;-105.03
31192.38;-104.95
31195.31;-104.95
31198.24;-104.87
31201.17;-104.80
31204.10;-104.80
31207.03;-104.72
31209.96;-104.80
31212.89;-104.72
31215.82;-104.72
31218.75;-104.87
31221.68;-104.64
31224.61;-104.64
31227.54;-104.80
31230.47;-104.72
31233.40;-104.56
31236.33;-104.72
31239.26;-104.87
31242.19;-104.80
31245.12;-104.64
31248.05;-104.64
31250.98;-104.80
31253.91;-104.56
31256.84;-104.87
31259.77;-104.87
31262.70;-104.87
31265.63;-104.87
31268.55;-104.72
31271.48;-104.87
31274.41;-104.72
31277.34;-104.80
31280.27;-104.80
31283.20;-104.64
31286.13;-104.72
31289.06;-104.72
31291.99;-104.48
31294.92;-104.56
31297.85;-104.72
31300.78;-104.56
31303.71;-104.56
31306.64;-104.72
31309.57;-104.80
31312.50;-105.03
31315.43;-104.72
31318.36;-104.72
31321.29;-104.64
31324.22;-105.19
31327.15;-104.95
31330.08;-104.64
31333.01;-104.72
31335.94;-104.95
31338.87;-105.19
31341.80;-104.80
31344.73;-104.80
31347.66;-104.72
31350.59;-104.95
31353.52;-104.87
31356.45;-104.87
31359.38;-104.87
31362.30;-104.80
31365.23;-104.56
31368.16;-104.56
31371.09;-104.64
31374.02;-104.80
31376.95;-104.72
31379.88;-104.87
31382.81;-104.72
31385.74;-104.56
31388.67;-104.87
31391.60;-105.03
31394.53;-105.03
31397.46;-104.72
31400.39;-104.87
31403.32;-104.80
31406.25;-104.87
31409.18;-104.80
31412.11;-104.56
31415.04;-104.56
31417.97;-104.64
31420.90;-104.64
31423.83;-104.72
31426.76;-104.56
31429.69;-104.95
31432.62;-104.95
31435.55;-104.64
31438.48;-104.56
31441.41;-104.87
31444.34;-104.64
31447.27;-104.72
31450.20;-104.72
31453.13;-104.33
31456.05;-104.48
31458.98;-104.48
31461.91;-104.72
31464.84;-104.64
31467.77;-104.80
31470.70;-104.72
31473.63;-104.80
31476.56;-104.87
31479.49;-104.80
31482.42;-104.72
31485.35;-104.41
31488.28;-104.56
31491.21;-104.64
31494.14;-104.64
31497.07;-104.64
31500.00;-104.41
31502.93;-104.56
31505.86;-104.80
31508.79;-104.87
31511.72;-104.72
31514.65;-104.48
31517.58;-104.64
31520.51;-104.17
31523.44;-104.33
31526.37;-104.56
31529.30;-104.80
31532.23;-104.80
31535.16;-104.72
31538.09;-104.64
31541.02;-104.64
31543.95;-104.87
31546.88;-104.95
31549.80;-104.80
31552.73;-104.95
31555.66;-104.64
31558.59;-104.64
31561.52;-104.64
31564.45;-104.95
31567.38;-104.87
31570.31;-104.64
31573.24;-104.72
31576.17;-104.87
31579.10;-104.87
31582.03;-104.64
31584.96;-104.56
31587.89;-104.64
31590.82;-104.95
31593.75;-104.80
31596.68;-104.80
31599.61;-104.87
31602.54;-104.87
31605.47;-104.72
31608.40;-104.80
31611.33;-104.95
31614.26;-105.03
31617.19;-104.80
31620.12;-104.64
31623.05;-104.64
31625.98;-104.72
31628.91;-104.87
31631.84;-104.87
31634.77;-104.56
31637.70;-104.64
31640.63;-104.56
31643.55;-104.56
31646.48;-104.64
31649.41;-104.87
31652.34;-104.80
31655.27;-104.95
31658.20;-104.95
31661.13;-104.72
31664.06;-104.64
31666.99;-104.56
31669.92;-104.72
31672.85;-104.95
31675.78;-104.87
31678.71;-104.87
31681.64;-105.03
31684.57;-104.95
31687.50;-104.80
31690.43;-104.87
31693.36;-104.72
31696.29;-104.56
31699.22;-104.87
31702.15;-104.80
31705.08;-104.87
31708.01;-104.95
31710.94;-104.80
31713.87;-104.48
31716.80;-104.80
31719.73;-104.87
31722.66;-105.03
31725.59;-105.03
31728.52;-104.95
31731.45;-104.87
31734.38;-104.56
31737.30;-104.64
31740.23;-104.80
31743.16;-104.64
31746.09;-104.64
31749.02;-104.72
31751.95;-104.72
31754.88;-104.56
31757.81;-104.64
31760.74;-104.56
31763.67;-104.80
31766.60;-104.87
31769.53;-104.64
31772.46;-104.48
31775.39;-104.72
31778.32;-104.80
31781.25;-104.80
31784.18;-104.80
31787.11;-104.72
31790.04;-104.48
31792.97;-104.64
31795.90;-104.95
31798.83;-104.87
31801.76;-105.03
31804.69;-104.95
31807.62;-104.87
31810.55;-104.95
31813.48;-104.95
31816.41;-104.72
31819.34;-104.64
31822.27;-104.72
31825.20;-104.87
31828.13;-104.64
31831.05;-104.56
31833.98;-104.72
31836.91;-104.72
31839.84;-104.48
31842.77;-104.64
31845.70;-104.72
31848.63;-104.48
31851.56;-104.41
31854.49;-104.80
31857.42;-104.56
31860.35;-104.56
31863.28;-104.56
31866.21;-104.72
31869.14;-104.87
31872.07;-104.64
31875.00;-104.64
31877.93;-104.56
31880.86;-104.72
31883.79;-104.72
31886.72;-104.64
31889.65;-104.72
31892.58;-104.72
31895.51;-104.72
31898.44;-104.64
31901.37;-104.80
31904.30;-104.87
31907.23;-104.87
31910.16;-104.72
31913.09;-104.56
31916.02;-104.56
31918.95;-104.80
31921.88;-104.95
31924.80;-104.80
31927.73;-104.80
31930.66;-104.80
31933.59;-104.72
31936.52;-104.72
31939.45;-104.80
31942.38;-104.72
31945.31;-104.41
31948.24;-104.56
31951.17;-104.95
31954.10;-104.80
31957.03;-104.48
31959.96;-104.80
31962.89;-104.87
31965.82;-104.48
31968.75;-104.56
31971.68;-104.87
31974.61;-104.64
31977.54;-104.64
31980.47;-104.72
31983.40;-104.72
31986.33;-104.72
31989.26;-104.72
31992.19;-104.87
31995.12;-104.80
31998.05;-104.64
32000.98;-104.33
32003.91;-104.41
32006.84;-104.64
32009.77;-104.64
32012.70;-104.64
32015.63;-104.64
32018.55;-104.72
32021.48;-104.72
32024.41;-104.72
32027.34;-104.72
32030.27;-104.80
32033.20;-104.56
32036.13;-104.33
32039.06;-104.64
32041.99;-105.03
32044.92;-104.56
32047.85;-104.48
32050.78;-104.41
32053.71;-104.56
32056.64;-104.64
32059.57;-104.80
32062.50;-104.87
32065.43;-104.56
32068.36;-104.48
32071.29;-104.64
32074.22;-104.80
32077.15;-104.64
32080.08;-104.41
32083.01;-104.56
32085.94;-104.72
32088.87;-104.64
32091.80;-104.72
32094.73;-104.72
32097.66;-104.72
32100.59;-104.72
32103.52;-104.48
32106.45;-104.72
32109.38;-104.87
32112.30;-104.64
32115.23;-104.56
32118.16;-104.87
32121.09;-104.80
32124.02;-104.64
32126.95;-104.41
32129.88;-104.48
32132.81;-104.64
32135.74;-104.80
32138.67;-104.64
32141.60;-104.87
32144.53;-104.95
32147.46;-104.80
32150.39;-104.48
32153.32;-104.64
32156.25;-104.48
32159.18;-104.56
32162.11;-104.80
32165.04;-104.48
32167.97;-104.87
32170.90;-104.80
32173.83;-104.87
32176.76;-104.72
32179.69;-104.72
32182.62;-104.56
32185.55;-104.48
32188.48;-104.48
32191.41;-104.41
32194.34;-104.64
32197.27;-104.64
32200.20;-104.56
32203.13;-104.48
32206.05;-104.48
32208.98;-104.64
32211.91;-104.56
32214.84;-104.48
32217.77;-104.48
32220.70;-104.72
32223.63;-104.72
32226.56;-104.33
32229.49;-104.56
32232.42;-104.87
32235.35;-104.56
32238.28;-104.56
32241.21;-104.48
32244.14;-104.64
32247.07;-104.41
32250.00;-104.33
32252.93;-104.64
32255.86;-104.72
32258.79;-104.64
32261.72;-104.80
32264.65;-104.64
32267.58;-104.80
32270.51;-104.72
32273.44;-104.48
32276.37;-104.48
32279.30;-104.33
32282.23;-104.33
32285.16;-104.64
32288.09;-104.95
32291.02;-104.80
32293.95;-104.56
32296.88;-104.48
32299.80;-104.41
32302.73;-104.33
32305.66;-104.25
32308.59;-104.48
32311.52;-104.80
32314.45;-104.87
32317.38;-104.64
32320.31;-104.48
32323.24;-104.48
32326.17;-104.80
32329.10;-104.64
32332.03;-104.41
32334.96;-104.56
32337.89;-104.72
32340.82;-104.48
32343.75;-104.64
32346.68;-104.56
32349.61;-104.72
32352.54;-104.72
32355.47;-104.64
32358.40;-104.64
32361.33;-104.72
32364.26;-104.80
32367.19;-104.80
32370.12;-104.41
32373.05;-104.33
32375.98;-104.33
32378.91;-104.48
32381.84;-104.41
32384.77;-104.41
32387.70;-104.56
32390.63;-104.56
32393.55;-104.48
32396.48;-104.48
32399.41;-104.72
32402.34;-104.64
32405.27;-104.56
32408.20;-104.87
32411.13;-104.87
32414.06;-104.72
32416.99;-104.72
32419.92;-104.72
32422.85;-104.48
32425.78;-104.33
32428.71;-104.64
32431.64;-104.72
32434.57;-104.80
32437.50;-104.48
32440.43;-104.56
32443.36;-105.11
32446.29;-105.03
32449.22;-104.56
32452.15;-104.33
32455.08;-104.41
32458.01;-104.48
32460.94;-104.41
32463.87;-104.25
32466.80;-104.48
32469.73;-104.48
32472.66;-104.41
32475.59;-104.48
32478.52;-104.56
32481.45;-104.48
32484.38;-104.56
32487.30;-104.56
32490.23;-104.48
32493.16;-104.64
32496.09;-104.72
32499.02;-104.80
32501.95;-104.80
32504.88;-104.80
32507.81;-104.56
32510.74;-104.64
32513.67;-104.95
32516.60;-104.56
32519.53;-104.25
32522.46;-104.48
32525.39;-104.56
32528.32;-104.48
32531.25;-104.80
32534.18;-104.72
32537.11;-104.64
32540.04;-104.33
32542.97;-104.17
32545.90;-104.48
32548.83;-104.72
32551.76;-104.64
32554.69;-104.41
32557.62;-104.25
32560.55;-104.56
32563.48;-104.72
32566.41;-104.80
32569.34;-104.64
32572.27;-104.72
32575.20;-104.48
32578.13;-104.64
32581.05;-104.72
32583.98;-104.64
32586.91;-104.56
32589.84;-104.64
32592.77;-104.64
32595.70;-104.72
32598.63;-104.72
32601.56;-104.64
32604.49;-104.56
32607.42;-104.64
32610.35;-104.80
32613.28;-104.87
32616.21;-104.72
32619.14;-104.56
32622.07;-104.41
32625.00;-104.33
32627.93;-104.25
32630.86;-104.41
32633.79;-104.56
32636.72;-104.41
32639.65;-104.33
32642.58;-104.33
32645.51;-104.41
32648.44;-104.41
32651.37;-104.09
32654.30;-104.41
32657.23;-104.56
32660.16;-104.72
32663.09;-105.03
32666.02;-104.80
32668.95;-104.41
32671.88;-104.25
32674.80;-104.56
32677.73;-104.56
32680.66;-104.64
32683.59;-104.41
32686.52;-104.56
32689.45;-104.64
32692.38;-104.64
32695.31;-104.56
32698.24;-104.48
32701.17;-104.64
32704.10;-104.56
32707.03;-104.41
32709.96;-104.25
32712.89;-104.17
32715.82;-104.64
32718.75;-104.95
32721.68;-104.64
32724.61;-104.41
32727.54;-104.56
32730.47;-104.64
32733.40;-104.56
32736.33;-104.41
32739.26;-104.25
32742.19;-104.56
32745.12;-104.48
32748.05;-104.48
32750.98;-104.41
32753.91;-104.33
32756.84;-104.41
32759.77;-104.48
32762.70;-104.25
32765.63;-104.64
32768.55;-104.72
32771.48;-104.56
32774.41;-104.56
32777.34;-104.64
32780.27;-104.41
32783.20;-104.48
32786.13;-104.72
32789.06;-104.56
32791.99;-104.64
32794.92;-104.64
32797.85;-104.64
32800.78;-104.64
32803.71;-104.41
32806.64;-104.48
32809.57;-104.48
32812.50;-104.41
32815.43;-104.33
32818.36;-104.41
32821.29;-104.56
32824.22;-104.48
32827.15;-104.56
32830.08;-104.41
32833.01;-104.41
32835.94;-104.48
32838.87;-104.33
32841.80;-104.48
32844.73;-104.72
32847.66;-104.72
32850.59;-104.56
32853.52;-104.48
32856.45;-104.80
32859.38;-104.80
32862.30;-104.64
32865.23;-104.48
32868.16;-104.48
32871.09;-104.56
32874.02;-104.41
32876.95;-104.56
32879.88;-104.72
32882.81;-104.64
32885.74;-104.33
32888.67;-104.33
32891.60;-104.48
32894.53;-104.64
32897.46;-104.48
32900.39;-104.41
32903.32;-104.56
32906.25;-104.48
32909.18;-104.56
32912.11;-104.64
32915.04;-104.64
32917.97;-104.56
32920.90;-104.64
32923.83;-104.56
32926.76;-104.56
32929.69;-104.48
32932.62;-104.33
32935.55;-104.41
32938.48;-104.56
32941.41;-104.56
32944.34;-104.48
32947.27;-104.48
32950.20;-104.56
32953.13;-104.48
32956.05;-104.56
32958.98;-104.41
32961.91;-104.56
32964.84;-104.33
32967.77;-104.33
32970.70;-104.41
32973.63;-104.64
32976.56;-104.48
32979.49;-104.41
32982.42;-104.33
32985.35;-104.56
32988.28;-105.03
32991.21;-104.72
32994.14;-104.48
32997.07;-104.33
33000.00;-104.33
33002.93;-104.33
33005.86;-104.48
33008.79;-104.80
33011.72;-104.87
33014.65;-104.56
33017.58;-104.41
33020.51;-104.41
33023.44;-104.72
33026.37;-104.56
33029.30;-104.25
33032.23;-104.25
33035.16;-104.25
33038.09;-104.33
33041.02;-104.56
33043.95;-104.48
33046.88;-104.33
33049.80;-104.17
33052.73;-104.41
33055.66;-104.64
33058.59;-104.72
33061.52;-104.41
33064.45;-104.41
33067.38;-104.56
33070.31;-104.41
33073.24;-104.17
33076.17;-104.56
33079.10;-104.64
33082.03;-104.56
33084.96;-104.56
33087.89;-104.64
33090.82;-104.64
33093.75;-104.41
33096.68;-104.48
33099.61;-104.56
33102.54;-104.72
33105.47;-104.72
33108.40;-104.72
33111.33;-104.41
33114.26;-104.48
33117.19;-104.56
33120.12;-104.56
33123.05;-104.72
33125.98;-104.56
33128.91;-104.56
33131.84;-104.33
33134.77;-104.25
33137.70;-104.25
33140.63;-104.33
33143.55;-104.56
33146.48;-104.56
33149.41;-104.48
33152.34;-104.48
33155.27;-104.64
33158.20;-104.56
33161.13;-104.48
33164.06;-104.41
33166.99;-104.33
33169.92;-104.17
33172.85;-104.48
33175.78;-104.80
33178.71;-104.56
33181.64;-104.41
33184.57;-104.48
33187.50;-104.33
33190.43;-104.25
33193.36;-104.48
33196.29;-104.33
33199.22;-104.33
33202.15;-104.25
33205.08;-104.09
33208.01;-104.48
33210.94;-104.41
33213.87;-104.56
33216.80;-104.56
33219.73;-104.48
33222.66;-104.41
33225.59;-104.33
33228.52;-104.64
33231.45;-104.64
33234.38;-104.56
33237.30;-104.41
33240.23;-104.41
33243.16;-104.17
33246.09;-104.25
33249.02;-104.41
33251.95;-104.56
33254.88;-104.56
33257.81;-104.48
33260.74;-104.41
33263.67;-104.41
33266.60;-104.33
33269.53;-104.33
33272.46;-104.41
33275.39;-104.56
33278.32;-104.56
33281.25;-104.41
33284.18;-104.25
33287.11;-104.41
33290.04;-104.56
33292.97;-104.48
33295.90;-104.48
33298.83;-104.17
33301.76;-104.41
33304.69;-104.95
33307.62;-104.41
33310.55;-103.94
33313.48;-104.17
33316.41;-104.56
33319.34;-104.56
33322.27;-104.64
33325.20;-104.72
33328.13;-104.72
33331.05;-104.64
33333.98;-104.33
33336.91;-104.56
33339.84;-104.72
33342.77;-104.80
33345.70;-104.48
33348.63;-104.48
33351.56;-104.64
33354.49;-104.48
33357.42;-104.33
33360.35;-104.33
33363.28;-104.33
33366.21;-104.41
33369.14;-104.48
33372.07;-104.33
33375.00;-104.25
33377.93;-104.41
33380.86;-104.33
33383.79;-104.41
33386.72;-104.56
33389.65;-104.56
33392.58;-104.25
33395.51;-104.09
33398.44;-104.25
33401.37;-104.41
33404.30;-104.41
33407.23;-104.25
33410.16;-104.17
33413.09;-104.25
33416.02;-104.17
33418.95;-104.25
33421.88;-104.25
33424.80;-104.41
33427.73;-104.33
33430.66;-104.56
33433.59;-104.41
33436.52;-104.41
33439.45;-104.41
33442.38;-104.17
33445.31;-104.33
33448.24;-104.17
33451.17;-104.33
33454.10;-104.80
33457.03;-104.56
33459.96;-104.56
33462.89;-104.56
33465.82;-104.17
33468.75;-104.01
33471.68;-104.25
33474.61;-104.41
33477.54;-104.41
33480.47;-104.17
33483.40;-104.41
33486.33;-104.56
33489.26;-104.33
33492.19;-104.17
33495.12;-104.33
33498.05;-104.41
33500.98;-104.25
33503.91;-104.17
33506.84;-104.48
33509.77;-104.56
33512.70;-104.33
33515.63;-104.33
33518.55;-104.48
33521.48;-104.48
33524.41;-104.48
33527.34;-104.48
33530.27;-104.48
33533.20;-104.56
33536.13;-104.56
33539.06;-104.48
33541.99;-104.80
33544.92;-104.64
33547.85;-104.48
33550.78;-104.56
33553.71;-104.56
33556.64;-104.33
33559.57;-104.33
33562.50;-104.48
33565.43;-104.48
33568.36;-104.56
33571.29;-104.25
33574.22;-104.25
33577.15;-104.48
33580.08;-104.56
33583.01;-104.41
33585.94;-104.48
33588.87;-104.33
33591.80;-104.17
33594.73;-104.56
33597.66;-104.25
33600.59;-104.01
33603.52;-104.01
33606.45;-104.25
33609.38;-104.09
33612.30;-104.09
33615.23;-104.17
33618.16;-104.33
33621.09;-104.17
33624.02;-104.09
33626.95;-104.25
33629.88;-104.41
33632.81;-104.33
33635.74;-104.33
33638.67;-104.41
33641.60;-104.56
33644.53;-104.56
33647.46;-104.17
33650.39;-104.09
33653.32;-104.25
33656.25;-104.56
33659.18;-104.48
33662.11;-104.25
33665.04;-104.33
33667.97;-104.64
33670.90;-104.56
33673.83;-104.56
33676.76;-104.56
33679.69;-104.25
33682.62;-104.25
33685.55;-104.41
33688.48;-104.33
33691.41;-104.41
33694.34;-104.56
33697.27;-104.41
33700.20;-104.48
33703.13;-104.48
33706.05;-104.64
33708.98;-104.64
33711.91;-104.56
33714.84;-104.25
33717.77;-104.48
33720.70;-104.48
33723.63;-104.48
33726.56;-104.72
33729.49;-104.72
33732.42;-104.56
33735.35;-104.48
33738.28;-104.48
33741.21;-104.41
33744.14;-104.09
33747.07;-104.09
33750.00;-104.33
33752.93;-104.17
33755.86;-104.17
33758.79;-104.33
33761.72;-104.25
33764.65;-104.41
33767.58;-104.09
33770.51;-104.09
33773.44;-104.33
33776.37;-104.25
33779.30;-104.48
33782.23;-104.56
33785.16;-104.48
33788.09;-104.01
33791.02;-104.25
33793.95;-104.64
33796.88;-104.33
33799.80;-104.41
33802.73;-104.41
33805.66;-104.48
33808.59;-104.56
33811.52;-104.64
33814.45;-104.33
33817.38;-104.33
33820.31;-104.33
33823.24;-104.48
33826.17;-104.48
33829.10;-104.56
33832.03;-104.33
33834.96;-104.17
33837.89;-104.09
33840.82;-104.25
33843.75;-104.17
33846.68;-104.41
33849.61;-104.41
33852.54;-104.33
33855.47;-104.48
33858.40;-104.41
33861.33;-104.48
33864.26;-104.25
33867.19;-104.41
33870.12;-104.33
33873.05;-104.33
33875.98;-104.48
33878.91;-104.48
33881.84;-104.33
33884.77;-104.25
33887.70;-104.33
33890.63;-104.41
33893.55;-104.41
33896.48;-104.64
33899.41;-104.48
33902.34;-104.25
33905.27;-104.33
33908.20;-104.41
33911.13;-104.41
33914.06;-104.48
33916.99;-104.48
33919.92;-104.25
33922.85;-104.41
33925.78;-104.48
33928.71;-104.64
33931.64;-104.41
33934.57;-104.41
33937.50;-104.25
33940.43;-104.17
33943.36;-104.01
33946.29;-104.01
33949.22;-104.33
33952.15;-104.25
33955.08;-104.56
33958.01;-104.64
33960.94;-104.64
33963.87;-104.48
33966.80;-104.33
33969.73;-104.48
33972.66;-104.41
33975.59;-104.33
33978.52;-104.33
33981.45;-104.25
33984.38;-104.25
33987.30;-104.17
33990.23;-104.41
33993.16;-104.33
33996.09;-104.33
33999.02;-104.33
34001.95;-104.25
34004.88;-104.41
34007.81;-104.48
34010.74;-104.33
34013.67;-104.41
34016.60;-104.33
34019.53;-104.25
34022.46;-104.01
34025.39;-104.17
34028.32;-104.41
34031.25;-104.33
34034.18;-104.33
34037.11;-104.41
34040.04;-104.33
34042.97;-104.17
34045.90;-104.17
34048.83;-104.09
34051.76;-104.25
34054.69;-104.33
34057.62;-104.48
34060.55;-104.72
34063.48;-104.25
34066.41;-104.01
34069.34;-104.17
34072.27;-104.48
34075.20;-104.25
34078.13;-104.25
34081.05;-104.56
34083.98;-104.33
34086.91;-104.17
34089.84;-104.01
34092.77;-103.94
34095.70;-103.94
34098.63;-104.17
34101.56;-104.48
34104.49;-104.33
34107.42;-104.25
34110.35;-104.25
34113.28;-104.48
34116.21;-104.33
34119.14;-104.48
34122.07;-104.41
34125.00;-104.25
34127.93;-103.86
34130.86;-104.01
34133.79;-104.33
34136.72;-104.09
34139.65;-104.41
34142.58;-104.56
34145.51;-104.41
34148.44;-104.25
34151.37;-104.33
34154.30;-104.17
34157.23;-104.41
34160.16;-104.41
34163.09;-104.48
34166.02;-104.41
34168.95;-104.33
34171.88;-104.09
34174.80;-103.94
34177.73;-104.25
34180.66;-104.33
34183.59;-104.41
34186.52;-104.17
34189.45;-104.41
34192.38;-104.41
34195.31;-104.33
34198.24;-104.25
34201.17;-104.25
34204.10;-104.48
34207.03;-104.48
34209.96;-104.41
34212.89;-104.33
34215.82;-104.33
34218.75;-104.41
34221.68;-104.09
34224.61;-104.09
34227.54;-104.25
34230.47;-104.41
34233.40;-104.33
34236.33;-104.41
34239.26;-104.25
34242.19;-104.33
34245.12;-104.48
34248.05;-104.48
34250.98;-104.33
34253.91;-104.25
34256.84;-104.25
34259.77;-104.25
34262.70;-104.41
34265.63;-104.17
34268.55;-104.33
34271.48;-104.48
34274.41;-104.09
34277.34;-104.09
34280.27;-104.17
34283.20;-104.09
34286.13;-104.17
34289.06;-104.09
34291.99;-104.33
34294.92;-104.56
34297.85;-104.56
34300.78;-104.33
34303.71;-104.17
34306.64;-104.33
34309.57;-104.48
34312.50;-104.41
34315.43;-104.41
34318.36;-104.72
34321.29;-104.41
34324.22;-104.17
34327.15;-104.25
34330.08;-104.25
34333.01;-104.25
34335.94;-104.09
34338.87;-104.25
34341.80;-104.17
34344.73;-104.41
34347.66;-104.41
34350.59;-104.48
34353.52;-104.09
34356.45;-104.09
34359.38;-104.25
34362.30;-104.33
34365.23;-104.25
34368.16;-104.41
34371.09;-104.25
34374.02;-104.17
34376.95;-104.25
34379.88;-104.17
34382.81;-104.33
34385.74;-104.25
34388.67;-104.25
34391.60;-104.33
34394.53;-104.25
34397.46;-104.33
34400.39;-104.33
34403.32;-104.33
34406.25;-104.17
34409.18;-103.94
34412.11;-104.09
34415.04;-104.17
34417.97;-104.25
34420.90;-104.25
34423.83;-104.33
34426.76;-104.56
34429.69;-104.48
34432.62;-104.17
34435.55;-104.25
34438.48;-104.01
34441.41;-104.01
34444.34;-104.33
34447.27;-104.56
34450.20;-104.25
34453.13;-104.17
34456.05;-104.33
34458.98;-104.25
34461.91;-104.17
34464.84;-104.56
34467.77;-104.48
34470.70;-104.41
34473.63;-104.33
34476.56;-104.09
34479.49;-103.94
34482.42;-104.01
34485.35;-104.33
34488.28;-104.33
34491.21;-104.48
34494.14;-104.33
34497.07;-104.41
34500.00;-104.09
34502.93;-104.09
34505.86;-104.25
34508.79;-104.33
34511.72;-104.17
34514.65;-104.09
34517.58;-104.17
34520.51;-104.09
34523.44;-104.01
34526.37;-104.17
34529.30;-104.33
34532.23;-104.48
34535.16;-104.48
34538.09;-104.41
34541.02;-104.17
34543.95;-104.01
34546.88;-104.09
34549.80;-104.25
34552.73;-104.25
34555.66;-104.56
34558.59;-104.41
34561.52;-104.25
34564.45;-104.25
34567.38;-104.09
34570.31;-104.17
34573.24;-104.17
34576.17;-104.17
34579.10;-104.09
34582.03;-104.33
34584.96;-104.48
34587.89;-104.25
34590.82;-104.01
34593.75;-104.01
34596.68;-104.09
34599.61;-104.09
34602.54;-104.41
34605.47;-104.48
34608.40;-104.33
34611.33;-104.17
34614.26;-103.94
34617.19;-104.17
34620.12;-104.17
34623.05;-104.09
34625.98;-104.17
34628.91;-104.41
34631.84;-104.56
34634.77;-104.48
34637.70;-104.48
34640.63;-104.41
34643.55;-104.48
34646.48;-104.25
34649.41;-104.41
34652.34;-104.25
34655.27;-104.17
34658.20;-104.01
34661.13;-103.94
34664.06;-104.17
34666.99;-104.33
34669.92;-104.17
34672.85;-104.33
34675.78;-104.41
34678.71;-104.25
34681.64;-104.33
34684.57;-104.09
34687.50;-103.78
34690.43;-104.25
34693.36;-104.41
34696.29;-104.17
34699.22;-104.33
34702.15;-104.41
34705.08;-104.33
34708.01;-104.41
34710.94;-104.09
34713.87;-104.33
34716.80;-104.01
34719.73;-104.25
34722.66;-104.33
34725.59;-104.09
34728.52;-104.25
34731.45;-104.56
34734.38;-104.48
34737.30;-104.25
34740.23;-104.17
34743.16;-104.33
34746.09;-104.41
34749.02;-104.41
34751.95;-104.41
34754.88;-104.33
34757.81;-104.17
34760.74;-104.33
34763.67;-104.01
34766.60;-104.01
34769.53;-104.01
34772.46;-104.25
34775.39;-104.33
34778.32;-104.25
34781.25;-104.17
34784.18;-104.41
34787.11;-104.01
34790.04;-104.09
34792.97;-104.09
34795.90;-104.25
34798.83;-104.33
34801.76;-104.25
34804.69;-104.09
34807.62;-104.33
34810.55;-104.25
34813.48;-104.01
34816.41;-103.94
34819.34;-104.09
34822.27;-104.25
34825.20;-104.17
34828.13;-104.09
34831.05;-103.78
34833.98;-104.09
34836.91;-104.25
34839.84;-104.25
34842.77;-104.41
34845.70;-104.33
34848.63;-104.48
34851.56;-104.41
34854.49;-104.33
34857.42;-104.64
34860.35;-104.48
34863.28;-104.17
34866.21;-104.33
34869.14;-104.17
34872.07;-104.33
34875.00;-104.41
34877.93;-104.33
34880.86;-104.56
34883.79;-104.17
34886.72;-104.09
34889.65;-104.09
34892.58;-104.25
34895.51;-104.25
34898.44;-104.33
34901.37;-104.17
34904.30;-103.94
34907.23;-104.17
34910.16;-104.09
34913.09;-104.33
34916.02;-104.41
34918.95;-104.25
34921.88;-104.25
34924.80;-104.56
34927.73;-104.33
34930.66;-104.25
34933.59;-104.25
34936.52;-104.17
34939.45;-104.33
34942.38;-104.33
34945.31;-104.33
34948.24;-104.25
34951.17;-103.94
34954.10;-103.94
34957.03;-104.09
34959.96;-104.17
34962.89;-103.94
34965.82;-104.01
34968.75;-104.25
34971.68;-104.01
34974.61;-104.17
34977.54;-104.33
34980.47;-104.41
34983.40;-104.48
34986.33;-104.41
34989.26;-104.41
34992.19;-104.25
34995.12;-104.25
34998.05;-104.25
35000.98;-104.25
35003.91;-104.25
35006.84;-104.17
35009.77;-104.09
35012.70;-104.09
35015.63;-104.17
35018.55;-104.17
35021.48;-104.33
35024.41;-104.25
35027.34;-104.09
35030.27;-104.17
35033.20;-104.09
35036.13;-104.25
35039.06;-104.17
35041.99;-104.33
35044.92;-104.25
35047.85;-104.09
35050.78;-104.17
35053.71;-104.09
35056.64;-104.33
35059.57;-104.41
35062.50;-104.41
35065.43;-104.09
35068.36;-104.17
35071.29;-104.17
35074.22;-104.17
35077.15;-104.33
35080.08;-104.25
35083.01;-104.09
35085.94;-104.09
35088.87;-104.41
35091.80;-104.41
35094.73;-104.17
35097.66;-103.94
35100.59;-103.94
35103.52;-103.78
35106.45;-103.94
35109.38;-104.25
35112.30;-104.25
35115.23;-104.41
35118.16;-104.41
35121.09;-103.94
35124.02;-104.17
35126.95;-103.94
35129.88;-104.33
35132.81;-104.64
35135.74;-104.25
35138.67;-103.94
35141.60;-104.09
35144.53;-104.09
35147.46;-104.33
35150.39;-104.33
35153.32;-104.33
35156.25;-104.25
35159.18;-104.25
35162.11;-104.48
35165.04;-104.41
35167.97;-104.17
35170.90;-104.33
35173.83;-104.41
35176.76;-104.09
35179.69;-103.94
35182.62;-104.09
35185.55;-104.01
35188.48;-104.09
35191.41;-104.25
35194.34;-104.48
35197.27;-104.09
35200.20;-104.17
35203.13;-104.17
35206.05;-104.17
35208.98;-104.17
35211.91;-104.01
35214.84;-104.09
35217.77;-104.09
35220.70;-104.33
35223.63;-104.09
35226.56;-104.25
35229.49;-104.25
35232.42;-104.41
35235.35;-104.25
35238.28;-104.17
35241.21;-104.56
35244.14;-104.33
35247.07;-104.09
35250.00;-104.09
35252.93;-104.17
35255.86;-104.25
35258.79;-104.25
35261.72;-104.17
35264.65;-104.17
35267.58;-104.09
35270.51;-104.17
35273.44;-104.17
35276.37;-104.01
35279.30;-103.86
35282.23;-104.01
35285.16;-104.17
35288.09;-104.25
35291.02;-104.25
35293.95;-104.01
35296.88;-104.41
35299.80;-104.41
35302.73;-104.25
35305.66;-104.17
35308.59;-104.09
35311.52;-104.09
35314.45;-104.01
35317.38;-103.94
35320.31;-103.86
35323.24;-103.78
35326.17;-104.09
35329.10;-104.25
35332.03;-104.09
35334.96;-104.01
35337.89;-104.01
35340.82;-104.25
35343.75;-104.41
35346.68;-104.41
35349.61;-104.33
35352.54;-104.09
35355.47;-104.09
35358.40;-104.01
35361.33;-104.33
35364.26;-104.25
35367.19;-104.17
35370.12;-104.33
35373.05;-104.33
35375.98;-104.33
35378.91;-104.41
35381.84;-104.01
35384.77;-103.86
35387.70;-104.09
35390.63;-104.17
35393.55;-104.09
35396.48;-104.09
35399.41;-103.86
35402.34;-104.09
35405.27;-104.25
35408.20;-104.25
35411.13;-103.86
35414.06;-103.94
35416.99;-104.25
35419.92;-104.17
35422.85;-104.17
35425.78;-104.09
35428.71;-103.86
35431.64;-104.09
35434.57;-104.25
35437.50;-104.25
35440.43;-103.94
35443.36;-104.01
35446.29;-104.09
35449.22;-104.09
35452.15;-103.86
35455.08;-103.94
35458.01;-104.09
35460.94;-104.25
35463.87;-104.41
35466.80;-104.25
35469.73;-104.17
35472.66;-104.41
35475.59;-104.33
35478.52;-104.25
35481.45;-104.17
35484.38;-104.25
35487.30;-104.09
35490.23;-103.94
35493.16;-103.78
35496.09;-103.94
35499.02;-104.01
35501.95;-104.25
35504.88;-103.94
35507.81;-104.09
35510.74;-104.41
35513.67;-104.17
35516.60;-103.94
35519.53;-103.94
35522.46;-104.09
35525.39;-103.94
35528.32;-104.17
35531.25;-104.33
35534.18;-104.09
35537.11;-104.01
35540.04;-104.17
35542.97;-104.01
35545.90;-104.17
35548.83;-104.01
35551.76;-104.09
35554.69;-103.86
35557.62;-104.01
35560.55;-104.25
35563.48;-104.01
35566.41;-103.86
35569.34;-103.94
35572.27;-104.09
35575.20;-104.17
35578.13;-104.01
35581.05;-103.94
35583.98;-104.01
35586.91;-104.01
35589.84;-104.09
35592.77;-104.01
35595.70;-104.01
35598.63;-104.09
35601.56;-104.09
35604.49;-103.94
35607.42;-104.01
35610.35;-104.41
35613.28;-104.41
35616.21;-104.48
35619.14;-104.41
35622.07;-104.33
35625.00;-104.33
35627.93;-104.09
35630.86;-104.09
35633.79;-104.17
35636.72;-104.01
35639.65;-104.25
35642.58;-104.25
35645.51;-104.09
35648.44;-104.09
35651.37;-104.17
35654.30;-103.94
35657.23;-103.86
35660.16;-104.09
35663.09;-104.01
35666.02;-104.09
35668.95;-103.86
35671.88;-103.86
35674.80;-104.25
35677.73;-104.01
35680.66;-104.25
35683.59;-104.17
35686.52;-104.17
35689.45;-104.25
35692.38;-104.25
35695.31;-104.41
35698.24;-104.33
35701.17;-104.09
35704.10;-103.86
35707.03;-104.01
35709.96;-104.17
35712.89;-104.01
35715.82;-104.25
35718.75;-104.17
35721.68;-104.17
35724.61;-103.94
35727.54;-103.86
35730.47;-104.17
35733.40;-104.41
35736.33;-104.25
35739.26;-104.17
35742.19;-104.01
35745.12;-104.17
35748.05;-104.56
35750.98;-104.41
35753.91;-104.25
35756.84;-103.94
35759.77;-103.70
35762.70;-103.86
35765.63;-104.17
35768.55;-104.41
35771.48;-104.33
35774.41;-104.09
35777.34;-104.09
35780.27;-104.25
35783.20;-104.25
35786.13;-104.09
35789.06;-104.17
35791.99;-103.94
35794.92;-104.17
35797.85;-104.33
35800.78;-104.33
35803.71;-104.09
35806.64;-104.17
35809.57;-104.09
35812.50;-104.17
35815.43;-104.56
35818.36;-104.25
35821.29;-104.01
35824.22;-104.01
35827.15;-104.01
35830.08;-104.01
35833.01;-103.86
35835.94;-104.09
35838.87;-104.41
35841.80;-104.25
35844.73;-104.01
35847.66;-103.86
35850.59;-103.62
35853.52;-104.01
35856.45;-104.25
35859.38;-104.09
35862.30;-104.25
35865.23;-104.25
35868.16;-103.94
35871.09;-104.09
35874.02;-104.25
35876.95;-104.17
35879.88;-104.01
35882.81;-103.94
35885.74;-104.01
35888.67;-104.01
35891.60;-104.17
35894.53;-104.09
35897.46;-104.01
35900.39;-104.09
35903.32;-104.09
35906.25;-104.01
35909.18;-104.09
35912.11;-104.09
35915.04;-103.86
35917.97;-104.01
35920.90;-103.86
35923.83;-104.01
35926.76;-104.25
35929.69;-104.09
35932.62;-104.41
35935.55;-104.41
35938.48;-104.25
35941.41;-103.94
35944.34;-103.86
35947.27;-104.01
35950.20;-104.01
35953.13;-104.09
35956.05;-104.17
35958.98;-103.94
35961.91;-104.09
35964.84;-104.25
35967.77;-104.17
35970.70;-103.94
35973.63;-103.94
35976.56;-103.78
35979.49;-103.94
35982.42;-104.33
35985.35;-103.86
35988.28;-104.01
35991.21;-104.17
35994.14;-103.94
35997.07;-103.70
36000.00;-103.62
36002.93;-103.78
36005.86;-103.86
36008.79;-104.09
36011.72;-104.17
36014.65;-103.94
36017.58;-103.94
36020.51;-104.01
36023.44;-103.86
36026.37;-103.78
36029.30;-104.09
36032.23;-103.86
36035.16;-104.17
36038.09;-104.25
36041.02;-104.17
36043.95;-103.78
36046.88;-103.86
36049.80;-104.41
36052.73;-104.25
36055.66;-104.17
36058.59;-104.09
36061.52;-104.01
36064.45;-104.09
36067.38;-104.01
36070.31;-103.70
36073.24;-103.94
36076.17;-104.17
36079.10;-104.17
36082.03;-104.01
36084.96;-103.78
36087.89;-103.94
36090.82;-103.70
36093.75;-103.86
36096.68;-104.25
36099.61;-104.17
36102.54;-103.94
36105.47;-103.62
36108.40;-103.78
36111.33;-103.94
36114.26;-104.25
36117.19;-104.09
36120.12;-104.25
36123.05;-104.17
36125.98;-104.09
36128.91;-104.01
36131.84;-103.94
36134.77;-104.17
36137.70;-103.94
36140.63;-103.78
36143.55;-104.09
36146.48;-104.17
36149.41;-104.25
36152.34;-104.33
36155.27;-104.25
36158.20;-103.94
36161.13;-103.86
36164.06;-103.94
36166.99;-104.17
36169.92;-104.09
36172.85;-103.86
36175.78;-103.86
36178.71;-104.01
36181.64;-104.01
36184.57;-103.94
36187.50;-104.09
36190.43;-103.70
36193.36;-103.62
36196.29;-103.86
36199.22;-103.70
36202.15;-103.94
36205.08;-104.25
36208.01;-104.09
36210.94;-103.94
36213.87;-103.94
36216.80;-104.01
36219.73;-104.17
36222.66;-104.17
36225.59;-104.25
36228.52;-104.33
36231.45;-104.17
36234.38;-103.94
36237.30;-104.01
36240.23;-104.09
36243.16;-104.01
36246.09;-103.70
36249.02;-103.86
36251.95;-104.09
36254.88;-104.09
36257.81;-104.09
36260.74;-104.17
36263.67;-104.17
36266.60;-104.25
36269.53;-104.01
36272.46;-103.94
36275.39;-103.86
36278.32;-104.09
36281.25;-104.09
36284.18;-103.94
36287.11;-103.94
36290.04;-103.86
36292.97;-104.17
36295.90;-104.01
36298.83;-104.01
36301.76;-104.09
36304.69;-104.25
36307.62;-104.17
36310.55;-103.94
36313.48;-103.94
36316.41;-103.86
36319.34;-103.94
36322.27;-103.70
36325.20;-104.01
36328.13;-104.09
36331.05;-103.86
36333.98;-103.94
36336.91;-104.01
36339.84;-103.86
36342.77;-103.86
36345.70;-103.86
36348.63;-103.94
36351.56;-103.94
36354.49;-103.94
36357.42;-104.01
36360.35;-104.01
36363.28;-104.01
36366.21;-103.78
36369.14;-103.62
36372.07;-103.62
36375.00;-104.01
36377.93;-104.01
36380.86;-104.09
36383.79;-104.25
36386.72;-104.17
36389.65;-104.09
36392.58;-104.09
36395.51;-104.09
36398.44;-104.09
36401.37;-103.86
36404.30;-103.94
36407.23;-103.70
36410.16;-104.09
36413.09;-104.09
36416.02;-104.17
36418.95;-103.78
36421.88;-103.78
36424.80;-104.09
36427.73;-104.09
36430.66;-103.94
36433.59;-104.09
36436.52;-104.09
36439.45;-104.17
36442.38;-104.09
36445.31;-103.86
36448.24;-103.86
36451.17;-103.78
36454.10;-103.86
36457.03;-103.70
36459.96;-103.86
36462.89;-104.41
36465.82;-104.17
36468.75;-104.09
36471.68;-104.01
36474.61;-104.09
36477.54;-104.33
36480.47;-104.17
36483.40;-104.01
36486.33;-103.94
36489.26;-103.78
36492.19;-103.70
36495.12;-103.86
36498.05;-103.70
36500.98;-103.78
36503.91;-103.78
36506.84;-103.94
36509.77;-104.01
36512.70;-104.09
36515.63;-103.94
36518.55;-103.94
36521.48;-104.01
36524.41;-104.01
36527.34;-104.01
36530.27;-104.25
36533.20;-104.09
36536.13;-104.09
36539.06;-104.01
36541.99;-104.01
36544.92;-103.70
36547.85;-103.55
36550.78;-103.70
36553.71;-103.78
36556.64;-104.01
36559.57;-103.86
36562.50;-103.86
36565.43;-103.70
36568.36;-103.70
36571.29;-103.86
36574.22;-103.94
36577.15;-104.17
36580.08;-104.25
36583.01;-104.17
36585.94;-104.17
36588.87;-104.09
36591.80;-104.17
36594.73;-104.09
36597.66;-103.86
36600.59;-103.78
36603.52;-103.78
36606.45;-103.94
36609.38;-103.94
36612.30;-104.17
36615.23;-104.01
36618.16;-103.94
36621.09;-104.01
36624.02;-104.01
36626.95;-104.01
36629.88;-104.01
36632.81;-104.09
36635.74;-104.09
36638.67;-104.25
36641.60;-104.09
36644.53;-103.86
36647.46;-103.86
36650.39;-104.01
36653.32;-104.01
36656.25;-104.09
36659.18;-103.86
36662.11;-103.94
36665.04;-104.25
36667.97;-104.09
36670.90;-103.78
36673.83;-103.86
36676.76;-104.01
36679.69;-104.01
36682.62;-103.94
36685.55;-104.09
36688.48;-104.09
36691.41;-103.86
36694.34;-103.94
36697.27;-103.86
36700.20;-103.78
36703.13;-103.62
36706.05;-103.94
36708.98;-104.17
36711.91;-103.94
36714.84;-103.86
36717.77;-103.55
36720.70;-103.86
36723.63;-103.86
36726.56;-104.01
36729.49;-104.01
36732.42;-103.62
36735.35;-103.47
36738.28;-103.70
36741.21;-103.94
36744.14;-104.01
36747.07;-104.01
36750.00;-104.17
36752.93;-103.94
36755.86;-103.78
36758.79;-103.86
36761.72;-103.94
36764.65;-103.86
36767.58;-104.17
36770.51;-104.09
36773.44;-103.86
36776.37;-103.86
36779.30;-103.70
36782.23;-103.86
36785.16;-103.94
36788.09;-103.86
36791.02;-104.01
36793.95;-104.01
36796.88;-103.94
36799.80;-103.94
36802.73;-103.78
36805.66;-104.01
36808.59;-104.01
36811.52;-104.01
36814.45;-103.94
36817.38;-104.09
36820.31;-103.78
36823.24;-103.62
36826.17;-103.86
36829.10;-103.78
36832.03;-104.17
36834.96;-104.01
36837.89;-103.70
36840.82;-103.86
36843.75;-104.09
36846.68;-104.17
36849.61;-103.94
36852.54;-103.70
36855.47;-103.94
36858.40;-103.86
36861.33;-103.94
36864.26;-103.86
36867.19;-103.70
36870.12;-103.55
36873.05;-103.70
36875.98;-104.01
36878.91;-104.17
36881.84;-104.01
36884.77;-103.62
36887.70;-103.70
36890.63;-103.70
36893.55;-103.78
36896.48;-103.78
36899.41;-103.78
36902.34;-103.94
36905.27;-104.17
36908.20;-103.94
36911.13;-103.86
36914.06;-104.17
36916.99;-104.09
36919.92;-103.86
36922.85;-103.94
36925.78;-103.94
36928.71;-103.86
36931.64;-103.94
36934.57;-104.01
36937.50;-103.86
36940.43;-104.09
36943.36;-103.94
36946.29;-104.09
36949.22;-104.01
36952.15;-103.94
36955.08;-104.01
36958.01;-103.94
36960.94;-103.70
36963.87;-103.78
36966.80;-103.94
36969.73;-104.01
36972.66;-103.78
36975.59;-104.01
36978.52;-103.86
36981.45;-104.09
36984.38;-104.25
36987.30;-103.78
36990.23;-103.86
36993.16;-103.94
36996.09;-103.94
36999.02;-104.01
37001.95;-103.70
37004.88;-103.70
37007.81;-103.62
37010.74;-103.70
37013.67;-103.86
37016.60;-104.01
37019.53;-104.01
37022.46;-104.01
37025.39;-103.94
37028.32;-103.94
37031.25;-103.86
37034.18;-104.17
37037.11;-104.09
37040.04;-104.01
37042.97;-103.94
37045.90;-103.94
37048.83;-103.94
37051.76;-103.86
37054.69;-103.86
37057.62;-103.86
37060.55;-103.62
37063.48;-103.70
37066.41;-103.86
37069.34;-103.78
37072.27;-103.55
37075.20;-103.78
37078.13;-104.09
37081.05;-103.86
37083.98;-103.94
37086.91;-104.01
37089.84;-103.78
37092.77;-103.94
37095.70;-104.01
37098.63;-104.01
37101.56;-104.01
37104.49;-104.01
37107.42;-104.01
37110.35;-103.78
37113.28;-103.94
37116.21;-104.01
37119.14;-104.17
37122.07;-103.94
37125.00;-103.70
37127.93;-103.70
37130.86;-103.78
37133.79;-103.47
37136.72;-103.55
37139.65;-103.78
37142.58;-103.62
37145.51;-103.78
37148.44;-104.01
37151.37;-103.78
37154.30;-103.55
37157.23;-103.78
37160.16;-103.86
37163.09;-104.01
37166.02;-103.86
37168.95;-103.86
37171.88;-103.94
37174.80;-103.78
37177.73;-103.94
37180.66;-103.94
37183.59;-104.01
37186.52;-104.17
37189.45;-104.01
37192.38;-103.86
37195.31;-103.86
37198.24;-103.86
37201.17;-103.86
37204.10;-104.01
37207.03;-103.94
37209.96;-104.01
37212.89;-103.94
37215.82;-103.78
37218.75;-103.86
37221.68;-103.86
37224.61;-103.78
37227.54;-103.78
37230.47;-103.94
37233.40;-103.94
37236.33;-103.94
37239.26;-103.94
37242.19;-103.86
37245.12;-104.01
37248.05;-104.17
37250.98;-104.17
37253.91;-104.17
37256.84;-103.70
37259.77;-103.70
37262.70;-103.78
37265.63;-103.86
37268.55;-103.78
37271.48;-103.62
37274.41;-103.62
37277.34;-103.70
37280.27;-103.78
37283.20;-103.78
37286.13;-103.78
37289.06;-103.86
37291.99;-103.86
37294.92;-103.86
37297.85;-103.94
37300.78;-103.94
37303.71;-103.86
37306.64;-103.86
37309.57;-103.70
37312.50;-103.94
37315.43;-103.86
37318.36;-103.94
37321.29;-103.62
37324.22;-103.70
37327.15;-104.01
37330.08;-103.94
37333.01;-104.17
37335.94;-104.01
37338.87;-103.86
37341.80;-103.86
37344.73;-103.78
37347.66;-103.70
37350.59;-103.62
37353.52;-103.78
37356.45;-104.17
37359.38;-103.94
37362.30;-103.86
37365.23;-104.09
37368.16;-104.09
37371.09;-104.09
37374.02;-103.78
37376.95;-103.70
37379.88;-104.01
37382.81;-104.17
37385.74;-104.01
37388.67;-104.01
37391.60;-103.70
37394.53;-103.47
37397.46;-103.78
37400.39;-103.70
37403.32;-103.70
37406.25;-103.78
37409.18;-103.78
37412.11;-103.78
37415.04;-103.94
37417.97;-104.17
37420.90;-104.09
37423.83;-104.17
37426.76;-104.01
37429.69;-103.94
37432.62;-103.94
37435.55;-104.17
37438.48;-104.01
37441.41;-103.86
37444.34;-103.70
37447.27;-103.78
37450.20;-103.86
37453.13;-104.17
37456.05;-103.94
37458.98;-103.62
37461.91;-103.94
37464.84;-103.94
37467.77;-103.86
37470.70;-103.78
37473.63;-103.86
37476.56;-104.01
37479.49;-103.78
37482.42;-103.55
37485.35;-103.62
37488.28;-104.01
37491.21;-103.86
37494.14;-103.94
37497.07;-104.09
37500.00;-104.01
37502.93;-103.86
37505.86;-103.86
37508.79;-104.01
37511.72;-103.86
37514.65;-103.94
37517.58;-104.01
37520.51;-104.01
37523.44;-103.86
37526.37;-103.70
37529.30;-103.70
37532.23;-103.78
37535.16;-103.78
37538.09;-103.86
37541.02;-103.70
37543.95;-103.62
37546.88;-103.94
37549.80;-103.94
37552.73;-103.86
37555.66;-103.94
37558.59;-103.86
37561.52;-103.94
37564.45;-103.78
37567.38;-103.70
37570.31;-103.78
37573.24;-103.62
37576.17;-103.78
37579.10;-103.94
37582.03;-103.62
37584.96;-103.55
37587.89;-103.78
37590.82;-103.86
37593.75;-103.70
37596.68;-103.94
37599.61;-104.01
37602.54;-103.86
37605.47;-103.86
37608.40;-103.62
37611.33;-103.70
37614.26;-103.86
37617.19;-103.94
37620.12;-103.78
37623.05;-103.78
37625.98;-103.62
37628.91;-103.55
37631.84;-103.70
37634.77;-103.55
37637.70;-103.62
37640.63;-103.70
37643.55;-104.01
37646.48;-104.17
37649.41;-103.94
37652.34;-103.86
37655.27;-103.94
37658.20;-103.86
37661.13;-103.70
37664.06;-103.78
37666.99;-103.86
37669.92;-104.01
37672.85;-104.09
37675.78;-104.17
37678.71;-103.86
37681.64;-103.70
37684.57;-103.78
37687.50;-103.94
37690.43;-104.17
37693.36;-104.17
37696.29;-103.94
37699.22;-103.86
37702.15;-103.62
37705.08;-103.55
37708.01;-103.86
37710.94;-103.86
37713.87;-103.78
37716.80;-103.78
37719.73;-103.86
37722.66;-103.86
37725.59;-104.17
37728.52;-104.01
37731.45;-103.86
37734.38;-104.01
37737.30;-103.86
37740.23;-103.86
37743.16;-103.62
37746.09;-103.39
37749.02;-103.55
37751.95;-103.78
37754.88;-103.62
37757.81;-103.70
37760.74;-103.86
37763.67;-103.94
37766.60;-103.86
37769.53;-103.86
37772.46;-103.70
37775.39;-103.78
37778.32;-103.78
37781.25;-103.86
37784.18;-103.86
37787.11;-103.86
37790.04;-103.78
37792.97;-103.70
37795.90;-103.55
37798.83;-103.86
37801.76;-103.55
37804.69;-103.62
37807.62;-103.94
37810.55;-104.09
37813.48;-104.09
37816.41;-104.09
37819.34;-103.94
37822.27;-103.86
37825.20;-104.01
37828.13;-103.86
37831.05;-104.09
37833.98;-103.94
37836.91;-103.86
37839.84;-103.86
37842.77;-103.78
37845.70;-103.70
37848.63;-103.94
37851.56;-103.94
37854.49;-103.78
37857.42;-103.94
37860.35;-104.09
37863.28;-103.86
37866.21;-103.70
37869.14;-103.86
37872.07;-103.94
37875.00;-103.94
37877.93;-103.94
37880.86;-103.70
37883.79;-103.86
37886.72;-103.86
37889.65;-103.86
37892.58;-103.94
37895.51;-104.09
37898.44;-103.78
37901.37;-103.78
37904.30;-103.78
37907.23;-104.01
37910.16;-103.78
37913.09;-104.01
37916.02;-103.86
37918.95;-103.70
37921.88;-103.78
37924.80;-103.94
37927.73;-103.62
37930.66;-103.78
37933.59;-104.01
37936.52;-103.86
37939.45;-103.86
37942.38;-103.55
37945.31;-103.70
37948.24;-104.01
37951.17;-103.94
37954.10;-104.17
37957.03;-104.09
37959.96;-104.09
37962.89;-104.09
37965.82;-104.17
37968.75;-104.01
37971.68;-103.70
37974.61;-103.70
37977.54;-103.86
37980.47;-103.86
37983.40;-103.86
37986.33;-103.62
37989.26;-103.86
37992.19;-104.17
37995.12;-103.94
37998.05;-103.62
38000.98;-103.70
38003.91;-103.78
38006.84;-103.86
38009.77;-103.94
38012.70;-103.78
38015.63;-103.86
38018.55;-104.09
38021.48;-103.78
38024.41;-103.62
38027.34;-103.78
38030.27;-103.86
38033.20;-104.01
38036.13;-103.86
38039.06;-103.94
38041.99;-103.86
38044.92;-103.78
38047.85;-103.78
38050.78;-103.55
38053.71;-103.70
38056.64;-103.86
38059.57;-103.86
38062.50;-103.70
38065.43;-103.62
38068.36;-103.70
38071.29;-103.86
38074.22;-103.86
38077.15;-103.62
38080.08;-103.62
38083.01;-103.78
38085.94;-103.62
38088.87;-103.70
38091.80;-103.78
38094.73;-103.86
38097.66;-103.94
38100.59;-103.78
38103.52;-104.01
38106.45;-103.94
38109.38;-103.62
38112.30;-103.78
38115.23;-103.86
38118.16;-103.94
38121.09;-103.70
38124.02;-103.62
38126.95;-103.78
38129.88;-104.01
38132.81;-103.86
38135.74;-103.62
38138.67;-103.78
38141.60;-103.78
38144.53;-103.78
38147.46;-103.62
38150.39;-103.39
38153.32;-103.47
38156.25;-103.78
38159.18;-103.86
38162.11;-103.78
38165.04;-103.62
38167.97;-103.62
38170.90;-103.47
38173.83;-103.55
38176.76;-103.70
38179.69;-103.70
38182.62;-103.62
38185.55;-103.62
38188.48;-103.78
38191.41;-103.86
38194.34;-103.86
38197.27;-104.09
38200.20;-103.94
38203.13;-103.78
38206.05;-103.70
38208.98;-103.62
38211.91;-103.86
38214.84;-103.78
38217.77;-103.86
38220.70;-103.78
38223.63;-104.01
38226.56;-103.78
38229.49;-103.78
38232.42;-103.78
38235.35;-103.78
38238.28;-103.86
38241.21;-103.70
38244.14;-103.78
38247.07;-103.70
38250.00;-103.47
38252.93;-103.62
38255.86;-103.70
38258.79;-104.01
38261.72;-103.86
38264.65;-103.70
38267.58;-103.62
38270.51;-103.55
38273.44;-103.70
38276.37;-103.86
38279.30;-103.78
38282.23;-103.86
38285.16;-104.01
38288.09;-103.94
38291.02;-103.86
38293.95;-103.94
38296.88;-103.70
38299.80;-103.62
38302.73;-103.62
38305.66;-103.70
38308.59;-103.70
38311.52;-103.47
38314.45;-103.55
38317.38;-103.47
38320.31;-103.47
38323.24;-103.86
38326.17;-104.01
38329.10;-104.09
38332.03;-103.94
38334.96;-103.86
38337.89;-103.94
38340.82;-103.70
38343.75;-103.70
38346.68;-103.62
38349.61;-103.55
38352.54;-103.78
38355.47;-103.86
38358.40;-103.78
38361.33;-103.70
38364.26;-103.62
38367.19;-103.55
38370.12;-103.47
38373.05;-104.01
38375.98;-103.86
38378.91;-103.78
38381.84;-103.70
38384.77;-103.70
38387.70;-103.86
38390.63;-103.39
38393.55;-103.31
38396.48;-103.70
38399.41;-103.86
38402.34;-103.70
38405.27;-103.47
38408.20;-103.70
38411.13;-103.70
38414.06;-103.62
38416.99;-103.62
38419.92;-104.01
38422.85;-104.01
38425.78;-103.86
38428.71;-103.78
38431.64;-103.70
38434.57;-103.70
38437.50;-103.78
38440.43;-103.62
38443.36;-103.39
38446.29;-103.55
38449.22;-103.78
38452.15;-103.86
38455.08;-103.78
38458.01;-103.86
38460.94;-103.55
38463.87;-103.62
38466.80;-103.70
38469.73;-103.55
38472.66;-103.55
38475.59;-103.39
38478.52;-103.62
38481.45;-103.62
38484.38;-103.70
38487.30;-103.70
38490.23;-103.62
38493.16;-103.78
38496.09;-103.70
38499.02;-103.78
38501.95;-103.47
38504.88;-103.70
38507.81;-103.94
38510.74;-103.86
38513.67;-103.55
38516.60;-103.47
38519.53;-103.62
38522.46;-103.70
38525.39;-103.55
38528.32;-103.86
38531.25;-103.94
38534.18;-103.62
38537.11;-103.47
38540.04;-103.70
38542.97;-103.62
38545.90;-103.62
38548.83;-103.94
38551.76;-103.78
38554.69;-103.55
38557.62;-103.62
38560.55;-103.78
38563.48;-103.86
38566.41;-103.78
38569.34;-103.78
38572.27;-103.70
38575.20;-103.70
38578.13;-103.62
38581.05;-103.78
38583.98;-103.78
38586.91;-103.94
38589.84;-103.78
38592.77;-103.86
38595.70;-103.78
38598.63;-103.78
38601.56;-103.86
38604.49;-103.78
38607.42;-103.47
38610.35;-103.55
38613.28;-103.47
38616.21;-103.47
38619.14;-103.47
38622.07;-103.86
38625.00;-103.86
38627.93;-103.55
38630.86;-103.70
38633.79;-103.62
38636.72;-103.39
38639.65;-103.78
38642.58;-103.86
38645.51;-103.78
38648.44;-103.55
38651.37;-103.70
38654.30;-103.70
38657.23;-103.70
38660.16;-103.62
38663.09;-103.78
38666.02;-103.78
38668.95;-103.55
38671.88;-103.62
38674.80;-103.62
38677.73;-103.62
38680.66;-103.70
38683.59;-103.78
38686.52;-103.86
38689.45;-104.01
38692.38;-103.62
38695.31;-103.70
38698.24;-103.70
38701.17;-103.62
38704.10;-103.78
38707.03;-103.94
38709.96;-103.94
38712.89;-103.78
38715.82;-103.55
38718.75;-103.55
38721.68;-103.70
38724.61;-103.78
38727.54;-103.62
38730.47;-103.55
38733.40;-103.86
38736.33;-103.62
38739.26;-103.55
38742.19;-103.70
38745.12;-103.78
38748.05;-103.78
38750.98;-103.86
38753.91;-103.62
38756.84;-103.47
38759.77;-103.55
38762.70;-103.86
38765.63;-103.86
38768.55;-103.78
38771.48;-103.62
38774.41;-103.94
38777.34;-103.86
38780.27;-103.62
38783.20;-103.78
38786.13;-103.86
38789.06;-103.86
38791.99;-103.70
38794.92;-103.78
38797.85;-103.78
38800.78;-103.62
38803.71;-103.47
38806.64;-103.55
38809.57;-103.78
38812.50;-103.70
38815.43;-103.62
38818.36;-103.62
38821.29;-103.31
38824.22;-103.39
38827.15;-103.55
38830.08;-103.55
38833.01;-103.62
38835.94;-103.47
38838.87;-103.70
38841.80;-103.86
38844.73;-103.78
38847.66;-103.78
38850.59;-103.62
38853.52;-103.55
38856.45;-103.55
38859.38;-103.62
38862.30;-103.94
38865.23;-103.86
38868.16;-103.78
38871.09;-103.78
38874.02;-103.70
38876.95;-103.47
38879.88;-103.55
38882.81;-103.70
38885.74;-103.70
38888.67;-103.78
38891.60;-103.70
38894.53;-103.62
38897.46;-103.70
38900.39;-103.55
38903.32;-103.55
38906.25;-103.78
38909.18;-103.62
38912.11;-103.70
38915.04;-103.94
38917.97;-103.94
38920.90;-104.01
38923.83;-104.09
38926.76;-103.94
38929.69;-103.78
38932.62;-103.62
38935.55;-103.62
38938.48;-103.78
38941.41;-103.78
38944.34;-103.86
38947.27;-103.55
38950.20;-103.55
38953.13;-103.86
38956.05;-103.86
38958.98;-103.86
38961.91;-103.94
38964.84;-103.94
38967.77;-103.70
38970.70;-103.70
38973.63;-103.78
38976.56;-103.62
38979.49;-103.55
38982.42;-103.94
38985.35;-103.78
38988.28;-103.78
38991.21;-103.94
38994.14;-103.70
38997.07;-103.47
39000.00;-103.47
39002.93;-103.62
39005.86;-103.78
39008.79;-103.62
39011.72;-103.70
39014.65;-103.70
39017.58;-103.62
39020.51;-103.31
39023.44;-103.47
39026.37;-103.62
39029.30;-103.70
39032.23;-103.55
39035.16;-103.94
39038.09;-104.01
39041.02;-103.78
39043.95;-103.62
39046.88;-103.62
39049.80;-103.55
39052.73;-103.62
39055.66;-103.55
39058.59;-103.55
39061.52;-103.55
39064.45;-103.47
39067.38;-103.39
39070.31;-103.62
39073.24;-103.94
39076.17;-103.55
39079.10;-103.47
39082.03;-103.70
39084.96;-103.78
39087.89;-103.55
39090.82;-103.23
39093.75;-103.47
39096.68;-103.70
39099.61;-103.55
39102.54;-103.39
39105.47;-103.55
39108.40;-103.55
39111.33;-103.47
39114.26;-103.62
39117.19;-103.70
39120.12;-103.47
39123.05;-103.70
39125.98;-103.86
39128.91;-103.78
39131.84;-103.70
39134.77;-103.78
39137.70;-103.86
39140.63;-103.70
39143.55;-103.70
39146.48;-103.70
39149.41;-103.62
39152.34;-103.70
39155.27;-103.86
39158.20;-103.62
39161.13;-103.55
39164.06;-103.55
39166.99;-103.55
39169.92;-103.78
39172.85;-103.70
39175.78;-103.70
39178.71;-103.55
39181.64;-103.47
39184.57;-103.47
39187.50;-103.62
39190.43;-103.70
39193.36;-103.62
39196.29;-103.62
39199.22;-103.78
39202.15;-103.70
39205.08;-103.86
39208.01;-103.78
39210.94;-103.62
39213.87;-103.86
39216.80;-103.70
39219.73;-103.86
39222.66;-103.86
39225.59;-103.70
39228.52;-103.70
39231.45;-103.62
39234.38;-103.62
39237.30;-103.78
39240.23;-103.62
39243.16;-103.62
39246.09;-103.55
39249.02;-103.31
39251.95;-103.62
39254.88;-103.78
39257.81;-103.62
39260.74;-103.55
39263.67;-103.55
39266.60;-103.86
39269.53;-104.01
39272.46;-103.70
39275.39;-103.62
39278.32;-103.62
39281.25;-103.62
39284.18;-103.70
39287.11;-103.55
39290.04;-103.47
39292.97;-103.70
39295.90;-103.86
39298.83;-104.01
39301.76;-103.70
39304.69;-103.62
39307.62;-103.70
39310.55;-103.62
39313.48;-103.55
39316.41;-103.62
39319.34;-103.94
39322.27;-103.62
39325.20;-103.55
39328.13;-103.39
39331.05;-103.86
39333.98;-103.78
39336.91;-103.55
39339.84;-103.78
39342.77;-103.78
39345.70;-103.78
39348.63;-103.62
39351.56;-103.39
39354.49;-103.47
39357.42;-103.62
39360.35;-103.55
39363.28;-103.47
39366.21;-103.78
39369.14;-103.70
39372.07;-103.70
39375.00;-103.70
39377.93;-103.47
39380.86;-103.39
39383.79;-103.62
39386.72;-103.62
39389.65;-103.86
39392.58;-103.70
39395.51;-103.23
39398.44;-103.47
39401.37;-103.86
39404.30;-103.70
39407.23;-103.31
39410.16;-103.55
39413.09;-103.78
39416.02;-103.86
39418.95;-103.70
39421.88;-103.86
39424.80;-103.94
39427.73;-103.86
39430.66;-103.86
39433.59;-103.78
39436.52;-103.70
39439.45;-103.55
39442.38;-103.62
39445.31;-103.86
39448.24;-103.70
39451.17;-103.70
39454.10;-103.70
39457.03;-103.78
39459.96;-103.70
39462.89;-103.55
39465.82;-103.70
39468.75;-103.70
39471.68;-103.31
39474.61;-103.39
39477.54;-103.62
39480.47;-103.62
39483.40;-103.55
39486.33;-103.55
39489.26;-103.55
39492.19;-103.70
39495.12;-103.70
39498.05;-103.55
39500.98;-103.86
39503.91;-103.78
39506.84;-103.78
39509.77;-103.70
39512.70;-103.62
39515.63;-103.62
39518.55;-103.62
39521.48;-103.62
39524.41;-103.62
39527.34;-103.62
39530.27;-103.62
39533.20;-103.86
39536.13;-103.94
39539.06;-103.86
39541.99;-103.86
39544.92;-103.55
39547.85;-103.55
39550.78;-103.70
39553.71;-103.62
39556.64;-103.47
39559.57;-103.78
39562.50;-103.47
39565.43;-103.47
39568.36;-103.78
39571.29;-103.70
39574.22;-103.47
39577.15;-103.62
39580.08;-103.94
39583.01;-103.55
39585.94;-103.47
39588.87;-103.39
39591.80;-103.70
39594.73;-103.78
39597.66;-103.70
39600.59;-103.47
39603.52;-103.70
39606.45;-103.62
39609.38;-103.39
39612.30;-103.39
39615.23;-103.62
39618.16;-103.55
39621.09;-103.47
39624.02;-103.47
39626.95;-103.39
39629.88;-103.23
39632.81;-103.31
39635.74;-103.55
39638.67;-103.47
39641.60;-103.47
39644.53;-103.31
39647.46;-103.39
39650.39;-103.55
39653.32;-103.55
39656.25;-103.62
39659.18;-103.47
39662.11;-103.55
39665.04;-103.70
39667.97;-103.70
39670.90;-103.62
39673.83;-103.62
39676.76;-103.70
39679.69;-103.78
39682.62;-103.86
39685.55;-103.78
39688.48;-103.31
39691.41;-103.08
39694.34;-103.31
39697.27;-103.62
39700.20;-103.86
39703.13;-103.78
39706.05;-103.55
39708.98;-103.62
39711.91;-103.62
39714.84;-103.47
39717.77;-103.94
39720.70;-103.94
39723.63;-103.47
39726.56;-103.55
39729.49;-103.55
39732.42;-103.47
39735.35;-103.62
39738.28;-103.70
39741.21;-103.55
39744.14;-103.55
39747.07;-103.62
39750.00;-103.78
39752.93;-103.62
39755.86;-103.55
39758.79;-103.08
39761.72;-103.16
39764.65;-103.70
39767.58;-103.70
39770.51;-103.70
39773.44;-103.78
39776.37;-103.47
39779.30;-103.62
39782.23;-103.62
39785.16;-103.70
39788.09;-103.62
39791.02;-103.55
39793.95;-103.70
39796.88;-103.70
39799.80;-103.78
39802.73;-103.62
39805.66;-103.55
39808.59;-103.55
39811.52;-103.62
39814.45;-103.62
39817.38;-103.31
39820.31;-103.39
39823.24;-103.62
39826.17;-104.01
39829.10;-103.86
39832.03;-103.55
39834.96;-103.39
39837.89;-103.62
39840.82;-103.62
39843.75;-103.39
39846.68;-103.31
39849.61;-103.47
39852.54;-103.86
39855.47;-103.78
39858.40;-103.78
39861.33;-103.70
39864.26;-103.55
39867.19;-103.70
39870.12;-103.55
39873.05;-103.47
39875.98;-103.62
39878.91;-103.39
39881.84;-103.86
39884.77;-103.78
39887.70;-103.78
39890.63;-103.78
39893.55;-103.70
39896.48;-103.23
39899.41;-103.55
39902.34;-103.55
39905.27;-103.55
39908.20;-103.55
39911.13;-103.47
39914.06;-103.55
39916.99;-103.31
39919.92;-103.39
39922.85;-103.31
39925.78;-103.47
39928.71;-103.70
39931.64;-103.70
39934.57;-103.62
39937.50;-103.70
39940.43;-103.62
39943.36;-103.86
39946.29;-103.78
39949.22;-103.62
39952.15;-103.62
39955.08;-103.70
39958.01;-103.78
39960.94;-103.78
39963.87;-103.86
39966.80;-103.62
39969.73;-103.39
39972.66;-103.31
39975.59;-103.23
39978.52;-103.62
39981.45;-103.55
39984.38;-103.62
39987.30;-103.78
39990.23;-103.70
39993.16;-103.62
39996.09;-103.62
39999.02;-103.62
40001.95;-103.70
40004.88;-104.01
40007.81;-103.70
40010.74;-103.39
40013.67;-103.55
40016.60;-103.47
40019.53;-103.70
40022.46;-103.47
40025.39;-103.39
40028.32;-103.78
40031.25;-103.78
40034.18;-103.62
40037.11;-103.55
40040.04;-103.47
40042.97;-103.70
40045.90;-103.70
40048.83;-103.62
40051.76;-103.55
40054.69;-103.62
40057.62;-103.31
40060.55;-103.39
40063.48;-103.86
40066.41;-103.86
40069.34;-103.70
40072.27;-103.47
40075.20;-103.23
40078.13;-103.39
40081.05;-103.55
40083.98;-103.62
40086.91;-103.55
40089.84;-103.39
40092.77;-103.16
40095.70;-103.39
40098.63;-103.55
40101.56;-103.86
40104.49;-103.86
40107.42;-103.55
40110.35;-103.62
40113.28;-103.62
40116.21;-103.23
40119.14;-103.23
40122.07;-103.39
40125.00;-103.62
40127.93;-103.47
40130.86;-103.55
40133.79;-103.62
40136.72;-103.78
40139.65;-103.47
40142.58;-103.78
40145.51;-103.70
40148.44;-103.47
40151.37;-103.55
40154.30;-103.55
40157.23;-103.70
40160.16;-103.70
40163.09;-103.70
40166.02;-103.62
40168.95;-103.62
40171.88;-103.39
40174.80;-103.31
40177.73;-103.31
40180.66;-103.39
40183.59;-103.62
40186.52;-103.39
40189.45;-103.16
40192.38;-103.39
40195.31;-103.55
40198.24;-103.55
40201.17;-103.55
40204.10;-103.55
40207.03;-103.47
40209.96;-103.55
40212.89;-103.55
40215.82;-103.39
40218.75;-103.31
40221.68;-103.55
40224.61;-103.47
40227.54;-103.39
40230.47;-103.31
40233.40;-103.39
40236.33;-103.55
40239.26;-103.70
40242.19;-103.62
40245.12;-103.62
40248.05;-103.55
40250.98;-103.70
40253.91;-103.62
40256.84;-103.55
40259.77;-103.39
40262.70;-103.47
40265.63;-103.62
40268.55;-103.55
40271.48;-103.47
40274.41;-103.39
40277.34;-103.62
40280.27;-103.55
40283.20;-103.62
40286.13;-103.39
40289.06;-103.62
40291.99;-103.47
40294.92;-103.78
40297.85;-103.62
40300.78;-103.55
40303.71;-103.55
40306.64;-103.55
40309.57;-103.55
40312.50;-103.62
40315.43;-103.47
40318.36;-103.39
40321.29;-103.55
40324.22;-103.55
40327.15;-103.70
40330.08;-103.55
40333.01;-103.55
40335.94;-103.55
40338.87;-103.47
40341.80;-103.55
40344.73;-103.62
40347.66;-103.55
40350.59;-103.55
40353.52;-103.39
40356.45;-103.39
40359.38;-103.47
40362.30;-103.47
40365.23;-103.55
40368.16;-103.55
40371.09;-103.70
40374.02;-103.47
40376.95;-103.47
40379.88;-103.62
40382.81;-103.47
40385.74;-103.39
40388.67;-103.39
40391.60;-103.47
40394.53;-103.47
40397.46;-103.86
40400.39;-103.70
40403.32;-103.39
40406.25;-103.31
40409.18;-103.39
40412.11;-103.62
40415.04;-103.39
40417.97;-103.31
40420.90;-103.47
40423.83;-103.70
40426.76;-103.62
40429.69;-103.55
40432.62;-103.39
40435.55;-103.62
40438.48;-103.86
40441.41;-103.62
40444.34;-103.39
40447.27;-103.62
40450.20;-103.78
40453.13;-103.78
40456.05;-103.47
40458.98;-103.47
40461.91;-103.47
40464.84;-103.78
40467.77;-103.55
40470.70;-103.39
40473.63;-103.47
40476.56;-103.70
40479.49;-103.47
40482.42;-103.70
40485.35;-103.55
40488.28;-103.23
40491.21;-103.55
40494.14;-103.86
40497.07;-103.70
40500.00;-103.55
40502.93;-103.39
40505.86;-103.23
40508.79;-103.31
40511.72;-103.62
40514.65;-103.70
40517.58;-103.62
40520.51;-103.62
40523.44;-103.47
40526.37;-103.47
40529.30;-103.47
40532.23;-103.55
40535.16;-103.55
40538.09;-103.47
40541.02;-103.31
40543.95;-103.47
40546.88;-103.70
40549.80;-103.70
40552.73;-103.39
40555.66;-103.39
40558.59;-103.62
40561.52;-103.39
40564.45;-103.31
40567.38;-103.31
40570.31;-103.39
40573.24;-103.39
40576.17;-103.62
40579.10;-103.86
40582.03;-103.62
40584.96;-103.55
40587.89;-103.62
40590.82;-103.78
40593.75;-103.55
40596.68;-103.31
40599.61;-103.39
40602.54;-103.78
40605.47;-103.78
40608.40;-103.78
40611.33;-103.86
40614.26;-104.09
40617.19;-103.62
40620.12;-103.39
40623.05;-103.39
40625.98;-103.47
40628.91;-103.47
40631.84;-103.55
40634.77;-103.62
40637.70;-103.47
40640.63;-103.47
40643.55;-103.70
40646.48;-103.78
40649.41;-103.47
40652.34;-103.39
40655.27;-103.55
40658.20;-103.47
40661.13;-103.70
40664.06;-103.70
40666.99;-103.39
40669.92;-103.39
40672.85;-103.70
40675.78;-103.55
40678.71;-103.47
40681.64;-103.47
40684.57;-103.62
40687.50;-103.31
40690.43;-103.39
40693.36;-103.62
40696.29;-103.62
40699.22;-103.55
40702.15;-103.86
40705.08;-103.70
40708.01;-103.55
40710.94;-103.31
40713.87;-103.31
40716.80;-103.55
40719.73;-103.70
40722.66;-103.94
40725.59;-103.47
40728.52;-103.31
40731.45;-103.23
40734.38;-103.23
40737.30;-103.23
40740.23;-103.23
40743.16;-103.23
40746.09;-103.47
40749.02;-103.39
40751.95;-103.31
40754.88;-103.39
40757.81;-103.78
40760.74;-103.94
40763.67;-103.39
40766.60;-103.23
40769.53;-103.39
40772.46;-103.47
40775.39;-103.55
40778.32;-103.47
40781.25;-103.47
40784.18;-103.55
40787.11;-103.55
40790.04;-103.47
40792.97;-103.16
40795.90;-103.23
40798.83;-103.55
40801.76;-103.23
40804.69;-103.39
40807.62;-103.70
40810.55;-103.47
40813.48;-103.39
40816.41;-103.47
40819.34;-103.39
40822.27;-103.47
40825.20;-103.39
40828.13;-103.31
40831.05;-103.39
40833.98;-103.39
40836.91;-103.70
40839.84;-103.70
40842.77;-103.23
40845.70;-103.23
40848.63;-103.55
40851.56;-103.55
40854.49;-103.47
40857.42;-103.47
40860.35;-103.47
40863.28;-103.16
40866.21;-103.47
40869.14;-103.70
40872.07;-103.55
40875.00;-103.55
40877.93;-103.62
40880.86;-103.39
40883.79;-103.62
40886.72;-103.55
40889.65;-103.55
40892.58;-103.55
40895.51;-103.39
40898.44;-103.47
40901.37;-103.55
40904.30;-103.39
40907.23;-103.62
40910.16;-103.62
40913.09;-103.55
40916.02;-103.39
40918.95;-103.47
40921.88;-103.47
40924.80;-103.55
40927.73;-103.55
40930.66;-103.47
40933.59;-103.70
40936.52;-103.62
40939.45;-103.55
40942.38;-103.31
40945.31;-103.47
40948.24;-103.78
40951.17;-103.70
40954.10;-103.47
40957.03;-103.62
40959.96;-103.55
40962.89;-103.55
40965.82;-103.55
40968.75;-103.23
40971.68;-103.31
40974.61;-103.55
40977.54;-103.62
40980.47;-103.62
40983.40;-103.39
40986.33;-103.55
40989.26;-103.47
40992.19;-103.39
40995.12;-103.39
40998.05;-103.47
41000.98;-103.47
41003.91;-103.47
41006.84;-103.31
41009.77;-103.39
41012.70;-103.31
41015.63;-103.62
41018.55;-103.70
41021.48;-103.39
41024.41;-103.08
41027.34;-103.08
41030.27;-103.31
41033.20;-103.62
41036.13;-103.62
41039.06;-103.31
41041.99;-103.31
41044.92;-103.39
41047.85;-103.39
41050.78;-103.55
41053.71;-103.62
41056.64;-103.62
41059.57;-103.39
41062.50;-103.31
41065.43;-103.31
41068.36;-103.31
41071.29;-103.55
41074.22;-103.78
41077.15;-103.47
41080.08;-103.55
41083.01;-103.70
41085.94;-103.47
41088.87;-103.55
41091.80;-103.39
41094.73;-103.31
41097.66;-103.39
41100.59;-103.47
41103.52;-103.55
41106.45;-103.39
41109.38;-103.55
41112.30;-103.55
41115.23;-103.47
41118.16;-103.78
41121.09;-103.62
41124.02;-103.55
41126.95;-103.39
41129.88;-103.23
41132.81;-103.47
41135.74;-103.55
41138.67;-103.31
41141.60;-103.08
41144.53;-103.55
41147.46;-103.55
41150.39;-103.31
41153.32;-103.39
41156.25;-103.47
41159.18;-103.55
41162.11;-103.55
41165.04;-103.47
41167.97;-103.62
41170.90;-103.31
41173.83;-103.16
41176.76;-103.16
41179.69;-103.16
41182.62;-103.16
41185.55;-103.31
41188.48;-103.39
41191.41;-103.55
41194.34;-103.62
41197.27;-103.55
41200.20;-103.23
41203.13;-103.31
41206.05;-103.47
41208.98;-103.70
41211.91;-103.62
41214.84;-103.62
41217.77;-103.47
41220.70;-103.47
41223.63;-103.62
41226.56;-103.47
41229.49;-103.55
41232.42;-103.70
41235.35;-103.47
41238.28;-103.31
41241.21;-103.39
41244.14;-103.55
41247.07;-103.47
41250.00;-103.62
41252.93;-103.55
41255.86;-103.23
41258.79;-103.47
41261.72;-103.47
41264.65;-103.47
41267.58;-103.62
41270.51;-103.62
41273.44;-103.62
41276.37;-103.55
41279.30;-103.62
41282.23;-103.55
41285.16;-103.31
41288.09;-103.31
41291.02;-103.31
41293.95;-103.55
41296.88;-103.70
41299.80;-103.62
41302.73;-103.55
41305.66;-103.39
41308.59;-103.31
41311.52;-103.23
41314.45;-103.55
41317.38;-103.55
41320.31;-103.31
41323.24;-103.39
41326.17;-103.55
41329.10;-103.39
41332.03;-103.39
41334.96;-103.47
41337.89;-103.47
41340.82;-103.23
41343.75;-103.55
41346.68;-103.70
41349.61;-103.23
41352.54;-103.31
41355.47;-103.39
41358.40;-103.47
41361.33;-103.62
41364.26;-103.55
41367.19;-103.47
41370.12;-103.39
41373.05;-103.39
41375.98;-103.23
41378.91;-103.16
41381.84;-103.23
41384.77;-103.39
41387.70;-103.39
41390.63;-103.55
41393.55;-103.39
41396.48;-103.47
41399.41;-103.55
41402.34;-103.55
41405.27;-103.62
41408.20;-103.70
41411.13;-103.47
41414.06;-103.16
41416.99;-103.39
41419.92;-103.55
41422.85;-103.47
41425.78;-103.47
41428.71;-103.31
41431.64;-103.47
41434.57;-103.47
41437.50;-103.47
41440.43;-103.62
41443.36;-103.62
41446.29;-103.55
41449.22;-103.16
41452.15;-103.16
41455.08;-103.39
41458.01;-103.23
41460.94;-103.16
41463.87;-103.39
41466.80;-103.23
41469.73;-103.08
41472.66;-103.39
41475.59;-103.86
41478.52;-103.55
41481.45;-103.47
41484.38;-103.55
41487.30;-103.47
41490.23;-103.55
41493.16;-103.31
41496.09;-103.08
41499.02;-103.39
41501.95;-103.55
41504.88;-103.47
41507.81;-103.39
41510.74;-103.31
41513.67;-103.47
41516.60;-103.47
41519.53;-103.31
41522.46;-103.31
41525.39;-103.47
41528.32;-103.47
41531.25;-103.55
41534.18;-103.31
41537.11;-103.23
41540.04;-103.31
41542.97;-103.23
41545.90;-103.31
41548.83;-103.31
41551.76;-103.31
41554.69;-103.39
41557.62;-103.70
41560.55;-103.55
41563.48;-103.47
41566.41;-103.70
41569.34;-103.39
41572.27;-103.31
41575.20;-103.31
41578.13;-103.31
41581.05;-103.31
41583.98;-103.47
41586.91;-103.70
41589.84;-103.55
41592.77;-103.31
41595.70;-103.31
41598.63;-103.62
41601.56;-103.47
41604.49;-103.47
41607.42;-103.55
41610.35;-103.62
41613.28;-103.55
41616.21;-103.23
41619.14;-103.23
41622.07;-103.23
41625.00;-103.16
41627.93;-103.55
41630.86;-103.62
41633.79;-103.47
41636.72;-103.55
41639.65;-103.55
41642.58;-103.78
41645.51;-103.62
41648.44;-103.47
41651.37;-103.39
41654.30;-103.16
41657.23;-103.23
41660.16;-103.55
41663.09;-103.70
41666.02;-103.47
41668.95;-103.31
41671.88;-103.39
41674.80;-103.47
41677.73;-103.47
41680.66;-103.47
41683.59;-103.55
41686.52;-103.55
41689.45;-103.31
41692.38;-103.31
41695.31;-103.39
41698.24;-103.47
41701.17;-103.39
41704.10;-103.47
41707.03;-103.23
41709.96;-103.55
41712.89;-103.47
41715.82;-103.62
41718.75;-103.62
41721.68;-103.70
41724.61;-103.62
41727.54;-103.55
41730.47;-103.16
41733.40;-103.16
41736.33;-103.62
41739.26;-103.39
41742.19;-103.23
41745.12;-103.31
41748.05;-103.55
41750.98;-103.55
41753.91;-103.62
41756.84;-103.39
41759.77;-103.70
41762.70;-103.55
41765.63;-103.47
41768.55;-103.70
41771.48;-103.55
41774.41;-103.55
41777.34;-103.94
41780.27;-103.78
41783.20;-103.62
41786.13;-103.55
41789.06;-103.31
41791.99;-103.31
41794.92;-103.70
41797.85;-103.70
41800.78;-103.47
41803.71;-103.39
41806.64;-103.31
41809.57;-103.39
41812.50;-103.23
41815.43;-103.47
41818.36;-103.47
41821.29;-103.62
41824.22;-103.86
41827.15;-103.62
41830.08;-103.70
41833.01;-103.70
41835.94;-103.55
41838.87;-103.16
41841.80;-103.23
41844.73;-103.31
41847.66;-103.47
41850.59;-103.55
41853.52;-103.23
41856.45;-103.39
41859.38;-103.23
41862.30;-103.47
41865.23;-103.55
41868.16;-103.62
41871.09;-103.86
41874.02;-103.62
41876.95;-103.39
41879.88;-103.47
41882.81;-103.23
41885.74;-103.31
41888.67;-103.62
41891.60;-103.62
41894.53;-103.39
41897.46;-103.31
41900.39;-103.31
41903.32;-103.23
41906.25;-103.16
41909.18;-103.47
41912.11;-103.39
41915.04;-103.47
41917.97;-103.70
41920.90;-103.47
41923.83;-103.55
41926.76;-103.62
41929.69;-103.47
41932.62;-103.31
41935.55;-103.31
41938.48;-103.16
41941.41;-103.16
41944.34;-103.47
41947.27;-103.39
41950.20;-103.62
41953.13;-103.47
41956.05;-103.31
41958.98;-103.23
41961.91;-103.39
41964.84;-103.31
41967.77;-103.16
41970.70;-103.31
41973.63;-103.00
41976.56;-103.00
41979.49;-103.23
41982.42;-103.23
41985.35;-103.31
41988.28;-103.55
41991.21;-103.55
41994.14;-103.47
41997.07;-103.39
42000.00;-103.08
42002.93;-103.39
42005.86;-103.86
42008.79;-103.55
42011.72;-103.47
42014.65;-103.47
42017.58;-103.47
42020.51;-103.16
42023.44;-103.08
42026.37;-103.08
42029.30;-103.00
42032.23;-103.08
42035.16;-103.31
42038.09;-103.23
42041.02;-103.23
42043.95;-103.47
42046.88;-103.39
42049.80;-103.00
42052.73;-103.23
42055.66;-103.31
42058.59;-103.23
42061.52;-103.31
42064.45;-103.16
42067.38;-103.08
42070.31;-103.39
42073.24;-103.23
42076.17;-103.08
42079.10;-103.31
42082.03;-103.47
42084.96;-103.39
42087.89;-103.31
42090.82;-103.23
42093.75;-103.16
42096.68;-103.00
42099.61;-103.08
42102.54;-103.55
42105.47;-103.55
42108.40;-103.31
42111.33;-103.31
42114.26;-103.31
42117.19;-103.23
42120.12;-103.39
42123.05;-103.39
42125.98;-103.39
42128.91;-103.39
42131.84;-103.31
42134.77;-103.39
42137.70;-103.39
42140.63;-103.39
42143.55;-103.62
42146.48;-103.39
42149.41;-103.47
42152.34;-103.23
42155.27;-103.16
42158.20;-103.39
42161.13;-103.39
42164.06;-103.39
42166.99;-103.31
42169.92;-103.47
42172.85;-103.47
42175.78;-103.55
42178.71;-103.55
42181.64;-103.31
42184.57;-103.39
42187.50;-103.39
42190.43;-103.16
42193.36;-103.47
42196.29;-103.47
42199.22;-103.62
42202.15;-103.47
42205.08;-103.31
42208.01;-103.31
42210.94;-103.55
42213.87;-103.23
42216.80;-103.47
42219.73;-103.47
42222.66;-103.55
42225.59;-103.47
42228.52;-103.23
42231.45;-103.23
42234.38;-103.23
42237.30;-103.23
42240.23;-103.31
42243.16;-103.31
42246.09;-103.00
42249.02;-103.16
42251.95;-103.62
42254.88;-103.62
42257.81;-103.47
42260.74;-103.23
42263.67;-103.39
42266.60;-103.31
42269.53;-103.31
42272.46;-103.47
42275.39;-103.31
42278.32;-103.39
42281.25;-103.39
42284.18;-103.16
42287.11;-103.16
42290.04;-103.16
42292.97;-103.31
42295.90;-103.16
42298.83;-103.39
42301.76;-103.23
42304.69;-103.16
42307.62;-103.16
42310.55;-103.08
42313.48;-103.16
42316.41;-103.31
42319.34;-103.31
42322.27;-103.55
42325.20;-103.78
42328.13;-103.70
42331.05;-103.47
42333.98;-103.16
42336.91;-103.16
42339.84;-103.31
42342.77;-103.31
42345.70;-103.31
42348.63;-103.16
42351.56;-103.23
42354.49;-103.39
42357.42;-103.39
42360.35;-103.08
42363.28;-103.00
42366.21;-103.23
42369.14;-103.31
42372.07;-103.31
42375.00;-103.31
42377.93;-103.23
42380.86;-103.55
42383.79;-103.39
42386.72;-103.23
42389.65;-103.31
42392.58;-103.31
42395.51;-103.23
42398.44;-103.23
42401.37;-103.31
42404.30;-103.08
42407.23;-103.23
42410.16;-103.23
42413.09;-103.39
42416.02;-103.62
42418.95;-103.55
42421.88;-103.39
42424.80;-103.78
42427.73;-103.62
42430.66;-103.31
42433.59;-103.39
42436.52;-103.39
42439.45;-103.39
42442.38;-103.39
42445.31;-103.31
42448.24;-103.16
42451.17;-103.23
42454.10;-103.31
42457.03;-103.39
42459.96;-103.55
42462.89;-103.62
42465.82;-103.47
42468.75;-103.39
42471.68;-103.31
42474.61;-103.08
42477.54;-103.31
42480.47;-103.31
42483.40;-103.16
42486.33;-103.39
42489.26;-103.31
42492.19;-103.23
42495.12;-103.55
42498.05;-103.62
42500.98;-103.31
42503.91;-103.16
42506.84;-103.31
42509.77;-103.55
42512.70;-103.70
42515.63;-103.39
42518.55;-103.31
42521.48;-103.16
42524.41;-103.23
42527.34;-103.23
42530.27;-103.23
42533.20;-103.31
42536.13;-103.47
42539.06;-103.39
42541.99;-103.23
42544.92;-103.23
42547.85;-103.31
42550.78;-103.47
42553.71;-103.62
42556.64;-103.47
42559.57;-103.39
42562.50;-103.55
42565.43;-103.62
42568.36;-103.62
42571.29;-103.39
42574.22;-103.31
42577.15;-103.08
42580.08;-103.16
42583.01;-103.23
42585.94;-103.55
42588.87;-103.47
42591.80;-103.55
42594.73;-103.55
42597.66;-103.55
42600.59;-103.31
42603.52;-103.16
42606.45;-103.39
42609.38;-103.16
42612.30;-103.08
42615.23;-103.23
42618.16;-103.39
42621.09;-103.23
42624.02;-103.08
42626.95;-103.39
42629.88;-103.47
42632.81;-103.16
42635.74;-103.39
42638.67;-103.23
42641.60;-103.08
42644.53;-103.16
42647.46;-103.47
42650.39;-103.39
42653.32;-103.31
42656.25;-103.39
42659.18;-103.31
42662.11;-103.08
42665.04;-103.39
42667.97;-103.39
42670.90;-103.16
42673.83;-103.39
42676.76;-103.31
42679.69;-103.47
42682.62;-103.55
42685.55;-103.23
42688.48;-103.23
42691.41;-103.23
42694.34;-103.55
42697.27;-103.47
42700.20;-103.31
42703.13;-103.55
42706.05;-103.31
42708.98;-103.23
42711.91;-103.47
42714.84;-103.31
42717.77;-103.08
42720.70;-103.08
42723.63;-102.92
42726.56;-103.16
42729.49;-103.47
42732.42;-103.47
42735.35;-103.39
42738.28;-103.16
42741.21;-103.16
42744.14;-103.00
42747.07;-103.23
42750.00;-103.39
42752.93;-103.39
42755.86;-103.31
42758.79;-103.23
42761.72;-103.23
42764.65;-103.23
42767.58;-103.00
42770.51;-103.08
42773.44;-103.23
42776.37;-103.62
42779.30;-103.55
42782.23;-103.31
42785.16;-103.23
42788.09;-103.00
42791.02;-102.92
42793.95;-103.39
42796.88;-103.47
42799.80;-103.39
42802.73;-103.70
42805.66;-103.62
42808.59;-103.55
42811.52;-103.55
42814.45;-103.31
42817.38;-103.08
42820.31;-103.08
42823.24;-102.76
42826.17;-103.08
42829.10;-103.31
42832.03;-103.39
42834.96;-103.39
42837.89;-103.23
42840.82;-103.47
42843.75;-103.70
42846.68;-103.23
42849.61;-103.16
42852.54;-103.00
42855.47;-103.31
42858.40;-103.55
42861.33;-103.70
42864.26;-103.62
42867.19;-103.39
42870.12;-103.23
42873.05;-103.47
42875.98;-103.62
42878.91;-103.23
42881.84;-103.23
42884.77;-103.39
42887.70;-103.16
42890.63;-103.08
42893.55;-103.16
42896.48;-103.08
42899.41;-103.23
42902.34;-103.39
42905.27;-103.47
42908.20;-103.16
42911.13;-103.31
42914.06;-103.39
42916.99;-103.23
42919.92;-103.23
42922.85;-103.08
42925.78;-103.16
42928.71;-103.16
42931.64;-103.23
42934.57;-103.31
42937.50;-103.16
42940.43;-103.31
42943.36;-103.55
42946.29;-103.47
42949.22;-103.16
42952.15;-103.31
42955.08;-103.62
42958.01;-103.39
42960.94;-103.00
42963.87;-103.08
42966.80;-103.23
42969.73;-103.23
42972.66;-103.16
42975.59;-103.23
42978.52;-103.31
42981.45;-103.16
42984.38;-103.08
42987.30;-103.39
42990.23;-103.31
42993.16;-103.00
42996.09;-103.08
42999.02;-103.47
43001.95;-103.47
43004.88;-103.55
43007.81;-103.47
43010.74;-103.31
43013.67;-103.39
43016.60;-103.55
43019.53;-103.55
43022.46;-103.23
43025.39;-103.16
43028.32;-103.08
43031.25;-103.23
43034.18;-103.55
43037.11;-103.55
43040.04;-103.31
43042.97;-103.16
43045.90;-103.23
43048.83;-103.16
43051.76;-103.00
43054.69;-103.23
43057.62;-103.08
43060.55;-103.16
43063.48;-103.08
43066.41;-103.16
43069.34;-103.16
43072.27;-103.23
43075.20;-103.23
43078.13;-103.23
43081.05;-103.31
43083.98;-103.39
43086.91;-103.23
43089.84;-103.16
43092.77;-103.23
43095.70;-103.47
43098.63;-103.47
43101.56;-103.39
43104.49;-103.08
43107.42;-103.08
43110.35;-103.47
43113.28;-103.23
43116.21;-103.23
43119.14;-103.31
43122.07;-103.23
43125.00;-103.47
43127.93;-103.62
43130.86;-103.70
43133.79;-103.23
43136.72;-103.23
43139.65;-103.55
43142.58;-103.47
43145.51;-103.31
43148.44;-103.31
43151.37;-103.00
43154.30;-103.00
43157.23;-103.39
43160.16;-103.31
43163.09;-103.16
43166.02;-103.39
43168.95;-103.31
43171.88;-103.00
43174.80;-103.23
43177.73;-103.00
43180.66;-103.00
43183.59;-103.08
43186.52;-103.16
43189.45;-103.39
43192.38;-103.39
43195.31;-103.39
43198.24;-103.39
43201.17;-103.16
43204.10;-103.31
43207.03;-103.00
43209.96;-103.08
43212.89;-103.16
43215.82;-103.31
43218.75;-103.47
43221.68;-103.47
43224.61;-103.23
43227.54;-103.16
43230.47;-103.23
43233.40;-103.31
43236.33;-103.31
43239.26;-103.16
43242.19;-103.16
43245.12;-103.47
43248.05;-103.39
43250.98;-103.55
43253.91;-103.31
43256.84;-103.16
43259.77;-103.16
43262.70;-103.23
43265.63;-103.23
43268.55;-103.23
43271.48;-103.16
43274.41;-103.00
43277.34;-103.16
43280.27;-103.16
43283.20;-103.16
43286.13;-103.39
43289.06;-103.47
43291.99;-103.47
43294.92;-103.47
43297.85;-103.16
43300.78;-103.23
43303.71;-103.31
43306.64;-103.23
43309.57;-103.23
43312.50;-103.31
43315.43;-103.31
43318.36;-103.23
43321.29;-103.39
43324.22;-103.23
43327.15;-103.16
43330.08;-103.39
43333.01;-103.47
43335.94;-103.23
43338.87;-103.23
43341.80;-103.16
43344.73;-103.08
43347.66;-103.39
43350.59;-103.39
43353.52;-103.23
43356.45;-103.08
43359.38;-103.31
43362.30;-103.39
43365.23;-103.23
43368.16;-103.00
43371.09;-103.23
43374.02;-103.08
43376.95;-102.76
43379.88;-102.92
43382.81;-103.16
43385.74;-103.16
43388.67;-103.08
43391.60;-103.00
43394.53;-102.92
43397.46;-102.84
43400.39;-102.92
43403.32;-103.08
43406.25;-103.00
43409.18;-103.31
43412.11;-103.08
43415.04;-103.08
43417.97;-103.23
43420.90;-103.31
43423.83;-103.31
43426.76;-103.23
43429.69;-103.23
43432.62;-103.08
43435.55;-103.08
43438.48;-103.00
43441.41;-103.31
43444.34;-103.39
43447.27;-103.31
43450.20;-103.31
43453.13;-103.23
43456.05;-103.16
43458.98;-102.92
43461.91;-103.08
43464.84;-103.23
43467.77;-103.16
43470.70;-103.31
43473.63;-103.00
43476.56;-102.92
43479.49;-103.16
43482.42;-103.23
43485.35;-103.39
43488.28;-103.39
43491.21;-103.47
43494.14;-103.39
43497.07;-103.23
43500.00;-103.00
43502.93;-103.31
43505.86;-103.47
43508.79;-103.31
43511.72;-103.23
43514.65;-103.39
43517.58;-103.23
43520.51;-103.08
43523.44;-103.23
43526.37;-103.23
43529.30;-103.08
43532.23;-103.00
43535.16;-103.08
43538.09;-103.16
43541.02;-103.23
43543.95;-103.23
43546.88;-103.16
43549.80;-103.16
43552.73;-103.16
43555.66;-103.16
43558.59;-103.23
43561.52;-103.31
43564.45;-103.23
43567.38;-103.23
43570.31;-103.39
43573.24;-103.47
43576.17;-103.39
43579.10;-103.23
43582.03;-103.31
43584.96;-103.39
43587.89;-103.39
43590.82;-103.23
43593.75;-103.23
43596.68;-103.47
43599.61;-103.39
43602.54;-103.08
43605.47;-103.31
43608.40;-103.31
43611.33;-103.39
43614.26;-103.23
43617.19;-103.00
43620.12;-103.16
43623.05;-103.31
43625.98;-103.39
43628.91;-103.47
43631.84;-103.23
43634.77;-103.47
43637.70;-103.31
43640.63;-103.31
43643.55;-103.39
43646.48;-103.31
43649.41;-103.23
43652.34;-103.08
43655.27;-103.16
43658.20;-103.39
43661.13;-103.31
43664.06;-103.00
43666.99;-103.23
43669.92;-103.47
43672.85;-103.31
43675.78;-103.23
43678.71;-103.16
43681.64;-103.23
43684.57;-103.08
43687.50;-103.08
43690.43;-103.08
43693.36;-103.08
43696.29;-103.16
43699.22;-103.23
43702.15;-103.47
43705.08;-103.16
43708.01;-102.84
43710.94;-103.00
43713.87;-103.16
43716.80;-103.08
43719.73;-103.23
43722.66;-103.23
43725.59;-103.31
43728.52;-103.08
43731.45;-103.31
43734.38;-103.16
43737.30;-103.08
43740.23;-103.08
43743.16;-103.16
43746.09;-103.16
43749.02;-103.16
43751.95;-103.23
43754.88;-103.23
43757.81;-103.08
43760.74;-103.39
43763.67;-103.16
43766.60;-103.00
43769.53;-102.84
43772.46;-103.16
43775.39;-103.31
43778.32;-103.31
43781.25;-103.31
43784.18;-103.23
43787.11;-103.31
43790.04;-103.23
43792.97;-103.23
43795.90;-103.23
43798.83;-103.23
43801.76;-103.23
43804.69;-103.16
43807.62;-103.23
43810.55;-103.16
43813.48;-103.16
43816.41;-103.00
43819.34;-103.00
43822.27;-103.31
43825.20;-103.31
43828.13;-103.31
43831.05;-103.16
43833.98;-103.16
43836.91;-103.23
43839.84;-103.31
43842.77;-103.31
43845.70;-103.08
43848.63;-103.00
43851.56;-103.00
43854.49;-103.00
43857.42;-103.23
43860.35;-103.55
43863.28;-102.92
43866.21;-102.92
43869.14;-103.08
43872.07;-103.23
43875.00;-103.16
43877.93;-103.00
43880.86;-102.84
43883.79;-103.23
43886.72;-103.16
43889.65;-103.23
43892.58;-103.39
43895.51;-103.47
43898.44;-103.39
43901.37;-103.23
43904.30;-103.23
43907.23;-102.92
43910.16;-103.00
43913.09;-102.92
43916.02;-103.08
43918.95;-103.23
43921.88;-103.31
43924.80;-103.47
43927.73;-103.39
43930.66;-103.31
43933.59;-103.08
43936.52;-103.00
43939.45;-103.31
43942.38;-103.55
43945.31;-103.23
43948.24;-103.08
43951.17;-103.23
43954.10;-103.16
43957.03;-103.16
43959.96;-103.16
43962.89;-103.31
43965.82;-103.47
43968.75;-103.70
43971.68;-103.47
43974.61;-103.23
43977.54;-103.31
43980.47;-103.31
43983.40;-103.23
43986.33;-103.23
43989.26;-102.92
43992.19;-102.92
43995.12;-103.16
43998.05;-103.31
44000.98;-103.39
44003.91;-103.39
44006.84;-103.39
44009.77;-103.23
44012.70;-103.31
44015.63;-103.31
44018.55;-103.16
44021.48;-103.23
44024.41;-103.23
44027.34;-103.39
44030.27;-103.16
44033.20;-103.08
44036.13;-102.92
44039.06;-103.08
44041.99;-103.31
44044.92;-103.23
44047.85;-103.00
44050.78;-103.16
44053.71;-103.31
44056.64;-103.39
44059.57;-103.31
44062.50;-103.31
44065.43;-103.16
44068.36;-103.16
44071.29;-103.16
44074.22;-103.16
44077.15;-103.55
44080.08;-103.47
44083.01;-103.31
44085.94;-103.08
44088.87;-102.84
44091.80;-103.23
44094.73;-103.62
44097.66;-103.47
44100.59;-103.08
44103.52;-102.92
44106.45;-103.16
44109.38;-103.23
44112.30;-103.16
44115.23;-103.16
44118.16;-103.16
44121.09;-103.16
44124.02;-103.00
44126.95;-103.16
44129.88;-103.16
44132.81;-103.31
44135.74;-103.47
44138.67;-103.31
44141.60;-103.23
44144.53;-103.31
44147.46;-103.08
44150.39;-103.08
44153.32;-103.08
44156.25;-103.47
44159.18;-103.39
44162.11;-103.00
44165.04;-103.08
44167.97;-103.16
44170.90;-103.08
44173.83;-103.08
44176.76;-103.08
44179.69;-103.31
44182.62;-103.23
44185.55;-103.08
44188.48;-103.16
44191.41;-103.39
44194.34;-103.39
44197.27;-102.92
44200.20;-102.76
44203.13;-103.31
44206.05;-103.39
44208.98;-103.16
44211.91;-103.31
44214.84;-103.08
44217.77;-103.16
44220.70;-103.23
44223.63;-102.92
44226.56;-103.08
44229.49;-103.16
44232.42;-103.16
44235.35;-103.62
44238.28;-103.70
44241.21;-103.31
44244.14;-102.92
44247.07;-103.08
44250.00;-103.00
44252.93;-103.23
44255.86;-103.23
44258.79;-103.23
44261.72;-103.16
44264.65;-103.31
44267.58;-103.23
44270.51;-103.39
44273.44;-103.39
44276.37;-103.08
44279.30;-103.08
44282.23;-103.08
44285.16;-103.31
44288.09;-103.08
44291.02;-103.16
44293.95;-103.16
44296.88;-103.31
44299.80;-103.39
44302.73;-103.31
44305.66;-103.39
44308.59;-103.39
44311.52;-103.23
44314.45;-103.00
44317.38;-103.16
44320.31;-103.23
44323.24;-103.23
44326.17;-103.31
44329.10;-103.08
44332.03;-103.00
44334.96;-103.16
44337.89;-102.84
44340.82;-103.08
44343.75;-103.31
44346.68;-103.31
44349.61;-103.00
44352.54;-103.16
44355.47;-103.39
44358.40;-103.39
44361.33;-103.16
44364.26;-103.16
44367.19;-103.16
44370.12;-102.76
44373.05;-102.92
44375.98;-103.08
44378.91;-103.08
44381.84;-103.31
44384.77;-103.16
44387.70;-103.08
44390.63;-103.16
44393.55;-103.16
44396.48;-103.31
44399.41;-103.23
44402.34;-103.08
44405.27;-103.39
44408.20;-103.47
44411.13;-103.39
44414.06;-103.31
44416.99;-103.39
44419.92;-103.31
44422.85;-103.16
44425.78;-102.76
44428.71;-103.00
44431.64;-103.31
44434.57;-103.39
44437.50;-103.23
44440.43;-102.92
44443.36;-103.08
44446.29;-103.00
44449.22;-103.08
44452.15;-103.16
44455.08;-103.16
44458.01;-102.92
44460.94;-103.16
44463.87;-103.47
44466.80;-103.23
44469.73;-102.92
44472.66;-102.92
44475.59;-103.00
44478.52;-103.16
44481.45;-103.00
44484.38;-103.08
44487.30;-103.23
44490.23;-103.08
44493.16;-103.31
44496.09;-103.39
44499.02;-103.55
44501.95;-103.55
44504.88;-103.62
44507.81;-103.16
44510.74;-103.00
44513.67;-103.23
44516.60;-102.92
44519.53;-102.92
44522.46;-103.08
44525.39;-103.16
44528.32;-103.16
44531.25;-103.08
44534.18;-103.23
44537.11;-103.47
44540.04;-103.16
44542.97;-103.00
44545.90;-102.92
44548.83;-103.00
44551.76;-103.08
44554.69;-103.16
44557.62;-103.16
44560.55;-103.31
44563.48;-103.16
44566.41;-103.08
44569.34;-103.23
44572.27;-103.39
44575.20;-103.39
44578.13;-103.23
44581.05;-103.08
44583.98;-103.47
44586.91;-103.16
44589.84;-102.84
44592.77;-103.00
44595.70;-103.16
44598.63;-103.16
44601.56;-103.00
44604.49;-102.92
44607.42;-102.84
44610.35;-102.84
44613.28;-103.23
44616.21;-103.23
44619.14;-103.16
44622.07;-103.00
44625.00;-103.23
44627.93;-103.23
44630.86;-102.92
44633.79;-103.08
44636.72;-103.08
44639.65;-103.00
44642.58;-103.08
44645.51;-103.16
44648.44;-103.00
44651.37;-103.16
44654.30;-103.16
44657.23;-103.16
44660.16;-102.84
44663.09;-103.23
44666.02;-103.23
44668.95;-103.08
44671.88;-103.23
44674.80;-103.31
44677.73;-103.16
44680.66;-103.31
44683.59;-103.23
44686.52;-103.16
44689.45;-103.00
44692.38;-102.84
44695.31;-103.00
44698.24;-103.23
44701.17;-103.23
44704.10;-103.23
44707.03;-103.16
44709.96;-103.08
44712.89;-103.16
44715.82;-103.16
44718.75;-103.16
44721.68;-103.23
44724.61;-103.23
44727.54;-103.16
44730.47;-103.31
44733.40;-103.31
44736.33;-103.23
44739.26;-103.23
44742.19;-103.23
44745.12;-103.16
44748.05;-103.55
44750.98;-103.39
44753.91;-103.08
44756.84;-103.08
44759.77;-102.92
44762.70;-103.23
44765.63;-103.55
44768.55;-103.39
44771.48;-103.16
44774.41;-103.31
44777.34;-103.16
44780.27;-103.23
44783.20;-103.16
44786.13;-103.08
44789.06;-103.16
44791.99;-103.39
44794.92;-103.47
44797.85;-103.08
44800.78;-103.08
44803.71;-103.16
44806.64;-103.16
44809.57;-103.23
44812.50;-103.31
44815.43;-103.23
44818.36;-103.00
44821.29;-102.84
44824.22;-103.00
44827.15;-103.08
44830.08;-103.08
44833.01;-103.00
44835.94;-103.00
44838.87;-103.00
44841.80;-103.16
44844.73;-103.55
44847.66;-103.47
44850.59;-103.23
44853.52;-103.16
44856.45;-102.84
44859.38;-102.92
44862.30;-103.08
44865.23;-103.23
44868.16;-103.16
44871.09;-103.31
44874.02;-103.31
44876.95;-103.08
44879.88;-103.31
44882.81;-103.16
44885.74;-103.00
44888.67;-103.16
44891.60;-103.16
44894.53;-103.39
44897.46;-103.39
44900.39;-103.31
44903.32;-103.08
44906.25;-102.76
44909.18;-102.84
44912.11;-103.23
44915.04;-103.08
44917.97;-102.84
44920.90;-103.00
44923.83;-103.08
44926.76;-103.23
44929.69;-103.08
44932.62;-103.08
44935.55;-103.31
44938.48;-102.84
44941.41;-103.00
44944.34;-103.23
44947.27;-103.00
44950.20;-102.84
44953.13;-102.76
44956.05;-102.84
44958.98;-103.00
44961.91;-103.16
44964.84;-103.47
44967.77;-103.31
44970.70;-103.08
44973.63;-103.00
44976.56;-103.00
44979.49;-103.08
44982.42;-103.08
44985.35;-103.31
44988.28;-103.00
44991.21;-102.84
44994.14;-103.16
44997.07;-103.31
45000.00;-102.92
45002.93;-102.84
45005.86;-103.16
45008.79;-103.16
45011.72;-103.31
45014.65;-103.55
45017.58;-103.31
45020.51;-103.16
45023.44;-103.16
45026.37;-103.00
45029.30;-103.08
45032.23;-103.23
45035.16;-103.23
45038.09;-103.16
45041.02;-103.00
45043.95;-103.16
45046.88;-103.47
45049.80;-103.16
45052.73;-103.23
45055.66;-103.00
45058.59;-102.84
45061.52;-102.76
45064.45;-103.00
45067.38;-103.08
45070.31;-102.84
45073.24;-102.92
45076.17;-103.08
45079.10;-102.84
45082.03;-102.84
45084.96;-103.08
45087.89;-103.16
45090.82;-103.16
45093.75;-102.92
45096.68;-103.00
45099.61;-103.00
45102.54;-103.16
45105.47;-103.08
45108.40;-103.08
45111.33;-103.00
45114.26;-103.16
45117.19;-103.16
45120.12;-103.31
45123.05;-103.39
45125.98;-103.16
45128.91;-102.76
45131.84;-102.84
45134.77;-103.08
45137.70;-102.92
45140.63;-103.08
45143.55;-103.16
45146.48;-103.00
45149.41;-103.23
45152.34;-103.31
45155.27;-103.23
45158.20;-103.23
45161.13;-103.23
45164.06;-103.08
45166.99;-102.92
45169.92;-102.92
45172.85;-102.92
45175.78;-103.08
45178.71;-103.23
45181.64;-103.23
45184.57;-102.84
45187.50;-103.16
45190.43;-103.16
45193.36;-103.00
45196.29;-103.08
45199.22;-103.31
45202.15;-103.23
45205.08;-103.31
45208.01;-103.08
45210.94;-103.00
45213.87;-103.23
45216.80;-103.23
45219.73;-103.23
45222.66;-103.39
45225.59;-103.39
45228.52;-103.16
45231.45;-102.92
45234.38;-103.08
45237.30;-103.00
45240.23;-103.00
45243.16;-103.00
45246.09;-103.16
45249.02;-103.16
45251.95;-103.00
45254.88;-103.31
45257.81;-103.31
45260.74;-103.31
45263.67;-103.23
45266.60;-103.31
45269.53;-103.16
45272.46;-102.84
45275.39;-102.92
45278.32;-102.76
45281.25;-102.69
45284.18;-102.84
45287.11;-102.92
45290.04;-102.92
45292.97;-103.00
45295.90;-102.84
45298.83;-103.00
45301.76;-102.92
45304.69;-102.84
45307.62;-102.84
45310.55;-103.23
45313.48;-103.08
45316.41;-102.84
45319.34;-102.84
45322.27;-102.92
45325.20;-102.92
45328.13;-103.23
45331.05;-103.39
45333.98;-103.16
45336.91;-102.92
45339.84;-103.08
45342.77;-103.16
45345.70;-103.16
45348.63;-103.23
45351.56;-103.39
45354.49;-103.23
45357.42;-102.69
45360.35;-102.92
45363.28;-103.08
45366.21;-103.16
45369.14;-103.00
45372.07;-102.92
45375.00;-103.23
45377.93;-103.08
45380.86;-102.92
45383.79;-103.16
45386.72;-103.39
45389.65;-102.84
45392.58;-103.16
45395.51;-103.31
45398.44;-103.23
45401.37;-103.00
45404.30;-103.16
45407.23;-103.23
45410.16;-103.16
45413.09;-103.00
45416.02;-103.23
45418.95;-103.16
45421.88;-103.16
45424.80;-103.08
45427.73;-103.08
45430.66;-103.08
45433.59;-103.39
45436.52;-103.16
45439.45;-103.08
45442.38;-103.00
45445.31;-103.08
45448.24;-103.00
45451.17;-102.92
45454.10;-103.08
45457.03;-103.16
45459.96;-103.23
45462.89;-103.08
45465.82;-103.08
45468.75;-103.39
45471.68;-103.23
45474.61;-102.92
45477.54;-103.00
45480.47;-103.16
45483.40;-103.08
45486.33;-103.00
45489.26;-103.16
45492.19;-102.92
45495.12;-103.00
45498.05;-103.31
45500.98;-103.16
45503.91;-103.08
45506.84;-103.00
45509.77;-102.84
45512.70;-102.84
45515.63;-102.69
45518.55;-102.76
45521.48;-102.84
45524.41;-103.00
45527.34;-103.31
45530.27;-103.08
45533.20;-103.00
45536.13;-103.08
45539.06;-103.39
45541.99;-103.47
45544.92;-103.23
45547.85;-103.16
45550.78;-103.23
45553.71;-103.16
45556.64;-103.16
45559.57;-103.16
45562.50;-103.16
45565.43;-103.16
45568.36;-103.08
45571.29;-103.00
45574.22;-103.23
45577.15;-103.23
45580.08;-103.16
45583.01;-103.39
45585.94;-103.47
45588.87;-103.23
45591.80;-102.92
45594.73;-103.00
45597.66;-103.16
45600.59;-103.08
45603.52;-103.08
45606.45;-103.16
45609.38;-102.92
45612.30;-102.84
45615.23;-102.92
45618.16;-103.00
45621.09;-102.76
45624.02;-103.08
45626.95;-103.08
45629.88;-103.00
45632.81;-103.00
45635.74;-102.92
45638.67;-102.92
45641.60;-103.08
45644.53;-103.23
45647.46;-103.39
45650.39;-103.31
45653.32;-103.31
45656.25;-103.08
45659.18;-103.16
45662.11;-103.00
45665.04;-102.84
45667.97;-103.00
45670.90;-103.00
45673.83;-103.00
45676.76;-102.92
45679.69;-103.00
45682.62;-103.16
45685.55;-103.00
45688.48;-103.00
45691.41;-103.08
45694.34;-103.00
45697.27;-103.08
45700.20;-103.00
45703.13;-103.23
45706.05;-103.47
45708.98;-103.23
45711.91;-102.92
45714.84;-103.08
45717.77;-103.23
45720.70;-103.16
45723.63;-103.08
45726.56;-102.84
45729.49;-102.76
45732.42;-103.16
45735.35;-103.23
45738.28;-103.16
45741.21;-103.00
45744.14;-102.84
45747.07;-102.92
45750.00;-103.00
45752.93;-103.16
45755.86;-103.31
45758.79;-103.16
45761.72;-103.08
45764.65;-103.16
45767.58;-103.16
45770.51;-102.92
45773.44;-102.84
45776.37;-102.92
45779.30;-103.00
45782.23;-103.16
45785.16;-103.31
45788.09;-103.31
45791.02;-103.23
45793.95;-103.00
45796.88;-103.08
45799.80;-103.00
45802.73;-103.00
45805.66;-102.92
45808.59;-103.16
45811.52;-103.16
45814.45;-103.08
45817.38;-103.16
45820.31;-102.92
45823.24;-103.00
45826.17;-102.92
45829.10;-103.16
45832.03;-103.23
45834.96;-103.00
45837.89;-103.00
45840.82;-103.23
45843.75;-103.23
45846.68;-103.08
45849.61;-102.92
45852.54;-102.76
45855.47;-103.08
45858.40;-103.16
45861.33;-103.08
45864.26;-103.08
45867.19;-103.23
45870.12;-103.23
45873.05;-103.23
45875.98;-103.31
45878.91;-103.31
45881.84;-103.39
45884.77;-103.00
45887.70;-102.92
45890.63;-103.08
45893.55;-103.08
45896.48;-103.00
45899.41;-103.31
45902.34;-103.31
45905.27;-102.84
45908.20;-102.76
45911.13;-102.84
45914.06;-103.08
45916.99;-103.08
45919.92;-102.92
45922.85;-102.92
45925.78;-102.92
45928.71;-102.92
45931.64;-103.00
45934.57;-103.08
45937.50;-102.84
45940.43;-102.92
45943.36;-103.08
45946.29;-102.92
45949.22;-102.76
45952.15;-103.00
45955.08;-103.08
45958.01;-102.92
45960.94;-102.92
45963.87;-103.00
45966.80;-102.92
45969.73;-102.84
45972.66;-103.23
45975.59;-103.23
45978.52;-103.00
45981.45;-102.92
45984.38;-103.08
45987.30;-103.08
45990.23;-103.00
45993.16;-103.23
45996.09;-103.08
45999.02;-103.23
46001.95;-103.08
46004.88;-103.23
46007.81;-103.31
46010.74;-103.08
46013.67;-103.00
46016.60;-102.76
46019.53;-102.76
46022.46;-102.84
46025.39;-102.76
46028.32;-103.08
46031.25;-103.16
46034.18;-103.00
46037.11;-103.16
46040.04;-103.08
46042.97;-103.16
46045.90;-103.31
46048.83;-103.23
46051.76;-103.08
46054.69;-102.92
46057.62;-103.16
46060.55;-103.00
46063.48;-103.08
46066.41;-103.23
46069.34;-103.31
46072.27;-103.16
46075.20;-102.92
46078.13;-103.16
46081.05;-103.23
46083.98;-102.92
46086.91;-102.69
46089.84;-103.00
46092.77;-103.08
46095.70;-103.08
46098.63;-103.08
46101.56;-102.92
46104.49;-103.23
46107.42;-103.31
46110.35;-102.76
46113.28;-102.69
46116.21;-103.08
46119.14;-103.23
46122.07;-103.31
46125.00;-103.47
46127.93;-103.39
46130.86;-103.23
46133.79;-103.23
46136.72;-103.16
46139.65;-103.00
46142.58;-103.08
46145.51;-103.00
46148.44;-103.08
46151.37;-103.08
46154.30;-103.08
46157.23;-103.16
46160.16;-103.16
46163.09;-102.92
46166.02;-103.00
46168.95;-103.08
46171.88;-103.00
46174.80;-103.23
46177.73;-103.00
46180.66;-102.84
46183.59;-102.84
46186.52;-103.00
46189.45;-103.08
46192.38;-103.08
46195.31;-103.00
46198.24;-103.00
46201.17;-103.16
46204.10;-103.23
46207.03;-103.00
46209.96;-103.08
46212.89;-103.16
46215.82;-102.76
46218.75;-102.76
46221.68;-103.00
46224.61;-103.00
46227.54;-103.08
46230.47;-102.92
46233.40;-102.92
46236.33;-103.31
46239.26;-103.08
46242.19;-102.69
46245.12;-102.84
46248.05;-103.00
46250.98;-102.92
46253.91;-102.92
46256.84;-103.00
46259.77;-102.84
46262.70;-103.00
46265.63;-102.76
46268.55;-102.92
46271.48;-103.31
46274.41;-103.08
46277.34;-102.84
46280.27;-102.69
46283.20;-103.00
46286.13;-103.00
46289.06;-103.00
46291.99;-103.16
46294.92;-103.16
46297.85;-102.92
46300.78;-103.08
46303.71;-103.16
46306.64;-103.08
46309.57;-102.92
46312.50;-103.16
46315.43;-103.16
46318.36;-103.08
46321.29;-102.84
46324.22;-102.92
46327.15;-103.16
46330.08;-103.08
46333.01;-103.00
46335.94;-103.31
46338.87;-103.23
46341.80;-103.08
46344.73;-103.08
46347.66;-103.16
46350.59;-102.84
46353.52;-102.61
46356.45;-102.92
46359.38;-103.08
46362.30;-102.84
46365.23;-102.84
46368.16;-102.84
46371.09;-102.76
46374.02;-102.84
46376.95;-103.00
46379.88;-102.84
46382.81;-103.00
46385.74;-103.08
46388.67;-103.08
46391.60;-103.08
46394.53;-103.00
46397.46;-103.08
46400.39;-103.16
46403.32;-103.00
46406.25;-103.08
46409.18;-103.00
46412.11;-103.16
46415.04;-103.23
46417.97;-103.00
46420.90;-103.00
46423.83;-103.16
46426.76;-103.16
46429.69;-103.23
46432.62;-103.08
46435.55;-102.76
46438.48;-102.53
46441.41;-102.92
46444.34;-103.00
46447.27;-103.00
46450.20;-102.84
46453.13;-103.00
46456.05;-102.76
46458.98;-102.84
46461.91;-103.31
46464.84;-102.92
46467.77;-103.08
46470.70;-103.16
46473.63;-102.92
46476.56;-102.84
46479.49;-103.08
46482.42;-102.92
46485.35;-102.92
46488.28;-103.23
46491.21;-103.00
46494.14;-103.00
46497.07;-103.00
46500.00;-103.16
46502.93;-103.16
46505.86;-102.84
46508.79;-102.84
46511.72;-102.84
46514.65;-102.69
46517.58;-103.00
46520.51;-103.16
46523.44;-102.92
46526.37;-103.00
46529.30;-103.08
46532.23;-103.08
46535.16;-102.84
46538.09;-102.37
46541.02;-102.69
46543.95;-102.84
46546.88;-102.92
46549.80;-103.00
46552.73;-102.84
46555.66;-102.84
46558.59;-102.84
46561.52;-102.92
46564.45;-102.92
46567.38;-103.00
46570.31;-102.76
46573.24;-102.92
46576.17;-103.16
46579.10;-103.00
46582.03;-103.08
46584.96;-103.16
46587.89;-102.61
46590.82;-102.53
46593.75;-102.84
46596.68;-103.08
46599.61;-103.16
46602.54;-103.23
46605.47;-103.08
46608.40;-102.92
46611.33;-103.00
46614.26;-103.16
46617.19;-103.08
46620.12;-102.92
46623.05;-102.92
46625.98;-103.08
46628.91;-103.00
46631.84;-103.16
46634.77;-102.92
46637.70;-103.00
46640.63;-102.92
46643.55;-102.76
46646.48;-102.92
46649.41;-102.69
46652.34;-102.76
46655.27;-102.84
46658.20;-102.92
46661.13;-102.92
46664.06;-102.84
46666.99;-103.08
46669.92;-103.00
46672.85;-103.08
46675.78;-102.92
46678.71;-103.00
46681.64;-103.08
46684.57;-103.08
46687.50;-103.16
46690.43;-103.23
46693.36;-103.00
46696.29;-103.00
46699.22;-102.92
46702.15;-103.08
46705.08;-103.08
46708.01;-102.84
46710.94;-102.76
46713.87;-102.92
46716.80;-102.69
46719.73;-102.61
46722.66;-102.92
46725.59;-102.92
46728.52;-103.00
46731.45;-102.92
46734.38;-102.76
46737.30;-102.69
46740.23;-102.69
46743.16;-103.08
46746.09;-103.23
46749.02;-103.23
46751.95;-103.08
46754.88;-103.08
46757.81;-102.84
46760.74;-102.84
46763.67;-102.84
46766.60;-102.76
46769.53;-102.92
46772.46;-103.31
46775.39;-103.08
46778.32;-102.92
46781.25;-102.92
46784.18;-103.00
46787.11;-102.84
46790.04;-103.16
46792.97;-103.00
46795.90;-102.84
46798.83;-102.92
46801.76;-102.84
46804.69;-102.84
46807.62;-102.92
46810.55;-102.92
46813.48;-103.16
46816.41;-103.00
46819.34;-103.00
46822.27;-103.00
46825.20;-102.84
46828.13;-102.84
46831.05;-103.08
46833.98;-102.84
46836.91;-103.00
46839.84;-102.69
46842.77;-102.53
46845.70;-103.00
46848.63;-103.16
46851.56;-102.92
46854.49;-102.76
46857.42;-102.69
46860.35;-103.00
46863.28;-103.00
46866.21;-102.92
46869.14;-102.76
46872.07;-103.00
46875.00;-103.08
46877.93;-103.16
46880.86;-102.92
46883.79;-102.92
46886.72;-102.69
46889.65;-102.76
46892.58;-103.00
46895.51;-102.76
46898.44;-102.69
46901.37;-103.00
46904.30;-102.84
46907.23;-102.84
46910.16;-102.84
46913.09;-102.92
46916.02;-102.76
46918.95;-102.76
46921.88;-103.00
46924.80;-103.00
46927.73;-103.00
46930.66;-102.76
46933.59;-103.00
46936.52;-103.23
46939.45;-103.23
46942.38;-103.00
46945.31;-102.84
46948.24;-103.08
46951.17;-102.92
46954.10;-102.76
46957.03;-102.84
46959.96;-103.08
46962.89;-103.16
46965.82;-103.00
46968.75;-102.92
46971.68;-103.00
46974.61;-102.92
46977.54;-103.00
46980.47;-102.92
46983.40;-102.92
46986.33;-103.08
46989.26;-103.16
46992.19;-103.23
46995.12;-103.16
46998.05;-102.92
47000.98;-103.00
47003.91;-103.00
47006.84;-102.92
47009.77;-102.84
47012.70;-103.08
47015.63;-102.76
47018.55;-102.84
47021.48;-103.08
47024.41;-102.92
47027.34;-103.00
47030.27;-103.00
47033.20;-102.92
47036.13;-102.84
47039.06;-102.61
47041.99;-102.84
47044.92;-103.16
47047.85;-103.00
47050.78;-103.16
47053.71;-102.92
47056.64;-102.84
47059.57;-102.84
47062.50;-102.76
47065.43;-102.92
47068.36;-103.00
47071.29;-102.92
47074.22;-102.84
47077.15;-103.08
47080.08;-103.16
47083.01;-102.84
47085.94;-102.84
47088.87;-102.84
47091.80;-102.84
47094.73;-103.00
47097.66;-103.16
47100.59;-102.76
47103.52;-102.84
47106.45;-102.69
47109.38;-102.61
47112.30;-102.76
47115.23;-102.76
47118.16;-103.00
47121.09;-103.08
47124.02;-103.08
47126.95;-102.92
47129.88;-102.92
47132.81;-103.16
47135.74;-103.00
47138.67;-103.16
47141.60;-103.08
47144.53;-103.31
47147.46;-103.16
47150.39;-102.92
47153.32;-102.92
47156.25;-102.92
47159.18;-103.16
47162.11;-102.92
47165.04;-102.76
47167.97;-102.92
47170.90;-102.76
47173.83;-103.08
47176.76;-103.00
47179.69;-102.84
47182.62;-103.00
47185.55;-103.00
47188.48;-102.92
47191.41;-102.92
47194.34;-103.16
47197.27;-103.00
47200.20;-102.76
47203.13;-103.16
47206.05;-103.16
47208.98;-103.16
47211.91;-103.16
47214.84;-102.92
47217.77;-102.92
47220.70;-102.76
47223.63;-102.76
47226.56;-102.84
47229.49;-102.84
47232.42;-103.08
47235.35;-102.61
47238.28;-102.61
47241.21;-102.84
47244.14;-103.08
47247.07;-102.84
47250.00;-102.69
47252.93;-102.76
47255.86;-103.08
47258.79;-103.00
47261.72;-102.92
47264.65;-102.84
47267.58;-103.00
47270.51;-103.00
47273.44;-102.92
47276.37;-102.92
47279.30;-103.00
47282.23;-103.00
47285.16;-103.08
47288.09;-103.00
47291.02;-102.76
47293.95;-102.92
47296.88;-103.16
47299.80;-103.00
47302.73;-102.84
47305.66;-103.08
47308.59;-103.31
47311.52;-103.31
47314.45;-103.08
47317.38;-102.84
47320.31;-102.84
47323.24;-103.00
47326.17;-103.23
47329.10;-103.08
47332.03;-103.08
47334.96;-102.76
47337.89;-102.92
47340.82;-102.76
47343.75;-102.92
47346.68;-103.00
47349.61;-103.23
47352.54;-103.23
47355.47;-102.92
47358.40;-102.84
47361.33;-102.92
47364.26;-103.00
47367.19;-102.92
47370.12;-102.69
47373.05;-102.69
47375.98;-102.76
47378.91;-103.00
47381.84;-102.76
47384.77;-102.84
47387.70;-103.23
47390.63;-103.16
47393.55;-103.00
47396.48;-102.84
47399.41;-102.76
47402.34;-103.00
47405.27;-102.92
47408.20;-103.00
47411.13;-102.76
47414.06;-103.00
47416.99;-103.00
47419.92;-102.69
47422.85;-102.69
47425.78;-102.84
47428.71;-102.92
47431.64;-102.92
47434.57;-102.76
47437.50;-102.84
47440.43;-102.84
47443.36;-102.61
47446.29;-102.92
47449.22;-103.08
47452.15;-103.00
47455.08;-103.00
47458.01;-102.84
47460.94;-102.69
47463.87;-102.84
47466.80;-102.76
47469.73;-102.92
47472.66;-103.16
47475.59;-103.08
47478.52;-103.08
47481.45;-103.00
47484.38;-103.00
47487.30;-103.00
47490.23;-103.08
47493.16;-103.00
47496.09;-102.84
47499.02;-103.00
47501.95;-103.00
47504.88;-102.84
47507.81;-102.92
47510.74;-103.08
47513.67;-103.00
47516.60;-103.00
47519.53;-102.92
47522.46;-102.92
47525.39;-103.00
47528.32;-102.76
47531.25;-102.69
47534.18;-103.00
47537.11;-103.16
47540.04;-103.16
47542.97;-103.08
47545.90;-103.00
47548.83;-102.76
47551.76;-102.61
47554.69;-103.00
47557.62;-103.00
47560.55;-102.76
47563.48;-103.00
47566.41;-102.92
47569.34;-103.00
47572.27;-103.00
47575.20;-102.84
47578.13;-102.84
47581.05;-103.00
47583.98;-103.08
47586.91;-102.92
47589.84;-102.92
47592.77;-103.08
47595.70;-103.16
47598.63;-103.00
47601.56;-102.84
47604.49;-103.00
47607.42;-103.00
47610.35;-102.92
47613.28;-102.76
47616.21;-103.00
47619.14;-102.84
47622.07;-102.76
47625.00;-102.69
47627.93;-102.76
47630.86;-102.84
47633.79;-102.84
47636.72;-102.76
47639.65;-102.84
47642.58;-102.76
47645.51;-102.92
47648.44;-103.16
47651.37;-103.08
47654.30;-102.76
47657.23;-102.45
47660.16;-102.69
47663.09;-102.84
47666.02;-102.76
47668.95;-102.69
47671.88;-102.69
47674.80;-103.00
47677.73;-102.84
47680.66;-102.76
47683.59;-102.76
47686.52;-102.92
47689.45;-102.84
47692.38;-102.76
47695.31;-103.08
47698.24;-103.16
47701.17;-102.92
47704.10;-102.69
47707.03;-102.69
47709.96;-102.76
47712.89;-102.69
47715.82;-102.76
47718.75;-102.61
47721.68;-102.69
47724.61;-102.69
47727.54;-102.92
47730.47;-102.84
47733.40;-102.69
47736.33;-102.84
47739.26;-102.69
47742.19;-102.61
47745.12;-103.08
47748.05;-103.16
47750.98;-103.08
47753.91;-103.00
47756.84;-103.00
47759.77;-102.92
47762.70;-103.00
47765.63;-103.16
47768.55;-102.92
47771.48;-102.84
47774.41;-103.00
47777.34;-102.84
47780.27;-102.84
47783.20;-102.76
47786.13;-102.84
47789.06;-103.00
47791.99;-103.16
47794.92;-103.08
47797.85;-103.08
47800.78;-102.76
47803.71;-102.76
47806.64;-102.92
47809.57;-102.76
47812.50;-102.76
47815.43;-103.00
47818.36;-103.00
47821.29;-103.16
47824.22;-103.16
47827.15;-102.92
47830.08;-102.92
47833.01;-102.76
47835.94;-103.00
47838.87;-102.84
47841.80;-103.08
47844.73;-102.84
47847.66;-102.84
47850.59;-102.92
47853.52;-102.76
47856.45;-102.76
47859.38;-102.76
47862.30;-102.61
47865.23;-102.92
47868.16;-102.76
47871.09;-102.84
47874.02;-103.08
47876.95;-103.00
47879.88;-102.84
47882.81;-103.00
47885.74;-103.08
47888.67;-102.76
47891.60;-102.69
47894.53;-102.84
47897.46;-103.23
47900.39;-103.00
47903.32;-102.76
47906.25;-102.69
47909.18;-102.92
47912.11;-103.08
47915.04;-103.08
47917.97;-102.92
47920.90;-102.92
47923.83;-102.92
47926.76;-102.84
47929.69;-102.92
47932.62;-102.69
47935.55;-103.00
47938.48;-103.16
47941.41;-103.00
47944.34;-102.92
47947.27;-102.84
47950.20;-102.84
47953.13;-103.00
47956.05;-102.76
47958.98;-102.84
47961.91;-103.00
47964.84;-102.92
47967.77;-102.92
47970.70;-103.00
47973.63;-103.00
47976.56;-102.84
47979.49;-103.16
47982.42;-103.00
47985.35;-102.84
47988.28;-102.76
47991.21;-102.76
47994.14;-102.76
47997.07;-102.92
48000.00;-102.53
48002.93;-102.69
48005.86;-103.00
48008.79;-102.92
48011.72;-102.92
48014.65;-102.69
48017.58;-102.76
48020.51;-103.00
48023.44;-103.23
48026.37;-103.08
48029.30;-103.16
48032.23;-103.00
48035.16;-102.76
48038.09;-102.92
48041.02;-103.00
48043.95;-102.84
48046.88;-102.92
48049.80;-102.84
48052.73;-103.00
48055.66;-102.92
48058.59;-102.69
48061.52;-102.84
48064.45;-103.23
48067.38;-103.00
48070.31;-102.92
48073.24;-103.16
48076.17;-103.08
48079.10;-103.00
48082.03;-103.16
48084.96;-103.16
48087.89;-102.84
48090.82;-103.08
48093.75;-103.16
48096.68;-102.76
48099.61;-102.92
48102.54;-102.92
48105.47;-102.69
48108.40;-102.84
48111.33;-102.76
48114.26;-102.92
48117.19;-102.92
48120.12;-102.76
48123.05;-102.84
48125.98;-102.92
48128.91;-102.92
48131.84;-102.84
48134.77;-103.00
48137.70;-103.31
48140.63;-103.55
48143.55;-103.23
48146.48;-102.92
48149.41;-102.92
48152.34;-103.00
48155.27;-102.84
48158.20;-102.76
48161.13;-102.53
48164.06;-102.69
48166.99;-103.00
48169.92;-102.92
48172.85;-102.84
48175.78;-102.84
48178.71;-102.84
48181.64;-102.92
48184.57;-102.92
48187.50;-103.00
48190.43;-102.84
48193.36;-102.84
48196.29;-103.00
48199.22;-102.69
48202.15;-102.76
48205.08;-102.61
48208.01;-102.92
48210.94;-102.76
48213.87;-102.84
48216.80;-102.84
48219.73;-102.76
48222.66;-102.92
48225.59;-102.84
48228.52;-102.84
48231.45;-102.76
48234.38;-102.69
48237.30;-102.84
48240.23;-102.84
48243.16;-102.76
48246.09;-102.69
48249.02;-102.61
48251.95;-102.69
48254.88;-102.61
48257.81;-102.84
48260.74;-102.76
48263.67;-102.92
48266.60;-103.00
48269.53;-103.00
48272.46;-103.08
48275.39;-102.92
48278.32;-102.69
48281.25;-103.00
48284.18;-102.92
48287.11;-103.16
48290.04;-103.16
48292.97;-103.08
48295.90;-102.92
48298.83;-102.84
48301.76;-102.84
48304.69;-103.16
48307.62;-103.39
48310.55;-103.16
48313.48;-102.84
48316.41;-102.61
48319.34;-102.69
48322.27;-103.00
48325.20;-103.08
48328.13;-103.23
48331.05;-102.92
48333.98;-102.69
48336.91;-102.92
48339.84;-103.23
48342.77;-102.92
48345.70;-102.76
48348.63;-102.76
48351.56;-103.08
48354.49;-103.08
48357.42;-103.08
48360.35;-102.61
48363.28;-102.76
48366.21;-102.69
48369.14;-103.00
48372.07;-102.92
48375.00;-103.00
48377.93;-102.84
48380.86;-102.69
48383.79;-102.69
48386.72;-103.16
48389.65;-103.23
48392.58;-102.84
48395.51;-102.37
48398.44;-102.84
48401.37;-102.92
48404.30;-102.69
48407.23;-102.84
48410.16;-102.61
48413.09;-102.69
48416.02;-102.76
48418.95;-102.76
48421.88;-102.76
48424.80;-102.76
48427.73;-102.76
48430.66;-102.76
48433.59;-102.92
48436.52;-102.92
48439.45;-102.92
48442.38;-103.00
48445.31;-102.84
48448.24;-103.23
48451.17;-103.08
48454.10;-103.00
48457.03;-102.76
48459.96;-102.84
48462.89;-102.84
48465.82;-103.08
48468.75;-102.92
48471.68;-102.84
48474.61;-102.84
48477.54;-102.76
48480.47;-102.84
48483.40;-102.76
48486.33;-102.76
48489.26;-102.76
48492.19;-102.76
48495.12;-102.84
48498.05;-102.92
48500.98;-102.84
48503.91;-102.76
48506.84;-102.84
48509.77;-103.16
48512.70;-103.08
48515.63;-103.16
48518.55;-103.31
48521.48;-103.08
48524.41;-103.00
48527.34;-103.00
48530.27;-102.53
48533.20;-102.53
48536.13;-102.69
48539.06;-102.61
48541.99;-102.92
48544.92;-103.00
48547.85;-102.76
48550.78;-102.84
48553.71;-102.92
48556.64;-102.92
48559.57;-102.76
48562.50;-102.84
48565.43;-102.92
48568.36;-102.53
48571.29;-102.76
48574.22;-102.76
48577.15;-102.76
48580.08;-103.00
48583.01;-103.16
48585.94;-102.92
48588.87;-102.76
48591.80;-103.00
48594.73;-103.31
48597.66;-103.00
48600.59;-102.69
48603.52;-103.00
48606.45;-102.92
48609.38;-102.61
48612.30;-102.76
48615.23;-103.08
48618.16;-103.16
48621.09;-103.23
48624.02;-103.00
48626.95;-102.84
48629.88;-102.69
48632.81;-102.84
48635.74;-103.08
48638.67;-103.16
48641.60;-102.84
48644.53;-102.69
48647.46;-102.61
48650.39;-102.84
48653.32;-102.69
48656.25;-102.69
48659.18;-103.16
48662.11;-102.84
48665.04;-102.84
48667.97;-102.92
48670.90;-102.92
48673.83;-102.92
48676.76;-102.69
48679.69;-102.69
48682.62;-102.69
48685.55;-103.00
48688.48;-103.23
48691.41;-103.23
48694.34;-102.92
48697.27;-102.76
48700.20;-102.69
48703.13;-102.69
48706.05;-102.53
48708.98;-102.61
48711.91;-102.53
48714.84;-102.69
48717.77;-103.23
48720.70;-103.00
48723.63;-102.84
48726.56;-103.23
48729.49;-103.39
48732.42;-103.08
48735.35;-102.92
48738.28;-103.08
48741.21;-103.00
48744.14;-102.92
48747.07;-103.16
48750.00;-103.00
48752.93;-103.16
48755.86;-103.23
48758.79;-102.84
48761.72;-102.69
48764.65;-102.92
48767.58;-102.92
48770.51;-103.08
48773.44;-102.76
48776.37;-103.00
48779.30;-103.08
48782.23;-102.84
48785.16;-102.84
48788.09;-102.84
48791.02;-102.76
48793.95;-102.76
48796.88;-102.84
48799.80;-102.92
48802.73;-103.00
48805.66;-102.92
48808.59;-103.08
48811.52;-103.00
48814.45;-103.08
48817.38;-102.92
48820.31;-102.92
48823.24;-102.92
48826.17;-102.76
48829.10;-102.69
48832.03;-102.53
48834.96;-102.69
48837.89;-102.69
48840.82;-102.92
48843.75;-102.84
48846.68;-102.84
48849.61;-102.69
48852.54;-102.92
48855.47;-103.00
48858.40;-102.92
48861.33;-102.84
48864.26;-102.76
48867.19;-102.84
48870.12;-102.61
48873.05;-102.92
48875.98;-103.16
48878.91;-102.92
48881.84;-102.69
48884.77;-102.61
48887.70;-102.84
48890.63;-102.92
48893.55;-102.84
48896.48;-102.76
48899.41;-102.84
48902.34;-103.00
48905.27;-102.84
48908.20;-102.92
48911.13;-102.84
48914.06;-103.08
48916.99;-102.92
48919.92;-102.69
48922.85;-102.69
48925.78;-102.76
48928.71;-102.76
48931.64;-102.92
48934.57;-103.00
48937.50;-103.00
48940.43;-103.00
48943.36;-102.92
48946.29;-103.16
48949.22;-103.16
48952.15;-102.53
48955.08;-102.53
48958.01;-102.61
48960.94;-102.84
48963.87;-102.84
48966.80;-102.84
48969.73;-103.00
48972.66;-103.00
48975.59;-102.84
48978.52;-102.84
48981.45;-102.84
48984.38;-103.08
48987.30;-102.92
48990.23;-102.69
48993.16;-102.76
48996.09;-102.92
48999.02;-102.92
49001.95;-102.92
49004.88;-103.08
49007.81;-103.00
49010.74;-102.92
49013.67;-102.76
49016.60;-102.92
49019.53;-103.00
49022.46;-102.84
49025.39;-102.61
49028.32;-102.92
49031.25;-102.92
49034.18;-102.92
49037.11;-102.84
49040.04;-102.76
49042.97;-102.84
49045.90;-102.92
49048.83;-102.84
49051.76;-102.76
49054.69;-103.08
49057.62;-102.92
49060.55;-102.76
49063.48;-102.61
49066.41;-102.69
49069.34;-102.84
49072.27;-103.16
49075.20;-102.92
49078.13;-102.76
49081.05;-102.84
49083.98;-102.61
49086.91;-102.76
49089.84;-102.92
49092.77;-102.84
49095.70;-102.92
49098.63;-102.92
49101.56;-103.00
49104.49;-102.84
49107.42;-102.69
49110.35;-102.76
49113.28;-102.92
49116.21;-102.84
49119.14;-103.16
49122.07;-102.92
49125.00;-102.69
49127.93;-102.84
49130.86;-103.00
49133.79;-103.08
49136.72;-103.08
49139.65;-102.69
49142.58;-102.61
49145.51;-102.45
49148.44;-102.61
49151.37;-103.08
49154.30;-103.08
49157.23;-102.92
49160.16;-102.76
49163.09;-102.92
49166.02;-102.92
49168.95;-102.84
49171.88;-102.84
49174.80;-102.84
49177.73;-102.45
49180.66;-102.61
49183.59;-102.84
49186.52;-102.69
49189.45;-102.53
49192.38;-102.76
49195.31;-102.76
49198.24;-102.84
49201.17;-102.69
49204.10;-102.76
49207.03;-102.92
49209.96;-103.00
49212.89;-103.08
49215.82;-103.00
49218.75;-102.69
49221.68;-102.61
49224.61;-102.69
49227.54;-102.76
49230.47;-102.92
49233.40;-102.76
49236.33;-102.84
49239.26;-102.76
49242.19;-102.61
49245.12;-102.76
49248.05;-103.00
49250.98;-103.00
49253.91;-103.16
49256.84;-102.92
49259.77;-102.76
49262.70;-102.69
49265.63;-102.61
49268.55;-102.61
49271.48;-102.69
49274.41;-102.69
49277.34;-102.76
49280.27;-102.84
49283.20;-102.84
49286.13;-103.00
49289.06;-103.08
49291.99;-102.92
49294.92;-103.08
49297.85;-103.08
49300.78;-103.08
49303.71;-102.84
49306.64;-102.92
49309.57;-102.76
49312.50;-102.84
49315.43;-103.08
49318.36;-103.16
49321.29;-102.92
49324.22;-102.76
49327.15;-102.92
49330.08;-103.00
49333.01;-102.92
49335.94;-102.92
49338.87;-103.08
49341.80;-102.69
49344.73;-102.61
49347.66;-102.92
49350.59;-102.92
49353.52;-102.84
49356.45;-102.61
49359.38;-102.53
49362.30;-102.84
49365.23;-103.00
49368.16;-102.92
49371.09;-103.00
49374.02;-103.08
49376.95;-102.84
49379.88;-102.92
49382.81;-102.92
49385.74;-102.84
49388.67;-102.84
49391.60;-102.76
49394.53;-102.61
49397.46;-102.69
49400.39;-102.92
49403.32;-102.84
49406.25;-102.76
49409.18;-102.84
49412.11;-102.61
49415.04;-102.69
49417.97;-102.84
49420.90;-103.16
49423.83;-103.00
49426.76;-103.08
49429.69;-103.00
49432.62;-103.08
49435.55;-102.84
49438.48;-102.76
49441.41;-103.00
49444.34;-102.76
49447.27;-103.00
49450.20;-103.08
49453.13;-102.92
49456.05;-102.92
49458.98;-102.84
49461.91;-102.92
49464.84;-103.08
49467.77;-103.00
49470.70;-102.84
49473.63;-102.92
49476.56;-102.84
49479.49;-102.84
49482.42;-102.92
49485.35;-103.00
49488.28;-102.84
49491.21;-102.92
49494.14;-102.84
49497.07;-102.84
49500.00;-102.84
49502.93;-102.92
49505.86;-102.69
49508.79;-102.69
49511.72;-102.61
49514.65;-102.69
49517.58;-102.76
49520.51;-102.76
49523.44;-102.84
49526.37;-102.61
49529.30;-102.69
49532.23;-103.16
49535.16;-103.16
49538.09;-102.92
49541.02;-102.92
49543.95;-102.92
49546.88;-102.61
49549.80;-102.76
49552.73;-102.76
49555.66;-102.76
49558.59;-102.84
49561.52;-102.92
49564.45;-102.84
49567.38;-102.84
49570.31;-102.76
49573.24;-102.76
49576.17;-102.76
49579.10;-103.00
49582.03;-102.84
49584.96;-102.76
49587.89;-102.76
49590.82;-102.92
49593.75;-103.16
49596.68;-103.00
49599.61;-103.08
49602.54;-102.69
49605.47;-102.76
49608.40;-102.92
49611.33;-103.16
49614.26;-103.00
49617.19;-102.76
49620.12;-103.00
49623.05;-102.92
49625.98;-102.92
49628.91;-102.92
49631.84;-102.84
49634.77;-102.92
49637.70;-102.84
49640.63;-102.69
49643.55;-102.69
49646.48;-102.76
49649.41;-102.92
49652.34;-102.76
49655.27;-102.61
49658.20;-102.92
49661.13;-103.16
49664.06;-102.84
49666.99;-102.92
49669.92;-102.92
49672.85;-102.76
49675.78;-102.76
49678.71;-102.76
49681.64;-102.76
49684.57;-102.76
49687.50;-102.69
49690.43;-102.53
49693.36;-102.69
49696.29;-102.76
49699.22;-102.92
49702.15;-103.08
49705.08;-103.08
49708.01;-102.69
49710.94;-102.92
49713.87;-102.84
49716.80;-102.84
49719.73;-103.00
49722.66;-102.84
49725.59;-102.61
49728.52;-102.76
49731.45;-102.76
49734.38;-102.84
49737.30;-103.00
49740.23;-102.76
49743.16;-102.84
49746.09;-102.84
49749.02;-102.92
49751.95;-103.08
49754.88;-102.84
49757.81;-102.61
49760.74;-102.69
49763.67;-102.84
49766.60;-102.92
49769.53;-103.00
49772.46;-103.08
49775.39;-102.92
49778.32;-102.92
49781.25;-102.53
49784.18;-102.69
49787.11;-102.76
49790.04;-102.61
49792.97;-102.53
49795.90;-102.45
49798.83;-102.69
49801.76;-102.92
49804.69;-102.76
49807.62;-102.84
49810.55;-102.92
49813.48;-102.76
49816.41;-102.76
49819.34;-103.00
49822.27;-102.84
49825.20;-102.92
49828.13;-102.92
49831.05;-102.76
49833.98;-102.92
49836.91;-103.16
49839.84;-103.00
49842.77;-102.69
49845.70;-102.84
49848.63;-102.84
49851.56;-102.92
49854.49;-103.08
49857.42;-102.69
49860.35;-102.45
49863.28;-102.37
49866.21;-102.61
49869.14;-102.84
49872.07;-102.61
49875.00;-102.69
49877.93;-103.08
49880.86;-103.08
49883.79;-102.61
49886.72;-102.76
49889.65;-103.00
49892.58;-102.84
49895.51;-102.69
49898.44;-102.53
49901.37;-102.84
49904.30;-102.76
49907.23;-102.45
49910.16;-102.61
49913.09;-102.92
49916.02;-102.76
49918.95;-102.69
49921.88;-102.84
49924.80;-102.92
49927.73;-102.76
49930.66;-102.61
49933.59;-102.69
49936.52;-103.08
49939.45;-103.23
49942.38;-103.23
49945.31;-103.23
49948.24;-103.08
49951.17;-102.92
49954.10;-103.08
49957.03;-103.16
49959.96;-103.16
49962.89;-103.23
49965.82;-102.92
49968.75;-102.69
49971.68;-102.61
49974.61;-102.84
49977.54;-102.92
49980.47;-102.53
49983.40;-102.84
49986.33;-102.53
49989.26;-102.69
49992.19;-102.76
49995.12;-102.45
49998.05;-102.69
50000.98;-102.92
50003.91;-103.00
50006.84;-102.76
50009.77;-102.84
50012.70;-102.92
50015.63;-102.76
50018.55;-102.92
50021.48;-102.84
50024.41;-102.76
50027.34;-102.84
50030.27;-102.84
50033.20;-102.84
50036.13;-102.69
50039.06;-102.69
50041.99;-102.61
50044.92;-102.84
50047.85;-102.69
50050.78;-102.69
50053.71;-102.76
50056.64;-103.00
50059.57;-102.92
50062.50;-103.00
50065.43;-102.69
50068.36;-102.45
50071.29;-102.61
50074.22;-102.69
50077.15;-102.76
50080.08;-102.61
50083.01;-102.61
50085.94;-102.69
50088.87;-102.76
50091.80;-102.84
50094.73;-102.92
50097.66;-102.84
50100.59;-102.84
50103.52;-102.84
50106.45;-103.08
50109.38;-103.00
50112.30;-102.84
50115.23;-103.08
50118.16;-103.08
50121.09;-103.00
50124.02;-103.00
50126.95;-103.08
50129.88;-102.84
50132.81;-102.76
50135.74;-102.61
50138.67;-102.53
50141.60;-102.69
50144.53;-102.84
50147.46;-102.84
50150.39;-102.92
50153.32;-103.00
50156.25;-102.76
50159.18;-102.76
50162.11;-102.84
50165.04;-102.92
50167.97;-102.76
50170.90;-102.92
50173.83;-102.84
50176.76;-102.76
50179.69;-102.69
50182.62;-102.69
50185.55;-102.92
50188.48;-102.84
50191.41;-102.92
50194.34;-102.76
50197.27;-102.45
50200.20;-102.45
50203.13;-102.53
50206.05;-102.76
50208.98;-102.69
50211.91;-102.76
50214.84;-102.69
50217.77;-102.61
50220.70;-102.76
50223.63;-102.69
50226.56;-102.76
50229.49;-103.00
50232.42;-103.08
50235.35;-103.00
50238.28;-103.00
50241.21;-102.69
50244.14;-102.69
50247.07;-102.61
50250.00;-102.69
50252.93;-102.84
50255.86;-102.76
50258.79;-102.61
50261.72;-102.84
50264.65;-102.84
50267.58;-103.16
50270.51;-102.92
50273.44;-102.76
50276.37;-102.61
50279.30;-102.76
50282.23;-102.92
50285.16;-102.92
50288.09;-102.76
50291.02;-102.92
50293.95;-102.92
50296.88;-103.08
50299.80;-102.76
50302.73;-102.76
50305.66;-102.76
50308.59;-102.92
50311.52;-102.76
50314.45;-102.69
50317.38;-102.69
50320.31;-102.92
50323.24;-103.00
50326.17;-102.92
50329.10;-103.31
50332.03;-103.31
50334.96;-103.16
50337.89;-103.00
50340.82;-102.76
50343.75;-102.69
50346.68;-102.76
50349.61;-103.00
50352.54;-102.69
50355.47;-102.61
50358.40;-102.69
50361.33;-102.61
50364.26;-102.61
50367.19;-102.61
50370.12;-102.76
50373.05;-103.08
50375.98;-102.84
50378.91;-102.69
50381.84;-102.84
50384.77;-102.92
50387.70;-103.00
50390.63;-102.84
50393.55;-102.69
50396.48;-102.76
50399.41;-102.61
50402.34;-102.69
50405.27;-102.92
50408.20;-102.76
50411.13;-102.84
50414.06;-102.76
50416.99;-103.08
50419.92;-103.08
50422.85;-102.84
50425.78;-102.53
50428.71;-102.69
50431.64;-102.84
50434.57;-102.76
50437.50;-103.08
50440.43;-103.31
50443.36;-103.00
50446.29;-102.76
50449.22;-102.76
50452.15;-102.76
50455.08;-102.84
50458.01;-102.84
50460.94;-103.16
50463.87;-103.00
50466.80;-102.84
50469.73;-102.84
50472.66;-102.76
50475.59;-102.61
50478.52;-102.53
50481.45;-102.76
50484.38;-102.76
50487.30;-102.84
50490.23;-102.76
50493.16;-102.69
50496.09;-102.76
50499.02;-102.76
50501.95;-102.92
50504.88;-102.92
50507.81;-103.08
50510.74;-103.00
50513.67;-102.69
50516.60;-102.69
50519.53;-102.69
50522.46;-102.76
50525.39;-102.84
50528.32;-102.84
50531.25;-102.76
50534.18;-102.61
50537.11;-102.92
50540.04;-102.92
50542.97;-102.53
50545.90;-102.69
50548.83;-102.69
50551.76;-102.69
50554.69;-103.00
50557.62;-103.08
50560.55;-102.76
50563.48;-102.69
50566.41;-102.84
50569.34;-103.00
50572.27;-103.00
50575.20;-102.76
50578.13;-102.84
50581.05;-103.00
50583.98;-102.69
50586.91;-102.76
50589.84;-102.61
50592.77;-102.61
50595.70;-102.45
50598.63;-102.69
50601.56;-102.92
50604.49;-103.00
50607.42;-103.00
50610.35;-103.00
50613.28;-102.92
50616.21;-102.69
50619.14;-102.69
50622.07;-102.84
50625.00;-103.00
50627.93;-102.92
50630.86;-102.84
50633.79;-102.69
50636.72;-102.30
50639.65;-102.53
50642.58;-102.69
50645.51;-102.61
50648.44;-102.61
50651.37;-102.76
50654.30;-103.08
50657.23;-102.76
50660.16;-102.84
50663.09;-102.76
50666.02;-102.61
50668.95;-102.84
50671.88;-102.76
50674.80;-102.92
50677.73;-102.76
50680.66;-102.76
50683.59;-102.69
50686.52;-103.00
50689.45;-102.69
50692.38;-102.84
50695.31;-102.69
50698.24;-102.69
50701.17;-102.61
50704.10;-102.84
50707.03;-102.84
50709.96;-102.84
50712.89;-102.76
50715.82;-102.92
50718.75;-102.84
50721.68;-102.69
50724.61;-102.76
50727.54;-102.69
50730.47;-102.76
50733.40;-102.69
50736.33;-102.61
50739.26;-102.76
50742.19;-102.92
50745.12;-103.00
50748.05;-102.53
50750.98;-102.61
50753.91;-102.76
50756.84;-102.76
50759.77;-102.76
50762.70;-102.92
50765.63;-102.76
50768.55;-102.92
50771.48;-103.00
50774.41;-102.61
50777.34;-102.92
50780.27;-102.76
50783.20;-102.76
50786.13;-102.61
50789.06;-102.84
50791.99;-102.92
50794.92;-102.84
50797.85;-102.69
50800.78;-102.61
50803.71;-102.69
50806.64;-103.08
50809.57;-102.92
50812.50;-102.69
50815.43;-103.00
50818.36;-103.08
50821.29;-102.92
50824.22;-102.84
50827.15;-102.84
50830.08;-103.00
50833.01;-102.84
50835.94;-102.76
50838.87;-102.84
50841.80;-102.76
50844.73;-102.61
50847.66;-102.61
50850.59;-102.92
50853.52;-102.92
50856.45;-102.76
50859.38;-102.84
50862.30;-102.69
50865.23;-102.69
50868.16;-102.84
50871.09;-102.61
50874.02;-102.53
50876.95;-102.69
50879.88;-102.84
50882.81;-102.69
50885.74;-102.30
50888.67;-102.76
50891.60;-102.76
50894.53;-102.92
50897.46;-102.92
50900.39;-103.00
50903.32;-102.92
50906.25;-102.69
50909.18;-102.69
50912.11;-102.45
50915.04;-102.53
50917.97;-102.76
50920.90;-102.76
50923.83;-102.53
50926.76;-102.76
50929.69;-102.84
50932.62;-102.45
50935.55;-102.84
50938.48;-103.23
50941.41;-102.76
50944.34;-102.45
50947.27;-102.53
50950.20;-102.69
50953.13;-102.84
50956.05;-103.00
50958.98;-102.84
50961.91;-102.76
50964.84;-102.76
50967.77;-102.45
50970.70;-102.76
50973.63;-102.76
50976.56;-102.69
50979.49;-102.69
50982.42;-102.84
50985.35;-102.84
50988.28;-102.69
50991.21;-102.76
50994.14;-102.84
50997.07;-102.92
51000.00;-102.92
51002.93;-102.92
51005.86;-102.76
51008.79;-102.84
51011.72;-102.76
51014.65;-102.84
51017.58;-103.00
51020.51;-102.76
51023.44;-102.84
51026.37;-102.92
51029.30;-102.76
51032.23;-102.69
51035.16;-102.61
51038.09;-102.53
51041.02;-102.53
51043.95;-102.92
51046.88;-103.00
51049.80;-102.84
51052.73;-102.92
51055.66;-102.92
51058.59;-102.92
51061.52;-102.76
51064.45;-102.61
51067.38;-102.61
51070.31;-102.76
51073.24;-102.53
51076.17;-102.69
51079.10;-102.84
51082.03;-102.69
51084.96;-102.69
51087.89;-102.61
51090.82;-102.45
51093.75;-102.76
51096.68;-102.92
51099.61;-102.69
51102.54;-102.69
51105.47;-102.53
51108.40;-102.30
51111.33;-102.53
51114.26;-102.69
51117.19;-102.69
51120.12;-102.69
51123.05;-102.84
51125.98;-102.92
51128.91;-102.76
51131.84;-103.16
51134.77;-102.92
51137.70;-102.76
51140.63;-102.84
51143.55;-103.00
51146.48;-102.76
51149.41;-102.61
51152.34;-102.84
51155.27;-102.69
51158.20;-102.76
51161.13;-102.76
51164.06;-102.69
51166.99;-102.69
51169.92;-102.76
51172.85;-102.61
51175.78;-102.69
51178.71;-102.84
51181.64;-102.76
51184.57;-102.76
51187.50;-102.69
51190.43;-102.69
51193.36;-102.76
51196.29;-102.84
51199.22;-102.84
51202.15;-102.92
51205.08;-102.92
51208.01;-102.84
51210.94;-102.84
51213.87;-102.76
51216.80;-102.53
51219.73;-102.61
51222.66;-102.84
51225.59;-103.08
51228.52;-102.92
51231.45;-102.92
51234.38;-102.76
51237.30;-102.92
51240.23;-102.61
51243.16;-102.76
51246.09;-102.69
51249.02;-102.76
51251.95;-103.00
51254.88;-102.84
51257.81;-102.92
51260.74;-102.84
51263.67;-102.69
51266.60;-102.53
51269.53;-102.61
51272.46;-102.84
51275.39;-102.76
51278.32;-102.61
51281.25;-102.84
51284.18;-102.69
51287.11;-102.92
51290.04;-102.92
51292.97;-102.61
51295.90;-102.61
51298.83;-102.76
51301.76;-102.76
51304.69;-102.84
51307.62;-102.92
51310.55;-102.84
51313.48;-102.69
51316.41;-102.69
51319.34;-102.61
51322.27;-102.69
51325.20;-102.69
51328.13;-102.84
51331.05;-102.76
51333.98;-102.61
51336.91;-103.00
51339.84;-103.00
51342.77;-103.00
51345.70;-102.92
51348.63;-102.76
51351.56;-102.76
51354.49;-102.53
51357.42;-102.84
51360.35;-102.61
51363.28;-102.84
51366.21;-103.16
51369.14;-102.69
51372.07;-102.84
51375.00;-102.61
51377.93;-102.37
51380.86;-102.45
51383.79;-102.45
51386.72;-102.76
51389.65;-102.69
51392.58;-102.69
51395.51;-102.53
51398.44;-102.53
51401.37;-102.45
51404.30;-102.61
51407.23;-102.92
51410.16;-102.92
51413.09;-102.84
51416.02;-102.69
51418.95;-102.69
51421.88;-102.53
51424.80;-102.69
51427.73;-102.69
51430.66;-102.69
51433.59;-102.76
51436.52;-102.84
51439.45;-102.69
51442.38;-102.61
51445.31;-102.53
51448.24;-102.61
51451.17;-102.76
51454.10;-102.53
51457.03;-102.53
51459.96;-102.84
51462.89;-102.69
51465.82;-102.45
51468.75;-102.45
51471.68;-102.61
51474.61;-102.61
51477.54;-102.69
51480.47;-102.61
51483.40;-102.61
51486.33;-102.76
51489.26;-102.76
51492.19;-103.00
51495.12;-102.92
51498.05;-102.84
51500.98;-102.69
51503.91;-102.84
51506.84;-102.69
51509.77;-102.69
51512.70;-102.61
51515.63;-102.61
51518.55;-102.84
51521.48;-102.84
51524.41;-102.84
51527.34;-102.84
51530.27;-102.84
51533.20;-102.92
51536.13;-103.00
51539.06;-103.00
51541.99;-102.84
51544.92;-102.76
51547.85;-102.84
51550.78;-102.84
51553.71;-102.76
51556.64;-102.45
51559.57;-102.45
51562.50;-102.69
51565.43;-102.84
51568.36;-102.61
51571.29;-102.61
51574.22;-102.53
51577.15;-102.53
51580.08;-102.45
51583.01;-102.61
51585.94;-102.61
51588.87;-102.61
51591.80;-102.92
51594.73;-102.76
51597.66;-102.61
51600.59;-102.69
51603.52;-102.92
51606.45;-102.92
51609.38;-102.69
51612.30;-102.69
51615.23;-102.76
51618.16;-103.00
51621.09;-102.69
51624.02;-102.53
51626.95;-102.69
51629.88;-102.69
51632.81;-102.92
51635.74;-102.92
51638.67;-103.00
51641.60;-103.08
51644.53;-102.92
51647.46;-102.69
51650.39;-102.92
51653.32;-102.84
51656.25;-102.84
51659.18;-102.84
51662.11;-102.84
51665.04;-102.76
51667.97;-102.61
51670.90;-102.76
51673.83;-103.08
51676.76;-102.92
51679.69;-102.92
51682.62;-102.76
51685.55;-102.69
51688.48;-102.61
51691.41;-102.69
51694.34;-102.84
51697.27;-102.76
51700.20;-103.00
51703.13;-102.84
51706.05;-102.84
51708.98;-102.76
51711.91;-102.76
51714.84;-102.45
51717.77;-102.53
51720.70;-102.45
51723.63;-102.53
51726.56;-102.69
51729.49;-102.84
51732.42;-102.84
51735.35;-102.53
51738.28;-102.69
51741.21;-102.69
51744.14;-102.53
51747.07;-102.76
51750.00;-103.00
51752.93;-102.76
51755.86;-102.61
51758.79;-102.53
51761.72;-102.76
51764.65;-102.84
51767.58;-102.92
51770.51;-102.84
51773.44;-102.61
51776.37;-102.30
51779.30;-102.37
51782.23;-102.69
51785.16;-102.61
51788.09;-102.84
51791.02;-103.00
51793.95;-102.69
51796.88;-102.53
51799.80;-102.53
51802.73;-103.00
51805.66;-103.00
51808.59;-102.69
51811.52;-102.69
51814.45;-102.76
51817.38;-102.69
51820.31;-102.92
51823.24;-103.08
51826.17;-102.69
51829.10;-102.53
51832.03;-102.76
51834.96;-102.92
51837.89;-102.92
51840.82;-102.69
51843.75;-102.76
51846.68;-102.84
51849.61;-102.92
51852.54;-102.92
51855.47;-102.84
51858.40;-102.69
51861.33;-102.92
51864.26;-103.00
51867.19;-102.76
51870.12;-102.69
51873.05;-103.08
51875.98;-103.00
51878.91;-103.08
51881.84;-103.08
51884.77;-102.69
51887.70;-102.76
51890.63;-103.31
51893.55;-102.84
51896.48;-102.76
51899.41;-102.92
51902.34;-102.61
51905.27;-102.69
51908.20;-102.61
51911.13;-102.76
51914.06;-102.92
51916.99;-103.00
51919.92;-103.00
51922.85;-102.76
51925.78;-102.76
51928.71;-102.84
51931.64;-102.92
51934.57;-102.84
51937.50;-102.76
51940.43;-102.53
51943.36;-102.69
51946.29;-102.92
51949.22;-102.76
51952.15;-102.84
51955.08;-102.76
51958.01;-102.76
51960.94;-102.53
51963.87;-102.45
51966.80;-102.45
51969.73;-102.69
51972.66;-102.53
51975.59;-102.53
51978.52;-102.76
51981.45;-102.76
51984.38;-102.76
51987.30;-102.61
51990.23;-102.53
51993.16;-102.69
51996.09;-102.69
51999.02;-103.00
52001.95;-103.00
52004.88;-102.84
52007.81;-102.69
52010.74;-102.61
52013.67;-102.76
52016.60;-102.76
52019.53;-102.53
52022.46;-102.61
52025.39;-102.84
52028.32;-102.76
52031.25;-103.00
52034.18;-102.76
52037.11;-102.76
52040.04;-102.76
52042.97;-102.69
52045.90;-102.61
52048.83;-102.53
52051.76;-102.76
52054.69;-102.69
52057.62;-102.61
52060.55;-102.45
52063.48;-102.69
52066.41;-102.92
52069.34;-102.92
52072.27;-102.84
52075.20;-102.69
52078.13;-102.53
52081.05;-102.53
52083.98;-102.61
52086.91;-102.69
52089.84;-102.84
52092.77;-102.76
52095.70;-102.61
52098.63;-102.76
52101.56;-102.76
52104.49;-102.53
52107.42;-102.84
52110.35;-102.92
52113.28;-102.69
52116.21;-102.76
52119.14;-102.92
52122.07;-102.69
52125.00;-102.69
52127.93;-102.84
52130.86;-102.69
52133.79;-102.53
52136.72;-102.45
52139.65;-102.69
52142.58;-102.69
52145.51;-102.61
52148.44;-102.76
52151.37;-102.92
52154.30;-102.69
52157.23;-102.45
52160.16;-102.53
52163.09;-102.76
52166.02;-102.45
52168.95;-102.45
52171.88;-102.53
52174.80;-102.45
52177.73;-102.61
52180.66;-102.84
52183.59;-102.92
52186.52;-102.92
52189.45;-102.84
52192.38;-102.61
52195.31;-102.53
52198.24;-102.69
52201.17;-102.37
52204.10;-102.53
52207.03;-103.00
52209.96;-102.92
52212.89;-102.53
52215.82;-102.61
52218.75;-102.84
52221.68;-102.76
52224.61;-102.53
52227.54;-102.45
52230.47;-102.84
52233.40;-102.92
52236.33;-102.69
52239.26;-102.30
52242.19;-102.45
52245.12;-102.76
52248.05;-102.84
52250.98;-102.61
52253.91;-102.61
52256.84;-102.69
52259.77;-102.69
52262.70;-102.76
52265.63;-103.00
52268.55;-103.00
52271.48;-102.76
52274.41;-102.61
52277.34;-102.69
52280.27;-102.69
52283.20;-102.69
52286.13;-102.61
52289.06;-102.53
52291.99;-102.61
52294.92;-102.84
52297.85;-102.76
52300.78;-102.76
52303.71;-102.69
52306.64;-102.92
52309.57;-102.84
52312.50;-102.76
52315.43;-103.16
52318.36;-103.08
52321.29;-102.76
52324.22;-102.69
52327.15;-102.69
52330.08;-102.76
52333.01;-102.84
52335.94;-102.92
52338.87;-102.76
52341.80;-102.76
52344.73;-102.84
52347.66;-102.84
52350.59;-102.84
52353.52;-102.61
52356.45;-102.61
52359.38;-102.69
52362.30;-102.84
52365.23;-102.76
52368.16;-102.84
52371.09;-103.08
52374.02;-102.92
52376.95;-102.76
52379.88;-102.84
52382.81;-102.84
52385.74;-102.76
52388.67;-102.76
52391.60;-102.69
52394.53;-102.92
52397.46;-102.84
52400.39;-102.69
52403.32;-102.69
52406.25;-102.53
52409.18;-102.76
52412.11;-102.76
52415.04;-102.92
52417.97;-102.61
52420.90;-102.69
52423.83;-102.92
52426.76;-102.76
52429.69;-102.69
52432.62;-102.92
52435.55;-102.76
52438.48;-102.76
52441.41;-102.45
52444.34;-102.53
52447.27;-102.61
52450.20;-102.53
52453.13;-102.53
52456.05;-102.76
52458.98;-103.16
52461.91;-103.31
52464.84;-102.84
52467.77;-102.37
52470.70;-102.61
52473.63;-102.92
52476.56;-102.84
52479.49;-102.76
52482.42;-102.61
52485.35;-102.53
52488.28;-102.76
52491.21;-102.37
52494.14;-102.45
52497.07;-102.61
52500.00;-102.84
52502.93;-103.00
52505.86;-102.61
52508.79;-102.61
52511.72;-102.76
52514.65;-102.92
52517.58;-102.84
52520.51;-102.61
52523.44;-102.61
52526.37;-103.00
52529.30;-102.76
52532.23;-102.61
52535.16;-102.61
52538.09;-102.69
52541.02;-102.84
52543.95;-102.53
52546.88;-102.37
52549.80;-102.37
52552.73;-102.45
52555.66;-102.69
52558.59;-102.69
52561.52;-102.69
52564.45;-102.30
52567.38;-102.69
52570.31;-102.76
52573.24;-102.61
52576.17;-102.69
52579.10;-102.76
52582.03;-102.76
52584.96;-102.76
52587.89;-102.61
52590.82;-102.69
52593.75;-102.61
52596.68;-102.84
52599.61;-102.69
52602.54;-102.61
52605.47;-102.69
52608.40;-102.84
52611.33;-103.08
52614.26;-102.84
52617.19;-102.84
52620.12;-102.84
52623.05;-102.76
52625.98;-102.76
52628.91;-102.53
52631.84;-102.69
52634.77;-102.69
52637.70;-102.61
52640.63;-102.61
52643.55;-102.61
52646.48;-102.69
52649.41;-102.45
52652.34;-102.69
52655.27;-103.00
52658.20;-103.00
52661.13;-103.00
52664.06;-102.92
52666.99;-102.76
52669.92;-102.61
52672.85;-102.76
52675.78;-102.69
52678.71;-102.76
52681.64;-102.61
52684.57;-102.61
52687.50;-102.53
52690.43;-102.45
52693.36;-102.61
52696.29;-102.69
52699.22;-102.37
52702.15;-102.37
52705.08;-102.61
52708.01;-102.92
52710.94;-102.84
52713.87;-102.45
52716.80;-102.53
52719.73;-102.69
52722.66;-102.69
52725.59;-102.92
52728.52;-102.76
52731.45;-102.61
52734.38;-102.61
52737.30;-102.53
52740.23;-102.76
52743.16;-102.84
52746.09;-102.61
52749.02;-102.61
52751.95;-102.84
52754.88;-102.61
52757.81;-102.84
52760.74;-102.84
52763.67;-102.76
52766.60;-102.76
52769.53;-102.76
52772.46;-102.84
52775.39;-102.84
52778.32;-102.84
52781.25;-102.69
52784.18;-102.92
52787.11;-102.92
52790.04;-102.69
52792.97;-102.45
52795.90;-102.61
52798.83;-102.61
52801.76;-102.76
52804.69;-103.00
52807.62;-102.84
52810.55;-102.69
52813.48;-102.61
52816.41;-102.61
52819.34;-102.61
52822.27;-102.69
52825.20;-103.00
52828.13;-103.00
52831.05;-103.00
52833.98;-102.61
52836.91;-102.61
52839.84;-102.69
52842.77;-102.45
52845.70;-102.53
52848.63;-102.61
52851.56;-102.69
52854.49;-102.69
52857.42;-102.76
52860.35;-102.69
52863.28;-102.76
52866.21;-102.84
52869.14;-102.92
52872.07;-102.84
52875.00;-102.69
52877.93;-102.61
52880.86;-102.61
52883.79;-102.61
52886.72;-102.69
52889.65;-102.69
52892.58;-102.69
52895.51;-102.61
52898.44;-102.76
52901.37;-102.84
52904.30;-102.76
52907.23;-102.45
52910.16;-102.53
52913.09;-102.69
52916.02;-102.76
52918.95;-102.53
52921.88;-102.84
52924.80;-102.76
52927.73;-102.76
52930.66;-102.69
52933.59;-102.30
52936.52;-102.61
52939.45;-102.92
52942.38;-102.76
52945.31;-102.69
52948.24;-102.53
52951.17;-102.45
52954.10;-102.61
52957.03;-102.76
52959.96;-102.37
52962.89;-102.45
52965.82;-102.69
52968.75;-102.69
52971.68;-102.76
52974.61;-102.84
52977.54;-102.84
52980.47;-102.45
52983.40;-102.61
52986.33;-102.76
52989.26;-102.76
52992.19;-102.45
52995.12;-102.30
52998.05;-102.45
53000.98;-102.69
53003.91;-102.69
53006.84;-102.84
53009.77;-103.00
53012.70;-102.92
53015.63;-102.61
53018.55;-102.76
53021.48;-102.76
53024.41;-102.61
53027.34;-102.53
53030.27;-102.84
53033.20;-102.76
53036.13;-102.53
53039.06;-102.45
53041.99;-102.53
53044.92;-102.76
53047.85;-103.00
53050.78;-103.00
53053.71;-102.84
53056.64;-102.69
53059.57;-103.00
53062.50;-103.08
53065.43;-103.00
53068.36;-102.92
53071.29;-102.61
53074.22;-102.76
53077.15;-102.92
53080.08;-103.00
53083.01;-102.84
53085.94;-102.53
53088.87;-102.84
53091.80;-102.76
53094.73;-102.45
53097.66;-102.61
53100.59;-102.53
53103.52;-102.61
53106.45;-102.53
53109.38;-102.45
53112.30;-102.53
53115.23;-102.61
53118.16;-102.69
53121.09;-102.45
53124.02;-102.30
53126.95;-102.45
53129.88;-102.53
53132.81;-102.61
53135.74;-102.76
53138.67;-102.76
53141.60;-102.92
53144.53;-102.84
53147.46;-102.61
53150.39;-102.69
53153.32;-102.69
53156.25;-102.76
53159.18;-102.76
53162.11;-102.69
53165.04;-102.92
53167.97;-102.84
53170.90;-102.76
53173.83;-102.61
53176.76;-102.76
53179.69;-102.61
53182.62;-102.76
53185.55;-102.84
53188.48;-102.61
53191.41;-102.53
53194.34;-102.53
53197.27;-102.53
53200.20;-102.53
53203.13;-102.76
53206.05;-102.69
53208.98;-102.76
53211.91;-102.61
53214.84;-102.61
53217.77;-102.45
53220.70;-102.45
53223.63;-102.53
53226.56;-102.76
53229.49;-102.84
53232.42;-102.84
53235.35;-102.92
53238.28;-102.69
53241.21;-102.69
53244.14;-102.69
53247.07;-102.76
53250.00;-102.84
53252.93;-102.69
53255.86;-102.92
53258.79;-103.16
53261.72;-103.00
53264.65;-102.61
53267.58;-102.76
53270.51;-102.76
53273.44;-102.53
53276.37;-102.69
53279.30;-102.76
53282.23;-102.69
53285.16;-102.76
53288.09;-102.61
53291.02;-102.53
53293.95;-102.45
53296.88;-102.53
53299.80;-102.53
53302.73;-102.61
53305.66;-103.00
53308.59;-102.76
53311.52;-102.76
53314.45;-102.84
53317.38;-102.76
53320.31;-102.69
53323.24;-102.76
53326.17;-102.61
53329.10;-102.76
53332.03;-102.69
53334.96;-102.22
53337.89;-102.30
53340.82;-102.14
53343.75;-102.30
53346.68;-102.45
53349.61;-102.76
53352.54;-102.69
53355.47;-102.76
53358.40;-102.84
53361.33;-102.69
53364.26;-102.76
53367.19;-102.76
53370.12;-102.53
53373.05;-102.22
53375.98;-102.30
53378.91;-102.69
53381.84;-102.92
53384.77;-102.76
53387.70;-102.76
53390.63;-102.84
53393.55;-102.61
53396.48;-102.76
53399.41;-102.61
53402.34;-102.45
53405.27;-102.61
53408.20;-102.61
53411.13;-102.61
53414.06;-102.61
53416.99;-102.53
53419.92;-102.30
53422.85;-102.45
53425.78;-102.84
53428.71;-102.84
53431.64;-102.69
53434.57;-102.37
53437.50;-102.69
53440.43;-102.84
53443.36;-102.69
53446.29;-102.84
53449.22;-102.84
53452.15;-102.45
53455.08;-102.76
53458.01;-102.84
53460.94;-102.84
53463.87;-102.92
53466.80;-102.92
53469.73;-102.84
53472.66;-102.61
53475.59;-102.37
53478.52;-102.37
53481.45;-102.53
53484.38;-102.45
53487.30;-102.53
53490.23;-102.69
53493.16;-102.69
53496.09;-102.61
53499.02;-102.69
53501.95;-102.76
53504.88;-102.76
53507.81;-102.61
53510.74;-102.76
53513.67;-103.00
53516.60;-102.69
53519.53;-102.69
53522.46;-102.76
53525.39;-102.84
53528.32;-102.84
53531.25;-102.92
53534.18;-102.76
53537.11;-102.84
53540.04;-102.84
53542.97;-102.53
53545.90;-102.69
53548.83;-102.53
53551.76;-102.69
53554.69;-102.69
53557.62;-102.76
53560.55;-102.69
53563.48;-102.45
53566.41;-102.37
53569.34;-102.84
53572.27;-102.76
53575.20;-102.61
53578.13;-102.53
53581.05;-102.37
53583.98;-102.69
53586.91;-102.61
53589.84;-102.76
53592.77;-102.69
53595.70;-102.37
53598.63;-102.37
53601.56;-102.76
53604.49;-102.69
53607.42;-102.53
53610.35;-102.53
53613.28;-102.53
53616.21;-102.69
53619.14;-102.61
53622.07;-102.92
53625.00;-102.84
53627.93;-102.61
53630.86;-102.61
53633.79;-102.61
53636.72;-102.61
53639.65;-102.84
53642.58;-102.92
53645.51;-102.76
53648.44;-102.69
53651.37;-102.61
53654.30;-102.69
53657.23;-102.61
53660.16;-102.53
53663.09;-102.22
53666.02;-102.30
53668.95;-102.69
53671.88;-102.61
53674.80;-102.53
53677.73;-102.76
53680.66;-103.00
53683.59;-103.00
53686.52;-102.84
53689.45;-102.69
53692.38;-102.53
53695.31;-102.61
53698.24;-102.53
53701.17;-102.45
53704.10;-102.45
53707.03;-102.61
53709.96;-102.61
53712.89;-102.76
53715.82;-102.84
53718.75;-102.84
53721.68;-102.61
53724.61;-102.45
53727.54;-102.61
53730.47;-102.69
53733.40;-102.61
53736.33;-102.76
53739.26;-102.76
53742.19;-102.84
53745.12;-102.61
53748.05;-102.37
53750.98;-102.69
53753.91;-102.84
53756.84;-102.53
53759.77;-102.69
53762.70;-102.53
53765.63;-102.53
53768.55;-102.84
53771.48;-103.00
53774.41;-102.84
53777.34;-102.45
53780.27;-102.53
53783.20;-102.45
53786.13;-102.69
53789.06;-102.92
53791.99;-102.61
53794.92;-102.45
53797.85;-102.61
53800.78;-102.61
53803.71;-102.69
53806.64;-102.76
53809.57;-102.76
53812.50;-102.76
53815.43;-102.61
53818.36;-102.61
53821.29;-102.69
53824.22;-102.61
53827.15;-102.76
53830.08;-102.76
53833.01;-102.76
53835.94;-102.69
53838.87;-102.92
53841.80;-103.31
53844.73;-102.84
53847.66;-102.61
53850.59;-102.69
53853.52;-102.45
53856.45;-102.30
53859.38;-102.45
53862.30;-102.45
53865.23;-102.84
53868.16;-103.08
53871.09;-102.92
53874.02;-102.84
53876.95;-102.69
53879.88;-102.76
53882.81;-103.00
53885.74;-102.76
53888.67;-102.69
53891.60;-102.76
53894.53;-102.92
53897.46;-102.61
53900.39;-102.45
53903.32;-102.53
53906.25;-102.69
53909.18;-103.08
53912.11;-103.08
53915.04;-102.69
53917.97;-102.69
53920.90;-102.69
53923.83;-102.76
53926.76;-102.76
53929.69;-102.76
53932.62;-102.45
53935.55;-102.45
53938.48;-102.53
53941.41;-102.69
53944.34;-102.69
53947.27;-102.69
53950.20;-102.76
53953.13;-102.45
53956.05;-102.45
53958.98;-102.69
53961.91;-102.61
53964.84;-102.69
53967.77;-102.84
53970.70;-102.92
53973.63;-103.00
53976.56;-102.92
53979.49;-102.84
53982.42;-102.84
53985.35;-102.76
53988.28;-102.61
53991.21;-102.53
53994.14;-102.61
53997.07;-102.53
54000.00;-102.45
54002.93;-102.53
54005.86;-102.53
54008.79;-102.61
54011.72;-102.53
54014.65;-102.61
54017.58;-102.37
54020.51;-102.45
54023.44;-102.84
54026.37;-102.53
54029.30;-102.37
54032.23;-102.53
54035.16;-102.61
54038.09;-102.53
54041.02;-102.37
54043.95;-102.45
54046.88;-102.53
54049.80;-102.84
54052.73;-103.00
54055.66;-103.00
54058.59;-102.45
54061.52;-102.84
54064.45;-102.61
54067.38;-102.53
54070.31;-102.84
54073.24;-102.92
54076.17;-102.76
54079.10;-102.84
54082.03;-102.92
54084.96;-102.84
54087.89;-102.69
54090.82;-102.69
54093.75;-102.69
54096.68;-102.84
54099.61;-102.69
54102.54;-102.76
54105.47;-102.69
54108.40;-102.76
54111.33;-102.69
54114.26;-102.76
54117.19;-102.53
54120.12;-102.45
54123.05;-102.76
54125.98;-102.92
54128.91;-102.69
54131.84;-102.53
54134.77;-102.76
54137.70;-102.69
54140.63;-102.76
54143.55;-102.84
54146.48;-102.61
54149.41;-102.61
54152.34;-102.53
54155.27;-102.69
54158.20;-102.69
54161.13;-102.61
54164.06;-102.53
54166.99;-102.69
54169.92;-102.69
54172.85;-102.61
54175.78;-102.76
54178.71;-102.69
54181.64;-102.69
54184.57;-102.92
54187.50;-102.53
54190.43;-102.37
54193.36;-102.45
54196.29;-102.69
54199.22;-102.69
54202.15;-102.69
54205.08;-102.53
54208.01;-102.53
54210.94;-102.53
54213.87;-102.37
54216.80;-102.61
54219.73;-102.53
54222.66;-102.22
54225.59;-102.61
54228.52;-102.69
54231.45;-102.76
54234.38;-102.92
54237.30;-102.76
54240.23;-102.53
54243.16;-102.61
54246.09;-102.61
54249.02;-102.53
54251.95;-102.53
54254.88;-102.84
54257.81;-102.92
54260.74;-102.84
54263.67;-102.61
54266.60;-102.61
54269.53;-102.76
54272.46;-102.84
54275.39;-102.61
54278.32;-102.45
54281.25;-102.53
54284.18;-102.84
54287.11;-102.61
54290.04;-102.53
54292.97;-102.76
54295.90;-102.92
54298.83;-102.69
54301.76;-102.69
54304.69;-102.53
54307.62;-102.45
54310.55;-102.69
54313.48;-102.69
54316.41;-102.61
54319.34;-102.45
54322.27;-102.53
54325.20;-102.69
54328.13;-102.69
54331.05;-102.76
54333.98;-102.76
54336.91;-102.37
54339.84;-102.45
54342.77;-102.76
54345.70;-102.53
54348.63;-102.61
54351.56;-102.53
54354.49;-102.76
54357.42;-102.61
54360.35;-102.84
54363.28;-102.61
54366.21;-102.53
54369.14;-102.84
54372.07;-102.76
54375.00;-103.00
54377.93;-102.92
54380.86;-102.76
54383.79;-102.53
54386.72;-103.00
54389.65;-102.84
54392.58;-102.92
54395.51;-102.61
54398.44;-102.69
54401.37;-102.69
54404.30;-102.69
54407.23;-102.69
54410.16;-102.53
54413.09;-102.69
54416.02;-102.61
54418.95;-102.69
54421.88;-102.76
54424.80;-102.76
54427.73;-102.53
54430.66;-102.30
54433.59;-102.45
54436.52;-102.69
54439.45;-102.84
54442.38;-102.61
54445.31;-102.69
54448.24;-102.53
54451.17;-102.53
54454.10;-102.84
54457.03;-102.61
54459.96;-102.37
54462.89;-102.37
54465.82;-102.61
54468.75;-102.61
54471.68;-102.69
54474.61;-102.69
54477.54;-102.84
54480.47;-102.76
54483.40;-102.69
54486.33;-102.61
54489.26;-102.76
54492.19;-102.84
54495.12;-102.69
54498.05;-103.00
54500.98;-102.92
54503.91;-102.53
54506.84;-102.53
54509.77;-102.76
54512.70;-102.92
54515.63;-102.69
54518.55;-102.45
54521.48;-102.45
54524.41;-102.45
54527.34;-102.76
54530.27;-102.84
54533.20;-102.84
54536.13;-102.84
54539.06;-103.00
54541.99;-102.84
54544.92;-102.76
54547.85;-102.69
54550.78;-102.53
54553.71;-102.45
54556.64;-102.76
54559.57;-102.76
54562.50;-102.69
54565.43;-102.92
54568.36;-102.76
54571.29;-102.69
54574.22;-102.76
54577.15;-102.61
54580.08;-102.53
54583.01;-102.61
54585.94;-102.53
54588.87;-102.37
54591.80;-102.53
54594.73;-102.45
54597.66;-102.61
54600.59;-102.84
54603.52;-102.92
54606.45;-102.61
54609.38;-102.69
54612.30;-102.69
54615.23;-102.84
54618.16;-102.84
54621.09;-103.00
54624.02;-102.92
54626.95;-102.69
54629.88;-102.61
54632.81;-102.76
54635.74;-102.84
54638.67;-102.76
54641.60;-102.45
54644.53;-102.53
54647.46;-102.61
54650.39;-102.45
54653.32;-102.37
54656.25;-102.61
54659.18;-102.84
54662.11;-102.76
54665.04;-102.61
54667.97;-102.53
54670.90;-102.76
54673.83;-103.00
54676.76;-102.76
54679.69;-102.53
54682.62;-102.53
54685.55;-102.53
54688.48;-102.37
54691.41;-102.30
54694.34;-102.45
54697.27;-102.84
54700.20;-102.92
54703.13;-102.53
54706.05;-102.76
54708.98;-102.53
54711.91;-102.69
54714.84;-102.84
54717.77;-102.69
54720.70;-102.37
54723.63;-102.45
54726.56;-102.53
54729.49;-102.76
54732.42;-102.76
54735.35;-102.84
54738.28;-102.76
54741.21;-102.37
54744.14;-102.37
54747.07;-102.45
54750.00;-102.69
54752.93;-102.76
54755.86;-102.92
54758.79;-103.08
54761.72;-102.76
54764.65;-102.76
54767.58;-102.69
54770.51;-102.61
54773.44;-102.61
54776.37;-102.84
54779.30;-102.76
54782.23;-102.45
54785.16;-102.37
54788.09;-102.69
54791.02;-102.61
54793.95;-102.45
54796.88;-102.53
54799.80;-102.69
54802.73;-102.69
54805.66;-102.69
54808.59;-102.76
54811.52;-102.53
54814.45;-102.84
54817.38;-103.08
54820.31;-102.61
54823.24;-102.53
54826.17;-102.69
54829.10;-102.76
54832.03;-102.61
54834.96;-102.53
54837.89;-102.84
54840.82;-102.84
54843.75;-102.53
54846.68;-102.45
54849.61;-102.61
54852.54;-102.61
54855.47;-102.61
54858.40;-102.61
54861.33;-102.61
54864.26;-102.69
54867.19;-102.69
54870.12;-102.45
54873.05;-102.61
54875.98;-102.61
54878.91;-102.53
54881.84;-102.69
54884.77;-103.00
54887.70;-102.92
54890.63;-102.84
54893.55;-102.92
54896.48;-102.61
54899.41;-102.69
54902.34;-102.76
54905.27;-102.45
54908.20;-102.45
54911.13;-102.84
54914.06;-102.61
54916.99;-102.76
54919.92;-102.76
54922.85;-102.45
54925.78;-102.92
54928.71;-102.92
54931.64;-102.69
54934.57;-102.69
54937.50;-102.76
54940.43;-103.00
54943.36;-102.84
54946.29;-102.45
54949.22;-102.69
54952.15;-102.61
54955.08;-102.61
54958.01;-102.61
54960.94;-102.53
54963.87;-102.69
54966.80;-102.61
54969.73;-102.53
54972.66;-102.76
54975.59;-102.76
54978.52;-102.69
54981.45;-102.76
54984.38;-102.69
54987.30;-102.76
54990.23;-102.69
54993.16;-102.69
54996.09;-102.69
54999.02;-102.61
55001.95;-102.69
55004.88;-102.69
55007.81;-102.61
55010.74;-102.61
55013.67;-102.69
55016.60;-102.61
55019.53;-102.61
55022.46;-102.76
55025.39;-102.84
55028.32;-102.76
55031.25;-102.45
55034.18;-102.37
55037.11;-102.61
55040.04;-102.53
55042.97;-102.45
55045.90;-102.37
55048.83;-102.53
55051.76;-102.53
55054.69;-102.45
55057.62;-102.61
55060.55;-102.84
55063.48;-102.45
55066.41;-102.53
55069.34;-102.92
55072.27;-103.00
55075.20;-102.76
55078.13;-102.69
55081.05;-102.69
55083.98;-102.92
55086.91;-103.00
55089.84;-102.76
55092.77;-102.69
55095.70;-102.76
55098.63;-102.61
55101.56;-102.45
55104.49;-102.69
55107.42;-102.61
55110.35;-102.45
55113.28;-102.37
55116.21;-102.37
55119.14;-102.61
55122.07;-102.69
55125.00;-102.69
55127.93;-102.76
55130.86;-102.76
55133.79;-102.61
55136.72;-102.37
55139.65;-102.53
55142.58;-102.45
55145.51;-102.53
55148.44;-102.69
55151.37;-102.53
55154.30;-102.14
55157.23;-102.61
55160.16;-102.76
55163.09;-102.61
55166.02;-102.45
55168.95;-102.37
55171.88;-102.61
55174.80;-102.53
55177.73;-102.53
55180.66;-102.45
55183.59;-102.45
55186.52;-102.69
55189.45;-102.92
55192.38;-102.84
55195.31;-102.69
55198.24;-102.53
55201.17;-102.69
55204.10;-102.61
55207.03;-102.69
55209.96;-102.76
55212.89;-102.76
55215.82;-102.69
55218.75;-102.53
55221.68;-102.53
55224.61;-102.84
55227.54;-102.84
55230.47;-102.76
55233.40;-102.84
55236.33;-102.76
55239.26;-102.76
55242.19;-102.45
55245.12;-102.53
55248.05;-102.45
55250.98;-102.53
55253.91;-102.61
55256.84;-102.76
55259.77;-102.69
55262.70;-102.76
55265.63;-102.61
55268.55;-102.45
55271.48;-102.61
55274.41;-102.61
55277.34;-102.69
55280.27;-102.61
55283.20;-103.00
55286.13;-102.69
55289.06;-102.53
55291.99;-102.61
55294.92;-102.69
55297.85;-102.69
55300.78;-102.69
55303.71;-102.69
55306.64;-102.22
55309.57;-102.22
55312.50;-102.37
55315.43;-102.30
55318.36;-102.76
55321.29;-102.76
55324.22;-102.45
55327.15;-102.53
55330.08;-102.69
55333.01;-102.69
55335.94;-102.76
55338.87;-102.30
55341.80;-102.45
55344.73;-102.61
55347.66;-102.69
55350.59;-102.69
55353.52;-102.53
55356.45;-102.53
55359.38;-102.37
55362.30;-102.53
55365.23;-102.37
55368.16;-102.69
55371.09;-102.69
55374.02;-102.84
55376.95;-102.92
55379.88;-102.69
55382.81;-102.45
55385.74;-102.53
55388.67;-102.69
55391.60;-102.69
55394.53;-102.92
55397.46;-102.76
55400.39;-102.53
55403.32;-102.69
55406.25;-102.76
55409.18;-102.37
55412.11;-102.61
55415.04;-102.61
55417.97;-102.53
55420.90;-102.53
55423.83;-102.76
55426.76;-102.69
55429.69;-102.53
55432.62;-102.76
55435.55;-102.69
55438.48;-102.53
55441.41;-102.61
55444.34;-102.61
55447.27;-102.69
55450.20;-102.61
55453.13;-102.69
55456.05;-102.69
55458.98;-102.53
55461.91;-102.53
55464.84;-102.53
55467.77;-102.69
55470.70;-102.84
55473.63;-102.84
55476.56;-102.84
55479.49;-102.76
55482.42;-102.61
55485.35;-102.76
55488.28;-102.61
55491.21;-102.61
55494.14;-102.69
55497.07;-102.84
55500.00;-102.76
55502.93;-102.84
55505.86;-102.69
55508.79;-102.53
55511.72;-102.69
55514.65;-102.69
55517.58;-102.61
55520.51;-102.61
55523.44;-102.45
55526.37;-102.84
55529.30;-102.84
55532.23;-102.76
55535.16;-102.53
55538.09;-102.61
55541.02;-103.00
55543.95;-102.92
55546.88;-102.61
55549.80;-102.61
55552.73;-102.76
55555.66;-102.61
55558.59;-102.45
55561.52;-102.53
55564.45;-102.45
55567.38;-102.53
55570.31;-102.45
55573.24;-102.53
55576.17;-102.53
55579.10;-102.53
55582.03;-102.76
55584.96;-102.45
55587.89;-102.69
55590.82;-102.84
55593.75;-102.69
55596.68;-102.84
55599.61;-103.00
55602.54;-102.84
55605.47;-102.53
55608.40;-102.61
55611.33;-102.69
55614.26;-102.61
55617.19;-102.53
55620.12;-102.53
55623.05;-102.76
55625.98;-102.84
55628.91;-102.76
55631.84;-102.61
55634.77;-102.61
55637.70;-102.84
55640.63;-102.45
55643.55;-102.37
55646.48;-102.84
55649.41;-102.45
55652.34;-102.76
55655.27;-102.76
55658.20;-102.53
55661.13;-102.45
55664.06;-102.69
55666.99;-102.76
55669.92;-102.76
55672.85;-102.76
55675.78;-102.84
55678.71;-102.69
55681.64;-102.76
55684.57;-102.61
55687.50;-102.61
55690.43;-102.76
55693.36;-102.92
55696.29;-102.61
55699.22;-102.61
55702.15;-102.69
55705.08;-102.69
55708.01;-102.61
55710.94;-102.69
55713.87;-102.53
55716.80;-102.69
55719.73;-102.92
55722.66;-102.92
55725.59;-102.69
55728.52;-102.37
55731.45;-102.37
55734.38;-102.45
55737.30;-102.53
55740.23;-102.76
55743.16;-102.61
55746.09;-102.61
55749.02;-102.61
55751.95;-102.76
55754.88;-102.84
55757.81;-102.45
55760.74;-102.30
55763.67;-102.30
55766.60;-102.45
55769.53;-102.45
55772.46;-102.45
55775.39;-102.69
55778.32;-102.76
55781.25;-102.61
55784.18;-102.45
55787.11;-102.30
55790.04;-102.61
55792.97;-102.37
55795.90;-102.53
55798.83;-102.92
55801.76;-102.61
55804.69;-102.61
55807.62;-102.61
55810.55;-102.69
55813.48;-102.61
55816.41;-102.53
55819.34;-102.37
55822.27;-102.30
55825.20;-102.61
55828.13;-102.84
55831.05;-102.69
55833.98;-102.61
55836.91;-102.61
55839.84;-102.69
55842.77;-103.00
55845.70;-102.92
55848.63;-103.00
55851.56;-102.84
55854.49;-102.37
55857.42;-102.45
55860.35;-102.69
55863.28;-102.45
55866.21;-102.53
55869.14;-102.45
55872.07;-102.53
55875.00;-102.37
55877.93;-102.53
55880.86;-102.53
55883.79;-102.45
55886.72;-102.37
55889.65;-102.61
55892.58;-102.76
55895.51;-102.53
55898.44;-102.53
55901.37;-102.53
55904.30;-102.61
55907.23;-102.84
55910.16;-102.69
55913.09;-102.84
55916.02;-102.76
55918.95;-102.69
55921.88;-102.69
55924.80;-102.69
55927.73;-102.61
55930.66;-102.69
55933.59;-102.69
55936.52;-102.53
55939.45;-102.61
55942.38;-102.61
55945.31;-102.69
55948.24;-102.84
55951.17;-102.84
55954.10;-102.76
55957.03;-102.61
55959.96;-102.45
55962.89;-102.76
55965.82;-102.84
55968.75;-103.00
55971.68;-102.84
55974.61;-102.61
55977.54;-102.69
55980.47;-102.76
55983.40;-103.08
55986.33;-103.08
55989.26;-102.76
55992.19;-102.37
55995.12;-102.45
55998.05;-102.30
56000.98;-102.69
56003.91;-102.53
56006.84;-102.45
56009.77;-102.61
56012.70;-102.53
56015.63;-102.69
56018.55;-102.69
56021.48;-102.53
56024.41;-102.84
56027.34;-102.76
56030.27;-102.69
56033.20;-102.76
56036.13;-102.61
56039.06;-102.84
56041.99;-102.61
56044.92;-102.53
56047.85;-102.76
56050.78;-102.53
56053.71;-102.37
56056.64;-102.69
56059.57;-102.84
56062.50;-102.69
56065.43;-102.61
56068.36;-102.69
56071.29;-102.61
56074.22;-102.69
56077.15;-102.61
56080.08;-102.30
56083.01;-102.61
56085.94;-102.53
56088.87;-102.45
56091.80;-102.45
56094.73;-102.61
56097.66;-102.92
56100.59;-102.76
56103.52;-102.84
56106.45;-102.45
56109.38;-102.37
56112.30;-102.61
56115.23;-102.53
56118.16;-102.53
56121.09;-102.37
56124.02;-102.30
56126.95;-102.69
56129.88;-102.84
56132.81;-102.84
56135.74;-102.53
56138.67;-102.53
56141.60;-102.45
56144.53;-102.53
56147.46;-102.69
56150.39;-102.69
56153.32;-102.61
56156.25;-102.92
56159.18;-102.69
56162.11;-102.61
56165.04;-102.84
56167.97;-102.61
56170.90;-102.53
56173.83;-102.61
56176.76;-102.53
56179.69;-102.69
56182.62;-102.92
56185.55;-102.92
56188.48;-102.76
56191.41;-102.69
56194.34;-102.69
56197.27;-102.69
56200.20;-102.45
56203.13;-102.37
56206.05;-102.53
56208.98;-102.37
56211.91;-102.45
56214.84;-102.61
56217.77;-102.53
56220.70;-102.30
56223.63;-102.53
56226.56;-102.61
56229.49;-102.76
56232.42;-102.69
56235.35;-102.45
56238.28;-102.30
56241.21;-102.45
56244.14;-102.53
56247.07;-102.53
56250.00;-102.69
56252.93;-102.69
56255.86;-102.69
56258.79;-102.61
56261.72;-102.69
56264.65;-102.45
56267.58;-102.30
56270.51;-102.45
56273.44;-102.37
56276.37;-102.76
56279.30;-102.92
56282.23;-102.92
56285.16;-102.61
56288.09;-102.37
56291.02;-102.69
56293.95;-102.53
56296.88;-102.53
56299.80;-102.76
56302.73;-102.69
56305.66;-102.69
56308.59;-103.00
56311.52;-102.76
56314.45;-102.45
56317.38;-102.53
56320.31;-102.69
56323.24;-102.61
56326.17;-102.45
56329.10;-102.69
56332.03;-102.61
56334.96;-102.76
56337.89;-102.76
56340.82;-102.30
56343.75;-102.53
56346.68;-102.76
56349.61;-102.84
56352.54;-102.69
56355.47;-102.69
56358.40;-102.61
56361.33;-102.69
56364.26;-102.45
56367.19;-102.53
56370.12;-102.61
56373.05;-102.61
56375.98;-102.84
56378.91;-102.53
56381.84;-102.45
56384.77;-102.30
56387.70;-102.37
56390.63;-102.61
56393.55;-102.84
56396.48;-102.61
56399.41;-102.37
56402.34;-102.30
56405.27;-102.45
56408.20;-102.69
56411.13;-102.84
56414.06;-102.84
56416.99;-102.84
56419.92;-102.92
56422.85;-103.08
56425.78;-103.08
56428.71;-102.69
56431.64;-102.69
56434.57;-102.76
56437.50;-102.53
56440.43;-102.37
56443.36;-102.30
56446.29;-102.53
56449.22;-102.45
56452.15;-102.53
56455.08;-102.76
56458.01;-102.76
56460.94;-102.53
56463.87;-102.69
56466.80;-102.53
56469.73;-102.61
56472.66;-102.69
56475.59;-102.76
56478.52;-102.61
56481.45;-102.53
56484.38;-102.76
56487.30;-102.84
56490.23;-102.76
56493.16;-102.69
56496.09;-102.76
56499.02;-102.53
56501.95;-102.61
56504.88;-102.53
56507.81;-102.53
56510.74;-102.76
56513.67;-102.84
56516.60;-102.92
56519.53;-102.61
56522.46;-102.61
56525.39;-102.76
56528.32;-102.76
56531.25;-102.61
56534.18;-102.69
56537.11;-102.76
56540.04;-102.53
56542.97;-102.53
56545.90;-102.84
56548.83;-102.84
56551.76;-102.92
56554.69;-103.00
56557.62;-102.45
56560.55;-102.37
56563.48;-102.92
56566.41;-102.69
56569.34;-102.61
56572.27;-102.84
56575.20;-102.84
56578.13;-102.69
56581.05;-102.76
56583.98;-102.61
56586.91;-102.69
56589.84;-103.00
56592.77;-102.76
56595.70;-102.76
56598.63;-103.00
56601.56;-102.69
56604.49;-102.45
56607.42;-102.61
56610.35;-102.69
56613.28;-102.53
56616.21;-102.53
56619.14;-102.61
56622.07;-102.69
56625.00;-102.69
56627.93;-102.76
56630.86;-102.61
56633.79;-102.61
56636.72;-102.69
56639.65;-102.76
56642.58;-102.45
56645.51;-102.30
56648.44;-102.61
56651.37;-102.45
56654.30;-102.61
56657.23;-102.61
56660.16;-102.61
56663.09;-102.45
56666.02;-102.53
56668.95;-102.61
56671.88;-102.61
56674.80;-102.53
56677.73;-102.69
56680.66;-102.92
56683.59;-102.76
56686.52;-102.61
56689.45;-102.69
56692.38;-102.69
56695.31;-102.69
56698.24;-102.69
56701.17;-102.76
56704.10;-102.92
56707.03;-102.37
56709.96;-102.53
56712.89;-102.76
56715.82;-102.84
56718.75;-102.69
56721.68;-102.45
56724.61;-102.45
56727.54;-102.61
56730.47;-102.61
56733.40;-102.92
56736.33;-102.76
56739.26;-102.61
56742.19;-102.53
56745.12;-102.61
56748.05;-102.84
56750.98;-102.84
56753.91;-102.76
56756.84;-102.37
56759.77;-101.98
56762.70;-102.53
56765.63;-102.69
56768.55;-102.76
56771.48;-102.76
56774.41;-102.76
56777.34;-102.76
56780.27;-102.53
56783.20;-102.61
56786.13;-102.69
56789.06;-102.69
56791.99;-102.45
56794.92;-102.22
56797.85;-102.61
56800.78;-102.69
56803.71;-102.45
56806.64;-102.45
56809.57;-102.53
56812.50;-102.61
56815.43;-102.76
56818.36;-102.76
56821.29;-102.61
56824.22;-102.61
56827.15;-102.61
56830.08;-102.61
56833.01;-102.53
56835.94;-102.69
56838.87;-102.61
56841.80;-102.45
56844.73;-102.61
56847.66;-102.69
56850.59;-102.53
56853.52;-102.69
56856.45;-102.69
56859.38;-102.45
56862.30;-102.53
56865.23;-102.69
56868.16;-102.61
56871.09;-102.53
56874.02;-102.61
56876.95;-102.45
56879.88;-102.30
56882.81;-102.69
56885.74;-102.53
56888.67;-102.61
56891.60;-102.84
56894.53;-102.92
56897.46;-102.45
56900.39;-102.69
56903.32;-102.69
56906.25;-102.61
56909.18;-102.69
56912.11;-102.61
56915.04;-102.69
56917.97;-102.53
56920.90;-102.45
56923.83;-102.84
56926.76;-102.84
56929.69;-102.61
56932.62;-102.30
56935.55;-102.53
56938.48;-102.45
56941.41;-102.37
56944.34;-102.69
56947.27;-102.69
56950.20;-102.45
56953.13;-102.53
56956.05;-102.84
56958.98;-102.92
56961.91;-102.76
56964.84;-102.37
56967.77;-102.14
56970.70;-102.61
56973.63;-102.61
56976.56;-102.37
56979.49;-102.61
56982.42;-102.84
56985.35;-102.45
56988.28;-102.61
56991.21;-103.00
56994.14;-102.92
56997.07;-102.84
57000.00;-102.53
57002.93;-102.37
57005.86;-102.61
57008.79;-102.45
57011.72;-102.45
57014.65;-102.69
57017.58;-102.53
57020.51;-102.45
57023.44;-102.61
57026.37;-102.69
57029.30;-102.61
57032.23;-102.69
57035.16;-102.69
57038.09;-102.76
57041.02;-103.00
57043.95;-102.92
57046.88;-102.61
57049.80;-102.61
57052.73;-102.61
57055.66;-102.45
57058.59;-102.53
57061.52;-102.61
57064.45;-102.61
57067.38;-102.69
57070.31;-102.61
57073.24;-102.53
57076.17;-102.69
57079.10;-102.53
57082.03;-102.37
57084.96;-102.37
57087.89;-102.45
57090.82;-102.53
57093.75;-102.45
57096.68;-102.53
57099.61;-102.53
57102.54;-102.45
57105.47;-102.76
57108.40;-102.76
57111.33;-102.76
57114.26;-102.84
57117.19;-102.53
57120.12;-102.45
57123.05;-102.45
57125.98;-102.61
57128.91;-102.76
57131.84;-103.00
57134.77;-103.08
57137.70;-102.69
57140.63;-102.22
57143.55;-102.30
57146.48;-102.45
57149.41;-102.61
57152.34;-102.53
57155.27;-102.30
57158.20;-102.53
57161.13;-102.69
57164.06;-102.53
57166.99;-102.84
57169.92;-102.92
57172.85;-102.76
57175.78;-102.76
57178.71;-102.61
57181.64;-102.84
57184.57;-102.84
57187.50;-102.76
57190.43;-102.61
57193.36;-102.45
57196.29;-102.45
57199.22;-102.61
57202.15;-102.45
57205.08;-102.45
57208.01;-102.45
57210.94;-102.53
57213.87;-102.53
57216.80;-102.37
57219.73;-102.45
57222.66;-102.37
57225.59;-102.37
57228.52;-102.61
57231.45;-102.53
57234.38;-102.53
57237.30;-102.76
57240.23;-102.76
57243.16;-102.45
57246.09;-102.53
57249.02;-102.76
57251.95;-102.84
57254.88;-102.92
57257.81;-103.16
57260.74;-103.08
57263.67;-102.84
57266.60;-102.84
57269.53;-102.61
57272.46;-102.30
57275.39;-102.37
57278.32;-102.53
57281.25;-102.61
57284.18;-102.61
57287.11;-102.69
57290.04;-102.69
57292.97;-102.76
57295.90;-102.84
57298.83;-102.69
57301.76;-102.69
57304.69;-102.37
57307.62;-102.53
57310.55;-102.61
57313.48;-102.45
57316.41;-102.37
57319.34;-102.37
57322.27;-102.45
57325.20;-102.37
57328.13;-102.37
57331.05;-102.37
57333.98;-102.45
57336.91;-102.45
57339.84;-102.69
57342.77;-102.76
57345.70;-102.84
57348.63;-102.69
57351.56;-102.76
57354.49;-102.76
57357.42;-102.53
57360.35;-102.45
57363.28;-102.61
57366.21;-102.53
57369.14;-102.53
57372.07;-102.45
57375.00;-102.45
57377.93;-102.30
57380.86;-102.45
57383.79;-102.37
57386.72;-102.45
57389.65;-102.76
57392.58;-102.69
57395.51;-102.45
57398.44;-102.37
57401.37;-102.45
57404.30;-102.45
57407.23;-102.53
57410.16;-102.53
57413.09;-102.30
57416.02;-102.53
57418.95;-102.30
57421.88;-102.53
57424.80;-102.76
57427.73;-102.76
57430.66;-102.76
57433.59;-102.14
57436.52;-102.53
57439.45;-102.76
57442.38;-102.53
57445.31;-102.53
57448.24;-102.69
57451.17;-102.45
57454.10;-102.45
57457.03;-102.53
57459.96;-102.69
57462.89;-102.76
57465.82;-102.61
57468.75;-102.30
57471.68;-102.37
57474.61;-102.53
57477.54;-102.45
57480.47;-102.61
57483.40;-102.30
57486.33;-102.30
57489.26;-102.61
57492.19;-102.61
57495.12;-102.69
57498.05;-102.76
57500.98;-102.84
57503.91;-102.45
57506.84;-102.37
57509.77;-102.53
57512.70;-102.69
57515.63;-102.76
57518.55;-102.76
57521.48;-102.84
57524.41;-102.76
57527.34;-102.45
57530.27;-102.53
57533.20;-102.61
57536.13;-102.76
57539.06;-102.69
57541.99;-102.53
57544.92;-102.53
57547.85;-102.45
57550.78;-102.61
57553.71;-102.76
57556.64;-102.84
57559.57;-102.53
57562.50;-102.53
57565.43;-102.45
57568.36;-102.61
57571.29;-102.84
57574.22;-102.61
57577.15;-102.53
57580.08;-102.76
57583.01;-102.53
57585.94;-102.61
57588.87;-102.76
57591.80;-102.84
57594.73;-102.53
57597.66;-102.61
57600.59;-102.45
57603.52;-102.37
57606.45;-102.30
57609.38;-102.53
57612.30;-102.45
57615.23;-102.53
57618.16;-102.37
57621.09;-102.45
57624.02;-102.76
57626.95;-102.53
57629.88;-102.30
57632.81;-102.53
57635.74;-102.76
57638.67;-102.69
57641.60;-102.69
57644.53;-102.84
57647.46;-102.84
57650.39;-102.69
57653.32;-102.61
57656.25;-102.53
57659.18;-102.37
57662.11;-102.53
57665.04;-102.53
57667.97;-102.37
57670.90;-102.45
57673.83;-102.76
57676.76;-102.76
57679.69;-102.69
57682.62;-102.22
57685.55;-102.30
57688.48;-102.61
57691.41;-102.61
57694.34;-102.84
57697.27;-103.00
57700.20;-102.76
57703.13;-102.45
57706.05;-102.53
57708.98;-102.53
57711.91;-102.61
57714.84;-102.76
57717.77;-102.76
57720.70;-102.30
57723.63;-102.22
57726.56;-102.37
57729.49;-102.37
57732.42;-102.45
57735.35;-102.37
57738.28;-102.61
57741.21;-102.45
57744.14;-102.45
57747.07;-102.53
57750.00;-102.53
57752.93;-102.53
57755.86;-102.61
57758.79;-102.45
57761.72;-102.61
57764.65;-102.69
57767.58;-102.61
57770.51;-102.30
57773.44;-102.37
57776.37;-102.61
57779.30;-102.61
57782.23;-102.69
57785.16;-102.61
57788.09;-102.53
57791.02;-102.53
57793.95;-102.45
57796.88;-102.53
57799.80;-102.45
57802.73;-102.45
57805.66;-102.61
57808.59;-102.61
57811.52;-102.61
57814.45;-102.69
57817.38;-102.69
57820.31;-102.61
57823.24;-102.69
57826.17;-102.84
57829.10;-103.00
57832.03;-102.84
57834.96;-102.45
57837.89;-102.37
57840.82;-102.61
57843.75;-102.76
57846.68;-102.84
57849.61;-102.76
57852.54;-102.53
57855.47;-102.69
57858.40;-102.30
57861.33;-102.30
57864.26;-102.84
57867.19;-102.69
57870.12;-102.53
57873.05;-102.84
57875.98;-103.16
57878.91;-102.92
57881.84;-102.76
57884.77;-102.53
57887.70;-102.53
57890.63;-102.53
57893.55;-102.53
57896.48;-102.76
57899.41;-102.76
57902.34;-102.61
57905.27;-102.61
57908.20;-102.76
57911.13;-102.84
57914.06;-102.61
57916.99;-102.61
57919.92;-102.61
57922.85;-102.61
57925.78;-102.69
57928.71;-102.84
57931.64;-102.69
57934.57;-102.69
57937.50;-102.61
57940.43;-102.45
57943.36;-102.45
57946.29;-102.53
57949.22;-102.84
57952.15;-102.69
57955.08;-102.61
57958.01;-102.69
57960.94;-102.61
57963.87;-102.69
57966.80;-102.61
57969.73;-102.61
57972.66;-102.45
57975.59;-102.53
57978.52;-102.69
57981.45;-102.53
57984.38;-102.61
57987.30;-102.61
57990.23;-102.53
57993.16;-102.84
57996.09;-102.92
57999.02;-102.61
58001.95;-102.45
58004.88;-102.53
58007.81;-102.53
58010.74;-102.69
58013.67;-102.92
58016.60;-102.69
58019.53;-102.37
58022.46;-102.37
58025.39;-102.22
58028.32;-102.45
58031.25;-102.69
58034.18;-102.53
58037.11;-102.45
58040.04;-102.61
58042.97;-102.92
58045.90;-102.84
58048.83;-102.45
58051.76;-102.61
58054.69;-102.76
58057.62;-102.69
58060.55;-102.53
58063.48;-102.61
58066.41;-102.53
58069.34;-102.69
58072.27;-102.45
58075.20;-102.61
58078.13;-102.53
58081.05;-102.53
58083.98;-102.61
58086.91;-102.45
58089.84;-102.30
58092.77;-102.53
58095.70;-102.69
58098.63;-102.61
58101.56;-102.45
58104.49;-102.61
58107.42;-102.61
58110.35;-102.45
58113.28;-102.69
58116.21;-102.69
58119.14;-102.45
58122.07;-102.53
58125.00;-102.45
58127.93;-102.53
58130.86;-102.53
58133.79;-102.53
58136.72;-102.37
58139.65;-102.61
58142.58;-102.45
58145.51;-102.22
58148.44;-102.69
58151.37;-102.84
58154.30;-102.76
58157.23;-102.69
58160.16;-102.53
58163.09;-102.45
58166.02;-102.45
58168.95;-102.37
58171.88;-102.30
58174.80;-102.69
58177.73;-102.61
58180.66;-102.69
58183.59;-102.69
58186.52;-102.76
58189.45;-102.69
58192.38;-102.76
58195.31;-102.76
58198.24;-102.69
58201.17;-102.69
58204.10;-102.53
58207.03;-102.45
58209.96;-102.69
58212.89;-102.84
58215.82;-102.53
58218.75;-102.45
58221.68;-102.76
58224.61;-102.76
58227.54;-102.69
58230.47;-102.84
58233.40;-102.61
58236.33;-102.61
58239.26;-103.08
58242.19;-102.84
58245.12;-102.53
58248.05;-102.84
58250.98;-102.69
58253.91;-102.45
58256.84;-102.61
58259.77;-102.76
58262.70;-102.61
58265.63;-102.53
58268.55;-102.45
58271.48;-102.53
58274.41;-102.45
58277.34;-102.92
58280.27;-102.92
58283.20;-102.69
58286.13;-102.61
58289.06;-102.53
58291.99;-102.53
58294.92;-102.69
58297.85;-102.45
58300.78;-102.45
58303.71;-102.22
58306.64;-102.30
58309.57;-102.61
58312.50;-102.69
58315.43;-102.53
58318.36;-102.53
58321.29;-102.61
58324.22;-102.61
58327.15;-102.53
58330.08;-102.22
58333.01;-102.30
58335.94;-102.69
58338.87;-102.69
58341.80;-102.61
58344.73;-102.76
58347.66;-102.61
58350.59;-102.45
58353.52;-102.37
58356.45;-102.37
58359.38;-102.22
58362.30;-102.30
58365.23;-102.53
58368.16;-102.61
58371.09;-102.53
58374.02;-102.61
58376.95;-102.53
58379.88;-102.53
58382.81;-102.61
58385.74;-102.53
58388.67;-102.45
58391.60;-102.61
58394.53;-102.53
58397.46;-102.30
58400.39;-102.37
58403.32;-102.45
58406.25;-102.45
58409.18;-102.53
58412.11;-102.69
58415.04;-102.69
58417.97;-102.53
58420.90;-102.53
58423.83;-102.61
58426.76;-102.61
58429.69;-102.53
58432.62;-102.69
58435.55;-102.61
58438.48;-102.37
58441.41;-102.53
58444.34;-102.45
58447.27;-102.61
58450.20;-102.84
58453.13;-102.53
58456.05;-102.45
58458.98;-102.45
58461.91;-102.61
58464.84;-102.45
58467.77;-102.53
58470.70;-102.45
58473.63;-102.37
58476.56;-102.22
58479.49;-102.22
58482.42;-102.45
58485.35;-102.53
58488.28;-102.37
58491.21;-102.37
58494.14;-102.61
58497.07;-102.37
58500.00;-102.37
58502.93;-102.37
58505.86;-102.37
58508.79;-102.37
58511.72;-102.53
58514.65;-102.61
58517.58;-102.37
58520.51;-102.53
58523.44;-102.37
58526.37;-102.61
58529.30;-102.53
58532.23;-102.61
58535.16;-102.61
58538.09;-102.45
58541.02;-102.61
58543.95;-102.69
58546.88;-102.45
58549.80;-102.37
58552.73;-102.53
58555.66;-102.37
58558.59;-102.45
58561.52;-102.53
58564.45;-102.69
58567.38;-102.53
58570.31;-102.53
58573.24;-102.69
58576.17;-102.76
58579.10;-102.45
58582.03;-102.61
58584.96;-102.76
58587.89;-102.53
58590.82;-102.22
58593.75;-102.53
58596.68;-102.76
58599.61;-102.53
58602.54;-101.98
58605.47;-102.45
58608.40;-102.69
58611.33;-102.45
58614.26;-102.53
58617.19;-102.53
58620.12;-102.69
58623.05;-102.84
58625.98;-102.37
58628.91;-102.30
58631.84;-102.37
58634.77;-102.53
58637.70;-102.53
58640.63;-102.37
58643.55;-102.61
58646.48;-102.61
58649.41;-102.53
58652.34;-102.53
58655.27;-102.76
58658.20;-102.69
58661.13;-102.69
58664.06;-102.53
58666.99;-102.69
58669.92;-102.53
58672.85;-102.45
58675.78;-102.30
58678.71;-102.45
58681.64;-102.37
58684.57;-102.45
58687.50;-102.53
58690.43;-102.84
58693.36;-102.84
58696.29;-102.76
58699.22;-102.69
58702.15;-102.76
58705.08;-102.69
58708.01;-102.69
58710.94;-102.45
58713.87;-102.45
58716.80;-102.76
58719.73;-102.84
58722.66;-102.76
58725.59;-102.69
58728.52;-102.45
58731.45;-102.37
58734.38;-102.45
58737.30;-102.37
58740.23;-102.30
58743.16;-102.84
58746.09;-102.53
58749.02;-102.61
58751.95;-102.61
58754.88;-102.53
58757.81;-102.61
58760.74;-102.92
58763.67;-102.76
58766.60;-102.45
58769.53;-102.30
58772.46;-102.45
58775.39;-102.45
58778.32;-102.53
58781.25;-102.37
58784.18;-102.45
58787.11;-102.53
58790.04;-102.37
58792.97;-102.45
58795.90;-102.76
58798.83;-102.53
58801.76;-102.53
58804.69;-102.61
58807.62;-102.53
58810.55;-102.76
58813.48;-102.76
58816.41;-102.45
58819.34;-102.37
58822.27;-102.37
58825.20;-102.30
58828.13;-102.22
58831.05;-102.37
58833.98;-102.45
58836.91;-102.53
58839.84;-102.45
58842.77;-102.37
58845.70;-102.37
58848.63;-102.45
58851.56;-102.14
58854.49;-102.06
58857.42;-102.53
58860.35;-102.53
58863.28;-102.45
58866.21;-102.37
58869.14;-102.45
58872.07;-102.53
58875.00;-102.22
58877.93;-102.30
58880.86;-102.30
58883.79;-102.37
58886.72;-102.37
58889.65;-102.53
58892.58;-102.61
58895.51;-102.53
58898.44;-102.53
58901.37;-102.53
58904.30;-102.69
58907.23;-102.76
58910.16;-102.37
58913.09;-102.22
58916.02;-102.22
58918.95;-102.30
58921.88;-102.45
58924.80;-102.37
58927.73;-102.22
58930.66;-102.30
58933.59;-102.37
58936.52;-102.45
58939.45;-102.69
58942.38;-102.53
58945.31;-102.61
58948.24;-102.53
58951.17;-102.22
58954.10;-102.22
58957.03;-102.14
58959.96;-102.53
58962.89;-102.53
58965.82;-102.45
58968.75;-102.61
58971.68;-102.53
58974.61;-102.22
58977.54;-101.98
58980.47;-102.22
58983.40;-102.22
58986.33;-102.45
58989.26;-102.37
58992.19;-102.30
58995.12;-102.37
58998.05;-102.45
59000.98;-102.45
59003.91;-102.45
59006.84;-102.45
59009.77;-102.30
59012.70;-102.22
59015.63;-102.14
59018.55;-102.22
59021.48;-102.22
59024.41;-102.22
59027.34;-102.06
59030.27;-102.22
59033.20;-102.53
59036.13;-102.53
59039.06;-102.30
59041.99;-102.53
59044.92;-102.53
59047.85;-102.30
59050.78;-102.30
59053.71;-102.37
59056.64;-102.30
59059.57;-102.37
59062.50;-102.14
59065.43;-102.06
59068.36;-102.06
59071.29;-102.06
59074.22;-102.30
59077.15;-102.45
59080.08;-102.61
59083.01;-102.61
59085.94;-102.37
59088.87;-102.45
59091.80;-102.22
59094.73;-102.37
59097.66;-102.45
59100.59;-102.22
59103.52;-102.37
59106.45;-102.53
59109.38;-102.61
59112.30;-102.30
59115.23;-102.37
59118.16;-102.53
59121.09;-102.53
59124.02;-102.61
59126.95;-102.45
59129.88;-102.30
59132.81;-102.22
59135.74;-102.37
59138.67;-102.30
59141.60;-102.37
59144.53;-102.30
59147.46;-102.45
59150.39;-102.37
59153.32;-102.14
59156.25;-102.30
59159.18;-102.22
59162.11;-101.98
59165.04;-101.90
59167.97;-102.37
59170.90;-102.37
59173.83;-102.30
59176.76;-102.22
59179.69;-102.06
59182.62;-101.98
59185.55;-101.90
59188.48;-102.14
59191.41;-102.37
59194.34;-102.45
59197.27;-102.53
59200.20;-102.61
59203.13;-102.37
59206.05;-102.22
59208.98;-102.06
59211.91;-102.37
59214.84;-102.37
59217.77;-102.14
59220.70;-102.06
59223.63;-102.14
59226.56;-102.37
59229.49;-102.22
59232.42;-102.14
59235.35;-101.98
59238.28;-102.22
59241.21;-102.14
59244.14;-102.30
59247.07;-101.98
59250.00;-101.90
59252.93;-101.98
59255.86;-102.22
59258.79;-102.22
59261.72;-102.30
59264.65;-102.30
59267.58;-102.06
59270.51;-102.30
59273.44;-102.45
59276.37;-102.30
59279.30;-102.30
59282.23;-102.22
59285.16;-102.37
59288.09;-102.53
59291.02;-102.30
59293.95;-101.98
59296.88;-102.06
59299.80;-102.30
59302.73;-102.45
59305.66;-102.30
59308.59;-102.22
59311.52;-102.37
59314.45;-102.45
59317.38;-102.37
59320.31;-102.30
59323.24;-102.30
59326.17;-102.30
59329.10;-102.30
59332.03;-102.30
59334.96;-102.14
59337.89;-102.22
59340.82;-102.22
59343.75;-102.14
59346.68;-101.83
59349.61;-101.90
59352.54;-102.22
59355.47;-102.22
59358.40;-102.14
59361.33;-102.14
59364.26;-102.30
59367.19;-102.22
59370.12;-102.22
59373.05;-102.30
59375.98;-102.37
59378.91;-102.30
59381.84;-102.14
59384.77;-101.90
59387.70;-101.98
59390.63;-101.98
59393.55;-102.30
59396.48;-102.22
59399.41;-102.22
59402.34;-102.22
59405.27;-102.53
59408.20;-102.30
59411.13;-102.06
59414.06;-101.98
59416.99;-102.30
59419.92;-102.14
59422.85;-102.22
59425.78;-101.98
59428.71;-102.14
59431.64;-102.37
59434.57;-102.30
59437.50;-102.22
59440.43;-102.14
59443.36;-101.98
59446.29;-102.06
59449.22;-102.22
59452.15;-101.98
59455.08;-101.90
59458.01;-102.06
59460.94;-102.30
59463.87;-102.37
59466.80;-101.98
59469.73;-101.83
59472.66;-101.90
59475.59;-102.06
59478.52;-102.06
59481.45;-101.83
59484.38;-101.83
59487.30;-102.14
59490.23;-102.30
59493.16;-102.14
59496.09;-102.30
59499.02;-102.45
59501.95;-102.30
59504.88;-102.14
59507.81;-102.14
59510.74;-102.06
59513.67;-102.22
59516.60;-102.61
59519.53;-102.37
59522.46;-102.45
59525.39;-102.37
59528.32;-102.30
59531.25;-102.30
59534.18;-102.45
59537.11;-102.45
59540.04;-102.37
59542.97;-102.53
59545.90;-102.06
59548.83;-101.83
59551.76;-102.06
59554.69;-102.22
59557.62;-102.30
59560.55;-102.30
59563.48;-102.06
59566.41;-101.83
59569.34;-101.98
59572.27;-102.06
59575.20;-102.14
59578.13;-102.37
59581.05;-102.14
59583.98;-102.06
59586.91;-102.06
59589.84;-102.22
59592.77;-102.30
59595.70;-102.22
59598.63;-102.22
59601.56;-102.45
59604.49;-102.45
59607.42;-102.37
59610.35;-102.30
59613.28;-102.06
59616.21;-102.14
59619.14;-102.06
59622.07;-101.98
59625.00;-101.98
59627.93;-102.06
59630.86;-102.37
59633.79;-102.45
59636.72;-102.22
59639.65;-102.22
59642.58;-102.14
59645.51;-102.14
59648.44;-102.37
59651.37;-102.22
59654.30;-102.14
59657.23;-102.14
59660.16;-102.22
59663.09;-102.37
59666.02;-101.98
59668.95;-102.30
59671.88;-102.37
59674.80;-102.06
59677.73;-102.14
59680.66;-102.14
59683.59;-102.22
59686.52;-102.37
59689.45;-102.37
59692.38;-102.37
59695.31;-102.53
59698.24;-102.53
59701.17;-102.45
59704.10;-102.30
59707.03;-102.22
59709.96;-102.30
59712.89;-102.30
59715.82;-102.30
59718.75;-102.45
59721.68;-102.30
59724.61;-102.22
59727.54;-102.30
59730.47;-102.22
59733.40;-102.06
59736.33;-102.14
59739.26;-101.98
59742.19;-102.06
59745.12;-102.30
59748.05;-102.22
59750.98;-102.30
59753.91;-102.45
59756.84;-102.30
59759.77;-102.45
59762.70;-102.30
59765.63;-102.14
59768.55;-102.14
59771.48;-102.30
59774.41;-102.45
59777.34;-102.14
59780.27;-102.30
59783.20;-102.37
59786.13;-101.98
59789.06;-102.22
59791.99;-102.30
59794.92;-102.30
59797.85;-102.22
59800.78;-102.30
59803.71;-102.14
59806.64;-102.14
59809.57;-101.90
59812.50;-102.22
59815.43;-102.22
59818.36;-102.30
59821.29;-102.22
59824.22;-102.14
59827.15;-102.06
59830.08;-102.06
59833.01;-102.14
59835.94;-102.14
59838.87;-101.98
59841.80;-102.30
59844.73;-102.14
59847.66;-101.98
59850.59;-102.22
59853.52;-102.22
59856.45;-102.30
59859.38;-102.30
59862.30;-102.22
59865.23;-102.14
59868.16;-102.30
59871.09;-102.37
59874.02;-102.22
59876.95;-101.98
59879.88;-102.06
59882.81;-102.30
59885.74;-102.22
59888.67;-102.37
59891.60;-102.53
59894.53;-102.37
59897.46;-102.22
59900.39;-102.37
59903.32;-102.14
59906.25;-102.30
59909.18;-102.14
59912.11;-102.06
59915.04;-102.22
59917.97;-102.06
59920.90;-101.90
59923.83;-101.90
59926.76;-102.22
59929.69;-102.53
59932.62;-102.37
59935.55;-102.14
59938.48;-102.30
59941.41;-101.98
59944.34;-102.06
59947.27;-102.14
59950.20;-102.14
59953.13;-101.98
59956.05;-102.06
59958.98;-102.30
59961.91;-102.06
59964.84;-101.83
59967.77;-101.98
59970.70;-102.14
59973.63;-102.22
59976.56;-102.30
59979.49;-102.22
59982.42;-101.98
59985.35;-102.06
59988.28;-102.22
59991.21;-102.30
59994.14;-102.06
59997.07;-101.83
60000.00;-101.90
60002.93;-102.14
60005.86;-101.90
60008.79;-102.22
60011.72;-102.37
60014.65;-102.30
60017.58;-102.22
60020.51;-102.22
60023.44;-102.06
60026.37;-102.30
60029.30;-102.30
60032.23;-102.14
60035.16;-102.14
60038.09;-102.06
60041.02;-102.37
60043.95;-102.22
60046.88;-102.22
60049.80;-102.14
60052.73;-102.14
60055.66;-102.06
60058.59;-101.98
60061.52;-101.67
60064.45;-101.67
60067.38;-101.98
60070.31;-101.98
60073.24;-102.06
60076.17;-102.14
60079.10;-102.30
60082.03;-102.14
60084.96;-101.98
60087.89;-102.14
60090.82;-101.98
60093.75;-101.98
60096.68;-101.83
60099.61;-101.67
60102.54;-101.75
60105.47;-102.06
60108.40;-102.37
60111.33;-102.14
60114.26;-101.67
60117.19;-101.98
60120.12;-102.14
60123.05;-102.22
60125.98;-102.30
60128.91;-102.22
60131.84;-101.90
60134.77;-101.83
60137.70;-102.14
60140.63;-102.22
60143.55;-102.06
60146.48;-102.14
60149.41;-102.06
60152.34;-102.06
60155.27;-102.22
60158.20;-102.14
60161.13;-102.06
60164.06;-102.06
60166.99;-102.06
60169.92;-101.90
60172.85;-102.22
60175.78;-102.14
60178.71;-102.06
60181.64;-102.22
60184.57;-102.06
60187.50;-101.90
60190.43;-101.98
60193.36;-102.22
60196.29;-101.98
60199.22;-101.98
60202.15;-102.30
60205.08;-102.22
60208.01;-102.14
60210.94;-101.98
60213.87;-101.90
60216.80;-101.98
60219.73;-102.22
60222.66;-102.22
60225.59;-102.37
60228.52;-101.90
60231.45;-101.75
60234.38;-102.22
60237.30;-102.30
60240.23;-102.06
60243.16;-101.90
60246.09;-101.90
60249.02;-102.06
60251.95;-102.14
60254.88;-102.30
60257.81;-102.06
60260.74;-102.06
60263.67;-101.90
60266.60;-101.98
60269.53;-102.22
60272.46;-102.37
60275.39;-102.14
60278.32;-101.83
60281.25;-101.98
60284.18;-102.37
60287.11;-102.22
60290.04;-101.98
60292.97;-102.14
60295.90;-102.06
60298.83;-101.90
60301.76;-102.30
60304.69;-102.14
60307.62;-101.98
60310.55;-102.06
60313.48;-101.98
60316.41;-101.90
60319.34;-101.98
60322.27;-102.22
60325.20;-102.22
60328.13;-102.14
60331.05;-101.90
60333.98;-101.83
60336.91;-101.90
60339.84;-102.06
60342.77;-102.22
60345.70;-101.98
60348.63;-102.06
60351.56;-101.90
60354.49;-101.98
60357.42;-102.06
60360.35;-101.90
60363.28;-102.06
60366.21;-101.98
60369.14;-101.90
60372.07;-102.14
60375.00;-102.14
60377.93;-101.98
60380.86;-101.98
60383.79;-101.90
60386.72;-101.98
60389.65;-102.06
60392.58;-101.98
60395.51;-102.06
60398.44;-102.14
60401.37;-102.30
60404.30;-102.22
60407.23;-102.14
60410.16;-102.30
60413.09;-102.22
60416.02;-102.06
60418.95;-101.98
60421.88;-101.90
60424.80;-101.98
60427.73;-102.14
60430.66;-101.83
60433.59;-101.90
60436.52;-102.14
60439.45;-102.06
60442.38;-102.14
60445.31;-102.14
60448.24;-101.83
60451.17;-101.67
60454.10;-101.98
60457.03;-102.14
60459.96;-102.06
60462.89;-101.83
60465.82;-101.90
60468.75;-102.06
60471.68;-102.06
60474.61;-102.22
60477.54;-101.90
60480.47;-101.83
60483.40;-101.98
60486.33;-101.90
60489.26;-101.83
60492.19;-101.98
60495.12;-102.45
60498.05;-102.45
60500.98;-102.14
60503.91;-101.98
60506.84;-102.06
60509.77;-101.83
60512.70;-102.06
60515.63;-101.98
60518.55;-101.90
60521.48;-101.98
60524.41;-102.06
60527.34;-102.06
60530.27;-102.14
60533.20;-102.14
60536.13;-102.22
60539.06;-101.98
60541.99;-102.14
60544.92;-102.22
60547.85;-102.22
60550.78;-101.90
60553.71;-101.83
60556.64;-101.90
60559.57;-101.98
60562.50;-101.98
60565.43;-102.14
60568.36;-102.14
60571.29;-102.06
60574.22;-101.90
60577.15;-102.06
60580.08;-102.06
60583.01;-102.06
60585.94;-101.83
60588.87;-101.90
60591.80;-102.22
60594.73;-102.22
60597.66;-101.90
60600.59;-102.14
60603.52;-102.06
60606.45;-102.14
60609.38;-102.14
60612.30;-101.98
60615.23;-102.30
60618.16;-102.06
60621.09;-101.90
60624.02;-102.06
60626.95;-101.98
60629.88;-101.75
60632.81;-101.75
60635.74;-101.90
60638.67;-101.98
60641.60;-102.06
60644.53;-101.90
60647.46;-101.98
60650.39;-102.06
60653.32;-101.90
60656.25;-101.90
60659.18;-101.98
60662.11;-101.67
60665.04;-101.90
60667.97;-102.22
60670.90;-102.14
60673.83;-101.98
60676.76;-102.06
60679.69;-101.90
60682.62;-102.06
60685.55;-102.14
60688.48;-102.06
60691.41;-101.98
60694.34;-102.06
60697.27;-101.98
60700.20;-101.98
60703.13;-101.98
60706.05;-102.14
60708.98;-101.90
60711.91;-101.83
60714.84;-102.30
60717.77;-102.30
60720.70;-101.83
60723.63;-101.90
60726.56;-102.06
60729.49;-102.14
60732.42;-102.22
60735.35;-102.30
60738.28;-102.06
60741.21;-102.06
60744.14;-101.59
60747.07;-101.90
60750.00;-102.14
60752.93;-101.90
60755.86;-101.90
60758.79;-101.83
60761.72;-101.83
60764.65;-102.06
60767.58;-101.90
60770.51;-101.83
60773.44;-102.14
60776.37;-102.45
60779.30;-102.14
60782.23;-101.67
60785.16;-101.98
60788.09;-102.14
60791.02;-101.98
60793.95;-102.14
60796.88;-102.30
60799.80;-102.06
60802.73;-102.14
60805.66;-102.06
60808.59;-102.06
60811.52;-101.83
60814.45;-101.83
60817.38;-101.75
60820.31;-101.90
60823.24;-102.06
60826.17;-101.75
60829.10;-101.98
60832.03;-102.14
60834.96;-102.30
60837.89;-102.14
60840.82;-102.06
60843.75;-102.14
60846.68;-102.06
60849.61;-101.90
60852.54;-102.22
60855.47;-102.22
60858.40;-101.90
60861.33;-102.14
60864.26;-102.14
60867.19;-102.06
60870.12;-101.98
60873.05;-102.22
60875.98;-102.14
60878.91;-102.06
60881.84;-101.90
60884.77;-102.14
60887.70;-101.90
60890.63;-101.75
60893.55;-101.75
60896.48;-101.83
60899.41;-101.98
60902.34;-101.90
60905.27;-101.83
60908.20;-101.83
60911.13;-101.98
60914.06;-102.30
60916.99;-101.90
60919.92;-101.67
60922.85;-101.98
60925.78;-101.83
60928.71;-101.98
60931.64;-102.37
60934.57;-102.14
60937.50;-102.06
60940.43;-102.22
60943.36;-101.98
60946.29;-102.22
60949.22;-102.14
60952.15;-102.14
60955.08;-102.14
60958.01;-102.30
60960.94;-102.14
60963.87;-102.30
60966.80;-102.14
60969.73;-101.98
60972.66;-101.90
60975.59;-102.06
60978.52;-101.98
60981.45;-101.90
60984.38;-101.90
60987.30;-101.98
60990.23;-101.98
60993.16;-102.06
60996.09;-102.06
60999.02;-102.06
61001.95;-102.06
61004.88;-101.98
61007.81;-101.98
61010.74;-101.98
61013.67;-102.06
61016.60;-101.83
61019.53;-101.67
61022.46;-101.90
61025.39;-102.22
61028.32;-101.98
61031.25;-102.14
61034.18;-101.90
61037.11;-101.90
61040.04;-102.14
61042.97;-102.06
61045.90;-102.22
61048.83;-102.06
61051.76;-102.06
61054.69;-101.98
61057.62;-101.90
61060.55;-102.06
61063.48;-101.98
61066.41;-102.14
61069.34;-102.14
61072.27;-101.98
61075.20;-101.83
61078.13;-101.83
61081.05;-101.98
61083.98;-101.83
61086.91;-102.14
61089.84;-102.45
61092.77;-102.61
61095.70;-102.22
61098.63;-102.22
61101.56;-101.75
61104.49;-101.51
61107.42;-101.83
61110.35;-101.98
61113.28;-101.83
61116.21;-102.06
61119.14;-101.83
61122.07;-101.98
61125.00;-101.98
61127.93;-102.06
61130.86;-102.30
61133.79;-101.90
61136.72;-102.06
61139.65;-101.98
61142.58;-101.90
61145.51;-101.83
61148.44;-101.83
61151.37;-101.98
61154.30;-101.90
61157.23;-101.98
61160.16;-101.90
61163.09;-101.83
61166.02;-101.98
61168.95;-101.83
61171.88;-101.67
61174.80;-101.83
61177.73;-101.98
61180.66;-102.14
61183.59;-102.22
61186.52;-102.22
61189.45;-102.30
61192.38;-102.45
61195.31;-102.22
61198.24;-101.90
61201.17;-101.90
61204.10;-101.90
61207.03;-101.75
61209.96;-101.98
61212.89;-102.37
61215.82;-101.98
61218.75;-101.75
61221.68;-101.75
61224.61;-101.75
61227.54;-101.59
61230.47;-101.67
61233.40;-101.98
61236.33;-102.14
61239.26;-101.90
61242.19;-101.90
61245.12;-101.75
61248.05;-101.75
61250.98;-101.83
61253.91;-101.90
61256.84;-101.90
61259.77;-102.06
61262.70;-102.14
61265.63;-102.06
61268.55;-101.98
61271.48;-102.22
61274.41;-102.14
61277.34;-102.06
61280.27;-102.06
61283.20;-101.90
61286.13;-101.83
61289.06;-101.90
61291.99;-102.14
61294.92;-102.06
61297.85;-101.90
61300.78;-101.98
61303.71;-102.30
61306.64;-102.14
61309.57;-101.98
61312.50;-101.90
61315.43;-102.30
61318.36;-102.14
61321.29;-101.83
61324.22;-101.75
61327.15;-101.90
61330.08;-101.98
61333.01;-102.06
61335.94;-102.14
61338.87;-102.14
61341.80;-101.98
61344.73;-101.98
61347.66;-102.06
61350.59;-102.14
61353.52;-102.06
61356.45;-102.22
61359.38;-102.06
61362.30;-101.90
61365.23;-102.06
61368.16;-101.98
61371.09;-101.75
61374.02;-102.06
61376.95;-101.98
61379.88;-101.75
61382.81;-101.59
61385.74;-101.83
61388.67;-101.98
61391.60;-102.22
61394.53;-102.45
61397.46;-102.06
61400.39;-102.22
61403.32;-102.37
61406.25;-101.98
61409.18;-102.06
61412.11;-101.98
61415.04;-102.14
61417.97;-102.06
61420.90;-102.06
61423.83;-101.75
61426.76;-101.83
61429.69;-102.14
61432.62;-102.06
61435.55;-102.22
61438.48;-102.37
61441.41;-102.14
61444.34;-101.90
61447.27;-101.90
61450.20;-102.14
61453.13;-102.06
61456.05;-102.06
61458.98;-101.90
61461.91;-101.90
61464.84;-101.98
61467.77;-101.83
61470.70;-101.98
61473.63;-101.59
61476.56;-101.67
61479.49;-102.22
61482.42;-102.14
61485.35;-102.06
61488.28;-101.90
61491.21;-101.83
61494.14;-101.98
61497.07;-101.98
61500.00;-102.06
61502.93;-101.83
61505.86;-101.90
61508.79;-102.14
61511.72;-102.14
61514.65;-102.22
61517.58;-102.22
61520.51;-102.14
61523.44;-102.06
61526.37;-102.14
61529.30;-101.98
61532.23;-101.75
61535.16;-102.06
61538.09;-102.14
61541.02;-101.98
61543.95;-102.06
61546.88;-101.90
61549.80;-101.98
61552.73;-101.98
61555.66;-102.06
61558.59;-102.06
61561.52;-102.30
61564.45;-102.22
61567.38;-102.30
61570.31;-102.53
61573.24;-102.61
61576.17;-102.37
61579.10;-102.30
61582.03;-102.14
61584.96;-102.06
61587.89;-101.90
61590.82;-101.83
61593.75;-101.83
61596.68;-102.14
61599.61;-102.14
61602.54;-101.90
61605.47;-101.98
61608.40;-102.06
61611.33;-101.83
61614.26;-101.75
61617.19;-102.22
61620.12;-102.30
61623.05;-102.30
61625.98;-102.14
61628.91;-102.14
61631.84;-101.98
61634.77;-101.98
61637.70;-102.06
61640.63;-101.75
61643.55;-101.83
61646.48;-101.98
61649.41;-101.90
61652.34;-102.06
61655.27;-102.14
61658.20;-102.22
61661.13;-102.30
61664.06;-101.98
61666.99;-102.06
61669.92;-102.30
61672.85;-102.06
61675.78;-101.90
61678.71;-101.90
61681.64;-101.83
61684.57;-101.75
61687.50;-101.75
61690.43;-101.90
61693.36;-102.06
61696.29;-102.14
61699.22;-102.30
61702.15;-102.22
61705.08;-102.37
61708.01;-101.98
61710.94;-102.14
61713.87;-102.06
61716.80;-101.98
61719.73;-102.22
61722.66;-102.14
61725.59;-102.30
61728.52;-102.22
61731.45;-102.06
61734.38;-102.06
61737.30;-102.06
61740.23;-102.06
61743.16;-101.75
61746.09;-101.75
61749.02;-101.75
61751.95;-101.83
61754.88;-101.90
61757.81;-101.90
61760.74;-101.98
61763.67;-101.98
61766.60;-101.90
61769.53;-101.98
61772.46;-102.14
61775.39;-102.06
61778.32;-102.14
61781.25;-101.98
61784.18;-101.98
61787.11;-101.90
61790.04;-102.22
61792.97;-102.22
61795.90;-102.22
61798.83;-101.90
61801.76;-102.06
61804.69;-102.14
61807.62;-102.14
61810.55;-101.98
61813.48;-102.06
61816.41;-102.30
61819.34;-102.06
61822.27;-102.06
61825.20;-102.14
61828.13;-102.30
61831.05;-102.22
61833.98;-102.14
61836.91;-102.22
61839.84;-102.22
61842.77;-102.22
61845.70;-102.06
61848.63;-101.90
61851.56;-102.14
61854.49;-102.30
61857.42;-102.30
61860.35;-102.14
61863.28;-102.06
61866.21;-102.06
61869.14;-102.14
61872.07;-102.22
61875.00;-102.30
61877.93;-101.98
61880.86;-102.14
61883.79;-102.37
61886.72;-102.30
61889.65;-102.06
61892.58;-102.14
61895.51;-102.37
61898.44;-102.22
61901.37;-102.30
61904.30;-102.06
61907.23;-102.06
61910.16;-102.30
61913.09;-102.37
61916.02;-102.06
61918.95;-102.06
61921.88;-102.06
61924.80;-101.90
61927.73;-102.06
61930.66;-101.98
61933.59;-102.06
61936.52;-102.06
61939.45;-101.90
61942.38;-101.98
61945.31;-102.06
61948.24;-102.30
61951.17;-102.37
61954.10;-102.14
61957.03;-102.06
61959.96;-102.14
61962.89;-102.06
61965.82;-101.98
61968.75;-102.30
61971.68;-102.22
61974.61;-102.30
61977.54;-102.37
61980.47;-102.30
61983.40;-102.06
61986.33;-101.90
61989.26;-101.90
61992.19;-102.06
61995.12;-101.98
61998.05;-102.14
62000.98;-102.30
62003.91;-102.30
62006.84;-102.30
62009.77;-102.22
62012.70;-102.30
62015.63;-102.37
62018.55;-102.45
62021.48;-102.37
62024.41;-102.06
62027.34;-102.14
62030.27;-102.14
62033.20;-102.06
62036.13;-102.14
62039.06;-102.14
62041.99;-102.14
62044.92;-102.06
62047.85;-102.30
62050.78;-102.45
62053.71;-102.30
62056.64;-102.06
62059.57;-101.98
62062.50;-101.98
62065.43;-102.06
62068.36;-101.98
62071.29;-102.30
62074.22;-102.37
62077.15;-102.37
62080.08;-102.30
62083.01;-102.06
62085.94;-102.14
62088.87;-102.37
62091.80;-102.22
62094.73;-101.98
62097.66;-102.06
62100.59;-102.14
62103.52;-101.98
62106.45;-101.98
62109.38;-102.22
62112.30;-102.37
62115.23;-102.06
62118.16;-101.98
62121.09;-101.98
62124.02;-101.75
62126.95;-102.06
62129.88;-102.37
62132.81;-102.22
62135.74;-102.14
62138.67;-102.22
62141.60;-102.06
62144.53;-101.90
62147.46;-102.22
62150.39;-102.37
62153.32;-102.22
62156.25;-102.06
62159.18;-101.83
62162.11;-102.06
62165.04;-102.06
62167.97;-102.06
62170.90;-102.22
62173.83;-102.22
62176.76;-102.14
62179.69;-102.22
62182.62;-102.22
62185.55;-101.98
62188.48;-101.90
62191.41;-101.98
62194.34;-101.90
62197.27;-102.22
62200.20;-102.22
62203.13;-102.37
62206.05;-102.22
62208.98;-102.30
62211.91;-101.98
62214.84;-102.22
62217.77;-102.14
62220.70;-101.98
62223.63;-102.14
62226.56;-102.06
62229.49;-102.37
62232.42;-102.45
62235.35;-102.14
62238.28;-102.06
62241.21;-102.30
62244.14;-102.30
62247.07;-102.30
62250.00;-102.22
62252.93;-102.30
62255.86;-101.98
62258.79;-101.67
62261.72;-101.90
62264.65;-102.22
62267.58;-102.14
62270.51;-102.06
62273.44;-101.90
62276.37;-101.90
62279.30;-102.30
62282.23;-102.22
62285.16;-102.37
62288.09;-102.30
62291.02;-102.14
62293.95;-102.30
62296.88;-102.30
62299.80;-101.98
62302.73;-101.90
62305.66;-102.14
62308.59;-102.14
62311.52;-102.06
62314.45;-102.14
62317.38;-102.22
62320.31;-102.61
62323.24;-102.53
62326.17;-102.61
62329.10;-102.45
62332.03;-102.14
62334.96;-102.37
62337.89;-102.37
62340.82;-102.14
62343.75;-101.90
62346.68;-102.06
62349.61;-101.98
62352.54;-101.90
62355.47;-102.06
62358.40;-102.14
62361.33;-102.30
62364.26;-102.14
62367.19;-102.06
62370.12;-102.37
62373.05;-102.53
62375.98;-102.45
62378.91;-101.98
62381.84;-102.06
62384.77;-102.14
62387.70;-102.37
62390.63;-102.22
62393.55;-102.06
62396.48;-102.14
62399.41;-102.30
62402.34;-102.37
62405.27;-102.22
62408.20;-102.22
62411.13;-101.90
62414.06;-102.06
62416.99;-102.30
62419.92;-102.14
62422.85;-102.22
62425.78;-102.14
62428.71;-101.90
62431.64;-102.06
62434.57;-102.06
62437.50;-102.06
62440.43;-102.22
62443.36;-102.30
62446.29;-102.22
62449.22;-102.22
62452.15;-102.30
62455.08;-102.22
62458.01;-102.37
62460.94;-102.37
62463.87;-102.22
62466.80;-102.30
62469.73;-102.45
62472.66;-102.30
62475.59;-102.30
62478.52;-102.37
62481.45;-102.22
62484.38;-102.30
62487.30;-102.30
62490.23;-102.45
62493.16;-102.22
62496.09;-102.30
62499.02;-102.14
62501.95;-102.22
62504.88;-102.45
62507.81;-102.22
62510.74;-102.37
62513.67;-102.14
62516.60;-102.22
62519.53;-102.30
62522.46;-102.14
62525.39;-101.98
62528.32;-101.98
62531.25;-102.06
62534.18;-102.06
62537.11;-102.06
62540.04;-102.30
62542.97;-102.30
62545.90;-101.98
62548.83;-102.22
62551.76;-102.37
62554.69;-102.22
62557.62;-102.22
62560.55;-102.37
62563.48;-102.22
62566.41;-102.14
62569.34;-102.37
62572.27;-102.30
62575.20;-102.37
62578.13;-102.14
62581.05;-102.30
62583.98;-102.22
62586.91;-102.14
62589.84;-102.37
62592.77;-102.53
62595.70;-102.45
62598.63;-102.37
62601.56;-102.06
62604.49;-102.22
62607.42;-102.22
62610.35;-102.14
62613.28;-102.22
62616.21;-102.37
62619.14;-102.06
62622.07;-102.30
62625.00;-102.37
62627.93;-102.53
62630.86;-102.45
62633.79;-102.37
62636.72;-102.22
62639.65;-102.37
62642.58;-102.37
62645.51;-101.90
62648.44;-102.14
62651.37;-102.14
62654.30;-102.22
62657.23;-102.30
62660.16;-102.30
62663.09;-102.53
62666.02;-102.45
62668.95;-102.30
62671.88;-102.37
62674.80;-102.30
62677.73;-102.30
62680.66;-102.14
62683.59;-102.22
62686.52;-102.37
62689.45;-102.22
62692.38;-102.37
62695.31;-102.37
62698.24;-102.22
62701.17;-102.14
62704.10;-102.06
62707.03;-102.45
62709.96;-102.69
62712.89;-102.61
62715.82;-102.53
62718.75;-102.45
62721.68;-102.30
62724.61;-102.22
62727.54;-102.22
62730.47;-102.22
62733.40;-102.22
62736.33;-102.37
62739.26;-102.30
62742.19;-102.37
62745.12;-102.53
62748.05;-102.53
62750.98;-102.22
62753.91;-102.14
62756.84;-102.22
62759.77;-102.37
62762.70;-102.14
62765.63;-102.53
62768.55;-102.53
62771.48;-102.45
62774.41;-102.53
62777.34;-102.22
62780.27;-102.22
62783.20;-102.14
62786.13;-102.30
62789.06;-102.06
62791.99;-102.37
62794.92;-102.53
62797.85;-102.14
62800.78;-102.45
62803.71;-102.53
62806.64;-102.30
62809.57;-102.53
62812.50;-102.53
62815.43;-102.14
62818.36;-102.30
62821.29;-102.37
62824.22;-102.14
62827.15;-101.75
62830.08;-101.83
62833.01;-102.30
62835.94;-102.45
62838.87;-102.61
62841.80;-102.37
62844.73;-102.45
62847.66;-102.30
62850.59;-102.37
62853.52;-102.37
62856.45;-102.30
62859.38;-102.22
62862.30;-102.30
62865.23;-102.14
62868.16;-102.06
62871.09;-102.14
62874.02;-102.37
62876.95;-102.45
62879.88;-102.30
62882.81;-102.30
62885.74;-102.45
62888.67;-102.37
62891.60;-102.22
62894.53;-102.14
62897.46;-102.06
62900.39;-102.22
62903.32;-102.37
62906.25;-102.45
62909.18;-102.53
62912.11;-102.30
62915.04;-102.30
62917.97;-102.22
62920.90;-102.45
62923.83;-102.53
62926.76;-102.37
62929.69;-102.22
62932.62;-102.30
62935.55;-102.69
62938.48;-102.53
62941.41;-102.30
62944.34;-102.30
62947.27;-102.45
62950.20;-102.69
62953.13;-102.45
62956.05;-102.45
62958.98;-102.69
62961.91;-102.14
62964.84;-102.22
62967.77;-102.53
62970.70;-102.53
62973.63;-102.30
62976.56;-102.14
62979.49;-102.30
62982.42;-102.53
62985.35;-102.45
62988.28;-102.22
62991.21;-102.53
62994.14;-102.30
62997.07;-102.22
63000.00;-102.61
63002.93;-102.61
63005.86;-102.37
63008.79;-102.37
63011.72;-102.53
63014.65;-102.37
63017.58;-102.37
63020.51;-102.61
63023.44;-102.76
63026.37;-102.37
63029.30;-102.45
63032.23;-102.53
63035.16;-102.61
63038.09;-102.53
63041.02;-102.45
63043.95;-102.37
63046.88;-102.45
63049.80;-102.37
63052.73;-102.37
63055.66;-102.37
63058.59;-102.53
63061.52;-102.37
63064.45;-102.37
63067.38;-102.14
63070.31;-102.14
63073.24;-102.30
63076.17;-102.37
63079.10;-102.30
63082.03;-102.30
63084.96;-102.30
63087.89;-102.53
63090.82;-102.53
63093.75;-102.69
63096.68;-102.53
63099.61;-102.22
63102.54;-102.45
63105.47;-102.69
63108.40;-102.53
63111.33;-102.37
63114.26;-102.61
63117.19;-102.45
63120.12;-102.37
63123.05;-102.45
63125.98;-102.37
63128.91;-102.37
63131.84;-102.53
63134.77;-102.53
63137.70;-102.45
63140.63;-102.53
63143.55;-102.53
63146.48;-102.61
63149.41;-102.53
63152.34;-102.22
63155.27;-102.37
63158.20;-102.69
63161.13;-102.30
63164.06;-102.22
63166.99;-102.22
63169.92;-102.06
63172.85;-102.61
63175.78;-102.53
63178.71;-102.53
63181.64;-102.69
63184.57;-102.76
63187.50;-102.92
63190.43;-102.76
63193.36;-102.61
63196.29;-102.61
63199.22;-102.14
63202.15;-102.30
63205.08;-102.30
63208.01;-102.53
63210.94;-102.45
63213.87;-102.45
63216.80;-102.45
63219.73;-102.30
63222.66;-102.53
63225.59;-102.53
63228.52;-102.45
63231.45;-102.61
63234.38;-102.61
63237.30;-102.45
63240.23;-102.30
63243.16;-102.37
63246.09;-102.45
63249.02;-102.45
63251.95;-102.69
63254.88;-102.45
63257.81;-102.53
63260.74;-102.45
63263.67;-102.22
63266.60;-102.22
63269.53;-102.30
63272.46;-102.30
63275.39;-102.22
63278.32;-102.37
63281.25;-102.61
63284.18;-102.76
63287.11;-102.84
63290.04;-102.69
63292.97;-102.37
63295.90;-102.45
63298.83;-102.37
63301.76;-102.61
63304.69;-102.53
63307.62;-102.30
63310.55;-102.53
63313.48;-102.45
63316.41;-102.53
63319.34;-102.69
63322.27;-102.92
63325.20;-102.53
63328.13;-102.53
63331.05;-102.61
63333.98;-102.45
63336.91;-102.45
63339.84;-102.69
63342.77;-102.53
63345.70;-102.53
63348.63;-102.61
63351.56;-102.37
63354.49;-102.45
63357.42;-102.37
63360.35;-102.30
63363.28;-102.45
63366.21;-102.61
63369.14;-102.45
63372.07;-102.61
63375.00;-102.69
63377.93;-102.76
63380.86;-102.76
63383.79;-102.84
63386.72;-102.76
63389.65;-102.53
63392.58;-102.76
63395.51;-102.61
63398.44;-102.37
63401.37;-102.30
63404.30;-102.37
63407.23;-102.45
63410.16;-102.37
63413.09;-102.45
63416.02;-102.69
63418.95;-102.53
63421.88;-102.37
63424.80;-102.37
63427.73;-102.22
63430.66;-102.37
63433.59;-102.53
63436.52;-102.61
63439.45;-102.45
63442.38;-102.53
63445.31;-102.30
63448.24;-102.45
63451.17;-102.37
63454.10;-102.84
63457.03;-102.69
63459.96;-102.37
63462.89;-102.37
63465.82;-102.69
63468.75;-102.45
63471.68;-102.30
63474.61;-102.69
63477.54;-102.45
63480.47;-102.45
63483.40;-102.45
63486.33;-102.37
63489.26;-102.45
63492.19;-102.45
63495.12;-102.45
63498.05;-102.30
63500.98;-102.53
63503.91;-102.22
63506.84;-102.45
63509.77;-102.45
63512.70;-102.45
63515.63;-102.53
63518.55;-102.37
63521.48;-102.30
63524.41;-102.45
63527.34;-102.53
63530.27;-102.61
63533.20;-102.61
63536.13;-102.76
63539.06;-102.53
63541.99;-102.69
63544.92;-102.45
63547.85;-102.22
63550.78;-102.37
63553.71;-102.45
63556.64;-102.61
63559.57;-102.61
63562.50;-102.30
63565.43;-102.37
63568.36;-102.53
63571.29;-102.45
63574.22;-102.37
63577.15;-102.53
63580.08;-102.61
63583.01;-102.22
63585.94;-102.22
63588.87;-102.69
63591.80;-102.76
63594.73;-102.45
63597.66;-102.22
63600.59;-102.30
63603.52;-102.14
63606.45;-102.22
63609.38;-101.98
63612.30;-102.22
63615.23;-102.30
63618.16;-102.45
63621.09;-102.69
63624.02;-102.69
63626.95;-102.69
63629.88;-102.76
63632.81;-102.84
63635.74;-102.69
63638.67;-102.37
63641.60;-102.53
63644.53;-102.30
63647.46;-102.22
63650.39;-102.45
63653.32;-102.45
63656.25;-102.69
63659.18;-102.76
63662.11;-102.61
63665.04;-102.69
63667.97;-102.53
63670.90;-102.53
63673.83;-102.61
63676.76;-102.45
63679.69;-102.37
63682.62;-102.37
63685.55;-102.76
63688.48;-102.84
63691.41;-102.76
63694.34;-102.45
63697.27;-102.53
63700.20;-102.45
63703.13;-102.61
63706.05;-102.45
63708.98;-102.37
63711.91;-102.30
63714.84;-102.37
63717.77;-102.45
63720.70;-102.45
63723.63;-102.76
63726.56;-102.61
63729.49;-102.30
63732.42;-102.45
63735.35;-102.53
63738.28;-102.69
63741.21;-102.53
63744.14;-102.14
63747.07;-102.22
63750.00;-102.30
63752.93;-102.69
63755.86;-102.61
63758.79;-102.61
63761.72;-102.53
63764.65;-102.53
63767.58;-102.53
63770.51;-102.22
63773.44;-102.53
63776.37;-102.76
63779.30;-102.69
63782.23;-102.61
63785.16;-102.61
63788.09;-102.61
63791.02;-102.53
63793.95;-102.53
63796.88;-102.69
63799.80;-102.76
63802.73;-102.53
63805.66;-102.45
63808.59;-102.45
63811.52;-102.45
63814.45;-102.61
63817.38;-102.76
63820.31;-102.76
63823.24;-102.53
63826.17;-102.53
63829.10;-102.84
63832.03;-102.84
63834.96;-102.61
63837.89;-102.69
63840.82;-102.76
63843.75;-102.61
63846.68;-102.45
63849.61;-102.53
63852.54;-102.84
63855.47;-102.61
63858.40;-102.45
63861.33;-102.69
63864.26;-102.69
63867.19;-102.69
63870.12;-102.76
63873.05;-102.69
63875.98;-102.61
63878.91;-102.45
63881.84;-102.30
63884.77;-102.37
63887.70;-102.53
63890.63;-102.45
63893.55;-102.37
63896.48;-102.61
63899.41;-102.69
63902.34;-102.30
63905.27;-102.37
63908.20;-102.53
63911.13;-102.76
63914.06;-102.53
63916.99;-102.37
63919.92;-102.30
63922.85;-102.61
63925.78;-102.69
63928.71;-102.45
63931.64;-102.37
63934.57;-102.45
63937.50;-102.30
63940.43;-102.22
63943.36;-102.45
63946.29;-102.37
63949.22;-102.69
63952.15;-102.69
63955.08;-102.53
63958.01;-102.69
63960.94;-102.53
63963.87;-102.53
63966.80;-102.76
63969.73;-102.37
63972.66;-102.22
63975.59;-102.30
63978.52;-102.37
63981.45;-102.53
63984.38;-102.37
63987.30;-102.61
63990.23;-102.76
63993.16;-102.37
63996.09;-102.30
63999.02;-102.45
64001.95;-102.37
64004.88;-102.69
64007.81;-102.69
64010.74;-102.53
64013.67;-102.69
64016.60;-102.69
64019.53;-102.53
64022.46;-102.45
64025.39;-102.37
64028.32;-102.37
64031.25;-102.76
64034.18;-102.84
64037.11;-102.61
64040.04;-102.69
64042.97;-102.45
64045.90;-102.30
64048.83;-102.37
64051.76;-102.45
64054.69;-102.45
64057.62;-102.37
64060.55;-102.37
64063.48;-102.69
64066.41;-102.69
64069.34;-102.45
64072.27;-102.45
64075.20;-102.30
64078.13;-102.45
64081.05;-102.45
64083.98;-102.53
64086.91;-102.45
64089.84;-102.45
64092.77;-102.76
64095.70;-102.53
64098.63;-102.37
64101.56;-102.76
64104.49;-102.84
64107.42;-102.76
64110.35;-102.61
64113.28;-102.45
64116.21;-102.14
64119.14;-102.53
64122.07;-102.84
64125.00;-102.53
64127.93;-102.45
64130.86;-102.30
64133.79;-102.30
64136.72;-102.69
64139.65;-102.76
64142.58;-102.69
64145.51;-102.37
64148.44;-102.53
64151.37;-102.45
64154.30;-102.45
64157.23;-102.61
64160.16;-102.69
64163.09;-102.37
64166.02;-102.45
64168.95;-102.37
64171.88;-102.37
64174.80;-102.45
64177.73;-102.30
64180.66;-102.30
64183.59;-102.37
64186.52;-102.37
64189.45;-102.69
64192.38;-102.61
64195.31;-102.69
64198.24;-102.45
64201.17;-102.61
64204.10;-102.61
64207.03;-102.84
64209.96;-102.76
64212.89;-102.53
64215.82;-102.53
64218.75;-102.53
64221.68;-102.61
64224.61;-102.37
64227.54;-102.45
64230.47;-102.76
64233.40;-102.69
64236.33;-102.69
64239.26;-102.69
64242.19;-102.45
64245.12;-102.61
64248.05;-102.69
64250.98;-102.61
64253.91;-102.53
64256.84;-102.61
64259.77;-102.84
64262.70;-102.45
64265.63;-102.61
64268.55;-102.53
64271.48;-102.37
64274.41;-102.69
64277.34;-102.69
64280.27;-102.53
64283.20;-102.61
64286.13;-102.76
64289.06;-102.84
64291.99;-102.69
64294.92;-102.45
64297.85;-102.30
64300.78;-102.61
64303.71;-102.84
64306.64;-102.61
64309.57;-102.53
64312.50;-102.61
64315.43;-102.61
64318.36;-102.92
64321.29;-102.69
64324.22;-102.53
64327.15;-102.37
64330.08;-102.30
64333.01;-102.45
64335.94;-102.53
64338.87;-102.76
64341.80;-102.53
64344.73;-102.53
64347.66;-102.53
64350.59;-102.45
64353.52;-102.69
64356.45;-102.61
64359.38;-102.53
64362.30;-102.37
64365.23;-102.37
64368.16;-102.30
64371.09;-102.61
64374.02;-102.76
64376.95;-102.61
64379.88;-102.53
64382.81;-102.84
64385.74;-102.76
64388.67;-102.45
64391.60;-102.53
64394.53;-102.30
64397.46;-102.30
64400.39;-102.45
64403.32;-102.45
64406.25;-102.37
64409.18;-102.45
64412.11;-102.53
64415.04;-102.53
64417.97;-102.61
64420.90;-102.22
64423.83;-102.45
64426.76;-102.53
64429.69;-102.45
64432.62;-102.61
64435.55;-102.61
64438.48;-102.30
64441.41;-102.14
64444.34;-102.22
64447.27;-102.45
64450.20;-102.76
64453.13;-102.61
64456.05;-102.61
64458.98;-102.84
64461.91;-102.84
64464.84;-102.84
64467.77;-102.84
64470.70;-102.92
64473.63;-102.76
64476.56;-102.37
64479.49;-102.53
64482.42;-102.69
64485.35;-102.45
64488.28;-102.76
64491.21;-102.92
64494.14;-102.37
64497.07;-102.22
64500.00;-102.37
64502.93;-102.61
64505.86;-102.69
64508.79;-102.37
64511.72;-102.53
64514.65;-102.45
64517.58;-102.37
64520.51;-102.69
64523.44;-102.76
64526.37;-102.76
64529.30;-102.61
64532.23;-102.45
64535.16;-102.45
64538.09;-102.53
64541.02;-102.45
64543.95;-102.61
64546.88;-102.76
64549.80;-102.61
64552.73;-102.61
64555.66;-102.53
64558.59;-102.45
64561.52;-102.76
64564.45;-102.69
64567.38;-102.14
64570.31;-102.06
64573.24;-102.61
64576.17;-102.61
64579.10;-102.61
64582.03;-102.76
64584.96;-102.53
64587.89;-102.53
64590.82;-102.45
64593.75;-102.37
64596.68;-102.45
64599.61;-102.69
64602.54;-102.69
64605.47;-102.61
64608.40;-102.61
64611.33;-102.61
64614.26;-102.45
64617.19;-102.37
64620.12;-102.37
64623.05;-102.53
64625.98;-102.45
64628.91;-102.53
64631.84;-102.76
64634.77;-102.84
64637.70;-102.53
64640.63;-102.45
64643.55;-102.37
64646.48;-102.45
64649.41;-102.61
64652.34;-102.76
64655.27;-102.76
64658.20;-102.53
64661.13;-102.61
64664.06;-102.45
64666.99;-102.37
64669.92;-102.37
64672.85;-102.45
64675.78;-102.84
64678.71;-102.76
64681.64;-102.69
64684.57;-102.53
64687.50;-102.76
64690.43;-102.76
64693.36;-102.53
64696.29;-102.30
64699.22;-102.69
64702.15;-102.53
64705.08;-102.45
64708.01;-102.53
64710.94;-102.61
64713.87;-102.45
64716.80;-102.76
64719.73;-102.61
64722.66;-102.61
64725.59;-102.37
64728.52;-102.45
64731.45;-102.30
64734.38;-102.22
64737.30;-102.53
64740.23;-102.53
64743.16;-102.45
64746.09;-102.69
64749.02;-102.84
64751.95;-102.69
64754.88;-102.53
64757.81;-102.14
64760.74;-102.22
64763.67;-102.53
64766.60;-102.69
64769.53;-102.69
64772.46;-102.76
64775.39;-102.53
64778.32;-102.61
64781.25;-102.69
64784.18;-102.61
64787.11;-102.45
64790.04;-102.69
64792.97;-102.61
64795.90;-102.53
64798.83;-102.69
64801.76;-102.69
64804.69;-102.69
64807.62;-102.53
64810.55;-102.37
64813.48;-102.61
64816.41;-102.45
64819.34;-102.53
64822.27;-102.61
64825.20;-102.45
64828.13;-102.22
64831.05;-102.30
64833.98;-102.30
64836.91;-102.45
64839.84;-102.53
64842.77;-103.00
64845.70;-102.76
64848.63;-102.45
64851.56;-102.37
64854.49;-102.61
64857.42;-102.45
64860.35;-102.53
64863.28;-102.53
64866.21;-102.69
64869.14;-102.61
64872.07;-102.45
64875.00;-102.53
64877.93;-102.69
64880.86;-102.45
64883.79;-102.45
64886.72;-102.45
64889.65;-102.61
64892.58;-102.61
64895.51;-102.53
64898.44;-102.30
64901.37;-102.37
64904.30;-102.76
64907.23;-102.61
64910.16;-102.30
64913.09;-102.45
64916.02;-102.61
64918.95;-102.53
64921.88;-102.45
64924.80;-102.37
64927.73;-102.76
64930.66;-102.53
64933.59;-102.45
64936.52;-102.69
64939.45;-102.53
64942.38;-102.53
64945.31;-102.45
64948.24;-102.53
64951.17;-102.53
64954.10;-102.61
64957.03;-102.61
64959.96;-102.69
64962.89;-102.69
64965.82;-102.76
64968.75;-102.69
64971.68;-102.45
64974.61;-102.22
64977.54;-102.37
64980.47;-102.45
64983.40;-102.61
64986.33;-102.61
64989.26;-102.37
64992.19;-102.30
64995.12;-102.22
64998.05;-102.37
65000.98;-102.22
65003.91;-102.30
65006.84;-102.76
65009.77;-102.53
65012.70;-102.53
65015.63;-102.53
65018.55;-102.37
65021.48;-102.69
65024.41;-102.69
65027.34;-102.37
65030.27;-102.53
65033.20;-102.45
65036.13;-102.76
65039.06;-102.69
65041.99;-102.45
65044.92;-102.61
65047.85;-102.45
65050.78;-102.53
65053.71;-102.76
65056.64;-102.69
65059.57;-102.45
65062.50;-102.45
65065.43;-102.61
65068.36;-102.69
65071.29;-102.61
65074.22;-102.61
65077.15;-102.53
65080.08;-102.69
65083.01;-102.30
65085.94;-102.45
65088.87;-102.45
65091.80;-102.53
65094.73;-102.53
65097.66;-102.37
65100.59;-102.30
65103.52;-102.69
65106.45;-102.61
65109.38;-102.76
65112.30;-102.92
65115.23;-102.76
65118.16;-102.45
65121.09;-102.53
65124.02;-102.61
65126.95;-102.61
65129.88;-102.45
65132.81;-102.61
65135.74;-102.76
65138.67;-102.92
65141.60;-102.69
65144.53;-102.69
65147.46;-102.92
65150.39;-102.69
65153.32;-102.69
65156.25;-102.53
65159.18;-102.22
65162.11;-102.30
65165.04;-102.61
65167.97;-102.69
65170.90;-102.76
65173.83;-102.61
65176.76;-102.30
65179.69;-102.37
65182.62;-102.45
65185.55;-102.76
65188.48;-102.84
65191.41;-102.61
65194.34;-102.14
65197.27;-102.37
65200.20;-102.76
65203.13;-102.61
65206.05;-102.53
65208.98;-102.61
65211.91;-102.61
65214.84;-102.61
65217.77;-102.76
65220.70;-102.53
65223.63;-102.53
65226.56;-102.22
65229.49;-102.30
65232.42;-102.45
65235.35;-102.61
65238.28;-102.61
65241.21;-102.53
65244.14;-102.37
65247.07;-102.30
65250.00;-102.53
65252.93;-102.53
65255.86;-102.30
65258.79;-102.53
65261.72;-102.92
65264.65;-102.69
65267.58;-102.69
65270.51;-102.69
65273.44;-102.76
65276.37;-102.45
65279.30;-102.45
65282.23;-102.53
65285.16;-102.53
65288.09;-102.30
65291.02;-102.37
65293.95;-102.45
65296.88;-102.61
65299.80;-102.76
65302.73;-102.61
65305.66;-102.45
65308.59;-102.53
65311.52;-102.61
65314.45;-102.45
65317.38;-102.45
65320.31;-102.53
65323.24;-102.61
65326.17;-102.53
65329.10;-102.53
65332.03;-102.76
65334.96;-102.53
65337.89;-102.53
65340.82;-102.69
65343.75;-102.45
65346.68;-102.30
65349.61;-102.22
65352.54;-102.22
65355.47;-102.37
65358.40;-102.45
65361.33;-102.69
65364.26;-102.69
65367.19;-102.53
65370.12;-102.45
65373.05;-102.53
65375.98;-102.53
65378.91;-102.45
65381.84;-102.30
65384.77;-102.45
65387.70;-102.69
65390.63;-102.61
65393.55;-102.45
65396.48;-102.45
65399.41;-102.61
65402.34;-102.45
65405.27;-102.37
65408.20;-102.45
65411.13;-102.69
65414.06;-102.45
65416.99;-102.30
65419.92;-102.76
65422.85;-102.61
65425.78;-102.45
65428.71;-102.30
65431.64;-102.30
65434.57;-102.22
65437.50;-102.30
65440.43;-102.61
65443.36;-102.45
65446.29;-102.22
65449.22;-102.37
65452.15;-102.53
65455.08;-102.76
65458.01;-102.53
65460.94;-102.45
65463.87;-102.61
65466.80;-102.84
65469.73;-102.69
65472.66;-102.45
65475.59;-102.30
65478.52;-102.30
65481.45;-102.53
65484.38;-102.76
65487.30;-102.53
65490.23;-102.30
65493.16;-102.53
65496.09;-102.61
65499.02;-102.30
65501.95;-102.53
65504.88;-102.76
65507.81;-102.69
65510.74;-102.37
65513.67;-102.30
65516.60;-102.37
65519.53;-102.45
65522.46;-102.37
65525.39;-102.45
65528.32;-102.22
65531.25;-102.53
65534.18;-102.69
65537.11;-102.53
65540.04;-102.22
65542.97;-102.61
65545.90;-102.61
65548.83;-102.45
65551.76;-102.37
65554.69;-102.37
65557.62;-102.22
65560.55;-102.45
65563.48;-102.76
65566.41;-102.53
65569.34;-102.53
65572.27;-102.76
65575.20;-102.53
65578.13;-102.53
65581.05;-102.53
65583.98;-102.53
65586.91;-102.61
65589.84;-102.53
65592.77;-102.45
65595.70;-102.45
65598.63;-102.61
65601.56;-102.69
65604.49;-102.69
65607.42;-102.53
65610.35;-102.37
65613.28;-102.30
65616.21;-102.14
65619.14;-102.45
65622.07;-102.92
65625.00;-103.08
65627.93;-102.69
65630.86;-102.76
65633.79;-102.69
65636.72;-102.45
65639.65;-101.98
65642.58;-102.37
65645.51;-102.53
65648.44;-102.45
65651.37;-102.30
65654.30;-102.22
65657.23;-102.61
65660.16;-102.84
65663.09;-102.53
65666.02;-102.53
65668.95;-102.61
65671.88;-102.76
65674.80;-102.69
65677.73;-102.30
65680.66;-102.61
65683.59;-102.92
65686.52;-102.76
65689.45;-102.61
65692.38;-102.45
65695.31;-102.53
65698.24;-102.61
65701.17;-102.53
65704.10;-102.30
65707.03;-102.37
65709.96;-102.45
65712.89;-102.53
65715.82;-102.45
65718.75;-102.61
65721.68;-102.84
65724.61;-102.76
65727.54;-102.69
65730.47;-102.76
65733.40;-102.53
65736.33;-102.45
65739.26;-102.53
65742.19;-102.53
65745.12;-102.53
65748.05;-102.45
65750.98;-102.45
65753.91;-102.37
65756.84;-102.61
65759.77;-102.61
65762.70;-102.61
65765.63;-102.69
65768.55;-102.69
65771.48;-102.61
65774.41;-102.45
65777.34;-102.76
65780.27;-102.61
65783.20;-102.69
65786.13;-102.69
65789.06;-102.69
65791.99;-102.92
65794.92;-102.61
65797.85;-102.53
65800.78;-102.92
65803.71;-102.69
65806.64;-102.53
65809.57;-102.69
65812.50;-102.61
65815.43;-102.37
65818.36;-102.45
65821.29;-102.30
65824.22;-102.14
65827.15;-102.45
65830.08;-102.37
65833.01;-102.22
65835.94;-102.37
65838.87;-102.53
65841.80;-102.53
65844.73;-102.76
65847.66;-102.92
65850.59;-102.76
65853.52;-102.61
65856.45;-102.69
65859.38;-102.76
65862.30;-102.76
65865.23;-102.61
65868.16;-102.45
65871.09;-102.30
65874.02;-102.61
65876.95;-102.76
65879.88;-102.45
65882.81;-102.61
65885.74;-102.61
65888.67;-102.69
65891.60;-102.61
65894.53;-102.53
65897.46;-102.61
65900.39;-102.45
65903.32;-102.61
65906.25;-102.76
65909.18;-102.84
65912.11;-102.84
65915.04;-102.61
65917.97;-102.61
65920.90;-102.69
65923.83;-102.76
65926.76;-102.69
65929.69;-102.61
65932.62;-102.61
65935.55;-102.61
65938.48;-102.69
65941.41;-102.61
65944.34;-102.37
65947.27;-102.30
65950.20;-102.53
65953.13;-102.45
65956.05;-102.30
65958.98;-102.37
65961.91;-102.61
65964.84;-102.76
65967.77;-102.69
65970.70;-102.61
65973.63;-102.69
65976.56;-102.76
65979.49;-102.76
65982.42;-102.14
65985.35;-102.30
65988.28;-102.76
65991.21;-102.84
65994.14;-102.84
65997.07;-102.69
66000.00;-102.61
66002.93;-102.76
66005.86;-102.84
66008.79;-102.76
66011.72;-102.53
66014.65;-102.69
66017.58;-102.53
66020.51;-102.37
66023.44;-102.37
66026.37;-102.45
66029.30;-102.53
66032.23;-102.45
66035.16;-102.61
66038.09;-102.69
66041.02;-102.45
66043.95;-102.45
66046.88;-102.45
66049.80;-102.45
66052.73;-102.53
66055.66;-102.22
66058.59;-102.37
66061.52;-102.37
66064.45;-102.69
66067.38;-102.45
66070.31;-102.37
66073.24;-102.45
66076.17;-102.53
66079.10;-102.30
66082.03;-102.14
66084.96;-102.30
66087.89;-102.53
66090.82;-102.84
66093.75;-102.61
66096.68;-102.30
66099.61;-102.37
66102.54;-102.45
66105.47;-102.69
66108.40;-102.76
66111.33;-102.76
66114.26;-102.61
66117.19;-102.45
66120.12;-102.61
66123.05;-102.53
66125.98;-102.30
66128.91;-102.14
66131.84;-102.14
66134.77;-102.30
66137.70;-102.69
66140.63;-102.92
66143.55;-102.61
66146.48;-102.37
66149.41;-102.45
66152.34;-102.53
66155.27;-102.53
66158.20;-102.61
66161.13;-102.53
66164.06;-102.30
66166.99;-102.14
66169.92;-102.69
66172.85;-102.53
66175.78;-102.45
66178.71;-102.53
66181.64;-102.45
66184.57;-102.61
66187.50;-102.53
66190.43;-102.61
66193.36;-102.76
66196.29;-102.84
66199.22;-102.92
66202.15;-102.69
66205.08;-102.92
66208.01;-103.00
66210.94;-102.69
66213.87;-102.45
66216.80;-102.37
66219.73;-102.37
66222.66;-102.53
66225.59;-102.37
66228.52;-102.45
66231.45;-102.45
66234.38;-102.53
66237.30;-102.45
66240.23;-102.45
66243.16;-102.37
66246.09;-102.37
66249.02;-102.61
66251.95;-102.76
66254.88;-102.76
66257.81;-102.69
66260.74;-102.76
66263.67;-102.61
66266.60;-102.45
66269.53;-102.61
66272.46;-102.61
66275.39;-102.37
66278.32;-102.30
66281.25;-102.53
66284.18;-102.37
66287.11;-102.45
66290.04;-102.45
66292.97;-102.30
66295.90;-102.53
66298.83;-102.53
66301.76;-102.76
66304.69;-102.69
66307.62;-102.61
66310.55;-102.45
66313.48;-102.22
66316.41;-102.37
66319.34;-102.53
66322.27;-102.76
66325.20;-102.30
66328.13;-102.14
66331.05;-102.45
66333.98;-102.45
66336.91;-102.37
66339.84;-102.37
66342.77;-102.30
66345.70;-102.37
66348.63;-102.61
66351.56;-102.69
66354.49;-102.53
66357.42;-102.45
66360.35;-102.30
66363.28;-102.37
66366.21;-102.61
66369.14;-102.61
66372.07;-102.14
66375.00;-102.06
66377.93;-102.37
66380.86;-102.69
66383.79;-102.61
66386.72;-102.53
66389.65;-102.37
66392.58;-102.45
66395.51;-102.61
66398.44;-102.84
66401.37;-102.61
66404.30;-102.53
66407.23;-102.53
66410.16;-102.53
66413.09;-102.69
66416.02;-102.76
66418.95;-102.53
66421.88;-102.53
66424.80;-102.53
66427.73;-102.61
66430.66;-102.84
66433.59;-102.76
66436.52;-102.61
66439.45;-102.45
66442.38;-102.53
66445.31;-102.84
66448.24;-102.61
66451.17;-102.61
66454.10;-102.61
66457.03;-102.76
66459.96;-102.61
66462.89;-102.53
66465.82;-102.45
66468.75;-102.22
66471.68;-102.37
66474.61;-102.61
66477.54;-102.84
66480.47;-102.69
66483.40;-102.22
66486.33;-102.45
66489.26;-102.69
66492.19;-102.61
66495.12;-102.69
66498.05;-102.84
66500.98;-102.76
66503.91;-102.30
66506.84;-102.76
66509.77;-102.84
66512.70;-102.61
66515.63;-102.53
66518.55;-102.37
66521.48;-102.45
66524.41;-102.37
66527.34;-102.61
66530.27;-102.69
66533.20;-102.53
66536.13;-102.53
66539.06;-102.76
66541.99;-102.69
66544.92;-102.69
66547.85;-102.45
66550.78;-102.53
66553.71;-102.61
66556.64;-102.69
66559.57;-102.45
66562.50;-102.61
66565.43;-102.61
66568.36;-102.37
66571.29;-102.61
66574.22;-102.61
66577.15;-102.69
66580.08;-102.76
66583.01;-102.61
66585.94;-102.61
66588.87;-102.45
66591.80;-102.22
66594.73;-102.37
66597.66;-102.61
66600.59;-102.61
66603.52;-102.61
66606.45;-102.69
66609.38;-102.69
66612.30;-102.69
66615.23;-102.61
66618.16;-102.53
66621.09;-102.53
66624.02;-102.45
66626.95;-102.37
66629.88;-102.53
66632.81;-102.53
66635.74;-102.76
66638.67;-102.76
66641.60;-102.61
66644.53;-102.37
66647.46;-102.53
66650.39;-102.69
66653.32;-102.45
66656.25;-102.30
66659.18;-102.37
66662.11;-102.30
66665.04;-102.45
66667.97;-102.69
66670.90;-102.53
66673.83;-102.53
66676.76;-102.76
66679.69;-102.45
66682.62;-102.69
66685.55;-102.69
66688.48;-102.53
66691.41;-102.45
66694.34;-102.37
66697.27;-102.37
66700.20;-102.53
66703.13;-102.76
66706.05;-102.92
66708.98;-102.61
66711.91;-102.61
66714.84;-102.45
66717.77;-102.61
66720.70;-102.76
66723.63;-102.76
66726.56;-102.53
66729.49;-102.22
66732.42;-102.45
66735.35;-102.53
66738.28;-102.76
66741.21;-102.84
66744.14;-102.53
66747.07;-102.45
66750.00;-102.45
66752.93;-102.53
66755.86;-102.45
66758.79;-102.53
66761.72;-102.53
66764.65;-102.37
66767.58;-102.45
66770.51;-102.45
66773.44;-102.37
66776.37;-102.14
66779.30;-102.45
66782.23;-102.69
66785.16;-102.53
66788.09;-102.45
66791.02;-102.61
66793.95;-102.53
66796.88;-102.30
66799.80;-102.53
66802.73;-102.61
66805.66;-102.30
66808.59;-102.53
66811.52;-102.53
66814.45;-102.45
66817.38;-102.45
66820.31;-102.53
66823.24;-102.69
66826.17;-102.53
66829.10;-103.00
66832.03;-102.92
66834.96;-102.84
66837.89;-102.84
66840.82;-102.53
66843.75;-102.61
66846.68;-102.61
66849.61;-102.76
66852.54;-102.92
66855.47;-102.84
66858.40;-102.76
66861.33;-102.76
66864.26;-102.53
66867.19;-102.45
66870.12;-102.69
66873.05;-102.45
66875.98;-102.61
66878.91;-102.61
66881.84;-102.37
66884.77;-102.53
66887.70;-102.53
66890.63;-102.53
66893.55;-102.53
66896.48;-102.53
66899.41;-102.45
66902.34;-102.37
66905.27;-102.37
66908.20;-102.37
66911.13;-102.22
66914.06;-102.37
66916.99;-102.37
66919.92;-102.22
66922.85;-102.45
66925.78;-102.61
66928.71;-102.53
66931.64;-102.69
66934.57;-102.76
66937.50;-102.53
66940.43;-102.61
66943.36;-102.61
66946.29;-102.53
66949.22;-102.61
66952.15;-102.53
66955.08;-102.37
66958.01;-102.22
66960.94;-102.37
66963.87;-102.53
66966.80;-102.69
66969.73;-102.69
66972.66;-102.76
66975.59;-102.69
66978.52;-102.61
66981.45;-102.45
66984.38;-102.45
66987.30;-102.61
66990.23;-102.37
66993.16;-102.37
66996.09;-102.69
66999.02;-102.76
67001.95;-102.45
67004.88;-102.45
67007.81;-102.76
67010.74;-102.45
67013.67;-102.22
67016.60;-102.14
67019.53;-102.69
67022.46;-102.84
67025.39;-102.37
67028.32;-102.45
67031.25;-102.61
67034.18;-102.61
67037.11;-102.30
67040.04;-102.69
67042.97;-102.84
67045.90;-102.84
67048.83;-103.08
67051.76;-102.92
67054.69;-102.45
67057.62;-102.45
67060.55;-102.76
67063.48;-102.69
67066.41;-102.76
67069.34;-102.92
67072.27;-102.76
67075.20;-102.76
67078.13;-102.84
67081.05;-102.61
67083.98;-102.61
67086.91;-102.53
67089.84;-102.37
67092.77;-102.53
67095.70;-102.76
67098.63;-102.84
67101.56;-102.69
67104.49;-102.45
67107.42;-102.76
67110.35;-102.53
67113.28;-102.37
67116.21;-102.45
67119.14;-102.61
67122.07;-102.69
67125.00;-102.53
67127.93;-102.37
67130.86;-102.37
67133.79;-102.53
67136.72;-102.45
67139.65;-102.61
67142.58;-102.61
67145.51;-102.45
67148.44;-102.53
67151.37;-102.61
67154.30;-102.53
67157.23;-102.53
67160.16;-102.53
67163.09;-102.76
67166.02;-102.53
67168.95;-102.37
67171.88;-102.53
67174.80;-102.45
67177.73;-102.69
67180.66;-102.69
67183.59;-102.69
67186.52;-102.76
67189.45;-102.61
67192.38;-102.61
67195.31;-102.69
67198.24;-102.61
67201.17;-102.61
67204.10;-102.53
67207.03;-102.45
67209.96;-102.61
67212.89;-102.53
67215.82;-102.61
67218.75;-102.53
67221.68;-102.30
67224.61;-102.61
67227.54;-102.61
67230.47;-102.45
67233.40;-102.37
67236.33;-102.37
67239.26;-102.69
67242.19;-102.61
67245.12;-102.37
67248.05;-102.53
67250.98;-102.61
67253.91;-102.45
67256.84;-102.37
67259.77;-102.53
67262.70;-102.61
67265.63;-102.76
67268.55;-102.76
67271.48;-103.08
67274.41;-102.76
67277.34;-102.37
67280.27;-102.61
67283.20;-102.84
67286.13;-102.76
67289.06;-102.61
67291.99;-102.37
67294.92;-102.14
67297.85;-102.61
67300.78;-102.69
67303.71;-102.76
67306.64;-102.69
67309.57;-102.45
67312.50;-102.45
67315.43;-102.45
67318.36;-102.45
67321.29;-102.45
67324.22;-102.69
67327.15;-102.69
67330.08;-102.84
67333.01;-103.00
67335.94;-103.00
67338.87;-103.00
67341.80;-102.92
67344.73;-102.45
67347.66;-102.53
67350.59;-102.53
67353.52;-102.84
67356.45;-102.92
67359.38;-102.61
67362.30;-102.45
67365.23;-102.37
67368.16;-102.45
67371.09;-102.53
67374.02;-102.53
67376.95;-102.76
67379.88;-102.61
67382.81;-102.53
67385.74;-102.45
67388.67;-102.37
67391.60;-102.69
67394.53;-102.76
67397.46;-102.69
67400.39;-102.61
67403.32;-102.53
67406.25;-102.53
67409.18;-102.61
67412.11;-102.76
67415.04;-102.53
67417.97;-102.45
67420.90;-102.37
67423.83;-102.53
67426.76;-102.53
67429.69;-102.45
67432.62;-102.69
67435.55;-102.76
67438.48;-102.61
67441.41;-102.61
67444.34;-102.53
67447.27;-102.45
67450.20;-102.53
67453.13;-102.92
67456.05;-102.92
67458.98;-102.61
67461.91;-102.69
67464.84;-102.69
67467.77;-102.61
67470.70;-102.53
67473.63;-102.45
67476.56;-102.61
67479.49;-102.69
67482.42;-102.69
67485.35;-102.61
67488.28;-102.53
67491.21;-102.53
67494.14;-102.61
67497.07;-102.45
67500.00;-102.22
67502.93;-102.53
67505.86;-102.69
67508.79;-102.69
67511.72;-102.61
67514.65;-102.45
67517.58;-102.37
67520.51;-102.76
67523.44;-102.69
67526.37;-102.45
67529.30;-102.76
67532.23;-102.61
67535.16;-102.61
67538.09;-102.61
67541.02;-102.37
67543.95;-102.37
67546.88;-102.45
67549.80;-102.45
67552.73;-102.37
67555.66;-102.45
67558.59;-102.61
67561.52;-102.69
67564.45;-102.61
67567.38;-102.45
67570.31;-102.69
67573.24;-102.76
67576.17;-102.37
67579.10;-102.45
67582.03;-102.61
67584.96;-102.69
67587.89;-102.45
67590.82;-102.69
67593.75;-102.61
67596.68;-102.61
67599.61;-102.61
67602.54;-102.53
67605.47;-102.61
67608.40;-102.69
67611.33;-102.61
67614.26;-102.69
67617.19;-102.61
67620.12;-102.69
67623.05;-102.53
67625.98;-102.53
67628.91;-102.69
67631.84;-102.76
67634.77;-102.69
67637.70;-102.76
67640.63;-102.76
67643.55;-102.45
67646.48;-102.37
67649.41;-102.45
67652.34;-102.61
67655.27;-102.69
67658.20;-102.61
67661.13;-102.84
67664.06;-102.76
67666.99;-102.69
67669.92;-102.53
67672.85;-102.45
67675.78;-102.61
67678.71;-102.76
67681.64;-102.61
67684.57;-102.53
67687.50;-102.45
67690.43;-102.53
67693.36;-102.61
67696.29;-102.61
67699.22;-102.61
67702.15;-102.53
67705.08;-102.92
67708.01;-102.76
67710.94;-102.53
67713.87;-102.69
67716.80;-102.61
67719.73;-102.61
67722.66;-102.45
67725.59;-102.37
67728.52;-102.53
67731.45;-102.45
67734.38;-102.61
67737.30;-102.53
67740.23;-102.37
67743.16;-102.53
67746.09;-102.61
67749.02;-102.61
67751.95;-102.53
67754.88;-102.61
67757.81;-102.53
67760.74;-102.45
67763.67;-102.53
67766.60;-102.69
67769.53;-102.69
67772.46;-102.53
67775.39;-102.76
67778.32;-102.61
67781.25;-102.53
67784.18;-102.61
67787.11;-102.69
67790.04;-102.45
67792.97;-102.61
67795.90;-102.61
67798.83;-102.61
67801.76;-102.53
67804.69;-102.22
67807.62;-102.53
67810.55;-102.37
67813.48;-102.30
67816.41;-102.45
67819.34;-102.45
67822.27;-102.45
67825.20;-102.53
67828.13;-102.45
67831.05;-102.45
67833.98;-102.84
67836.91;-102.84
67839.84;-102.45
67842.77;-102.76
67845.70;-102.84
67848.63;-102.76
67851.56;-102.53
67854.49;-102.45
67857.42;-102.61
67860.35;-102.53
67863.28;-102.53
67866.21;-102.76
67869.14;-102.84
67872.07;-102.61
67875.00;-102.30
67877.93;-102.53
67880.86;-102.76
67883.79;-102.53
67886.72;-102.37
67889.65;-102.45
67892.58;-102.30
67895.51;-102.22
67898.44;-102.53
67901.37;-102.61
67904.30;-102.69
67907.23;-102.76
67910.16;-102.69
67913.09;-102.69
67916.02;-102.84
67918.95;-102.69
67921.88;-102.69
67924.80;-102.92
67927.73;-102.76
67930.66;-102.69
67933.59;-102.76
67936.52;-102.37
67939.45;-102.61
67942.38;-102.61
67945.31;-102.69
67948.24;-102.84
67951.17;-102.69
67954.10;-102.61
67957.03;-102.53
67959.96;-102.37
67962.89;-102.45
67965.82;-102.45
67968.75;-102.45
67971.68;-102.61
67974.61;-102.69
67977.54;-102.61
67980.47;-102.84
67983.40;-102.76
67986.33;-102.45
67989.26;-102.53
67992.19;-102.45
67995.12;-102.53
67998.05;-102.30
68000.98;-102.61
68003.91;-102.61
68006.84;-102.53
68009.77;-102.45
68012.70;-102.45
68015.63;-102.45
68018.55;-102.92
68021.48;-102.84
68024.41;-102.53
68027.34;-102.45
68030.27;-102.76
68033.20;-102.45
68036.13;-102.22
68039.06;-102.61
68041.99;-102.69
68044.92;-102.76
68047.85;-102.69
68050.78;-102.45
68053.71;-102.45
68056.64;-102.53
68059.57;-102.84
68062.50;-103.00
68065.43;-102.76
68068.36;-102.69
68071.29;-102.53
68074.22;-102.53
68077.15;-102.69
68080.08;-102.61
68083.01;-102.69
68085.94;-102.53
68088.87;-102.45
68091.80;-102.45
68094.73;-102.84
68097.66;-102.45
68100.59;-101.98
68103.52;-102.14
68106.45;-102.45
68109.38;-102.30
68112.30;-102.53
68115.23;-102.61
68118.16;-102.61
68121.09;-102.37
68124.02;-102.84
68126.95;-102.92
68129.88;-102.84
68132.81;-102.45
68135.74;-102.37
68138.67;-102.53
68141.60;-102.69
68144.53;-102.61
68147.46;-102.61
68150.39;-102.61
68153.32;-102.69
68156.25;-102.69
68159.18;-102.61
68162.11;-103.00
68165.04;-102.84
68167.97;-102.45
68170.90;-102.37
68173.83;-102.84
68176.76;-103.00
68179.69;-102.61
68182.62;-102.37
68185.55;-102.61
68188.48;-102.76
68191.41;-102.69
68194.34;-102.76
68197.27;-102.76
68200.20;-102.61
68203.13;-102.53
68206.05;-102.45
68208.98;-102.53
68211.91;-102.69
68214.84;-103.08
68217.77;-102.69
68220.70;-102.37
68223.63;-102.37
68226.56;-102.45
68229.49;-102.45
68232.42;-102.30
68235.35;-102.53
68238.28;-102.84
68241.21;-102.69
68244.14;-102.45
68247.07;-102.69
68250.00;-102.69
68252.93;-102.45
68255.86;-102.45
68258.79;-102.37
68261.72;-102.69
68264.65;-102.92
68267.58;-102.76
68270.51;-102.37
68273.44;-102.61
68276.37;-102.61
68279.30;-102.53
68282.23;-102.53
68285.16;-102.76
68288.09;-102.69
68291.02;-102.37
68293.95;-102.61
68296.88;-102.37
68299.80;-102.53
68302.73;-102.45
68305.66;-102.53
68308.59;-102.69
68311.52;-102.61
68314.45;-102.45
68317.38;-102.30
68320.31;-102.37
68323.24;-102.76
68326.17;-102.69
68329.10;-102.69
68332.03;-102.69
68334.96;-102.45
68337.89;-102.45
68340.82;-102.69
68343.75;-102.69
68346.68;-102.76
68349.61;-103.00
68352.54;-102.84
68355.47;-102.45
68358.40;-102.69
68361.33;-102.84
68364.26;-102.53
68367.19;-102.61
68370.12;-102.69
68373.05;-102.61
68375.98;-102.45
68378.91;-102.61
68381.84;-102.84
68384.77;-102.53
68387.70;-102.30
68390.63;-102.53
68393.55;-102.45
68396.48;-102.37
68399.41;-102.69
68402.34;-102.76
68405.27;-102.45
68408.20;-102.61
68411.13;-102.45
68414.06;-102.69
68416.99;-103.08
68419.92;-102.76
68422.85;-102.45
68425.78;-102.37
68428.71;-102.45
68431.64;-102.53
68434.57;-102.53
68437.50;-102.45
68440.43;-102.76
68443.36;-102.61
68446.29;-102.53
68449.22;-102.61
68452.15;-102.61
68455.08;-102.61
68458.01;-102.53
68460.94;-102.14
68463.87;-102.37
68466.80;-102.69
68469.73;-102.92
68472.66;-102.76
68475.59;-102.69
68478.52;-103.00
68481.45;-102.69
68484.38;-102.76
68487.30;-102.84
68490.23;-102.92
68493.16;-102.76
68496.09;-102.53
68499.02;-102.37
68501.95;-102.30
68504.88;-102.37
68507.81;-102.53
68510.74;-102.53
68513.67;-102.45
68516.60;-102.30
68519.53;-102.53
68522.46;-102.53
68525.39;-102.61
68528.32;-102.53
68531.25;-102.22
68534.18;-102.45
68537.11;-102.76
68540.04;-102.69
68542.97;-102.45
68545.90;-102.45
68548.83;-102.61
68551.76;-102.69
68554.69;-102.76
68557.62;-102.53
68560.55;-102.45
68563.48;-102.61
68566.41;-102.61
68569.34;-102.53
68572.27;-102.45
68575.20;-102.61
68578.13;-102.69
68581.05;-102.53
68583.98;-102.37
68586.91;-102.61
68589.84;-102.69
68592.77;-102.53
68595.70;-102.69
68598.63;-102.69
68601.56;-102.45
68604.49;-102.53
68607.42;-102.76
68610.35;-102.53
68613.28;-102.37
68616.21;-102.53
68619.14;-102.84
68622.07;-102.53
68625.00;-102.69
68627.93;-102.92
68630.86;-102.84
68633.79;-102.45
68636.72;-102.45
68639.65;-102.53
68642.58;-102.53
68645.51;-102.30
68648.44;-102.76
68651.37;-102.76
68654.30;-102.61
68657.23;-102.45
68660.16;-102.53
68663.09;-102.69
68666.02;-102.76
68668.95;-102.92
68671.88;-102.69
68674.80;-102.53
68677.73;-102.53
68680.66;-102.84
68683.59;-102.84
68686.52;-102.53
68689.45;-102.30
68692.38;-102.22
68695.31;-102.61
68698.24;-102.45
68701.17;-102.61
68704.10;-102.92
68707.03;-102.76
68709.96;-102.53
68712.89;-102.61
68715.82;-102.45
68718.75;-102.37
68721.68;-102.53
68724.61;-102.61
68727.54;-102.53
68730.47;-102.53
68733.40;-102.37
68736.33;-102.45
68739.26;-102.53
68742.19;-102.37
68745.12;-102.37
68748.05;-102.53
68750.98;-102.69
68753.91;-102.61
68756.84;-102.69
68759.77;-102.76
68762.70;-102.76
68765.63;-102.69
68768.55;-102.69
68771.48;-102.92
68774.41;-102.76
68777.34;-102.45
68780.27;-102.45
68783.20;-102.53
68786.13;-102.37
68789.06;-102.45
68791.99;-102.61
68794.92;-102.61
68797.85;-102.53
68800.78;-102.53
68803.71;-102.76
68806.64;-103.08
68809.57;-102.84
68812.50;-102.69
68815.43;-102.69
68818.36;-102.53
68821.29;-102.76
68824.22;-102.61
68827.15;-102.45
68830.08;-102.37
68833.01;-102.69
68835.94;-102.92
68838.87;-102.76
68841.80;-102.61
68844.73;-102.45
68847.66;-102.53
68850.59;-102.37
68853.52;-102.53
68856.45;-102.69
68859.38;-102.61
68862.30;-102.53
68865.23;-102.53
68868.16;-102.30
68871.09;-102.45
68874.02;-102.45
68876.95;-102.76
68879.88;-102.92
68882.81;-102.61
68885.74;-102.61
68888.67;-102.37
68891.60;-102.30
68894.53;-102.61
68897.46;-102.53
68900.39;-102.53
68903.32;-102.37
68906.25;-102.45
68909.18;-102.69
68912.11;-102.84
68915.04;-102.69
68917.97;-102.45
68920.90;-102.37
68923.83;-102.61
68926.76;-102.30
68929.69;-102.61
68932.62;-102.53
68935.55;-102.61
68938.48;-102.76
68941.41;-102.84
68944.34;-102.69
68947.27;-102.69
68950.20;-102.76
68953.13;-102.61
68956.05;-102.45
68958.98;-102.45
68961.91;-102.53
68964.84;-102.61
68967.77;-102.61
68970.70;-102.53
68973.63;-102.69
68976.56;-102.61
68979.49;-102.61
68982.42;-102.45
68985.35;-102.45
68988.28;-102.45
68991.21;-102.61
68994.14;-102.69
68997.07;-102.53
69000.00;-102.84
69002.93;-102.69
69005.86;-102.53
69008.79;-102.61
69011.72;-102.53
69014.65;-102.69
69017.58;-102.76
69020.51;-102.92
69023.44;-102.45
69026.37;-102.30
69029.30;-102.45
69032.23;-102.30
69035.16;-102.37
69038.09;-102.53
69041.02;-102.61
69043.95;-102.69
69046.88;-102.69
69049.80;-102.84
69052.73;-102.76
69055.66;-102.61
69058.59;-102.37
69061.52;-102.69
69064.45;-102.76
69067.38;-102.69
69070.31;-102.61
69073.24;-102.92
69076.17;-103.00
69079.10;-102.92
69082.03;-102.69
69084.96;-102.45
69087.89;-102.30
69090.82;-102.61
69093.75;-102.84
69096.68;-102.61
69099.61;-102.61
69102.54;-102.69
69105.47;-102.61
69108.40;-102.61
69111.33;-102.53
69114.26;-102.45
69117.19;-102.69
69120.12;-102.45
69123.05;-102.53
69125.98;-102.61
69128.91;-102.61
69131.84;-102.45
69134.77;-102.61
69137.70;-102.84
69140.63;-102.76
69143.55;-102.61
69146.48;-102.53
69149.41;-102.61
69152.34;-102.53
69155.27;-102.61
69158.20;-102.53
69161.13;-102.45
69164.06;-102.53
69166.99;-102.53
69169.92;-102.61
69172.85;-102.53
69175.78;-102.69
69178.71;-102.76
69181.64;-102.69
69184.57;-102.69
69187.50;-102.69
69190.43;-102.53
69193.36;-102.45
69196.29;-102.69
69199.22;-102.45
69202.15;-102.53
69205.08;-102.69
69208.01;-102.69
69210.94;-102.76
69213.87;-102.69
69216.80;-102.61
69219.73;-102.53
69222.66;-102.30
69225.59;-102.37
69228.52;-102.37
69231.45;-102.69
69234.38;-102.76
69237.30;-102.84
69240.23;-102.76
69243.16;-102.61
69246.09;-102.53
69249.02;-102.53
69251.95;-102.61
69254.88;-102.61
69257.81;-102.76
69260.74;-102.76
69263.67;-102.53
69266.60;-102.37
69269.53;-102.45
69272.46;-102.53
69275.39;-102.61
69278.32;-102.37
69281.25;-102.61
69284.18;-102.69
69287.11;-102.45
69290.04;-102.37
69292.97;-102.45
69295.90;-102.61
69298.83;-102.53
69301.76;-102.30
69304.69;-102.45
69307.62;-102.76
69310.55;-102.92
69313.48;-102.69
69316.41;-102.69
69319.34;-102.76
69322.27;-102.69
69325.20;-102.69
69328.13;-102.69
69331.05;-102.53
69333.98;-102.53
69336.91;-102.61
69339.84;-102.53
69342.77;-102.45
69345.70;-102.37
69348.63;-102.53
69351.56;-102.53
69354.49;-102.37
69357.42;-102.53
69360.35;-102.61
69363.28;-102.76
69366.21;-102.76
69369.14;-102.53
69372.07;-102.61
69375.00;-102.69
69377.93;-102.45
69380.86;-102.45
69383.79;-102.69
69386.72;-102.69
69389.65;-102.69
69392.58;-102.69
69395.51;-102.53
69398.44;-102.45
69401.37;-102.69
69404.30;-102.37
69407.23;-102.30
69410.16;-102.45
69413.09;-102.45
69416.02;-102.84
69418.95;-102.84
69421.88;-102.69
69424.80;-102.76
69427.73;-102.61
69430.66;-102.53
69433.59;-102.61
69436.52;-102.45
69439.45;-102.61
69442.38;-102.76
69445.31;-102.76
69448.24;-102.76
69451.17;-102.53
69454.10;-102.69
69457.03;-102.69
69459.96;-102.37
69462.89;-102.45
69465.82;-102.37
69468.75;-102.69
69471.68;-102.92
69474.61;-102.84
69477.54;-102.53
69480.47;-102.37
69483.40;-102.37
69486.33;-102.45
69489.26;-102.45
69492.19;-102.45
69495.12;-102.84
69498.05;-102.69
69500.98;-102.61
69503.91;-102.53
69506.84;-102.45
69509.77;-102.61
69512.70;-102.61
69515.63;-102.76
69518.55;-102.92
69521.48;-102.61
69524.41;-102.84
69527.34;-103.00
69530.27;-102.84
69533.20;-102.53
69536.13;-102.76
69539.06;-102.61
69541.99;-102.76
69544.92;-102.53
69547.85;-102.45
69550.78;-102.45
69553.71;-102.61
69556.64;-102.76
69559.57;-102.61
69562.50;-102.61
69565.43;-102.37
69568.36;-102.30
69571.29;-102.61
69574.22;-102.69
69577.15;-102.61
69580.08;-102.61
69583.01;-102.61
69585.94;-102.69
69588.87;-102.61
69591.80;-102.61
69594.73;-102.53
69597.66;-102.45
69600.59;-102.69
69603.52;-102.76
69606.45;-102.76
69609.38;-102.69
69612.30;-102.76
69615.23;-102.53
69618.16;-102.53
69621.09;-102.45
69624.02;-102.45
69626.95;-102.45
69629.88;-102.53
69632.81;-102.84
69635.74;-102.69
69638.67;-102.69
69641.60;-102.61
69644.53;-102.37
69647.46;-102.53
69650.39;-102.69
69653.32;-102.84
69656.25;-102.69
69659.18;-102.37
69662.11;-102.37
69665.04;-102.22
69667.97;-102.53
69670.90;-102.61
69673.83;-102.61
69676.76;-102.69
69679.69;-103.00
69682.62;-102.84
69685.55;-102.53
69688.48;-102.53
69691.41;-102.76
69694.34;-102.92
69697.27;-102.76
69700.20;-102.61
69703.13;-102.69
69706.05;-102.69
69708.98;-102.69
69711.91;-102.61
69714.84;-102.84
69717.77;-102.61
69720.70;-102.45
69723.63;-102.22
69726.56;-102.45
69729.49;-102.45
69732.42;-102.37
69735.35;-102.53
69738.28;-102.45
69741.21;-102.69
69744.14;-102.61
69747.07;-102.69
69750.00;-102.76
69752.93;-102.69
69755.86;-102.53
69758.79;-102.45
69761.72;-102.69
69764.65;-102.76
69767.58;-102.53
69770.51;-102.45
69773.44;-102.61
69776.37;-103.00
69779.30;-102.69
69782.23;-102.61
69785.16;-102.69
69788.09;-102.76
69791.02;-102.61
69793.95;-102.45
69796.88;-102.61
69799.80;-102.76
69802.73;-102.69
69805.66;-102.76
69808.59;-102.92
69811.52;-102.69
69814.45;-102.84
69817.38;-103.00
69820.31;-102.76
69823.24;-102.53
69826.17;-102.69
69829.10;-102.53
69832.03;-102.45
69834.96;-102.61
69837.89;-102.61
69840.82;-102.92
69843.75;-102.84
69846.68;-102.37
69849.61;-102.45
69852.54;-102.61
69855.47;-102.76
69858.40;-102.69
69861.33;-102.53
69864.26;-102.53
69867.19;-102.37
69870.12;-102.53
69873.05;-102.69
69875.98;-102.69
69878.91;-102.76
69881.84;-102.45
69884.77;-102.45
69887.70;-102.69
69890.63;-102.69
69893.55;-102.84
69896.48;-103.00
69899.41;-102.84
69902.34;-102.76
69905.27;-102.69
69908.20;-102.61
69911.13;-102.45
69914.06;-102.61
69916.99;-102.69
69919.92;-102.69
69922.85;-102.69
69925.78;-102.61
69928.71;-102.61
69931.64;-102.61
69934.57;-102.76
69937.50;-102.92
69940.43;-102.53
69943.36;-102.61
69946.29;-102.61
69949.22;-102.53
69952.15;-103.00
69955.08;-103.00
69958.01;-103.08
69960.94;-102.76
69963.87;-102.53
69966.80;-102.22
69969.73;-102.22
69972.66;-102.37
69975.59;-102.69
69978.52;-102.84
69981.45;-102.76
69984.38;-102.53
69987.30;-102.30
69990.23;-102.61
69993.16;-102.37
69996.09;-102.45
69999.02;-102.76
70001.95;-103.08
70004.88;-102.69
70007.81;-102.69
70010.74;-102.76
70013.67;-102.76
70016.60;-102.92
70019.53;-102.84
70022.46;-102.76
70025.39;-102.53
70028.32;-102.84
70031.25;-102.76
70034.18;-102.69
70037.11;-102.76
70040.04;-102.92
70042.97;-102.53
70045.90;-102.22
70048.83;-102.53
70051.76;-102.69
70054.69;-102.45
70057.62;-102.69
70060.55;-102.69
70063.48;-102.76
70066.41;-102.69
70069.34;-102.76
70072.27;-102.84
70075.20;-103.00
70078.13;-102.84
70081.05;-102.69
70083.98;-102.61
70086.91;-102.76
70089.84;-102.69
70092.77;-102.61
70095.70;-102.45
70098.63;-102.61
70101.56;-102.37
70104.49;-102.30
70107.42;-102.53
70110.35;-102.61
70113.28;-102.53
70116.21;-102.37
70119.14;-102.61
70122.07;-102.69
70125.00;-102.53
70127.93;-102.53
70130.86;-102.45
70133.79;-102.61
70136.72;-102.84
70139.65;-102.61
70142.58;-102.53
70145.51;-102.53
70148.44;-102.84
70151.37;-102.61
70154.30;-102.61
70157.23;-102.92
70160.16;-102.84
70163.09;-102.45
70166.02;-102.37
70168.95;-102.53
70171.88;-102.53
70174.80;-102.61
70177.73;-102.69
70180.66;-102.76
70183.59;-102.76
70186.52;-102.69
70189.45;-102.45
70192.38;-102.61
70195.31;-102.84
70198.24;-102.69
70201.17;-102.37
70204.10;-102.37
70207.03;-102.53
70209.96;-102.53
70212.89;-102.45
70215.82;-102.84
70218.75;-102.84
70221.68;-102.53
70224.61;-102.45
70227.54;-102.53
70230.47;-102.45
70233.40;-102.45
70236.33;-102.76
70239.26;-102.69
70242.19;-102.45
70245.12;-102.53
70248.05;-102.61
70250.98;-102.84
70253.91;-102.61
70256.84;-102.69
70259.77;-102.61
70262.70;-102.61
70265.63;-102.76
70268.55;-102.76
70271.48;-102.76
70274.41;-102.53
70277.34;-102.37
70280.27;-102.53
70283.20;-102.69
70286.13;-102.45
70289.06;-102.76
70291.99;-102.92
70294.92;-102.69
70297.85;-102.92
70300.78;-102.61
70303.71;-102.53
70306.64;-102.61
70309.57;-102.69
70312.50;-102.69
70315.43;-102.53
70318.36;-102.53
70321.29;-102.45
70324.22;-102.61
70327.15;-102.53
70330.08;-102.53
70333.01;-102.37
70335.94;-102.53
70338.87;-102.37
70341.80;-102.61
70344.73;-102.76
70347.66;-102.69
70350.59;-102.53
70353.52;-102.53
70356.45;-102.37
70359.38;-102.61
70362.30;-102.69
70365.23;-102.84
70368.16;-102.69
70371.09;-102.45
70374.02;-102.69
70376.95;-102.76
70379.88;-102.53
70382.81;-102.84
70385.74;-102.53
70388.67;-102.69
70391.60;-102.76
70394.53;-102.84
70397.46;-102.76
70400.39;-102.84
70403.32;-102.76
70406.25;-102.84
70409.18;-102.37
70412.11;-102.14
70415.04;-102.61
70417.97;-102.92
70420.90;-102.76
70423.83;-102.45
70426.76;-102.30
70429.69;-102.53
70432.62;-102.61
70435.55;-102.76
70438.48;-102.76
70441.41;-102.69
70444.34;-102.69
70447.27;-102.45
70450.20;-102.53
70453.13;-102.61
70456.05;-102.45
70458.98;-102.69
70461.91;-102.69
70464.84;-102.30
70467.77;-102.45
70470.70;-102.69
70473.63;-102.61
70476.56;-102.69
70479.49;-102.84
70482.42;-102.61
70485.35;-102.69
70488.28;-102.92
70491.21;-102.76
70494.14;-102.69
70497.07;-102.53
70500.00;-102.76
70502.93;-102.76
70505.86;-102.69
70508.79;-102.69
70511.72;-102.61
70514.65;-102.53
70517.58;-102.69
70520.51;-102.61
70523.44;-102.30
70526.37;-102.37
70529.30;-102.30
70532.23;-102.84
70535.16;-103.00
70538.09;-103.00
70541.02;-102.69
70543.95;-102.53
70546.88;-102.61
70549.80;-102.69
70552.73;-102.53
70555.66;-102.45
70558.59;-102.45
70561.52;-102.61
70564.45;-102.69
70567.38;-102.84
70570.31;-102.53
70573.24;-102.37
70576.17;-102.61
70579.10;-102.61
70582.03;-102.61
70584.96;-102.61
70587.89;-102.61
70590.82;-102.84
70593.75;-102.84
70596.68;-102.76
70599.61;-102.69
70602.54;-103.00
70605.47;-102.69
70608.40;-102.30
70611.33;-102.30
70614.26;-102.45
70617.19;-102.69
70620.12;-102.69
70623.05;-102.69
70625.98;-102.61
70628.91;-102.69
70631.84;-102.61
70634.77;-102.76
70637.70;-102.61
70640.63;-102.45
70643.55;-102.53
70646.48;-102.84
70649.41;-102.61
70652.34;-102.53
70655.27;-102.45
70658.20;-102.53
70661.13;-102.45
70664.06;-102.45
70666.99;-102.30
70669.92;-102.45
70672.85;-102.61
70675.78;-102.61
70678.71;-102.53
70681.64;-102.45
70684.57;-102.45
70687.50;-102.22
70690.43;-102.53
70693.36;-102.76
70696.29;-102.69
70699.22;-102.53
70702.15;-102.53
70705.08;-102.61
70708.01;-102.61
70710.94;-102.45
70713.87;-102.30
70716.80;-102.69
70719.73;-103.08
70722.66;-102.76
70725.59;-102.69
70728.52;-102.92
70731.45;-102.45
70734.38;-102.53
70737.30;-102.61
70740.23;-102.61
70743.16;-102.84
70746.09;-102.76
70749.02;-102.61
70751.95;-102.69
70754.88;-102.61
70757.81;-102.69
70760.74;-103.00
70763.67;-102.61
70766.60;-102.61
70769.53;-102.61
70772.46;-102.92
70775.39;-103.08
70778.32;-102.92
70781.25;-102.61
70784.18;-102.76
70787.11;-102.53
70790.04;-102.61
70792.97;-102.53
70795.90;-102.61
70798.83;-102.69
70801.76;-102.37
70804.69;-102.61
70807.62;-102.76
70810.55;-102.37
70813.48;-102.53
70816.41;-102.69
70819.34;-102.69
70822.27;-102.61
70825.20;-102.61
70828.13;-102.76
70831.05;-102.76
70833.98;-102.92
70836.91;-102.76
70839.84;-102.61
70842.77;-102.45
70845.70;-102.53
70848.63;-102.61
70851.56;-102.53
70854.49;-102.53
70857.42;-102.84
70860.35;-102.76
70863.28;-102.69
70866.21;-102.76
70869.14;-103.00
70872.07;-102.84
70875.00;-102.76
70877.93;-102.45
70880.86;-102.76
70883.79;-103.00
70886.72;-102.84
70889.65;-102.53
70892.58;-102.76
70895.51;-102.76
70898.44;-102.69
70901.37;-102.69
70904.30;-102.53
70907.23;-102.53
70910.16;-102.76
70913.09;-102.61
70916.02;-102.37
70918.95;-102.22
70921.88;-102.61
70924.80;-102.53
70927.73;-102.76
70930.66;-102.92
70933.59;-102.61
70936.52;-102.61
70939.45;-102.69
70942.38;-102.69
70945.31;-102.53
70948.24;-102.53
70951.17;-102.61
70954.10;-102.53
70957.03;-102.45
70959.96;-102.53
70962.89;-102.45
70965.82;-102.45
70968.75;-102.69
70971.68;-102.53
70974.61;-102.53
70977.54;-102.69
70980.47;-102.76
70983.40;-102.61
70986.33;-102.92
70989.26;-102.69
70992.19;-102.30
70995.12;-102.61
70998.05;-102.69
71000.98;-102.53
71003.91;-102.69
71006.84;-102.76
71009.77;-102.92
71012.70;-102.76
71015.63;-102.69
71018.55;-102.53
71021.48;-102.61
71024.41;-102.61
71027.34;-102.53
71030.27;-102.30
71033.20;-102.53
71036.13;-102.69
71039.06;-102.53
71041.99;-102.61
71044.92;-102.61
71047.85;-102.69
71050.78;-102.92
71053.71;-102.53
71056.64;-102.69
71059.57;-102.84
71062.50;-102.92
71065.43;-102.92
71068.36;-102.92
71071.29;-102.69
71074.22;-102.61
71077.15;-102.84
71080.08;-102.92
71083.01;-102.69
71085.94;-102.69
71088.87;-102.61
71091.80;-102.45
71094.73;-102.53
71097.66;-102.61
71100.59;-102.69
71103.52;-102.61
71106.45;-102.76
71109.38;-102.61
71112.30;-102.30
71115.23;-102.30
71118.16;-102.69
71121.09;-103.00
71124.02;-102.92
71126.95;-102.45
71129.88;-102.69
71132.81;-102.76
71135.74;-102.61
71138.67;-102.61
71141.60;-102.45
71144.53;-102.61
71147.46;-102.53
71150.39;-102.69
71153.32;-102.76
71156.25;-102.92
71159.18;-102.84
71162.11;-102.37
71165.04;-102.53
71167.97;-102.53
71170.90;-102.37
71173.83;-102.61
71176.76;-102.53
71179.69;-102.61
71182.62;-102.45
71185.55;-102.69
71188.48;-102.84
71191.41;-102.61
71194.34;-102.37
71197.27;-102.45
71200.20;-102.69
71203.13;-102.69
71206.05;-102.69
71208.98;-102.61
71211.91;-102.53
71214.84;-102.53
71217.77;-102.53
71220.70;-102.69
71223.63;-102.92
71226.56;-102.69
71229.49;-102.69
71232.42;-102.76
71235.35;-102.53
71238.28;-102.69
71241.21;-103.00
71244.14;-102.69
71247.07;-102.53
71250.00;-102.37
71252.93;-102.37
71255.86;-102.76
71258.79;-102.92
71261.72;-102.84
71264.65;-102.61
71267.58;-102.69
71270.51;-102.76
71273.44;-102.76
71276.37;-102.69
71279.30;-102.69
71282.23;-102.61
71285.16;-102.53
71288.09;-102.53
71291.02;-102.69
71293.95;-102.76
71296.88;-102.76
71299.80;-102.76
71302.73;-102.53
71305.66;-102.53
71308.59;-102.69
71311.52;-102.61
71314.45;-102.61
71317.38;-102.53
71320.31;-102.84
71323.24;-102.69
71326.17;-103.00
71329.10;-102.76
71332.03;-102.92
71334.96;-102.69
71337.89;-102.61
71340.82;-102.61
71343.75;-102.61
71346.68;-102.61
71349.61;-102.37
71352.54;-102.61
71355.47;-102.69
71358.40;-102.61
71361.33;-102.61
71364.26;-102.76
71367.19;-102.61
71370.12;-102.69
71373.05;-102.53
71375.98;-102.45
71378.91;-102.84
71381.84;-102.84
71384.77;-102.53
71387.70;-102.53
71390.63;-102.53
71393.55;-102.37
71396.48;-102.45
71399.41;-102.53
71402.34;-103.00
71405.27;-103.00
71408.20;-102.92
71411.13;-102.69
71414.06;-102.76
71416.99;-102.92
71419.92;-102.84
71422.85;-102.92
71425.78;-102.92
71428.71;-102.84
71431.64;-102.53
71434.57;-102.45
71437.50;-102.76
71440.43;-102.69
71443.36;-102.61
71446.29;-102.61
71449.22;-102.69
71452.15;-103.08
71455.08;-102.84
71458.01;-102.45
71460.94;-102.45
71463.87;-102.69
71466.80;-102.69
71469.73;-102.61
71472.66;-102.61
71475.59;-102.69
71478.52;-102.84
71481.45;-102.92
71484.38;-102.84
71487.30;-102.84
71490.23;-102.76
71493.16;-102.84
71496.09;-102.53
71499.02;-102.37
71501.95;-102.30
71504.88;-102.37
71507.81;-102.61
71510.74;-102.45
71513.67;-102.61
71516.60;-102.53
71519.53;-102.61
71522.46;-102.76
71525.39;-102.84
71528.32;-102.84
71531.25;-102.76
71534.18;-102.69
71537.11;-102.61
71540.04;-102.76
71542.97;-102.76
71545.90;-102.61
71548.83;-102.53
71551.76;-102.53
71554.69;-102.45
71557.62;-102.45
71560.55;-102.61
71563.48;-102.92
71566.41;-103.08
71569.34;-102.84
71572.27;-102.61
71575.20;-102.61
71578.13;-102.76
71581.05;-102.69
71583.98;-102.69
71586.91;-102.61
71589.84;-102.61
71592.77;-102.92
71595.70;-102.76
71598.63;-102.92
71601.56;-102.69
71604.49;-102.61
71607.42;-102.92
71610.35;-102.76
71613.28;-102.53
71616.21;-102.45
71619.14;-102.53
71622.07;-102.76
71625.00;-102.92
71627.93;-102.84
71630.86;-102.69
71633.79;-102.45
71636.72;-102.53
71639.65;-102.53
71642.58;-102.69
71645.51;-102.84
71648.44;-102.76
71651.37;-102.69
71654.30;-102.61
71657.23;-102.30
71660.16;-102.37
71663.09;-102.76
71666.02;-102.69
71668.95;-102.53
71671.88;-102.69
71674.80;-102.76
71677.73;-102.61
71680.66;-102.84
71683.59;-102.61
71686.52;-102.53
71689.45;-102.61
71692.38;-102.61
71695.31;-102.69
71698.24;-102.84
71701.17;-103.00
71704.10;-102.84
71707.03;-102.61
71709.96;-102.69
71712.89;-102.92
71715.82;-102.53
71718.75;-102.53
71721.68;-102.84
71724.61;-102.53
71727.54;-102.53
71730.47;-102.61
71733.40;-102.53
71736.33;-102.53
71739.26;-102.37
71742.19;-102.30
71745.12;-102.37
71748.05;-102.61
71750.98;-102.45
71753.91;-102.61
71756.84;-102.76
71759.77;-102.69
71762.70;-102.76
71765.63;-102.92
71768.55;-102.76
71771.48;-102.69
71774.41;-103.00
71777.34;-103.08
71780.27;-102.69
71783.20;-102.61
71786.13;-102.69
71789.06;-102.76
71791.99;-102.69
71794.92;-102.76
71797.85;-102.61
71800.78;-102.76
71803.71;-102.84
71806.64;-102.45
71809.57;-102.76
71812.50;-102.84
71815.43;-102.76
71818.36;-102.84
71821.29;-102.61
71824.22;-102.92
71827.15;-102.69
71830.08;-102.45
71833.01;-102.61
71835.94;-102.76
71838.87;-102.45
71841.80;-102.37
71844.73;-102.61
71847.66;-102.84
71850.59;-102.69
71853.52;-102.69
71856.45;-102.76
71859.38;-102.69
71862.30;-102.61
71865.23;-102.61
71868.16;-102.37
71871.09;-102.45
71874.02;-102.76
71876.95;-102.69
71879.88;-102.37
71882.81;-102.53
71885.74;-102.61
71888.67;-102.45
71891.60;-102.76
71894.53;-102.92
71897.46;-102.76
71900.39;-102.84
71903.32;-103.00
71906.25;-102.69
71909.18;-102.53
71912.11;-102.61
71915.04;-102.69
71917.97;-102.84
71920.90;-102.76
71923.83;-102.76
71926.76;-102.84
71929.69;-102.92
71932.62;-102.61
71935.55;-102.53
71938.48;-102.84
71941.41;-102.76
71944.34;-102.30
71947.27;-102.61
71950.20;-102.92
71953.13;-102.76
71956.05;-102.76
71958.98;-102.69
71961.91;-102.76
71964.84;-102.69
71967.77;-102.69
71970.70;-102.61
71973.63;-102.22
71976.56;-102.45
71979.49;-102.69
71982.42;-102.84
71985.35;-102.76
71988.28;-102.76
71991.21;-102.61
71994.14;-102.61
71997.07;-102.76
72000.00;-102.61
72002.93;-102.53
72005.86;-102.69
72008.79;-102.53
72011.72;-102.61
72014.65;-102.76
72017.58;-102.45
72020.51;-102.53
72023.44;-102.61
72026.37;-102.53
72029.30;-102.45
72032.23;-102.45
72035.16;-102.53
72038.09;-102.61
72041.02;-102.61
72043.95;-102.53
72046.88;-102.61
72049.80;-102.69
72052.73;-102.76
72055.66;-102.84
72058.59;-102.69
72061.52;-102.69
72064.45;-102.53
72067.38;-102.69
72070.31;-102.84
72073.24;-102.76
72076.17;-102.76
72079.10;-102.92
72082.03;-102.53
72084.96;-102.45
72087.89;-102.69
72090.82;-102.45
72093.75;-102.22
72096.68;-102.45
72099.61;-102.76
72102.54;-102.84
72105.47;-102.92
72108.40;-102.76
72111.33;-102.69
72114.26;-102.53
72117.19;-102.45
72120.12;-102.61
72123.05;-102.76
72125.98;-102.76
72128.91;-102.92
72131.84;-102.84
72134.77;-102.76
72137.70;-102.45
72140.63;-102.45
72143.55;-102.69
72146.48;-102.69
72149.41;-102.69
72152.34;-102.76
72155.27;-103.00
72158.20;-102.92
72161.13;-102.84
72164.06;-102.53
72166.99;-102.30
72169.92;-102.37
72172.85;-102.69
72175.78;-102.84
72178.71;-102.84
72181.64;-102.84
72184.57;-103.00
72187.50;-102.69
72190.43;-102.76
72193.36;-102.84
72196.29;-102.92
72199.22;-102.53
72202.15;-102.84
72205.08;-102.92
72208.01;-102.61
72210.94;-102.53
72213.87;-102.76
72216.80;-102.92
72219.73;-103.00
72222.66;-102.92
72225.59;-102.69
72228.52;-102.69
72231.45;-102.61
72234.38;-102.69
72237.30;-102.61
72240.23;-102.69
72243.16;-102.61
72246.09;-102.61
72249.02;-102.76
72251.95;-102.76
72254.88;-102.61
72257.81;-102.45
72260.74;-102.53
72263.67;-102.61
72266.60;-102.53
72269.53;-102.53
72272.46;-102.69
72275.39;-102.53
72278.32;-102.53
72281.25;-102.84
72284.18;-102.69
72287.11;-102.61
72290.04;-102.92
72292.97;-102.84
72295.90;-102.53
72298.83;-102.45
72301.76;-102.61
72304.69;-102.61
72307.62;-102.92
72310.55;-102.76
72313.48;-102.45
72316.41;-102.37
72319.34;-102.53
72322.27;-102.69
72325.20;-102.45
72328.13;-102.69
72331.05;-102.61
72333.98;-102.53
72336.91;-102.61
72339.84;-102.61
72342.77;-102.61
72345.70;-102.61
72348.63;-102.84
72351.56;-102.84
72354.49;-102.61
72357.42;-102.37
72360.35;-102.53
72363.28;-102.76
72366.21;-102.69
72369.14;-102.76
72372.07;-102.69
72375.00;-102.76
72377.93;-102.61
72380.86;-102.61
72383.79;-102.53
72386.72;-102.53
72389.65;-102.53
72392.58;-102.76
72395.51;-102.92
72398.44;-102.61
72401.37;-102.69
72404.30;-102.69
72407.23;-102.53
72410.16;-102.45
72413.09;-102.69
72416.02;-102.84
72418.95;-102.37
72421.88;-102.37
72424.80;-102.61
72427.73;-102.61
72430.66;-102.53
72433.59;-102.76
72436.52;-102.92
72439.45;-102.76
72442.38;-102.69
72445.31;-102.69
72448.24;-102.84
72451.17;-102.84
72454.10;-102.76
72457.03;-102.76
72459.96;-102.69
72462.89;-102.45
72465.82;-102.61
72468.75;-102.69
72471.68;-102.84
72474.61;-103.00
72477.54;-102.76
72480.47;-102.69
72483.40;-102.92
72486.33;-102.76
72489.26;-102.45
72492.19;-102.69
72495.12;-102.84
72498.05;-102.53
72500.98;-102.53
72503.91;-102.53
72506.84;-102.69
72509.77;-102.69
72512.70;-102.37
72515.63;-102.45
72518.55;-102.61
72521.48;-102.76
72524.41;-102.69
72527.34;-102.69
72530.27;-102.61
72533.20;-102.76
72536.13;-102.84
72539.06;-102.61
72541.99;-102.61
72544.92;-102.61
72547.85;-102.53
72550.78;-102.61
72553.71;-102.45
72556.64;-102.61
72559.57;-102.61
72562.50;-102.84
72565.43;-102.76
72568.36;-102.76
72571.29;-102.92
72574.22;-102.69
72577.15;-102.69
72580.08;-102.92
72583.01;-102.53
72585.94;-102.45
72588.87;-102.61
72591.80;-102.76
72594.73;-102.61
72597.66;-102.53
72600.59;-102.61
72603.52;-102.84
72606.45;-102.53
72609.38;-102.53
72612.30;-102.69
72615.23;-102.84
72618.16;-102.92
72621.09;-102.76
72624.02;-102.61
72626.95;-102.84
72629.88;-102.84
72632.81;-102.76
72635.74;-102.61
72638.67;-102.61
72641.60;-102.84
72644.53;-102.61
72647.46;-102.61
72650.39;-102.76
72653.32;-102.84
72656.25;-102.76
72659.18;-102.92
72662.11;-102.84
72665.04;-102.84
72667.97;-102.61
72670.90;-102.30
72673.83;-102.53
72676.76;-102.76
72679.69;-102.53
72682.62;-102.61
72685.55;-102.92
72688.48;-103.00
72691.41;-102.84
72694.34;-102.84
72697.27;-102.61
72700.20;-102.69
72703.13;-102.92
72706.05;-102.92
72708.98;-102.61
72711.91;-102.53
72714.84;-102.69
72717.77;-102.69
72720.70;-102.61
72723.63;-102.61
72726.56;-102.69
72729.49;-102.61
72732.42;-102.92
72735.35;-102.92
72738.28;-102.76
72741.21;-102.76
72744.14;-102.92
72747.07;-102.84
72750.00;-102.37
72752.93;-102.30
72755.86;-102.22
72758.79;-102.53
72761.72;-102.53
72764.65;-102.69
72767.58;-102.69
72770.51;-102.76
72773.44;-102.84
72776.37;-102.69
72779.30;-102.76
72782.23;-102.69
72785.16;-102.76
72788.09;-102.76
72791.02;-102.84
72793.95;-102.84
72796.88;-102.76
72799.80;-102.61
72802.73;-102.45
72805.66;-102.69
72808.59;-102.61
72811.52;-102.61
72814.45;-102.53
72817.38;-102.61
72820.31;-102.45
72823.24;-102.61
72826.17;-102.76
72829.10;-102.92
72832.03;-102.84
72834.96;-102.61
72837.89;-102.45
72840.82;-102.61
72843.75;-102.76
72846.68;-102.92
72849.61;-102.69
72852.54;-102.69
72855.47;-102.84
72858.40;-102.76
72861.33;-102.69
72864.26;-102.53
72867.19;-102.53
72870.12;-102.53
72873.05;-102.53
72875.98;-102.45
72878.91;-102.69
72881.84;-102.92
72884.77;-102.76
72887.70;-102.69
72890.63;-102.76
72893.55;-102.92
72896.48;-102.69
72899.41;-102.61
72902.34;-102.53
72905.27;-102.61
72908.20;-102.69
72911.13;-102.61
72914.06;-102.69
72916.99;-102.61
72919.92;-102.61
72922.85;-102.76
72925.78;-102.61
72928.71;-102.61
72931.64;-102.84
72934.57;-102.84
72937.50;-102.61
72940.43;-102.61
72943.36;-102.69
72946.29;-102.76
72949.22;-102.76
72952.15;-102.84
72955.08;-102.76
72958.01;-102.69
72960.94;-103.00
72963.87;-102.69
72966.80;-102.53
72969.73;-102.37
72972.66;-102.76
72975.59;-103.00
72978.52;-102.76
72981.45;-102.84
72984.38;-102.92
72987.30;-102.61
72990.23;-102.61
72993.16;-102.69
72996.09;-102.61
72999.02;-102.69
73001.95;-102.61
73004.88;-102.45
73007.81;-102.61
73010.74;-102.69
73013.67;-102.61
73016.60;-102.69
73019.53;-102.84
73022.46;-102.92
73025.39;-102.61
73028.32;-102.61
73031.25;-102.69
73034.18;-102.61
73037.11;-102.92
73040.04;-102.69
73042.97;-102.61
73045.90;-102.61
73048.83;-102.53
73051.76;-102.53
73054.69;-102.53
73057.62;-102.53
73060.55;-102.61
73063.48;-102.76
73066.41;-102.69
73069.34;-102.69
73072.27;-102.84
73075.20;-102.61
73078.13;-102.61
73081.05;-102.61
73083.98;-102.61
73086.91;-102.69
73089.84;-102.69
73092.77;-102.53
73095.70;-102.76
73098.63;-102.45
73101.56;-102.53
73104.49;-102.84
73107.42;-102.76
73110.35;-102.53
73113.28;-102.45
73116.21;-102.61
73119.14;-102.69
73122.07;-102.76
73125.00;-102.92
73127.93;-102.76
73130.86;-102.53
73133.79;-102.69
73136.72;-102.69
73139.65;-102.76
73142.58;-102.69
73145.51;-102.61
73148.44;-102.69
73151.37;-102.76
73154.30;-102.76
73157.23;-102.76
73160.16;-102.76
73163.09;-102.92
73166.02;-102.76
73168.95;-102.69
73171.88;-102.45
73174.80;-102.53
73177.73;-102.53
73180.66;-102.61
73183.59;-102.61
73186.52;-102.76
73189.45;-102.84
73192.38;-102.76
73195.31;-103.00
73198.24;-103.00
73201.17;-102.84
73204.10;-102.92
73207.03;-102.92
73209.96;-102.92
73212.89;-102.53
73215.82;-102.14
73218.75;-102.53
73221.68;-102.61
73224.61;-102.84
73227.54;-102.76
73230.47;-102.76
73233.40;-102.92
73236.33;-102.92
73239.26;-102.84
73242.19;-102.53
73245.12;-102.45
73248.05;-102.69
73250.98;-102.76
73253.91;-102.61
73256.84;-102.37
73259.77;-102.45
73262.70;-102.53
73265.63;-102.53
73268.55;-102.53
73271.48;-102.69
73274.41;-102.61
73277.34;-102.53
73280.27;-102.61
73283.20;-102.76
73286.13;-102.61
73289.06;-102.69
73291.99;-102.69
73294.92;-102.69
73297.85;-102.69
73300.78;-102.76
73303.71;-102.84
73306.64;-102.37
73309.57;-102.45
73312.50;-102.61
73315.43;-102.61
73318.36;-102.61
73321.29;-102.61
73324.22;-102.69
73327.15;-102.61
73330.08;-102.61
73333.01;-102.76
73335.94;-102.76
73338.87;-102.69
73341.80;-102.84
73344.73;-102.92
73347.66;-102.92
73350.59;-102.92
73353.52;-102.69
73356.45;-102.76
73359.38;-102.69
73362.30;-102.30
73365.23;-102.45
73368.16;-102.69
73371.09;-102.69
73374.02;-102.69
73376.95;-102.84
73379.88;-102.76
73382.81;-102.76
73385.74;-102.61
73388.67;-102.69
73391.60;-102.61
73394.53;-102.92
73397.46;-102.84
73400.39;-102.76
73403.32;-102.45
73406.25;-102.61
73409.18;-102.84
73412.11;-102.69
73415.04;-102.61
73417.97;-102.84
73420.90;-102.92
73423.83;-102.92
73426.76;-102.92
73429.69;-102.69
73432.62;-102.53
73435.55;-102.84
73438.48;-102.92
73441.41;-102.76
73444.34;-102.76
73447.27;-102.84
73450.20;-102.69
73453.13;-102.61
73456.05;-102.53
73458.98;-102.69
73461.91;-102.76
73464.84;-102.69
73467.77;-102.53
73470.70;-102.61
73473.63;-102.76
73476.56;-102.84
73479.49;-102.76
73482.42;-102.76
73485.35;-102.45
73488.28;-102.69
73491.21;-102.84
73494.14;-102.69
73497.07;-102.84
73500.00;-102.84
73502.93;-102.61
73505.86;-102.76
73508.79;-102.84
73511.72;-102.92
73514.65;-102.92
73517.58;-102.84
73520.51;-102.61
73523.44;-102.92
73526.37;-102.84
73529.30;-102.69
73532.23;-102.53
73535.16;-102.61
73538.09;-102.84
73541.02;-102.61
73543.95;-102.61
73546.88;-102.61
73549.80;-103.00
73552.73;-102.92
73555.66;-102.76
73558.59;-102.76
73561.52;-102.69
73564.45;-102.76
73567.38;-102.61
73570.31;-102.45
73573.24;-102.61
73576.17;-102.76
73579.10;-102.84
73582.03;-102.76
73584.96;-102.53
73587.89;-102.45
73590.82;-102.53
73593.75;-102.69
73596.68;-102.76
73599.61;-102.84
73602.54;-102.84
73605.47;-102.76
73608.40;-102.76
73611.33;-102.53
73614.26;-102.84
73617.19;-102.84
73620.12;-102.69
73623.05;-102.76
73625.98;-103.00
73628.91;-102.69
73631.84;-102.61
73634.77;-102.69
73637.70;-102.61
73640.63;-102.69
73643.55;-102.76
73646.48;-102.53
73649.41;-102.61
73652.34;-102.69
73655.27;-102.69
73658.20;-102.53
73661.13;-102.61
73664.06;-102.61
73666.99;-102.69
73669.92;-102.92
73672.85;-103.00
73675.78;-102.76
73678.71;-102.53
73681.64;-102.53
73684.57;-102.53
73687.50;-102.61
73690.43;-102.76
73693.36;-102.69
73696.29;-102.69
73699.22;-102.76
73702.15;-102.53
73705.08;-102.53
73708.01;-102.76
73710.94;-103.00
73713.87;-103.00
73716.80;-102.84
73719.73;-102.30
73722.66;-102.37
73725.59;-102.61
73728.52;-102.53
73731.45;-102.61
73734.38;-102.69
73737.30;-102.61
73740.23;-102.84
73743.16;-102.61
73746.09;-102.61
73749.02;-102.53
73751.95;-102.61
73754.88;-102.61
73757.81;-102.45
73760.74;-102.76
73763.67;-102.69
73766.60;-102.53
73769.53;-102.69
73772.46;-102.61
73775.39;-102.61
73778.32;-102.84
73781.25;-102.69
73784.18;-102.61
73787.11;-102.69
73790.04;-102.84
73792.97;-103.08
73795.90;-102.76
73798.83;-102.61
73801.76;-102.53
73804.69;-102.53
73807.62;-102.61
73810.55;-102.61
73813.48;-102.61
73816.41;-102.61
73819.34;-102.53
73822.27;-102.69
73825.20;-102.69
73828.13;-102.53
73831.05;-102.61
73833.98;-102.84
73836.91;-102.84
73839.84;-102.53
73842.77;-102.69
73845.70;-102.53
73848.63;-102.61
73851.56;-102.69
73854.49;-102.76
73857.42;-102.61
73860.35;-102.53
73863.28;-102.61
73866.21;-102.76
73869.14;-102.76
73872.07;-102.69
73875.00;-102.61
73877.93;-102.61
73880.86;-102.76
73883.79;-102.53
73886.72;-102.37
73889.65;-102.84
73892.58;-102.76
73895.51;-102.76
73898.44;-102.69
73901.37;-102.53
73904.30;-102.61
73907.23;-102.76
73910.16;-102.92
73913.09;-103.08
73916.02;-103.00
73918.95;-103.00
73921.88;-102.45
73924.80;-102.37
73927.73;-102.45
73930.66;-102.53
73933.59;-102.76
73936.52;-102.69
73939.45;-102.76
73942.38;-102.84
73945.31;-102.76
73948.24;-102.61
73951.17;-102.92
73954.10;-102.84
73957.03;-102.69
73959.96;-102.53
73962.89;-102.53
73965.82;-102.76
73968.75;-102.92
73971.68;-102.76
73974.61;-102.61
73977.54;-102.69
73980.47;-102.53
73983.40;-102.53
73986.33;-102.69
73989.26;-102.92
73992.19;-102.84
73995.12;-102.61
73998.05;-102.61
74000.98;-102.45
74003.91;-102.53
74006.84;-102.61
74009.77;-102.84
74012.70;-103.00
74015.63;-102.69
74018.55;-102.76
74021.48;-102.84
74024.41;-102.84
74027.34;-102.69
74030.27;-102.84
74033.20;-102.69
74036.13;-102.69
74039.06;-102.76
74041.99;-102.69
74044.92;-102.61
74047.85;-102.84
74050.78;-102.53
74053.71;-102.84
74056.64;-102.69
74059.57;-102.92
74062.50;-102.61
74065.43;-102.76
74068.36;-102.92
74071.29;-102.92
74074.22;-102.76
74077.15;-102.61
74080.08;-102.61
74083.01;-102.53
74085.94;-102.45
74088.87;-102.69
74091.80;-102.84
74094.73;-102.61
74097.66;-102.84
74100.59;-102.69
74103.52;-102.61
74106.45;-102.76
74109.38;-102.61
74112.30;-102.61
74115.23;-102.37
74118.16;-102.37
74121.09;-102.53
74124.02;-102.69
74126.95;-102.53
74129.88;-102.69
74132.81;-102.69
74135.74;-102.69
74138.67;-102.69
74141.60;-102.45
74144.53;-102.84
74147.46;-103.00
74150.39;-102.69
74153.32;-102.76
74156.25;-102.69
74159.18;-102.53
74162.11;-102.45
74165.04;-102.69
74167.97;-102.69
74170.90;-102.53
74173.83;-102.61
74176.76;-102.84
74179.69;-102.69
74182.62;-102.76
74185.55;-102.45
74188.48;-102.37
74191.41;-102.69
74194.34;-102.61
74197.27;-102.53
74200.20;-102.69
74203.13;-102.84
74206.05;-103.08
74208.98;-103.00
74211.91;-102.76
74214.84;-102.76
74217.77;-102.76
74220.70;-102.84
74223.63;-102.92
74226.56;-102.69
74229.49;-102.61
74232.42;-102.76
74235.35;-102.76
74238.28;-102.92
74241.21;-102.76
74244.14;-102.61
74247.07;-102.53
74250.00;-102.69
74252.93;-102.76
74255.86;-102.53
74258.79;-102.61
74261.72;-102.61
74264.65;-102.61
74267.58;-102.61
74270.51;-102.76
74273.44;-102.61
74276.37;-102.76
74279.30;-102.84
74282.23;-102.53
74285.16;-102.61
74288.09;-102.76
74291.02;-102.61
74293.95;-102.61
74296.88;-102.61
74299.80;-102.76
74302.73;-102.69
74305.66;-102.45
74308.59;-102.69
74311.52;-102.53
74314.45;-102.61
74317.38;-102.92
74320.31;-102.76
74323.24;-102.69
74326.17;-102.84
74329.10;-102.76
74332.03;-102.69
74334.96;-102.84
74337.89;-102.76
74340.82;-102.76
74343.75;-102.76
74346.68;-102.76
74349.61;-102.69
74352.54;-102.61
74355.47;-102.61
74358.40;-102.61
74361.33;-102.61
74364.26;-102.61
74367.19;-102.69
74370.12;-102.61
74373.05;-102.61
74375.98;-102.45
74378.91;-102.53
74381.84;-102.76
74384.77;-102.61
74387.70;-102.53
74390.63;-102.45
74393.55;-102.76
74396.48;-102.69
74399.41;-102.37
74402.34;-102.37
74405.27;-102.76
74408.20;-102.69
74411.13;-102.61
74414.06;-102.76
74416.99;-102.69
74419.92;-102.69
74422.85;-102.76
74425.78;-102.69
74428.71;-102.92
74431.64;-103.08
74434.57;-102.76
74437.50;-102.76
74440.43;-103.00
74443.36;-102.84
74446.29;-102.76
74449.22;-102.61
74452.15;-102.69
74455.08;-102.84
74458.01;-102.84
74460.94;-102.69
74463.87;-102.53
74466.80;-102.61
74469.73;-102.45
74472.66;-102.53
74475.59;-102.76
74478.52;-102.84
74481.45;-102.61
74484.38;-102.45
74487.30;-102.53
74490.23;-102.69
74493.16;-102.84
74496.09;-102.84
74499.02;-102.69
74501.95;-102.76
74504.88;-102.69
74507.81;-102.69
74510.74;-102.45
74513.67;-102.53
74516.60;-102.92
74519.53;-102.76
74522.46;-102.37
74525.39;-102.69
74528.32;-102.61
74531.25;-102.84
74534.18;-102.92
74537.11;-102.61
74540.04;-102.61
74542.97;-102.92
74545.90;-102.69
74548.83;-102.45
74551.76;-102.53
74554.69;-102.76
74557.62;-102.61
74560.55;-102.76
74563.48;-103.08
74566.41;-102.76
74569.34;-102.76
74572.27;-102.92
74575.20;-103.00
74578.13;-102.69
74581.05;-102.61
74583.98;-102.61
74586.91;-102.92
74589.84;-102.76
74592.77;-102.69
74595.70;-102.76
74598.63;-102.76
74601.56;-102.45
74604.49;-102.45
74607.42;-102.53
74610.35;-102.84
74613.28;-102.92
74616.21;-103.00
74619.14;-103.00
74622.07;-102.92
74625.00;-102.84
74627.93;-102.76
74630.86;-102.84
74633.79;-102.84
74636.72;-102.61
74639.65;-102.76
74642.58;-102.84
74645.51;-102.76
74648.44;-103.00
74651.37;-102.53
74654.30;-102.53
74657.23;-102.61
74660.16;-102.37
74663.09;-102.76
74666.02;-102.92
74668.95;-103.00
74671.88;-102.92
74674.80;-102.76
74677.73;-102.76
74680.66;-102.76
74683.59;-102.45
74686.52;-102.69
74689.45;-102.69
74692.38;-102.45
74695.31;-102.22
74698.24;-102.37
74701.17;-102.84
74704.10;-102.84
74707.03;-102.84
74709.96;-102.69
74712.89;-102.53
74715.82;-102.53
74718.75;-102.45
74721.68;-102.53
74724.61;-102.53
74727.54;-102.69
74730.47;-102.45
74733.40;-102.61
74736.33;-102.69
74739.26;-102.69
74742.19;-102.69
74745.12;-103.00
74748.05;-102.76
74750.98;-102.37
74753.91;-102.76
74756.84;-102.76
74759.77;-102.53
74762.70;-102.45
74765.63;-102.61
74768.55;-102.84
74771.48;-103.00
74774.41;-103.08
74777.34;-103.00
74780.27;-102.84
74783.20;-102.92
74786.13;-102.92
74789.06;-102.69
74791.99;-102.45
74794.92;-102.53
74797.85;-102.69
74800.78;-102.45
74803.71;-102.53
74806.64;-102.45
74809.57;-102.84
74812.50;-102.61
74815.43;-102.37
74818.36;-102.69
74821.29;-102.76
74824.22;-102.69
74827.15;-102.45
74830.08;-102.76
74833.01;-102.69
74835.94;-102.84
74838.87;-102.92
74841.80;-102.69
74844.73;-102.69
74847.66;-102.53
74850.59;-102.76
74853.52;-102.53
74856.45;-102.53
74859.38;-102.61
74862.30;-102.45
74865.23;-102.76
74868.16;-102.69
74871.09;-102.84
74874.02;-102.76
74876.95;-102.76
74879.88;-102.84
74882.81;-102.76
74885.74;-102.84
74888.67;-102.61
74891.60;-102.76
74894.53;-102.76
74897.46;-102.61
74900.39;-102.76
74903.32;-102.84
74906.25;-102.76
74909.18;-102.84
74912.11;-103.00
74915.04;-102.69
74917.97;-102.76
74920.90;-102.76
74923.83;-102.45
74926.76;-102.61
74929.69;-102.45
74932.62;-102.53
74935.55;-102.53
74938.48;-102.61
74941.41;-102.76
74944.34;-102.84
74947.27;-102.92
74950.20;-102.69
74953.13;-102.69
74956.05;-102.92
74958.98;-103.16
74961.91;-102.92
74964.84;-103.08
74967.77;-102.92
74970.70;-103.00
74973.63;-102.84
74976.56;-102.76
74979.49;-102.76
74982.42;-102.84
74985.35;-102.69
74988.28;-102.76
74991.21;-102.84
74994.14;-102.53
74997.07;-102.61
75000.00;-102.61
75002.93;-102.92
75005.86;-103.08
75008.79;-102.84
75011.72;-102.69
75014.65;-102.61
75017.58;-102.53
75020.51;-102.61
75023.44;-103.00
75026.37;-102.61
75029.30;-102.37
75032.23;-102.22
75035.16;-102.53
75038.09;-102.92
75041.02;-102.76
75043.95;-102.53
75046.88;-102.84
75049.80;-103.16
75052.73;-102.69
75055.66;-102.69
75058.59;-102.69
75061.52;-102.61
75064.45;-102.53
75067.38;-102.92
75070.31;-103.00
75073.24;-102.53
75076.17;-102.61
75079.10;-102.61
75082.03;-102.69
75084.96;-102.69
75087.89;-102.53
75090.82;-102.76
75093.75;-102.84
75096.68;-102.84
75099.61;-102.69
75102.54;-102.45
75105.47;-102.69
75108.40;-102.61
75111.33;-102.69
75114.26;-102.84
75117.19;-102.84
75120.12;-102.76
75123.05;-102.61
75125.98;-102.45
75128.91;-102.76
75131.84;-102.69
75134.77;-102.92
75137.70;-102.84
75140.63;-102.69
75143.55;-102.69
75146.48;-102.61
75149.41;-102.53
75152.34;-102.61
75155.27;-102.92
75158.20;-103.00
75161.13;-102.92
75164.06;-102.84
75166.99;-102.45
75169.92;-102.30
75172.85;-102.53
75175.78;-102.53
75178.71;-102.61
75181.64;-102.92
75184.57;-103.00
75187.50;-102.84
75190.43;-102.61
75193.36;-102.53
75196.29;-102.61
75199.22;-102.69
75202.15;-102.76
75205.08;-102.84
75208.01;-102.61
75210.94;-102.76
75213.87;-102.69
75216.80;-102.53
75219.73;-102.61
75222.66;-102.69
75225.59;-102.61
75228.52;-102.69
75231.45;-102.92
75234.38;-102.61
75237.30;-102.53
75240.23;-102.76
75243.16;-102.84
75246.09;-103.00
75249.02;-102.84
75251.95;-102.69
75254.88;-102.92
75257.81;-102.53
75260.74;-102.61
75263.67;-103.00
75266.60;-102.92
75269.53;-102.69
75272.46;-102.45
75275.39;-102.69
75278.32;-102.92
75281.25;-103.00
75284.18;-102.92
75287.11;-102.84
75290.04;-103.00
75292.97;-102.76
75295.90;-102.76
75298.83;-102.61
75301.76;-102.92
75304.69;-103.08
75307.62;-102.92
75310.55;-103.00
75313.48;-102.92
75316.41;-102.61
75319.34;-102.53
75322.27;-102.69
75325.20;-102.69
75328.13;-102.53
75331.05;-102.30
75333.98;-102.53
75336.91;-102.76
75339.84;-102.84
75342.77;-103.08
75345.70;-103.08
75348.63;-103.08
75351.56;-102.84
75354.49;-102.61
75357.42;-102.53
75360.35;-102.61
75363.28;-102.69
75366.21;-102.69
75369.14;-103.16
75372.07;-102.84
75375.00;-102.84
75377.93;-102.76
75380.86;-102.76
75383.79;-102.53
75386.72;-102.53
75389.65;-102.37
75392.58;-102.76
75395.51;-102.76
75398.44;-102.76
75401.37;-102.76
75404.30;-102.92
75407.23;-102.84
75410.16;-102.76
75413.09;-102.76
75416.02;-102.61
75418.95;-102.61
75421.88;-103.00
75424.80;-102.92
75427.73;-102.69
75430.66;-102.61
75433.59;-102.61
75436.52;-102.53
75439.45;-102.84
75442.38;-102.69
75445.31;-102.76
75448.24;-102.69
75451.17;-102.84
75454.10;-102.84
75457.03;-102.76
75459.96;-102.69
75462.89;-102.76
75465.82;-102.69
75468.75;-102.92
75471.68;-102.76
75474.61;-102.61
75477.54;-102.69
75480.47;-102.69
75483.40;-102.76
75486.33;-102.76
75489.26;-102.92
75492.19;-102.92
75495.12;-102.76
75498.05;-102.92
75500.98;-102.76
75503.91;-102.69
75506.84;-102.69
75509.77;-103.00
75512.70;-103.00
75515.63;-102.84
75518.55;-102.61
75521.48;-102.53
75524.41;-102.53
75527.34;-102.37
75530.27;-102.45
75533.20;-102.61
75536.13;-102.69
75539.06;-102.76
75541.99;-102.61
75544.92;-102.61
75547.85;-102.84
75550.78;-103.00
75553.71;-102.76
75556.64;-102.61
75559.57;-102.76
75562.50;-102.92
75565.43;-102.69
75568.36;-102.69
75571.29;-103.00
75574.22;-102.84
75577.15;-102.76
75580.08;-102.84
75583.01;-102.76
75585.94;-102.84
75588.87;-102.76
75591.80;-102.69
75594.73;-102.84
75597.66;-102.69
75600.59;-102.84
75603.52;-102.69
75606.45;-102.61
75609.38;-102.61
75612.30;-102.69
75615.23;-102.69
75618.16;-102.76
75621.09;-102.76
75624.02;-102.61
75626.95;-102.69
75629.88;-102.84
75632.81;-103.16
75635.74;-103.00
75638.67;-102.92
75641.60;-102.84
75644.53;-102.69
75647.46;-102.76
75650.39;-103.00
75653.32;-102.84
75656.25;-103.08
75659.18;-102.69
75662.11;-102.37
75665.04;-102.61
75667.97;-102.76
75670.90;-102.61
75673.83;-102.76
75676.76;-102.84
75679.69;-102.61
75682.62;-102.76
75685.55;-102.76
75688.48;-102.84
75691.41;-103.00
75694.34;-102.76
75697.27;-102.61
75700.20;-102.84
75703.13;-102.92
75706.05;-102.76
75708.98;-103.00
75711.91;-102.76
75714.84;-102.69
75717.77;-102.61
75720.70;-102.61
75723.63;-102.92
75726.56;-102.84
75729.49;-102.76
75732.42;-102.69
75735.35;-102.69
75738.28;-102.76
75741.21;-102.45
75744.14;-102.53
75747.07;-102.92
75750.00;-103.00
75752.93;-102.76
75755.86;-102.84
75758.79;-102.69
75761.72;-102.61
75764.65;-102.84
75767.58;-102.76
75770.51;-102.53
75773.44;-102.76
75776.37;-102.84
75779.30;-102.69
75782.23;-102.84
75785.16;-102.92
75788.09;-103.08
75791.02;-102.84
75793.95;-102.84
75796.88;-102.84
75799.80;-102.69
75802.73;-102.61
75805.66;-102.84
75808.59;-103.00
75811.52;-102.69
75814.45;-102.76
75817.38;-103.00
75820.31;-103.00
75823.24;-102.84
75826.17;-102.61
75829.10;-102.69
75832.03;-102.76
75834.96;-102.69
75837.89;-102.76
75840.82;-103.16
75843.75;-102.92
75846.68;-102.84
75849.61;-102.84
75852.54;-102.92
75855.47;-102.45
75858.40;-102.69
75861.33;-102.76
75864.26;-102.76
75867.19;-102.92
75870.12;-102.84
75873.05;-102.69
75875.98;-102.69
75878.91;-102.53
75881.84;-102.76
75884.77;-103.08
75887.70;-102.84
75890.63;-102.84
75893.55;-102.69
75896.48;-102.69
75899.41;-102.69
75902.34;-102.76
75905.27;-102.53
75908.20;-102.69
75911.13;-102.76
75914.06;-102.69
75916.99;-102.53
75919.92;-102.45
75922.85;-102.37
75925.78;-102.61
75928.71;-102.61
75931.64;-102.84
75934.57;-102.69
75937.50;-102.61
75940.43;-102.76
75943.36;-103.00
75946.29;-103.00
75949.22;-102.92
75952.15;-102.76
75955.08;-102.61
75958.01;-102.76
75960.94;-102.84
75963.87;-102.84
75966.80;-102.76
75969.73;-102.61
75972.66;-102.53
75975.59;-102.76
75978.52;-102.84
75981.45;-102.69
75984.38;-102.53
75987.30;-102.76
75990.23;-102.84
75993.16;-102.76
75996.09;-102.92
75999.02;-102.84
76001.95;-102.69
76004.88;-102.84
76007.81;-103.08
76010.74;-103.00
76013.67;-102.76
76016.60;-102.61
76019.53;-102.69
76022.46;-102.69
76025.39;-102.69
76028.32;-102.76
76031.25;-102.84
76034.18;-102.84
76037.11;-103.23
76040.04;-103.08
76042.97;-102.69
76045.90;-102.61
76048.83;-102.76
76051.76;-102.69
76054.69;-102.69
76057.62;-102.76
76060.55;-102.76
76063.48;-102.76
76066.41;-102.92
76069.34;-102.76
76072.27;-102.61
76075.20;-102.84
76078.13;-102.69
76081.05;-102.84
76083.98;-102.92
76086.91;-102.61
76089.84;-102.53
76092.77;-102.37
76095.70;-102.45
76098.63;-102.84
76101.56;-102.84
76104.49;-102.69
76107.42;-102.69
76110.35;-102.61
76113.28;-102.76
76116.21;-103.00
76119.14;-102.84
76122.07;-102.69
76125.00;-102.69
76127.93;-102.84
76130.86;-102.84
76133.79;-102.69
76136.72;-102.53
76139.65;-102.45
76142.58;-102.61
76145.51;-102.76
76148.44;-102.84
76151.37;-102.61
76154.30;-102.61
76157.23;-102.84
76160.16;-102.76
76163.09;-102.84
76166.02;-102.61
76168.95;-102.69
76171.88;-103.00
76174.80;-102.84
76177.73;-102.69
76180.66;-102.76
76183.59;-103.00
76186.52;-102.61
76189.45;-102.53
76192.38;-102.53
76195.31;-102.76
76198.24;-102.76
76201.17;-102.61
76204.10;-102.61
76207.03;-102.76
76209.96;-103.08
76212.89;-102.76
76215.82;-102.69
76218.75;-102.76
76221.68;-102.69
76224.61;-102.84
76227.54;-102.69
76230.47;-102.61
76233.40;-102.76
76236.33;-102.61
76239.26;-102.69
76242.19;-102.84
76245.12;-102.92
76248.05;-103.16
76250.98;-102.92
76253.91;-102.76
76256.84;-102.69
76259.77;-102.61
76262.70;-102.84
76265.63;-102.84
76268.55;-102.53
76271.48;-102.61
76274.41;-102.37
76277.34;-102.53
76280.27;-102.61
76283.20;-102.53
76286.13;-102.69
76289.06;-102.61
76291.99;-102.69
76294.92;-103.00
76297.85;-103.00
76300.78;-102.76
76303.71;-102.92
76306.64;-102.84
76309.57;-102.76
76312.50;-102.69
76315.43;-102.76
76318.36;-102.92
76321.29;-102.76
76324.22;-102.92
76327.15;-103.00
76330.08;-102.84
76333.01;-103.00
76335.94;-102.84
76338.87;-103.08
76341.80;-103.00
76344.73;-102.84
76347.66;-102.61
76350.59;-102.69
76353.52;-103.00
76356.45;-102.84
76359.38;-102.76
76362.30;-102.92
76365.23;-102.84
76368.16;-102.84
76371.09;-102.69
76374.02;-102.61
76376.95;-102.84
76379.88;-103.00
76382.81;-102.84
76385.74;-102.76
76388.67;-102.76
76391.60;-102.69
76394.53;-102.61
76397.46;-102.92
76400.39;-102.92
76403.32;-102.53
76406.25;-102.53
76409.18;-102.76
76412.11;-102.92
76415.04;-103.00
76417.97;-103.00
76420.90;-102.92
76423.83;-102.84
76426.76;-102.76
76429.69;-102.92
76432.62;-103.00
76435.55;-102.92
76438.48;-102.76
76441.41;-102.76
76444.34;-102.92
76447.27;-103.00
76450.20;-103.08
76453.13;-103.00
76456.05;-103.00
76458.98;-102.84
76461.91;-102.53
76464.84;-102.61
76467.77;-102.84
76470.70;-102.53
76473.63;-102.69
76476.56;-102.76
76479.49;-102.92
76482.42;-102.92
76485.35;-103.08
76488.28;-103.00
76491.21;-102.84
76494.14;-102.76
76497.07;-102.84
76500.00;-102.69
76502.93;-102.61
76505.86;-102.30
76508.79;-102.53
76511.72;-102.69
76514.65;-103.00
76517.58;-103.00
76520.51;-103.00
76523.44;-102.61
76526.37;-102.45
76529.30;-102.61
76532.23;-102.84
76535.16;-102.76
76538.09;-102.76
76541.02;-102.69
76543.95;-102.92
76546.88;-102.92
76549.80;-102.84
76552.73;-102.92
76555.66;-103.08
76558.59;-103.00
76561.52;-103.00
76564.45;-102.84
76567.38;-102.84
76570.31;-102.45
76573.24;-102.37
76576.17;-102.61
76579.10;-102.76
76582.03;-102.92
76584.96;-103.16
76587.89;-102.92
76590.82;-102.92
76593.75;-103.00
76596.68;-102.69
76599.61;-102.76
76602.54;-102.69
76605.47;-102.61
76608.40;-102.61
76611.33;-102.53
76614.26;-102.69
76617.19;-102.76
76620.12;-102.92
76623.05;-102.61
76625.98;-102.69
76628.91;-102.76
76631.84;-102.69
76634.77;-102.84
76637.70;-102.92
76640.63;-102.84
76643.55;-102.69
76646.48;-102.61
76649.41;-102.69
76652.34;-102.53
76655.27;-102.84
76658.20;-103.16
76661.13;-102.92
76664.06;-102.76
76666.99;-102.84
76669.92;-102.92
76672.85;-102.53
76675.78;-102.30
76678.71;-102.69
76681.64;-102.76
76684.57;-102.76
76687.50;-102.69
76690.43;-102.76
76693.36;-102.76
76696.29;-102.84
76699.22;-102.84
76702.15;-103.00
76705.08;-102.76
76708.01;-102.61
76710.94;-102.69
76713.87;-102.61
76716.80;-102.76
76719.73;-102.84
76722.66;-102.76
76725.59;-102.53
76728.52;-102.53
76731.45;-102.84
76734.38;-102.76
76737.30;-103.08
76740.23;-103.08
76743.16;-102.84
76746.09;-102.69
76749.02;-102.92
76751.95;-103.16
76754.88;-103.00
76757.81;-102.61
76760.74;-102.69
76763.67;-102.53
76766.60;-102.69
76769.53;-102.92
76772.46;-102.84
76775.39;-102.69
76778.32;-102.92
76781.25;-103.08
76784.18;-102.92
76787.11;-103.00
76790.04;-102.84
76792.97;-102.69
76795.90;-102.76
76798.83;-102.53
76801.76;-102.76
76804.69;-102.84
76807.62;-102.69
76810.55;-102.76
76813.48;-102.92
76816.41;-102.69
76819.34;-102.45
76822.27;-102.76
76825.20;-103.00
76828.13;-102.92
76831.05;-103.00
76833.98;-102.92
76836.91;-102.84
76839.84;-102.76
76842.77;-102.84
76845.70;-102.61
76848.63;-102.61
76851.56;-102.84
76854.49;-102.76
76857.42;-102.69
76860.35;-102.53
76863.28;-102.84
76866.21;-102.76
76869.14;-102.69
76872.07;-102.84
76875.00;-102.69
76877.93;-103.08
76880.86;-103.08
76883.79;-103.00
76886.72;-102.84
76889.65;-102.69
76892.58;-102.76
76895.51;-103.08
76898.44;-102.84
76901.37;-102.37
76904.30;-102.61
76907.23;-103.00
76910.16;-103.00
76913.09;-102.76
76916.02;-102.92
76918.95;-102.92
76921.88;-102.69
76924.80;-103.08
76927.73;-103.00
76930.66;-102.92
76933.59;-102.76
76936.52;-102.61
76939.45;-102.45
76942.38;-102.84
76945.31;-102.84
76948.24;-102.69
76951.17;-102.69
76954.10;-102.92
76957.03;-102.76
76959.96;-102.84
76962.89;-103.08
76965.82;-102.76
76968.75;-102.76
76971.68;-102.84
76974.61;-103.00
76977.54;-102.69
76980.47;-102.61
76983.40;-102.69
76986.33;-102.61
76989.26;-102.69
76992.19;-102.69
76995.12;-102.61
76998.05;-102.76
77000.98;-102.92
77003.91;-102.76
77006.84;-102.76
77009.77;-102.69
77012.70;-102.69
77015.63;-102.84
77018.55;-102.61
77021.48;-102.61
77024.41;-102.76
77027.34;-102.61
77030.27;-102.69
77033.20;-102.53
77036.13;-102.53
77039.06;-102.61
77041.99;-102.61
77044.92;-102.61
77047.85;-102.61
77050.78;-102.69
77053.71;-102.92
77056.64;-103.00
77059.57;-103.08
77062.50;-103.00
77065.43;-103.00
77068.36;-103.08
77071.29;-102.69
77074.22;-102.84
77077.15;-103.00
77080.08;-102.53
77083.01;-102.53
77085.94;-102.69
77088.87;-103.00
77091.80;-102.92
77094.73;-102.69
77097.66;-102.69
77100.59;-102.61
77103.52;-102.61
77106.45;-102.69
77109.38;-102.84
77112.30;-102.76
77115.23;-102.69
77118.16;-102.92
77121.09;-103.00
77124.02;-102.76
77126.95;-102.76
77129.88;-102.76
77132.81;-102.69
77135.74;-102.69
77138.67;-102.53
77141.60;-102.76
77144.53;-102.84
77147.46;-102.92
77150.39;-103.00
77153.32;-102.92
77156.25;-102.84
77159.18;-102.76
77162.11;-102.84
77165.04;-102.84
77167.97;-102.84
77170.90;-102.84
77173.83;-102.53
77176.76;-102.45
77179.69;-102.76
77182.62;-103.00
77185.55;-102.92
77188.48;-102.84
77191.41;-102.84
77194.34;-102.84
77197.27;-102.76
77200.20;-102.76
77203.13;-102.76
77206.05;-102.76
77208.98;-102.84
77211.91;-102.69
77214.84;-102.45
77217.77;-102.61
77220.70;-102.92
77223.63;-102.69
77226.56;-102.69
77229.49;-102.69
77232.42;-102.61
77235.35;-102.76
77238.28;-102.53
77241.21;-102.61
77244.14;-102.61
77247.07;-102.76
77250.00;-102.84
77252.93;-102.84
77255.86;-102.84
77258.79;-102.76
77261.72;-102.92
77264.65;-102.84
77267.58;-102.92
77270.51;-102.61
77273.44;-102.69
77276.37;-102.84
77279.30;-102.76
77282.23;-102.61
77285.16;-102.53
77288.09;-102.76
77291.02;-102.69
77293.95;-102.76
77296.88;-102.61
77299.80;-102.61
77302.73;-102.69
77305.66;-102.84
77308.59;-102.84
77311.52;-103.00
77314.45;-102.84
77317.38;-102.69
77320.31;-102.76
77323.24;-102.84
77326.17;-102.76
77329.10;-102.84
77332.03;-103.00
77334.96;-102.69
77337.89;-102.45
77340.82;-102.69
77343.75;-102.84
77346.68;-102.84
77349.61;-102.76
77352.54;-102.61
77355.47;-102.84
77358.40;-102.76
77361.33;-102.69
77364.26;-102.53
77367.19;-102.69
77370.12;-102.76
77373.05;-102.45
77375.98;-102.53
77378.91;-102.76
77381.84;-102.61
77384.77;-102.69
77387.70;-102.45
77390.63;-102.45
77393.55;-102.61
77396.48;-102.76
77399.41;-102.69
77402.34;-102.69
77405.27;-102.92
77408.20;-102.84
77411.13;-102.61
77414.06;-102.61
77416.99;-102.84
77419.92;-102.69
77422.85;-102.53
77425.78;-102.69
77428.71;-102.76
77431.64;-102.76
77434.57;-102.84
77437.50;-102.76
77440.43;-102.92
77443.36;-103.08
77446.29;-103.00
77449.22;-103.00
77452.15;-102.69
77455.08;-102.76
77458.01;-102.92
77460.94;-102.92
77463.87;-102.84
77466.80;-103.00
77469.73;-103.00
77472.66;-102.76
77475.59;-102.69
77478.52;-102.69
77481.45;-102.69
77484.38;-102.76
77487.30;-102.69
77490.23;-102.84
77493.16;-102.76
77496.09;-102.76
77499.02;-102.53
77501.95;-102.84
77504.88;-103.08
77507.81;-103.08
77510.74;-102.76
77513.67;-102.76
77516.60;-102.84
77519.53;-102.76
77522.46;-102.69
77525.39;-102.76
77528.32;-102.84
77531.25;-103.00
77534.18;-103.00
77537.11;-103.00
77540.04;-103.00
77542.97;-102.92
77545.90;-102.84
77548.83;-103.00
77551.76;-102.84
77554.69;-102.69
77557.62;-102.53
77560.55;-102.53
77563.48;-103.08
77566.41;-103.16
77569.34;-103.00
77572.27;-102.69
77575.20;-102.61
77578.13;-103.00
77581.05;-103.00
77583.98;-102.92
77586.91;-102.84
77589.84;-102.84
77592.77;-102.76
77595.70;-102.76
77598.63;-102.84
77601.56;-102.53
77604.49;-102.53
77607.42;-102.84
77610.35;-102.61
77613.28;-102.76
77616.21;-102.84
77619.14;-102.53
77622.07;-102.84
77625.00;-102.92
77627.93;-102.76
77630.86;-102.61
77633.79;-102.76
77636.72;-102.84
77639.65;-102.76
77642.58;-102.84
77645.51;-102.76
77648.44;-102.76
77651.37;-103.08
77654.30;-102.69
77657.23;-102.61
77660.16;-102.84
77663.09;-102.76
77666.02;-102.69
77668.95;-102.76
77671.88;-103.00
77674.80;-102.92
77677.73;-102.76
77680.66;-102.76
77683.59;-102.84
77686.52;-102.76
77689.45;-102.84
77692.38;-103.16
77695.31;-103.08
77698.24;-103.08
77701.17;-103.31
77704.10;-103.00
77707.03;-102.84
77709.96;-103.00
77712.89;-103.00
77715.82;-102.76
77718.75;-102.53
77721.68;-102.69
77724.61;-102.76
77727.54;-102.92
77730.47;-103.00
77733.40;-102.84
77736.33;-102.61
77739.26;-102.76
77742.19;-102.92
77745.12;-102.76
77748.05;-102.76
77750.98;-102.76
77753.91;-102.92
77756.84;-103.08
77759.77;-102.92
77762.70;-102.92
77765.63;-103.16
77768.55;-103.00
77771.48;-102.92
77774.41;-102.61
77777.34;-102.84
77780.27;-102.84
77783.20;-102.53
77786.13;-102.69
77789.06;-103.00
77791.99;-103.00
77794.92;-102.92
77797.85;-102.84
77800.78;-102.92
77803.71;-102.84
77806.64;-103.08
77809.57;-102.84
77812.50;-102.37
77815.43;-102.61
77818.36;-102.69
77821.29;-102.84
77824.22;-102.84
77827.15;-102.84
77830.08;-102.76
77833.01;-102.84
77835.94;-102.84
77838.87;-102.92
77841.80;-103.00
77844.73;-103.00
77847.66;-102.84
77850.59;-102.53
77853.52;-102.69
77856.45;-102.76
77859.38;-102.69
77862.30;-102.61
77865.23;-102.76
77868.16;-102.76
77871.09;-102.84
77874.02;-102.69
77876.95;-102.69
77879.88;-102.84
77882.81;-102.76
77885.74;-102.76
77888.67;-102.92
77891.60;-102.69
77894.53;-102.53
77897.46;-102.69
77900.39;-102.84
77903.32;-102.92
77906.25;-102.92
77909.18;-102.84
77912.11;-102.84
77915.04;-103.00
77917.97;-103.16
77920.90;-103.16
77923.83;-102.92
77926.76;-102.69
77929.69;-102.69
77932.62;-102.76
77935.55;-103.16
77938.48;-103.00
77941.41;-103.08
77944.34;-103.08
77947.27;-102.84
77950.20;-102.69
77953.13;-102.61
77956.05;-102.61
77958.98;-102.84
77961.91;-102.76
77964.84;-102.84
77967.77;-102.69
77970.70;-102.53
77973.63;-102.61
77976.56;-102.69
77979.49;-102.76
77982.42;-102.92
77985.35;-103.00
77988.28;-103.23
77991.21;-102.84
77994.14;-102.53
77997.07;-102.92
78000.00;-103.16
78002.93;-102.92
78005.86;-102.53
78008.79;-102.69
78011.72;-102.84
78014.65;-102.92
78017.58;-103.08
78020.51;-103.16
78023.44;-103.16
78026.37;-102.76
78029.30;-102.61
78032.23;-103.00
78035.16;-102.84
78038.09;-102.69
78041.02;-102.69
78043.95;-102.92
78046.88;-102.76
78049.80;-102.76
78052.73;-103.00
78055.66;-102.84
78058.59;-102.84
78061.52;-102.84
78064.45;-102.92
78067.38;-103.00
78070.31;-102.84
78073.24;-102.76
78076.17;-102.61
78079.10;-102.69
78082.03;-102.92
78084.96;-102.92
78087.89;-103.00
78090.82;-103.00
78093.75;-102.84
78096.68;-102.84
78099.61;-102.92
78102.54;-102.92
78105.47;-103.08
78108.40;-102.84
78111.33;-102.76
78114.26;-102.69
78117.19;-102.69
78120.12;-102.76
78123.05;-102.92
78125.98;-102.84
78128.91;-102.76
78131.84;-102.76
78134.77;-102.76
78137.70;-102.69
78140.63;-102.45
78143.55;-102.69
78146.48;-102.92
78149.41;-102.76
78152.34;-102.69
78155.27;-102.61
78158.20;-102.76
78161.13;-103.16
78164.06;-102.84
78166.99;-102.61
78169.92;-102.69
78172.85;-102.69
78175.78;-102.61
78178.71;-102.61
78181.64;-102.45
78184.57;-102.53
78187.50;-102.76
78190.43;-102.84
78193.36;-102.76
78196.29;-102.69
78199.22;-102.84
78202.15;-102.84
78205.08;-103.00
78208.01;-103.00
78210.94;-102.92
78213.87;-102.84
78216.80;-102.84
78219.73;-102.69
78222.66;-102.69
78225.59;-102.76
78228.52;-102.69
78231.45;-102.76
78234.38;-102.69
78237.30;-102.76
78240.23;-102.76
78243.16;-102.61
78246.09;-102.84
78249.02;-103.00
78251.95;-103.00
78254.88;-102.84
78257.81;-102.84
78260.74;-103.00
78263.67;-102.92
78266.60;-102.92
78269.53;-102.92
78272.46;-102.69
78275.39;-102.84
78278.32;-103.08
78281.25;-103.00
78284.18;-102.76
78287.11;-102.69
78290.04;-102.76
78292.97;-102.37
78295.90;-102.61
78298.83;-102.84
78301.76;-102.76
78304.69;-103.08
78307.62;-103.08
78310.55;-102.84
78313.48;-102.76
78316.41;-102.69
78319.34;-102.84
78322.27;-102.84
78325.20;-103.00
78328.13;-103.16
78331.05;-102.92
78333.98;-102.76
78336.91;-102.76
78339.84;-102.69
78342.77;-102.69
78345.70;-103.00
78348.63;-103.23
78351.56;-103.00
78354.49;-102.53
78357.42;-102.69
78360.35;-103.00
78363.28;-103.00
78366.21;-102.76
78369.14;-102.69
78372.07;-102.76
78375.00;-103.00
78377.93;-102.84
78380.86;-102.69
78383.79;-102.76
78386.72;-102.84
78389.65;-103.23
78392.58;-103.00
78395.51;-102.92
78398.44;-102.84
78401.37;-102.84
78404.30;-102.92
78407.23;-102.53
78410.16;-102.61
78413.09;-102.76
78416.02;-102.76
78418.95;-102.61
78421.88;-102.61
78424.80;-102.92
78427.73;-102.76
78430.66;-102.61
78433.59;-102.76
78436.52;-102.69
78439.45;-102.69
78442.38;-102.53
78445.31;-102.53
78448.24;-102.84
78451.17;-103.00
78454.10;-102.61
78457.03;-102.61
78459.96;-102.61
78462.89;-102.76
78465.82;-102.76
78468.75;-102.84
78471.68;-102.84
78474.61;-102.76
78477.54;-102.84
78480.47;-103.00
78483.40;-102.61
78486.33;-102.37
78489.26;-102.53
78492.19;-102.69
78495.12;-102.92
78498.05;-103.00
78500.98;-102.84
78503.91;-103.00
78506.84;-103.00
78509.77;-102.92
78512.70;-103.00
78515.63;-102.76
78518.55;-102.61
78521.48;-102.92
78524.41;-103.08
78527.34;-102.92
78530.27;-102.84
78533.20;-103.08
78536.13;-102.84
78539.06;-102.92
78541.99;-103.08
78544.92;-103.00
78547.85;-102.69
78550.78;-102.92
78553.71;-102.84
78556.64;-102.69
78559.57;-102.84
78562.50;-102.92
78565.43;-102.92
78568.36;-102.84
78571.29;-103.16
78574.22;-103.08
78577.15;-103.08
78580.08;-103.08
78583.01;-103.00
78585.94;-103.00
78588.87;-103.31
78591.80;-102.92
78594.73;-102.69
78597.66;-102.30
78600.59;-102.45
78603.52;-102.69
78606.45;-102.69
78609.38;-102.76
78612.30;-103.00
78615.23;-103.23
78618.16;-103.08
78621.09;-102.92
78624.02;-102.69
78626.95;-102.84
78629.88;-102.69
78632.81;-102.92
78635.74;-103.08
78638.67;-102.92
78641.60;-103.00
78644.53;-103.08
78647.46;-102.92
78650.39;-102.84
78653.32;-103.00
78656.25;-103.00
78659.18;-102.76
78662.11;-103.00
78665.04;-102.84
78667.97;-102.84
78670.90;-102.84
78673.83;-102.84
78676.76;-102.76
78679.69;-102.53
78682.62;-102.30
78685.55;-102.69
78688.48;-102.76
78691.41;-102.76
78694.34;-102.84
78697.27;-102.84
78700.20;-102.76
78703.13;-102.84
78706.05;-102.84
78708.98;-103.08
78711.91;-102.84
78714.84;-102.84
78717.77;-102.76
78720.70;-102.76
78723.63;-102.92
78726.56;-102.92
78729.49;-103.00
78732.42;-103.23
78735.35;-103.23
78738.28;-102.84
78741.21;-102.69
78744.14;-102.84
78747.07;-102.69
78750.00;-102.61
78752.93;-102.69
78755.86;-102.76
78758.79;-103.08
78761.72;-103.00
78764.65;-102.84
78767.58;-102.76
78770.51;-102.45
78773.44;-102.30
78776.37;-102.76
78779.30;-102.76
78782.23;-102.61
78785.16;-103.08
78788.09;-103.00
78791.02;-102.92
78793.95;-102.69
78796.88;-102.76
78799.80;-102.92
78802.73;-103.23
78805.66;-103.00
78808.59;-102.45
78811.52;-102.45
78814.45;-102.53
78817.38;-102.84
78820.31;-102.92
78823.24;-102.92
78826.17;-102.84
78829.10;-102.76
78832.03;-103.00
78834.96;-102.61
78837.89;-102.45
78840.82;-102.92
78843.75;-102.84
78846.68;-102.45
78849.61;-102.53
78852.54;-102.69
78855.47;-103.00
78858.40;-102.92
78861.33;-102.92
78864.26;-103.08
78867.19;-103.16
78870.12;-103.08
78873.05;-103.00
78875.98;-103.08
78878.91;-103.00
78881.84;-102.69
78884.77;-102.45
78887.70;-102.61
78890.63;-102.61
78893.55;-102.61
78896.48;-102.69
78899.41;-102.76
78902.34;-102.92
78905.27;-102.84
78908.20;-102.92
78911.13;-103.00
78914.06;-102.69
78916.99;-102.53
78919.92;-102.84
78922.85;-102.76
78925.78;-102.53
78928.71;-102.45
78931.64;-102.76
78934.57;-102.92
78937.50;-103.00
78940.43;-103.31
78943.36;-103.39
78946.29;-102.84
78949.22;-102.69
78952.15;-102.76
78955.08;-102.69
78958.01;-102.76
78960.94;-103.08
78963.87;-102.76
78966.80;-102.53
78969.73;-102.69
78972.66;-102.92
78975.59;-102.92
78978.52;-102.92
78981.45;-102.61
78984.38;-102.76
78987.30;-102.69
78990.23;-102.76
78993.16;-102.53
78996.09;-102.61
78999.02;-102.84
79001.95;-102.92
79004.88;-102.84
79007.81;-102.69
79010.74;-102.69
79013.67;-102.76
79016.60;-102.61
79019.53;-102.61
79022.46;-102.84
79025.39;-102.92
79028.32;-103.00
79031.25;-102.84
79034.18;-102.76
79037.11;-102.92
79040.04;-102.76
79042.97;-103.00
79045.90;-103.08
79048.83;-103.00
79051.76;-102.76
79054.69;-102.53
79057.62;-102.69
79060.55;-102.92
79063.48;-102.76
79066.41;-102.53
79069.34;-103.16
79072.27;-103.23
79075.20;-103.00
79078.13;-102.76
79081.05;-102.76
79083.98;-102.92
79086.91;-102.61
79089.84;-102.61
79092.77;-102.69
79095.70;-102.92
79098.63;-102.84
79101.56;-102.84
79104.49;-102.76
79107.42;-102.61
79110.35;-102.76
79113.28;-103.00
79116.21;-103.16
79119.14;-102.45
79122.07;-102.61
79125.00;-102.69
79127.93;-102.69
79130.86;-102.92
79133.79;-102.76
79136.72;-102.69
79139.65;-102.69
79142.58;-102.76
79145.51;-103.00
79148.44;-103.00
79151.37;-102.69
79154.30;-102.61
79157.23;-102.61
79160.16;-102.53
79163.09;-102.84
79166.02;-102.92
79168.95;-102.61
79171.88;-102.76
79174.80;-102.84
79177.73;-102.69
79180.66;-103.08
79183.59;-103.16
79186.52;-102.92
79189.45;-102.84
79192.38;-102.76
79195.31;-103.00
79198.24;-102.92
79201.17;-103.08
79204.10;-103.00
79207.03;-103.00
79209.96;-102.76
79212.89;-102.69
79215.82;-103.00
79218.75;-103.08
79221.68;-103.00
79224.61;-103.00
79227.54;-102.69
79230.47;-102.69
79233.40;-103.00
79236.33;-102.84
79239.26;-102.76
79242.19;-102.92
79245.12;-102.84
79248.05;-102.76
79250.98;-102.92
79253.91;-102.76
79256.84;-102.69
79259.77;-102.61
79262.70;-102.69
79265.63;-103.08
79268.55;-102.92
79271.48;-102.61
79274.41;-103.00
79277.34;-102.92
79280.27;-102.76
79283.20;-103.08
79286.13;-103.00
79289.06;-102.61
79291.99;-102.76
79294.92;-103.08
79297.85;-103.00
79300.78;-102.92
79303.71;-102.92
79306.64;-102.84
79309.57;-102.76
79312.50;-102.84
79315.43;-102.76
79318.36;-102.92
79321.29;-102.84
79324.22;-102.92
79327.15;-102.76
79330.08;-102.76
79333.01;-103.08
79335.94;-102.92
79338.87;-102.69
79341.80;-102.76
79344.73;-102.84
79347.66;-102.84
79350.59;-102.92
79353.52;-102.84
79356.45;-102.76
79359.38;-102.84
79362.30;-102.92
79365.23;-102.84
79368.16;-102.76
79371.09;-102.53
79374.02;-102.61
79376.95;-103.00
79379.88;-102.92
79382.81;-102.69
79385.74;-102.53
79388.67;-103.08
79391.60;-103.08
79394.53;-103.08
79397.46;-103.16
79400.39;-103.08
79403.32;-102.92
79406.25;-102.69
79409.18;-102.61
79412.11;-102.69
79415.04;-102.76
79417.97;-103.16
79420.90;-103.23
79423.83;-102.92
79426.76;-102.69
79429.69;-102.76
79432.62;-102.84
79435.55;-102.76
79438.48;-102.84
79441.41;-102.61
79444.34;-102.69
79447.27;-102.69
79450.20;-102.84
79453.13;-102.84
79456.05;-102.84
79458.98;-103.16
79461.91;-102.84
79464.84;-102.84
79467.77;-102.76
79470.70;-102.61
79473.63;-102.69
79476.56;-102.84
79479.49;-102.69
79482.42;-102.76
79485.35;-102.69
79488.28;-102.84
79491.21;-103.08
79494.14;-103.00
79497.07;-102.84
79500.00;-102.84
79502.93;-102.61
79505.86;-102.76
79508.79;-102.92
79511.72;-102.92
79514.65;-102.84
79517.58;-102.53
79520.51;-102.61
79523.44;-102.61
79526.37;-102.61
79529.30;-102.76
79532.23;-102.69
79535.16;-102.61
79538.09;-102.53
79541.02;-102.69
79543.95;-102.53
79546.88;-102.61
79549.80;-102.84
79552.73;-102.92
79555.66;-102.76
79558.59;-102.84
79561.52;-103.23
79564.45;-103.23
79567.38;-102.69
79570.31;-102.84
79573.24;-102.92
79576.17;-102.69
79579.10;-102.76
79582.03;-102.92
79584.96;-103.16
79587.89;-103.00
79590.82;-102.61
79593.75;-102.92
79596.68;-102.92
79599.61;-103.00
79602.54;-102.84
79605.47;-102.92
79608.40;-102.84
79611.33;-102.61
79614.26;-102.84
79617.19;-102.92
79620.12;-102.61
79623.05;-102.30
79625.98;-102.69
79628.91;-103.00
79631.84;-102.92
79634.77;-102.92
79637.70;-102.92
79640.63;-103.08
79643.55;-103.08
79646.48;-102.69
79649.41;-102.84
79652.34;-103.00
79655.27;-103.08
79658.20;-102.92
79661.13;-102.69
79664.06;-102.76
79666.99;-102.61
79669.92;-102.76
79672.85;-102.92
79675.78;-102.76
79678.71;-102.92
79681.64;-102.92
79684.57;-103.08
79687.50;-103.08
79690.43;-103.00
79693.36;-102.92
79696.29;-103.00
79699.22;-102.69
79702.15;-102.53
79705.08;-102.61
79708.01;-102.84
79710.94;-102.92
79713.87;-103.00
79716.80;-103.00
79719.73;-103.00
79722.66;-102.76
79725.59;-102.92
79728.52;-102.84
79731.45;-102.84
79734.38;-102.84
79737.30;-103.00
79740.23;-102.76
79743.16;-102.37
79746.09;-102.92
79749.02;-103.23
79751.95;-102.76
79754.88;-102.84
79757.81;-102.84
79760.74;-102.53
79763.67;-102.92
79766.60;-103.00
79769.53;-102.92
79772.46;-102.84
79775.39;-102.84
79778.32;-102.84
79781.25;-102.76
79784.18;-102.84
79787.11;-102.84
79790.04;-103.00
79792.97;-103.00
79795.90;-103.08
79798.83;-103.16
79801.76;-102.92
79804.69;-103.08
79807.62;-102.92
79810.55;-103.08
79813.48;-102.84
79816.41;-102.76
79819.34;-102.76
79822.27;-102.61
79825.20;-102.84
79828.13;-102.76
79831.05;-102.53
79833.98;-102.45
79836.91;-102.61
79839.84;-102.84
79842.77;-102.76
79845.70;-102.92
79848.63;-102.76
79851.56;-102.76
79854.49;-102.69
79857.42;-102.53
79860.35;-102.92
79863.28;-102.92
79866.21;-102.92
79869.14;-103.00
79872.07;-103.00
79875.00;-102.76
79877.93;-102.69
79880.86;-102.45
79883.79;-102.45
79886.72;-102.61
79889.65;-102.69
79892.58;-102.92
79895.51;-103.00
79898.44;-102.84
79901.37;-102.92
79904.30;-102.76
79907.23;-102.61
79910.16;-102.69
79913.09;-102.84
79916.02;-103.23
79918.95;-102.92
79921.88;-102.61
79924.80;-102.61
79927.73;-102.61
79930.66;-102.69
79933.59;-103.00
79936.52;-102.84
79939.45;-102.92
79942.38;-103.08
79945.31;-102.92
79948.24;-103.16
79951.17;-103.00
79954.10;-102.76
79957.03;-102.69
79959.96;-102.69
79962.89;-102.53
79965.82;-102.76
79968.75;-102.92
79971.68;-102.92
79974.61;-102.84
79977.54;-103.00
79980.47;-103.08
79983.40;-103.08
79986.33;-102.92
79989.26;-102.76
79992.19;-103.00
79995.12;-102.92
79998.05;-102.84
80000.98;-102.69
80003.91;-102.61
80006.84;-102.76
80009.77;-103.00
80012.70;-103.16
80015.63;-102.92
80018.55;-102.84
80021.48;-102.84
80024.41;-103.00
80027.34;-102.92
80030.27;-102.92
80033.20;-102.76
80036.13;-102.92
80039.06;-102.92
80041.99;-102.69
80044.92;-102.69
80047.85;-102.76
80050.78;-102.84
80053.71;-102.76
80056.64;-102.92
80059.57;-103.00
80062.50;-102.53
80065.43;-102.69
80068.36;-102.92
80071.29;-102.76
80074.22;-102.92
80077.15;-102.84
80080.08;-102.76
80083.01;-102.84
80085.94;-102.92
80088.87;-102.76
80091.80;-102.69
80094.73;-102.69
80097.66;-102.61
80100.59;-102.76
80103.52;-102.92
80106.45;-102.76
80109.38;-102.69
80112.30;-102.45
80115.23;-102.69
80118.16;-102.76
80121.09;-102.53
80124.02;-102.84
80126.95;-102.92
80129.88;-102.76
80132.81;-102.53
80135.74;-102.76
80138.67;-102.92
80141.60;-102.76
80144.53;-103.16
80147.46;-102.76
80150.39;-102.61
80153.32;-103.00
80156.25;-103.16
80159.18;-103.23
80162.11;-103.00
80165.04;-102.61
80167.97;-102.84
80170.90;-103.23
80173.83;-103.08
80176.76;-103.00
80179.69;-102.69
80182.62;-102.69
80185.55;-102.76
80188.48;-102.76
80191.41;-102.92
80194.34;-103.00
80197.27;-102.84
80200.20;-102.84
80203.13;-102.69
80206.05;-102.69
80208.98;-102.84
80211.91;-102.84
80214.84;-102.76
80217.77;-102.53
80220.70;-102.69
80223.63;-102.92
80226.56;-103.00
80229.49;-103.08
80232.42;-103.00
80235.35;-102.92
80238.28;-102.84
80241.21;-102.76
80244.14;-102.61
80247.07;-102.53
80250.00;-102.84
80252.93;-102.92
80255.86;-102.69
80258.79;-102.61
80261.72;-102.69
80264.65;-102.84
80267.58;-102.92
80270.51;-102.92
80273.44;-103.00
80276.37;-103.16
80279.30;-103.00
80282.23;-102.84
80285.16;-103.00
80288.09;-102.76
80291.02;-102.84
80293.95;-102.69
80296.88;-102.84
80299.80;-103.00
80302.73;-102.61
80305.66;-102.37
80308.59;-102.61
80311.52;-102.69
80314.45;-102.76
80317.38;-102.84
80320.31;-103.00
80323.24;-102.69
80326.17;-102.76
80329.10;-102.84
80332.03;-102.69
80334.96;-103.00
80337.89;-102.92
80340.82;-102.92
80343.75;-103.00
80346.68;-102.92
80349.61;-102.84
80352.54;-103.00
80355.47;-102.92
80358.40;-102.76
80361.33;-102.76
80364.26;-103.00
80367.19;-103.23
80370.12;-102.92
80373.05;-102.84
80375.98;-102.84
80378.91;-102.92
80381.84;-102.92
80384.77;-102.69
80387.70;-103.16
80390.63;-102.92
80393.55;-102.84
80396.48;-102.92
80399.41;-102.84
80402.34;-102.84
80405.27;-102.76
80408.20;-102.45
80411.13;-102.37
80414.06;-102.84
80416.99;-102.92
80419.92;-102.76
80422.85;-102.61
80425.78;-102.69
80428.71;-102.84
80431.64;-103.00
80434.57;-103.08
80437.50;-102.84
80440.43;-102.84
80443.36;-102.69
80446.29;-102.76
80449.22;-103.00
80452.15;-103.16
80455.08;-102.92
80458.01;-102.92
80460.94;-102.84
80463.87;-102.76
80466.80;-102.69
80469.73;-102.76
80472.66;-102.76
80475.59;-102.76
80478.52;-102.92
80481.45;-102.84
80484.38;-102.84
80487.30;-102.76
80490.23;-102.69
80493.16;-102.84
80496.09;-102.92
80499.02;-102.61
80501.95;-102.76
80504.88;-102.84
80507.81;-103.08
80510.74;-102.84
80513.67;-102.84
80516.60;-103.00
80519.53;-103.16
80522.46;-103.08
80525.39;-102.92
80528.32;-103.00
80531.25;-102.76
80534.18;-102.76
80537.11;-102.61
80540.04;-102.37
80542.97;-102.61
80545.90;-103.00
80548.83;-102.92
80551.76;-103.00
80554.69;-103.08
80557.62;-103.00
80560.55;-102.84
80563.48;-102.69
80566.41;-102.61
80569.34;-102.84
80572.27;-103.00
80575.20;-103.00
80578.13;-102.76
80581.05;-102.69
80583.98;-102.61
80586.91;-102.61
80589.84;-102.76
80592.77;-102.61
80595.70;-102.69
80598.63;-102.76
80601.56;-102.92
80604.49;-103.08
80607.42;-102.84
80610.35;-102.76
80613.28;-102.53
80616.21;-102.53
80619.14;-102.61
80622.07;-102.53
80625.00;-102.76
80627.93;-103.08
80630.86;-103.00
80633.79;-103.08
80636.72;-102.92
80639.65;-102.61
80642.58;-102.92
80645.51;-102.92
80648.44;-102.76
80651.37;-102.69
80654.30;-102.76
80657.23;-102.69
80660.16;-102.84
80663.09;-103.08
80666.02;-103.08
80668.95;-102.92
80671.88;-103.16
80674.80;-103.31
80677.73;-103.08
80680.66;-103.08
80683.59;-103.08
80686.52;-103.00
80689.45;-103.16
80692.38;-102.92
80695.31;-102.84
80698.24;-102.84
80701.17;-102.84
80704.10;-102.76
80707.03;-102.53
80709.96;-102.69
80712.89;-102.84
80715.82;-102.76
80718.75;-103.00
80721.68;-103.00
80724.61;-103.16
80727.54;-103.16
80730.47;-103.00
80733.40;-102.92
80736.33;-102.76
80739.26;-102.69
80742.19;-102.69
80745.12;-102.92
80748.05;-102.76
80750.98;-102.84
80753.91;-102.84
80756.84;-102.69
80759.77;-102.69
80762.70;-102.76
80765.63;-103.00
80768.55;-103.08
80771.48;-102.92
80774.41;-102.84
80777.34;-102.69
80780.27;-102.61
80783.20;-102.61
80786.13;-102.84
80789.06;-102.76
80791.99;-102.92
80794.92;-103.00
80797.85;-102.84
80800.78;-102.76
80803.71;-103.00
80806.64;-103.00
80809.57;-102.76
80812.50;-102.76
80815.43;-103.08
80818.36;-102.84
80821.29;-102.69
80824.22;-103.00
80827.15;-103.08
80830.08;-103.08
80833.01;-102.84
80835.94;-102.84
80838.87;-102.92
80841.80;-102.76
80844.73;-102.92
80847.66;-102.92
80850.59;-102.92
80853.52;-103.00
80856.45;-103.16
80859.38;-102.92
80862.30;-102.84
80865.23;-102.84
80868.16;-103.00
80871.09;-102.92
80874.02;-103.16
80876.95;-103.31
80879.88;-102.92
80882.81;-102.84
80885.74;-103.00
80888.67;-102.92
80891.60;-102.92
80894.53;-102.84
80897.46;-102.76
80900.39;-102.69
80903.32;-103.00
80906.25;-102.92
80909.18;-102.76
80912.11;-102.69
80915.04;-102.84
80917.97;-102.69
80920.90;-102.69
80923.83;-102.37
80926.76;-102.37
80929.69;-102.84
80932.62;-103.00
80935.55;-103.23
80938.48;-103.08
80941.41;-102.76
80944.34;-102.92
80947.27;-103.00
80950.20;-102.76
80953.13;-102.76
80956.05;-102.76
80958.98;-102.69
80961.91;-102.76
80964.84;-102.84
80967.77;-103.00
80970.70;-102.84
80973.63;-102.84
80976.56;-102.92
80979.49;-102.92
80982.42;-102.84
80985.35;-103.16
80988.28;-102.92
80991.21;-102.53
80994.14;-102.76
80997.07;-102.84
81000.00;-102.84
81002.93;-102.84
81005.86;-102.92
81008.79;-102.76
81011.72;-102.69
81014.65;-102.76
81017.58;-102.76
81020.51;-102.53
81023.44;-102.69
81026.37;-102.92
81029.30;-102.84
81032.23;-102.92
81035.16;-103.00
81038.09;-102.76
81041.02;-102.76
81043.95;-103.16
81046.88;-102.92
81049.80;-102.84
81052.73;-103.16
81055.66;-102.92
81058.59;-102.92
81061.52;-102.84
81064.45;-102.92
81067.38;-102.92
81070.31;-103.00
81073.24;-103.00
81076.17;-102.92
81079.10;-103.16
81082.03;-102.84
81084.96;-102.61
81087.89;-103.08
81090.82;-103.31
81093.75;-103.00
81096.68;-103.08
81099.61;-103.16
81102.54;-102.92
81105.47;-102.84
81108.40;-102.76
81111.33;-102.69
81114.26;-102.76
81117.19;-103.00
81120.12;-102.84
81123.05;-103.00
81125.98;-102.76
81128.91;-102.61
81131.84;-102.69
81134.77;-102.69
81137.70;-102.84
81140.63;-102.84
81143.55;-102.69
81146.48;-102.76
81149.41;-103.00
81152.34;-102.84
81155.27;-102.69
81158.20;-103.00
81161.13;-102.84
81164.06;-102.69
81166.99;-103.00
81169.92;-102.92
81172.85;-103.00
81175.78;-102.92
81178.71;-102.84
81181.64;-102.69
81184.57;-102.76
81187.50;-102.84
81190.43;-103.00
81193.36;-103.23
81196.29;-102.92
81199.22;-102.84
81202.15;-103.08
81205.08;-103.08
81208.01;-102.84
81210.94;-102.84
81213.87;-102.84
81216.80;-102.92
81219.73;-102.61
81222.66;-102.76
81225.59;-103.00
81228.52;-103.00
81231.45;-102.84
81234.38;-102.76
81237.30;-102.76
81240.23;-102.61
81243.16;-102.69
81246.09;-103.08
81249.02;-102.92
81251.95;-102.76
81254.88;-102.84
81257.81;-102.84
81260.74;-102.84
81263.67;-103.00
81266.60;-103.00
81269.53;-103.00
81272.46;-102.92
81275.39;-102.92
81278.32;-102.53
81281.25;-102.61
81284.18;-102.84
81287.11;-102.92
81290.04;-103.00
81292.97;-102.92
81295.90;-103.00
81298.83;-102.76
81301.76;-102.92
81304.69;-102.76
81307.62;-102.76
81310.55;-102.84
81313.48;-102.76
81316.41;-102.69
81319.34;-102.76
81322.27;-102.69
81325.20;-102.92
81328.13;-102.84
81331.05;-102.84
81333.98;-103.00
81336.91;-103.08
81339.84;-103.00
81342.77;-103.00
81345.70;-103.08
81348.63;-103.00
81351.56;-102.84
81354.49;-102.92
81357.42;-102.76
81360.35;-102.76
81363.28;-103.08
81366.21;-102.84
81369.14;-103.00
81372.07;-103.08
81375.00;-102.92
81377.93;-102.84
81380.86;-103.08
81383.79;-102.84
81386.72;-102.76
81389.65;-103.08
81392.58;-102.84
81395.51;-102.61
81398.44;-102.69
81401.37;-102.92
81404.30;-102.92
81407.23;-102.76
81410.16;-102.92
81413.09;-102.92
81416.02;-103.00
81418.95;-103.08
81421.88;-103.16
81424.80;-102.84
81427.73;-102.84
81430.66;-102.61
81433.59;-102.84
81436.52;-102.45
81439.45;-102.69
81442.38;-102.69
81445.31;-102.84
81448.24;-102.84
81451.17;-102.69
81454.10;-103.08
81457.03;-102.92
81459.96;-103.00
81462.89;-102.84
81465.82;-102.61
81468.75;-102.37
81471.68;-102.53
81474.61;-102.92
81477.54;-103.23
81480.47;-103.16
81483.40;-103.00
81486.33;-102.61
81489.26;-102.61
81492.19;-102.92
81495.12;-103.08
81498.05;-103.08
81500.98;-103.00
81503.91;-102.84
81506.84;-103.08
81509.77;-102.92
81512.70;-103.00
81515.63;-103.23
81518.55;-103.00
81521.48;-102.69
81524.41;-102.84
81527.34;-102.92
81530.27;-102.92
81533.20;-102.61
81536.13;-102.84
81539.06;-102.61
81541.99;-102.37
81544.92;-102.30
81547.85;-102.69
81550.78;-102.92
81553.71;-102.76
81556.64;-102.92
81559.57;-102.69
81562.50;-102.84
81565.43;-103.16
81568.36;-103.31
81571.29;-103.08
81574.22;-102.84
81577.15;-102.92
81580.08;-102.76
81583.01;-102.84
81585.94;-103.16
81588.87;-102.92
81591.80;-102.76
81594.73;-102.69
81597.66;-102.92
81600.59;-103.00
81603.52;-103.00
81606.45;-103.00
81609.38;-103.00
81612.30;-103.00
81615.23;-103.00
81618.16;-102.92
81621.09;-103.08
81624.02;-103.16
81626.95;-103.00
81629.88;-102.84
81632.81;-103.00
81635.74;-102.84
81638.67;-102.76
81641.60;-102.76
81644.53;-102.84
81647.46;-102.84
81650.39;-102.84
81653.32;-102.84
81656.25;-102.69
81659.18;-102.92
81662.11;-102.84
81665.04;-102.84
81667.97;-102.84
81670.90;-102.61
81673.83;-102.61
81676.76;-102.69
81679.69;-102.69
81682.62;-102.84
81685.55;-103.08
81688.48;-102.84
81691.41;-102.84
81694.34;-103.00
81697.27;-103.00
81700.20;-103.00
81703.13;-103.08
81706.05;-102.84
81708.98;-102.84
81711.91;-103.00
81714.84;-103.00
81717.77;-103.00
81720.70;-103.16
81723.63;-103.16
81726.56;-103.08
81729.49;-102.69
81732.42;-102.84
81735.35;-102.76
81738.28;-102.92
81741.21;-102.92
81744.14;-103.08
81747.07;-102.69
81750.00;-102.76
81752.93;-103.00
81755.86;-103.00
81758.79;-103.00
81761.72;-102.84
81764.65;-102.92
81767.58;-102.76
81770.51;-102.76
81773.44;-102.76
81776.37;-102.92
81779.30;-102.84
81782.23;-103.00
81785.16;-102.84
81788.09;-102.84
81791.02;-102.69
81793.95;-102.61
81796.88;-102.61
81799.80;-102.69
81802.73;-102.76
81805.66;-102.69
81808.59;-102.37
81811.52;-102.92
81814.45;-102.84
81817.38;-102.76
81820.31;-103.16
81823.24;-103.00
81826.17;-103.08
81829.10;-102.84
81832.03;-102.69
81834.96;-102.92
81837.89;-103.08
81840.82;-103.00
81843.75;-103.08
81846.68;-102.92
81849.61;-102.84
81852.54;-102.84
81855.47;-102.92
81858.40;-103.00
81861.33;-102.92
81864.26;-103.16
81867.19;-102.92
81870.12;-102.92
81873.05;-103.00
81875.98;-103.08
81878.91;-102.92
81881.84;-102.92
81884.77;-103.08
81887.70;-103.00
81890.63;-103.08
81893.55;-103.23
81896.48;-103.08
81899.41;-102.84
81902.34;-102.61
81905.27;-103.08
81908.20;-103.08
81911.13;-102.84
81914.06;-102.92
81916.99;-103.00
81919.92;-102.92
81922.85;-102.76
81925.78;-102.76
81928.71;-102.69
81931.64;-102.84
81934.57;-103.00
81937.50;-102.84
81940.43;-103.00
81943.36;-103.00
81946.29;-102.92
81949.22;-102.69
81952.15;-102.69
81955.08;-103.00
81958.01;-102.92
81960.94;-102.92
81963.87;-102.76
81966.80;-102.69
81969.73;-102.76
81972.66;-102.84
81975.59;-103.00
81978.52;-102.76
81981.45;-102.69
81984.38;-103.08
81987.30;-103.16
81990.23;-102.84
81993.16;-102.92
81996.09;-102.92
81999.02;-103.00
82001.95;-102.84
82004.88;-102.69
82007.81;-102.76
82010.74;-103.16
82013.67;-103.31
82016.60;-103.08
82019.53;-102.76
82022.46;-103.08
82025.39;-103.00
82028.32;-102.76
82031.25;-102.76
82034.18;-102.84
82037.11;-103.00
82040.04;-103.16
82042.97;-103.08
82045.90;-102.84
82048.83;-102.92
82051.76;-102.84
82054.69;-103.00
82057.62;-103.00
82060.55;-102.69
82063.48;-102.53
82066.41;-102.69
82069.34;-102.76
82072.27;-102.69
82075.20;-102.76
82078.13;-103.16
82081.05;-103.16
82083.98;-103.00
82086.91;-102.76
82089.84;-102.69
82092.77;-102.76
82095.70;-103.08
82098.63;-103.08
82101.56;-103.08
82104.49;-102.76
82107.42;-102.61
82110.35;-102.76
82113.28;-102.84
82116.21;-102.84
82119.14;-102.92
82122.07;-102.92
82125.00;-102.69
82127.93;-102.84
82130.86;-103.08
82133.79;-102.92
82136.72;-102.92
82139.65;-102.92
82142.58;-103.23
82145.51;-103.16
82148.44;-102.92
82151.37;-103.08
82154.30;-102.92
82157.23;-103.00
82160.16;-103.00
82163.09;-103.00
82166.02;-103.16
82168.95;-102.69
82171.88;-102.69
82174.80;-102.92
82177.73;-102.92
82180.66;-102.84
82183.59;-102.84
82186.52;-103.00
82189.45;-102.84
82192.38;-102.84
82195.31;-103.00
82198.24;-103.08
82201.17;-102.61
82204.10;-102.61
82207.03;-102.76
82209.96;-102.92
82212.89;-103.08
82215.82;-102.84
82218.75;-103.00
82221.68;-103.00
82224.61;-103.08
82227.54;-103.00
82230.47;-102.84
82233.40;-103.00
82236.33;-103.16
82239.26;-103.23
82242.19;-103.16
82245.12;-103.00
82248.05;-102.84
82250.98;-102.92
82253.91;-102.92
82256.84;-103.00
82259.77;-102.92
82262.70;-102.84
82265.63;-103.00
82268.55;-102.84
82271.48;-102.69
82274.41;-103.00
82277.34;-102.84
82280.27;-102.69
82283.20;-102.61
82286.13;-102.76
82289.06;-102.76
82291.99;-103.00
82294.92;-103.00
82297.85;-102.69
82300.78;-102.84
82303.71;-102.92
82306.64;-102.92
82309.57;-102.84
82312.50;-103.08
82315.43;-102.92
82318.36;-102.76
82321.29;-102.69
82324.22;-102.69
82327.15;-102.92
82330.08;-103.00
82333.01;-103.00
82335.94;-103.08
82338.87;-102.76
82341.80;-102.92
82344.73;-103.08
82347.66;-103.00
82350.59;-102.92
82353.52;-102.76
82356.45;-102.92
82359.38;-103.16
82362.30;-103.08
82365.23;-102.76
82368.16;-102.92
82371.09;-103.00
82374.02;-103.16
82376.95;-103.23
82379.88;-103.31
82382.81;-103.16
82385.74;-103.00
82388.67;-103.00
82391.60;-102.84
82394.53;-102.69
82397.46;-102.61
82400.39;-102.53
82403.32;-102.69
82406.25;-102.92
82409.18;-102.84
82412.11;-102.76
82415.04;-102.92
82417.97;-103.16
82420.90;-103.08
82423.83;-102.92
82426.76;-103.00
82429.69;-103.23
82432.62;-103.31
82435.55;-103.16
82438.48;-102.76
82441.41;-102.61
82444.34;-103.00
82447.27;-103.16
82450.20;-103.00
82453.13;-102.92
82456.05;-103.00
82458.98;-102.84
82461.91;-102.61
82464.84;-102.84
82467.77;-102.84
82470.70;-102.84
82473.63;-103.00
82476.56;-103.08
82479.49;-102.92
82482.42;-102.76
82485.35;-102.76
82488.28;-102.76
82491.21;-102.76
82494.14;-102.76
82497.07;-102.61
82500.00;-102.76
82502.93;-103.00
82505.86;-103.00
82508.79;-102.92
82511.72;-103.00
82514.65;-103.00
82517.58;-102.84
82520.51;-102.69
82523.44;-102.76
82526.37;-103.08
82529.30;-103.16
82532.23;-103.08
82535.16;-103.08
82538.09;-102.92
82541.02;-103.00
82543.95;-103.00
82546.88;-102.92
82549.80;-102.61
82552.73;-102.69
82555.66;-103.00
82558.59;-103.16
82561.52;-103.00
82564.45;-103.08
82567.38;-103.00
82570.31;-102.84
82573.24;-102.92
82576.17;-103.00
82579.10;-102.84
82582.03;-102.92
82584.96;-103.08
82587.89;-102.76
82590.82;-102.61
82593.75;-102.76
82596.68;-102.76
82599.61;-102.84
82602.54;-102.76
82605.47;-103.00
82608.40;-103.00
82611.33;-102.84
82614.26;-103.00
82617.19;-102.84
82620.12;-103.00
82623.05;-103.31
82625.98;-103.23
82628.91;-103.00
82631.84;-102.76
82634.77;-102.84
82637.70;-103.00
82640.63;-103.00
82643.55;-102.76
82646.48;-102.76
82649.41;-103.08
82652.34;-103.00
82655.27;-103.08
82658.20;-103.08
82661.13;-103.00
82664.06;-103.00
82666.99;-103.23
82669.92;-103.23
82672.85;-103.00
82675.78;-102.92
82678.71;-102.76
82681.64;-102.61
82684.57;-102.76
82687.50;-102.84
82690.43;-102.92
82693.36;-103.00
82696.29;-103.23
82699.22;-103.23
82702.15;-102.92
82705.08;-102.92
82708.01;-103.00
82710.94;-102.92
82713.87;-102.69
82716.80;-102.92
82719.73;-102.92
82722.66;-102.84
82725.59;-102.92
82728.52;-102.84
82731.45;-102.92
82734.38;-102.84
82737.30;-103.00
82740.23;-102.92
82743.16;-102.84
82746.09;-102.76
82749.02;-102.84
82751.95;-103.00
82754.88;-103.16
82757.81;-103.00
82760.74;-102.69
82763.67;-102.76
82766.60;-102.84
82769.53;-102.84
82772.46;-102.76
82775.39;-102.84
82778.32;-102.84
82781.25;-103.00
82784.18;-103.00
82787.11;-102.84
82790.04;-102.92
82792.97;-102.84
82795.90;-103.00
82798.83;-102.84
82801.76;-102.53
82804.69;-102.45
82807.62;-102.84
82810.55;-102.92
82813.48;-103.00
82816.41;-103.00
82819.34;-103.00
82822.27;-102.76
82825.20;-102.69
82828.13;-103.16
82831.05;-102.92
82833.98;-102.84
82836.91;-102.92
82839.84;-103.00
82842.77;-102.92
82845.70;-102.92
82848.63;-102.84
82851.56;-102.84
82854.49;-102.76
82857.42;-102.76
82860.35;-102.69
82863.28;-102.84
82866.21;-102.92
82869.14;-102.84
82872.07;-102.76
82875.00;-103.00
82877.93;-103.08
82880.86;-103.00
82883.79;-103.16
82886.72;-102.92
82889.65;-103.00
82892.58;-103.00
82895.51;-102.92
82898.44;-102.61
82901.37;-102.53
82904.30;-102.92
82907.23;-102.92
82910.16;-102.92
82913.09;-103.08
82916.02;-102.84
82918.95;-103.00
82921.88;-102.92
82924.80;-102.69
82927.73;-102.92
82930.66;-103.08
82933.59;-102.92
82936.52;-102.84
82939.45;-103.23
82942.38;-103.08
82945.31;-102.92
82948.24;-102.92
82951.17;-103.16
82954.10;-102.92
82957.03;-102.76
82959.96;-102.76
82962.89;-103.00
82965.82;-102.84
82968.75;-102.76
82971.68;-102.76
82974.61;-102.84
82977.54;-103.00
82980.47;-103.08
82983.40;-103.00
82986.33;-102.69
82989.26;-102.76
82992.19;-102.84
82995.12;-103.08
82998.05;-103.08
83000.98;-102.76
83003.91;-102.92
83006.84;-102.92
83009.77;-102.76
83012.70;-103.00
83015.63;-103.00
83018.55;-102.92
83021.48;-102.76
83024.41;-103.00
83027.34;-103.00
83030.27;-103.00
83033.20;-103.00
83036.13;-102.76
83039.06;-102.76
83041.99;-102.69
83044.92;-102.76
83047.85;-102.84
83050.78;-103.00
83053.71;-102.69
83056.64;-102.84
83059.57;-103.00
83062.50;-102.92
83065.43;-102.84
83068.36;-103.00
83071.29;-102.84
83074.22;-103.00
83077.15;-103.08
83080.08;-103.16
83083.01;-102.69
83085.94;-102.92
83088.87;-103.31
83091.80;-102.76
83094.73;-102.61
83097.66;-102.92
83100.59;-103.16
83103.52;-103.16
83106.45;-103.31
83109.38;-103.16
83112.30;-102.92
83115.23;-102.92
83118.16;-102.92
83121.09;-102.76
83124.02;-102.84
83126.95;-102.76
83129.88;-102.76
83132.81;-103.00
83135.74;-103.08
83138.67;-102.92
83141.60;-103.00
83144.53;-103.16
83147.46;-102.84
83150.39;-102.84
83153.32;-103.08
83156.25;-103.00
83159.18;-102.92
83162.11;-103.08
83165.04;-103.23
83167.97;-103.08
83170.90;-102.92
83173.83;-102.92
83176.76;-102.76
83179.69;-102.84
83182.62;-102.92
83185.55;-102.84
83188.48;-102.69
83191.41;-102.76
83194.34;-102.92
83197.27;-103.08
83200.20;-102.84
83203.13;-102.76
83206.05;-102.84
83208.98;-102.92
83211.91;-102.84
83214.84;-102.69
83217.77;-102.84
83220.70;-103.00
83223.63;-103.00
83226.56;-102.92
83229.49;-102.76
83232.42;-102.92
83235.35;-103.08
83238.28;-102.76
83241.21;-103.00
83244.14;-103.08
83247.07;-103.00
83250.00;-103.16
83252.93;-103.08
83255.86;-103.23
83258.79;-103.23
83261.72;-103.00
83264.65;-103.00
83267.58;-103.00
83270.51;-103.23
83273.44;-103.31
83276.37;-103.08
83279.30;-102.69
83282.23;-102.84
83285.16;-102.84
83288.09;-102.69
83291.02;-102.69
83293.95;-102.92
83296.88;-103.08
83299.80;-103.00
83302.73;-102.92
83305.66;-103.00
83308.59;-102.69
83311.52;-102.61
83314.45;-102.76
83317.38;-103.00
83320.31;-103.00
83323.24;-103.08
83326.17;-103.00
83329.10;-103.16
83332.03;-102.92
83334.96;-102.76
83337.89;-102.92
83340.82;-103.00
83343.75;-103.00
83346.68;-103.00
83349.61;-102.84
83352.54;-102.76
83355.47;-103.08
83358.40;-103.16
83361.33;-103.08
83364.26;-102.69
83367.19;-102.76
83370.12;-102.76
83373.05;-102.76
83375.98;-103.08
83378.91;-103.00
83381.84;-102.92
83384.77;-103.00
83387.70;-103.23
83390.63;-102.92
83393.55;-103.08
83396.48;-103.39
83399.41;-102.92
83402.34;-103.08
83405.27;-103.39
83408.20;-103.16
83411.13;-102.76
83414.06;-103.00
83416.99;-103.00
83419.92;-102.76
83422.85;-102.92
83425.78;-103.00
83428.71;-103.08
83431.64;-103.00
83434.57;-102.92
83437.50;-102.84
83440.43;-103.00
83443.36;-102.92
83446.29;-102.92
83449.22;-102.92
83452.15;-102.84
83455.08;-102.92
83458.01;-103.23
83460.94;-102.92
83463.87;-102.69
83466.80;-103.00
83469.73;-102.76
83472.66;-102.92
83475.59;-102.92
83478.52;-103.08
83481.45;-103.08
83484.38;-102.69
83487.30;-102.76
83490.23;-103.00
83493.16;-103.08
83496.09;-102.92
83499.02;-102.84
83501.95;-102.84
83504.88;-102.84
83507.81;-102.92
83510.74;-102.92
83513.67;-103.00
83516.60;-102.92
83519.53;-102.76
83522.46;-102.92
83525.39;-102.76
83528.32;-102.92
83531.25;-102.92
83534.18;-102.84
83537.11;-102.84
83540.04;-102.92
83542.97;-103.23
83545.90;-103.16
83548.83;-103.08
83551.76;-102.92
83554.69;-102.61
83557.62;-102.76
83560.55;-102.76
83563.48;-103.08
83566.41;-102.92
83569.34;-103.00
83572.27;-102.92
83575.20;-102.92
83578.13;-102.92
83581.05;-103.08
83583.98;-103.23
83586.91;-103.08
83589.84;-102.92
83592.77;-102.76
83595.70;-102.84
83598.63;-103.00
83601.56;-102.92
83604.49;-102.92
83607.42;-102.92
83610.35;-103.08
83613.28;-103.00
83616.21;-102.92
83619.14;-102.92
83622.07;-102.84
83625.00;-103.08
83627.93;-103.16
83630.86;-102.92
83633.79;-103.08
83636.72;-103.16
83639.65;-103.16
83642.58;-103.00
83645.51;-102.92
83648.44;-102.84
83651.37;-102.69
83654.30;-102.69
83657.23;-103.08
83660.16;-103.00
83663.09;-102.92
83666.02;-102.61
83668.95;-102.92
83671.88;-103.23
83674.80;-103.00
83677.73;-102.61
83680.66;-103.00
83683.59;-103.08
83686.52;-103.08
83689.45;-103.08
83692.38;-102.84
83695.31;-102.61
83698.24;-103.00
83701.17;-102.92
83704.10;-102.76
83707.03;-102.69
83709.96;-102.84
83712.89;-103.00
83715.82;-103.08
83718.75;-102.84
83721.68;-103.16
83724.61;-103.31
83727.54;-103.23
83730.47;-103.31
83733.40;-103.08
83736.33;-102.69
83739.26;-102.76
83742.19;-102.84
83745.12;-103.08
83748.05;-103.23
83750.98;-102.92
83753.91;-103.23
83756.84;-103.00
83759.77;-102.76
83762.70;-102.92
83765.63;-103.00
83768.55;-102.84
83771.48;-102.61
83774.41;-102.84
83777.34;-103.00
83780.27;-102.76
83783.20;-103.08
83786.13;-103.23
83789.06;-102.92
83791.99;-102.76
83794.92;-102.69
83797.85;-102.76
83800.78;-102.84
83803.71;-102.92
83806.64;-103.00
83809.57;-103.16
83812.50;-102.84
83815.43;-103.00
83818.36;-102.84
83821.29;-102.69
83824.22;-102.92
83827.15;-103.16
83830.08;-103.08
83833.01;-103.00
83835.94;-102.92
83838.87;-102.84
83841.80;-103.08
83844.73;-103.08
83847.66;-102.76
83850.59;-102.92
83853.52;-103.00
83856.45;-102.92
83859.38;-103.08
83862.30;-103.16
83865.23;-103.16
83868.16;-102.92
83871.09;-103.16
83874.02;-103.23
83876.95;-102.92
83879.88;-103.08
83882.81;-102.45
83885.74;-102.53
83888.67;-102.92
83891.60;-103.00
83894.53;-103.00
83897.46;-103.16
83900.39;-103.16
83903.32;-103.00
83906.25;-102.69
83909.18;-102.84
83912.11;-103.00
83915.04;-102.92
83917.97;-102.92
83920.90;-102.84
83923.83;-103.00
83926.76;-103.00
83929.69;-103.00
83932.62;-103.16
83935.55;-103.00
83938.48;-102.84
83941.41;-102.84
83944.34;-102.92
83947.27;-103.16
83950.20;-102.92
83953.13;-102.84
83956.05;-102.76
83958.98;-102.84
83961.91;-103.23
83964.84;-103.08
83967.77;-103.08
83970.70;-103.08
83973.63;-103.16
83976.56;-103.16
83979.49;-102.92
83982.42;-102.92
83985.35;-103.00
83988.28;-103.08
83991.21;-102.92
83994.14;-103.08
83997.07;-103.00
84000.00;-103.16
84002.93;-103.08
84005.86;-102.76
84008.79;-102.84
84011.72;-103.08
84014.65;-103.08
84017.58;-103.00
84020.51;-103.08
84023.44;-102.92
84026.37;-102.76
84029.30;-103.08
84032.23;-103.00
84035.16;-102.76
84038.09;-102.92
84041.02;-103.16
84043.95;-102.92
84046.88;-103.00
84049.80;-103.16
84052.73;-103.23
84055.66;-103.00
84058.59;-103.08
84061.52;-102.69
84064.45;-102.84
84067.38;-103.16
84070.31;-103.08
84073.24;-102.84
84076.17;-102.76
84079.10;-103.08
84082.03;-103.08
84084.96;-103.08
84087.89;-103.08
84090.82;-103.08
84093.75;-102.84
84096.68;-102.92
84099.61;-102.76
84102.54;-103.00
84105.47;-103.16
84108.40;-103.16
84111.33;-103.08
84114.26;-102.84
84117.19;-103.00
84120.12;-102.84
84123.05;-102.92
84125.98;-103.23
84128.91;-103.00
84131.84;-102.84
84134.77;-102.84
84137.70;-102.92
84140.63;-103.00
84143.55;-103.08
84146.48;-102.92
84149.41;-103.08
84152.34;-103.08
84155.27;-103.00
84158.20;-103.08
84161.13;-103.08
84164.06;-102.84
84166.99;-102.92
84169.92;-102.92
84172.85;-102.92
84175.78;-102.92
84178.71;-102.84
84181.64;-102.92
84184.57;-103.31
84187.50;-103.00
84190.43;-102.76
84193.36;-102.76
84196.29;-102.69
84199.22;-102.92
84202.15;-103.00
84205.08;-103.39
84208.01;-103.08
84210.94;-103.08
84213.87;-102.76
84216.80;-102.76
84219.73;-103.00
84222.66;-103.00
84225.59;-103.08
84228.52;-103.08
84231.45;-102.92
84234.38;-103.00
84237.30;-103.39
84240.23;-103.39
84243.16;-102.92
84246.09;-103.08
84249.02;-103.16
84251.95;-103.23
84254.88;-102.92
84257.81;-102.76
84260.74;-102.92
84263.67;-102.92
84266.60;-102.84
84269.53;-102.69
84272.46;-102.69
84275.39;-102.69
84278.32;-102.76
84281.25;-102.76
84284.18;-102.84
84287.11;-103.16
84290.04;-103.16
84292.97;-103.16
84295.90;-103.16
84298.83;-103.08
84301.76;-103.00
84304.69;-103.00
84307.62;-103.00
84310.55;-102.92
84313.48;-102.69
84316.41;-102.76
84319.34;-102.84
84322.27;-103.00
84325.20;-103.16
84328.13;-103.23
84331.05;-103.16
84333.98;-102.84
84336.91;-102.69
84339.84;-102.76
84342.77;-102.92
84345.70;-102.84
84348.63;-102.84
84351.56;-103.00
84354.49;-103.08
84357.42;-103.39
84360.35;-103.16
84363.28;-102.76
84366.21;-103.16
84369.14;-102.92
84372.07;-103.08
84375.00;-103.39
84377.93;-103.16
84380.86;-103.08
84383.79;-103.23
84386.72;-103.08
84389.65;-103.16
84392.58;-103.00
84395.51;-102.92
84398.44;-103.08
84401.37;-103.00
84404.30;-103.00
84407.23;-103.08
84410.16;-103.16
84413.09;-103.31
84416.02;-103.31
84418.95;-103.08
84421.88;-103.23
84424.80;-103.00
84427.73;-103.23
84430.66;-103.16
84433.59;-103.08
84436.52;-102.84
84439.45;-103.08
84442.38;-103.00
84445.31;-102.84
84448.24;-102.84
84451.17;-102.76
84454.10;-102.92
84457.03;-103.08
84459.96;-103.23
84462.89;-102.76
84465.82;-102.76
84468.75;-102.84
84471.68;-102.76
84474.61;-102.92
84477.54;-103.08
84480.47;-103.31
84483.40;-102.69
84486.33;-102.84
84489.26;-103.08
84492.19;-102.76
84495.12;-103.08
84498.05;-103.16
84500.98;-103.23
84503.91;-103.31
84506.84;-103.08
84509.77;-103.08
84512.70;-103.00
84515.63;-102.92
84518.55;-102.84
84521.48;-102.84
84524.41;-102.76
84527.34;-102.76
84530.27;-102.92
84533.20;-102.84
84536.13;-103.00
84539.06;-103.08
84541.99;-102.69
84544.92;-102.69
84547.85;-103.16
84550.78;-103.08
84553.71;-102.92
84556.64;-103.00
84559.57;-103.23
84562.50;-103.16
84565.43;-102.84
84568.36;-102.92
84571.29;-102.92
84574.22;-103.00
84577.15;-103.23
84580.08;-103.08
84583.01;-102.84
84585.94;-102.76
84588.87;-102.84
84591.80;-102.76
84594.73;-102.84
84597.66;-103.00
84600.59;-102.92
84603.52;-103.08
84606.45;-103.16
84609.38;-102.92
84612.30;-102.92
84615.23;-103.08
84618.16;-103.23
84621.09;-103.23
84624.02;-103.16
84626.95;-103.23
84629.88;-103.16
84632.81;-103.00
84635.74;-102.92
84638.67;-102.92
84641.60;-103.00
84644.53;-103.08
84647.46;-103.08
84650.39;-102.84
84653.32;-102.84
84656.25;-103.08
84659.18;-103.00
84662.11;-102.84
84665.04;-102.84
84667.97;-103.08
84670.90;-103.16
84673.83;-103.31
84676.76;-102.92
84679.69;-102.76
84682.62;-102.92
84685.55;-103.16
84688.48;-102.92
84691.41;-103.00
84694.34;-102.84
84697.27;-103.08
84700.20;-102.92
84703.13;-102.61
84706.05;-102.76
84708.98;-102.92
84711.91;-103.00
84714.84;-102.84
84717.77;-102.84
84720.70;-103.23
84723.63;-103.16
84726.56;-103.00
84729.49;-103.16
84732.42;-103.23
84735.35;-102.92
84738.28;-102.92
84741.21;-102.84
84744.14;-102.76
84747.07;-102.61
84750.00;-102.76
84752.93;-102.92
84755.86;-103.08
84758.79;-103.08
84761.72;-103.16
84764.65;-103.31
84767.58;-103.16
84770.51;-103.08
84773.44;-102.92
84776.37;-103.16
84779.30;-103.00
84782.23;-102.84
84785.16;-103.08
84788.09;-102.92
84791.02;-102.84
84793.95;-102.61
84796.88;-103.00
84799.80;-103.08
84802.73;-103.08
84805.66;-103.16
84808.59;-103.08
84811.52;-103.08
84814.45;-103.00
84817.38;-103.00
84820.31;-102.92
84823.24;-102.92
84826.17;-103.08
84829.10;-102.92
84832.03;-102.69
84834.96;-102.69
84837.89;-102.76
84840.82;-102.76
84843.75;-102.61
84846.68;-102.61
84849.61;-102.84
84852.54;-103.16
84855.47;-103.23
84858.40;-102.92
84861.33;-102.84
84864.26;-102.92
84867.19;-103.08
84870.12;-103.08
84873.05;-103.00
84875.98;-103.00
84878.91;-103.00
84881.84;-103.08
84884.77;-102.84
84887.70;-103.16
84890.63;-103.00
84893.55;-103.00
84896.48;-103.08
84899.41;-102.84
84902.34;-102.84
84905.27;-103.00
84908.20;-103.00
84911.13;-102.92
84914.06;-103.08
84916.99;-102.84
84919.92;-102.76
84922.85;-103.00
84925.78;-103.23
84928.71;-103.16
84931.64;-102.76
84934.57;-102.69
84937.50;-102.92
84940.43;-102.92
84943.36;-102.76
84946.29;-102.84
84949.22;-103.08
84952.15;-103.23
84955.08;-103.23
84958.01;-103.00
84960.94;-102.76
84963.87;-102.69
84966.80;-102.92
84969.73;-103.23
84972.66;-103.08
84975.59;-103.00
84978.52;-102.92
84981.45;-103.00
84984.38;-103.08
84987.30;-103.23
84990.23;-103.31
84993.16;-103.31
84996.09;-103.16
84999.02;-103.08
85001.95;-103.08
85004.88;-103.00
85007.81;-103.08
85010.74;-103.00
85013.67;-102.92
85016.60;-103.08
85019.53;-103.23
85022.46;-103.23
85025.39;-103.16
85028.32;-103.16
85031.25;-103.23
85034.18;-103.23
85037.11;-103.00
85040.04;-102.84
85042.97;-103.08
85045.90;-103.16
85048.83;-102.92
85051.76;-102.76
85054.69;-102.84
85057.62;-102.76
85060.55;-102.76
85063.48;-102.69
85066.41;-102.76
85069.34;-102.92
85072.27;-102.92
85075.20;-103.31
85078.13;-103.23
85081.05;-102.84
85083.98;-102.92
85086.91;-102.76
85089.84;-102.84
85092.77;-102.92
85095.70;-102.76
85098.63;-102.92
85101.56;-103.08
85104.49;-102.84
85107.42;-103.00
85110.35;-102.76
85113.28;-103.31
85116.21;-103.55
85119.14;-103.39
85122.07;-103.00
85125.00;-102.92
85127.93;-102.84
85130.86;-103.08
85133.79;-103.16
85136.72;-103.08
85139.65;-102.92
85142.58;-102.76
85145.51;-102.92
85148.44;-103.16
85151.37;-103.39
85154.30;-103.23
85157.23;-103.00
85160.16;-103.08
85163.09;-103.00
85166.02;-102.53
85168.95;-102.84
85171.88;-103.00
85174.80;-102.92
85177.73;-103.08
85180.66;-103.23
85183.59;-103.16
85186.52;-102.92
85189.45;-102.92
85192.38;-102.76
85195.31;-102.92
85198.24;-102.92
85201.17;-103.08
85204.10;-103.16
85207.03;-102.92
85209.96;-102.84
85212.89;-102.92
85215.82;-103.00
85218.75;-103.08
85221.68;-103.31
85224.61;-103.00
85227.54;-103.08
85230.47;-103.08
85233.40;-103.08
85236.33;-103.31
85239.26;-103.55
85242.19;-103.16
85245.12;-102.84
85248.05;-102.84
85250.98;-103.00
85253.91;-103.16
85256.84;-103.08
85259.77;-103.08
85262.70;-103.08
85265.63;-102.92
85268.55;-103.00
85271.48;-103.08
85274.41;-103.08
85277.34;-102.76
85280.27;-102.92
85283.20;-103.08
85286.13;-102.84
85289.06;-103.00
85291.99;-103.08
85294.92;-103.08
85297.85;-103.00
85300.78;-103.08
85303.71;-103.16
85306.64;-103.08
85309.57;-103.00
85312.50;-103.00
85315.43;-102.76
85318.36;-102.84
85321.29;-103.00
85324.22;-103.31
85327.15;-103.23
85330.08;-103.00
85333.01;-102.92
85335.94;-102.76
85338.87;-103.00
85341.80;-102.92
85344.73;-103.08
85347.66;-103.23
85350.59;-103.00
85353.52;-103.00
85356.45;-103.16
85359.38;-103.16
85362.30;-103.31
85365.23;-103.23
85368.16;-103.00
85371.09;-102.76
85374.02;-103.08
85376.95;-102.92
85379.88;-102.92
85382.81;-102.92
85385.74;-103.00
85388.67;-103.16
85391.60;-103.08
85394.53;-103.23
85397.46;-103.39
85400.39;-103.16
85403.32;-102.76
85406.25;-102.84
85409.18;-103.16
85412.11;-103.31
85415.04;-103.16
85417.97;-103.31
85420.90;-103.31
85423.83;-103.23
85426.76;-103.00
85429.69;-103.16
85432.62;-103.31
85435.55;-103.39
85438.48;-103.23
85441.41;-103.16
85444.34;-103.08
85447.27;-102.84
85450.20;-102.92
85453.13;-103.00
85456.05;-103.16
85458.98;-103.23
85461.91;-103.08
85464.84;-103.08
85467.77;-102.92
85470.70;-103.08
85473.63;-103.08
85476.56;-103.16
85479.49;-103.16
85482.42;-103.08
85485.35;-102.92
85488.28;-103.00
85491.21;-103.16
85494.14;-103.08
85497.07;-102.92
85500.00;-103.00
85502.93;-103.08
85505.86;-102.84
85508.79;-102.84
85511.72;-102.92
85514.65;-103.00
85517.58;-103.00
85520.51;-102.76
85523.44;-102.84
85526.37;-102.92
85529.30;-102.76
85532.23;-102.76
85535.16;-102.76
85538.09;-102.92
85541.02;-102.92
85543.95;-103.23
85546.88;-103.16
85549.80;-103.00
85552.73;-103.00
85555.66;-102.92
85558.59;-103.16
85561.52;-102.76
85564.45;-102.69
85567.38;-102.76
85570.31;-103.08
85573.24;-103.39
85576.17;-102.84
85579.10;-102.61
85582.03;-102.84
85584.96;-102.84
85587.89;-103.08
85590.82;-103.08
85593.75;-103.08
85596.68;-103.08
85599.61;-103.08
85602.54;-102.76
85605.47;-102.69
85608.40;-103.08
85611.33;-103.31
85614.26;-103.47
85617.19;-103.23
85620.12;-103.00
85623.05;-103.00
85625.98;-102.92
85628.91;-103.00
85631.84;-103.47
85634.77;-103.47
85637.70;-103.16
85640.63;-103.00
85643.55;-103.23
85646.48;-103.08
85649.41;-103.39
85652.34;-103.08
85655.27;-102.53
85658.20;-102.76
85661.13;-102.84
85664.06;-103.08
85666.99;-103.31
85669.92;-103.23
85672.85;-103.23
85675.78;-103.16
85678.71;-103.00
85681.64;-102.84
85684.57;-103.00
85687.50;-103.00
85690.43;-102.69
85693.36;-103.00
85696.29;-103.23
85699.22;-103.31
85702.15;-103.00
85705.08;-102.76
85708.01;-102.84
85710.94;-102.92
85713.87;-102.92
85716.80;-102.69
85719.73;-102.84
85722.66;-103.00
85725.59;-103.08
85728.52;-102.92
85731.45;-102.92
85734.38;-102.92
85737.30;-103.00
85740.23;-103.08
85743.16;-103.08
85746.09;-103.08
85749.02;-103.08
85751.95;-103.00
85754.88;-103.08
85757.81;-102.92
85760.74;-102.92
85763.67;-103.08
85766.60;-103.08
85769.53;-103.16
85772.46;-103.16
85775.39;-103.08
85778.32;-103.08
85781.25;-103.23
85784.18;-103.08
85787.11;-102.69
85790.04;-102.92
85792.97;-103.00
85795.90;-102.84
85798.83;-103.00
85801.76;-103.08
85804.69;-103.08
85807.62;-102.84
85810.55;-103.08
85813.48;-103.08
85816.41;-103.08
85819.34;-103.00
85822.27;-103.00
85825.20;-102.92
85828.13;-103.00
85831.05;-103.00
85833.98;-103.31
85836.91;-103.23
85839.84;-103.08
85842.77;-103.16
85845.70;-103.08
85848.63;-103.00
85851.56;-103.16
85854.49;-103.23
85857.42;-102.92
85860.35;-102.84
85863.28;-103.08
85866.21;-103.08
85869.14;-103.00
85872.07;-103.39
85875.00;-103.47
85877.93;-103.23
85880.86;-103.08
85883.79;-103.16
85886.72;-103.08
85889.65;-103.00
85892.58;-103.08
85895.51;-103.23
85898.44;-103.16
85901.37;-102.84
85904.30;-103.00
85907.23;-103.00
85910.16;-103.08
85913.09;-103.23
85916.02;-103.39
85918.95;-103.23
85921.88;-103.16
85924.80;-103.16
85927.73;-103.31
85930.66;-103.23
85933.59;-103.16
85936.52;-102.92
85939.45;-102.69
85942.38;-103.00
85945.31;-103.00
85948.24;-103.23
85951.17;-103.08
85954.10;-103.00
85957.03;-102.92
85959.96;-102.76
85962.89;-102.92
85965.82;-102.92
85968.75;-103.00
85971.68;-103.00
85974.61;-102.76
85977.54;-103.00
85980.47;-103.08
85983.40;-102.61
85986.33;-102.92
85989.26;-103.08
85992.19;-103.16
85995.12;-102.92
85998.05;-102.84
86000.98;-103.00
86003.91;-103.00
86006.84;-103.08
86009.77;-103.23
86012.70;-102.84
86015.63;-103.08
86018.55;-103.08
86021.48;-102.76
86024.41;-102.84
86027.34;-102.92
86030.27;-103.00
86033.20;-103.23
86036.13;-103.08
86039.06;-102.92
86041.99;-103.31
86044.92;-102.69
86047.85;-102.76
86050.78;-103.00
86053.71;-102.92
86056.64;-102.84
86059.57;-102.61
86062.50;-102.84
86065.43;-102.92
86068.36;-103.00
86071.29;-103.08
86074.22;-102.76
86077.15;-102.76
86080.08;-102.92
86083.01;-102.92
86085.94;-103.00
86088.87;-103.08
86091.80;-102.92
86094.73;-103.08
86097.66;-103.47
86100.59;-103.47
86103.52;-103.08
86106.45;-102.76
86109.38;-102.76
86112.30;-103.00
86115.23;-102.76
86118.16;-102.61
86121.09;-102.84
86124.02;-102.84
86126.95;-102.84
86129.88;-103.00
86132.81;-103.08
86135.74;-102.92
86138.67;-103.00
86141.60;-102.76
86144.53;-102.92
86147.46;-103.16
86150.39;-103.23
86153.32;-103.31
86156.25;-103.08
86159.18;-103.08
86162.11;-102.92
86165.04;-103.08
86167.97;-103.39
86170.90;-103.39
86173.83;-103.39
86176.76;-103.31
86179.69;-103.08
86182.62;-102.92
86185.55;-103.00
86188.48;-103.00
86191.41;-102.92
86194.34;-103.08
86197.27;-103.16
86200.20;-103.00
86203.13;-103.08
86206.05;-103.08
86208.98;-103.39
86211.91;-103.08
86214.84;-103.00
86217.77;-103.08
86220.70;-102.92
86223.63;-102.92
86226.56;-102.84
86229.49;-102.92
86232.42;-103.08
86235.35;-103.16
86238.28;-103.39
86241.21;-103.23
86244.14;-103.00
86247.07;-103.00
86250.00;-103.16
86252.93;-103.08
86255.86;-103.23
86258.79;-103.31
86261.72;-103.16
86264.65;-102.84
86267.58;-103.00
86270.51;-103.00
86273.44;-102.84
86276.37;-102.69
86279.30;-102.92
86282.23;-103.08
86285.16;-103.08
86288.09;-103.08
86291.02;-102.84
86293.95;-102.69
86296.88;-102.84
86299.80;-102.92
86302.73;-103.23
86305.66;-103.23
86308.59;-102.92
86311.52;-103.08
86314.45;-102.84
86317.38;-102.84
86320.31;-102.76
86323.24;-103.00
86326.17;-103.16
86329.10;-103.23
86332.03;-103.16
86334.96;-103.16
86337.89;-103.08
86340.82;-103.00
86343.75;-102.92
86346.68;-103.00
86349.61;-103.08
86352.54;-103.00
86355.47;-103.08
86358.40;-103.16
86361.33;-103.31
86364.26;-103.00
86367.19;-103.08
86370.12;-103.00
86373.05;-102.84
86375.98;-103.31
86378.91;-103.31
86381.84;-102.92
86384.77;-102.76
86387.70;-102.69
86390.63;-102.76
86393.55;-103.00
86396.48;-103.00
86399.41;-103.23
86402.34;-103.16
86405.27;-103.00
86408.20;-102.92
86411.13;-103.16
86414.06;-102.92
86416.99;-103.08
86419.92;-103.16
86422.85;-103.31
86425.78;-103.00
86428.71;-102.92
86431.64;-103.16
86434.57;-103.16
86437.50;-103.00
86440.43;-102.84
86443.36;-102.84
86446.29;-103.16
86449.22;-103.08
86452.15;-102.92
86455.08;-103.08
86458.01;-103.16
86460.94;-103.16
86463.87;-103.08
86466.80;-103.16
86469.73;-103.16
86472.66;-103.16
86475.59;-103.00
86478.52;-102.84
86481.45;-103.00
86484.38;-102.92
86487.30;-103.08
86490.23;-103.08
86493.16;-103.00
86496.09;-102.84
86499.02;-102.92
86501.95;-103.16
86504.88;-103.16
86507.81;-103.23
86510.74;-102.92
86513.67;-102.76
86516.60;-103.00
86519.53;-102.92
86522.46;-102.84
86525.39;-102.92
86528.32;-102.84
86531.25;-103.08
86534.18;-103.31
86537.11;-103.00
86540.04;-102.92
86542.97;-103.23
86545.90;-103.08
86548.83;-103.00
86551.76;-103.39
86554.69;-103.31
86557.62;-103.08
86560.55;-103.08
86563.48;-103.31
86566.41;-103.16
86569.34;-103.08
86572.27;-103.00
86575.20;-102.84
86578.13;-102.84
86581.05;-103.00
86583.98;-103.16
86586.91;-103.31
86589.84;-103.23
86592.77;-103.08
86595.70;-103.00
86598.63;-103.08
86601.56;-103.00
86604.49;-103.08
86607.42;-103.08
86610.35;-103.23
86613.28;-103.08
86616.21;-102.92
86619.14;-103.00
86622.07;-103.08
86625.00;-103.00
86627.93;-102.76
86630.86;-103.00
86633.79;-103.16
86636.72;-102.76
86639.65;-102.69
86642.58;-103.00
86645.51;-102.69
86648.44;-102.61
86651.37;-102.84
86654.30;-103.08
86657.23;-103.00
86660.16;-102.76
86663.09;-103.08
86666.02;-103.23
86668.95;-103.00
86671.88;-103.08
86674.80;-103.31
86677.73;-103.39
86680.66;-103.23
86683.59;-103.00
86686.52;-102.69
86689.45;-102.61
86692.38;-103.08
86695.31;-103.08
86698.24;-103.16
86701.17;-103.00
86704.10;-103.08
86707.03;-103.00
86709.96;-102.84
86712.89;-102.92
86715.82;-102.76
86718.75;-103.00
86721.68;-103.16
86724.61;-103.16
86727.54;-103.00
86730.47;-103.16
86733.40;-103.08
86736.33;-103.08
86739.26;-103.31
86742.19;-103.31
86745.12;-103.39
86748.05;-103.39
86750.98;-103.08
86753.91;-103.31
86756.84;-103.39
86759.77;-103.23
86762.70;-102.92
86765.63;-102.76
86768.55;-102.69
86771.48;-103.00
86774.41;-103.23
86777.34;-103.00
86780.27;-103.00
86783.20;-103.00
86786.13;-103.31
86789.06;-103.23
86791.99;-103.08
86794.92;-103.08
86797.85;-103.08
86800.78;-103.08
86803.71;-103.00
86806.64;-103.08
86809.57;-102.92
86812.50;-103.08
86815.43;-102.92
86818.36;-102.92
86821.29;-103.16
86824.22;-103.00
86827.15;-102.84
86830.08;-103.00
86833.01;-103.00
86835.94;-103.16
86838.87;-103.00
86841.80;-102.84
86844.73;-102.61
86847.66;-102.92
86850.59;-103.00
86853.52;-103.08
86856.45;-103.16
86859.38;-103.23
86862.30;-102.76
86865.23;-102.92
86868.16;-103.08
86871.09;-103.08
86874.02;-103.16
86876.95;-103.08
86879.88;-103.00
86882.81;-103.16
86885.74;-103.16
86888.67;-102.84
86891.60;-102.69
86894.53;-102.76
86897.46;-102.76
86900.39;-102.92
86903.32;-103.23
86906.25;-103.00
86909.18;-102.69
86912.11;-103.00
86915.04;-103.16
86917.97;-103.23
86920.90;-103.47
86923.83;-103.39
86926.76;-103.08
86929.69;-102.92
86932.62;-102.84
86935.55;-103.08
86938.48;-103.08
86941.41;-103.55
86944.34;-103.39
86947.27;-103.08
86950.20;-103.23
86953.13;-103.23
86956.05;-103.08
86958.98;-103.00
86961.91;-102.92
86964.84;-102.76
86967.77;-103.00
86970.70;-103.23
86973.63;-103.31
86976.56;-103.47
86979.49;-103.39
86982.42;-103.16
86985.35;-103.08
86988.28;-103.08
86991.21;-102.92
86994.14;-102.92
86997.07;-102.76
87000.00;-102.69
87002.93;-102.84
87005.86;-103.08
87008.79;-103.00
87011.72;-103.00
87014.65;-103.31
87017.58;-103.23
87020.51;-103.08
87023.44;-103.08
87026.37;-103.08
87029.30;-102.92
87032.23;-103.08
87035.16;-103.23
87038.09;-103.31
87041.02;-103.08
87043.95;-102.84
87046.88;-103.00
87049.80;-103.39
87052.73;-103.16
87055.66;-103.08
87058.59;-103.23
87061.52;-103.31
87064.45;-103.16
87067.38;-102.84
87070.31;-103.08
87073.24;-103.23
87076.17;-103.08
87079.10;-103.23
87082.03;-103.23
87084.96;-103.00
87087.89;-103.08
87090.82;-102.76
87093.75;-102.53
87096.68;-102.76
87099.61;-103.08
87102.54;-103.16
87105.47;-103.23
87108.40;-103.31
87111.33;-103.16
87114.26;-103.16
87117.19;-103.23
87120.12;-103.16
87123.05;-102.84
87125.98;-102.92
87128.91;-103.08
87131.84;-103.39
87134.77;-103.23
87137.70;-103.08
87140.63;-103.00
87143.55;-102.69
87146.48;-103.00
87149.41;-102.92
87152.34;-102.84
87155.27;-102.92
87158.20;-103.16
87161.13;-103.23
87164.06;-103.00
87166.99;-103.16
87169.92;-103.31
87172.85;-103.00
87175.78;-103.00
87178.71;-103.08
87181.64;-103.16
87184.57;-103.16
87187.50;-102.92
87190.43;-102.92
87193.36;-103.16
87196.29;-103.00
87199.22;-102.84
87202.15;-103.08
87205.08;-103.31
87208.01;-103.00
87210.94;-103.00
87213.87;-103.00
87216.80;-103.00
87219.73;-103.00
87222.66;-103.08
87225.59;-103.00
87228.52;-103.16
87231.45;-103.23
87234.38;-103.08
87237.30;-102.69
87240.23;-102.92
87243.16;-103.00
87246.09;-103.00
87249.02;-103.08
87251.95;-103.16
87254.88;-103.23
87257.81;-103.16
87260.74;-103.00
87263.67;-102.92
87266.60;-102.69
87269.53;-103.08
87272.46;-103.08
87275.39;-103.31
87278.32;-103.00
87281.25;-102.76
87284.18;-103.08
87287.11;-103.39
87290.04;-103.31
87292.97;-103.23
87295.90;-103.23
87298.83;-103.39
87301.76;-103.31
87304.69;-103.08
87307.62;-102.84
87310.55;-102.76
87313.48;-102.84
87316.41;-103.23
87319.34;-103.31
87322.27;-103.08
87325.20;-102.92
87328.13;-102.92
87331.05;-103.00
87333.98;-102.92
87336.91;-103.00
87339.84;-103.16
87342.77;-103.31
87345.70;-103.55
87348.63;-103.23
87351.56;-103.08
87354.49;-103.31
87357.42;-103.16
87360.35;-103.08
87363.28;-103.31
87366.21;-103.23
87369.14;-102.92
87372.07;-103.31
87375.00;-103.23
87377.93;-103.16
87380.86;-103.16
87383.79;-102.92
87386.72;-103.00
87389.65;-102.92
87392.58;-103.23
87395.51;-103.16
87398.44;-103.16
87401.37;-103.00
87404.30;-103.08
87407.23;-103.00
87410.16;-103.08
87413.09;-103.16
87416.02;-103.23
87418.95;-103.00
87421.88;-103.00
87424.80;-103.00
87427.73;-103.08
87430.66;-103.08
87433.59;-103.16
87436.52;-103.00
87439.45;-103.08
87442.38;-103.23
87445.31;-103.00
87448.24;-102.92
87451.17;-103.08
87454.10;-103.16
87457.03;-102.76
87459.96;-103.00
87462.89;-103.08
87465.82;-103.16
87468.75;-103.23
87471.68;-103.00
87474.61;-103.00
87477.54;-103.08
87480.47;-103.00
87483.40;-103.16
87486.33;-103.31
87489.26;-103.08
87492.19;-103.08
87495.12;-103.00
87498.05;-103.08
87500.98;-103.23
87503.91;-103.16
87506.84;-103.08
87509.77;-103.23
87512.70;-103.23
87515.63;-103.31
87518.55;-103.23
87521.48;-103.00
87524.41;-103.08
87527.34;-102.92
87530.27;-103.00
87533.20;-103.16
87536.13;-103.08
87539.06;-102.92
87541.99;-103.00
87544.92;-103.31
87547.85;-103.55
87550.78;-103.39
87553.71;-103.31
87556.64;-103.23
87559.57;-103.00
87562.50;-103.00
87565.43;-103.16
87568.36;-103.00
87571.29;-103.16
87574.22;-103.16
87577.15;-103.08
87580.08;-102.92
87583.01;-102.84
87585.94;-103.00
87588.87;-103.23
87591.80;-103.23
87594.73;-102.92
87597.66;-102.92
87600.59;-103.08
87603.52;-103.08
87606.45;-103.00
87609.38;-103.08
87612.30;-103.23
87615.23;-102.92
87618.16;-103.00
87621.09;-103.23
87624.02;-103.00
87626.95;-102.84
87629.88;-103.08
87632.81;-103.16
87635.74;-102.92
87638.67;-102.92
87641.60;-103.00
87644.53;-103.31
87647.46;-103.31
87650.39;-103.08
87653.32;-102.76
87656.25;-103.23
87659.18;-103.00
87662.11;-102.92
87665.04;-103.23
87667.97;-103.39
87670.90;-103.00
87673.83;-103.00
87676.76;-103.16
87679.69;-103.00
87682.62;-102.84
87685.55;-103.08
87688.48;-103.31
87691.41;-103.16
87694.34;-103.08
87697.27;-103.00
87700.20;-103.23
87703.13;-103.23
87706.05;-103.16
87708.98;-102.92
87711.91;-103.00
87714.84;-103.16
87717.77;-103.00
87720.70;-103.23
87723.63;-103.16
87726.56;-103.08
87729.49;-103.23
87732.42;-103.00
87735.35;-102.92
87738.28;-103.08
87741.21;-103.23
87744.14;-102.92
87747.07;-102.92
87750.00;-103.00
87752.93;-103.00
87755.86;-103.08
87758.79;-103.23
87761.72;-103.31
87764.65;-103.31
87767.58;-103.55
87770.51;-103.31
87773.44;-103.23
87776.37;-103.23
87779.30;-103.39
87782.23;-103.39
87785.16;-103.31
87788.09;-103.00
87791.02;-103.31
87793.95;-103.31
87796.88;-103.16
87799.80;-103.31
87802.73;-102.92
87805.66;-102.84
87808.59;-102.92
87811.52;-103.00
87814.45;-103.31
87817.38;-103.39
87820.31;-103.16
87823.24;-102.84
87826.17;-103.08
87829.10;-103.08
87832.03;-103.16
87834.96;-103.31
87837.89;-103.08
87840.82;-103.08
87843.75;-103.16
87846.68;-103.08
87849.61;-103.23
87852.54;-103.23
87855.47;-103.00
87858.40;-102.92
87861.33;-102.92
87864.26;-103.31
87867.19;-103.47
87870.12;-103.08
87873.05;-103.08
87875.98;-103.00
87878.91;-103.16
87881.84;-103.00
87884.77;-103.08
87887.70;-103.08
87890.63;-103.23
87893.55;-103.08
87896.48;-102.84
87899.41;-103.31
87902.34;-103.31
87905.27;-103.23
87908.20;-103.16
87911.13;-103.23
87914.06;-103.08
87916.99;-103.00
87919.92;-103.08
87922.85;-102.92
87925.78;-103.00
87928.71;-103.00
87931.64;-103.16
87934.57;-103.23
87937.50;-103.23
87940.43;-103.00
87943.36;-103.00
87946.29;-103.00
87949.22;-103.08
87952.15;-103.16
87955.08;-103.16
87958.01;-102.92
87960.94;-103.08
87963.87;-103.16
87966.80;-103.16
87969.73;-103.16
87972.66;-103.08
87975.59;-103.08
87978.52;-103.08
87981.45;-103.23
87984.38;-103.39
87987.30;-103.47
87990.23;-103.31
87993.16;-103.16
87996.09;-103.00
87999.02;-103.16
88001.95;-103.23
88004.88;-103.23
88007.81;-103.39
88010.74;-103.23
88013.67;-103.31
88016.60;-103.08
88019.53;-103.16
88022.46;-103.39
88025.39;-103.47
88028.32;-103.31
88031.25;-102.84
88034.18;-102.53
88037.11;-103.00
88040.04;-103.39
88042.97;-103.39
88045.90;-103.31
88048.83;-103.31
88051.76;-103.70
88054.69;-103.39
88057.62;-103.00
88060.55;-103.00
88063.48;-102.92
88066.41;-103.16
88069.34;-103.08
88072.27;-103.16
88075.20;-103.16
88078.13;-103.23
88081.05;-103.08
88083.98;-103.16
88086.91;-103.00
88089.84;-103.23
88092.77;-103.31
88095.70;-103.00
88098.63;-103.23
88101.56;-103.39
88104.49;-103.31
88107.42;-103.16
88110.35;-103.16
88113.28;-103.16
88116.21;-103.08
88119.14;-103.08
88122.07;-103.00
88125.00;-103.31
88127.93;-103.55
88130.86;-103.47
88133.79;-103.55
88136.72;-103.31
88139.65;-102.76
88142.58;-103.00
88145.51;-103.16
88148.44;-103.00
88151.37;-103.16
88154.30;-103.16
88157.23;-103.08
88160.16;-103.08
88163.09;-103.16
88166.02;-103.16
88168.95;-103.08
88171.88;-103.47
88174.80;-103.16
88177.73;-103.23
88180.66;-103.00
88183.59;-103.00
88186.52;-103.00
88189.45;-102.92
88192.38;-103.23
88195.31;-103.39
88198.24;-103.08
88201.17;-103.16
88204.10;-103.47
88207.03;-103.62
88209.96;-103.08
88212.89;-103.16
88215.82;-103.08
88218.75;-103.16
88221.68;-102.84
88224.61;-102.84
88227.54;-103.00
88230.47;-103.39
88233.40;-103.31
88236.33;-103.08
88239.26;-103.31
88242.19;-103.55
88245.12;-103.39
88248.05;-103.23
88250.98;-103.39
88253.91;-103.47
88256.84;-103.31
88259.77;-103.31
88262.70;-103.23
88265.63;-103.23
88268.55;-103.16
88271.48;-102.92
88274.41;-103.08
88277.34;-103.23
88280.27;-103.08
88283.20;-103.16
88286.13;-103.39
88289.06;-103.39
88291.99;-103.31
88294.92;-103.23
88297.85;-102.92
88300.78;-102.76
88303.71;-103.00
88306.64;-103.16
88309.57;-103.08
88312.50;-103.08
88315.43;-103.08
88318.36;-103.23
88321.29;-103.23
88324.22;-103.23
88327.15;-103.47
88330.08;-103.08
88333.01;-103.08
88335.94;-103.08
88338.87;-103.16
88341.80;-103.23
88344.73;-103.23
88347.66;-103.08
88350.59;-103.23
88353.52;-103.31
88356.45;-103.16
88359.38;-103.08
88362.30;-103.08
88365.23;-102.92
88368.16;-103.00
88371.09;-103.31
88374.02;-103.39
88376.95;-103.47
88379.88;-103.31
88382.81;-103.08
88385.74;-103.16
88388.67;-103.39
88391.60;-103.23
88394.53;-103.00
88397.46;-103.08
88400.39;-103.00
88403.32;-103.00
88406.25;-102.92
88409.18;-102.92
88412.11;-103.23
88415.04;-103.47
88417.97;-103.31
88420.90;-103.16
88423.83;-103.23
88426.76;-103.16
88429.69;-102.92
88432.62;-102.84
88435.55;-103.23
88438.48;-103.39
88441.41;-103.39
88444.34;-103.16
88447.27;-103.31
88450.20;-103.16
88453.13;-102.76
88456.05;-103.08
88458.98;-103.16
88461.91;-103.00
88464.84;-103.00
88467.77;-103.16
88470.70;-103.23
88473.63;-103.16
88476.56;-103.16
88479.49;-103.08
88482.42;-103.08
88485.35;-103.31
88488.28;-103.23
88491.21;-103.16
88494.14;-103.31
88497.07;-103.31
88500.00;-103.62
88502.93;-103.70
88505.86;-103.23
88508.79;-103.08
88511.72;-103.16
88514.65;-103.47
88517.58;-103.47
88520.51;-103.47
88523.44;-103.31
88526.37;-103.16
88529.30;-103.23
88532.23;-103.08
88535.16;-102.84
88538.09;-103.00
88541.02;-103.08
88543.95;-103.23
88546.88;-103.16
88549.80;-103.16
88552.73;-103.23
88555.66;-103.08
88558.59;-103.16
88561.52;-102.92
88564.45;-102.92
88567.38;-102.92
88570.31;-103.00
88573.24;-103.08
88576.17;-103.00
88579.10;-103.23
88582.03;-103.23
88584.96;-102.92
88587.89;-102.92
88590.82;-102.92
88593.75;-103.08
88596.68;-103.47
88599.61;-103.31
88602.54;-103.16
88605.47;-103.16
88608.40;-103.00
88611.33;-103.08
88614.26;-103.08
88617.19;-102.92
88620.12;-103.23
88623.05;-102.84
88625.98;-102.92
88628.91;-103.00
88631.84;-103.08
88634.77;-103.16
88637.70;-103.16
88640.63;-103.00
88643.55;-103.00
88646.48;-103.08
88649.41;-103.16
88652.34;-103.47
88655.27;-103.23
88658.20;-103.08
88661.13;-103.00
88664.06;-102.92
88666.99;-102.92
88669.92;-102.92
88672.85;-103.08
88675.78;-103.23
88678.71;-103.00
88681.64;-103.00
88684.57;-103.08
88687.50;-103.23
88690.43;-103.55
88693.36;-103.47
88696.29;-103.08
88699.22;-102.84
88702.15;-103.16
88705.08;-103.23
88708.01;-103.16
88710.94;-103.23
88713.87;-103.16
88716.80;-103.16
88719.73;-103.39
88722.66;-103.39
88725.59;-103.16
88728.52;-102.84
88731.45;-103.08
88734.38;-103.23
88737.30;-103.16
88740.23;-103.00
88743.16;-103.31
88746.09;-103.55
88749.02;-103.55
88751.95;-103.62
88754.88;-103.16
88757.81;-103.00
88760.74;-103.16
88763.67;-103.23
88766.60;-103.16
88769.53;-103.08
88772.46;-103.08
88775.39;-103.31
88778.32;-103.23
88781.25;-103.23
88784.18;-103.16
88787.11;-103.23
88790.04;-103.00
88792.97;-103.16
88795.90;-103.16
88798.83;-102.84
88801.76;-102.92
88804.69;-103.16
88807.62;-102.92
88810.55;-103.23
88813.48;-103.31
88816.41;-103.31
88819.34;-103.55
88822.27;-103.31
88825.20;-103.39
88828.13;-103.39
88831.05;-103.39
88833.98;-103.31
88836.91;-103.39
88839.84;-103.39
88842.77;-103.31
88845.70;-103.23
88848.63;-103.39
88851.56;-103.08
88854.49;-102.84
88857.42;-103.16
88860.35;-103.23
88863.28;-103.08
88866.21;-103.23
88869.14;-103.47
88872.07;-103.31
88875.00;-103.31
88877.93;-103.31
88880.86;-103.16
88883.79;-103.31
88886.72;-103.08
88889.65;-103.08
88892.58;-103.31
88895.51;-103.16
88898.44;-103.39
88901.37;-103.31
88904.30;-103.16
88907.23;-103.31
88910.16;-103.31
88913.09;-103.31
88916.02;-103.08
88918.95;-103.00
88921.88;-103.00
88924.80;-102.84
88927.73;-103.23
88930.66;-103.31
88933.59;-103.00
88936.52;-103.16
88939.45;-103.16
88942.38;-103.31
88945.31;-103.39
88948.24;-103.23
88951.17;-103.23
88954.10;-103.23
88957.03;-103.39
88959.96;-103.16
88962.89;-103.00
88965.82;-102.84
88968.75;-103.31
88971.68;-103.23
88974.61;-103.16
88977.54;-103.47
88980.47;-103.62
88983.40;-103.31
88986.33;-103.16
88989.26;-102.84
88992.19;-102.92
88995.12;-103.23
88998.05;-103.00
89000.98;-103.08
89003.91;-103.31
89006.84;-103.16
89009.77;-103.23
89012.70;-103.23
89015.63;-102.84
89018.55;-102.84
89021.48;-103.16
89024.41;-103.16
89027.34;-103.08
89030.27;-103.08
89033.20;-103.23
89036.13;-103.08
89039.06;-103.08
89041.99;-103.16
89044.92;-103.23
89047.85;-103.16
89050.78;-103.31
89053.71;-103.31
89056.64;-103.47
89059.57;-103.47
89062.50;-103.23
89065.43;-103.23
89068.36;-103.16
89071.29;-103.31
89074.22;-103.39
89077.15;-103.16
89080.08;-103.08
89083.01;-102.92
89085.94;-103.08
89088.87;-103.31
89091.80;-103.23
89094.73;-103.31
89097.66;-103.23
89100.59;-103.23
89103.52;-103.16
89106.45;-103.31
89109.38;-103.55
89112.30;-103.78
89115.23;-103.62
89118.16;-103.16
89121.09;-103.08
89124.02;-103.16
89126.95;-103.23
89129.88;-103.16
89132.81;-103.23
89135.74;-103.16
89138.67;-102.92
89141.60;-103.08
89144.53;-103.08
89147.46;-103.00
89150.39;-103.00
89153.32;-103.31
89156.25;-103.62
89159.18;-103.47
89162.11;-103.23
89165.04;-103.39
89167.97;-103.00
89170.90;-102.84
89173.83;-103.08
89176.76;-103.39
89179.69;-103.39
89182.62;-103.23
89185.55;-103.31
89188.48;-103.23
89191.41;-103.08
89194.34;-103.00
89197.27;-103.08
89200.20;-103.31
89203.13;-103.39
89206.05;-103.47
89208.98;-103.47
89211.91;-103.23
89214.84;-102.92
89217.77;-103.08
89220.70;-103.39
89223.63;-103.23
89226.56;-103.08
89229.49;-103.31
89232.42;-103.31
89235.35;-103.39
89238.28;-103.47
89241.21;-103.78
89244.14;-103.47
89247.07;-103.39
89250.00;-103.23
89252.93;-103.00
89255.86;-103.16
89258.79;-103.39
89261.72;-103.39
89264.65;-103.23
89267.58;-103.47
89270.51;-103.08
89273.44;-102.92
89276.37;-103.16
89279.30;-102.92
89282.23;-103.08
89285.16;-103.39
89288.09;-103.31
89291.02;-103.08
89293.95;-103.47
89296.88;-103.23
89299.80;-103.16
89302.73;-103.08
89305.66;-103.16
89308.59;-103.31
89311.52;-103.16
89314.45;-103.16
89317.38;-103.23
89320.31;-103.16
89323.24;-103.23
89326.17;-103.39
89329.10;-103.16
89332.03;-103.31
89334.96;-103.39
89337.89;-103.00
89340.82;-102.84
89343.75;-103.16
89346.68;-103.39
89349.61;-103.78
89352.54;-103.39
89355.47;-103.23
89358.40;-103.16
89361.33;-103.23
89364.26;-103.16
89367.19;-103.47
89370.12;-103.62
89373.05;-103.47
89375.98;-103.31
89378.91;-103.23
89381.84;-103.39
89384.77;-103.16
89387.70;-103.31
89390.63;-103.16
89393.55;-102.92
89396.48;-103.23
89399.41;-103.16
89402.34;-102.92
89405.27;-102.92
89408.20;-103.23
89411.13;-103.23
89414.06;-103.23
89416.99;-103.31
89419.92;-103.23
89422.85;-103.16
89425.78;-103.23
89428.71;-103.16
89431.64;-103.23
89434.57;-103.08
89437.50;-103.16
89440.43;-103.55
89443.36;-103.39
89446.29;-103.55
89449.22;-103.47
89452.15;-103.23
89455.08;-103.23
89458.01;-103.31
89460.94;-103.39
89463.87;-103.31
89466.80;-103.00
89469.73;-102.84
89472.66;-103.08
89475.59;-103.16
89478.52;-103.16
89481.45;-103.31
89484.38;-103.23
89487.30;-103.08
89490.23;-103.31
89493.16;-103.16
89496.09;-103.16
89499.02;-103.39
89501.95;-103.31
89504.88;-103.39
89507.81;-103.39
89510.74;-103.39
89513.67;-103.47
89516.60;-103.23
89519.53;-103.16
89522.46;-102.92
89525.39;-103.31
89528.32;-103.39
89531.25;-103.55
89534.18;-103.23
89537.11;-103.23
89540.04;-103.62
89542.97;-103.39
89545.90;-103.31
89548.83;-103.31
89551.76;-103.23
89554.69;-103.23
89557.62;-103.08
89560.55;-103.00
89563.48;-103.00
89566.41;-103.16
89569.34;-103.47
89572.27;-103.55
89575.20;-103.16
89578.13;-103.16
89581.05;-103.23
89583.98;-103.16
89586.91;-103.23
89589.84;-103.23
89592.77;-103.23
89595.70;-103.31
89598.63;-103.39
89601.56;-103.23
89604.49;-103.08
89607.42;-103.00
89610.35;-103.00
89613.28;-103.00
89616.21;-102.84
89619.14;-103.16
89622.07;-103.39
89625.00;-103.55
89627.93;-103.31
89630.86;-103.16
89633.79;-103.31
89636.72;-103.31
89639.65;-103.23
89642.58;-103.23
89645.51;-103.31
89648.44;-103.23
89651.37;-103.55
89654.30;-103.23
89657.23;-103.08
89660.16;-102.92
89663.09;-103.23
89666.02;-103.23
89668.95;-103.31
89671.88;-103.31
89674.80;-103.16
89677.73;-103.08
89680.66;-103.00
89683.59;-103.31
89686.52;-103.47
89689.45;-103.31
89692.38;-103.23
89695.31;-103.08
89698.24;-103.23
89701.17;-103.39
89704.10;-103.16
89707.03;-103.00
89709.96;-103.16
89712.89;-103.39
89715.82;-103.31
89718.75;-103.23
89721.68;-103.31
89724.61;-103.23
89727.54;-102.92
89730.47;-103.23
89733.40;-103.39
89736.33;-103.08
89739.26;-103.00
89742.19;-103.16
89745.12;-103.16
89748.05;-103.16
89750.98;-103.16
89753.91;-103.23
89756.84;-103.23
89759.77;-103.16
89762.70;-103.39
89765.63;-103.39
89768.55;-103.47
89771.48;-103.39
89774.41;-103.47
89777.34;-103.31
89780.27;-103.16
89783.20;-103.39
89786.13;-103.23
89789.06;-103.08
89791.99;-102.84
89794.92;-103.00
89797.85;-103.31
89800.78;-103.08
89803.71;-102.84
89806.64;-102.84
89809.57;-103.16
89812.50;-103.23
89815.43;-103.31
89818.36;-103.31
89821.29;-103.39
89824.22;-103.16
89827.15;-103.08
89830.08;-103.31
89833.01;-103.23
89835.94;-103.16
89838.87;-103.39
89841.80;-103.39
89844.73;-103.00
89847.66;-102.92
89850.59;-103.00
89853.52;-103.08
89856.45;-103.08
89859.38;-103.16
89862.30;-103.47
89865.23;-103.31
89868.16;-103.39
89871.09;-103.16
89874.02;-103.00
89876.95;-103.31
89879.88;-103.39
89882.81;-103.23
89885.74;-103.16
89888.67;-103.08
89891.60;-103.23
89894.53;-103.16
89897.46;-102.92
89900.39;-103.23
89903.32;-103.23
89906.25;-103.47
89909.18;-103.39
89912.11;-103.23
89915.04;-103.00
89917.97;-103.39
89920.90;-103.31
89923.83;-103.31
89926.76;-103.39
89929.69;-103.31
89932.62;-103.16
89935.55;-103.16
89938.48;-103.31
89941.41;-103.31
89944.34;-103.31
89947.27;-103.31
89950.20;-103.23
89953.13;-103.39
89956.05;-103.16
89958.98;-103.16
89961.91;-103.23
89964.84;-103.23
89967.77;-103.47
89970.70;-103.39
89973.63;-103.39
89976.56;-103.47
89979.49;-103.23
89982.42;-103.47
89985.35;-103.16
89988.28;-103.23
89991.21;-103.70
89994.14;-103.31
89997.07;-103.08
90000.00;-103.16
90002.93;-103.39
90005.86;-103.31
90008.79;-103.23
90011.72;-103.39
90014.65;-103.39
90017.58;-103.31
90020.51;-103.31
90023.44;-103.08
90026.37;-102.76
90029.30;-103.08
90032.23;-103.08
90035.16;-103.39
90038.09;-103.23
90041.02;-103.23
90043.95;-103.31
90046.88;-103.62
90049.80;-103.47
90052.73;-103.16
90055.66;-103.23
90058.59;-103.23
90061.52;-103.16
90064.45;-103.31
90067.38;-103.23
90070.31;-103.31
90073.24;-103.31
90076.17;-103.00
90079.10;-103.00
90082.03;-103.16
90084.96;-103.62
90087.89;-103.39
90090.82;-103.23
90093.75;-103.16
90096.68;-103.31
90099.61;-103.55
90102.54;-103.39
90105.47;-103.39
90108.40;-103.16
90111.33;-103.00
90114.26;-103.23
90117.19;-103.08
90120.12;-103.08
90123.05;-103.31
90125.98;-103.31
90128.91;-102.84
90131.84;-103.00
90134.77;-103.47
90137.70;-103.47
90140.63;-103.55
90143.55;-103.62
90146.48;-103.70
90149.41;-103.31
90152.34;-103.08
90155.27;-103.47
90158.20;-103.31
90161.13;-103.31
90164.06;-103.47
90166.99;-103.47
90169.92;-103.16
90172.85;-103.08
90175.78;-103.23
90178.71;-103.16
90181.64;-103.31
90184.57;-103.47
90187.50;-103.55
90190.43;-103.55
90193.36;-103.39
90196.29;-103.55
90199.22;-103.39
90202.15;-103.00
90205.08;-103.00
90208.01;-103.08
90210.94;-103.31
90213.87;-103.16
90216.80;-103.39
90219.73;-103.39
90222.66;-103.23
90225.59;-103.39
90228.52;-103.16
90231.45;-103.23
90234.38;-103.55
90237.30;-103.47
90240.23;-103.23
90243.16;-103.16
90246.09;-102.92
90249.02;-102.92
90251.95;-103.16
90254.88;-103.00
90257.81;-103.08
90260.74;-103.16
90263.67;-103.00
90266.60;-102.92
90269.53;-103.31
90272.46;-103.23
90275.39;-103.31
90278.32;-103.31
90281.25;-103.16
90284.18;-103.16
90287.11;-102.92
90290.04;-102.92
90292.97;-103.39
90295.90;-103.39
90298.83;-103.39
90301.76;-103.23
90304.69;-103.39
90307.62;-103.47
90310.55;-103.16
90313.48;-103.08
90316.41;-103.16
90319.34;-103.16
90322.27;-103.16
90325.20;-103.16
90328.13;-103.23
90331.05;-103.08
90333.98;-103.16
90336.91;-103.23
90339.84;-103.00
90342.77;-102.92
90345.70;-103.00
90348.63;-103.39
90351.56;-103.39
90354.49;-102.92
90357.42;-103.00
90360.35;-103.39
90363.28;-103.39
90366.21;-103.23
90369.14;-103.23
90372.07;-103.23
90375.00;-103.47
90377.93;-103.55
90380.86;-103.47
90383.79;-103.55
90386.72;-103.39
90389.65;-103.39
90392.58;-103.39
90395.51;-103.23
90398.44;-103.23
90401.37;-103.23
90404.30;-103.31
90407.23;-103.39
90410.16;-103.31
90413.09;-103.23
90416.02;-103.08
90418.95;-103.23
90421.88;-103.23
90424.80;-103.16
90427.73;-103.62
90430.66;-103.47
90433.59;-103.16
90436.52;-103.08
90439.45;-103.23
90442.38;-103.16
90445.31;-103.23
90448.24;-103.55
90451.17;-103.62
90454.10;-103.39
90457.03;-103.31
90459.96;-103.39
90462.89;-103.23
90465.82;-103.31
90468.75;-103.55
90471.68;-103.16
90474.61;-103.23
90477.54;-103.39
90480.47;-103.39
90483.40;-103.55
90486.33;-103.55
90489.26;-103.16
90492.19;-103.31
90495.12;-103.55
90498.05;-103.16
90500.98;-103.00
90503.91;-103.39
90506.84;-103.47
90509.77;-103.16
90512.70;-103.08
90515.63;-103.39
90518.55;-103.39
90521.48;-103.23
90524.41;-103.16
90527.34;-103.16
90530.27;-103.31
90533.20;-103.31
90536.13;-103.39
90539.06;-103.31
90541.99;-103.00
90544.92;-103.31
90547.85;-103.31
90550.78;-103.31
90553.71;-103.31
90556.64;-103.16
90559.57;-103.31
90562.50;-103.39
90565.43;-103.55
90568.36;-103.31
90571.29;-103.16
90574.22;-103.08
90577.15;-103.31
90580.08;-103.23
90583.01;-103.16
90585.94;-103.08
90588.87;-103.31
90591.80;-103.16
90594.73;-103.08
90597.66;-103.39
90600.59;-103.47
90603.52;-103.70
90606.45;-103.39
90609.38;-103.16
90612.30;-103.62
90615.23;-103.39
90618.16;-103.08
90621.09;-103.23
90624.02;-103.31
90626.95;-103.31
90629.88;-103.31
90632.81;-103.39
90635.74;-103.23
90638.67;-103.08
90641.60;-103.23
90644.53;-103.39
90647.46;-103.39
90650.39;-103.47
90653.32;-103.55
90656.25;-103.47
90659.18;-103.39
90662.11;-103.16
90665.04;-103.23
90667.97;-103.08
90670.90;-103.31
90673.83;-103.39
90676.76;-103.47
90679.69;-103.31
90682.62;-103.23
90685.55;-103.23
90688.48;-103.31
90691.41;-103.55
90694.34;-103.70
90697.27;-103.62
90700.20;-103.55
90703.13;-103.31
90706.05;-103.23
90708.98;-103.31
90711.91;-103.31
90714.84;-103.08
90717.77;-103.16
90720.70;-103.55
90723.63;-103.47
90726.56;-103.39
90729.49;-103.23
90732.42;-103.08
90735.35;-103.08
90738.28;-103.23
90741.21;-103.23
90744.14;-103.00
90747.07;-103.16
90750.00;-103.00
90752.93;-103.31
90755.86;-103.47
90758.79;-103.55
90761.72;-103.31
90764.65;-103.23
90767.58;-103.23
90770.51;-103.31
90773.44;-103.39
90776.37;-103.47
90779.30;-103.47
90782.23;-103.23
90785.16;-103.16
90788.09;-103.31
90791.02;-103.31
90793.95;-103.39
90796.88;-103.39
90799.80;-103.23
90802.73;-103.39
90805.66;-103.47
90808.59;-103.39
90811.52;-103.39
90814.45;-103.31
90817.38;-103.23
90820.31;-103.31
90823.24;-103.31
90826.17;-103.47
90829.10;-103.47
90832.03;-103.31
90834.96;-103.16
90837.89;-103.31
90840.82;-103.39
90843.75;-103.62
90846.68;-103.31
90849.61;-103.16
90852.54;-103.31
90855.47;-103.47
90858.40;-103.47
90861.33;-103.62
90864.26;-103.62
90867.19;-103.55
90870.12;-103.23
90873.05;-103.31
90875.98;-103.47
90878.91;-103.47
90881.84;-103.31
90884.77;-103.23
90887.70;-103.16
90890.63;-102.92
90893.55;-103.23
90896.48;-103.00
90899.41;-103.23
90902.34;-103.47
90905.27;-103.47
90908.20;-103.39
90911.13;-103.47
90914.06;-103.47
90916.99;-103.23
90919.92;-103.31
90922.85;-103.47
90925.78;-103.39
90928.71;-103.16
90931.64;-103.31
90934.57;-103.31
90937.50;-103.31
90940.43;-103.23
90943.36;-103.31
90946.29;-103.31
90949.22;-103.39
90952.15;-103.23
90955.08;-103.31
90958.01;-103.55
90960.94;-103.08
90963.87;-103.31
90966.80;-103.31
90969.73;-103.00
90972.66;-103.31
90975.59;-103.23
90978.52;-103.23
90981.45;-103.16
90984.38;-103.08
90987.30;-103.00
90990.23;-103.08
90993.16;-103.23
90996.09;-103.16
90999.02;-103.55
91001.95;-103.31
91004.88;-103.16
91007.81;-102.84
91010.74;-103.08
91013.67;-103.23
91016.60;-103.23
91019.53;-103.16
91022.46;-103.39
91025.39;-103.39
91028.32;-103.16
91031.25;-102.92
91034.18;-103.00
91037.11;-103.00
91040.04;-103.00
91042.97;-103.00
91045.90;-103.31
91048.83;-103.23
91051.76;-103.00
91054.69;-103.16
91057.62;-103.16
91060.55;-103.23
91063.48;-103.31
91066.41;-103.47
91069.34;-103.62
91072.27;-103.31
91075.20;-103.16
91078.13;-103.16
91081.05;-103.16
91083.98;-103.39
91086.91;-103.39
91089.84;-103.39
91092.77;-103.08
91095.70;-103.16
91098.63;-103.39
91101.56;-103.31
91104.49;-103.16
91107.42;-103.00
91110.35;-103.08
91113.28;-103.55
91116.21;-103.47
91119.14;-103.39
91122.07;-103.23
91125.00;-103.23
91127.93;-103.31
91130.86;-103.08
91133.79;-103.00
91136.72;-103.08
91139.65;-103.39
91142.58;-103.39
91145.51;-103.39
91148.44;-103.55
91151.37;-103.39
91154.30;-103.31
91157.23;-103.39
91160.16;-103.16
91163.09;-103.23
91166.02;-103.31
91168.95;-103.55
91171.88;-103.23
91174.80;-103.39
91177.73;-103.47
91180.66;-103.39
91183.59;-103.55
91186.52;-103.47
91189.45;-103.39
91192.38;-103.47
91195.31;-103.39
91198.24;-103.16
91201.17;-103.47
91204.10;-103.47
91207.03;-103.16
91209.96;-103.31
91212.89;-103.47
91215.82;-103.39
91218.75;-103.31
91221.68;-103.39
91224.61;-103.23
91227.54;-103.16
91230.47;-103.47
91233.40;-103.55
91236.33;-103.39
91239.26;-103.47
91242.19;-103.55
91245.12;-103.47
91248.05;-103.47
91250.98;-103.55
91253.91;-103.23
91256.84;-103.31
91259.77;-103.23
91262.70;-103.23
91265.63;-103.16
91268.55;-103.39
91271.48;-103.39
91274.41;-103.62
91277.34;-103.23
91280.27;-103.08
91283.20;-103.08
91286.13;-103.00
91289.06;-102.92
91291.99;-103.23
91294.92;-103.55
91297.85;-103.39
91300.78;-103.39
91303.71;-103.55
91306.64;-103.23
91309.57;-103.39
91312.50;-103.16
91315.43;-103.23
91318.36;-103.55
91321.29;-103.55
91324.22;-103.16
91327.15;-103.08
91330.08;-103.08
91333.01;-103.23
91335.94;-103.31
91338.87;-103.16
91341.80;-103.31
91344.73;-103.23
91347.66;-103.08
91350.59;-103.47
91353.52;-103.23
91356.45;-103.16
91359.38;-103.47
91362.30;-103.39
91365.23;-103.31
91368.16;-103.62
91371.09;-103.23
91374.02;-103.31
91376.95;-103.31
91379.88;-103.47
91382.81;-103.55
91385.74;-103.23
91388.67;-103.55
91391.60;-103.55
91394.53;-103.55
91397.46;-103.47
91400.39;-103.23
91403.32;-103.47
91406.25;-103.55
91409.18;-103.47
91412.11;-103.47
91415.04;-103.39
91417.97;-103.55
91420.90;-103.47
91423.83;-103.39
91426.76;-103.70
91429.69;-103.55
91432.62;-103.39
91435.55;-103.39
91438.48;-103.39
91441.41;-103.55
91444.34;-103.39
91447.27;-103.31
91450.20;-103.39
91453.13;-103.31
91456.05;-103.55
91458.98;-103.47
91461.91;-103.47
91464.84;-103.39
91467.77;-103.39
91470.70;-103.23
91473.63;-103.16
91476.56;-103.31
91479.49;-103.47
91482.42;-103.31
91485.35;-103.31
91488.28;-103.31
91491.21;-103.39
91494.14;-103.31
91497.07;-103.23
91500.00;-103.31
91502.93;-103.31
91505.86;-103.31
91508.79;-103.31
91511.72;-103.16
91514.65;-103.23
91517.58;-103.31
91520.51;-103.31
91523.44;-103.31
91526.37;-103.16
91529.30;-103.31
91532.23;-103.31
91535.16;-103.16
91538.09;-103.00
91541.02;-103.47
91543.95;-103.62
91546.88;-103.39
91549.80;-103.16
91552.73;-103.00
91555.66;-103.00
91558.59;-103.16
91561.52;-103.23
91564.45;-103.47
91567.38;-103.39
91570.31;-103.47
91573.24;-103.47
91576.17;-103.39
91579.10;-103.62
91582.03;-103.16
91584.96;-103.00
91587.89;-103.08
91590.82;-103.31
91593.75;-103.08
91596.68;-103.08
91599.61;-103.31
91602.54;-103.47
91605.47;-103.47
91608.40;-103.55
91611.33;-103.39
91614.26;-103.39
91617.19;-103.47
91620.12;-103.55
91623.05;-103.23
91625.98;-103.31
91628.91;-103.31
91631.84;-103.47
91634.77;-103.23
91637.70;-103.00
91640.63;-102.92
91643.55;-103.16
91646.48;-103.39
91649.41;-103.31
91652.34;-103.31
91655.27;-103.31
91658.20;-103.31
91661.13;-103.47
91664.06;-103.47
91666.99;-103.31
91669.92;-103.16
91672.85;-103.31
91675.78;-103.16
91678.71;-103.08
91681.64;-103.08
91684.57;-103.23
91687.50;-103.31
91690.43;-103.39
91693.36;-103.23
91696.29;-103.31
91699.22;-103.23
91702.15;-103.47
91705.08;-103.55
91708.01;-103.31
91710.94;-103.23
91713.87;-103.62
91716.80;-103.55
91719.73;-103.47
91722.66;-103.70
91725.59;-103.39
91728.52;-103.47
91731.45;-103.39
91734.38;-103.39
91737.30;-103.62
91740.23;-103.47
91743.16;-103.47
91746.09;-103.31
91749.02;-103.47
91751.95;-103.39
91754.88;-103.31
91757.81;-103.23
91760.74;-103.16
91763.67;-103.31
91766.60;-103.31
91769.53;-103.23
91772.46;-103.23
91775.39;-103.23
91778.32;-103.00
91781.25;-103.16
91784.18;-103.31
91787.11;-103.94
91790.04;-104.01
91792.97;-103.39
91795.90;-103.23
91798.83;-103.23
91801.76;-103.16
91804.69;-103.39
91807.62;-103.39
91810.55;-103.47
91813.48;-103.31
91816.41;-103.16
91819.34;-103.00
91822.27;-103.08
91825.20;-103.47
91828.13;-103.39
91831.05;-103.39
91833.98;-103.39
91836.91;-103.39
91839.84;-103.39
91842.77;-103.31
91845.70;-103.47
91848.63;-103.78
91851.56;-103.39
91854.49;-103.31
91857.42;-103.39
91860.35;-103.47
91863.28;-103.31
91866.21;-103.16
91869.14;-103.39
91872.07;-103.39
91875.00;-103.55
91877.93;-103.39
91880.86;-103.39
91883.79;-103.47
91886.72;-103.31
91889.65;-103.23
91892.58;-103.31
91895.51;-103.31
91898.44;-103.23
91901.37;-103.31
91904.30;-103.70
91907.23;-103.86
91910.16;-103.70
91913.09;-103.55
91916.02;-103.55
91918.95;-103.47
91921.88;-103.31
91924.80;-103.31
91927.73;-103.47
91930.66;-103.47
91933.59;-103.70
91936.52;-103.78
91939.45;-103.39
91942.38;-103.23
91945.31;-103.23
91948.24;-103.70
91951.17;-103.23
91954.10;-103.08
91957.03;-103.23
91959.96;-103.08
91962.89;-103.23
91965.82;-103.39
91968.75;-103.55
91971.68;-103.55
91974.61;-103.62
91977.54;-103.55
91980.47;-103.47
91983.40;-103.47
91986.33;-103.31
91989.26;-103.55
91992.19;-103.55
91995.12;-103.39
91998.05;-103.16
92000.98;-103.08
92003.91;-103.16
92006.84;-103.39
92009.77;-103.55
92012.70;-103.55
92015.63;-103.55
92018.55;-103.23
92021.48;-103.47
92024.41;-103.55
92027.34;-103.31
92030.27;-103.23
92033.20;-103.31
92036.13;-103.39
92039.06;-103.31
92041.99;-103.23
92044.92;-103.47
92047.85;-103.55
92050.78;-103.39
92053.71;-103.39
92056.64;-103.47
92059.57;-103.55
92062.50;-103.62
92065.43;-103.70
92068.36;-103.62
92071.29;-103.39
92074.22;-103.39
92077.15;-103.62
92080.08;-103.55
92083.01;-103.47
92085.94;-103.47
92088.87;-103.23
92091.80;-103.47
92094.73;-103.47
92097.66;-103.23
92100.59;-103.31
92103.52;-103.31
92106.45;-103.31
92109.38;-103.23
92112.30;-103.08
92115.23;-103.39
92118.16;-103.31
92121.09;-103.08
92124.02;-103.23
92126.95;-103.39
92129.88;-103.47
92132.81;-103.39
92135.74;-103.39
92138.67;-103.39
92141.60;-103.55
92144.53;-103.55
92147.46;-103.55
92150.39;-103.00
92153.32;-103.23
92156.25;-103.55
92159.18;-103.62
92162.11;-103.55
92165.04;-103.31
92167.97;-103.39
92170.90;-103.31
92173.83;-103.23
92176.76;-103.39
92179.69;-103.55
92182.62;-103.31
92185.55;-103.39
92188.48;-103.16
92191.41;-103.23
92194.34;-103.47
92197.27;-103.55
92200.20;-103.47
92203.13;-103.31
92206.05;-103.08
92208.98;-103.23
92211.91;-103.39
92214.84;-103.39
92217.77;-103.31
92220.70;-103.23
92223.63;-103.16
92226.56;-103.16
92229.49;-103.16
92232.42;-103.39
92235.35;-103.31
92238.28;-103.55
92241.21;-103.39
92244.14;-103.08
92247.07;-102.92
92250.00;-103.16
92252.93;-103.16
92255.86;-103.39
92258.79;-103.55
92261.72;-103.47
92264.65;-103.39
92267.58;-103.39
92270.51;-103.70
92273.44;-103.55
92276.37;-103.23
92279.30;-103.31
92282.23;-103.16
92285.16;-103.31
92288.09;-103.47
92291.02;-103.47
92293.95;-103.62
92296.88;-103.70
92299.80;-103.62
92302.73;-103.47
92305.66;-103.55
92308.59;-103.70
92311.52;-103.62
92314.45;-103.39
92317.38;-103.39
92320.31;-103.39
92323.24;-103.23
92326.17;-103.31
92329.10;-103.47
92332.03;-103.62
92334.96;-103.55
92337.89;-103.31
92340.82;-103.31
92343.75;-103.70
92346.68;-104.01
92349.61;-103.55
92352.54;-103.23
92355.47;-103.23
92358.40;-103.31
92361.33;-103.62
92364.26;-103.78
92367.19;-103.78
92370.12;-103.62
92373.05;-103.62
92375.98;-103.62
92378.91;-103.39
92381.84;-103.39
92384.77;-103.55
92387.70;-103.62
92390.63;-103.55
92393.55;-103.47
92396.48;-103.39
92399.41;-103.08
92402.34;-103.16
92405.27;-103.31
92408.20;-103.47
92411.13;-103.55
92414.06;-103.39
92416.99;-103.16
92419.92;-103.31
92422.85;-103.47
92425.78;-103.47
92428.71;-103.23
92431.64;-103.16
92434.57;-103.31
92437.50;-103.31
92440.43;-103.31
92443.36;-103.31
92446.29;-103.47
92449.22;-103.47
92452.15;-103.16
92455.08;-103.39
92458.01;-103.55
92460.94;-103.31
92463.87;-103.31
92466.80;-103.47
92469.73;-103.55
92472.66;-103.55
92475.59;-103.39
92478.52;-103.23
92481.45;-103.31
92484.38;-103.47
92487.30;-103.86
92490.23;-103.94
92493.16;-103.62
92496.09;-103.47
92499.02;-103.31
92501.95;-103.31
92504.88;-103.47
92507.81;-103.39
92510.74;-103.47
92513.67;-103.39
92516.60;-103.55
92519.53;-103.39
92522.46;-103.31
92525.39;-103.55
92528.32;-103.55
92531.25;-103.62
92534.18;-103.70
92537.11;-103.39
92540.04;-103.31
92542.97;-103.39
92545.90;-103.16
92548.83;-103.23
92551.76;-103.39
92554.69;-103.23
92557.62;-103.39
92560.55;-103.39
92563.48;-103.47
92566.41;-103.23
92569.34;-103.31
92572.27;-103.39
92575.20;-103.39
92578.13;-103.39
92581.05;-103.47
92583.98;-103.39
92586.91;-103.16
92589.84;-103.23
92592.77;-103.23
92595.70;-103.39
92598.63;-103.78
92601.56;-103.47
92604.49;-103.47
92607.42;-103.39
92610.35;-103.47
92613.28;-103.16
92616.21;-103.23
92619.14;-103.39
92622.07;-103.39
92625.00;-103.70
92627.93;-103.47
92630.86;-103.39
92633.79;-103.23
92636.72;-103.47
92639.65;-103.39
92642.58;-103.39
92645.51;-103.62
92648.44;-103.47
92651.37;-103.55
92654.30;-103.31
92657.23;-103.16
92660.16;-103.08
92663.09;-103.39
92666.02;-103.23
92668.95;-103.31
92671.88;-103.31
92674.80;-103.31
92677.73;-103.62
92680.66;-103.31
92683.59;-103.31
92686.52;-103.23
92689.45;-103.31
92692.38;-103.23
92695.31;-103.23
92698.24;-103.31
92701.17;-103.70
92704.10;-103.78
92707.03;-103.62
92709.96;-103.08
92712.89;-103.16
92715.82;-103.39
92718.75;-103.23
92721.68;-103.23
92724.61;-103.47
92727.54;-103.47
92730.47;-103.31
92733.40;-103.55
92736.33;-103.55
92739.26;-103.47
92742.19;-103.70
92745.12;-103.47
92748.05;-103.23
92750.98;-103.23
92753.91;-103.16
92756.84;-103.39
92759.77;-103.62
92762.70;-103.55
92765.63;-103.62
92768.55;-103.62
92771.48;-103.16
92774.41;-103.31
92777.34;-103.39
92780.27;-103.55
92783.20;-103.39
92786.13;-103.47
92789.06;-103.62
92791.99;-103.39
92794.92;-103.47
92797.85;-103.62
92800.78;-103.47
92803.71;-103.47
92806.64;-103.47
92809.57;-103.55
92812.50;-103.55
92815.43;-103.47
92818.36;-103.23
92821.29;-103.23
92824.22;-103.31
92827.15;-103.39
92830.08;-103.39
92833.01;-103.62
92835.94;-103.47
92838.87;-103.62
92841.80;-103.70
92844.73;-103.47
92847.66;-103.23
92850.59;-103.31
92853.52;-103.62
92856.45;-103.47
92859.38;-103.70
92862.30;-103.55
92865.23;-103.31
92868.16;-103.31
92871.09;-103.39
92874.02;-103.23
92876.95;-103.23
92879.88;-103.31
92882.81;-103.31
92885.74;-103.39
92888.67;-103.39
92891.60;-103.62
92894.53;-103.47
92897.46;-103.39
92900.39;-103.23
92903.32;-103.31
92906.25;-103.23
92909.18;-103.31
92912.11;-103.47
92915.04;-103.62
92917.97;-103.23
92920.90;-103.23
92923.83;-103.16
92926.76;-102.84
92929.69;-103.39
92932.62;-103.55
92935.55;-103.55
92938.48;-103.39
92941.41;-103.39
92944.34;-103.23
92947.27;-103.31
92950.20;-103.31
92953.13;-103.39
92956.05;-103.23
92958.98;-103.31
92961.91;-103.16
92964.84;-103.31
92967.77;-103.47
92970.70;-103.62
92973.63;-103.62
92976.56;-103.70
92979.49;-103.78
92982.42;-103.47
92985.35;-103.31
92988.28;-103.55
92991.21;-103.31
92994.14;-103.16
92997.07;-103.39
93000.00;-103.23
93002.93;-103.31
93005.86;-103.39
93008.79;-103.55
93011.72;-103.39
93014.65;-103.47
93017.58;-103.31
93020.51;-103.55
93023.44;-103.47
93026.37;-103.23
93029.30;-103.23
93032.23;-103.47
93035.16;-103.23
93038.09;-103.23
93041.02;-103.23
93043.95;-103.39
93046.88;-103.55
93049.80;-103.55
93052.73;-103.31
93055.66;-103.23
93058.59;-103.39
93061.52;-103.31
93064.45;-103.47
93067.38;-103.47
93070.31;-103.23
93073.24;-103.47
93076.17;-103.47
93079.10;-103.39
93082.03;-103.55
93084.96;-103.55
93087.89;-103.62
93090.82;-103.55
93093.75;-103.16
93096.68;-103.23
93099.61;-103.47
93102.54;-103.31
93105.47;-103.16
93108.40;-103.08
93111.33;-103.31
93114.26;-103.47
93117.19;-103.78
93120.12;-103.70
93123.05;-103.31
93125.98;-103.31
93128.91;-103.47
93131.84;-103.55
93134.77;-103.47
93137.70;-103.55
93140.63;-103.55
93143.55;-103.62
93146.48;-103.47
93149.41;-103.23
93152.34;-103.31
93155.27;-103.47
93158.20;-103.62
93161.13;-103.55
93164.06;-103.62
93166.99;-103.78
93169.92;-103.62
93172.85;-103.47
93175.78;-103.39
93178.71;-103.55
93181.64;-103.78
93184.57;-103.55
93187.50;-103.78
93190.43;-103.62
93193.36;-103.39
93196.29;-103.39
93199.22;-103.39
93202.15;-103.31
93205.08;-103.47
93208.01;-103.39
93210.94;-103.39
93213.87;-103.55
93216.80;-103.55
93219.73;-103.47
93222.66;-103.31
93225.59;-103.16
93228.52;-103.39
93231.45;-103.62
93234.38;-103.39
93237.30;-103.31
93240.23;-103.39
93243.16;-103.70
93246.09;-103.70
93249.02;-103.55
93251.95;-103.62
93254.88;-103.47
93257.81;-103.31
93260.74;-103.23
93263.67;-103.47
93266.60;-103.55
93269.53;-103.39
93272.46;-103.55
93275.39;-103.47
93278.32;-103.47
93281.25;-103.55
93284.18;-103.70
93287.11;-103.55
93290.04;-103.55
93292.97;-103.70
93295.90;-103.78
93298.83;-103.55
93301.76;-103.55
93304.69;-103.62
93307.62;-103.31
93310.55;-103.39
93313.48;-103.55
93316.41;-103.31
93319.34;-103.31
93322.27;-103.47
93325.20;-103.31
93328.13;-103.31
93331.05;-103.39
93333.98;-103.31
93336.91;-103.23
93339.84;-103.23
93342.77;-103.47
93345.70;-103.47
93348.63;-103.31
93351.56;-103.39
93354.49;-103.39
93357.42;-103.62
93360.35;-103.55
93363.28;-103.39
93366.21;-103.31
93369.14;-103.39
93372.07;-103.47
93375.00;-103.16
93377.93;-103.39
93380.86;-103.47
93383.79;-103.39
93386.72;-103.47
93389.65;-103.39
93392.58;-103.39
93395.51;-103.47
93398.44;-103.47
93401.37;-103.47
93404.30;-103.62
93407.23;-103.62
93410.16;-103.55
93413.09;-103.08
93416.02;-103.08
93418.95;-103.39
93421.88;-103.55
93424.80;-103.39
93427.73;-103.55
93430.66;-103.55
93433.59;-103.47
93436.52;-103.31
93439.45;-103.39
93442.38;-103.47
93445.31;-103.39
93448.24;-103.47
93451.17;-103.39
93454.10;-103.55
93457.03;-103.31
93459.96;-103.16
93462.89;-103.39
93465.82;-103.47
93468.75;-103.23
93471.68;-103.55
93474.61;-103.62
93477.54;-103.62
93480.47;-103.39
93483.40;-103.31
93486.33;-103.16
93489.26;-103.31
93492.19;-103.39
93495.12;-103.62
93498.05;-103.31
93500.98;-103.16
93503.91;-103.47
93506.84;-103.23
93509.77;-103.39
93512.70;-103.31
93515.63;-103.23
93518.55;-103.47
93521.48;-103.78
93524.41;-103.70
93527.34;-103.47
93530.27;-103.47
93533.20;-103.62
93536.13;-103.62
93539.06;-103.39
93541.99;-103.23
93544.92;-103.08
93547.85;-103.23
93550.78;-103.55
93553.71;-103.31
93556.64;-103.47
93559.57;-103.62
93562.50;-103.70
93565.43;-103.47
93568.36;-103.39
93571.29;-103.39
93574.22;-103.16
93577.15;-103.39
93580.08;-103.31
93583.01;-103.47
93585.94;-103.62
93588.87;-103.47
93591.80;-103.23
93594.73;-103.39
93597.66;-103.31
93600.59;-103.47
93603.52;-103.62
93606.45;-103.55
93609.38;-103.39
93612.30;-103.55
93615.23;-103.47
93618.16;-103.55
93621.09;-103.62
93624.02;-103.78
93626.95;-103.70
93629.88;-103.47
93632.81;-103.55
93635.74;-103.31
93638.67;-103.31
93641.60;-103.31
93644.53;-103.23
93647.46;-103.39
93650.39;-103.39
93653.32;-103.31
93656.25;-103.31
93659.18;-103.23
93662.11;-103.16
93665.04;-103.86
93667.97;-103.78
93670.90;-103.39
93673.83;-103.31
93676.76;-103.39
93679.69;-103.39
93682.62;-103.31
93685.55;-103.31
93688.48;-103.39
93691.41;-103.16
93694.34;-103.23
93697.27;-103.39
93700.20;-103.47
93703.13;-103.70
93706.05;-103.55
93708.98;-103.31
93711.91;-103.47
93714.84;-103.55
93717.77;-103.23
93720.70;-103.39
93723.63;-103.55
93726.56;-103.70
93729.49;-103.62
93732.42;-103.31
93735.35;-103.23
93738.28;-103.16
93741.21;-103.23
93744.14;-103.47
93747.07;-103.70
93750.00;-103.62
93752.93;-103.55
93755.86;-103.62
93758.79;-103.47
93761.72;-103.47
93764.65;-103.23
93767.58;-103.39
93770.51;-103.55
93773.44;-103.62
93776.37;-103.31
93779.30;-103.39
93782.23;-103.47
93785.16;-103.39
93788.09;-103.78
93791.02;-103.78
93793.95;-103.55
93796.88;-103.55
93799.80;-103.70
93802.73;-103.47
93805.66;-103.31
93808.59;-103.47
93811.52;-103.47
93814.45;-103.47
93817.38;-103.47
93820.31;-103.16
93823.24;-103.23
93826.17;-103.47
93829.10;-103.70
93832.03;-103.47
93834.96;-103.31
93837.89;-103.47
93840.82;-103.47
93843.75;-103.31
93846.68;-103.16
93849.61;-103.31
93852.54;-103.23
93855.47;-103.47
93858.40;-103.78
93861.33;-103.31
93864.26;-103.39
93867.19;-103.55
93870.12;-103.55
93873.05;-103.23
93875.98;-103.39
93878.91;-103.39
93881.84;-103.39
93884.77;-103.23
93887.70;-103.16
93890.63;-103.39
93893.55;-103.39
93896.48;-103.39
93899.41;-103.47
93902.34;-103.86
93905.27;-103.62
93908.20;-103.39
93911.13;-103.31
93914.06;-103.47
93916.99;-103.39
93919.92;-103.23
93922.85;-103.70
93925.78;-103.62
93928.71;-103.39
93931.64;-103.55
93934.57;-103.39
93937.50;-103.62
93940.43;-103.39
93943.36;-103.39
93946.29;-103.39
93949.22;-103.31
93952.15;-103.23
93955.08;-103.16
93958.01;-103.39
93960.94;-103.55
93963.87;-103.47
93966.80;-103.16
93969.73;-103.31
93972.66;-103.39
93975.59;-103.31
93978.52;-103.31
93981.45;-103.47
93984.38;-103.55
93987.30;-103.55
93990.23;-103.62
93993.16;-103.47
93996.09;-103.47
93999.02;-103.55
94001.95;-103.62
94004.88;-103.70
94007.81;-103.62
94010.74;-103.47
94013.67;-103.47
94016.60;-103.47
94019.53;-103.47
94022.46;-103.47
94025.39;-103.47
94028.32;-103.31
94031.25;-103.39
94034.18;-103.55
94037.11;-103.31
94040.04;-103.31
94042.97;-103.47
94045.90;-103.47
94048.83;-103.39
94051.76;-103.47
94054.69;-103.23
94057.62;-103.16
94060.55;-103.39
94063.48;-103.62
94066.41;-103.47
94069.34;-103.55
94072.27;-103.55
94075.20;-103.62
94078.13;-103.55
94081.05;-103.39
94083.98;-103.23
94086.91;-103.31
94089.84;-103.39
94092.77;-103.47
94095.70;-103.55
94098.63;-103.55
94101.56;-103.39
94104.49;-103.23
94107.42;-103.39
94110.35;-103.55
94113.28;-103.47
94116.21;-103.39
94119.14;-103.39
94122.07;-103.62
94125.00;-103.62
94127.93;-103.39
94130.86;-103.08
94133.79;-103.08
94136.72;-103.55
94139.65;-103.62
94142.58;-103.62
94145.51;-103.70
94148.44;-103.70
94151.37;-103.86
94154.30;-103.47
94157.23;-103.39
94160.16;-103.55
94163.09;-103.62
94166.02;-103.62
94168.95;-103.47
94171.88;-103.47
94174.80;-103.31
94177.73;-103.08
94180.66;-103.16
94183.59;-103.31
94186.52;-103.55
94189.45;-103.55
94192.38;-103.62
94195.31;-103.47
94198.24;-103.23
94201.17;-103.08
94204.10;-103.23
94207.03;-103.31
94209.96;-103.39
94212.89;-103.23
94215.82;-103.31
94218.75;-103.55
94221.68;-103.55
94224.61;-103.62
94227.54;-103.62
94230.47;-103.78
94233.40;-103.31
94236.33;-103.47
94239.26;-103.62
94242.19;-103.70
94245.12;-103.86
94248.05;-103.47
94250.98;-103.47
94253.91;-103.62
94256.84;-103.39
94259.77;-103.23
94262.70;-103.39
94265.63;-103.55
94268.55;-103.70
94271.48;-103.62
94274.41;-103.39
94277.34;-103.47
94280.27;-103.62
94283.20;-103.39
94286.13;-103.16
94289.06;-103.47
94291.99;-103.47
94294.92;-103.55
94297.85;-103.47
94300.78;-103.39
94303.71;-103.47
94306.64;-103.47
94309.57;-103.55
94312.50;-103.62
94315.43;-103.78
94318.36;-103.39
94321.29;-103.23
94324.22;-103.47
94327.15;-103.39
94330.08;-103.31
94333.01;-103.39
94335.94;-103.62
94338.87;-103.55
94341.80;-103.39
94344.73;-103.39
94347.66;-103.39
94350.59;-103.62
94353.52;-103.47
94356.45;-103.31
94359.38;-103.55
94362.30;-103.62
94365.23;-103.55
94368.16;-103.47
94371.09;-103.55
94374.02;-103.55
94376.95;-103.62
94379.88;-103.31
94382.81;-103.31
94385.74;-103.62
94388.67;-103.62
94391.60;-103.78
94394.53;-103.62
94397.46;-103.55
94400.39;-103.78
94403.32;-103.70
94406.25;-103.47
94409.18;-103.62
94412.11;-103.47
94415.04;-103.31
94417.97;-103.23
94420.90;-103.62
94423.83;-103.39
94426.76;-103.55
94429.69;-103.78
94432.62;-103.86
94435.55;-103.62
94438.48;-103.55
94441.41;-103.47
94444.34;-103.55
94447.27;-103.62
94450.20;-103.47
94453.13;-103.31
94456.05;-103.39
94458.98;-103.55
94461.91;-103.39
94464.84;-103.47
94467.77;-103.47
94470.70;-103.70
94473.63;-103.86
94476.56;-103.62
94479.49;-103.55
94482.42;-103.62
94485.35;-103.55
94488.28;-103.55
94491.21;-103.47
94494.14;-103.31
94497.07;-103.47
94500.00;-103.70
94502.93;-103.55
94505.86;-103.47
94508.79;-103.55
94511.72;-103.70
94514.65;-103.39
94517.58;-103.39
94520.51;-103.39
94523.44;-103.23
94526.37;-103.47
94529.30;-103.62
94532.23;-103.55
94535.16;-103.31
94538.09;-103.31
94541.02;-103.31
94543.95;-103.31
94546.88;-103.47
94549.80;-103.55
94552.73;-103.39
94555.66;-103.23
94558.59;-103.47
94561.52;-103.47
94564.45;-103.47
94567.38;-103.23
94570.31;-103.31
94573.24;-103.39
94576.17;-103.16
94579.10;-103.31
94582.03;-103.31
94584.96;-103.23
94587.89;-103.31
94590.82;-103.39
94593.75;-103.39
94596.68;-103.23
94599.61;-103.39
94602.54;-103.31
94605.47;-103.47
94608.40;-103.39
94611.33;-103.31
94614.26;-103.23
94617.19;-103.39
94620.12;-103.55
94623.05;-103.70
94625.98;-103.70
94628.91;-103.55
94631.84;-103.55
94634.77;-103.47
94637.70;-103.39
94640.63;-103.70
94643.55;-104.09
94646.48;-103.86
94649.41;-103.62
94652.34;-103.55
94655.27;-103.47
94658.20;-103.39
94661.13;-103.31
94664.06;-103.55
94666.99;-103.62
94669.92;-103.55
94672.85;-103.55
94675.78;-103.62
94678.71;-103.39
94681.64;-103.39
94684.57;-103.23
94687.50;-103.31
94690.43;-103.55
94693.36;-103.55
94696.29;-103.23
94699.22;-103.16
94702.15;-103.47
94705.08;-103.70
94708.01;-103.78
94710.94;-103.62
94713.87;-103.23
94716.80;-103.31
94719.73;-103.70
94722.66;-103.70
94725.59;-103.47
94728.52;-103.31
94731.45;-103.47
94734.38;-103.47
94737.30;-103.55
94740.23;-103.47
94743.16;-103.78
94746.09;-103.39
94749.02;-103.31
94751.95;-103.39
94754.88;-103.47
94757.81;-103.62
94760.74;-103.78
94763.67;-103.55
94766.60;-103.47
94769.53;-103.55
94772.46;-103.39
94775.39;-103.31
94778.32;-103.47
94781.25;-103.62
94784.18;-103.39
94787.11;-103.47
94790.04;-103.39
94792.97;-103.31
94795.90;-103.23
94798.83;-103.47
94801.76;-103.47
94804.69;-103.47
94807.62;-103.23
94810.55;-103.47
94813.48;-103.47
94816.41;-103.31
94819.34;-103.39
94822.27;-103.62
94825.20;-103.62
94828.13;-103.55
94831.05;-103.70
94833.98;-103.78
94836.91;-103.55
94839.84;-103.55
94842.77;-103.62
94845.70;-103.47
94848.63;-103.39
94851.56;-103.23
94854.49;-103.55
94857.42;-103.78
94860.35;-103.47
94863.28;-103.86
94866.21;-103.86
94869.14;-103.55
94872.07;-103.55
94875.00;-103.31
94877.93;-103.47
94880.86;-103.55
94883.79;-103.39
94886.72;-103.55
94889.65;-103.70
94892.58;-103.78
94895.51;-103.39
94898.44;-103.39
94901.37;-103.39
94904.30;-103.31
94907.23;-103.31
94910.16;-103.47
94913.09;-103.47
94916.02;-103.39
94918.95;-103.39
94921.88;-103.62
94924.80;-103.55
94927.73;-103.62
94930.66;-103.62
94933.59;-103.39
94936.52;-103.55
94939.45;-103.62
94942.38;-103.47
94945.31;-103.39
94948.24;-103.55
94951.17;-103.39
94954.10;-103.16
94957.03;-103.39
94959.96;-103.47
94962.89;-103.55
94965.82;-103.70
94968.75;-103.55
94971.68;-103.23
94974.61;-103.31
94977.54;-103.31
94980.47;-103.47
94983.40;-103.39
94986.33;-103.39
94989.26;-103.39
94992.19;-103.62
94995.12;-103.47
94998.05;-103.55
95000.98;-103.62
95003.91;-103.47
95006.84;-103.70
95009.77;-103.70
95012.70;-103.31
95015.63;-103.47
95018.55;-103.62
95021.48;-103.70
95024.41;-103.55
95027.34;-103.55
95030.27;-103.55
95033.20;-103.55
95036.13;-103.31
95039.06;-103.31
95041.99;-103.31
95044.92;-103.23
95047.85;-103.47
95050.78;-103.47
95053.71;-103.55
95056.64;-103.47
95059.57;-103.31
95062.50;-103.23
95065.43;-103.86
95068.36;-103.86
95071.29;-103.62
95074.22;-103.70
95077.15;-103.86
95080.08;-103.62
95083.01;-103.55
95085.94;-103.39
95088.87;-103.23
95091.80;-103.16
95094.73;-103.39
95097.66;-103.55
95100.59;-103.55
95103.52;-103.47
95106.45;-103.31
95109.38;-103.39
95112.30;-103.70
95115.23;-103.62
95118.16;-103.47
95121.09;-103.55
95124.02;-103.23
95126.95;-103.31
95129.88;-103.31
95132.81;-103.23
95135.74;-103.16
95138.67;-103.39
95141.60;-103.62
95144.53;-103.86
95147.46;-103.55
95150.39;-103.62
95153.32;-103.70
95156.25;-103.39
95159.18;-103.55
95162.11;-103.55
95165.04;-103.47
95167.97;-103.39
95170.90;-103.47
95173.83;-103.70
95176.76;-103.70
95179.69;-103.62
95182.62;-103.47
95185.55;-103.23
95188.48;-103.31
95191.41;-103.47
95194.34;-103.47
95197.27;-103.47
95200.20;-103.94
95203.13;-103.62
95206.05;-103.31
95208.98;-103.31
95211.91;-103.39
95214.84;-103.47
95217.77;-103.47
95220.70;-103.55
95223.63;-103.39
95226.56;-103.39
95229.49;-103.62
95232.42;-103.39
95235.35;-103.31
95238.28;-103.39
95241.21;-103.39
95244.14;-103.39
95247.07;-103.31
95250.00;-103.31
95252.93;-103.55
95255.86;-103.31
95258.79;-103.31
95261.72;-103.31
95264.65;-103.55
95267.58;-103.78
95270.51;-103.55
95273.44;-103.23
95276.37;-103.55
95279.30;-103.47
95282.23;-103.39
95285.16;-103.39
95288.09;-103.39
95291.02;-103.39
95293.95;-103.55
95296.88;-103.55
95299.80;-103.39
95302.73;-103.62
95305.66;-103.47
95308.59;-103.39
95311.52;-103.31
95314.45;-103.39
95317.38;-103.55
95320.31;-103.62
95323.24;-103.55
95326.17;-103.47
95329.10;-103.39
95332.03;-103.47
95334.96;-103.47
95337.89;-103.62
95340.82;-103.70
95343.75;-103.55
95346.68;-103.78
95349.61;-103.62
95352.54;-103.55
95355.47;-103.62
95358.40;-103.62
95361.33;-103.55
95364.26;-103.31
95367.19;-103.55
95370.12;-103.78
95373.05;-103.47
95375.98;-103.39
95378.91;-103.55
95381.84;-103.55
95384.77;-103.70
95387.70;-103.39
95390.63;-103.39
95393.55;-103.39
95396.48;-103.16
95399.41;-103.31
95402.34;-103.39
95405.27;-103.47
95408.20;-103.70
95411.13;-103.55
95414.06;-103.70
95416.99;-103.62
95419.92;-103.31
95422.85;-103.31
95425.78;-103.47
95428.71;-103.31
95431.64;-103.16
95434.57;-103.47
95437.50;-103.78
95440.43;-103.70
95443.36;-103.55
95446.29;-103.55
95449.22;-103.39
95452.15;-103.23
95455.08;-103.62
95458.01;-103.23
95460.94;-103.31
95463.87;-103.62
95466.80;-103.62
95469.73;-103.62
95472.66;-103.39
95475.59;-103.47
95478.52;-103.62
95481.45;-103.86
95484.38;-103.62
95487.30;-103.47
95490.23;-103.39
95493.16;-103.39
95496.09;-103.55
95499.02;-103.62
95501.95;-103.55
95504.88;-103.47
95507.81;-103.55
95510.74;-103.47
95513.67;-103.08
95516.60;-103.23
95519.53;-103.47
95522.46;-103.47
95525.39;-103.31
95528.32;-103.47
95531.25;-103.55
95534.18;-103.78
95537.11;-103.78
95540.04;-103.47
95542.97;-103.55
95545.90;-103.47
95548.83;-103.31
95551.76;-103.70
95554.69;-103.47
95557.62;-103.39
95560.55;-103.55
95563.48;-103.39
95566.41;-103.39
95569.34;-103.55
95572.27;-103.39
95575.20;-103.39
95578.13;-103.39
95581.05;-103.39
95583.98;-103.62
95586.91;-103.55
95589.84;-103.39
95592.77;-103.39
95595.70;-103.55
95598.63;-103.47
95601.56;-103.39
95604.49;-103.62
95607.42;-103.39
95610.35;-103.47
95613.28;-103.47
95616.21;-103.62
95619.14;-103.55
95622.07;-103.23
95625.00;-103.16
95627.93;-103.47
95630.86;-103.78
95633.79;-103.70
95636.72;-103.55
95639.65;-103.55
95642.58;-103.78
95645.51;-103.70
95648.44;-103.55
95651.37;-103.55
95654.30;-103.70
95657.23;-103.94
95660.16;-103.55
95663.09;-103.23
95666.02;-103.39
95668.95;-103.62
95671.88;-103.70
95674.80;-103.31
95677.73;-103.16
95680.66;-103.47
95683.59;-103.62
95686.52;-103.62
95689.45;-103.39
95692.38;-103.39
95695.31;-103.39
95698.24;-103.23
95701.17;-103.31
95704.10;-103.39
95707.03;-103.31
95709.96;-103.39
95712.89;-103.47
95715.82;-103.78
95718.75;-103.47
95721.68;-103.47
95724.61;-103.47
95727.54;-103.16
95730.47;-103.31
95733.40;-103.39
95736.33;-103.62
95739.26;-103.55
95742.19;-103.47
95745.12;-103.39
95748.05;-103.31
95750.98;-103.39
95753.91;-103.31
95756.84;-103.31
95759.77;-103.39
95762.70;-103.39
95765.63;-103.23
95768.55;-103.62
95771.48;-103.70
95774.41;-103.55
95777.34;-103.39
95780.27;-103.55
95783.20;-103.78
95786.13;-103.55
95789.06;-103.70
95791.99;-103.62
95794.92;-103.55
95797.85;-103.47
95800.78;-103.55
95803.71;-103.23
95806.64;-103.31
95809.57;-103.31
95812.50;-103.47
95815.43;-103.78
95818.36;-103.47
95821.29;-103.31
95824.22;-103.55
95827.15;-103.62
95830.08;-103.47
95833.01;-103.31
95835.94;-103.08
95838.87;-103.16
95841.80;-103.39
95844.73;-103.31
95847.66;-103.31
95850.59;-103.23
95853.52;-103.08
95856.45;-103.08
95859.38;-103.62
95862.30;-103.70
95865.23;-103.47
95868.16;-103.62
95871.09;-103.70
95874.02;-103.78
95876.95;-103.62
95879.88;-103.70
95882.81;-103.62
95885.74;-103.47
95888.67;-103.47
95891.60;-103.47
95894.53;-103.47
95897.46;-103.39
95900.39;-103.39
95903.32;-103.70
95906.25;-103.78
95909.18;-103.86
95912.11;-103.55
95915.04;-103.31
95917.97;-103.47
95920.90;-103.31
95923.83;-103.31
95926.76;-103.39
95929.69;-103.47
95932.62;-103.55
95935.55;-103.62
95938.48;-103.47
95941.41;-103.39
95944.34;-103.62
95947.27;-103.70
95950.20;-103.86
95953.13;-103.62
95956.05;-103.55
95958.98;-103.86
95961.91;-103.78
95964.84;-103.62
95967.77;-103.31
95970.70;-103.31
95973.63;-103.55
95976.56;-103.70
95979.49;-103.47
95982.42;-103.62
95985.35;-103.55
95988.28;-103.39
95991.21;-103.62
95994.14;-103.62
95997.07;-103.47
96000.00;-104.41
