Frequency (Hz);Power (dB);192000.0000;65536;2;120.8394;0;L+R
0.00;-55.80
2.93;-51.03
5.86;-48.84
8.79;-48.45
11.72;-48.45
14.65;-48.14
17.58;-47.75
20.51;-47.75
23.44;-48.14
26.37;-48.38
29.30;-48.30
32.23;-48.14
35.16;-48.22
38.09;-48.30
41.02;-48.61
43.95;-48.45
46.88;-48.53
49.80;-48.45
52.73;-48.77
55.66;-48.77
58.59;-48.84
61.52;-49.31
64.45;-49.47
67.38;-49.31
70.31;-49.47
73.24;-49.86
76.17;-50.10
79.10;-49.78
82.03;-50.02
84.96;-50.02
87.89;-50.17
90.82;-50.33
93.75;-50.80
96.68;-50.95
99.61;-51.11
102.54;-51.42
105.47;-51.58
108.40;-51.81
111.33;-52.28
114.26;-52.13
117.19;-51.89
120.12;-52.21
123.05;-52.67
125.98;-52.99
128.91;-53.14
131.84;-53.30
134.77;-53.38
137.70;-53.46
140.63;-53.46
143.55;-53.85
146.48;-54.16
149.41;-54.47
152.34;-54.63
155.27;-55.02
158.20;-55.41
161.13;-55.49
164.06;-55.64
166.99;-55.72
169.92;-55.72
172.85;-56.03
175.78;-56.27
178.71;-56.74
181.64;-57.28
184.57;-57.13
187.50;-57.36
190.43;-57.75
193.36;-57.91
196.29;-57.99
199.22;-58.14
202.15;-58.61
205.08;-59.16
208.01;-59.08
210.94;-59.24
213.87;-59.55
216.80;-59.63
219.73;-59.86
222.66;-59.94
225.59;-60.10
228.52;-60.57
231.45;-61.11
234.38;-60.96
237.30;-60.96
240.23;-61.43
243.16;-61.89
246.09;-61.97
249.02;-62.13
251.95;-62.29
254.88;-62.36
257.81;-62.60
260.74;-62.99
263.67;-63.38
266.60;-63.46
269.53;-63.46
272.46;-63.77
275.39;-64.08
278.32;-64.32
281.25;-64.55
284.18;-64.86
287.11;-65.33
290.04;-65.57
292.97;-65.72
295.90;-65.96
298.83;-65.96
301.76;-65.96
304.69;-65.96
307.62;-66.51
310.55;-66.90
313.48;-67.13
316.41;-67.37
319.34;-67.44
322.27;-67.83
325.20;-68.15
328.13;-68.38
331.05;-68.46
333.98;-68.30
336.91;-68.69
339.84;-69.01
342.77;-69.32
345.70;-69.32
348.63;-69.63
351.56;-69.87
354.49;-70.10
357.42;-70.02
360.35;-70.33
363.28;-70.49
366.21;-70.88
369.14;-71.12
372.07;-71.27
375.00;-71.66
377.93;-71.66
380.86;-71.66
383.79;-71.90
386.72;-72.29
389.65;-72.68
392.58;-72.84
395.51;-72.91
398.44;-73.15
401.37;-73.38
404.30;-73.54
407.23;-73.69
410.16;-73.93
413.09;-74.01
416.02;-74.09
418.95;-74.32
421.88;-74.48
424.80;-74.71
427.73;-75.02
430.66;-75.18
433.59;-75.26
436.52;-75.65
439.45;-75.49
442.38;-75.88
445.31;-76.43
448.24;-76.27
451.17;-76.51
454.10;-76.74
457.03;-76.98
459.96;-77.21
462.89;-77.37
465.82;-77.45
468.75;-77.52
471.68;-77.60
474.61;-77.60
477.54;-77.84
480.47;-78.15
483.40;-78.38
486.33;-78.77
489.26;-78.93
492.19;-78.93
495.12;-79.01
498.05;-79.40
500.98;-79.48
503.91;-79.56
506.84;-79.48
509.77;-79.87
512.70;-80.26
515.63;-80.26
518.55;-80.10
521.48;-80.10
524.41;-80.49
527.34;-80.73
530.27;-80.96
533.20;-81.27
536.13;-81.51
539.06;-81.59
541.99;-81.59
544.92;-81.82
547.85;-82.29
550.78;-82.37
553.71;-82.37
556.64;-82.53
559.57;-82.84
562.50;-82.84
565.43;-82.84
568.36;-83.15
571.29;-83.46
574.22;-83.54
577.15;-83.78
580.08;-83.93
583.01;-83.93
585.94;-84.09
588.87;-84.40
591.80;-84.48
594.73;-84.24
597.66;-84.71
600.59;-84.71
603.52;-84.87
606.45;-85.26
609.38;-85.34
612.30;-85.26
615.23;-85.42
618.16;-85.57
621.09;-85.65
624.02;-86.12
626.95;-86.35
629.88;-86.35
632.81;-86.28
635.74;-86.43
638.67;-86.59
641.60;-86.74
644.53;-87.14
647.46;-87.45
650.39;-87.45
653.32;-87.53
656.25;-87.84
659.18;-88.15
662.11;-88.00
665.04;-88.15
667.97;-88.23
670.90;-88.31
673.83;-88.46
676.76;-88.46
679.69;-88.54
682.62;-88.54
685.55;-88.78
688.48;-88.93
691.41;-89.17
694.34;-89.40
697.27;-89.71
700.20;-89.95
703.13;-89.95
706.05;-90.18
708.98;-90.18
711.91;-90.11
714.84;-90.50
717.77;-90.42
720.70;-90.18
723.63;-90.65
726.56;-90.57
729.49;-90.73
732.42;-90.96
735.35;-91.12
738.28;-91.43
741.21;-91.36
744.14;-91.51
747.07;-91.67
750.00;-91.59
752.93;-91.75
755.86;-92.06
758.79;-92.21
761.72;-92.37
764.65;-92.61
767.58;-92.61
770.51;-92.76
773.44;-93.00
776.37;-93.39
779.30;-93.39
782.23;-93.47
785.16;-93.54
788.09;-93.62
791.02;-93.86
793.95;-93.54
796.88;-93.86
799.80;-93.93
802.73;-93.93
805.66;-94.17
808.59;-94.17
811.52;-94.32
814.45;-94.48
817.38;-94.56
820.31;-94.48
823.24;-94.64
826.17;-94.72
829.10;-95.11
832.03;-95.18
834.96;-95.42
837.89;-95.42
840.82;-95.26
843.75;-95.50
846.68;-95.97
849.61;-95.97
852.54;-96.12
855.47;-96.28
858.40;-96.20
861.33;-96.36
864.26;-96.28
867.19;-96.04
870.12;-96.28
873.05;-96.67
875.98;-96.67
878.91;-96.83
881.84;-96.90
884.77;-97.22
887.70;-97.37
890.63;-97.37
893.55;-97.37
896.48;-97.61
899.41;-98.08
902.34;-98.00
905.27;-97.84
908.20;-97.92
911.13;-97.92
914.06;-97.92
916.99;-98.15
919.92;-98.31
922.85;-98.70
925.78;-98.62
928.71;-98.78
931.64;-98.86
934.57;-98.86
937.50;-99.01
940.43;-99.17
943.36;-99.09
946.29;-99.25
949.22;-99.33
952.15;-99.64
955.08;-99.64
958.01;-99.72
960.94;-99.95
963.87;-99.95
966.80;-100.03
969.73;-100.03
972.66;-100.11
975.59;-100.34
978.52;-100.65
981.45;-100.58
984.38;-100.50
987.30;-100.65
990.23;-100.73
993.16;-100.81
996.09;-101.12
999.02;-101.20
1001.95;-101.20
1004.88;-101.28
1007.81;-101.44
1010.74;-101.67
1013.67;-101.67
1016.60;-101.67
1019.53;-101.67
1022.46;-101.67
1025.39;-101.83
1028.32;-102.06
1031.25;-102.22
1034.18;-102.22
1037.11;-102.30
1040.04;-102.22
1042.97;-102.37
1045.90;-102.76
1048.83;-103.00
1051.76;-103.16
1054.69;-102.84
1057.62;-102.84
1060.55;-103.08
1063.48;-103.08
1066.41;-103.08
1069.34;-103.23
1072.27;-103.47
1075.20;-103.70
1078.13;-103.55
1081.05;-103.70
1083.98;-103.86
1086.91;-103.94
1089.84;-103.94
1092.77;-104.09
1095.70;-104.17
1098.63;-104.25
1101.56;-104.09
1104.49;-104.25
1107.42;-104.41
1110.35;-104.64
1113.28;-104.95
1116.21;-104.64
1119.14;-104.80
1122.07;-105.11
1125.00;-104.95
1127.93;-104.87
1130.86;-105.26
1133.79;-105.50
1136.72;-105.58
1139.65;-105.50
1142.58;-105.19
1145.51;-105.58
1148.44;-106.05
1151.37;-105.81
1154.30;-105.81
1157.23;-106.12
1160.16;-105.97
1163.09;-105.73
1166.02;-106.12
1168.95;-106.36
1171.88;-106.28
1174.80;-106.28
1177.73;-106.28
1180.66;-106.44
1183.59;-106.67
1186.52;-106.67
1189.45;-106.91
1192.38;-106.83
1195.31;-107.06
1198.24;-106.91
1201.17;-106.83
1204.10;-107.06
1207.03;-107.37
1209.96;-107.61
1212.89;-107.77
1215.82;-107.53
1218.75;-107.69
1221.68;-107.61
1224.61;-107.61
1227.54;-107.69
1230.47;-107.77
1233.40;-108.16
1236.33;-108.55
1239.26;-108.47
1242.19;-108.08
1245.12;-108.47
1248.05;-108.55
1250.98;-108.31
1253.91;-108.23
1256.84;-108.39
1259.77;-108.63
1262.70;-108.63
1265.63;-108.94
1268.55;-108.70
1271.48;-108.78
1274.41;-109.09
1277.34;-109.33
1280.27;-109.48
1283.20;-109.56
1286.13;-109.48
1289.06;-109.41
1291.99;-109.56
1294.92;-109.80
1297.85;-109.72
1300.78;-109.80
1303.71;-109.95
1306.64;-109.88
1309.57;-109.64
1312.50;-109.95
1315.43;-110.27
1318.36;-110.11
1321.29;-110.11
1324.22;-110.34
1327.15;-110.42
1330.08;-110.58
1333.01;-110.42
1335.94;-110.42
1338.87;-110.42
1341.80;-110.66
1344.73;-110.74
1347.66;-110.89
1350.59;-110.89
1353.52;-111.20
1356.45;-111.20
1359.38;-111.13
1362.30;-111.05
1365.23;-111.13
1368.16;-111.13
1371.09;-111.44
1374.02;-111.36
1376.95;-111.52
1379.88;-111.52
1382.81;-111.52
1385.74;-111.59
1388.67;-111.67
1391.60;-111.75
1394.53;-111.83
1397.46;-111.75
1400.39;-111.75
1403.32;-112.14
1406.25;-112.06
1409.18;-112.22
1412.11;-112.14
1415.04;-112.06
1417.97;-112.14
1420.90;-112.45
1423.83;-112.61
1426.76;-112.53
1429.69;-112.53
1432.62;-112.53
1435.55;-112.45
1438.48;-112.45
1441.41;-112.77
1444.34;-112.92
1447.27;-113.00
1450.20;-112.92
1453.13;-113.08
1456.05;-113.08
1458.98;-113.24
1461.91;-113.24
1464.84;-113.39
1467.77;-113.31
1470.70;-113.24
1473.63;-113.24
1476.56;-113.39
1479.49;-113.55
1482.42;-113.47
1485.35;-113.47
1488.28;-113.70
1491.21;-113.78
1494.14;-113.86
1497.07;-113.78
1500.00;-113.78
1502.93;-113.86
1505.86;-114.10
1508.79;-114.17
1511.72;-114.25
1514.65;-114.41
1517.58;-114.49
1520.51;-114.17
1523.44;-114.10
1526.37;-114.10
1529.30;-114.25
1532.23;-114.41
1535.16;-114.56
1538.09;-114.64
1541.02;-114.56
1543.95;-114.56
1546.88;-114.72
1549.80;-114.88
1552.73;-114.80
1555.66;-114.88
1558.59;-114.88
1561.52;-114.72
1564.45;-115.03
1567.38;-114.88
1570.31;-114.95
1573.24;-115.11
1576.17;-115.11
1579.10;-115.11
1582.03;-115.03
1584.96;-115.35
1587.89;-115.42
1590.82;-115.42
1593.75;-115.66
1596.68;-115.50
1599.61;-115.42
1602.54;-115.58
1605.47;-115.66
1608.40;-115.42
1611.33;-115.89
1614.26;-116.13
1617.19;-116.21
1620.12;-115.97
1623.05;-115.81
1625.98;-115.81
1628.91;-115.81
1631.84;-115.97
1634.77;-116.13
1637.70;-116.05
1640.63;-116.21
1643.55;-116.13
1646.48;-115.89
1649.41;-115.97
1652.34;-116.05
1655.27;-116.13
1658.20;-116.21
1661.13;-116.52
1664.06;-116.52
1666.99;-116.60
1669.92;-116.60
1672.85;-116.67
1675.78;-116.60
1678.71;-116.75
1681.64;-116.67
1684.57;-116.83
1687.50;-116.60
1690.43;-116.67
1693.36;-116.67
1696.29;-117.06
1699.22;-117.06
1702.15;-116.99
1705.08;-116.83
1708.01;-117.06
1710.94;-117.22
1713.87;-117.14
1716.80;-116.91
1719.73;-117.14
1722.66;-117.14
1725.59;-117.14
1728.52;-117.14
1731.45;-117.22
1734.38;-117.46
1737.30;-117.53
1740.23;-117.46
1743.16;-117.77
1746.09;-117.53
1749.02;-117.06
1751.95;-117.38
1754.88;-117.53
1757.81;-117.69
1760.74;-117.77
1763.67;-117.69
1766.60;-117.69
1769.53;-117.69
1772.46;-117.77
1775.39;-117.61
1778.32;-117.61
1781.25;-117.69
1784.18;-117.69
1787.11;-117.53
1790.04;-117.69
1792.97;-117.53
1795.90;-117.61
1798.83;-117.92
1801.76;-117.92
1804.69;-117.92
1807.62;-118.00
1810.55;-117.92
1813.48;-117.69
1816.41;-117.92
1819.34;-117.92
1822.27;-117.85
1825.20;-117.92
1828.13;-118.16
1831.05;-117.92
1833.98;-117.85
1836.91;-117.92
1839.84;-118.16
1842.77;-118.08
1845.70;-118.08
1848.63;-118.08
1851.56;-118.24
1854.49;-118.08
1857.42;-118.16
1860.35;-118.39
1863.28;-118.39
1866.21;-118.24
1869.14;-118.16
1872.07;-118.39
1875.00;-118.39
1877.93;-118.32
1880.86;-118.24
1883.79;-118.16
1886.72;-118.32
1889.65;-118.39
1892.58;-118.39
1895.51;-118.24
1898.44;-118.24
1901.37;-118.32
1904.30;-118.32
1907.23;-118.39
1910.16;-118.39
1913.09;-118.63
1916.02;-118.39
1918.95;-116.91
1921.88;-117.38
1924.80;-118.71
1927.73;-118.86
1930.66;-118.71
1933.59;-118.39
1936.52;-118.71
1939.45;-118.71
1942.38;-118.78
1945.31;-118.63
1948.24;-118.47
1951.17;-118.47
1954.10;-118.71
1957.03;-118.71
1959.96;-118.55
1962.89;-118.55
1965.82;-118.39
1968.75;-118.39
1971.68;-118.55
1974.61;-118.71
1977.54;-118.47
1980.47;-118.55
1983.40;-118.86
1986.33;-118.86
1989.26;-118.47
1992.19;-118.47
1995.12;-118.78
1998.05;-118.47
2000.98;-118.08
2003.91;-118.55
2006.84;-118.78
2009.77;-119.02
2012.70;-118.94
2015.63;-118.71
2018.55;-118.55
2021.48;-118.71
2024.41;-118.71
2027.34;-118.86
2030.27;-119.02
2033.20;-118.86
2036.13;-118.86
2039.06;-118.86
2041.99;-119.02
2044.92;-118.78
2047.85;-118.71
2050.78;-118.39
2053.71;-118.71
2056.64;-119.02
2059.57;-118.94
2062.50;-118.94
2065.43;-118.78
2068.36;-118.78
2071.29;-118.78
2074.22;-118.86
2077.15;-118.86
2080.08;-118.86
2083.01;-118.94
2085.94;-118.94
2088.87;-119.10
2091.80;-119.10
2094.73;-119.02
2097.66;-119.10
2100.59;-118.71
2103.52;-118.71
2106.45;-118.86
2109.38;-119.02
2112.30;-119.17
2115.23;-118.94
2118.16;-119.02
2121.09;-119.02
2124.02;-118.86
2126.95;-118.86
2129.88;-118.94
2132.81;-118.94
2135.74;-119.17
2138.67;-119.10
2141.60;-119.02
2144.53;-119.10
2147.46;-119.02
2150.39;-118.86
2153.32;-119.10
2156.25;-118.39
2159.18;-115.74
2162.11;-116.91
2165.04;-119.02
2167.97;-119.10
2170.90;-119.25
2173.83;-119.17
2176.76;-119.02
2179.69;-118.78
2182.62;-118.86
2185.55;-119.02
2188.48;-118.86
2191.41;-119.10
2194.34;-119.10
2197.27;-119.10
2200.20;-119.02
2203.13;-118.86
2206.05;-119.02
2208.98;-119.02
2211.91;-119.02
2214.84;-118.86
2217.77;-118.86
2220.70;-119.25
2223.63;-119.17
2226.56;-119.02
2229.49;-119.17
2232.42;-119.33
2235.35;-119.17
2238.28;-119.10
2241.21;-119.10
2244.14;-119.02
2247.07;-118.63
2250.00;-118.71
2252.93;-118.94
2255.86;-119.10
2258.79;-119.17
2261.72;-118.94
2264.65;-118.78
2267.58;-119.02
2270.51;-118.86
2273.44;-118.71
2276.37;-118.78
2279.30;-118.94
2282.23;-118.94
2285.16;-118.94
2288.09;-118.86
2291.02;-118.78
2293.95;-119.02
2296.88;-119.25
2299.80;-119.25
2302.73;-119.02
2305.66;-118.86
2308.59;-118.86
2311.52;-118.86
2314.45;-118.86
2317.38;-118.71
2320.31;-118.94
2323.24;-119.10
2326.17;-119.10
2329.10;-119.10
2332.03;-118.94
2334.96;-119.10
2337.89;-119.02
2340.82;-118.78
2343.75;-118.86
2346.68;-118.94
2349.61;-118.94
2352.54;-118.94
2355.47;-118.71
2358.40;-119.02
2361.33;-119.02
2364.26;-118.55
2367.19;-118.63
2370.12;-118.78
2373.05;-118.78
2375.98;-118.78
2378.91;-118.86
2381.84;-119.02
2384.77;-118.78
2387.70;-118.78
2390.63;-118.86
2393.55;-118.94
2396.48;-118.32
2399.41;-114.95
2402.34;-116.67
2405.27;-118.63
2408.20;-118.63
2411.13;-118.71
2414.06;-118.71
2416.99;-118.94
2419.92;-118.71
2422.85;-118.71
2425.78;-118.63
2428.71;-118.71
2431.64;-118.47
2434.57;-118.55
2437.50;-118.86
2440.43;-118.78
2443.36;-118.55
2446.29;-118.78
2449.22;-119.02
2452.15;-119.02
2455.08;-118.63
2458.01;-118.63
2460.94;-118.71
2463.87;-118.86
2466.80;-118.78
2469.73;-118.55
2472.66;-118.55
2475.59;-118.55
2478.52;-118.71
2481.45;-118.63
2484.38;-118.71
2487.30;-118.47
2490.23;-118.47
2493.16;-118.39
2496.09;-118.47
2499.02;-118.32
2501.95;-118.32
2504.88;-118.78
2507.81;-118.78
2510.74;-118.63
2513.67;-118.55
2516.60;-118.47
2519.53;-118.71
2522.46;-118.78
2525.39;-118.39
2528.32;-118.47
2531.25;-118.71
2534.18;-118.55
2537.11;-118.55
2540.04;-118.71
2542.97;-118.78
2545.90;-118.55
2548.83;-118.63
2551.76;-118.78
2554.69;-118.55
2557.62;-118.55
2560.55;-118.16
2563.48;-118.16
2566.41;-118.39
2569.34;-118.24
2572.27;-118.39
2575.20;-118.55
2578.13;-118.63
2581.05;-118.55
2583.98;-118.55
2586.91;-118.63
2589.84;-118.71
2592.77;-118.55
2595.70;-118.39
2598.63;-118.32
2601.56;-118.47
2604.49;-118.63
2607.42;-118.32
2610.35;-118.47
2613.28;-118.55
2616.21;-118.55
2619.14;-118.32
2622.07;-118.39
2625.00;-118.63
2627.93;-118.63
2630.86;-118.63
2633.79;-118.39
2636.72;-117.46
2639.65;-115.35
2642.58;-117.22
2645.51;-118.39
2648.44;-118.55
2651.37;-118.63
2654.30;-118.24
2657.23;-118.32
2660.16;-118.32
2663.09;-118.32
2666.02;-118.47
2668.95;-118.24
2671.88;-118.24
2674.80;-118.39
2677.73;-118.32
2680.66;-118.39
2683.59;-118.24
2686.52;-118.39
2689.45;-118.24
2692.38;-118.32
2695.31;-118.24
2698.24;-118.16
2701.17;-118.16
2704.10;-118.24
2707.03;-118.16
2709.96;-118.16
2712.89;-118.24
2715.82;-118.08
2718.75;-118.32
2721.68;-118.24
2724.61;-118.16
2727.54;-118.08
2730.47;-117.92
2733.40;-117.77
2736.33;-117.92
2739.26;-118.32
2742.19;-118.32
2745.12;-118.08
2748.05;-118.24
2750.98;-118.32
2753.91;-118.16
2756.84;-118.08
2759.77;-118.08
2762.70;-118.00
2765.63;-118.24
2768.55;-118.39
2771.48;-118.47
2774.41;-118.32
2777.34;-118.08
2780.27;-118.00
2783.20;-118.32
2786.13;-118.08
2789.06;-117.85
2791.99;-118.24
2794.92;-118.24
2797.85;-117.92
2800.78;-117.77
2803.71;-117.77
2806.64;-117.77
2809.57;-117.92
2812.50;-117.85
2815.43;-117.92
2818.36;-118.24
2821.29;-118.16
2824.22;-117.92
2827.15;-117.92
2830.08;-117.92
2833.01;-118.00
2835.94;-117.92
2838.87;-117.92
2841.80;-118.00
2844.73;-118.32
2847.66;-118.00
2850.59;-117.85
2853.52;-117.85
2856.45;-117.69
2859.38;-117.69
2862.30;-117.77
2865.23;-117.77
2868.16;-117.61
2871.09;-117.61
2874.02;-117.77
2876.95;-117.61
2879.88;-116.75
2882.81;-117.53
2885.74;-117.61
2888.67;-117.53
2891.60;-118.00
2894.53;-118.00
2897.46;-117.85
2900.39;-117.61
2903.32;-117.85
2906.25;-117.46
2909.18;-117.53
2912.11;-117.92
2915.04;-117.92
2917.97;-117.77
2920.90;-118.08
2923.83;-117.77
2926.76;-117.69
2929.69;-117.61
2932.62;-117.92
2935.55;-117.92
2938.48;-117.61
2941.41;-117.77
2944.34;-117.77
2947.27;-117.69
2950.20;-117.69
2953.13;-117.69
2956.05;-117.61
2958.98;-117.61
2961.91;-117.77
2964.84;-117.77
2967.77;-118.08
2970.70;-118.00
2973.63;-117.53
2976.56;-117.53
2979.49;-117.61
2982.42;-117.46
2985.35;-117.61
2988.28;-117.53
2991.21;-117.69
2994.14;-117.46
2997.07;-117.22
3000.00;-116.91
3002.93;-117.22
3005.86;-117.46
3008.79;-117.38
3011.72;-117.77
3014.65;-118.00
3017.58;-117.85
3020.51;-117.61
3023.44;-117.46
3026.37;-117.46
3029.30;-117.46
3032.23;-117.30
3035.16;-117.46
3038.09;-117.30
3041.02;-117.53
3043.95;-117.46
3046.88;-117.46
3049.80;-117.69
3052.73;-117.38
3055.66;-117.61
3058.59;-117.53
3061.52;-117.53
3064.45;-117.53
3067.38;-117.30
3070.31;-117.38
3073.24;-117.77
3076.17;-117.85
3079.10;-117.38
3082.03;-117.38
3084.96;-117.46
3087.89;-117.14
3090.82;-116.83
3093.75;-117.22
3096.68;-117.38
3099.61;-117.46
3102.54;-117.46
3105.47;-117.30
3108.40;-117.53
3111.33;-117.38
3114.26;-117.30
3117.19;-117.53
3120.12;-117.14
3123.05;-117.38
3125.98;-117.30
3128.91;-117.46
3131.84;-117.30
3134.77;-117.38
3137.70;-117.38
3140.63;-117.22
3143.55;-117.22
3146.48;-117.38
3149.41;-117.53
3152.34;-117.30
3155.27;-116.99
3158.20;-117.14
3161.13;-117.22
3164.06;-117.22
3166.99;-117.14
3169.92;-117.30
3172.85;-117.30
3175.78;-117.38
3178.71;-117.30
3181.64;-117.22
3184.57;-117.46
3187.50;-117.30
3190.43;-117.38
3193.36;-117.22
3196.29;-116.99
3199.22;-117.30
3202.15;-117.22
3205.08;-117.30
3208.01;-116.99
3210.94;-116.99
3213.87;-117.14
3216.80;-117.14
3219.73;-116.99
3222.66;-116.99
3225.59;-116.83
3228.52;-116.99
3231.45;-117.22
3234.38;-117.30
3237.30;-116.99
3240.23;-116.83
3243.16;-116.99
3246.09;-117.06
3249.02;-117.30
3251.95;-117.14
3254.88;-117.06
3257.81;-116.99
3260.74;-117.06
3263.67;-117.14
3266.60;-117.06
3269.53;-117.14
3272.46;-116.99
3275.39;-116.75
3278.32;-117.06
3281.25;-117.06
3284.18;-116.99
3287.11;-117.06
3290.04;-116.99
3292.97;-116.99
3295.90;-117.22
3298.83;-116.99
3301.76;-116.83
3304.69;-116.99
3307.62;-117.06
3310.55;-116.99
3313.48;-116.83
3316.41;-116.52
3319.34;-116.83
3322.27;-117.22
3325.20;-117.22
3328.13;-116.91
3331.05;-116.83
3333.98;-116.99
3336.91;-117.14
3339.84;-117.22
3342.77;-116.83
3345.70;-116.67
3348.63;-116.67
3351.56;-116.75
3354.49;-116.83
3357.42;-116.83
3360.35;-116.52
3363.28;-116.67
3366.21;-116.67
3369.14;-116.75
3372.07;-116.67
3375.00;-116.91
3377.93;-116.75
3380.86;-116.75
3383.79;-116.99
3386.72;-116.83
3389.65;-116.83
3392.58;-116.75
3395.51;-116.75
3398.44;-116.75
3401.37;-116.52
3404.30;-116.67
3407.23;-116.83
3410.16;-116.83
3413.09;-116.83
3416.02;-116.60
3418.95;-116.28
3421.88;-116.44
3424.80;-116.99
3427.73;-116.91
3430.66;-116.67
3433.59;-116.75
3436.52;-116.52
3439.45;-116.67
3442.38;-116.36
3445.31;-116.44
3448.24;-117.06
3451.17;-116.75
3454.10;-116.75
3457.03;-116.83
3459.96;-116.67
3462.89;-116.75
3465.82;-116.91
3468.75;-116.91
3471.68;-116.75
3474.61;-116.52
3477.54;-116.36
3480.47;-116.28
3483.40;-116.44
3486.33;-116.52
3489.26;-116.44
3492.19;-116.21
3495.12;-116.52
3498.05;-116.83
3500.98;-116.75
3503.91;-116.44
3506.84;-116.52
3509.77;-116.44
3512.70;-116.28
3515.63;-116.52
3518.55;-116.67
3521.48;-116.60
3524.41;-116.83
3527.34;-116.75
3530.27;-116.52
3533.20;-116.44
3536.13;-116.52
3539.06;-116.28
3541.99;-116.28
3544.92;-116.44
3547.85;-116.60
3550.78;-116.36
3553.71;-116.52
3556.64;-116.67
3559.57;-116.60
3562.50;-116.60
3565.43;-116.44
3568.36;-116.44
3571.29;-116.44
3574.22;-116.13
3577.15;-116.28
3580.08;-116.52
3583.01;-116.52
3585.94;-116.28
3588.87;-116.44
3591.80;-116.44
3594.73;-116.36
3597.66;-115.97
3600.59;-115.50
3603.52;-116.21
3606.45;-116.28
3609.38;-116.21
3612.30;-116.36
3615.23;-116.36
3618.16;-116.13
3621.09;-115.97
3624.02;-116.28
3626.95;-116.36
3629.88;-116.44
3632.81;-116.44
3635.74;-116.60
3638.67;-116.60
3641.60;-116.52
3644.53;-116.36
3647.46;-116.36
3650.39;-116.13
3653.32;-116.28
3656.25;-116.21
3659.18;-116.21
3662.11;-116.05
3665.04;-116.13
3667.97;-116.44
3670.90;-116.21
3673.83;-116.21
3676.76;-116.44
3679.69;-116.28
3682.62;-116.36
3685.55;-116.28
3688.48;-116.28
3691.41;-116.13
3694.34;-116.13
3697.27;-116.21
3700.20;-116.44
3703.13;-116.52
3706.05;-116.28
3708.98;-116.13
3711.91;-116.13
3714.84;-116.28
3717.77;-116.13
3720.70;-116.13
3723.63;-116.28
3726.56;-116.28
3729.49;-116.13
3732.42;-116.21
3735.35;-116.21
3738.28;-116.21
3741.21;-116.21
3744.14;-116.36
3747.07;-116.44
3750.00;-116.36
3752.93;-116.44
3755.86;-116.28
3758.79;-115.89
3761.72;-115.81
3764.65;-116.21
3767.58;-116.21
3770.51;-116.21
3773.44;-116.28
3776.37;-116.13
3779.30;-115.74
3782.23;-115.50
3785.16;-115.81
3788.09;-116.05
3791.02;-116.13
3793.95;-115.74
3796.88;-115.58
3799.80;-115.81
3802.73;-116.13
3805.66;-116.21
3808.59;-115.97
3811.52;-116.05
3814.45;-116.05
3817.38;-116.28
3820.31;-116.05
3823.24;-115.97
3826.17;-116.13
3829.10;-115.97
3832.03;-115.81
3834.96;-115.81
3837.89;-115.19
3840.82;-114.64
3843.75;-115.81
3846.68;-115.89
3849.61;-115.97
3852.54;-115.66
3855.47;-115.74
3858.40;-115.89
3861.33;-115.74
3864.26;-115.74
3867.19;-115.66
3870.12;-115.81
3873.05;-115.97
3875.98;-115.97
3878.91;-115.97
3881.84;-115.81
3884.77;-115.74
3887.70;-115.66
3890.63;-115.74
3893.55;-115.89
3896.48;-115.97
3899.41;-115.74
3902.34;-115.50
3905.27;-115.74
3908.20;-115.81
3911.13;-115.97
3914.06;-115.89
3916.99;-115.89
3919.92;-115.74
3922.85;-115.50
3925.78;-115.50
3928.71;-115.66
3931.64;-115.97
3934.57;-116.05
3937.50;-115.42
3940.43;-115.27
3943.36;-115.35
3946.29;-115.42
3949.22;-115.50
3952.15;-115.58
3955.08;-115.66
3958.01;-115.66
3960.94;-115.58
3963.87;-115.50
3966.80;-115.66
3969.73;-115.66
3972.66;-115.66
3975.59;-115.66
3978.52;-115.81
3981.45;-115.74
3984.38;-115.50
3987.30;-115.42
3990.23;-115.27
3993.16;-115.58
3996.09;-115.50
3999.02;-115.35
4001.95;-115.42
4004.88;-115.27
4007.81;-115.66
4010.74;-115.74
4013.67;-115.35
4016.60;-115.27
4019.53;-115.27
4022.46;-115.58
4025.39;-115.50
4028.32;-115.81
4031.25;-115.58
4034.18;-115.35
4037.11;-115.27
4040.04;-115.42
4042.97;-115.74
4045.90;-115.66
4048.83;-115.35
4051.76;-115.35
4054.69;-115.42
4057.62;-115.66
4060.55;-115.50
4063.48;-115.35
4066.41;-115.27
4069.34;-115.42
4072.27;-115.35
4075.20;-115.50
4078.13;-114.41
4081.05;-113.94
4083.98;-115.03
4086.91;-115.27
4089.84;-115.35
4092.77;-115.58
4095.70;-115.42
4098.63;-115.35
4101.56;-115.35
4104.49;-115.42
4107.42;-115.35
4110.35;-115.35
4113.28;-115.50
4116.21;-115.35
4119.14;-115.42
4122.07;-115.19
4125.00;-115.35
4127.93;-115.42
4130.86;-115.35
4133.79;-115.35
4136.72;-115.27
4139.65;-115.27
4142.58;-115.50
4145.51;-115.66
4148.44;-115.50
4151.37;-115.19
4154.30;-115.11
4157.23;-115.11
4160.16;-115.27
4163.09;-115.35
4166.02;-115.35
4168.95;-115.03
4171.88;-115.11
4174.80;-115.27
4177.73;-115.35
4180.66;-115.35
4183.59;-115.42
4186.52;-115.19
4189.45;-115.11
4192.38;-114.95
4195.31;-115.03
4198.24;-115.27
4201.17;-115.27
4204.10;-115.19
4207.03;-115.27
4209.96;-115.50
4212.89;-115.50
4215.82;-115.03
4218.75;-114.72
4221.68;-114.95
4224.61;-115.19
4227.54;-115.27
4230.47;-115.19
4233.40;-114.88
4236.33;-114.95
4239.26;-115.03
4242.19;-114.95
4245.12;-114.95
4248.05;-114.95
4250.98;-115.11
4253.91;-115.19
4256.84;-115.11
4259.77;-115.03
4262.70;-115.03
4265.63;-115.11
4268.55;-115.03
4271.48;-115.27
4274.41;-115.35
4277.34;-115.27
4280.27;-115.27
4283.20;-115.19
4286.13;-115.19
4289.06;-115.03
4291.99;-115.19
4294.92;-114.95
4297.85;-115.11
4300.78;-115.03
4303.71;-114.80
4306.64;-114.88
4309.57;-114.95
4312.50;-114.95
4315.43;-115.03
4318.36;-114.64
4321.29;-114.64
4324.22;-115.03
4327.15;-114.80
4330.08;-115.11
4333.01;-115.11
4335.94;-115.03
4338.87;-115.19
4341.80;-115.11
4344.73;-114.95
4347.66;-114.80
4350.59;-115.11
4353.52;-115.11
4356.45;-114.64
4359.38;-114.49
4362.30;-114.80
4365.23;-114.88
4368.16;-114.88
4371.09;-114.88
4374.02;-115.03
4376.95;-114.88
4379.88;-114.64
4382.81;-114.95
4385.74;-114.95
4388.67;-114.80
4391.60;-115.03
4394.53;-115.03
4397.46;-114.95
4400.39;-114.80
4403.32;-114.64
4406.25;-114.80
4409.18;-114.72
4412.11;-115.11
4415.04;-114.88
4417.97;-114.56
4420.90;-114.80
4423.83;-114.95
4426.76;-114.80
4429.69;-114.95
4432.62;-114.72
4435.55;-114.72
4438.48;-114.64
4441.41;-114.64
4444.34;-114.64
4447.27;-114.56
4450.20;-114.56
4453.13;-114.64
4456.05;-114.64
4458.98;-114.80
4461.91;-115.03
4464.84;-114.80
4467.77;-114.64
4470.70;-114.72
4473.63;-114.80
4476.56;-114.49
4479.49;-114.64
4482.42;-114.72
4485.35;-114.72
4488.28;-114.49
4491.21;-114.72
4494.14;-114.72
4497.07;-114.56
4500.00;-114.64
4502.93;-114.56
4505.86;-114.72
4508.79;-114.49
4511.72;-114.56
4514.65;-114.72
4517.58;-114.72
4520.51;-114.80
4523.44;-114.72
4526.37;-114.72
4529.30;-114.88
4532.23;-114.56
4535.16;-114.56
4538.09;-114.56
4541.02;-114.80
4543.95;-114.72
4546.88;-114.80
4549.80;-114.49
4552.73;-114.49
4555.66;-114.56
4558.59;-114.17
4561.52;-114.10
4564.45;-114.72
4567.38;-114.49
4570.31;-114.25
4573.24;-114.33
4576.17;-114.25
4579.10;-114.56
4582.03;-114.64
4584.96;-114.49
4587.89;-114.33
4590.82;-114.33
4593.75;-114.25
4596.68;-114.49
4599.61;-114.72
4602.54;-114.64
4605.47;-114.64
4608.40;-114.80
4611.33;-114.72
4614.26;-114.41
4617.19;-114.17
4620.12;-114.17
4623.05;-114.49
4625.98;-114.41
4628.91;-114.25
4631.84;-114.33
4634.77;-114.10
4637.70;-114.33
4640.63;-114.25
4643.55;-114.17
4646.48;-114.10
4649.41;-114.33
4652.34;-114.41
4655.27;-114.25
4658.20;-114.49
4661.13;-114.80
4664.06;-114.64
4666.99;-114.33
4669.92;-114.17
4672.85;-114.49
4675.78;-114.33
4678.71;-114.10
4681.64;-114.17
4684.57;-114.10
4687.50;-114.25
4690.43;-114.25
4693.36;-114.02
4696.29;-114.02
4699.22;-114.56
4702.15;-114.49
4705.08;-114.25
4708.01;-114.41
4710.94;-114.33
4713.87;-114.17
4716.80;-113.78
4719.73;-114.02
4722.66;-114.33
4725.59;-114.72
4728.52;-114.25
4731.45;-114.10
4734.38;-114.49
4737.30;-114.25
4740.23;-114.02
4743.16;-114.02
4746.09;-114.41
4749.02;-114.41
4751.95;-114.02
4754.88;-114.33
4757.81;-114.41
4760.74;-114.49
4763.67;-114.17
4766.60;-113.78
4769.53;-113.86
4772.46;-114.17
4775.39;-114.10
4778.32;-114.10
4781.25;-114.10
4784.18;-113.94
4787.11;-114.10
4790.04;-114.10
4792.97;-114.10
4795.90;-114.17
4798.83;-113.94
4801.76;-113.86
4804.69;-113.86
4807.62;-113.86
4810.55;-113.86
4813.48;-113.94
4816.41;-113.86
4819.34;-113.70
4822.27;-114.02
4825.20;-114.17
4828.13;-114.02
4831.05;-113.94
4833.98;-113.78
4836.91;-113.70
4839.84;-113.70
4842.77;-114.10
4845.70;-114.17
4848.63;-114.25
4851.56;-113.94
4854.49;-113.94
4857.42;-113.94
4860.35;-113.78
4863.28;-113.63
4866.21;-113.86
4869.14;-114.02
4872.07;-114.10
4875.00;-114.10
4877.93;-114.17
4880.86;-113.86
4883.79;-113.55
4886.72;-113.78
4889.65;-114.33
4892.58;-114.17
4895.51;-113.94
4898.44;-113.70
4901.37;-113.55
4904.30;-113.94
4907.23;-113.94
4910.16;-113.78
4913.09;-113.94
4916.02;-113.86
4918.95;-113.78
4921.88;-113.55
4924.80;-113.47
4927.73;-113.70
4930.66;-113.94
4933.59;-113.94
4936.52;-113.94
4939.45;-113.78
4942.38;-113.86
4945.31;-113.94
4948.24;-113.39
4951.17;-113.47
4954.10;-113.47
4957.03;-113.63
4959.96;-113.86
4962.89;-113.78
4965.82;-113.70
4968.75;-113.70
4971.68;-113.70
4974.61;-113.70
4977.54;-113.63
4980.47;-113.55
4983.40;-113.70
4986.33;-113.63
4989.26;-113.70
4992.19;-113.63
4995.12;-113.47
4998.05;-113.70
5000.98;-113.86
5003.91;-113.78
5006.84;-113.47
5009.77;-113.31
5012.70;-113.70
5015.63;-113.55
5018.55;-113.39
5021.48;-113.94
5024.41;-113.78
5027.34;-113.78
5030.27;-113.86
5033.20;-113.86
5036.13;-113.55
5039.06;-113.47
5041.99;-113.39
5044.92;-113.47
5047.85;-113.55
5050.78;-113.78
5053.71;-113.70
5056.64;-113.63
5059.57;-113.47
5062.50;-113.55
5065.43;-113.63
5068.36;-113.39
5071.29;-113.47
5074.22;-113.63
5077.15;-113.63
5080.08;-113.47
5083.01;-113.70
5085.94;-113.78
5088.87;-113.63
5091.80;-113.63
5094.73;-113.78
5097.66;-113.70
5100.59;-113.47
5103.52;-113.63
5106.45;-113.70
5109.38;-113.55
5112.30;-113.70
5115.23;-113.47
5118.16;-113.31
5121.09;-113.55
5124.02;-113.47
5126.95;-113.55
5129.88;-113.63
5132.81;-113.78
5135.74;-113.70
5138.67;-113.63
5141.60;-113.39
5144.53;-113.24
5147.46;-113.39
5150.39;-113.47
5153.32;-113.70
5156.25;-113.86
5159.18;-113.55
5162.11;-113.55
5165.04;-113.39
5167.97;-113.24
5170.90;-113.31
5173.83;-113.39
5176.76;-113.24
5179.69;-113.31
5182.62;-113.63
5185.55;-113.55
5188.48;-113.16
5191.41;-113.16
5194.34;-113.31
5197.27;-113.16
5200.20;-113.16
5203.13;-113.16
5206.05;-113.16
5208.98;-113.16
5211.91;-113.24
5214.84;-113.47
5217.77;-113.24
5220.70;-112.84
5223.63;-113.00
5226.56;-113.16
5229.49;-113.08
5232.42;-113.16
5235.35;-113.31
5238.28;-113.24
5241.21;-113.08
5244.14;-113.39
5247.07;-113.55
5250.00;-113.00
5252.93;-113.00
5255.86;-113.24
5258.79;-113.08
5261.72;-113.24
5264.65;-113.24
5267.58;-113.39
5270.51;-113.16
5273.44;-113.24
5276.37;-113.08
5279.30;-113.16
5282.23;-113.16
5285.16;-113.08
5288.09;-113.24
5291.02;-113.16
5293.95;-113.55
5296.88;-113.31
5299.80;-113.16
5302.73;-113.00
5305.66;-112.92
5308.59;-112.92
5311.52;-112.92
5314.45;-113.08
5317.38;-113.08
5320.31;-113.00
5323.24;-112.92
5326.17;-113.16
5329.10;-113.16
5332.03;-113.16
5334.96;-113.31
5337.89;-113.31
5340.82;-113.16
5343.75;-113.16
5346.68;-113.16
5349.61;-113.24
5352.54;-113.24
5355.47;-113.08
5358.40;-113.00
5361.33;-112.92
5364.26;-113.08
5367.19;-113.08
5370.12;-113.00
5373.05;-113.16
5375.98;-113.24
5378.91;-113.31
5381.84;-113.16
5384.77;-112.92
5387.70;-112.92
5390.63;-112.84
5393.55;-112.92
5396.48;-113.16
5399.41;-113.39
5402.34;-113.16
5405.27;-112.92
5408.20;-112.92
5411.13;-112.84
5414.06;-112.84
5416.99;-113.00
5419.92;-113.08
5422.85;-113.00
5425.78;-112.92
5428.71;-112.77
5431.64;-113.00
5434.57;-112.92
5437.50;-112.84
5440.43;-113.00
5443.36;-112.84
5446.29;-112.69
5449.22;-112.92
5452.15;-112.69
5455.08;-112.84
5458.01;-112.77
5460.94;-112.77
5463.87;-112.84
5466.80;-113.00
5469.73;-113.16
5472.66;-113.00
5475.59;-112.84
5478.52;-112.77
5481.45;-113.08
5484.38;-113.16
5487.30;-113.00
5490.23;-113.08
5493.16;-113.00
5496.09;-113.08
5499.02;-113.00
5501.95;-112.92
5504.88;-112.84
5507.81;-113.00
5510.74;-113.08
5513.67;-112.77
5516.60;-112.45
5519.53;-112.06
5522.46;-112.69
5525.39;-113.00
5528.32;-112.92
5531.25;-113.08
5534.18;-112.84
5537.11;-112.84
5540.04;-112.84
5542.97;-112.84
5545.90;-113.16
5548.83;-112.84
5551.76;-112.77
5554.69;-112.92
5557.62;-113.16
5560.55;-112.84
5563.48;-112.77
5566.41;-112.84
5569.34;-112.92
5572.27;-113.00
5575.20;-113.16
5578.13;-112.92
5581.05;-112.61
5583.98;-112.61
5586.91;-112.61
5589.84;-112.77
5592.77;-112.84
5595.70;-112.77
5598.63;-112.69
5601.56;-112.45
5604.49;-112.77
5607.42;-112.53
5610.35;-112.53
5613.28;-112.69
5616.21;-112.77
5619.14;-113.00
5622.07;-113.00
5625.00;-112.84
5627.93;-112.92
5630.86;-112.69
5633.79;-112.61
5636.72;-112.53
5639.65;-112.77
5642.58;-113.16
5645.51;-113.16
5648.44;-112.69
5651.37;-112.61
5654.30;-112.45
5657.23;-112.53
5660.16;-112.53
5663.09;-112.61
5666.02;-112.69
5668.95;-112.84
5671.88;-112.84
5674.80;-112.77
5677.73;-112.61
5680.66;-112.53
5683.59;-112.61
5686.52;-112.77
5689.45;-112.61
5692.38;-112.61
5695.31;-112.45
5698.24;-112.77
5701.17;-112.38
5704.10;-112.53
5707.03;-112.69
5709.96;-112.53
5712.89;-112.53
5715.82;-112.53
5718.75;-112.77
5721.68;-112.77
5724.61;-112.84
5727.54;-112.38
5730.47;-112.53
5733.40;-112.61
5736.33;-112.53
5739.26;-112.53
5742.19;-112.61
5745.12;-112.61
5748.05;-112.45
5750.98;-112.38
5753.91;-112.38
5756.84;-112.38
5759.77;-111.99
5762.70;-112.30
5765.63;-112.61
5768.55;-112.53
5771.48;-112.69
5774.41;-112.69
5777.34;-112.77
5780.27;-112.61
5783.20;-112.38
5786.13;-112.22
5789.06;-112.61
5791.99;-112.69
5794.92;-112.45
5797.85;-112.77
5800.78;-112.84
5803.71;-112.69
5806.64;-112.61
5809.57;-112.38
5812.50;-112.45
5815.43;-112.45
5818.36;-112.45
5821.29;-112.53
5824.22;-112.38
5827.15;-112.14
5830.08;-112.14
5833.01;-112.45
5835.94;-112.53
5838.87;-112.61
5841.80;-112.53
5844.73;-112.45
5847.66;-112.53
5850.59;-112.61
5853.52;-112.38
5856.45;-112.38
5859.38;-112.45
5862.30;-112.45
5865.23;-112.45
5868.16;-112.30
5871.09;-112.06
5874.02;-112.22
5876.95;-112.38
5879.88;-112.38
5882.81;-112.61
5885.74;-112.30
5888.67;-112.14
5891.60;-112.30
5894.53;-112.45
5897.46;-112.45
5900.39;-112.38
5903.32;-112.22
5906.25;-111.99
5909.18;-111.99
5912.11;-112.14
5915.04;-112.06
5917.97;-112.45
5920.90;-112.30
5923.83;-112.14
5926.76;-112.06
5929.69;-112.30
5932.62;-112.38
5935.55;-112.14
5938.48;-112.53
5941.41;-112.77
5944.34;-112.38
5947.27;-112.22
5950.20;-112.38
5953.13;-112.38
5956.05;-112.38
5958.98;-112.38
5961.91;-112.61
5964.84;-112.30
5967.77;-112.38
5970.70;-112.38
5973.63;-112.38
5976.56;-112.53
5979.49;-112.38
5982.42;-111.99
5985.35;-112.14
5988.28;-111.91
5991.21;-111.75
5994.14;-111.91
5997.07;-111.91
6000.00;-111.67
6002.93;-111.91
6005.86;-112.06
6008.79;-111.99
6011.72;-112.06
6014.65;-111.91
6017.58;-112.06
6020.51;-112.22
6023.44;-112.38
6026.37;-112.30
6029.30;-111.83
6032.23;-111.83
6035.16;-112.30
6038.09;-112.30
6041.02;-112.06
6043.95;-111.83
6046.88;-112.06
6049.80;-111.99
6052.73;-112.06
6055.66;-112.06
6058.59;-111.91
6061.52;-111.83
6064.45;-111.99
6067.38;-112.06
6070.31;-111.99
6073.24;-111.83
6076.17;-112.22
6079.10;-112.22
6082.03;-112.22
6084.96;-112.14
6087.89;-112.06
6090.82;-112.06
6093.75;-112.14
6096.68;-112.30
6099.61;-112.06
6102.54;-111.75
6105.47;-111.75
6108.40;-111.99
6111.33;-112.14
6114.26;-111.83
6117.19;-111.83
6120.12;-111.99
6123.05;-112.14
6125.98;-112.22
6128.91;-112.14
6131.84;-112.14
6134.77;-112.06
6137.70;-111.99
6140.63;-112.06
6143.55;-112.06
6146.48;-111.99
6149.41;-112.06
6152.34;-112.06
6155.27;-112.30
6158.20;-112.14
6161.13;-112.22
6164.06;-111.83
6166.99;-111.83
6169.92;-111.67
6172.85;-111.83
6175.78;-111.83
6178.71;-111.59
6181.64;-111.59
6184.57;-111.91
6187.50;-111.91
6190.43;-111.99
6193.36;-111.91
6196.29;-111.67
6199.22;-111.44
6202.15;-111.91
6205.08;-111.91
6208.01;-111.91
6210.94;-111.59
6213.87;-111.59
6216.80;-111.99
6219.73;-111.83
6222.66;-111.91
6225.59;-111.91
6228.52;-111.83
6231.45;-111.67
6234.38;-111.52
6237.30;-111.44
6240.23;-111.59
6243.16;-111.59
6246.09;-111.91
6249.02;-111.83
6251.95;-111.52
6254.88;-111.44
6257.81;-111.52
6260.74;-111.44
6263.67;-111.36
6266.60;-111.75
6269.53;-111.99
6272.46;-111.91
6275.39;-111.83
6278.32;-111.83
6281.25;-111.52
6284.18;-111.52
6287.11;-111.52
6290.04;-111.67
6292.97;-111.75
6295.90;-111.67
6298.83;-111.67
6301.76;-111.91
6304.69;-111.83
6307.62;-111.52
6310.55;-111.59
6313.48;-111.75
6316.41;-111.83
6319.34;-111.91
6322.27;-111.67
6325.20;-111.52
6328.13;-111.59
6331.05;-111.59
6333.98;-111.52
6336.91;-111.52
6339.84;-111.67
6342.77;-111.75
6345.70;-111.67
6348.63;-111.59
6351.56;-111.52
6354.49;-111.52
6357.42;-111.83
6360.35;-111.83
6363.28;-111.59
6366.21;-111.59
6369.14;-111.52
6372.07;-111.44
6375.00;-111.52
6377.93;-111.67
6380.86;-111.75
6383.79;-111.44
6386.72;-111.44
6389.65;-111.36
6392.58;-111.52
6395.51;-111.59
6398.44;-111.59
6401.37;-111.44
6404.30;-111.44
6407.23;-111.52
6410.16;-111.44
6413.09;-111.44
6416.02;-111.52
6418.95;-111.52
6421.88;-111.52
6424.80;-111.52
6427.73;-111.59
6430.66;-111.44
6433.59;-111.52
6436.52;-111.52
6439.45;-111.52
6442.38;-111.59
6445.31;-111.52
6448.24;-111.44
6451.17;-111.67
6454.10;-111.59
6457.03;-111.59
6459.96;-111.75
6462.89;-111.67
6465.82;-111.44
6468.75;-111.36
6471.68;-111.36
6474.61;-111.36
6477.54;-111.36
6480.47;-111.44
6483.40;-111.36
6486.33;-111.28
6489.26;-111.28
6492.19;-111.28
6495.12;-111.13
6498.05;-111.28
6500.98;-111.44
6503.91;-111.28
6506.84;-111.05
6509.77;-111.05
6512.70;-111.13
6515.63;-110.97
6518.55;-111.05
6521.48;-111.52
6524.41;-111.59
6527.34;-111.36
6530.27;-111.67
6533.20;-111.83
6536.13;-111.36
6539.06;-111.05
6541.99;-111.20
6544.92;-111.52
6547.85;-111.59
6550.78;-111.52
6553.71;-111.36
6556.64;-111.44
6559.57;-111.44
6562.50;-111.44
6565.43;-111.59
6568.36;-111.20
6571.29;-111.20
6574.22;-111.28
6577.15;-111.20
6580.08;-111.36
6583.01;-111.52
6585.94;-111.28
6588.87;-111.36
6591.80;-111.20
6594.73;-111.36
6597.66;-111.52
6600.59;-111.28
6603.52;-111.28
6606.45;-111.05
6609.38;-111.05
6612.30;-110.97
6615.23;-111.05
6618.16;-111.20
6621.09;-111.28
6624.02;-111.20
6626.95;-111.20
6629.88;-111.05
6632.81;-110.97
6635.74;-111.20
6638.67;-110.97
6641.60;-111.13
6644.53;-111.20
6647.46;-111.36
6650.39;-111.13
6653.32;-111.05
6656.25;-111.13
6659.18;-111.05
6662.11;-111.13
6665.04;-111.20
6667.97;-111.36
6670.90;-111.20
6673.83;-111.13
6676.76;-111.36
6679.69;-111.20
6682.62;-111.13
6685.55;-111.28
6688.48;-111.28
6691.41;-111.13
6694.34;-110.97
6697.27;-110.97
6700.20;-110.97
6703.13;-110.81
6706.05;-111.05
6708.98;-111.36
6711.91;-111.28
6714.84;-111.36
6717.77;-111.36
6720.70;-111.13
6723.63;-111.05
6726.56;-111.05
6729.49;-111.05
6732.42;-111.05
6735.35;-111.13
6738.28;-111.28
6741.21;-111.20
6744.14;-111.05
6747.07;-111.05
6750.00;-111.13
6752.93;-111.20
6755.86;-111.13
6758.79;-111.05
6761.72;-110.89
6764.65;-110.97
6767.58;-111.05
6770.51;-111.20
6773.44;-111.44
6776.37;-111.28
6779.30;-111.28
6782.23;-110.97
6785.16;-110.97
6788.09;-110.89
6791.02;-111.05
6793.95;-110.89
6796.88;-110.89
6799.80;-111.13
6802.73;-111.13
6805.66;-111.05
6808.59;-110.97
6811.52;-110.89
6814.45;-111.05
6817.38;-111.20
6820.31;-111.05
6823.24;-110.97
6826.17;-110.74
6829.10;-110.97
6832.03;-111.05
6834.96;-111.05
6837.89;-110.97
6840.82;-110.97
6843.75;-110.74
6846.68;-111.05
6849.61;-111.13
6852.54;-111.13
6855.47;-111.28
6858.40;-110.89
6861.33;-110.89
6864.26;-111.05
6867.19;-110.89
6870.12;-110.81
6873.05;-111.13
6875.98;-111.13
6878.91;-111.13
6881.84;-110.89
6884.77;-110.89
6887.70;-110.97
6890.63;-110.81
6893.55;-110.81
6896.48;-110.89
6899.41;-110.81
6902.34;-111.28
6905.27;-111.36
6908.20;-110.97
6911.13;-110.81
6914.06;-110.58
6916.99;-110.58
6919.92;-110.81
6922.85;-110.58
6925.78;-110.81
6928.71;-110.81
6931.64;-110.58
6934.57;-110.89
6937.50;-110.66
6940.43;-110.89
6943.36;-111.05
6946.29;-110.89
6949.22;-111.05
6952.15;-111.05
6955.08;-111.20
6958.01;-110.97
6960.94;-110.81
6963.87;-110.58
6966.80;-110.34
6969.73;-110.66
6972.66;-110.74
6975.59;-110.81
6978.52;-110.81
6981.45;-111.05
6984.38;-111.05
6987.30;-111.05
6990.23;-110.89
6993.16;-110.58
6996.09;-110.74
6999.02;-110.34
7001.95;-110.11
7004.88;-110.58
7007.81;-110.74
7010.74;-110.74
7013.67;-110.58
7016.60;-110.50
7019.53;-110.50
7022.46;-110.81
7025.39;-110.97
7028.32;-110.81
7031.25;-110.58
7034.18;-110.81
7037.11;-110.66
7040.04;-110.66
7042.97;-110.66
7045.90;-110.81
7048.83;-110.97
7051.76;-110.89
7054.69;-110.74
7057.62;-110.66
7060.55;-110.81
7063.48;-110.97
7066.41;-110.74
7069.34;-110.66
7072.27;-110.74
7075.20;-110.42
7078.13;-110.74
7081.05;-110.89
7083.98;-110.81
7086.91;-110.74
7089.84;-110.27
7092.77;-110.58
7095.70;-110.81
7098.63;-110.66
7101.56;-110.66
7104.49;-110.74
7107.42;-110.66
7110.35;-110.66
7113.28;-110.74
7116.21;-110.66
7119.14;-110.58
7122.07;-110.50
7125.00;-110.66
7127.93;-110.58
7130.86;-110.58
7133.79;-110.81
7136.72;-110.74
7139.65;-110.66
7142.58;-110.66
7145.51;-110.89
7148.44;-110.66
7151.37;-110.66
7154.30;-110.42
7157.23;-110.58
7160.16;-110.81
7163.09;-110.74
7166.02;-110.66
7168.95;-110.81
7171.88;-110.81
7174.80;-110.50
7177.73;-110.58
7180.66;-110.66
7183.59;-110.66
7186.52;-110.50
7189.45;-110.50
7192.38;-110.81
7195.31;-110.58
7198.24;-110.50
7201.17;-110.50
7204.10;-110.74
7207.03;-110.81
7209.96;-110.74
7212.89;-110.66
7215.82;-110.50
7218.75;-110.50
7221.68;-110.66
7224.61;-110.34
7227.54;-110.27
7230.47;-110.50
7233.40;-110.34
7236.33;-110.58
7239.26;-110.50
7242.19;-110.42
7245.12;-110.58
7248.05;-110.42
7250.98;-110.34
7253.91;-110.27
7256.84;-110.58
7259.77;-110.42
7262.70;-110.42
7265.63;-110.27
7268.55;-110.42
7271.48;-110.42
7274.41;-110.19
7277.34;-110.42
7280.27;-110.42
7283.20;-110.50
7286.13;-110.58
7289.06;-110.42
7291.99;-110.34
7294.92;-110.42
7297.85;-110.42
7300.78;-110.50
7303.71;-110.50
7306.64;-110.50
7309.57;-110.50
7312.50;-110.42
7315.43;-110.81
7318.36;-110.50
7321.29;-110.19
7324.22;-110.34
7327.15;-110.27
7330.08;-110.34
7333.01;-110.27
7335.94;-110.50
7338.87;-110.66
7341.80;-110.42
7344.73;-110.42
7347.66;-110.27
7350.59;-110.50
7353.52;-110.58
7356.45;-110.50
7359.38;-110.74
7362.30;-110.58
7365.23;-110.34
7368.16;-110.50
7371.09;-110.50
7374.02;-110.58
7376.95;-110.58
7379.88;-110.19
7382.81;-110.27
7385.74;-110.42
7388.67;-110.58
7391.60;-110.50
7394.53;-110.27
7397.46;-110.42
7400.39;-110.42
7403.32;-110.19
7406.25;-109.95
7409.18;-110.34
7412.11;-110.58
7415.04;-110.34
7417.97;-110.19
7420.90;-110.42
7423.83;-110.42
7426.76;-110.42
7429.69;-110.58
7432.62;-110.42
7435.55;-110.11
7438.48;-109.88
7441.41;-110.03
7444.34;-110.11
7447.27;-110.19
7450.20;-110.19
7453.13;-110.27
7456.05;-110.11
7458.98;-110.11
7461.91;-109.88
7464.84;-109.88
7467.77;-109.88
7470.70;-110.27
7473.63;-110.27
7476.56;-110.27
7479.49;-110.27
7482.42;-110.19
7485.35;-110.11
7488.28;-110.27
7491.21;-110.27
7494.14;-110.19
7497.07;-110.03
7500.00;-109.80
7502.93;-109.80
7505.86;-110.27
7508.79;-110.11
7511.72;-109.88
7514.65;-110.11
7517.58;-110.03
7520.51;-110.19
7523.44;-110.42
7526.37;-110.19
7529.30;-110.27
7532.23;-110.03
7535.16;-110.11
7538.09;-110.19
7541.02;-110.19
7543.95;-110.19
7546.88;-110.19
7549.80;-110.19
7552.73;-110.03
7555.66;-109.95
7558.59;-110.11
7561.52;-110.11
7564.45;-110.42
7567.38;-110.27
7570.31;-110.03
7573.24;-109.88
7576.17;-110.03
7579.10;-110.27
7582.03;-110.27
7584.96;-110.27
7587.89;-110.27
7590.82;-110.19
7593.75;-110.19
7596.68;-110.27
7599.61;-109.88
7602.54;-110.03
7605.47;-110.11
7608.40;-110.03
7611.33;-109.95
7614.26;-110.19
7617.19;-110.03
7620.12;-110.19
7623.05;-110.19
7625.98;-110.19
7628.91;-110.34
7631.84;-109.95
7634.77;-110.03
7637.70;-110.11
7640.63;-110.19
7643.55;-110.19
7646.48;-110.11
7649.41;-110.19
7652.34;-110.27
7655.27;-109.88
7658.20;-109.88
7661.13;-110.19
7664.06;-110.34
7666.99;-110.34
7669.92;-110.27
7672.85;-110.11
7675.78;-109.95
7678.71;-110.03
7681.64;-110.11
7684.57;-110.11
7687.50;-110.03
7690.43;-109.88
7693.36;-110.03
7696.29;-109.95
7699.22;-109.95
7702.15;-110.19
7705.08;-110.27
7708.01;-109.88
7710.94;-109.95
7713.87;-110.03
7716.80;-109.95
7719.73;-109.95
7722.66;-110.11
7725.59;-109.95
7728.52;-109.72
7731.45;-110.11
7734.38;-110.42
7737.30;-110.34
7740.23;-109.95
7743.16;-109.95
7746.09;-110.19
7749.02;-110.03
7751.95;-109.80
7754.88;-109.95
7757.81;-110.11
7760.74;-110.19
7763.67;-109.88
7766.60;-109.95
7769.53;-109.88
7772.46;-110.11
7775.39;-109.88
7778.32;-110.03
7781.25;-110.27
7784.18;-110.03
7787.11;-110.19
7790.04;-110.27
7792.97;-109.95
7795.90;-109.80
7798.83;-109.80
7801.76;-109.95
7804.69;-109.95
7807.62;-109.95
7810.55;-109.88
7813.48;-110.03
7816.41;-110.27
7819.34;-110.11
7822.27;-109.95
7825.20;-109.72
7828.13;-109.72
7831.05;-109.80
7833.98;-109.64
7836.91;-109.72
7839.84;-109.88
7842.77;-109.95
7845.70;-109.80
7848.63;-109.72
7851.56;-109.80
7854.49;-109.88
7857.42;-109.88
7860.35;-109.80
7863.28;-109.95
7866.21;-110.03
7869.14;-109.95
7872.07;-110.03
7875.00;-110.03
7877.93;-110.03
7880.86;-109.88
7883.79;-109.88
7886.72;-110.03
7889.65;-110.03
7892.58;-109.88
7895.51;-109.72
7898.44;-109.95
7901.37;-109.95
7904.30;-110.03
7907.23;-109.72
7910.16;-109.88
7913.09;-109.80
7916.02;-109.64
7918.95;-109.80
7921.88;-109.95
7924.80;-109.95
7927.73;-109.95
7930.66;-109.72
7933.59;-110.03
7936.52;-110.03
7939.45;-109.80
7942.38;-109.72
7945.31;-109.95
7948.24;-110.03
7951.17;-110.11
7954.10;-109.80
7957.03;-109.88
7959.96;-109.80
7962.89;-109.95
7965.82;-110.03
7968.75;-110.03
7971.68;-109.88
7974.61;-109.80
7977.54;-109.88
7980.47;-109.72
7983.40;-109.72
7986.33;-109.56
7989.26;-109.56
7992.19;-109.95
7995.12;-110.27
7998.05;-109.48
8000.98;-108.86
8003.91;-109.41
8006.84;-109.88
8009.77;-109.80
8012.70;-109.48
8015.63;-109.64
8018.55;-109.88
8021.48;-109.95
8024.41;-109.95
8027.34;-109.95
8030.27;-109.95
8033.20;-110.19
8036.13;-109.88
8039.06;-109.72
8041.99;-109.80
8044.92;-109.64
8047.85;-109.80
8050.78;-109.95
8053.71;-109.95
8056.64;-110.03
8059.57;-109.88
8062.50;-109.72
8065.43;-109.95
8068.36;-110.11
8071.29;-109.88
8074.22;-109.56
8077.15;-109.88
8080.08;-109.88
8083.01;-109.95
8085.94;-109.95
8088.87;-110.03
8091.80;-110.03
8094.73;-109.72
8097.66;-109.56
8100.59;-109.64
8103.52;-109.80
8106.45;-109.80
8109.38;-109.72
8112.30;-109.88
8115.23;-109.88
8118.16;-110.11
8121.09;-109.80
8124.02;-109.48
8126.95;-109.56
8129.88;-109.88
8132.81;-109.80
8135.74;-109.64
8138.67;-109.88
8141.60;-109.72
8144.53;-109.72
8147.46;-109.64
8150.39;-109.33
8153.32;-109.48
8156.25;-109.80
8159.18;-109.64
8162.11;-109.80
8165.04;-109.80
8167.97;-109.88
8170.90;-109.72
8173.83;-109.88
8176.76;-109.80
8179.69;-109.80
8182.62;-109.48
8185.55;-109.56
8188.48;-109.72
8191.41;-109.64
8194.34;-109.48
8197.27;-109.72
8200.20;-109.72
8203.13;-109.72
8206.05;-109.80
8208.98;-109.72
8211.91;-109.72
8214.84;-109.88
8217.77;-109.72
8220.70;-109.64
8223.63;-109.56
8226.56;-109.72
8229.49;-110.11
8232.42;-109.95
8235.35;-109.64
8238.28;-109.64
8241.21;-109.64
8244.14;-109.72
8247.07;-109.72
8250.00;-109.64
8252.93;-109.72
8255.86;-109.80
8258.79;-109.88
8261.72;-109.95
8264.65;-109.88
8267.58;-109.72
8270.51;-109.80
8273.44;-109.72
8276.37;-109.41
8279.30;-109.48
8282.23;-109.41
8285.16;-109.80
8288.09;-109.48
8291.02;-109.33
8293.95;-109.41
8296.88;-109.64
8299.80;-109.72
8302.73;-109.56
8305.66;-109.80
8308.59;-109.95
8311.52;-109.72
8314.45;-109.56
8317.38;-109.56
8320.31;-109.80
8323.24;-109.88
8326.17;-109.64
8329.10;-109.80
8332.03;-109.72
8334.96;-109.64
8337.89;-109.56
8340.82;-109.64
8343.75;-109.80
8346.68;-109.80
8349.61;-109.80
8352.54;-109.64
8355.47;-109.64
8358.40;-109.48
8361.33;-109.72
8364.26;-109.88
8367.19;-109.80
8370.12;-109.56
8373.05;-109.72
8375.98;-109.56
8378.91;-109.80
8381.84;-109.48
8384.77;-109.48
8387.70;-109.48
8390.63;-109.48
8393.55;-109.33
8396.48;-109.48
8399.41;-109.41
8402.34;-109.64
8405.27;-109.80
8408.20;-110.03
8411.13;-109.48
8414.06;-109.41
8416.99;-109.41
8419.92;-109.41
8422.85;-109.56
8425.78;-109.41
8428.71;-109.64
8431.64;-109.48
8434.57;-109.41
8437.50;-109.41
8440.43;-109.41
8443.36;-109.17
8446.29;-109.33
8449.22;-109.48
8452.15;-109.48
8455.08;-109.41
8458.01;-109.64
8460.94;-109.33
8463.87;-109.48
8466.80;-109.56
8469.73;-109.72
8472.66;-109.56
8475.59;-109.72
8478.52;-109.48
8481.45;-109.41
8484.38;-109.64
8487.30;-109.64
8490.23;-109.56
8493.16;-109.33
8496.09;-109.48
8499.02;-109.48
8501.95;-109.41
8504.88;-109.41
8507.81;-109.72
8510.74;-109.88
8513.67;-109.48
8516.60;-109.25
8519.53;-109.41
8522.46;-109.33
8525.39;-109.56
8528.32;-109.17
8531.25;-109.02
8534.18;-109.64
8537.11;-109.72
8540.04;-109.48
8542.97;-109.48
8545.90;-109.56
8548.83;-109.72
8551.76;-109.72
8554.69;-109.80
8557.62;-109.64
8560.55;-109.25
8563.48;-109.41
8566.41;-109.48
8569.34;-109.56
8572.27;-109.25
8575.20;-109.25
8578.13;-109.48
8581.05;-109.09
8583.98;-109.33
8586.91;-109.33
8589.84;-109.33
8592.77;-109.41
8595.70;-109.33
8598.63;-109.33
8601.56;-109.56
8604.49;-109.33
8607.42;-109.48
8610.35;-109.41
8613.28;-109.48
8616.21;-109.64
8619.14;-109.41
8622.07;-109.41
8625.00;-109.33
8627.93;-109.64
8630.86;-109.80
8633.79;-109.56
8636.72;-109.64
8639.65;-109.56
8642.58;-109.48
8645.51;-109.17
8648.44;-109.48
8651.37;-109.41
8654.30;-109.48
8657.23;-109.72
8660.16;-109.56
8663.09;-109.33
8666.02;-109.02
8668.95;-109.33
8671.88;-109.48
8674.80;-109.56
8677.73;-109.48
8680.66;-109.41
8683.59;-109.33
8686.52;-109.41
8689.45;-109.41
8692.38;-109.48
8695.31;-109.56
8698.24;-109.48
8701.17;-109.41
8704.10;-109.33
8707.03;-109.33
8709.96;-109.64
8712.89;-109.41
8715.82;-109.25
8718.75;-109.48
8721.68;-109.72
8724.61;-109.48
8727.54;-109.33
8730.47;-109.33
8733.40;-109.41
8736.33;-109.48
8739.26;-109.33
8742.19;-109.33
8745.12;-109.41
8748.05;-109.33
8750.98;-109.56
8753.91;-109.56
8756.84;-109.41
8759.77;-109.33
8762.70;-109.25
8765.63;-109.48
8768.55;-109.72
8771.48;-109.48
8774.41;-109.41
8777.34;-109.25
8780.27;-109.25
8783.20;-109.41
8786.13;-109.56
8789.06;-109.64
8791.99;-109.48
8794.92;-109.25
8797.85;-109.17
8800.78;-109.17
8803.71;-109.33
8806.64;-109.33
8809.57;-109.25
8812.50;-109.09
8815.43;-109.09
8818.36;-109.33
8821.29;-109.25
8824.22;-109.41
8827.15;-109.41
8830.08;-109.33
8833.01;-109.09
8835.94;-109.17
8838.87;-109.09
8841.80;-109.09
8844.73;-109.25
8847.66;-109.25
8850.59;-109.25
8853.52;-109.48
8856.45;-109.41
8859.38;-109.25
8862.30;-109.17
8865.23;-109.25
8868.16;-109.48
8871.09;-109.48
8874.02;-109.33
8876.95;-109.48
8879.88;-109.09
8882.81;-109.41
8885.74;-109.41
8888.67;-109.48
8891.60;-109.25
8894.53;-109.25
8897.46;-109.41
8900.39;-109.41
8903.32;-109.25
8906.25;-108.94
8909.18;-109.02
8912.11;-109.25
8915.04;-109.33
8917.97;-109.33
8920.90;-109.33
8923.83;-109.33
8926.76;-109.17
8929.69;-109.48
8932.62;-109.41
8935.55;-109.56
8938.48;-109.41
8941.41;-109.41
8944.34;-109.41
8947.27;-109.17
8950.20;-109.33
8953.13;-109.33
8956.05;-109.25
8958.98;-109.09
8961.91;-109.09
8964.84;-109.17
8967.77;-109.25
8970.70;-109.25
8973.63;-109.25
8976.56;-109.09
8979.49;-109.25
8982.42;-109.17
8985.35;-109.25
8988.28;-109.33
8991.21;-109.48
8994.14;-109.56
8997.07;-108.94
9000.00;-108.86
9002.93;-109.41
9005.86;-109.33
9008.79;-109.33
9011.72;-109.41
9014.65;-109.56
9017.58;-109.56
9020.51;-109.33
9023.44;-109.25
9026.37;-109.41
9029.30;-109.41
9032.23;-109.25
9035.16;-109.02
9038.09;-109.17
9041.02;-109.33
9043.95;-109.41
9046.88;-109.48
9049.80;-109.17
9052.73;-108.94
9055.66;-109.09
9058.59;-109.25
9061.52;-109.17
9064.45;-109.48
9067.38;-109.48
9070.31;-109.33
9073.24;-109.17
9076.17;-109.17
9079.10;-109.17
9082.03;-109.25
9084.96;-109.09
9087.89;-109.09
9090.82;-109.25
9093.75;-109.17
9096.68;-109.33
9099.61;-109.02
9102.54;-109.25
9105.47;-109.41
9108.40;-109.33
9111.33;-109.02
9114.26;-108.78
9117.19;-109.25
9120.12;-109.25
9123.05;-109.09
9125.98;-108.94
9128.91;-108.86
9131.84;-108.94
9134.77;-109.25
9137.70;-109.41
9140.63;-109.41
9143.55;-109.09
9146.48;-108.86
9149.41;-108.94
9152.34;-109.09
9155.27;-109.33
9158.20;-109.33
9161.13;-108.94
9164.06;-109.02
9166.99;-109.09
9169.92;-108.94
9172.85;-108.86
9175.78;-108.94
9178.71;-109.09
9181.64;-109.17
9184.57;-109.17
9187.50;-109.41
9190.43;-109.41
9193.36;-109.09
9196.29;-109.17
9199.22;-109.41
9202.15;-109.25
9205.08;-108.94
9208.01;-108.94
9210.94;-109.02
9213.87;-109.09
9216.80;-109.33
9219.73;-109.09
9222.66;-109.02
9225.59;-109.09
9228.52;-108.94
9231.45;-109.25
9234.38;-109.17
9237.30;-109.48
9240.23;-109.17
9243.16;-109.17
9246.09;-108.94
9249.02;-108.94
9251.95;-109.09
9254.88;-108.94
9257.81;-109.17
9260.74;-109.09
9263.67;-109.33
9266.60;-109.33
9269.53;-109.17
9272.46;-109.33
9275.39;-109.25
9278.32;-109.02
9281.25;-108.78
9284.18;-108.86
9287.11;-108.94
9290.04;-109.02
9292.97;-109.33
9295.90;-109.48
9298.83;-109.25
9301.76;-109.17
9304.69;-109.02
9307.62;-109.02
9310.55;-108.86
9313.48;-109.02
9316.41;-109.41
9319.34;-109.09
9322.27;-108.86
9325.20;-109.02
9328.13;-109.09
9331.05;-109.25
9333.98;-109.09
9336.91;-109.02
9339.84;-108.86
9342.77;-108.78
9345.70;-108.94
9348.63;-108.78
9351.56;-108.78
9354.49;-109.17
9357.42;-109.25
9360.35;-109.02
9363.28;-108.94
9366.21;-109.02
9369.14;-109.41
9372.07;-109.25
9375.00;-108.94
9377.93;-109.02
9380.86;-109.02
9383.79;-108.94
9386.72;-109.02
9389.65;-109.25
9392.58;-109.41
9395.51;-109.33
9398.44;-109.02
9401.37;-109.02
9404.30;-109.02
9407.23;-109.02
9410.16;-109.17
9413.09;-108.86
9416.02;-108.86
9418.95;-108.86
9421.88;-108.94
9424.80;-109.09
9427.73;-109.09
9430.66;-109.09
9433.59;-108.70
9436.52;-108.78
9439.45;-109.02
9442.38;-109.02
9445.31;-109.17
9448.24;-109.25
9451.17;-109.17
9454.10;-108.94
9457.03;-108.94
9459.96;-109.02
9462.89;-108.94
9465.82;-109.17
9468.75;-108.86
9471.68;-108.63
9474.61;-108.78
9477.54;-109.02
9480.47;-109.33
9483.40;-109.17
9486.33;-108.86
9489.26;-108.94
9492.19;-108.70
9495.12;-108.78
9498.05;-109.17
9500.98;-109.09
9503.91;-109.09
9506.84;-109.02
9509.77;-108.94
9512.70;-108.86
9515.63;-108.94
9518.55;-109.02
9521.48;-109.02
9524.41;-108.70
9527.34;-108.78
9530.27;-108.94
9533.20;-109.09
9536.13;-108.94
9539.06;-108.86
9541.99;-108.78
9544.92;-108.94
9547.85;-108.78
9550.78;-108.78
9553.71;-108.70
9556.64;-108.78
9559.57;-108.86
9562.50;-108.94
9565.43;-108.94
9568.36;-109.17
9571.29;-109.09
9574.22;-109.02
9577.15;-109.33
9580.08;-109.33
9583.01;-109.41
9585.94;-108.86
9588.87;-108.63
9591.80;-108.86
9594.73;-109.02
9597.66;-108.94
9600.59;-108.78
9603.52;-108.94
9606.45;-109.17
9609.38;-109.02
9612.30;-109.02
9615.23;-108.94
9618.16;-108.94
9621.09;-108.86
9624.02;-108.70
9626.95;-108.78
9629.88;-108.86
9632.81;-109.02
9635.74;-108.86
9638.67;-109.02
9641.60;-109.09
9644.53;-109.02
9647.46;-109.17
9650.39;-109.09
9653.32;-109.09
9656.25;-109.02
9659.18;-108.78
9662.11;-108.70
9665.04;-108.94
9667.97;-109.17
9670.90;-108.94
9673.83;-108.94
9676.76;-108.94
9679.69;-109.25
9682.62;-109.09
9685.55;-109.17
9688.48;-109.09
9691.41;-109.02
9694.34;-108.70
9697.27;-108.39
9700.20;-108.63
9703.13;-108.94
9706.05;-108.94
9708.98;-108.94
9711.91;-108.78
9714.84;-108.86
9717.77;-108.94
9720.70;-109.02
9723.63;-109.09
9726.56;-109.17
9729.49;-109.09
9732.42;-108.86
9735.35;-108.78
9738.28;-108.70
9741.21;-108.70
9744.14;-108.94
9747.07;-109.09
9750.00;-108.94
9752.93;-108.94
9755.86;-108.78
9758.79;-108.94
9761.72;-109.02
9764.65;-108.94
9767.58;-108.70
9770.51;-108.70
9773.44;-108.86
9776.37;-109.09
9779.30;-108.70
9782.23;-108.86
9785.16;-109.02
9788.09;-108.94
9791.02;-108.94
9793.95;-108.86
9796.88;-108.47
9799.80;-108.78
9802.73;-109.02
9805.66;-108.63
9808.59;-108.78
9811.52;-108.94
9814.45;-108.78
9817.38;-109.09
9820.31;-108.94
9823.24;-109.02
9826.17;-109.02
9829.10;-108.94
9832.03;-108.86
9834.96;-108.94
9837.89;-108.94
9840.82;-109.02
9843.75;-108.94
9846.68;-108.94
9849.61;-108.47
9852.54;-108.70
9855.47;-108.94
9858.40;-108.78
9861.33;-108.86
9864.26;-108.86
9867.19;-108.63
9870.12;-108.63
9873.05;-108.70
9875.98;-108.86
9878.91;-108.78
9881.84;-109.09
9884.77;-109.09
9887.70;-108.55
9890.63;-108.63
9893.55;-108.78
9896.48;-108.78
9899.41;-108.86
9902.34;-108.70
9905.27;-108.70
9908.20;-108.70
9911.13;-108.94
9914.06;-108.94
9916.99;-108.39
9919.92;-108.47
9922.85;-108.70
9925.78;-108.78
9928.71;-108.78
9931.64;-109.17
9934.57;-109.02
9937.50;-108.63
9940.43;-108.70
9943.36;-108.70
9946.29;-108.55
9949.22;-108.47
9952.15;-108.78
9955.08;-108.86
9958.01;-108.78
9960.94;-108.55
9963.87;-108.63
9966.80;-108.86
9969.73;-108.94
9972.66;-108.86
9975.59;-108.86
9978.52;-109.02
9981.45;-108.94
9984.38;-108.63
9987.30;-108.70
9990.23;-108.86
9993.16;-109.02
9996.09;-108.78
9999.02;-108.70
10001.95;-108.78
10004.88;-108.94
10007.81;-108.70
10010.74;-108.55
10013.67;-108.78
10016.60;-108.55
10019.53;-108.31
10022.46;-108.47
10025.39;-108.63
10028.32;-108.86
10031.25;-108.86
10034.18;-108.70
10037.11;-108.55
10040.04;-108.47
10042.97;-108.63
10045.90;-108.78
10048.83;-108.86
10051.76;-108.78
10054.69;-108.39
10057.62;-108.47
10060.55;-108.55
10063.48;-108.94
10066.41;-109.09
10069.34;-108.78
10072.27;-108.47
10075.20;-108.78
10078.13;-108.94
10081.05;-108.70
10083.98;-108.39
10086.91;-108.55
10089.84;-108.47
10092.77;-108.55
10095.70;-108.63
10098.63;-108.86
10101.56;-108.94
10104.49;-108.55
10107.42;-108.47
10110.35;-108.55
10113.28;-108.78
10116.21;-108.63
10119.14;-108.55
10122.07;-108.47
10125.00;-108.55
10127.93;-108.78
10130.86;-108.94
10133.79;-108.78
10136.72;-108.78
10139.65;-108.86
10142.58;-108.86
10145.51;-108.63
10148.44;-108.63
10151.37;-108.70
10154.30;-108.55
10157.23;-108.55
10160.16;-108.63
10163.09;-108.39
10166.02;-108.78
10168.95;-108.86
10171.88;-108.86
10174.80;-108.70
10177.73;-108.78
10180.66;-108.86
10183.59;-108.55
10186.52;-108.39
10189.45;-108.23
10192.38;-108.63
10195.31;-109.09
10198.24;-108.94
10201.17;-108.70
10204.10;-108.70
10207.03;-108.63
10209.96;-108.47
10212.89;-108.63
10215.82;-108.70
10218.75;-108.55
10221.68;-108.63
10224.61;-108.63
10227.54;-108.47
10230.47;-108.39
10233.40;-108.31
10236.33;-108.39
10239.26;-108.78
10242.19;-108.86
10245.12;-108.70
10248.05;-108.47
10250.98;-108.31
10253.91;-108.55
10256.84;-108.94
10259.77;-108.31
10262.70;-108.63
10265.63;-108.78
10268.55;-108.55
10271.48;-108.39
10274.41;-108.47
10277.34;-108.39
10280.27;-108.47
10283.20;-108.55
10286.13;-108.86
10289.06;-108.78
10291.99;-108.55
10294.92;-108.47
10297.85;-108.39
10300.78;-108.70
10303.71;-108.70
10306.64;-108.78
10309.57;-108.86
10312.50;-108.78
10315.43;-108.55
10318.36;-108.47
10321.29;-108.31
10324.22;-108.70
10327.15;-108.63
10330.08;-108.63
10333.01;-108.70
10335.94;-108.31
10338.87;-108.63
10341.80;-108.63
10344.73;-108.47
10347.66;-108.63
10350.59;-108.47
10353.52;-108.55
10356.45;-108.78
10359.38;-108.63
10362.30;-108.63
10365.23;-108.47
10368.16;-108.23
10371.09;-108.23
10374.02;-108.47
10376.95;-108.63
10379.88;-108.55
10382.81;-108.70
10385.74;-108.70
10388.67;-108.47
10391.60;-108.55
10394.53;-108.55
10397.46;-108.55
10400.39;-108.55
10403.32;-108.55
10406.25;-108.55
10409.18;-108.55
10412.11;-108.47
10415.04;-108.47
10417.97;-108.47
10420.90;-108.16
10423.83;-108.16
10426.76;-108.31
10429.69;-108.23
10432.62;-108.31
10435.55;-108.55
10438.48;-108.47
10441.41;-108.31
10444.34;-108.39
10447.27;-108.47
10450.20;-108.31
10453.13;-108.23
10456.05;-108.55
10458.98;-108.47
10461.91;-108.55
10464.84;-108.31
10467.77;-108.55
10470.70;-108.47
10473.63;-108.55
10476.56;-108.55
10479.49;-108.55
10482.42;-108.63
10485.35;-108.78
10488.28;-108.55
10491.21;-108.47
10494.14;-108.55
10497.07;-108.39
10500.00;-108.23
10502.93;-108.08
10505.86;-108.47
10508.79;-108.63
10511.72;-108.39
10514.65;-108.31
10517.58;-108.39
10520.51;-108.63
10523.44;-108.23
10526.37;-108.31
10529.30;-108.63
10532.23;-108.55
10535.16;-108.47
10538.09;-108.31
10541.02;-108.47
10543.95;-108.70
10546.88;-108.63
10549.80;-108.39
10552.73;-108.39
10555.66;-108.47
10558.59;-108.39
10561.52;-108.47
10564.45;-108.55
10567.38;-108.55
10570.31;-108.55
10573.24;-108.47
10576.17;-108.16
10579.10;-108.47
10582.03;-108.08
10584.96;-108.16
10587.89;-108.47
10590.82;-108.23
10593.75;-108.23
10596.68;-108.63
10599.61;-108.39
10602.54;-108.23
10605.47;-108.39
10608.40;-108.31
10611.33;-108.47
10614.26;-108.39
10617.19;-108.39
10620.12;-108.47
10623.05;-108.31
10625.98;-108.39
10628.91;-108.31
10631.84;-108.63
10634.77;-108.47
10637.70;-108.23
10640.63;-108.55
10643.55;-108.47
10646.48;-108.23
10649.41;-108.16
10652.34;-108.16
10655.27;-108.16
10658.20;-108.23
10661.13;-108.39
10664.06;-108.31
10666.99;-108.47
10669.92;-108.23
10672.85;-108.23
10675.78;-108.31
10678.71;-108.39
10681.64;-108.39
10684.57;-108.31
10687.50;-108.63
10690.43;-108.47
10693.36;-108.31
10696.29;-108.63
10699.22;-108.31
10702.15;-108.16
10705.08;-108.31
10708.01;-108.55
10710.94;-108.39
10713.87;-108.39
10716.80;-108.39
10719.73;-108.47
10722.66;-108.39
10725.59;-108.47
10728.52;-108.23
10731.45;-107.92
10734.38;-108.23
10737.30;-108.47
10740.23;-108.63
10743.16;-108.31
10746.09;-108.08
10749.02;-108.08
10751.95;-108.23
10754.88;-108.31
10757.81;-108.00
10760.74;-108.08
10763.67;-108.31
10766.60;-108.23
10769.53;-108.23
10772.46;-108.39
10775.39;-108.23
10778.32;-108.16
10781.25;-108.16
10784.18;-108.23
10787.11;-108.31
10790.04;-108.39
10792.97;-108.31
10795.90;-108.16
10798.83;-108.16
10801.76;-108.00
10804.69;-108.08
10807.62;-108.23
10810.55;-108.47
10813.48;-108.39
10816.41;-108.23
10819.34;-108.23
10822.27;-108.31
10825.20;-108.23
10828.13;-108.47
10831.05;-108.63
10833.98;-108.39
10836.91;-108.16
10839.84;-108.00
10842.77;-108.08
10845.70;-108.08
10848.63;-108.16
10851.56;-108.23
10854.49;-108.39
10857.42;-108.39
10860.35;-108.31
10863.28;-108.16
10866.21;-108.16
10869.14;-108.31
10872.07;-108.31
10875.00;-108.23
10877.93;-108.31
10880.86;-108.23
10883.79;-108.23
10886.72;-108.23
10889.65;-108.23
10892.58;-108.31
10895.51;-108.16
10898.44;-108.31
10901.37;-108.16
10904.30;-108.00
10907.23;-108.08
10910.16;-108.08
10913.09;-108.39
10916.02;-108.23
10918.95;-108.23
10921.88;-108.55
10924.80;-108.47
10927.73;-108.16
10930.66;-108.31
10933.59;-108.23
10936.52;-108.00
10939.45;-108.00
10942.38;-108.23
10945.31;-108.08
10948.24;-108.08
10951.17;-108.00
10954.10;-108.16
10957.03;-108.23
10959.96;-108.39
10962.89;-108.39
10965.82;-108.16
10968.75;-108.16
10971.68;-108.23
10974.61;-108.23
10977.54;-108.23
10980.47;-108.31
10983.40;-108.00
10986.33;-107.45
10989.26;-107.92
10992.19;-108.23
10995.12;-108.16
10998.05;-108.00
11000.98;-107.92
11003.91;-108.00
11006.84;-108.00
11009.77;-107.92
11012.70;-107.84
11015.63;-107.92
11018.55;-108.23
11021.48;-108.39
11024.41;-108.00
11027.34;-108.00
11030.27;-108.16
11033.20;-108.31
11036.13;-108.47
11039.06;-108.23
11041.99;-108.31
11044.92;-108.23
11047.85;-108.08
11050.78;-108.08
11053.71;-108.00
11056.64;-108.23
11059.57;-108.16
11062.50;-108.16
11065.43;-108.16
11068.36;-108.00
11071.29;-108.00
11074.22;-108.23
11077.15;-108.55
11080.08;-108.16
11083.01;-108.08
11085.94;-108.08
11088.87;-107.92
11091.80;-108.23
11094.73;-108.16
11097.66;-108.00
11100.59;-107.92
11103.52;-108.08
11106.45;-108.08
11109.38;-108.08
11112.30;-108.08
11115.23;-108.08
11118.16;-108.16
11121.09;-108.23
11124.02;-107.84
11126.95;-107.84
11129.88;-107.92
11132.81;-107.92
11135.74;-108.08
11138.67;-107.84
11141.60;-107.84
11144.53;-108.16
11147.46;-108.08
11150.39;-108.16
11153.32;-108.16
11156.25;-108.00
11159.18;-108.00
11162.11;-108.31
11165.04;-108.23
11167.97;-108.16
11170.90;-107.92
11173.83;-107.77
11176.76;-107.84
11179.69;-108.08
11182.62;-108.08
11185.55;-107.61
11188.48;-107.77
11191.41;-108.16
11194.34;-108.00
11197.27;-108.00
11200.20;-108.39
11203.13;-108.31
11206.05;-108.23
11208.98;-108.16
11211.91;-108.08
11214.84;-108.16
11217.77;-108.23
11220.70;-108.39
11223.63;-108.31
11226.56;-108.08
11229.49;-107.77
11232.42;-107.84
11235.35;-107.69
11238.28;-107.77
11241.21;-108.00
11244.14;-107.77
11247.07;-107.77
11250.00;-107.84
11252.93;-107.84
11255.86;-107.84
11258.79;-107.92
11261.72;-107.84
11264.65;-107.92
11267.58;-107.77
11270.51;-108.00
11273.44;-107.92
11276.37;-107.92
11279.30;-108.00
11282.23;-107.77
11285.16;-107.45
11288.09;-107.53
11291.02;-107.84
11293.95;-108.23
11296.88;-108.00
11299.80;-107.92
11302.73;-108.08
11305.66;-108.00
11308.59;-108.08
11311.52;-107.92
11314.45;-107.84
11317.38;-108.00
11320.31;-108.16
11323.24;-108.08
11326.17;-107.92
11329.10;-107.69
11332.03;-107.61
11334.96;-107.45
11337.89;-107.53
11340.82;-108.08
11343.75;-108.16
11346.68;-107.92
11349.61;-107.84
11352.54;-107.77
11355.47;-107.92
11358.40;-108.00
11361.33;-108.08
11364.26;-108.00
11367.19;-108.00
11370.12;-107.84
11373.05;-107.92
11375.98;-108.16
11378.91;-108.00
11381.84;-107.92
11384.77;-107.77
11387.70;-107.77
11390.63;-107.53
11393.55;-107.61
11396.48;-107.77
11399.41;-107.53
11402.34;-107.77
11405.27;-107.84
11408.20;-107.77
11411.13;-107.69
11414.06;-107.84
11416.99;-108.00
11419.92;-108.08
11422.85;-107.92
11425.78;-107.92
11428.71;-107.77
11431.64;-107.84
11434.57;-108.00
11437.50;-108.00
11440.43;-108.00
11443.36;-107.92
11446.29;-107.77
11449.22;-107.69
11452.15;-107.69
11455.08;-107.84
11458.01;-107.69
11460.94;-107.53
11463.87;-107.77
11466.80;-107.69
11469.73;-107.92
11472.66;-107.84
11475.59;-108.00
11478.52;-107.92
11481.45;-107.84
11484.38;-107.92
11487.30;-107.92
11490.23;-107.92
11493.16;-107.84
11496.09;-107.92
11499.02;-107.84
11501.95;-107.92
11504.88;-108.08
11507.81;-107.92
11510.74;-108.08
11513.67;-108.00
11516.60;-107.92
11519.53;-107.61
11522.46;-107.84
11525.39;-107.92
11528.32;-108.00
11531.25;-107.77
11534.18;-107.77
11537.11;-107.61
11540.04;-107.69
11542.97;-107.77
11545.90;-107.77
11548.83;-107.92
11551.76;-108.00
11554.69;-108.00
11557.62;-108.16
11560.55;-108.00
11563.48;-107.77
11566.41;-107.92
11569.34;-107.84
11572.27;-107.61
11575.20;-107.92
11578.13;-107.92
11581.05;-107.92
11583.98;-108.00
11586.91;-107.84
11589.84;-107.77
11592.77;-107.77
11595.70;-107.92
11598.63;-107.84
11601.56;-107.84
11604.49;-108.08
11607.42;-107.92
11610.35;-107.61
11613.28;-108.00
11616.21;-107.92
11619.14;-107.37
11622.07;-107.45
11625.00;-107.61
11627.93;-107.84
11630.86;-107.69
11633.79;-107.77
11636.72;-107.84
11639.65;-107.77
11642.58;-107.92
11645.51;-107.92
11648.44;-107.84
11651.37;-107.77
11654.30;-107.77
11657.23;-107.84
11660.16;-107.84
11663.09;-107.84
11666.02;-107.61
11668.95;-107.77
11671.88;-107.69
11674.80;-107.69
11677.73;-107.61
11680.66;-107.53
11683.59;-107.61
11686.52;-107.69
11689.45;-107.77
11692.38;-107.69
11695.31;-107.61
11698.24;-107.77
11701.17;-107.69
11704.10;-107.69
11707.03;-107.61
11709.96;-107.77
11712.89;-107.53
11715.82;-107.77
11718.75;-107.61
11721.68;-107.84
11724.61;-107.69
11727.54;-107.53
11730.47;-107.61
11733.40;-107.53
11736.33;-107.84
11739.26;-107.92
11742.19;-107.61
11745.12;-107.92
11748.05;-107.84
11750.98;-107.69
11753.91;-108.00
11756.84;-107.69
11759.77;-107.84
11762.70;-107.77
11765.63;-107.84
11768.55;-107.77
11771.48;-107.61
11774.41;-107.61
11777.34;-107.77
11780.27;-107.77
11783.20;-107.69
11786.13;-108.08
11789.06;-108.00
11791.99;-107.77
11794.92;-107.69
11797.85;-107.53
11800.78;-107.69
11803.71;-107.61
11806.64;-107.69
11809.57;-107.69
11812.50;-107.84
11815.43;-107.69
11818.36;-107.45
11821.29;-107.69
11824.22;-107.77
11827.15;-107.69
11830.08;-107.84
11833.01;-107.69
11835.94;-107.53
11838.87;-107.53
11841.80;-107.61
11844.73;-107.45
11847.66;-107.61
11850.59;-108.00
11853.52;-107.53
11856.45;-107.53
11859.38;-107.37
11862.30;-107.61
11865.23;-107.77
11868.16;-107.61
11871.09;-107.69
11874.02;-107.69
11876.95;-107.61
11879.88;-107.53
11882.81;-107.45
11885.74;-107.77
11888.67;-107.61
11891.60;-107.69
11894.53;-107.37
11897.46;-107.30
11900.39;-107.45
11903.32;-107.69
11906.25;-107.69
11909.18;-107.61
11912.11;-107.37
11915.04;-107.53
11917.97;-107.77
11920.90;-107.84
11923.83;-107.69
11926.76;-107.69
11929.69;-107.45
11932.62;-107.45
11935.55;-107.45
11938.48;-107.69
11941.41;-107.61
11944.34;-107.84
11947.27;-107.69
11950.20;-107.37
11953.13;-107.45
11956.05;-107.37
11958.98;-107.53
11961.91;-107.69
11964.84;-107.53
11967.77;-107.61
11970.70;-107.61
11973.63;-107.77
11976.56;-107.61
11979.49;-107.37
11982.42;-107.61
11985.35;-107.84
11988.28;-107.77
11991.21;-107.69
11994.14;-107.37
11997.07;-107.37
12000.00;-107.61
12002.93;-107.77
12005.86;-107.53
12008.79;-107.37
12011.72;-107.45
12014.65;-107.61
12017.58;-107.84
12020.51;-107.92
12023.44;-107.53
12026.37;-107.37
12029.30;-107.37
12032.23;-107.69
12035.16;-107.53
12038.09;-107.61
12041.02;-107.84
12043.95;-107.69
12046.88;-107.77
12049.80;-107.61
12052.73;-107.45
12055.66;-107.37
12058.59;-107.45
12061.52;-107.30
12064.45;-107.37
12067.38;-107.30
12070.31;-107.37
12073.24;-107.53
12076.17;-107.53
12079.10;-107.53
12082.03;-107.53
12084.96;-107.69
12087.89;-107.77
12090.82;-107.61
12093.75;-107.61
12096.68;-107.61
12099.61;-107.53
12102.54;-107.45
12105.47;-107.53
12108.40;-107.77
12111.33;-107.69
12114.26;-107.61
12117.19;-107.69
12120.12;-107.45
12123.05;-107.37
12125.98;-107.53
12128.91;-107.22
12131.84;-107.37
12134.77;-107.45
12137.70;-107.61
12140.63;-107.77
12143.55;-107.61
12146.48;-107.69
12149.41;-107.61
12152.34;-107.45
12155.27;-107.61
12158.20;-107.61
12161.13;-107.45
12164.06;-107.45
12166.99;-107.37
12169.92;-107.30
12172.85;-107.37
12175.78;-107.53
12178.71;-107.37
12181.64;-107.45
12184.57;-107.37
12187.50;-107.06
12190.43;-107.37
12193.36;-107.37
12196.29;-107.53
12199.22;-107.61
12202.15;-107.53
12205.08;-107.30
12208.01;-107.45
12210.94;-107.30
12213.87;-107.45
12216.80;-107.53
12219.73;-107.37
12222.66;-107.37
12225.59;-107.45
12228.52;-107.37
12231.45;-107.30
12234.38;-107.37
12237.30;-107.53
12240.23;-107.22
12243.16;-107.45
12246.09;-107.53
12249.02;-107.14
12251.95;-107.30
12254.88;-107.53
12257.81;-107.14
12260.74;-107.30
12263.67;-107.37
12266.60;-107.37
12269.53;-107.30
12272.46;-107.30
12275.39;-107.45
12278.32;-107.61
12281.25;-107.30
12284.18;-106.98
12287.11;-106.98
12290.04;-106.98
12292.97;-107.30
12295.90;-107.30
12298.83;-107.30
12301.76;-107.37
12304.69;-107.30
12307.62;-107.53
12310.55;-107.61
12313.48;-107.22
12316.41;-106.91
12319.34;-107.30
12322.27;-107.30
12325.20;-107.14
12328.13;-107.37
12331.05;-107.45
12333.98;-107.22
12336.91;-107.14
12339.84;-106.98
12342.77;-107.14
12345.70;-107.37
12348.63;-107.69
12351.56;-107.53
12354.49;-107.22
12357.42;-107.30
12360.35;-107.14
12363.28;-107.06
12366.21;-106.91
12369.14;-106.98
12372.07;-107.22
12375.00;-107.37
12377.93;-107.30
12380.86;-107.37
12383.79;-107.37
12386.72;-107.14
12389.65;-107.06
12392.58;-107.30
12395.51;-107.45
12398.44;-107.30
12401.37;-107.30
12404.30;-107.37
12407.23;-107.45
12410.16;-107.45
12413.09;-107.53
12416.02;-107.61
12418.95;-107.30
12421.88;-107.30
12424.80;-107.30
12427.73;-107.22
12430.66;-107.06
12433.59;-107.30
12436.52;-107.06
12439.45;-107.14
12442.38;-107.37
12445.31;-107.53
12448.24;-107.37
12451.17;-107.30
12454.10;-107.22
12457.03;-107.37
12459.96;-107.45
12462.89;-107.37
12465.82;-107.14
12468.75;-107.06
12471.68;-107.30
12474.61;-107.45
12477.54;-107.53
12480.47;-107.61
12483.40;-107.37
12486.33;-107.06
12489.26;-107.14
12492.19;-107.37
12495.12;-107.30
12498.05;-107.53
12500.98;-107.69
12503.91;-107.30
12506.84;-107.37
12509.77;-107.53
12512.70;-107.30
12515.63;-106.98
12518.55;-107.06
12521.48;-107.30
12524.41;-107.37
12527.34;-107.53
12530.27;-107.22
12533.20;-107.30
12536.13;-107.22
12539.06;-107.14
12541.99;-107.14
12544.92;-107.22
12547.85;-107.30
12550.78;-107.30
12553.71;-107.14
12556.64;-107.22
12559.57;-107.14
12562.50;-107.06
12565.43;-106.98
12568.36;-107.06
12571.29;-107.06
12574.22;-107.06
12577.15;-107.14
12580.08;-107.30
12583.01;-107.22
12585.94;-107.06
12588.87;-106.75
12591.80;-106.83
12594.73;-106.91
12597.66;-106.98
12600.59;-106.98
12603.52;-106.98
12606.45;-107.22
12609.38;-107.14
12612.30;-107.14
12615.23;-107.30
12618.16;-107.14
12621.09;-107.14
12624.02;-107.14
12626.95;-107.14
12629.88;-107.06
12632.81;-107.22
12635.74;-107.37
12638.67;-107.30
12641.60;-107.30
12644.53;-107.37
12647.46;-107.30
12650.39;-107.22
12653.32;-107.37
12656.25;-107.30
12659.18;-107.30
12662.11;-107.37
12665.04;-107.30
12667.97;-107.06
12670.90;-106.98
12673.83;-107.30
12676.76;-107.45
12679.69;-107.30
12682.62;-107.22
12685.55;-106.91
12688.48;-106.91
12691.41;-107.22
12694.34;-107.22
12697.27;-107.22
12700.20;-107.22
12703.13;-106.67
12706.05;-106.75
12708.98;-107.14
12711.91;-107.14
12714.84;-107.06
12717.77;-107.45
12720.70;-107.30
12723.63;-107.45
12726.56;-107.14
12729.49;-106.83
12732.42;-107.22
12735.35;-107.22
12738.28;-106.83
12741.21;-106.83
12744.14;-107.14
12747.07;-107.06
12750.00;-107.14
12752.93;-107.22
12755.86;-107.06
12758.79;-107.22
12761.72;-107.37
12764.65;-107.14
12767.58;-107.06
12770.51;-107.06
12773.44;-107.14
12776.37;-107.06
12779.30;-107.06
12782.23;-107.06
12785.16;-106.98
12788.09;-107.06
12791.02;-106.83
12793.95;-106.67
12796.88;-106.91
12799.80;-107.14
12802.73;-106.98
12805.66;-106.83
12808.59;-106.75
12811.52;-106.98
12814.45;-107.14
12817.38;-106.91
12820.31;-106.83
12823.24;-106.75
12826.17;-106.83
12829.10;-106.83
12832.03;-106.98
12834.96;-106.75
12837.89;-106.75
12840.82;-106.98
12843.75;-106.98
12846.68;-106.98
12849.61;-106.83
12852.54;-106.59
12855.47;-106.98
12858.40;-107.14
12861.33;-107.06
12864.26;-106.98
12867.19;-107.06
12870.12;-106.98
12873.05;-107.22
12875.98;-107.37
12878.91;-107.45
12881.84;-107.06
12884.77;-106.91
12887.70;-107.37
12890.63;-107.14
12893.55;-106.67
12896.48;-106.75
12899.41;-106.83
12902.34;-106.67
12905.27;-106.83
12908.20;-106.98
12911.13;-107.06
12914.06;-107.30
12916.99;-106.98
12919.92;-106.91
12922.85;-106.91
12925.78;-106.98
12928.71;-106.75
12931.64;-106.83
12934.57;-106.83
12937.50;-106.67
12940.43;-106.91
12943.36;-106.91
12946.29;-106.67
12949.22;-106.98
12952.15;-107.14
12955.08;-107.06
12958.01;-106.91
12960.94;-106.83
12963.87;-107.06
12966.80;-107.14
12969.73;-106.98
12972.66;-106.91
12975.59;-106.75
12978.52;-106.98
12981.45;-107.06
12984.38;-106.83
12987.30;-106.98
12990.23;-107.06
12993.16;-107.14
12996.09;-106.83
12999.02;-106.91
13001.95;-107.06
13004.88;-106.91
13007.81;-106.91
13010.74;-106.98
13013.67;-107.14
13016.60;-107.22
13019.53;-107.30
13022.46;-106.98
13025.39;-106.67
13028.32;-106.83
13031.25;-106.75
13034.18;-106.98
13037.11;-106.91
13040.04;-106.75
13042.97;-106.83
13045.90;-106.98
13048.83;-106.83
13051.76;-106.83
13054.69;-106.98
13057.62;-107.22
13060.55;-106.98
13063.48;-106.44
13066.41;-106.91
13069.34;-107.14
13072.27;-107.06
13075.20;-106.91
13078.13;-106.75
13081.05;-106.91
13083.98;-106.91
13086.91;-107.06
13089.84;-107.06
13092.77;-106.98
13095.70;-107.06
13098.63;-106.91
13101.56;-106.83
13104.49;-106.75
13107.42;-106.75
13110.35;-106.98
13113.28;-107.06
13116.21;-106.98
13119.14;-106.67
13122.07;-106.52
13125.00;-106.91
13127.93;-106.98
13130.86;-106.98
13133.79;-106.75
13136.72;-107.06
13139.65;-106.98
13142.58;-106.75
13145.51;-106.59
13148.44;-106.59
13151.37;-106.67
13154.30;-106.67
13157.23;-106.83
13160.16;-106.98
13163.09;-107.14
13166.02;-107.30
13168.95;-107.37
13171.88;-106.83
13174.80;-106.67
13177.73;-106.91
13180.66;-106.83
13183.59;-106.83
13186.52;-106.59
13189.45;-106.44
13192.38;-106.67
13195.31;-106.83
13198.24;-106.83
13201.17;-106.75
13204.10;-106.67
13207.03;-106.75
13209.96;-106.91
13212.89;-106.91
13215.82;-106.75
13218.75;-106.67
13221.68;-106.59
13224.61;-106.75
13227.54;-106.59
13230.47;-106.52
13233.40;-106.91
13236.33;-106.91
13239.26;-106.98
13242.19;-106.98
13245.12;-106.67
13248.05;-106.52
13250.98;-106.67
13253.91;-106.75
13256.84;-106.75
13259.77;-106.75
13262.70;-106.75
13265.63;-106.83
13268.55;-106.83
13271.48;-106.83
13274.41;-106.91
13277.34;-106.91
13280.27;-107.06
13283.20;-106.98
13286.13;-106.91
13289.06;-106.83
13291.99;-106.91
13294.92;-106.91
13297.85;-106.83
13300.78;-106.83
13303.71;-106.67
13306.64;-106.83
13309.57;-106.67
13312.50;-106.59
13315.43;-106.59
13318.36;-106.67
13321.29;-106.67
13324.22;-106.59
13327.15;-106.67
13330.08;-106.91
13333.01;-106.91
13335.94;-106.91
13338.87;-106.83
13341.80;-106.75
13344.73;-106.83
13347.66;-106.83
13350.59;-106.91
13353.52;-106.75
13356.45;-106.67
13359.38;-106.75
13362.30;-106.59
13365.23;-106.83
13368.16;-107.06
13371.09;-107.14
13374.02;-107.06
13376.95;-106.91
13379.88;-106.75
13382.81;-106.83
13385.74;-106.59
13388.67;-106.44
13391.60;-106.44
13394.53;-106.91
13397.46;-106.75
13400.39;-106.59
13403.32;-106.91
13406.25;-106.91
13409.18;-106.67
13412.11;-106.75
13415.04;-106.98
13417.97;-106.83
13420.90;-106.59
13423.83;-106.36
13426.76;-106.44
13429.69;-106.59
13432.62;-106.52
13435.55;-106.67
13438.48;-106.75
13441.41;-106.59
13444.34;-106.75
13447.27;-106.67
13450.20;-106.75
13453.13;-106.75
13456.05;-106.67
13458.98;-106.75
13461.91;-106.83
13464.84;-106.98
13467.77;-106.98
13470.70;-106.98
13473.63;-106.91
13476.56;-106.91
13479.49;-106.83
13482.42;-106.75
13485.35;-106.52
13488.28;-106.59
13491.21;-106.75
13494.14;-106.91
13497.07;-106.75
13500.00;-106.59
13502.93;-106.67
13505.86;-106.59
13508.79;-106.75
13511.72;-106.83
13514.65;-106.83
13517.58;-106.83
13520.51;-106.75
13523.44;-106.59
13526.37;-106.36
13529.30;-106.36
13532.23;-106.44
13535.16;-106.67
13538.09;-106.75
13541.02;-106.67
13543.95;-106.28
13546.88;-106.36
13549.80;-106.59
13552.73;-106.75
13555.66;-106.75
13558.59;-106.83
13561.52;-106.59
13564.45;-106.52
13567.38;-106.59
13570.31;-106.44
13573.24;-106.67
13576.17;-106.83
13579.10;-106.52
13582.03;-106.75
13584.96;-106.36
13587.89;-106.36
13590.82;-106.59
13593.75;-106.83
13596.68;-106.98
13599.61;-107.06
13602.54;-106.67
13605.47;-106.36
13608.40;-106.36
13611.33;-106.44
13614.26;-106.36
13617.19;-106.28
13620.12;-106.44
13623.05;-106.59
13625.98;-106.44
13628.91;-106.52
13631.84;-106.52
13634.77;-106.52
13637.70;-106.36
13640.63;-106.36
13643.55;-106.52
13646.48;-106.44
13649.41;-106.44
13652.34;-106.52
13655.27;-106.52
13658.20;-106.44
13661.13;-106.44
13664.06;-106.83
13666.99;-106.75
13669.92;-106.75
13672.85;-106.59
13675.78;-106.44
13678.71;-106.52
13681.64;-106.52
13684.57;-106.36
13687.50;-106.44
13690.43;-106.12
13693.36;-106.28
13696.29;-106.36
13699.22;-106.59
13702.15;-106.59
13705.08;-106.67
13708.01;-106.59
13710.94;-106.67
13713.87;-106.44
13716.80;-106.52
13719.73;-106.59
13722.66;-106.59
13725.59;-106.67
13728.52;-106.67
13731.45;-106.44
13734.38;-106.52
13737.30;-106.67
13740.23;-106.36
13743.16;-106.36
13746.09;-106.28
13749.02;-106.52
13751.95;-106.52
13754.88;-106.36
13757.81;-106.05
13760.74;-106.28
13763.67;-106.44
13766.60;-106.83
13769.53;-107.06
13772.46;-106.75
13775.39;-106.52
13778.32;-106.67
13781.25;-106.52
13784.18;-106.05
13787.11;-106.28
13790.04;-106.36
13792.97;-106.36
13795.90;-106.36
13798.83;-106.52
13801.76;-106.36
13804.69;-106.59
13807.62;-106.44
13810.55;-106.52
13813.48;-106.44
13816.41;-106.52
13819.34;-106.67
13822.27;-106.44
13825.20;-106.67
13828.13;-106.67
13831.05;-106.52
13833.98;-105.97
13836.91;-106.05
13839.84;-106.28
13842.77;-106.36
13845.70;-106.59
13848.63;-106.75
13851.56;-106.67
13854.49;-106.44
13857.42;-106.59
13860.35;-106.52
13863.28;-106.36
13866.21;-106.75
13869.14;-106.44
13872.07;-106.52
13875.00;-106.44
13877.93;-106.52
13880.86;-106.44
13883.79;-106.44
13886.72;-106.52
13889.65;-106.28
13892.58;-106.52
13895.51;-106.75
13898.44;-106.52
13901.37;-106.36
13904.30;-106.36
13907.23;-106.59
13910.16;-106.59
13913.09;-106.28
13916.02;-106.52
13918.95;-106.59
13921.88;-106.44
13924.80;-106.52
13927.73;-106.67
13930.66;-106.67
13933.59;-106.20
13936.52;-106.52
13939.45;-106.44
13942.38;-106.44
13945.31;-106.36
13948.24;-106.36
13951.17;-106.52
13954.10;-106.52
13957.03;-106.44
13959.96;-106.12
13962.89;-105.97
13965.82;-106.44
13968.75;-106.20
13971.68;-106.44
13974.61;-106.52
13977.54;-106.28
13980.47;-106.52
13983.40;-106.83
13986.33;-106.52
13989.26;-106.05
13992.19;-106.05
13995.12;-106.36
13998.05;-106.36
14000.98;-106.12
14003.91;-106.20
14006.84;-106.52
14009.77;-106.52
14012.70;-106.52
14015.63;-106.28
14018.55;-106.28
14021.48;-106.28
14024.41;-106.20
14027.34;-106.59
14030.27;-106.59
14033.20;-106.59
14036.13;-106.44
14039.06;-106.59
14041.99;-106.36
14044.92;-106.28
14047.85;-106.12
14050.78;-106.20
14053.71;-106.44
14056.64;-106.28
14059.57;-106.36
14062.50;-106.36
14065.43;-106.12
14068.36;-106.12
14071.29;-106.05
14074.22;-106.52
14077.15;-106.44
14080.08;-106.44
14083.01;-106.52
14085.94;-106.12
14088.87;-106.28
14091.80;-106.20
14094.73;-106.20
14097.66;-106.36
14100.59;-106.44
14103.52;-106.36
14106.45;-106.12
14109.38;-106.28
14112.30;-106.12
14115.23;-106.44
14118.16;-106.44
14121.09;-106.28
14124.02;-106.12
14126.95;-105.81
14129.88;-106.12
14132.81;-106.28
14135.74;-106.20
14138.67;-106.20
14141.60;-106.44
14144.53;-106.44
14147.46;-106.67
14150.39;-106.59
14153.32;-106.44
14156.25;-106.52
14159.18;-106.36
14162.11;-106.28
14165.04;-106.12
14167.97;-106.05
14170.90;-106.20
14173.83;-106.28
14176.76;-106.59
14179.69;-106.20
14182.62;-106.20
14185.55;-106.44
14188.48;-106.28
14191.41;-106.28
14194.34;-106.28
14197.27;-106.12
14200.20;-106.36
14203.13;-106.28
14206.05;-106.20
14208.98;-106.36
14211.91;-106.12
14214.84;-106.20
14217.77;-106.28
14220.70;-106.44
14223.63;-106.20
14226.56;-106.36
14229.49;-106.36
14232.42;-106.44
14235.35;-106.52
14238.28;-106.67
14241.21;-106.44
14244.14;-106.28
14247.07;-106.12
14250.00;-106.52
14252.93;-106.44
14255.86;-106.36
14258.79;-106.20
14261.72;-106.52
14264.65;-106.52
14267.58;-106.36
14270.51;-106.52
14273.44;-106.52
14276.37;-106.59
14279.30;-106.44
14282.23;-106.12
14285.16;-106.20
14288.09;-106.12
14291.02;-106.28
14293.95;-106.28
14296.88;-106.44
14299.80;-106.52
14302.73;-106.20
14305.66;-106.12
14308.59;-106.12
14311.52;-106.36
14314.45;-106.12
14317.38;-106.12
14320.31;-106.05
14323.24;-106.28
14326.17;-106.28
14329.10;-106.28
14332.03;-106.28
14334.96;-106.44
14337.89;-106.20
14340.82;-106.28
14343.75;-106.20
14346.68;-106.12
14349.61;-106.20
14352.54;-106.05
14355.47;-106.05
14358.40;-106.12
14361.33;-106.20
14364.26;-105.97
14367.19;-106.05
14370.12;-106.05
14373.05;-106.05
14375.98;-106.05
14378.91;-106.36
14381.84;-106.36
14384.77;-106.36
14387.70;-106.36
14390.63;-106.20
14393.55;-106.20
14396.48;-106.28
14399.41;-106.28
14402.34;-106.52
14405.27;-106.36
14408.20;-105.81
14411.13;-105.97
14414.06;-106.12
14416.99;-106.44
14419.92;-106.44
14422.85;-106.28
14425.78;-106.28
14428.71;-106.20
14431.64;-106.20
14434.57;-106.05
14437.50;-105.89
14440.43;-106.05
14443.36;-106.05
14446.29;-105.97
14449.22;-106.12
14452.15;-106.12
14455.08;-106.12
14458.01;-106.44
14460.94;-106.12
14463.87;-106.28
14466.80;-106.28
14469.73;-105.89
14472.66;-105.73
14475.59;-105.89
14478.52;-105.89
14481.45;-106.05
14484.38;-106.28
14487.30;-105.89
14490.23;-105.97
14493.16;-106.44
14496.09;-106.05
14499.02;-105.81
14501.95;-106.05
14504.88;-106.12
14507.81;-105.97
14510.74;-106.12
14513.67;-105.97
14516.60;-106.05
14519.53;-106.20
14522.46;-106.12
14525.39;-106.36
14528.32;-106.20
14531.25;-106.28
14534.18;-106.20
14537.11;-105.97
14540.04;-105.97
14542.97;-105.81
14545.90;-105.66
14548.83;-105.73
14551.76;-105.97
14554.69;-106.12
14557.62;-105.97
14560.55;-106.20
14563.48;-106.20
14566.41;-106.12
14569.34;-106.12
14572.27;-106.12
14575.20;-106.36
14578.13;-105.97
14581.05;-105.81
14583.98;-106.12
14586.91;-106.05
14589.84;-106.20
14592.77;-106.36
14595.70;-106.20
14598.63;-106.05
14601.56;-106.36
14604.49;-106.36
14607.42;-106.05
14610.35;-106.05
14613.28;-106.05
14616.21;-105.81
14619.14;-105.89
14622.07;-106.05
14625.00;-106.28
14627.93;-106.44
14630.86;-106.20
14633.79;-106.36
14636.72;-106.20
14639.65;-105.73
14642.58;-105.73
14645.51;-105.97
14648.44;-105.58
14651.37;-105.73
14654.30;-106.12
14657.23;-106.20
14660.16;-105.89
14663.09;-106.05
14666.02;-106.12
14668.95;-105.89
14671.88;-105.97
14674.80;-105.97
14677.73;-106.05
14680.66;-106.05
14683.59;-106.12
14686.52;-106.05
14689.45;-106.05
14692.38;-106.12
14695.31;-106.05
14698.24;-105.97
14701.17;-106.12
14704.10;-105.97
14707.03;-105.89
14709.96;-106.20
14712.89;-106.12
14715.82;-106.12
14718.75;-106.05
14721.68;-105.73
14724.61;-106.05
14727.54;-106.12
14730.47;-106.12
14733.40;-106.28
14736.33;-106.20
14739.26;-105.97
14742.19;-105.89
14745.12;-105.97
14748.05;-106.05
14750.98;-106.05
14753.91;-105.81
14756.84;-105.89
14759.77;-105.97
14762.70;-105.97
14765.63;-105.81
14768.55;-105.66
14771.48;-105.89
14774.41;-105.89
14777.34;-106.05
14780.27;-105.97
14783.20;-105.97
14786.13;-105.97
14789.06;-106.28
14791.99;-106.36
14794.92;-105.89
14797.85;-105.97
14800.78;-105.97
14803.71;-105.73
14806.64;-105.73
14809.57;-105.97
14812.50;-106.05
14815.43;-106.12
14818.36;-106.05
14821.29;-106.05
14824.22;-106.05
14827.15;-105.73
14830.08;-106.05
14833.01;-106.05
14835.94;-105.97
14838.87;-105.89
14841.80;-105.97
14844.73;-106.12
14847.66;-106.05
14850.59;-106.05
14853.52;-105.81
14856.45;-105.89
14859.38;-105.97
14862.30;-105.97
14865.23;-105.89
14868.16;-106.05
14871.09;-106.05
14874.02;-106.28
14876.95;-106.05
14879.88;-105.81
14882.81;-105.89
14885.74;-106.05
14888.67;-106.05
14891.60;-106.05
14894.53;-106.05
14897.46;-106.05
14900.39;-105.89
14903.32;-105.97
14906.25;-106.28
14909.18;-105.89
14912.11;-105.89
14915.04;-105.97
14917.97;-105.89
14920.90;-105.81
14923.83;-105.89
14926.76;-106.20
14929.69;-106.28
14932.62;-106.05
14935.55;-106.05
14938.48;-105.97
14941.41;-105.58
14944.34;-106.05
14947.27;-106.12
14950.20;-105.97
14953.13;-105.89
14956.05;-105.89
14958.98;-105.73
14961.91;-105.97
14964.84;-106.05
14967.77;-105.73
14970.70;-105.73
14973.63;-105.81
14976.56;-105.89
14979.49;-105.89
14982.42;-106.28
14985.35;-105.97
14988.28;-105.81
14991.21;-105.58
14994.14;-105.66
14997.07;-105.81
15000.00;-105.81
15002.93;-106.28
15005.86;-105.89
15008.79;-105.66
15011.72;-105.81
15014.65;-105.89
15017.58;-105.97
15020.51;-105.89
15023.44;-106.05
15026.37;-106.05
15029.30;-106.28
15032.23;-106.12
15035.16;-105.89
15038.09;-105.81
15041.02;-105.73
15043.95;-105.81
15046.88;-105.73
15049.80;-105.81
15052.73;-105.81
15055.66;-106.05
15058.59;-105.81
15061.52;-105.73
15064.45;-105.89
15067.38;-105.89
15070.31;-105.89
15073.24;-105.97
15076.17;-105.81
15079.10;-105.66
15082.03;-105.66
15084.96;-105.81
15087.89;-105.89
15090.82;-105.66
15093.75;-105.89
15096.68;-105.97
15099.61;-105.97
15102.54;-105.89
15105.47;-105.73
15108.40;-105.73
15111.33;-105.89
15114.26;-105.73
15117.19;-105.50
15120.12;-105.81
15123.05;-105.66
15125.98;-105.58
15128.91;-105.66
15131.84;-105.89
15134.77;-105.73
15137.70;-105.42
15140.63;-105.73
15143.55;-105.42
15146.48;-105.58
15149.41;-105.58
15152.34;-105.73
15155.27;-105.73
15158.20;-105.73
15161.13;-105.89
15164.06;-105.73
15166.99;-105.97
15169.92;-105.97
15172.85;-105.81
15175.78;-105.89
15178.71;-105.73
15181.64;-105.50
15184.57;-105.73
15187.50;-105.73
15190.43;-105.89
15193.36;-105.73
15196.29;-105.73
15199.22;-105.97
15202.15;-105.97
15205.08;-105.89
15208.01;-105.89
15210.94;-106.05
15213.87;-106.28
15216.80;-106.12
15219.73;-105.81
15222.66;-105.97
15225.59;-106.28
15228.52;-105.97
15231.45;-105.50
15234.38;-105.66
15237.30;-106.05
15240.23;-105.50
15243.16;-105.42
15246.09;-105.58
15249.02;-105.66
15251.95;-105.73
15254.88;-105.66
15257.81;-105.66
15260.74;-105.66
15263.67;-105.58
15266.60;-105.81
15269.53;-105.58
15272.46;-105.50
15275.39;-105.50
15278.32;-105.73
15281.25;-105.81
15284.18;-105.97
15287.11;-105.58
15290.04;-105.66
15292.97;-105.66
15295.90;-105.73
15298.83;-105.81
15301.76;-105.73
15304.69;-105.73
15307.62;-105.26
15310.55;-105.26
15313.48;-105.50
15316.41;-105.58
15319.34;-105.81
15322.27;-105.58
15325.20;-105.50
15328.13;-105.89
15331.05;-105.89
15333.98;-105.81
15336.91;-105.89
15339.84;-105.89
15342.77;-105.66
15345.70;-105.66
15348.63;-106.05
15351.56;-105.81
15354.49;-105.66
15357.42;-105.73
15360.35;-105.81
15363.28;-105.66
15366.21;-105.73
15369.14;-105.73
15372.07;-105.66
15375.00;-105.66
15377.93;-105.58
15380.86;-105.73
15383.79;-105.81
15386.72;-105.89
15389.65;-105.89
15392.58;-105.73
15395.51;-105.81
15398.44;-105.97
15401.37;-106.05
15404.30;-105.66
15407.23;-105.66
15410.16;-105.66
15413.09;-105.73
15416.02;-105.73
15418.95;-105.50
15421.88;-105.81
15424.80;-105.81
15427.73;-105.97
15430.66;-105.97
15433.59;-105.81
15436.52;-105.81
15439.45;-105.73
15442.38;-105.58
15445.31;-105.66
15448.24;-105.73
15451.17;-105.81
15454.10;-105.89
15457.03;-105.50
15459.96;-105.66
15462.89;-105.66
15465.82;-105.42
15468.75;-105.66
15471.68;-106.05
15474.61;-105.73
15477.54;-105.50
15480.47;-105.89
15483.40;-105.66
15486.33;-105.42
15489.26;-105.42
15492.19;-105.50
15495.12;-105.58
15498.05;-105.50
15500.98;-105.50
15503.91;-105.81
15506.84;-105.50
15509.77;-105.50
15512.70;-105.81
15515.63;-105.89
15518.55;-105.89
15521.48;-105.89
15524.41;-105.58
15527.34;-105.81
15530.27;-105.50
15533.20;-105.42
15536.13;-105.50
15539.06;-105.73
15541.99;-105.58
15544.92;-105.58
15547.85;-105.58
15550.78;-105.42
15553.71;-105.66
15556.64;-105.58
15559.57;-105.50
15562.50;-105.73
15565.43;-105.50
15568.36;-105.66
15571.29;-105.58
15574.22;-105.50
15577.15;-105.34
15580.08;-105.66
15583.01;-105.66
15585.94;-105.50
15588.87;-105.73
15591.80;-105.81
15594.73;-105.73
15597.66;-105.66
15600.59;-105.66
15603.52;-105.66
15606.45;-105.42
15609.38;-105.66
15612.30;-105.73
15615.23;-105.66
15618.16;-105.50
15621.09;-105.50
15624.02;-105.81
15626.95;-105.97
15629.88;-105.73
15632.81;-105.58
15635.74;-105.58
15638.67;-105.34
15641.60;-105.50
15644.53;-105.50
15647.46;-105.66
15650.39;-105.58
15653.32;-105.50
15656.25;-105.58
15659.18;-105.66
15662.11;-105.66
15665.04;-105.73
15667.97;-105.58
15670.90;-105.42
15673.83;-105.11
15676.76;-105.58
15679.69;-105.81
15682.62;-105.58
15685.55;-105.42
15688.48;-105.50
15691.41;-105.66
15694.34;-105.58
15697.27;-105.42
15700.20;-105.26
15703.13;-105.11
15706.05;-105.19
15708.98;-105.42
15711.91;-105.34
15714.84;-105.42
15717.77;-105.50
15720.70;-105.81
15723.63;-106.05
15726.56;-106.05
15729.49;-105.97
15732.42;-105.89
15735.35;-105.58
15738.28;-105.50
15741.21;-105.66
15744.14;-105.89
15747.07;-105.58
15750.00;-105.50
15752.93;-105.66
15755.86;-105.73
15758.79;-105.66
15761.72;-105.50
15764.65;-105.58
15767.58;-105.66
15770.51;-105.66
15773.44;-105.50
15776.37;-105.42
15779.30;-105.42
15782.23;-105.58
15785.16;-105.58
15788.09;-105.50
15791.02;-105.58
15793.95;-105.66
15796.88;-105.42
15799.80;-105.58
15802.73;-105.66
15805.66;-105.50
15808.59;-105.42
15811.52;-105.42
15814.45;-105.42
15817.38;-105.50
15820.31;-105.50
15823.24;-105.42
15826.17;-105.42
15829.10;-105.50
15832.03;-105.42
15834.96;-105.34
15837.89;-105.34
15840.82;-105.26
15843.75;-105.50
15846.68;-105.42
15849.61;-105.42
15852.54;-105.58
15855.47;-105.26
15858.40;-105.50
15861.33;-105.50
15864.26;-105.42
15867.19;-105.42
15870.12;-105.34
15873.05;-105.26
15875.98;-105.26
15878.91;-105.50
15881.84;-105.58
15884.77;-105.34
15887.70;-105.58
15890.63;-105.50
15893.55;-105.42
15896.48;-105.50
15899.41;-105.34
15902.34;-105.11
15905.27;-105.26
15908.20;-105.34
15911.13;-105.34
15914.06;-105.50
15916.99;-105.58
15919.92;-105.34
15922.85;-105.42
15925.78;-105.50
15928.71;-105.19
15931.64;-105.03
15934.57;-105.34
15937.50;-105.58
15940.43;-105.58
15943.36;-105.66
15946.29;-105.66
15949.22;-105.19
15952.15;-105.03
15955.08;-105.34
15958.01;-105.42
15960.94;-105.19
15963.87;-105.26
15966.80;-105.42
15969.73;-105.42
15972.66;-105.58
15975.59;-105.34
15978.52;-105.26
15981.45;-105.19
15984.38;-105.42
15987.30;-105.34
15990.23;-105.26
15993.16;-105.26
15996.09;-105.34
15999.02;-105.26
16001.95;-105.26
16004.88;-105.26
16007.81;-105.19
16010.74;-105.26
16013.67;-105.42
16016.60;-105.42
16019.53;-105.42
16022.46;-105.42
16025.39;-105.42
16028.32;-105.26
16031.25;-105.26
16034.18;-105.26
16037.11;-105.50
16040.04;-105.50
16042.97;-105.34
16045.90;-105.34
16048.83;-105.50
16051.76;-105.34
16054.69;-105.42
16057.62;-105.66
16060.55;-105.42
16063.48;-105.42
16066.41;-105.26
16069.34;-105.11
16072.27;-105.34
16075.20;-105.11
16078.13;-105.19
16081.05;-105.34
16083.98;-105.26
16086.91;-105.19
16089.84;-105.42
16092.77;-105.42
16095.70;-105.42
16098.63;-105.50
16101.56;-105.03
16104.49;-105.11
16107.42;-105.34
16110.35;-105.26
16113.28;-105.34
16116.21;-105.26
16119.14;-105.03
16122.07;-105.26
16125.00;-105.34
16127.93;-105.19
16130.86;-105.26
16133.79;-105.34
16136.72;-105.34
16139.65;-105.42
16142.58;-105.26
16145.51;-105.11
16148.44;-105.26
16151.37;-105.26
16154.30;-105.26
16157.23;-105.19
16160.16;-105.19
16163.09;-105.11
16166.02;-105.19
16168.95;-105.11
16171.88;-105.34
16174.80;-105.42
16177.73;-105.19
16180.66;-105.34
16183.59;-105.26
16186.52;-105.19
16189.45;-105.11
16192.38;-105.03
16195.31;-105.50
16198.24;-105.50
16201.17;-105.58
16204.10;-105.26
16207.03;-105.26
16209.96;-105.26
16212.89;-105.26
16215.82;-105.26
16218.75;-105.11
16221.68;-105.26
16224.61;-105.26
16227.54;-105.26
16230.47;-105.34
16233.40;-105.11
16236.33;-105.19
16239.26;-105.50
16242.19;-105.34
16245.12;-105.26
16248.05;-105.26
16250.98;-105.19
16253.91;-105.50
16256.84;-105.66
16259.77;-105.58
16262.70;-105.42
16265.63;-105.19
16268.55;-105.03
16271.48;-105.03
16274.41;-105.26
16277.34;-105.26
16280.27;-105.26
16283.20;-105.34
16286.13;-105.11
16289.06;-105.19
16291.99;-105.26
16294.92;-105.03
16297.85;-105.11
16300.78;-105.19
16303.71;-105.34
16306.64;-105.26
16309.57;-105.11
16312.50;-105.34
16315.43;-104.80
16318.36;-104.87
16321.29;-105.26
16324.22;-105.34
16327.15;-105.26
16330.08;-105.26
16333.01;-105.26
16335.94;-105.26
16338.87;-105.42
16341.80;-105.11
16344.73;-105.03
16347.66;-105.34
16350.59;-105.26
16353.52;-105.26
16356.45;-105.19
16359.38;-105.11
16362.30;-105.26
16365.23;-105.11
16368.16;-105.03
16371.09;-104.95
16374.02;-105.19
16376.95;-105.11
16379.88;-105.19
16382.81;-105.34
16385.74;-105.26
16388.67;-105.34
16391.60;-105.42
16394.53;-105.11
16397.46;-105.03
16400.39;-105.42
16403.32;-105.42
16406.25;-105.26
16409.18;-105.42
16412.11;-105.50
16415.04;-105.26
16417.97;-105.50
16420.90;-105.66
16423.83;-105.42
16426.76;-105.26
16429.69;-105.11
16432.62;-104.95
16435.55;-105.34
16438.48;-105.58
16441.41;-105.42
16444.34;-105.11
16447.27;-104.95
16450.20;-105.50
16453.13;-105.58
16456.05;-105.26
16458.98;-105.42
16461.91;-105.11
16464.84;-104.95
16467.77;-104.95
16470.70;-105.26
16473.63;-105.19
16476.56;-104.95
16479.49;-105.34
16482.42;-105.19
16485.35;-105.11
16488.28;-105.19
16491.21;-105.26
16494.14;-105.11
16497.07;-105.11
16500.00;-105.03
16502.93;-105.11
16505.86;-105.19
16508.79;-105.26
16511.72;-105.19
16514.65;-105.03
16517.58;-105.26
16520.51;-105.34
16523.44;-105.11
16526.37;-105.42
16529.30;-105.50
16532.23;-105.42
16535.16;-105.19
16538.09;-105.03
16541.02;-105.11
16543.95;-105.11
16546.88;-105.11
16549.80;-105.26
16552.73;-105.19
16555.66;-105.19
16558.59;-105.19
16561.52;-105.34
16564.45;-105.34
16567.38;-105.19
16570.31;-105.11
16573.24;-105.11
16576.17;-105.11
16579.10;-105.26
16582.03;-105.34
16584.96;-105.03
16587.89;-105.19
16590.82;-105.03
16593.75;-105.03
16596.68;-104.95
16599.61;-104.80
16602.54;-104.95
16605.47;-105.34
16608.40;-105.11
16611.33;-105.03
16614.26;-105.03
16617.19;-105.11
16620.12;-105.11
16623.05;-105.26
16625.98;-105.19
16628.91;-105.03
16631.84;-104.95
16634.77;-104.87
16637.70;-105.11
16640.63;-105.11
16643.55;-104.87
16646.48;-104.95
16649.41;-105.11
16652.34;-105.26
16655.27;-105.26
16658.20;-105.19
16661.13;-104.95
16664.06;-105.19
16666.99;-105.19
16669.92;-105.03
16672.85;-105.11
16675.78;-105.42
16678.71;-105.34
16681.64;-105.11
16684.57;-105.03
16687.50;-105.03
16690.43;-104.87
16693.36;-104.87
16696.29;-105.26
16699.22;-105.19
16702.15;-105.11
16705.08;-105.11
16708.01;-105.26
16710.94;-105.26
16713.87;-105.26
16716.80;-105.11
16719.73;-105.11
16722.66;-105.11
16725.59;-104.87
16728.52;-104.95
16731.45;-104.95
16734.38;-104.80
16737.30;-105.11
16740.23;-105.11
16743.16;-104.87
16746.09;-104.87
16749.02;-104.80
16751.95;-104.95
16754.88;-104.95
16757.81;-104.87
16760.74;-104.72
16763.67;-104.80
16766.60;-104.87
16769.53;-104.95
16772.46;-104.80
16775.39;-104.95
16778.32;-105.19
16781.25;-105.19
16784.18;-105.19
16787.11;-105.26
16790.04;-105.19
16792.97;-105.03
16795.90;-104.95
16798.83;-105.11
16801.76;-105.19
16804.69;-105.03
16807.62;-105.19
16810.55;-105.11
16813.48;-104.95
16816.41;-105.03
16819.34;-105.42
16822.27;-105.19
16825.20;-104.95
16828.13;-104.95
16831.05;-105.19
16833.98;-105.03
16836.91;-105.03
16839.84;-104.87
16842.77;-104.80
16845.70;-104.87
16848.63;-105.26
16851.56;-105.03
16854.49;-104.95
16857.42;-104.80
16860.35;-105.11
16863.28;-105.19
16866.21;-104.95
16869.14;-104.87
16872.07;-105.03
16875.00;-104.80
16877.93;-104.87
16880.86;-104.87
16883.79;-104.80
16886.72;-104.87
16889.65;-105.11
16892.58;-105.19
16895.51;-105.19
16898.44;-105.11
16901.37;-104.87
16904.30;-104.95
16907.23;-104.95
16910.16;-105.19
16913.09;-105.03
16916.02;-105.11
16918.95;-105.03
16921.88;-105.19
16924.80;-105.03
16927.73;-104.95
16930.66;-105.19
16933.59;-104.95
16936.52;-104.48
16939.45;-104.95
16942.38;-105.11
16945.31;-105.11
16948.24;-105.03
16951.17;-104.95
16954.10;-104.72
16957.03;-104.87
16959.96;-105.03
16962.89;-105.03
16965.82;-104.87
16968.75;-104.72
16971.68;-104.87
16974.61;-105.11
16977.54;-105.11
16980.47;-104.87
16983.40;-104.95
16986.33;-105.03
16989.26;-104.87
16992.19;-104.80
16995.12;-105.11
16998.05;-105.11
17000.98;-104.95
17003.91;-104.87
17006.84;-104.72
17009.77;-105.19
17012.70;-105.19
17015.63;-105.11
17018.55;-105.11
17021.48;-104.87
17024.41;-104.80
17027.34;-104.80
17030.27;-104.80
17033.20;-104.87
17036.13;-104.95
17039.06;-104.72
17041.99;-104.56
17044.92;-104.80
17047.85;-105.03
17050.78;-104.80
17053.71;-104.64
17056.64;-104.72
17059.57;-104.80
17062.50;-105.03
17065.43;-104.87
17068.36;-104.80
17071.29;-105.03
17074.22;-104.95
17077.15;-105.03
17080.08;-104.95
17083.01;-104.95
17085.94;-104.72
17088.87;-104.56
17091.80;-105.19
17094.73;-105.19
17097.66;-105.11
17100.59;-105.03
17103.52;-104.87
17106.45;-104.80
17109.38;-104.80
17112.30;-104.80
17115.23;-105.03
17118.16;-104.80
17121.09;-104.80
17124.02;-104.64
17126.95;-105.03
17129.88;-104.87
17132.81;-104.95
17135.74;-105.11
17138.67;-104.95
17141.60;-105.03
17144.53;-105.11
17147.46;-104.95
17150.39;-104.87
17153.32;-105.19
17156.25;-104.80
17159.18;-104.64
17162.11;-104.72
17165.04;-104.56
17167.97;-104.72
17170.90;-105.19
17173.83;-105.03
17176.76;-104.48
17179.69;-104.56
17182.62;-104.72
17185.55;-104.64
17188.48;-104.87
17191.41;-104.72
17194.34;-104.72
17197.27;-104.56
17200.20;-104.48
17203.13;-104.80
17206.05;-105.11
17208.98;-104.87
17211.91;-104.95
17214.84;-105.11
17217.77;-104.87
17220.70;-105.03
17223.63;-105.03
17226.56;-104.87
17229.49;-104.80
17232.42;-104.95
17235.35;-104.87
17238.28;-104.80
17241.21;-104.80
17244.14;-104.87
17247.07;-105.19
17250.00;-105.26
17252.93;-105.11
17255.86;-104.95
17258.79;-104.64
17261.72;-104.64
17264.65;-104.72
17267.58;-104.64
17270.51;-104.87
17273.44;-104.87
17276.37;-104.87
17279.30;-104.80
17282.23;-104.64
17285.16;-104.80
17288.09;-104.72
17291.02;-104.87
17293.95;-104.80
17296.88;-104.56
17299.80;-104.72
17302.73;-104.87
17305.66;-104.95
17308.59;-104.87
17311.52;-105.03
17314.45;-105.11
17317.38;-105.11
17320.31;-104.95
17323.24;-104.87
17326.17;-104.64
17329.10;-104.72
17332.03;-104.72
17334.96;-104.72
17337.89;-104.72
17340.82;-104.80
17343.75;-105.03
17346.68;-105.03
17349.61;-104.87
17352.54;-104.72
17355.47;-104.80
17358.40;-104.95
17361.33;-104.80
17364.26;-104.64
17367.19;-104.87
17370.12;-104.95
17373.05;-104.72
17375.98;-104.56
17378.91;-104.48
17381.84;-104.56
17384.77;-104.48
17387.70;-104.56
17390.63;-104.80
17393.55;-105.03
17396.48;-105.11
17399.41;-104.95
17402.34;-104.72
17405.27;-104.72
17408.20;-104.72
17411.13;-104.72
17414.06;-104.80
17416.99;-105.03
17419.92;-105.03
17422.85;-104.95
17425.78;-105.11
17428.71;-104.80
17431.64;-104.80
17434.57;-104.87
17437.50;-104.64
17440.43;-104.56
17443.36;-104.87
17446.29;-104.80
17449.22;-104.64
17452.15;-104.80
17455.08;-105.19
17458.01;-104.95
17460.94;-104.64
17463.87;-104.56
17466.80;-104.80
17469.73;-104.64
17472.66;-104.72
17475.59;-104.64
17478.52;-104.64
17481.45;-104.80
17484.38;-104.80
17487.30;-104.48
17490.23;-104.56
17493.16;-104.72
17496.09;-104.87
17499.02;-104.80
17501.95;-104.64
17504.88;-104.95
17507.81;-104.80
17510.74;-104.72
17513.67;-104.56
17516.60;-104.64
17519.53;-104.87
17522.46;-105.19
17525.39;-104.87
17528.32;-104.95
17531.25;-104.80
17534.18;-104.87
17537.11;-104.80
17540.04;-104.80
17542.97;-104.87
17545.90;-105.03
17548.83;-104.48
17551.76;-104.41
17554.69;-104.64
17557.62;-104.56
17560.55;-104.56
17563.48;-104.64
17566.41;-104.72
17569.34;-104.64
17572.27;-104.41
17575.20;-104.41
17578.13;-104.64
17581.05;-105.11
17583.98;-104.95
17586.91;-104.64
17589.84;-104.64
17592.77;-104.41
17595.70;-104.41
17598.63;-104.64
17601.56;-104.80
17604.49;-104.72
17607.42;-104.80
17610.35;-104.72
17613.28;-104.64
17616.21;-104.48
17619.14;-104.33
17622.07;-104.41
17625.00;-104.48
17627.93;-104.80
17630.86;-104.95
17633.79;-104.87
17636.72;-104.95
17639.65;-104.80
17642.58;-104.56
17645.51;-104.80
17648.44;-104.64
17651.37;-104.72
17654.30;-104.72
17657.23;-104.48
17660.16;-104.41
17663.09;-104.33
17666.02;-104.64
17668.95;-105.03
17671.88;-104.95
17674.80;-104.95
17677.73;-104.80
17680.66;-104.87
17683.59;-104.95
17686.52;-104.80
17689.45;-104.48
17692.38;-104.41
17695.31;-104.48
17698.24;-104.56
17701.17;-104.80
17704.10;-104.72
17707.03;-104.64
17709.96;-104.48
17712.89;-104.41
17715.82;-104.41
17718.75;-104.64
17721.68;-104.41
17724.61;-104.48
17727.54;-104.64
17730.47;-104.48
17733.40;-104.64
17736.33;-104.80
17739.26;-104.56
17742.19;-104.56
17745.12;-104.56
17748.05;-104.48
17750.98;-104.80
17753.91;-104.56
17756.84;-104.64
17759.77;-104.80
17762.70;-104.48
17765.63;-104.80
17768.55;-105.11
17771.48;-104.87
17774.41;-104.41
17777.34;-104.41
17780.27;-104.64
17783.20;-104.64
17786.13;-104.56
17789.06;-104.48
17791.99;-104.33
17794.92;-104.56
17797.85;-104.72
17800.78;-104.80
17803.71;-105.19
17806.64;-104.87
17809.57;-104.87
17812.50;-104.87
17815.43;-104.33
17818.36;-104.41
17821.29;-104.64
17824.22;-104.80
17827.15;-104.64
17830.08;-104.64
17833.01;-104.48
17835.94;-104.56
17838.87;-104.56
17841.80;-104.64
17844.73;-104.64
17847.66;-104.56
17850.59;-104.56
17853.52;-104.56
17856.45;-104.41
17859.38;-104.41
17862.30;-104.72
17865.23;-104.64
17868.16;-104.33
17871.09;-104.48
17874.02;-104.72
17876.95;-104.72
17879.88;-104.72
17882.81;-104.48
17885.74;-104.72
17888.67;-104.64
17891.60;-104.72
17894.53;-104.72
17897.46;-104.72
17900.39;-104.72
17903.32;-104.48
17906.25;-104.56
17909.18;-104.72
17912.11;-104.64
17915.04;-104.48
17917.97;-104.56
17920.90;-104.33
17923.83;-104.48
17926.76;-104.64
17929.69;-104.80
17932.62;-104.80
17935.55;-104.64
17938.48;-104.48
17941.41;-104.56
17944.34;-104.72
17947.27;-104.87
17950.20;-104.80
17953.13;-104.87
17956.05;-104.64
17958.98;-104.48
17961.91;-104.25
17964.84;-104.25
17967.77;-104.56
17970.70;-104.87
17973.63;-104.87
17976.56;-104.80
17979.49;-104.87
17982.42;-104.64
17985.35;-104.17
17988.28;-104.48
17991.21;-104.56
17994.14;-104.33
17997.07;-104.33
18000.00;-104.64
18002.93;-104.64
18005.86;-104.87
18008.79;-104.64
18011.72;-104.48
18014.65;-104.48
18017.58;-104.56
18020.51;-104.48
18023.44;-104.33
18026.37;-104.48
18029.30;-104.80
18032.23;-104.41
18035.16;-104.56
18038.09;-104.72
18041.02;-104.48
18043.95;-104.41
18046.88;-104.64
18049.80;-104.64
18052.73;-104.56
18055.66;-104.72
18058.59;-104.56
18061.52;-104.64
18064.45;-104.41
18067.38;-104.56
18070.31;-104.64
18073.24;-104.64
18076.17;-104.56
18079.10;-104.25
18082.03;-104.25
18084.96;-104.41
18087.89;-104.56
18090.82;-104.56
18093.75;-104.48
18096.68;-104.48
18099.61;-104.33
18102.54;-104.09
18105.47;-104.33
18108.40;-104.56
18111.33;-104.56
18114.26;-104.56
18117.19;-104.56
18120.12;-104.56
18123.05;-104.48
18125.98;-104.41
18128.91;-104.17
18131.84;-104.33
18134.77;-104.48
18137.70;-104.25
18140.63;-104.48
18143.55;-104.64
18146.48;-104.80
18149.41;-104.41
18152.34;-104.09
18155.27;-104.41
18158.20;-104.41
18161.13;-104.48
18164.06;-104.41
18166.99;-104.41
18169.92;-104.48
18172.85;-104.56
18175.78;-104.64
18178.71;-104.41
18181.64;-104.48
18184.57;-104.48
18187.50;-104.48
18190.43;-104.33
18193.36;-104.33
18196.29;-104.48
18199.22;-104.72
18202.15;-104.56
18205.08;-104.41
18208.01;-104.64
18210.94;-104.41
18213.87;-104.48
18216.80;-104.64
18219.73;-104.64
18222.66;-104.25
18225.59;-104.01
18228.52;-104.25
18231.45;-104.56
18234.38;-104.48
18237.30;-104.41
18240.23;-104.48
18243.16;-104.72
18246.09;-104.48
18249.02;-104.25
18251.95;-104.33
18254.88;-104.48
18257.81;-104.48
18260.74;-104.41
18263.67;-104.33
18266.60;-104.48
18269.53;-104.64
18272.46;-104.64
18275.39;-104.72
18278.32;-104.56
18281.25;-104.17
18284.18;-104.33
18287.11;-104.41
18290.04;-104.48
18292.97;-104.17
18295.90;-104.17
18298.83;-104.33
18301.76;-104.17
18304.69;-104.41
18307.62;-104.48
18310.55;-104.41
18313.48;-104.56
18316.41;-104.48
18319.34;-104.64
18322.27;-104.33
18325.20;-104.17
18328.13;-104.48
18331.05;-104.72
18333.98;-104.48
18336.91;-104.17
18339.84;-104.41
18342.77;-104.41
18345.70;-104.25
18348.63;-104.41
18351.56;-104.41
18354.49;-104.25
18357.42;-104.33
18360.35;-104.64
18363.28;-104.41
18366.21;-104.56
18369.14;-104.72
18372.07;-104.33
18375.00;-104.33
18377.93;-104.56
18380.86;-104.48
18383.79;-104.17
18386.72;-104.09
18389.65;-104.41
18392.58;-104.33
18395.51;-104.25
18398.44;-104.09
18401.37;-103.86
18404.30;-104.48
18407.23;-104.48
18410.16;-104.48
18413.09;-104.41
18416.02;-104.56
18418.95;-104.25
18421.88;-103.94
18424.80;-104.17
18427.73;-104.48
18430.66;-104.33
18433.59;-104.33
18436.52;-104.41
18439.45;-104.33
18442.38;-104.41
18445.31;-104.41
18448.24;-104.25
18451.17;-104.17
18454.10;-104.25
18457.03;-104.33
18459.96;-104.33
18462.89;-104.33
18465.82;-104.56
18468.75;-104.56
18471.68;-104.17
18474.61;-104.41
18477.54;-104.17
18480.47;-104.09
18483.40;-104.41
18486.33;-104.33
18489.26;-104.41
18492.19;-104.48
18495.12;-104.48
18498.05;-104.48
18500.98;-104.56
18503.91;-104.25
18506.84;-104.33
18509.77;-104.33
18512.70;-104.41
18515.63;-104.48
18518.55;-104.41
18521.48;-104.33
18524.41;-104.33
18527.34;-104.25
18530.27;-104.01
18533.20;-104.33
18536.13;-104.56
18539.06;-104.41
18541.99;-104.25
18544.92;-104.09
18547.85;-104.41
18550.78;-104.33
18553.71;-104.25
18556.64;-104.33
18559.57;-104.41
18562.50;-104.56
18565.43;-104.41
18568.36;-104.41
18571.29;-104.48
18574.22;-104.33
18577.15;-104.01
18580.08;-104.01
18583.01;-104.25
18585.94;-104.17
18588.87;-104.01
18591.80;-104.09
18594.73;-104.09
18597.66;-104.09
18600.59;-103.94
18603.52;-103.86
18606.45;-104.17
18609.38;-104.41
18612.30;-104.41
18615.23;-104.33
18618.16;-104.17
18621.09;-104.25
18624.02;-104.41
18626.95;-104.48
18629.88;-104.48
18632.81;-104.41
18635.74;-104.33
18638.67;-104.48
18641.60;-104.41
18644.53;-104.25
18647.46;-104.17
18650.39;-104.33
18653.32;-104.33
18656.25;-104.33
18659.18;-104.25
18662.11;-104.17
18665.04;-104.17
18667.97;-104.25
18670.90;-104.56
18673.83;-104.72
18676.76;-104.33
18679.69;-104.25
18682.62;-104.25
18685.55;-104.09
18688.48;-104.17
18691.41;-104.01
18694.34;-104.17
18697.27;-103.86
18700.20;-104.01
18703.13;-104.17
18706.05;-104.41
18708.98;-104.56
18711.91;-104.25
18714.84;-103.86
18717.77;-103.86
18720.70;-103.94
18723.63;-104.33
18726.56;-104.41
18729.49;-104.17
18732.42;-104.17
18735.35;-104.25
18738.28;-104.17
18741.21;-104.25
18744.14;-104.01
18747.07;-104.25
18750.00;-104.33
18752.93;-104.48
18755.86;-104.48
18758.79;-104.41
18761.72;-104.17
18764.65;-104.17
18767.58;-104.09
18770.51;-104.25
18773.44;-104.33
18776.37;-104.25
18779.30;-104.17
18782.23;-104.25
18785.16;-104.09
18788.09;-104.01
18791.02;-104.33
18793.95;-104.17
18796.88;-104.33
18799.80;-104.48
18802.73;-104.41
18805.66;-104.25
18808.59;-104.48
18811.52;-104.09
18814.45;-103.86
18817.38;-103.86
18820.31;-104.09
18823.24;-104.01
18826.17;-104.25
18829.10;-104.33
18832.03;-104.25
18834.96;-104.01
18837.89;-104.01
18840.82;-104.41
18843.75;-104.09
18846.68;-104.09
18849.61;-104.01
18852.54;-104.09
18855.47;-104.25
18858.40;-104.33
18861.33;-104.25
18864.26;-104.17
18867.19;-104.41
18870.12;-104.41
18873.05;-104.33
18875.98;-104.25
18878.91;-103.94
18881.84;-104.01
18884.77;-104.41
18887.70;-104.33
18890.63;-104.17
18893.55;-104.41
18896.48;-104.09
18899.41;-104.25
18902.34;-104.33
18905.27;-104.17
18908.20;-104.01
18911.13;-104.01
18914.06;-104.01
18916.99;-104.09
18919.92;-104.01
18922.85;-104.01
18925.78;-103.78
18928.71;-104.09
18931.64;-104.17
18934.57;-104.09
18937.50;-104.01
18940.43;-104.17
18943.36;-104.09
18946.29;-104.09
18949.22;-104.25
18952.15;-104.33
18955.08;-104.17
18958.01;-104.09
18960.94;-104.09
18963.87;-104.33
18966.80;-104.09
18969.73;-104.17
18972.66;-104.09
18975.59;-104.25
18978.52;-104.25
18981.45;-104.25
18984.38;-104.33
18987.30;-104.17
18990.23;-104.25
18993.16;-103.94
18996.09;-104.01
18999.02;-103.86
19001.95;-103.78
19004.88;-104.09
19007.81;-103.78
19010.74;-103.70
19013.67;-104.17
19016.60;-104.09
19019.53;-104.01
19022.46;-104.09
19025.39;-103.86
19028.32;-103.94
19031.25;-103.78
19034.18;-104.17
19037.11;-104.17
19040.04;-104.17
19042.97;-103.94
19045.90;-104.01
19048.83;-104.17
19051.76;-104.01
19054.69;-103.70
19057.62;-103.78
19060.55;-104.09
19063.48;-103.94
19066.41;-103.94
19069.34;-103.70
19072.27;-103.94
19075.20;-104.09
19078.13;-103.86
19081.05;-103.86
19083.98;-104.01
19086.91;-103.94
19089.84;-104.09
19092.77;-104.17
19095.70;-104.09
19098.63;-104.17
19101.56;-104.01
19104.49;-104.25
19107.42;-104.09
19110.35;-104.17
19113.28;-104.25
19116.21;-104.25
19119.14;-104.48
19122.07;-103.94
19125.00;-103.70
19127.93;-103.94
19130.86;-104.01
19133.79;-104.01
19136.72;-104.09
19139.65;-103.86
19142.58;-104.17
19145.51;-104.17
19148.44;-103.86
19151.37;-103.78
19154.30;-103.78
19157.23;-103.86
19160.16;-103.62
19163.09;-104.01
19166.02;-104.17
19168.95;-104.01
19171.88;-103.94
19174.80;-103.70
19177.73;-103.94
19180.66;-104.09
19183.59;-103.94
19186.52;-104.01
19189.45;-104.25
19192.38;-104.09
19195.31;-104.01
19198.24;-104.25
19201.17;-103.94
19204.10;-103.78
19207.03;-104.01
19209.96;-103.86
19212.89;-103.86
19215.82;-103.78
19218.75;-103.86
19221.68;-104.01
19224.61;-103.86
19227.54;-104.01
19230.47;-104.17
19233.40;-103.94
19236.33;-103.94
19239.26;-104.09
19242.19;-103.70
19245.12;-104.01
19248.05;-104.25
19250.98;-104.25
19253.91;-104.09
19256.84;-103.94
19259.77;-104.09
19262.70;-104.01
19265.63;-103.94
19268.55;-104.17
19271.48;-104.33
19274.41;-104.33
19277.34;-104.01
19280.27;-103.86
19283.20;-103.94
19286.13;-104.01
19289.06;-104.09
19291.99;-104.01
19294.92;-104.01
19297.85;-103.94
19300.78;-103.86
19303.71;-104.09
19306.64;-104.09
19309.57;-103.78
19312.50;-103.70
19315.43;-103.94
19318.36;-104.17
19321.29;-103.78
19324.22;-103.78
19327.15;-103.78
19330.08;-103.94
19333.01;-103.86
19335.94;-103.86
19338.87;-104.01
19341.80;-103.86
19344.73;-103.94
19347.66;-103.94
19350.59;-103.94
19353.52;-104.09
19356.45;-104.09
19359.38;-104.09
19362.30;-103.94
19365.23;-103.94
19368.16;-103.78
19371.09;-104.09
19374.02;-104.01
19376.95;-103.86
19379.88;-104.09
19382.81;-104.25
19385.74;-103.94
19388.67;-103.94
19391.60;-104.09
19394.53;-103.86
19397.46;-103.70
19400.39;-103.86
19403.32;-104.01
19406.25;-103.94
19409.18;-103.94
19412.11;-104.01
19415.04;-104.01
19417.97;-103.86
19420.90;-103.78
19423.83;-103.86
19426.76;-103.86
19429.69;-103.94
19432.62;-103.78
19435.55;-104.01
19438.48;-104.25
19441.41;-104.01
19444.34;-103.94
19447.27;-103.86
19450.20;-104.01
19453.13;-104.09
19456.05;-103.70
19458.98;-103.47
19461.91;-103.78
19464.84;-104.01
19467.77;-103.78
19470.70;-104.09
19473.63;-104.09
19476.56;-104.01
19479.49;-104.09
19482.42;-103.86
19485.35;-103.94
19488.28;-104.01
19491.21;-103.86
19494.14;-103.86
19497.07;-103.78
19500.00;-103.78
19502.93;-103.86
19505.86;-104.01
19508.79;-104.01
19511.72;-103.94
19514.65;-103.70
19517.58;-103.62
19520.51;-104.09
19523.44;-103.86
19526.37;-103.86
19529.30;-103.94
19532.23;-103.86
19535.16;-103.86
19538.09;-104.09
19541.02;-103.86
19543.95;-103.78
19546.88;-104.01
19549.80;-103.86
19552.73;-104.01
19555.66;-104.01
19558.59;-103.78
19561.52;-103.47
19564.45;-103.78
19567.38;-104.09
19570.31;-103.78
19573.24;-103.78
19576.17;-104.09
19579.10;-104.17
19582.03;-103.78
19584.96;-103.55
19587.89;-103.86
19590.82;-103.86
19593.75;-103.70
19596.68;-104.01
19599.61;-103.94
19602.54;-104.01
19605.47;-103.94
19608.40;-104.01
19611.33;-104.09
19614.26;-103.86
19617.19;-103.70
19620.12;-103.78
19623.05;-104.01
19625.98;-103.94
19628.91;-103.70
19631.84;-103.86
19634.77;-103.86
19637.70;-103.78
19640.63;-103.86
19643.55;-103.78
19646.48;-103.78
19649.41;-103.70
19652.34;-103.86
19655.27;-103.70
19658.20;-103.78
19661.13;-104.01
19664.06;-103.86
19666.99;-103.70
19669.92;-103.94
19672.85;-104.09
19675.78;-104.09
19678.71;-103.94
19681.64;-104.09
19684.57;-103.94
19687.50;-103.70
19690.43;-103.62
19693.36;-103.55
19696.29;-103.86
19699.22;-103.94
19702.15;-104.01
19705.08;-103.86
19708.01;-103.78
19710.94;-103.78
19713.87;-103.94
19716.80;-103.94
19719.73;-104.09
19722.66;-104.09
19725.59;-104.09
19728.52;-103.78
19731.45;-103.62
19734.38;-103.78
19737.30;-103.94
19740.23;-103.70
19743.16;-103.86
19746.09;-103.94
19749.02;-103.94
19751.95;-103.70
19754.88;-103.78
19757.81;-103.86
19760.74;-103.62
19763.67;-103.70
19766.60;-103.94
19769.53;-104.01
19772.46;-103.94
19775.39;-103.78
19778.32;-103.78
19781.25;-103.94
19784.18;-103.86
19787.11;-103.94
19790.04;-103.86
19792.97;-103.78
19795.90;-103.70
19798.83;-103.78
19801.76;-103.47
19804.69;-103.55
19807.62;-103.94
19810.55;-104.09
19813.48;-104.09
19816.41;-103.86
19819.34;-103.70
19822.27;-103.70
19825.20;-103.86
19828.13;-103.78
19831.05;-103.78
19833.98;-103.39
19836.91;-103.47
19839.84;-104.01
19842.77;-103.94
19845.70;-104.01
19848.63;-103.78
19851.56;-103.47
19854.49;-103.70
19857.42;-103.70
19860.35;-103.62
19863.28;-103.62
19866.21;-103.94
19869.14;-104.09
19872.07;-103.86
19875.00;-103.70
19877.93;-103.94
19880.86;-104.01
19883.79;-103.94
19886.72;-103.62
19889.65;-103.62
19892.58;-103.78
19895.51;-103.86
19898.44;-103.70
19901.37;-103.94
19904.30;-104.01
19907.23;-103.78
19910.16;-103.78
19913.09;-103.86
19916.02;-103.86
19918.95;-103.94
19921.88;-104.17
19924.80;-103.70
19927.73;-103.70
19930.66;-103.78
19933.59;-103.62
19936.52;-103.39
19939.45;-103.86
19942.38;-103.94
19945.31;-103.94
19948.24;-103.78
19951.17;-103.62
19954.10;-103.70
19957.03;-103.62
19959.96;-103.47
19962.89;-103.70
19965.82;-103.70
19968.75;-103.86
19971.68;-103.94
19974.61;-103.86
19977.54;-103.70
19980.47;-103.70
19983.40;-103.78
19986.33;-104.01
19989.26;-104.09
19992.19;-103.78
19995.12;-103.70
19998.05;-104.09
20000.98;-103.86
20003.91;-103.94
20006.84;-103.94
20009.77;-103.70
20012.70;-103.62
20015.63;-103.47
20018.55;-103.55
20021.48;-103.94
20024.41;-103.86
20027.34;-103.62
20030.27;-103.70
20033.20;-103.70
20036.13;-103.55
20039.06;-103.31
20041.99;-103.39
20044.92;-103.62
20047.85;-103.70
20050.78;-103.86
20053.71;-103.70
20056.64;-103.62
20059.57;-103.70
20062.50;-103.70
20065.43;-103.78
20068.36;-103.70
20071.29;-103.70
20074.22;-103.62
20077.15;-103.39
20080.08;-103.70
20083.01;-103.70
20085.94;-103.78
20088.87;-103.47
20091.80;-103.47
20094.73;-103.70
20097.66;-103.62
20100.59;-103.55
20103.52;-103.62
20106.45;-103.70
20109.38;-103.86
20112.30;-103.70
20115.23;-103.86
20118.16;-103.62
20121.09;-103.62
20124.02;-103.62
20126.95;-103.78
20129.88;-103.86
20132.81;-103.78
20135.74;-103.62
20138.67;-103.70
20141.60;-103.78
20144.53;-103.55
20147.46;-103.62
20150.39;-103.94
20153.32;-103.86
20156.25;-103.70
20159.18;-103.86
20162.11;-103.62
20165.04;-103.78
20167.97;-103.94
20170.90;-103.70
20173.83;-103.62
20176.76;-104.01
20179.69;-103.94
20182.62;-103.78
20185.55;-103.70
20188.48;-103.62
20191.41;-103.39
20194.34;-103.31
20197.27;-103.55
20200.20;-103.70
20203.13;-103.62
20206.05;-103.86
20208.98;-103.47
20211.91;-103.47
20214.84;-103.78
20217.77;-103.62
20220.70;-103.47
20223.63;-103.78
20226.56;-103.78
20229.49;-103.86
20232.42;-103.55
20235.35;-103.47
20238.28;-103.55
20241.21;-104.01
20244.14;-103.78
20247.07;-103.78
20250.00;-103.94
20252.93;-103.94
20255.86;-103.86
20258.79;-103.94
20261.72;-103.70
20264.65;-103.70
20267.58;-103.94
20270.51;-103.78
20273.44;-103.62
20276.37;-103.70
20279.30;-103.94
20282.23;-103.86
20285.16;-103.86
20288.09;-103.70
20291.02;-103.78
20293.95;-103.86
20296.88;-103.78
20299.80;-103.62
20302.73;-103.62
20305.66;-103.62
20308.59;-103.86
20311.52;-104.01
20314.45;-103.86
20317.38;-103.62
20320.31;-103.70
20323.24;-103.86
20326.17;-103.86
20329.10;-103.78
20332.03;-103.62
20334.96;-103.55
20337.89;-103.55
20340.82;-103.55
20343.75;-103.47
20346.68;-103.62
20349.61;-103.39
20352.54;-103.31
20355.47;-103.62
20358.40;-103.86
20361.33;-103.86
20364.26;-103.55
20367.19;-103.70
20370.12;-103.78
20373.05;-103.78
20375.98;-103.78
20378.91;-103.55
20381.84;-103.62
20384.77;-103.78
20387.70;-103.70
20390.63;-103.39
20393.55;-103.62
20396.48;-104.01
20399.41;-103.70
20402.34;-103.62
20405.27;-103.62
20408.20;-103.86
20411.13;-103.70
20414.06;-103.55
20416.99;-103.55
20419.92;-103.62
20422.85;-103.86
20425.78;-103.94
20428.71;-103.55
20431.64;-103.62
20434.57;-103.62
20437.50;-103.31
20440.43;-103.47
20443.36;-103.47
20446.29;-103.55
20449.22;-103.78
20452.15;-103.78
20455.08;-104.01
20458.01;-104.09
20460.94;-103.70
20463.87;-103.62
20466.80;-103.55
20469.73;-103.31
20472.66;-103.62
20475.59;-103.78
20478.52;-103.62
20481.45;-103.86
20484.38;-103.47
20487.30;-103.39
20490.23;-103.55
20493.16;-103.47
20496.09;-103.39
20499.02;-103.62
20501.95;-103.55
20504.88;-103.55
20507.81;-103.94
20510.74;-104.01
20513.67;-103.86
20516.60;-103.62
20519.53;-103.70
20522.46;-103.70
20525.39;-103.47
20528.32;-103.47
20531.25;-103.62
20534.18;-103.70
20537.11;-103.55
20540.04;-103.55
20542.97;-103.55
20545.90;-103.47
20548.83;-103.70
20551.76;-103.86
20554.69;-103.47
20557.62;-103.55
20560.55;-103.78
20563.48;-103.39
20566.41;-103.39
20569.34;-103.55
20572.27;-103.55
20575.20;-103.47
20578.13;-103.47
20581.05;-103.86
20583.98;-103.94
20586.91;-103.86
20589.84;-103.62
20592.77;-103.86
20595.70;-103.86
20598.63;-103.70
20601.56;-103.78
20604.49;-103.78
20607.42;-103.70
20610.35;-103.78
20613.28;-103.70
20616.21;-103.62
20619.14;-103.70
20622.07;-103.78
20625.00;-103.39
20627.93;-103.31
20630.86;-103.70
20633.79;-103.70
20636.72;-103.86
20639.65;-103.78
20642.58;-103.86
20645.51;-103.39
20648.44;-103.31
20651.37;-103.39
20654.30;-103.39
20657.23;-103.39
20660.16;-103.47
20663.09;-103.62
20666.02;-103.31
20668.95;-103.39
20671.88;-103.70
20674.80;-103.78
20677.73;-103.62
20680.66;-103.55
20683.59;-103.47
20686.52;-103.55
20689.45;-103.62
20692.38;-103.62
20695.31;-103.47
20698.24;-103.62
20701.17;-103.86
20704.10;-103.62
20707.03;-103.31
20709.96;-103.39
20712.89;-103.55
20715.82;-103.39
20718.75;-103.31
20721.68;-103.55
20724.61;-103.62
20727.54;-103.39
20730.47;-103.62
20733.40;-103.47
20736.33;-103.55
20739.26;-103.55
20742.19;-103.62
20745.12;-103.70
20748.05;-103.86
20750.98;-103.62
20753.91;-103.62
20756.84;-103.62
20759.77;-103.31
20762.70;-103.31
20765.63;-103.70
20768.55;-103.86
20771.48;-103.78
20774.41;-103.86
20777.34;-103.39
20780.27;-103.31
20783.20;-103.47
20786.13;-103.31
20789.06;-103.47
20791.99;-103.47
20794.92;-103.39
20797.85;-103.39
20800.78;-103.47
20803.71;-103.55
20806.64;-103.62
20809.57;-103.55
20812.50;-103.62
20815.43;-103.70
20818.36;-103.55
20821.29;-103.55
20824.22;-103.31
20827.15;-103.16
20830.08;-103.47
20833.01;-103.62
20835.94;-103.39
20838.87;-103.31
20841.80;-103.47
20844.73;-103.39
20847.66;-103.47
20850.59;-103.39
20853.52;-103.47
20856.45;-103.55
20859.38;-103.47
20862.30;-103.55
20865.23;-103.55
20868.16;-103.70
20871.09;-103.62
20874.02;-103.31
20876.95;-103.39
20879.88;-103.55
20882.81;-103.70
20885.74;-103.55
20888.67;-103.47
20891.60;-103.55
20894.53;-103.31
20897.46;-103.39
20900.39;-103.16
20903.32;-103.23
20906.25;-103.23
20909.18;-103.39
20912.11;-103.39
20915.04;-103.31
20917.97;-103.31
20920.90;-103.23
20923.83;-103.23
20926.76;-103.39
20929.69;-103.39
20932.62;-103.31
20935.55;-103.47
20938.48;-103.55
20941.41;-103.78
20944.34;-103.47
20947.27;-103.23
20950.20;-103.39
20953.13;-103.31
20956.05;-103.39
20958.98;-103.23
20961.91;-103.23
20964.84;-103.47
20967.77;-103.39
20970.70;-103.23
20973.63;-103.31
20976.56;-103.47
20979.49;-103.55
20982.42;-103.39
20985.35;-103.31
20988.28;-103.62
20991.21;-103.39
20994.14;-103.39
20997.07;-103.62
21000.00;-103.39
21002.93;-103.47
21005.86;-103.62
21008.79;-103.39
21011.72;-103.39
21014.65;-103.39
21017.58;-103.47
21020.51;-103.62
21023.44;-103.55
21026.37;-103.47
21029.30;-103.47
21032.23;-103.47
21035.16;-103.39
21038.09;-103.31
21041.02;-103.31
21043.95;-103.62
21046.88;-103.23
21049.80;-103.08
21052.73;-103.39
21055.66;-103.39
21058.59;-103.31
21061.52;-103.39
21064.45;-103.39
21067.38;-103.31
21070.31;-103.16
21073.24;-103.16
21076.17;-103.23
21079.10;-103.16
21082.03;-103.16
21084.96;-103.31
21087.89;-103.39
21090.82;-103.62
21093.75;-103.70
21096.68;-103.16
21099.61;-103.08
21102.54;-103.47
21105.47;-103.55
21108.40;-103.62
21111.33;-103.47
21114.26;-103.23
21117.19;-103.23
21120.12;-103.16
21123.05;-103.08
21125.98;-103.31
21128.91;-103.31
21131.84;-103.23
21134.77;-103.47
21137.70;-103.39
21140.63;-103.31
21143.55;-103.31
21146.48;-103.23
21149.41;-103.23
21152.34;-103.39
21155.27;-103.39
21158.20;-103.47
21161.13;-103.47
21164.06;-103.47
21166.99;-103.31
21169.92;-103.23
21172.85;-103.23
21175.78;-103.31
21178.71;-102.92
21181.64;-103.23
21184.57;-103.16
21187.50;-103.16
21190.43;-103.16
21193.36;-103.39
21196.29;-103.47
21199.22;-103.16
21202.15;-103.16
21205.08;-103.23
21208.01;-103.16
21210.94;-103.23
21213.87;-103.23
21216.80;-103.23
21219.73;-103.23
21222.66;-103.08
21225.59;-102.92
21228.52;-103.16
21231.45;-103.47
21234.38;-103.47
21237.30;-103.47
21240.23;-103.55
21243.16;-103.55
21246.09;-103.55
21249.02;-103.31
21251.95;-103.16
21254.88;-103.47
21257.81;-103.47
21260.74;-103.55
21263.67;-103.39
21266.60;-103.47
21269.53;-103.55
21272.46;-103.23
21275.39;-103.47
21278.32;-103.62
21281.25;-103.39
21284.18;-103.23
21287.11;-103.16
21290.04;-103.16
21292.97;-103.23
21295.90;-103.39
21298.83;-103.31
21301.76;-103.23
21304.69;-103.16
21307.62;-103.31
21310.55;-103.31
21313.48;-103.23
21316.41;-103.31
21319.34;-103.39
21322.27;-103.55
21325.20;-103.39
21328.13;-103.16
21331.05;-103.00
21333.98;-103.16
21336.91;-103.23
21339.84;-103.39
21342.77;-103.31
21345.70;-103.39
21348.63;-103.31
21351.56;-103.55
21354.49;-103.47
21357.42;-103.31
21360.35;-103.16
21363.28;-103.08
21366.21;-103.39
21369.14;-103.23
21372.07;-103.31
21375.00;-103.31
21377.93;-103.23
21380.86;-103.31
21383.79;-103.23
21386.72;-103.16
21389.65;-103.55
21392.58;-103.39
21395.51;-103.16
21398.44;-103.16
21401.37;-103.16
21404.30;-103.23
21407.23;-103.39
21410.16;-103.23
21413.09;-103.23
21416.02;-103.08
21418.95;-103.16
21421.88;-103.16
21424.80;-103.31
21427.73;-103.47
21430.66;-103.16
21433.59;-103.00
21436.52;-103.16
21439.45;-103.23
21442.38;-103.39
21445.31;-103.31
21448.24;-103.08
21451.17;-102.92
21454.10;-102.76
21457.03;-102.92
21459.96;-102.92
21462.89;-102.76
21465.82;-103.08
21468.75;-103.23
21471.68;-103.16
21474.61;-103.00
21477.54;-103.16
21480.47;-103.23
21483.40;-103.23
21486.33;-103.23
21489.26;-103.31
21492.19;-103.23
21495.12;-103.16
21498.05;-103.16
21500.98;-103.31
21503.91;-103.16
21506.84;-103.00
21509.77;-103.31
21512.70;-103.31
21515.63;-103.23
21518.55;-103.39
21521.48;-103.16
21524.41;-103.08
21527.34;-103.31
21530.27;-103.39
21533.20;-103.00
21536.13;-102.92
21539.06;-103.31
21541.99;-103.39
21544.92;-103.39
21547.85;-103.39
21550.78;-103.39
21553.71;-103.39
21556.64;-103.16
21559.57;-102.92
21562.50;-103.23
21565.43;-103.55
21568.36;-103.31
21571.29;-103.23
21574.22;-103.16
21577.15;-103.00
21580.08;-103.00
21583.01;-103.16
21585.94;-103.00
21588.87;-103.23
21591.80;-103.23
21594.73;-103.16
21597.66;-103.16
21600.59;-103.16
21603.52;-103.08
21606.45;-103.31
21609.38;-103.55
21612.30;-103.31
21615.23;-103.16
21618.16;-103.16
21621.09;-103.23
21624.02;-103.23
21626.95;-103.31
21629.88;-103.47
21632.81;-103.47
21635.74;-103.47
21638.67;-103.39
21641.60;-103.23
21644.53;-103.31
21647.46;-103.47
21650.39;-103.31
21653.32;-103.16
21656.25;-103.39
21659.18;-103.23
21662.11;-103.23
21665.04;-103.31
21667.97;-103.16
21670.90;-103.08
21673.83;-103.16
21676.76;-103.08
21679.69;-103.16
21682.62;-103.39
21685.55;-103.39
21688.48;-103.39
21691.41;-103.16
21694.34;-103.00
21697.27;-103.00
21700.20;-102.92
21703.13;-103.00
21706.05;-103.16
21708.98;-103.00
21711.91;-103.31
21714.84;-103.31
21717.77;-103.31
21720.70;-103.31
21723.63;-103.16
21726.56;-103.23
21729.49;-103.31
21732.42;-103.00
21735.35;-102.92
21738.28;-103.08
21741.21;-103.23
21744.14;-103.23
21747.07;-103.00
21750.00;-103.08
21752.93;-103.16
21755.86;-103.16
21758.79;-103.23
21761.72;-103.00
21764.65;-102.84
21767.58;-103.08
21770.51;-103.16
21773.44;-103.23
21776.37;-103.08
21779.30;-103.16
21782.23;-103.39
21785.16;-103.31
21788.09;-103.08
21791.02;-103.08
21793.95;-103.31
21796.88;-103.23
21799.80;-103.31
21802.73;-103.31
21805.66;-103.16
21808.59;-103.00
21811.52;-103.00
21814.45;-103.16
21817.38;-103.16
21820.31;-103.31
21823.24;-103.39
21826.17;-103.08
21829.10;-102.76
21832.03;-102.84
21834.96;-103.08
21837.89;-103.23
21840.82;-103.08
21843.75;-103.47
21846.68;-103.31
21849.61;-103.00
21852.54;-102.92
21855.47;-103.31
21858.40;-103.23
21861.33;-102.92
21864.26;-102.92
21867.19;-103.23
21870.12;-103.16
21873.05;-103.08
21875.98;-102.92
21878.91;-103.00
21881.84;-103.08
21884.77;-103.16
21887.70;-103.08
21890.63;-103.08
21893.55;-102.92
21896.48;-102.92
21899.41;-103.31
21902.34;-103.08
21905.27;-102.84
21908.20;-102.84
21911.13;-102.92
21914.06;-103.08
21916.99;-102.92
21919.92;-102.84
21922.85;-102.92
21925.78;-102.84
21928.71;-103.00
21931.64;-103.00
21934.57;-102.76
21937.50;-102.76
21940.43;-102.76
21943.36;-102.84
21946.29;-102.92
21949.22;-102.92
21952.15;-102.92
21955.08;-103.08
21958.01;-103.23
21960.94;-103.08
21963.87;-102.84
21966.80;-103.23
21969.73;-103.08
21972.66;-103.08
21975.59;-103.31
21978.52;-103.00
21981.45;-102.92
21984.38;-102.84
21987.30;-103.08
21990.23;-103.00
21993.16;-102.92
21996.09;-103.08
21999.02;-103.23
22001.95;-103.08
22004.88;-103.00
22007.81;-103.16
22010.74;-103.39
22013.67;-103.23
22016.60;-103.16
22019.53;-103.23
22022.46;-103.23
22025.39;-103.47
22028.32;-103.55
22031.25;-103.23
22034.18;-103.08
22037.11;-102.92
22040.04;-103.00
22042.97;-102.76
22045.90;-103.00
22048.83;-103.31
22051.76;-103.16
22054.69;-102.92
22057.62;-103.16
22060.55;-103.08
22063.48;-102.84
22066.41;-103.16
22069.34;-103.23
22072.27;-103.23
22075.20;-103.16
22078.13;-103.00
22081.05;-102.84
22083.98;-103.00
22086.91;-103.16
22089.84;-103.16
22092.77;-103.00
22095.70;-103.23
22098.63;-103.00
22101.56;-102.92
22104.49;-103.08
22107.42;-103.00
22110.35;-103.23
22113.28;-103.00
22116.21;-102.92
22119.14;-103.08
22122.07;-103.00
22125.00;-103.08
22127.93;-102.69
22130.86;-102.84
22133.79;-103.08
22136.72;-103.16
22139.65;-103.16
22142.58;-103.23
22145.51;-103.08
22148.44;-102.92
22151.37;-103.00
22154.30;-103.00
22157.23;-103.00
22160.16;-103.08
22163.09;-103.00
22166.02;-102.76
22168.95;-103.16
22171.88;-103.08
22174.80;-102.84
22177.73;-103.00
22180.66;-103.00
22183.59;-102.84
22186.52;-102.92
22189.45;-103.16
22192.38;-102.76
22195.31;-102.84
22198.24;-102.84
22201.17;-103.16
22204.10;-103.31
22207.03;-103.23
22209.96;-103.08
22212.89;-103.08
22215.82;-103.00
22218.75;-102.92
22221.68;-103.08
22224.61;-103.16
22227.54;-103.00
22230.47;-103.16
22233.40;-103.00
22236.33;-103.08
22239.26;-102.92
22242.19;-103.08
22245.12;-102.76
22248.05;-102.84
22250.98;-103.16
22253.91;-103.31
22256.84;-102.92
22259.77;-102.76
22262.70;-102.84
22265.63;-102.92
22268.55;-102.84
22271.48;-103.16
22274.41;-103.31
22277.34;-103.16
22280.27;-103.08
22283.20;-103.16
22286.13;-102.92
22289.06;-103.00
22291.99;-102.92
22294.92;-103.00
22297.85;-102.92
22300.78;-103.00
22303.71;-103.16
22306.64;-103.23
22309.57;-103.08
22312.50;-103.31
22315.43;-103.16
22318.36;-102.76
22321.29;-102.84
22324.22;-103.08
22327.15;-103.16
22330.08;-103.08
22333.01;-103.16
22335.94;-103.08
22338.87;-103.08
22341.80;-103.00
22344.73;-102.76
22347.66;-103.00
22350.59;-103.23
22353.52;-103.16
22356.45;-103.23
22359.38;-103.16
22362.30;-103.08
22365.23;-102.84
22368.16;-103.00
22371.09;-103.23
22374.02;-102.84
22376.95;-102.53
22379.88;-102.84
22382.81;-103.00
22385.74;-103.00
22388.67;-102.76
22391.60;-102.92
22394.53;-102.76
22397.46;-103.08
22400.39;-103.16
22403.32;-103.16
22406.25;-102.84
22409.18;-103.08
22412.11;-103.31
22415.04;-103.08
22417.97;-102.84
22420.90;-102.92
22423.83;-102.84
22426.76;-102.69
22429.69;-102.76
22432.62;-102.84
22435.55;-102.76
22438.48;-102.92
22441.41;-103.08
22444.34;-103.00
22447.27;-102.76
22450.20;-102.76
22453.13;-103.00
22456.05;-102.92
22458.98;-103.16
22461.91;-103.16
22464.84;-102.76
22467.77;-102.53
22470.70;-102.76
22473.63;-102.92
22476.56;-103.00
22479.49;-103.16
22482.42;-103.16
22485.35;-103.00
22488.28;-103.00
22491.21;-103.08
22494.14;-102.92
22497.07;-102.84
22500.00;-103.08
22502.93;-103.39
22505.86;-103.31
22508.79;-103.23
22511.72;-103.00
22514.65;-103.31
22517.58;-103.08
22520.51;-102.76
22523.44;-102.92
22526.37;-102.92
22529.30;-103.16
22532.23;-102.76
22535.16;-102.53
22538.09;-102.69
22541.02;-102.76
22543.95;-102.76
22546.88;-103.08
22549.80;-103.16
22552.73;-103.23
22555.66;-103.31
22558.59;-103.08
22561.52;-103.00
22564.45;-103.00
22567.38;-103.00
22570.31;-103.08
22573.24;-103.16
22576.17;-102.92
22579.10;-103.23
22582.03;-103.16
22584.96;-103.00
22587.89;-103.00
22590.82;-103.00
22593.75;-102.76
22596.68;-103.08
22599.61;-102.92
22602.54;-103.00
22605.47;-103.00
22608.40;-102.84
22611.33;-102.84
22614.26;-102.84
22617.19;-102.84
22620.12;-103.23
22623.05;-103.23
22625.98;-103.00
22628.91;-102.84
22631.84;-103.00
22634.77;-103.08
22637.70;-103.00
22640.63;-102.84
22643.55;-102.76
22646.48;-102.76
22649.41;-102.76
22652.34;-102.69
22655.27;-103.00
22658.20;-102.84
22661.13;-102.69
22664.06;-102.84
22666.99;-102.76
22669.92;-102.76
22672.85;-103.00
22675.78;-103.00
22678.71;-102.84
22681.64;-102.76
22684.57;-103.00
22687.50;-103.31
22690.43;-103.16
22693.36;-103.23
22696.29;-103.00
22699.22;-102.92
22702.15;-103.00
22705.08;-102.76
22708.01;-103.16
22710.94;-103.08
22713.87;-102.84
22716.80;-103.08
22719.73;-103.00
22722.66;-103.08
22725.59;-103.08
22728.52;-102.92
22731.45;-103.08
22734.38;-103.23
22737.30;-103.08
22740.23;-103.23
22743.16;-103.00
22746.09;-102.84
22749.02;-102.92
22751.95;-102.92
22754.88;-102.84
22757.81;-102.84
22760.74;-102.76
22763.67;-102.69
22766.60;-102.69
22769.53;-102.92
22772.46;-103.08
22775.39;-103.00
22778.32;-102.76
22781.25;-102.76
22784.18;-102.92
22787.11;-102.92
22790.04;-103.16
22792.97;-102.92
22795.90;-102.84
22798.83;-103.00
22801.76;-103.00
22804.69;-102.92
22807.62;-102.92
22810.55;-102.84
22813.48;-103.00
22816.41;-103.00
22819.34;-102.92
22822.27;-102.61
22825.20;-102.76
22828.13;-102.84
22831.05;-102.84
22833.98;-102.92
22836.91;-103.08
22839.84;-103.23
22842.77;-103.31
22845.70;-102.92
22848.63;-102.84
22851.56;-102.92
22854.49;-103.00
22857.42;-103.08
22860.35;-103.08
22863.28;-103.00
22866.21;-103.00
22869.14;-103.08
22872.07;-102.92
22875.00;-102.76
22877.93;-103.08
22880.86;-103.08
22883.79;-103.00
22886.72;-102.92
22889.65;-102.92
22892.58;-103.16
22895.51;-103.00
22898.44;-103.00
22901.37;-102.76
22904.30;-102.76
22907.23;-102.69
22910.16;-102.92
22913.09;-103.08
22916.02;-103.08
22918.95;-103.00
22921.88;-102.92
22924.80;-103.08
22927.73;-103.23
22930.66;-103.00
22933.59;-102.92
22936.52;-102.92
22939.45;-103.00
22942.38;-102.92
22945.31;-102.61
22948.24;-102.69
22951.17;-103.08
22954.10;-103.16
22957.03;-102.76
22959.96;-102.76
22962.89;-102.92
22965.82;-102.92
22968.75;-102.76
22971.68;-102.84
22974.61;-102.84
22977.54;-102.84
22980.47;-102.76
22983.40;-103.00
22986.33;-103.00
22989.26;-103.08
22992.19;-102.84
22995.12;-103.08
22998.05;-103.23
23000.98;-102.92
23003.91;-103.08
23006.84;-103.00
23009.77;-102.76
23012.70;-102.84
23015.63;-102.84
23018.55;-102.69
23021.48;-102.69
23024.41;-102.84
23027.34;-102.69
23030.27;-102.84
23033.20;-102.92
23036.13;-102.84
23039.06;-102.92
23041.99;-103.08
23044.92;-102.84
23047.85;-102.69
23050.78;-102.84
23053.71;-102.92
23056.64;-102.76
23059.57;-102.92
23062.50;-103.00
23065.43;-102.92
23068.36;-102.92
23071.29;-102.84
23074.22;-102.84
23077.15;-102.61
23080.08;-102.53
23083.01;-102.69
23085.94;-102.92
23088.87;-102.92
23091.80;-102.92
23094.73;-102.76
23097.66;-102.45
23100.59;-102.37
23103.52;-102.92
23106.45;-102.84
23109.38;-102.84
23112.30;-102.92
23115.23;-102.84
23118.16;-102.92
23121.09;-102.76
23124.02;-102.69
23126.95;-102.61
23129.88;-102.30
23132.81;-102.69
23135.74;-103.00
23138.67;-102.92
23141.60;-102.84
23144.53;-102.92
23147.46;-102.84
23150.39;-102.69
23153.32;-102.37
23156.25;-102.45
23159.18;-102.61
23162.11;-102.69
23165.04;-102.61
23167.97;-102.45
23170.90;-102.53
23173.83;-102.84
23176.76;-103.08
23179.69;-102.92
23182.62;-102.92
23185.55;-102.76
23188.48;-102.92
23191.41;-102.69
23194.34;-102.69
23197.27;-102.69
23200.20;-102.92
23203.13;-102.61
23206.05;-102.37
23208.98;-102.69
23211.91;-102.76
23214.84;-102.69
23217.77;-102.45
23220.70;-102.76
23223.63;-102.76
23226.56;-102.45
23229.49;-102.76
23232.42;-102.84
23235.35;-102.76
23238.28;-102.92
23241.21;-102.84
23244.14;-102.76
23247.07;-102.92
23250.00;-102.76
23252.93;-102.61
23255.86;-102.45
23258.79;-102.37
23261.72;-102.69
23264.65;-102.61
23267.58;-102.69
23270.51;-102.84
23273.44;-102.84
23276.37;-102.92
23279.30;-102.69
23282.23;-102.53
23285.16;-102.37
23288.09;-102.53
23291.02;-102.76
23293.95;-102.53
23296.88;-102.76
23299.80;-102.61
23302.73;-102.53
23305.66;-102.76
23308.59;-102.61
23311.52;-102.61
23314.45;-102.76
23317.38;-102.84
23320.31;-102.61
23323.24;-102.76
23326.17;-102.61
23329.10;-102.53
23332.03;-102.45
23334.96;-102.45
23337.89;-102.76
23340.82;-102.69
23343.75;-102.45
23346.68;-102.61
23349.61;-102.76
23352.54;-102.61
23355.47;-102.45
23358.40;-102.76
23361.33;-102.84
23364.26;-102.76
23367.19;-102.61
23370.12;-102.69
23373.05;-102.53
23375.98;-102.61
23378.91;-102.69
23381.84;-102.61
23384.77;-102.69
23387.70;-102.84
23390.63;-102.69
23393.55;-102.69
23396.48;-102.53
23399.41;-102.76
23402.34;-102.84
23405.27;-102.61
23408.20;-102.69
23411.13;-102.76
23414.06;-102.76
23416.99;-102.69
23419.92;-102.61
23422.85;-102.30
23425.78;-102.30
23428.71;-102.53
23431.64;-102.61
23434.57;-103.00
23437.50;-103.00
23440.43;-102.84
23443.36;-102.61
23446.29;-102.69
23449.22;-102.76
23452.15;-102.84
23455.08;-102.37
23458.01;-102.30
23460.94;-102.61
23463.87;-102.76
23466.80;-102.37
23469.73;-102.45
23472.66;-102.61
23475.59;-102.45
23478.52;-102.37
23481.45;-102.53
23484.38;-102.76
23487.30;-102.53
23490.23;-102.61
23493.16;-102.69
23496.09;-102.92
23499.02;-102.84
23501.95;-102.61
23504.88;-102.45
23507.81;-102.61
23510.74;-102.37
23513.67;-102.53
23516.60;-102.61
23519.53;-102.76
23522.46;-102.69
23525.39;-102.69
23528.32;-102.76
23531.25;-102.61
23534.18;-102.76
23537.11;-103.00
23540.04;-102.84
23542.97;-102.84
23545.90;-102.69
23548.83;-102.37
23551.76;-102.37
23554.69;-102.69
23557.62;-102.76
23560.55;-102.53
23563.48;-102.53
23566.41;-102.76
23569.34;-102.61
23572.27;-102.53
23575.20;-102.61
23578.13;-102.69
23581.05;-102.61
23583.98;-102.61
23586.91;-102.76
23589.84;-102.76
23592.77;-102.53
23595.70;-102.53
23598.63;-102.84
23601.56;-102.53
23604.49;-102.61
23607.42;-102.92
23610.35;-102.76
23613.28;-102.61
23616.21;-102.69
23619.14;-102.69
23622.07;-102.84
23625.00;-102.76
23627.93;-102.45
23630.86;-102.61
23633.79;-102.76
23636.72;-102.92
23639.65;-102.84
23642.58;-102.61
23645.51;-102.53
23648.44;-102.76
23651.37;-102.76
23654.30;-102.61
23657.23;-102.53
23660.16;-102.69
23663.09;-102.69
23666.02;-102.69
23668.95;-102.69
23671.88;-102.53
23674.80;-102.61
23677.73;-102.61
23680.66;-102.61
23683.59;-102.53
23686.52;-102.45
23689.45;-102.61
23692.38;-102.76
23695.31;-102.76
23698.24;-102.45
23701.17;-102.53
23704.10;-102.53
23707.03;-102.53
23709.96;-102.61
23712.89;-102.53
23715.82;-102.53
23718.75;-102.53
23721.68;-102.61
23724.61;-102.53
23727.54;-102.84
23730.47;-102.53
23733.40;-102.30
23736.33;-102.61
23739.26;-102.53
23742.19;-102.53
23745.12;-102.61
23748.05;-102.69
23750.98;-102.76
23753.91;-102.76
23756.84;-102.84
23759.77;-102.69
23762.70;-102.69
23765.63;-102.69
23768.55;-102.69
23771.48;-102.53
23774.41;-102.69
23777.34;-102.76
23780.27;-102.76
23783.20;-102.76
23786.13;-102.53
23789.06;-102.45
23791.99;-102.53
23794.92;-102.61
23797.85;-102.61
23800.78;-102.53
23803.71;-102.45
23806.64;-102.30
23809.57;-102.53
23812.50;-102.53
23815.43;-102.61
23818.36;-102.37
23821.29;-102.45
23824.22;-102.69
23827.15;-102.53
23830.08;-102.45
23833.01;-102.53
23835.94;-102.53
23838.87;-102.69
23841.80;-102.76
23844.73;-102.61
23847.66;-102.61
23850.59;-102.45
23853.52;-102.53
23856.45;-102.69
23859.38;-102.69
23862.30;-102.45
23865.23;-102.22
23868.16;-102.14
23871.09;-102.22
23874.02;-102.45
23876.95;-102.30
23879.88;-102.22
23882.81;-102.61
23885.74;-102.84
23888.67;-102.61
23891.60;-102.45
23894.53;-102.37
23897.46;-102.37
23900.39;-102.22
23903.32;-102.61
23906.25;-102.61
23909.18;-102.45
23912.11;-102.61
23915.04;-102.53
23917.97;-102.45
23920.90;-102.30
23923.83;-102.22
23926.76;-102.53
23929.69;-102.69
23932.62;-102.61
23935.55;-102.53
23938.48;-102.37
23941.41;-102.53
23944.34;-102.69
23947.27;-102.53
23950.20;-102.53
23953.13;-102.30
23956.05;-102.45
23958.98;-102.61
23961.91;-102.45
23964.84;-102.61
23967.77;-102.45
23970.70;-102.45
23973.63;-102.69
23976.56;-102.61
23979.49;-102.53
23982.42;-102.37
23985.35;-102.53
23988.28;-102.53
23991.21;-102.22
23994.14;-102.30
23997.07;-102.45
24000.00;-102.30
24002.93;-102.30
24005.86;-102.45
24008.79;-102.53
24011.72;-102.69
24014.65;-102.69
24017.58;-102.45
24020.51;-102.53
24023.44;-102.30
24026.37;-102.22
24029.30;-102.14
24032.23;-102.30
24035.16;-102.53
24038.09;-102.37
24041.02;-102.37
24043.95;-102.53
24046.88;-102.69
24049.80;-102.45
24052.73;-102.06
24055.66;-102.30
24058.59;-102.37
24061.52;-102.22
24064.45;-102.06
24067.38;-101.98
24070.31;-102.22
24073.24;-102.22
24076.17;-102.22
24079.10;-102.06
24082.03;-102.53
24084.96;-102.69
24087.89;-102.37
24090.82;-102.45
24093.75;-102.69
24096.68;-102.69
24099.61;-102.61
24102.54;-102.45
24105.47;-102.69
24108.40;-102.69
24111.33;-102.22
24114.26;-102.22
24117.19;-102.45
24120.12;-102.37
24123.05;-102.69
24125.98;-102.61
24128.91;-102.45
24131.84;-102.37
24134.77;-102.22
24137.70;-102.30
24140.63;-102.37
24143.55;-102.37
24146.48;-102.53
24149.41;-102.53
24152.34;-102.53
24155.27;-102.30
24158.20;-102.45
24161.13;-102.45
24164.06;-102.06
24166.99;-102.14
24169.92;-102.45
24172.85;-102.37
24175.78;-102.45
24178.71;-102.53
24181.64;-102.61
24184.57;-102.45
24187.50;-102.22
24190.43;-102.06
24193.36;-102.06
24196.29;-102.06
24199.22;-102.30
24202.15;-102.30
24205.08;-102.14
24208.01;-102.53
24210.94;-102.76
24213.87;-102.37
24216.80;-102.30
24219.73;-102.45
24222.66;-102.22
24225.59;-102.14
24228.52;-102.22
24231.45;-102.37
24234.38;-102.45
24237.30;-102.22
24240.23;-102.30
24243.16;-102.22
24246.09;-102.45
24249.02;-102.45
24251.95;-102.53
24254.88;-102.53
24257.81;-102.06
24260.74;-101.90
24263.67;-102.06
24266.60;-102.37
24269.53;-102.61
24272.46;-102.69
24275.39;-102.45
24278.32;-102.45
24281.25;-102.37
24284.18;-102.37
24287.11;-102.06
24290.04;-102.45
24292.97;-102.61
24295.90;-102.14
24298.83;-102.22
24301.76;-102.22
24304.69;-102.37
24307.62;-102.53
24310.55;-102.61
24313.48;-102.37
24316.41;-102.22
24319.34;-102.45
24322.27;-102.53
24325.20;-102.69
24328.13;-102.69
24331.05;-102.76
24333.98;-102.45
24336.91;-102.37
24339.84;-102.69
24342.77;-102.45
24345.70;-102.30
24348.63;-102.37
24351.56;-102.37
24354.49;-102.37
24357.42;-102.22
24360.35;-102.30
24363.28;-102.06
24366.21;-102.22
24369.14;-102.22
24372.07;-102.61
24375.00;-102.92
24377.93;-102.76
24380.86;-102.37
24383.79;-102.14
24386.72;-102.37
24389.65;-102.45
24392.58;-102.37
24395.51;-102.30
24398.44;-102.45
24401.37;-102.61
24404.30;-102.53
24407.23;-102.30
24410.16;-102.14
24413.09;-102.22
24416.02;-102.45
24418.95;-102.53
24421.88;-102.84
24424.80;-102.61
24427.73;-102.14
24430.66;-102.14
24433.59;-102.30
24436.52;-102.53
24439.45;-102.61
24442.38;-102.22
24445.31;-102.30
24448.24;-102.61
24451.17;-102.22
24454.10;-102.14
24457.03;-102.37
24459.96;-102.45
24462.89;-102.45
24465.82;-102.30
24468.75;-102.30
24471.68;-102.37
24474.61;-102.14
24477.54;-102.06
24480.47;-101.98
24483.40;-102.30
24486.33;-102.37
24489.26;-102.22
24492.19;-101.98
24495.12;-101.98
24498.05;-102.22
24500.98;-102.22
24503.91;-102.37
24506.84;-102.30
24509.77;-102.22
24512.70;-102.14
24515.63;-102.22
24518.55;-102.30
24521.48;-102.14
24524.41;-102.30
24527.34;-102.45
24530.27;-102.45
24533.20;-102.45
24536.13;-102.53
24539.06;-102.14
24541.99;-102.14
24544.92;-102.53
24547.85;-102.53
24550.78;-102.30
24553.71;-102.30
24556.64;-102.61
24559.57;-102.30
24562.50;-102.06
24565.43;-102.06
24568.36;-102.30
24571.29;-102.22
24574.22;-102.22
24577.15;-102.22
24580.08;-102.53
24583.01;-102.37
24585.94;-102.30
24588.87;-102.30
24591.80;-102.30
24594.73;-102.37
24597.66;-102.30
24600.59;-102.06
24603.52;-102.22
24606.45;-102.22
24609.38;-102.22
24612.30;-102.06
24615.23;-102.06
24618.16;-102.37
24621.09;-102.53
24624.02;-102.45
24626.95;-102.45
24629.88;-102.45
24632.81;-102.45
24635.74;-102.37
24638.67;-102.61
24641.60;-102.76
24644.53;-102.45
24647.46;-102.22
24650.39;-102.30
24653.32;-102.53
24656.25;-102.30
24659.18;-102.14
24662.11;-102.53
24665.04;-102.45
24667.97;-102.06
24670.90;-102.06
24673.83;-102.45
24676.76;-102.22
24679.69;-102.06
24682.62;-102.30
24685.55;-102.37
24688.48;-102.37
24691.41;-102.45
24694.34;-102.14
24697.27;-101.98
24700.20;-101.98
24703.13;-102.30
24706.05;-102.45
24708.98;-102.53
24711.91;-102.37
24714.84;-102.22
24717.77;-102.06
24720.70;-102.14
24723.63;-102.37
24726.56;-102.45
24729.49;-102.30
24732.42;-102.22
24735.35;-102.30
24738.28;-102.22
24741.21;-102.06
24744.14;-101.98
24747.07;-102.14
24750.00;-102.14
24752.93;-101.98
24755.86;-102.30
24758.79;-102.22
24761.72;-102.06
24764.65;-102.30
24767.58;-102.45
24770.51;-102.53
24773.44;-102.37
24776.37;-102.37
24779.30;-102.06
24782.23;-102.14
24785.16;-102.30
24788.09;-102.37
24791.02;-102.14
24793.95;-101.90
24796.88;-102.14
24799.80;-102.06
24802.73;-102.30
24805.66;-102.45
24808.59;-102.45
24811.52;-101.98
24814.45;-102.06
24817.38;-102.14
24820.31;-102.14
24823.24;-102.14
24826.17;-102.14
24829.10;-102.14
24832.03;-102.22
24834.96;-102.14
24837.89;-102.30
24840.82;-102.37
24843.75;-102.14
24846.68;-101.98
24849.61;-102.30
24852.54;-102.45
24855.47;-102.22
24858.40;-102.06
24861.33;-101.98
24864.26;-102.14
24867.19;-102.22
24870.12;-102.06
24873.05;-102.22
24875.98;-102.22
24878.91;-102.37
24881.84;-102.45
24884.77;-102.61
24887.70;-102.37
24890.63;-102.30
24893.55;-102.45
24896.48;-102.37
24899.41;-102.30
24902.34;-102.22
24905.27;-102.06
24908.20;-102.06
24911.13;-102.14
24914.06;-102.14
24916.99;-102.22
24919.92;-102.22
24922.85;-102.06
24925.78;-102.30
24928.71;-102.53
24931.64;-102.37
24934.57;-102.22
24937.50;-102.37
24940.43;-102.14
24943.36;-101.98
24946.29;-102.22
24949.22;-102.06
24952.15;-101.83
24955.08;-102.14
24958.01;-102.45
24960.94;-101.98
24963.87;-101.75
24966.80;-102.14
24969.73;-102.45
24972.66;-102.45
24975.59;-102.30
24978.52;-102.14
24981.45;-102.06
24984.38;-102.30
24987.30;-102.30
24990.23;-101.90
24993.16;-101.98
24996.09;-102.14
24999.02;-102.06
25001.95;-102.06
25004.88;-102.22
25007.81;-102.37
25010.74;-102.22
25013.67;-102.14
25016.60;-102.30
25019.53;-102.45
25022.46;-102.30
25025.39;-102.14
25028.32;-102.14
25031.25;-102.30
25034.18;-102.22
25037.11;-102.30
25040.04;-102.45
25042.97;-102.30
25045.90;-102.14
25048.83;-102.06
25051.76;-102.06
25054.69;-102.30
25057.62;-102.45
25060.55;-102.14
25063.48;-102.14
25066.41;-102.22
25069.34;-102.14
25072.27;-102.06
25075.20;-102.14
25078.13;-102.14
25081.05;-101.90
25083.98;-101.83
25086.91;-102.06
25089.84;-102.30
25092.77;-102.45
25095.70;-102.30
25098.63;-102.06
25101.56;-101.83
25104.49;-101.83
25107.42;-101.98
25110.35;-102.14
25113.28;-102.06
25116.21;-101.98
25119.14;-102.14
25122.07;-102.06
25125.00;-102.06
25127.93;-102.22
25130.86;-102.37
25133.79;-102.14
25136.72;-102.14
25139.65;-102.22
25142.58;-102.37
25145.51;-102.14
25148.44;-102.22
25151.37;-102.37
25154.30;-102.06
25157.23;-102.06
25160.16;-102.06
25163.09;-102.14
25166.02;-102.22
25168.95;-101.98
25171.88;-102.14
25174.80;-102.22
25177.73;-102.06
25180.66;-102.14
25183.59;-102.06
25186.52;-102.06
25189.45;-102.22
25192.38;-102.14
25195.31;-101.98
25198.24;-102.06
25201.17;-102.22
25204.10;-102.30
25207.03;-102.22
25209.96;-101.90
25212.89;-101.98
25215.82;-102.06
25218.75;-102.14
25221.68;-102.30
25224.61;-102.30
25227.54;-102.14
25230.47;-101.98
25233.40;-102.14
25236.33;-102.06
25239.26;-101.98
25242.19;-101.90
25245.12;-102.06
25248.05;-102.06
25250.98;-102.30
25253.91;-102.37
25256.84;-102.22
25259.77;-102.06
25262.70;-102.14
25265.63;-101.98
25268.55;-102.14
25271.48;-101.98
25274.41;-101.90
25277.34;-102.06
25280.27;-102.06
25283.20;-102.22
25286.13;-102.30
25289.06;-101.83
25291.99;-101.67
25294.92;-101.98
25297.85;-102.06
25300.78;-102.06
25303.71;-101.98
25306.64;-101.98
25309.57;-102.06
25312.50;-101.90
25315.43;-102.06
25318.36;-102.37
25321.29;-102.14
25324.22;-102.30
25327.15;-102.45
25330.08;-102.22
25333.01;-101.98
25335.94;-101.83
25338.87;-102.06
25341.80;-102.30
25344.73;-102.22
25347.66;-101.98
25350.59;-102.06
25353.52;-102.06
25356.45;-102.37
25359.38;-102.30
25362.30;-102.06
25365.23;-101.98
25368.16;-102.06
25371.09;-101.98
25374.02;-102.22
25376.95;-102.14
25379.88;-102.06
25382.81;-102.06
25385.74;-101.90
25388.67;-102.14
25391.60;-102.06
25394.53;-102.22
25397.46;-102.37
25400.39;-102.06
25403.32;-102.06
25406.25;-101.98
25409.18;-102.06
25412.11;-101.98
25415.04;-101.83
25417.97;-102.14
25420.90;-102.22
25423.83;-102.37
25426.76;-102.30
25429.69;-102.22
25432.62;-102.30
25435.55;-102.22
25438.48;-101.98
25441.41;-102.22
25444.34;-102.37
25447.27;-102.14
25450.20;-101.98
25453.13;-101.90
25456.05;-101.90
25458.98;-101.83
25461.91;-101.83
25464.84;-102.22
25467.77;-102.22
25470.70;-101.98
25473.63;-101.83
25476.56;-101.90
25479.49;-102.14
25482.42;-101.90
25485.35;-101.67
25488.28;-101.83
25491.21;-101.75
25494.14;-101.83
25497.07;-102.06
25500.00;-102.06
25502.93;-102.30
25505.86;-102.30
25508.79;-102.30
25511.72;-102.22
25514.65;-101.98
25517.58;-102.14
25520.51;-102.06
25523.44;-101.90
25526.37;-101.75
25529.30;-101.75
25532.23;-101.67
25535.16;-101.83
25538.09;-102.22
25541.02;-102.22
25543.95;-101.90
25546.88;-102.06
25549.80;-102.06
25552.73;-102.06
25555.66;-101.90
25558.59;-101.83
25561.52;-101.98
25564.45;-102.06
25567.38;-101.75
25570.31;-101.83
25573.24;-101.83
25576.17;-101.75
25579.10;-102.06
25582.03;-102.30
25584.96;-101.83
25587.89;-101.98
25590.82;-101.83
25593.75;-101.90
25596.68;-102.06
25599.61;-102.22
25602.54;-102.30
25605.47;-102.14
25608.40;-101.90
25611.33;-102.14
25614.26;-102.06
25617.19;-102.14
25620.12;-101.90
25623.05;-101.98
25625.98;-102.06
25628.91;-102.06
25631.84;-101.90
25634.77;-101.75
25637.70;-101.90
25640.63;-102.30
25643.55;-102.06
25646.48;-101.83
25649.41;-101.90
25652.34;-102.14
25655.27;-102.14
25658.20;-102.06
25661.13;-101.98
25664.06;-101.90
25666.99;-101.90
25669.92;-101.90
25672.85;-101.98
25675.78;-101.90
25678.71;-101.90
25681.64;-101.98
25684.57;-102.14
25687.50;-102.45
25690.43;-102.30
25693.36;-102.06
25696.29;-102.14
25699.22;-101.90
25702.15;-101.90
25705.08;-102.06
25708.01;-101.90
25710.94;-102.06
25713.87;-101.90
25716.80;-102.14
25719.73;-102.30
25722.66;-102.30
25725.59;-102.14
25728.52;-102.14
25731.45;-102.06
25734.38;-101.98
25737.30;-102.14
25740.23;-102.22
25743.16;-102.22
25746.09;-101.98
25749.02;-101.90
25751.95;-102.06
25754.88;-101.83
25757.81;-101.83
25760.74;-102.22
25763.67;-102.30
25766.60;-102.06
25769.53;-102.14
25772.46;-101.98
25775.39;-101.67
25778.32;-102.06
25781.25;-101.90
25784.18;-101.98
25787.11;-101.90
25790.04;-101.59
25792.97;-101.90
25795.90;-101.83
25798.83;-101.67
25801.76;-101.67
25804.69;-101.98
25807.62;-101.90
25810.55;-102.06
25813.48;-101.83
25816.41;-101.59
25819.34;-101.75
25822.27;-101.83
25825.20;-101.98
25828.13;-101.98
25831.05;-102.22
25833.98;-102.22
25836.91;-102.14
25839.84;-101.98
25842.77;-102.06
25845.70;-102.06
25848.63;-102.06
25851.56;-102.06
25854.49;-101.90
25857.42;-101.83
25860.35;-102.06
25863.28;-101.98
25866.21;-101.90
25869.14;-101.90
25872.07;-101.83
25875.00;-101.90
25877.93;-101.83
25880.86;-101.90
25883.79;-102.06
25886.72;-102.06
25889.65;-101.98
25892.58;-102.06
25895.51;-101.83
25898.44;-101.90
25901.37;-101.98
25904.30;-102.06
25907.23;-102.06
25910.16;-101.83
25913.09;-101.75
25916.02;-101.67
25918.95;-101.98
25921.88;-102.06
25924.80;-101.83
25927.73;-101.75
25930.66;-101.90
25933.59;-101.90
25936.52;-102.14
25939.45;-102.37
25942.38;-102.06
25945.31;-101.83
25948.24;-101.98
25951.17;-101.75
25954.10;-101.90
25957.03;-102.06
25959.96;-102.06
25962.89;-102.14
25965.82;-102.06
25968.75;-101.90
25971.68;-101.98
25974.61;-102.14
25977.54;-102.22
25980.47;-102.14
25983.40;-101.98
25986.33;-101.90
25989.26;-101.98
25992.19;-102.06
25995.12;-101.90
25998.05;-101.98
26000.98;-101.90
26003.91;-102.22
26006.84;-101.98
26009.77;-101.90
26012.70;-101.83
26015.63;-101.98
26018.55;-101.75
26021.48;-101.83
26024.41;-101.98
26027.34;-101.90
26030.27;-101.75
26033.20;-101.90
26036.13;-102.14
26039.06;-101.90
26041.99;-102.06
26044.92;-101.83
26047.85;-101.90
26050.78;-101.98
26053.71;-101.75
26056.64;-101.90
26059.57;-101.75
26062.50;-101.59
26065.43;-101.75
26068.36;-101.90
26071.29;-101.90
26074.22;-102.06
26077.15;-101.90
26080.08;-101.75
26083.01;-101.90
26085.94;-101.90
26088.87;-101.83
26091.80;-101.83
26094.73;-101.59
26097.66;-101.83
26100.59;-101.75
26103.52;-101.83
26106.45;-101.90
26109.38;-101.67
26112.30;-101.83
26115.23;-101.83
26118.16;-101.67
26121.09;-101.90
26124.02;-101.51
26126.95;-101.83
26129.88;-102.06
26132.81;-101.75
26135.74;-101.98
26138.67;-101.83
26141.60;-101.75
26144.53;-101.67
26147.46;-101.83
26150.39;-101.98
26153.32;-101.75
26156.25;-101.75
26159.18;-101.75
26162.11;-101.83
26165.04;-101.90
26167.97;-101.83
26170.90;-101.90
26173.83;-102.22
26176.76;-101.90
26179.69;-101.90
26182.62;-101.90
26185.55;-101.83
26188.48;-101.83
26191.41;-102.22
26194.34;-102.30
26197.27;-102.06
26200.20;-102.06
26203.13;-102.14
26206.05;-101.90
26208.98;-101.90
26211.91;-102.06
26214.84;-101.98
26217.77;-101.90
26220.70;-101.98
26223.63;-101.75
26226.56;-101.67
26229.49;-101.75
26232.42;-101.90
26235.35;-101.83
26238.28;-101.90
26241.21;-101.83
26244.14;-101.75
26247.07;-101.67
26250.00;-101.90
26252.93;-101.75
26255.86;-101.83
26258.79;-101.98
26261.72;-101.75
26264.65;-101.83
26267.58;-101.67
26270.51;-101.83
26273.44;-101.67
26276.37;-101.83
26279.30;-101.98
26282.23;-101.83
26285.16;-101.98
26288.09;-101.83
26291.02;-101.90
26293.95;-102.06
26296.88;-102.22
26299.80;-101.98
26302.73;-101.98
26305.66;-101.83
26308.59;-101.59
26311.52;-101.90
26314.45;-102.53
26317.38;-102.22
26320.31;-101.83
26323.24;-101.75
26326.17;-101.75
26329.10;-101.90
26332.03;-101.83
26334.96;-101.98
26337.89;-101.90
26340.82;-101.90
26343.75;-101.90
26346.68;-101.98
26349.61;-101.83
26352.54;-101.75
26355.47;-102.06
26358.40;-101.90
26361.33;-101.75
26364.26;-101.67
26367.19;-101.59
26370.12;-101.75
26373.05;-101.90
26375.98;-101.98
26378.91;-101.75
26381.84;-101.83
26384.77;-101.98
26387.70;-101.90
26390.63;-101.83
26393.55;-101.67
26396.48;-101.83
26399.41;-101.83
26402.34;-101.90
26405.27;-102.06
26408.20;-101.90
26411.13;-101.44
26414.06;-101.75
26416.99;-101.59
26419.92;-101.44
26422.85;-101.75
26425.78;-101.83
26428.71;-101.67
26431.64;-101.67
26434.57;-101.98
26437.50;-101.83
26440.43;-101.67
26443.36;-101.90
26446.29;-101.44
26449.22;-101.36
26452.15;-101.51
26455.08;-101.51
26458.01;-101.59
26460.94;-101.59
26463.87;-102.06
26466.80;-102.06
26469.73;-101.98
26472.66;-102.14
26475.59;-101.90
26478.52;-101.90
26481.45;-101.90
26484.38;-101.59
26487.30;-101.59
26490.23;-101.44
26493.16;-101.67
26496.09;-101.59
26499.02;-101.59
26501.95;-101.98
26504.88;-102.22
26507.81;-101.75
26510.74;-101.98
26513.67;-101.90
26516.60;-101.67
26519.53;-101.75
26522.46;-101.67
26525.39;-101.51
26528.32;-101.59
26531.25;-101.90
26534.18;-101.83
26537.11;-101.44
26540.04;-101.59
26542.97;-101.90
26545.90;-101.83
26548.83;-102.14
26551.76;-102.06
26554.69;-101.90
26557.62;-101.98
26560.55;-101.83
26563.48;-101.51
26566.41;-101.59
26569.34;-101.59
26572.27;-101.83
26575.20;-101.98
26578.13;-101.98
26581.05;-101.90
26583.98;-101.90
26586.91;-101.83
26589.84;-101.59
26592.77;-101.90
26595.70;-101.98
26598.63;-101.90
26601.56;-101.83
26604.49;-101.51
26607.42;-101.67
26610.35;-101.90
26613.28;-101.75
26616.21;-101.83
26619.14;-101.98
26622.07;-101.75
26625.00;-101.59
26627.93;-101.67
26630.86;-101.51
26633.79;-101.59
26636.72;-101.59
26639.65;-101.90
26642.58;-102.06
26645.51;-101.75
26648.44;-101.83
26651.37;-102.14
26654.30;-101.90
26657.23;-101.90
26660.16;-101.83
26663.09;-101.83
26666.02;-101.59
26668.95;-101.67
26671.88;-101.75
26674.80;-101.83
26677.73;-101.83
26680.66;-101.83
26683.59;-101.51
26686.52;-101.67
26689.45;-101.83
26692.38;-101.83
26695.31;-101.98
26698.24;-101.75
26701.17;-101.90
26704.10;-101.83
26707.03;-101.44
26709.96;-101.44
26712.89;-101.75
26715.82;-101.67
26718.75;-101.67
26721.68;-101.75
26724.61;-101.67
26727.54;-101.44
26730.47;-101.59
26733.40;-101.67
26736.33;-101.51
26739.26;-101.44
26742.19;-101.67
26745.12;-101.75
26748.05;-101.90
26750.98;-101.75
26753.91;-101.51
26756.84;-101.83
26759.77;-101.90
26762.70;-101.75
26765.63;-101.83
26768.55;-101.75
26771.48;-101.67
26774.41;-101.90
26777.34;-102.06
26780.27;-101.98
26783.20;-101.83
26786.13;-101.90
26789.06;-101.83
26791.99;-101.83
26794.92;-101.67
26797.85;-101.75
26800.78;-101.59
26803.71;-101.44
26806.64;-101.51
26809.57;-101.44
26812.50;-101.83
26815.43;-101.98
26818.36;-101.83
26821.29;-101.67
26824.22;-101.59
26827.15;-101.59
26830.08;-101.75
26833.01;-101.59
26835.94;-101.44
26838.87;-101.51
26841.80;-101.44
26844.73;-101.75
26847.66;-101.90
26850.59;-101.90
26853.52;-101.90
26856.45;-101.75
26859.38;-101.59
26862.30;-101.83
26865.23;-101.90
26868.16;-101.90
26871.09;-101.67
26874.02;-101.67
26876.95;-101.83
26879.88;-101.67
26882.81;-101.67
26885.74;-101.75
26888.67;-101.83
26891.60;-101.83
26894.53;-101.67
26897.46;-101.83
26900.39;-101.83
26903.32;-101.59
26906.25;-101.67
26909.18;-101.83
26912.11;-101.90
26915.04;-101.67
26917.97;-101.75
26920.90;-101.67
26923.83;-101.67
26926.76;-101.51
26929.69;-101.67
26932.62;-101.67
26935.55;-101.67
26938.48;-101.51
26941.41;-101.51
26944.34;-101.67
26947.27;-101.59
26950.20;-101.51
26953.13;-101.75
26956.05;-101.75
26958.98;-101.20
26961.91;-101.51
26964.84;-101.83
26967.77;-102.06
26970.70;-101.90
26973.63;-101.98
26976.56;-101.67
26979.49;-101.51
26982.42;-101.36
26985.35;-101.44
26988.28;-101.59
26991.21;-101.36
26994.14;-101.36
26997.07;-101.67
27000.00;-101.75
27002.93;-101.75
27005.86;-101.90
27008.79;-101.83
27011.72;-101.59
27014.65;-101.75
27017.58;-101.51
27020.51;-101.67
27023.44;-101.59
27026.37;-101.20
27029.30;-101.44
27032.23;-101.67
27035.16;-101.59
27038.09;-101.51
27041.02;-101.36
27043.95;-101.67
27046.88;-101.75
27049.80;-101.67
27052.73;-101.67
27055.66;-101.83
27058.59;-101.51
27061.52;-101.75
27064.45;-101.67
27067.38;-101.59
27070.31;-101.90
27073.24;-101.98
27076.17;-101.90
27079.10;-101.75
27082.03;-101.59
27084.96;-101.59
27087.89;-101.59
27090.82;-101.59
27093.75;-101.83
27096.68;-101.90
27099.61;-101.90
27102.54;-101.83
27105.47;-101.67
27108.40;-101.75
27111.33;-101.75
27114.26;-101.67
27117.19;-101.44
27120.12;-101.44
27123.05;-101.51
27125.98;-101.67
27128.91;-101.83
27131.84;-101.75
27134.77;-101.44
27137.70;-101.51
27140.63;-101.44
27143.55;-101.36
27146.48;-101.20
27149.41;-101.28
27152.34;-101.59
27155.27;-101.75
27158.20;-101.75
27161.13;-101.67
27164.06;-101.59
27166.99;-101.67
27169.92;-101.67
27172.85;-101.75
27175.78;-101.67
27178.71;-101.51
27181.64;-101.67
27184.57;-101.83
27187.50;-101.75
27190.43;-101.67
27193.36;-101.59
27196.29;-101.59
27199.22;-101.67
27202.15;-101.59
27205.08;-101.36
27208.01;-101.59
27210.94;-101.67
27213.87;-101.75
27216.80;-101.51
27219.73;-101.59
27222.66;-101.36
27225.59;-101.67
27228.52;-101.83
27231.45;-101.75
27234.38;-101.83
27237.30;-101.75
27240.23;-101.51
27243.16;-101.51
27246.09;-101.51
27249.02;-101.44
27251.95;-101.75
27254.88;-101.90
27257.81;-101.59
27260.74;-101.59
27263.67;-101.75
27266.60;-101.75
27269.53;-101.67
27272.46;-101.59
27275.39;-101.75
27278.32;-101.83
27281.25;-101.59
27284.18;-101.67
27287.11;-101.51
27290.04;-101.28
27292.97;-101.44
27295.90;-101.44
27298.83;-101.36
27301.76;-101.67
27304.69;-101.75
27307.62;-101.59
27310.55;-101.98
27313.48;-101.83
27316.41;-101.83
27319.34;-101.83
27322.27;-101.67
27325.20;-101.59
27328.13;-101.44
27331.05;-101.44
27333.98;-101.51
27336.91;-101.67
27339.84;-101.75
27342.77;-101.59
27345.70;-101.28
27348.63;-101.44
27351.56;-101.51
27354.49;-101.28
27357.42;-101.59
27360.35;-101.44
27363.28;-101.36
27366.21;-101.28
27369.14;-101.59
27372.07;-101.67
27375.00;-101.51
27377.93;-101.75
27380.86;-101.90
27383.79;-101.59
27386.72;-101.44
27389.65;-101.51
27392.58;-101.83
27395.51;-101.90
27398.44;-101.90
27401.37;-101.67
27404.30;-101.59
27407.23;-101.67
27410.16;-101.51
27413.09;-101.36
27416.02;-101.28
27418.95;-101.51
27421.88;-101.67
27424.80;-101.59
27427.73;-101.59
27430.66;-101.44
27433.59;-101.36
27436.52;-101.44
27439.45;-101.20
27442.38;-101.44
27445.31;-101.51
27448.24;-101.36
27451.17;-101.67
27454.10;-101.83
27457.03;-101.51
27459.96;-101.36
27462.89;-101.44
27465.82;-101.75
27468.75;-101.59
27471.68;-101.59
27474.61;-101.51
27477.54;-101.59
27480.47;-101.51
27483.40;-101.44
27486.33;-101.67
27489.26;-101.44
27492.19;-101.51
27495.12;-101.44
27498.05;-101.51
27500.98;-101.59
27503.91;-101.51
27506.84;-101.67
27509.77;-101.44
27512.70;-101.75
27515.63;-101.75
27518.55;-101.59
27521.48;-101.75
27524.41;-101.75
27527.34;-101.51
27530.27;-101.59
27533.20;-101.51
27536.13;-101.59
27539.06;-101.59
27541.99;-101.44
27544.92;-101.20
27547.85;-101.20
27550.78;-101.51
27553.71;-101.67
27556.64;-101.59
27559.57;-101.67
27562.50;-101.44
27565.43;-101.36
27568.36;-101.59
27571.29;-101.75
27574.22;-101.75
27577.15;-101.67
27580.08;-101.75
27583.01;-101.44
27585.94;-101.28
27588.87;-101.36
27591.80;-101.59
27594.73;-101.44
27597.66;-101.28
27600.59;-101.36
27603.52;-101.59
27606.45;-101.44
27609.38;-101.12
27612.30;-101.51
27615.23;-101.67
27618.16;-101.83
27621.09;-101.59
27624.02;-101.59
27626.95;-101.51
27629.88;-101.44
27632.81;-101.59
27635.74;-101.75
27638.67;-101.59
27641.60;-101.59
27644.53;-101.67
27647.46;-101.67
27650.39;-101.20
27653.32;-101.12
27656.25;-101.28
27659.18;-101.44
27662.11;-101.36
27665.04;-101.44
27667.97;-101.51
27670.90;-101.51
27673.83;-101.67
27676.76;-101.36
27679.69;-101.51
27682.62;-101.51
27685.55;-101.44
27688.48;-101.28
27691.41;-101.59
27694.34;-101.59
27697.27;-101.75
27700.20;-101.90
27703.13;-101.51
27706.05;-101.28
27708.98;-101.20
27711.91;-101.51
27714.84;-101.90
27717.77;-101.51
27720.70;-101.36
27723.63;-101.59
27726.56;-101.44
27729.49;-101.51
27732.42;-101.59
27735.35;-101.67
27738.28;-101.67
27741.21;-101.67
27744.14;-101.59
27747.07;-101.51
27750.00;-101.36
27752.93;-101.59
27755.86;-101.44
27758.79;-101.51
27761.72;-101.51
27764.65;-101.36
27767.58;-101.36
27770.51;-101.67
27773.44;-101.83
27776.37;-101.75
27779.30;-101.44
27782.23;-101.44
27785.16;-101.44
27788.09;-101.59
27791.02;-101.36
27793.95;-101.59
27796.88;-101.67
27799.80;-101.44
27802.73;-101.44
27805.66;-101.51
27808.59;-101.59
27811.52;-101.44
27814.45;-101.28
27817.38;-101.28
27820.31;-101.20
27823.24;-101.44
27826.17;-101.59
27829.10;-101.28
27832.03;-101.20
27834.96;-101.44
27837.89;-101.51
27840.82;-101.36
27843.75;-101.59
27846.68;-101.59
27849.61;-101.67
27852.54;-101.83
27855.47;-101.59
27858.40;-101.36
27861.33;-101.28
27864.26;-101.36
27867.19;-101.59
27870.12;-101.59
27873.05;-101.44
27875.98;-101.59
27878.91;-101.59
27881.84;-101.75
27884.77;-101.83
27887.70;-101.67
27890.63;-101.51
27893.55;-101.44
27896.48;-101.51
27899.41;-101.51
27902.34;-101.75
27905.27;-101.44
27908.20;-101.12
27911.13;-101.36
27914.06;-101.51
27916.99;-101.51
27919.92;-101.44
27922.85;-101.59
27925.78;-101.51
27928.71;-101.51
27931.64;-101.44
27934.57;-101.36
27937.50;-101.28
27940.43;-101.36
27943.36;-101.51
27946.29;-101.67
27949.22;-101.59
27952.15;-101.83
27955.08;-101.67
27958.01;-101.44
27960.94;-101.36
27963.87;-101.44
27966.80;-101.44
27969.73;-101.44
27972.66;-101.44
27975.59;-101.44
27978.52;-101.36
27981.45;-101.59
27984.38;-101.59
27987.30;-101.44
27990.23;-101.59
27993.16;-101.75
27996.09;-101.44
27999.02;-101.28
28001.95;-101.28
28004.88;-101.12
28007.81;-101.28
28010.74;-101.44
28013.67;-101.44
28016.60;-101.44
28019.53;-101.59
28022.46;-101.59
28025.39;-101.44
28028.32;-101.36
28031.25;-101.59
28034.18;-101.75
28037.11;-101.67
28040.04;-101.59
28042.97;-101.44
28045.90;-101.44
28048.83;-101.51
28051.76;-101.20
28054.69;-101.36
28057.62;-101.36
28060.55;-101.36
28063.48;-101.44
28066.41;-101.44
28069.34;-101.44
28072.27;-101.36
28075.20;-101.36
28078.13;-101.59
28081.05;-101.44
28083.98;-101.28
28086.91;-101.44
28089.84;-101.75
28092.77;-101.51
28095.70;-101.75
28098.63;-101.90
28101.56;-101.83
28104.49;-101.59
28107.42;-101.36
28110.35;-101.44
28113.28;-101.83
28116.21;-101.51
28119.14;-101.44
28122.07;-101.28
28125.00;-101.20
28127.93;-101.12
28130.86;-101.36
28133.79;-101.59
28136.72;-101.51
28139.65;-101.44
28142.58;-101.28
28145.51;-101.59
28148.44;-101.51
28151.37;-101.59
28154.30;-101.51
28157.23;-101.67
28160.16;-101.75
28163.09;-101.67
28166.02;-101.51
28168.95;-101.44
28171.88;-101.59
28174.80;-101.20
28177.73;-101.44
28180.66;-101.36
28183.59;-101.51
28186.52;-101.36
28189.45;-101.44
28192.38;-101.28
28195.31;-101.12
28198.24;-101.05
28201.17;-101.12
28204.10;-101.51
28207.03;-101.44
28209.96;-101.44
28212.89;-101.36
28215.82;-101.20
28218.75;-101.36
28221.68;-101.44
28224.61;-101.28
28227.54;-101.28
28230.47;-101.12
28233.40;-101.59
28236.33;-101.75
28239.26;-101.75
28242.19;-101.67
28245.12;-101.36
28248.05;-101.36
28250.98;-101.44
28253.91;-101.59
28256.84;-101.59
28259.77;-101.67
28262.70;-101.59
28265.63;-101.36
28268.55;-101.20
28271.48;-101.12
28274.41;-101.44
28277.34;-101.20
28280.27;-101.28
28283.20;-101.51
28286.13;-101.67
28289.06;-101.44
28291.99;-101.28
28294.92;-101.44
28297.85;-101.59
28300.78;-101.51
28303.71;-101.36
28306.64;-101.59
28309.57;-101.51
28312.50;-101.36
28315.43;-101.44
28318.36;-101.36
28321.29;-101.28
28324.22;-101.36
28327.15;-101.51
28330.08;-101.59
28333.01;-101.28
28335.94;-101.28
28338.87;-101.51
28341.80;-101.28
28344.73;-101.28
28347.66;-101.28
28350.59;-101.59
28353.52;-101.51
28356.45;-101.44
28359.38;-101.44
28362.30;-101.20
28365.23;-101.36
28368.16;-101.36
28371.09;-101.44
28374.02;-101.28
28376.95;-101.20
28379.88;-101.44
28382.81;-101.67
28385.74;-101.59
28388.67;-101.44
28391.60;-101.36
28394.53;-101.28
28397.46;-101.36
28400.39;-101.75
28403.32;-101.59
28406.25;-101.12
28409.18;-101.44
28412.11;-101.44
28415.04;-101.44
28417.97;-101.36
28420.90;-101.44
28423.83;-101.44
28426.76;-101.12
28429.69;-101.05
28432.62;-100.97
28435.55;-101.12
28438.48;-101.05
28441.41;-101.28
28444.34;-101.20
28447.27;-101.67
28450.20;-101.51
28453.13;-101.51
28456.05;-101.36
28458.98;-101.44
28461.91;-101.44
28464.84;-101.12
28467.77;-101.12
28470.70;-101.36
28473.63;-101.28
28476.56;-101.51
28479.49;-101.59
28482.42;-101.44
28485.35;-101.12
28488.28;-100.97
28491.21;-100.97
28494.14;-101.05
28497.07;-101.28
28500.00;-101.05
28502.93;-101.12
28505.86;-101.44
28508.79;-101.44
28511.72;-101.12
28514.65;-101.28
28517.58;-101.36
28520.51;-101.28
28523.44;-101.12
28526.37;-101.20
28529.30;-101.44
28532.23;-101.36
28535.16;-101.51
28538.09;-101.51
28541.02;-101.28
28543.95;-101.28
28546.88;-101.36
28549.80;-101.28
28552.73;-100.89
28555.66;-101.05
28558.59;-101.28
28561.52;-101.36
28564.45;-101.28
28567.38;-101.20
28570.31;-101.12
28573.24;-101.44
28576.17;-101.51
28579.10;-101.59
28582.03;-101.59
28584.96;-101.59
28587.89;-101.44
28590.82;-101.51
28593.75;-101.20
28596.68;-101.20
28599.61;-101.12
28602.54;-101.20
28605.47;-101.28
28608.40;-101.20
28611.33;-101.20
28614.26;-101.44
28617.19;-101.59
28620.12;-101.36
28623.05;-100.97
28625.98;-101.05
28628.91;-101.28
28631.84;-101.44
28634.77;-101.51
28637.70;-101.36
28640.63;-101.20
28643.55;-101.05
28646.48;-101.20
28649.41;-101.12
28652.34;-101.20
28655.27;-101.28
28658.20;-101.44
28661.13;-101.28
28664.06;-100.97
28666.99;-101.28
28669.92;-101.51
28672.85;-101.36
28675.78;-101.28
28678.71;-101.44
28681.64;-101.36
28684.57;-101.20
28687.50;-101.44
28690.43;-101.28
28693.36;-101.20
28696.29;-101.05
28699.22;-101.51
28702.15;-101.51
28705.08;-101.28
28708.01;-101.36
28710.94;-101.28
28713.87;-101.12
28716.80;-101.12
28719.73;-101.28
28722.66;-101.51
28725.59;-101.51
28728.52;-101.36
28731.45;-101.12
28734.38;-101.36
28737.30;-101.28
28740.23;-101.36
28743.16;-101.51
28746.09;-101.36
28749.02;-101.20
28751.95;-101.12
28754.88;-101.59
28757.81;-101.51
28760.74;-101.44
28763.67;-101.51
28766.60;-101.36
28769.53;-101.28
28772.46;-101.28
28775.39;-101.36
28778.32;-101.05
28781.25;-101.05
28784.18;-101.51
28787.11;-101.28
28790.04;-101.28
28792.97;-101.20
28795.90;-101.28
28798.83;-101.28
28801.76;-101.44
28804.69;-101.28
28807.62;-101.44
28810.55;-101.28
28813.48;-101.05
28816.41;-101.20
28819.34;-101.20
28822.27;-101.05
28825.20;-100.97
28828.13;-101.20
28831.05;-101.20
28833.98;-101.28
28836.91;-101.28
28839.84;-101.05
28842.77;-101.28
28845.70;-101.51
28848.63;-101.20
28851.56;-101.36
28854.49;-101.44
28857.42;-101.44
28860.35;-101.36
28863.28;-101.44
28866.21;-101.28
28869.14;-101.51
28872.07;-101.44
28875.00;-101.12
28877.93;-101.20
28880.86;-101.44
28883.79;-101.44
28886.72;-101.20
28889.65;-100.97
28892.58;-101.28
28895.51;-101.44
28898.44;-101.28
28901.37;-101.20
28904.30;-101.12
28907.23;-101.28
28910.16;-101.20
28913.09;-101.12
28916.02;-101.05
28918.95;-100.97
28921.88;-101.12
28924.80;-101.28
28927.73;-101.44
28930.66;-101.36
28933.59;-101.12
28936.52;-101.05
28939.45;-101.28
28942.38;-101.28
28945.31;-101.20
28948.24;-101.12
28951.17;-100.97
28954.10;-101.36
28957.03;-101.36
28959.96;-101.44
28962.89;-101.12
28965.82;-100.89
28968.75;-100.97
28971.68;-101.28
28974.61;-101.28
28977.54;-101.12
28980.47;-101.05
28983.40;-101.20
28986.33;-101.36
28989.26;-101.36
28992.19;-101.05
28995.12;-101.28
28998.05;-101.36
29000.98;-101.28
29003.91;-101.28
29006.84;-101.20
29009.77;-101.36
29012.70;-101.28
29015.63;-101.36
29018.55;-101.05
29021.48;-101.20
29024.41;-101.28
29027.34;-101.51
29030.27;-101.44
29033.20;-101.36
29036.13;-101.05
29039.06;-101.05
29041.99;-100.97
29044.92;-101.20
29047.85;-101.28
29050.78;-101.20
29053.71;-101.28
29056.64;-101.28
29059.57;-101.05
29062.50;-101.05
29065.43;-101.20
29068.36;-101.12
29071.29;-101.28
29074.22;-101.36
29077.15;-101.20
29080.08;-101.20
29083.01;-101.12
29085.94;-101.28
29088.87;-100.97
29091.80;-101.12
29094.73;-101.44
29097.66;-101.51
29100.59;-101.44
29103.52;-101.28
29106.45;-101.44
29109.38;-101.36
29112.30;-101.12
29115.23;-101.20
29118.16;-101.12
29121.09;-100.97
29124.02;-101.44
29126.95;-101.44
29129.88;-101.44
29132.81;-101.28
29135.74;-101.20
29138.67;-101.12
29141.60;-101.12
29144.53;-101.28
29147.46;-101.20
29150.39;-101.20
29153.32;-101.36
29156.25;-101.36
29159.18;-101.12
29162.11;-101.28
29165.04;-101.36
29167.97;-101.44
29170.90;-101.59
29173.83;-101.51
29176.76;-101.28
29179.69;-101.28
29182.62;-101.12
29185.55;-101.12
29188.48;-101.20
29191.41;-101.05
29194.34;-101.12
29197.27;-101.12
29200.20;-101.20
29203.13;-101.20
29206.05;-101.20
29208.98;-101.20
29211.91;-101.20
29214.84;-101.20
29217.77;-101.28
29220.70;-101.20
29223.63;-101.05
29226.56;-101.59
29229.49;-101.20
29232.42;-100.97
29235.35;-101.28
29238.28;-101.20
29241.21;-101.12
29244.14;-101.05
29247.07;-100.97
29250.00;-100.89
29252.93;-101.12
29255.86;-101.20
29258.79;-100.97
29261.72;-100.89
29264.65;-100.97
29267.58;-101.12
29270.51;-101.20
29273.44;-101.12
29276.37;-101.20
29279.30;-101.20
29282.23;-101.05
29285.16;-101.12
29288.09;-101.36
29291.02;-101.36
29293.95;-101.20
29296.88;-101.12
29299.80;-101.20
29302.73;-101.28
29305.66;-101.44
29308.59;-101.36
29311.52;-101.51
29314.45;-101.36
29317.38;-101.12
29320.31;-101.05
29323.24;-101.12
29326.17;-101.12
29329.10;-101.05
29332.03;-101.28
29334.96;-101.20
29337.89;-101.20
29340.82;-101.05
29343.75;-100.97
29346.68;-101.28
29349.61;-101.20
29352.54;-101.12
29355.47;-101.05
29358.40;-101.36
29361.33;-101.12
29364.26;-100.89
29367.19;-101.20
29370.12;-101.12
29373.05;-101.36
29375.98;-101.28
29378.91;-101.20
29381.84;-101.36
29384.77;-101.28
29387.70;-101.05
29390.63;-100.89
29393.55;-100.73
29396.48;-100.97
29399.41;-101.12
29402.34;-101.12
29405.27;-101.28
29408.20;-101.05
29411.13;-101.12
29414.06;-101.36
29416.99;-101.28
29419.92;-101.05
29422.85;-100.97
29425.78;-101.05
29428.71;-101.12
29431.64;-101.20
29434.57;-101.05
29437.50;-100.73
29440.43;-100.97
29443.36;-101.12
29446.29;-100.97
29449.22;-101.12
29452.15;-101.05
29455.08;-101.36
29458.01;-101.20
29460.94;-101.28
29463.87;-101.28
29466.80;-101.36
29469.73;-101.20
29472.66;-101.20
29475.59;-100.89
29478.52;-100.97
29481.45;-101.20
29484.38;-101.28
29487.30;-101.36
29490.23;-101.05
29493.16;-100.81
29496.09;-101.05
29499.02;-101.44
29501.95;-101.20
29504.88;-101.12
29507.81;-100.97
29510.74;-101.05
29513.67;-101.20
29516.60;-101.44
29519.53;-101.36
29522.46;-101.20
29525.39;-101.20
29528.32;-101.05
29531.25;-100.97
29534.18;-100.81
29537.11;-101.20
29540.04;-101.51
29542.97;-101.36
29545.90;-101.28
29548.83;-100.97
29551.76;-100.89
29554.69;-101.05
29557.62;-101.20
29560.55;-101.20
29563.48;-100.89
29566.41;-101.05
29569.34;-101.05
29572.27;-101.05
29575.20;-100.97
29578.13;-100.97
29581.05;-101.28
29583.98;-101.28
29586.91;-101.12
29589.84;-100.97
29592.77;-101.05
29595.70;-101.12
29598.63;-101.12
29601.56;-101.20
29604.49;-100.97
29607.42;-100.97
29610.35;-101.12
29613.28;-101.20
29616.21;-100.89
29619.14;-100.81
29622.07;-101.12
29625.00;-101.28
29627.93;-101.20
29630.86;-101.05
29633.79;-101.12
29636.72;-101.28
29639.65;-101.12
29642.58;-101.12
29645.51;-101.05
29648.44;-101.12
29651.37;-101.12
29654.30;-101.12
29657.23;-101.12
29660.16;-101.20
29663.09;-101.28
29666.02;-101.05
29668.95;-100.97
29671.88;-101.05
29674.80;-101.05
29677.73;-100.81
29680.66;-101.12
29683.59;-101.36
29686.52;-101.20
29689.45;-101.28
29692.38;-101.20
29695.31;-101.28
29698.24;-101.28
29701.17;-101.28
29704.10;-101.20
29707.03;-100.89
29709.96;-101.12
29712.89;-101.20
29715.82;-101.12
29718.75;-101.28
29721.68;-101.36
29724.61;-101.20
29727.54;-101.12
29730.47;-100.81
29733.40;-100.73
29736.33;-101.05
29739.26;-101.20
29742.19;-101.05
29745.12;-100.97
29748.05;-100.89
29750.98;-100.97
29753.91;-101.05
29756.84;-101.12
29759.77;-100.97
29762.70;-100.97
29765.63;-101.20
29768.55;-101.12
29771.48;-101.28
29774.41;-101.44
29777.34;-101.20
29780.27;-100.89
29783.20;-100.73
29786.13;-100.73
29789.06;-100.81
29791.99;-100.97
29794.92;-101.36
29797.85;-101.44
29800.78;-101.28
29803.71;-100.89
29806.64;-100.81
29809.57;-101.05
29812.50;-101.20
29815.43;-101.20
29818.36;-101.12
29821.29;-100.97
29824.22;-100.89
29827.15;-100.89
29830.08;-100.97
29833.01;-100.89
29835.94;-100.89
29838.87;-100.81
29841.80;-100.89
29844.73;-100.81
29847.66;-101.12
29850.59;-101.12
29853.52;-101.28
29856.45;-100.97
29859.38;-100.89
29862.30;-101.28
29865.23;-101.36
29868.16;-101.36
29871.09;-101.44
29874.02;-101.28
29876.95;-101.20
29879.88;-101.28
29882.81;-101.20
29885.74;-101.20
29888.67;-101.28
29891.60;-101.12
29894.53;-101.36
29897.46;-101.12
29900.39;-100.89
29903.32;-100.73
29906.25;-101.05
29909.18;-101.28
29912.11;-101.20
29915.04;-101.20
29917.97;-101.28
29920.90;-101.20
29923.83;-101.05
29926.76;-101.12
29929.69;-101.05
29932.62;-101.12
29935.55;-100.89
29938.48;-100.81
29941.41;-100.97
29944.34;-101.12
29947.27;-100.97
29950.20;-100.97
29953.13;-101.05
29956.05;-100.89
29958.98;-100.89
29961.91;-100.89
29964.84;-100.73
29967.77;-100.73
29970.70;-100.97
29973.63;-101.20
29976.56;-100.97
29979.49;-100.81
29982.42;-100.97
29985.35;-101.20
29988.28;-100.97
29991.21;-101.05
29994.14;-100.89
29997.07;-100.89
30000.00;-101.12
30002.93;-101.12
30005.86;-100.89
30008.79;-101.05
30011.72;-101.12
30014.65;-100.97
30017.58;-100.97
30020.51;-101.05
30023.44;-101.05
30026.37;-100.97
30029.30;-100.97
30032.23;-101.36
30035.16;-101.12
30038.09;-101.12
30041.02;-100.81
30043.95;-100.89
30046.88;-101.20
30049.80;-101.44
30052.73;-101.36
30055.66;-101.12
30058.59;-100.73
30061.52;-100.97
30064.45;-101.05
30067.38;-100.97
30070.31;-101.12
30073.24;-101.28
30076.17;-100.97
30079.10;-100.97
30082.03;-101.05
30084.96;-101.05
30087.89;-101.12
30090.82;-101.05
30093.75;-100.97
30096.68;-100.81
30099.61;-100.81
30102.54;-101.12
30105.47;-101.05
30108.40;-101.05
30111.33;-101.20
30114.26;-101.05
30117.19;-101.20
30120.12;-101.28
30123.05;-100.97
30125.98;-101.12
30128.91;-100.97
30131.84;-100.81
30134.77;-100.89
30137.70;-100.89
30140.63;-100.73
30143.55;-100.81
30146.48;-100.89
30149.41;-100.97
30152.34;-100.97
30155.27;-100.97
30158.20;-100.97
30161.13;-101.28
30164.06;-101.20
30166.99;-100.97
30169.92;-100.89
30172.85;-100.89
30175.78;-100.73
30178.71;-100.89
30181.64;-100.73
30184.57;-100.97
30187.50;-101.20
30190.43;-100.97
30193.36;-100.89
30196.29;-101.28
30199.22;-100.97
30202.15;-100.81
30205.08;-100.97
30208.01;-100.73
30210.94;-100.89
30213.87;-100.81
30216.80;-100.89
30219.73;-101.05
30222.66;-100.97
30225.59;-100.81
30228.52;-100.97
30231.45;-101.20
30234.38;-101.20
30237.30;-100.89
30240.23;-100.50
30243.16;-100.65
30246.09;-101.20
30249.02;-101.12
30251.95;-100.97
30254.88;-101.12
30257.81;-100.89
30260.74;-100.89
30263.67;-100.89
30266.60;-101.05
30269.53;-101.05
30272.46;-100.97
30275.39;-101.28
30278.32;-101.12
30281.25;-100.97
30284.18;-100.81
30287.11;-100.97
30290.04;-101.05
30292.97;-100.81
30295.90;-100.58
30298.83;-100.97
30301.76;-101.05
30304.69;-100.97
30307.62;-101.05
30310.55;-101.12
30313.48;-100.89
30316.41;-100.81
30319.34;-100.97
30322.27;-100.97
30325.20;-101.20
30328.13;-101.05
30331.05;-100.97
30333.98;-101.20
30336.91;-101.05
30339.84;-100.97
30342.77;-101.05
30345.70;-100.89
30348.63;-100.89
30351.56;-101.05
30354.49;-101.05
30357.42;-101.12
30360.35;-100.97
30363.28;-100.97
30366.21;-100.97
30369.14;-101.28
30372.07;-101.44
30375.00;-101.12
30377.93;-100.89
30380.86;-100.97
30383.79;-101.05
30386.72;-101.12
30389.65;-101.05
30392.58;-100.73
30395.51;-100.89
30398.44;-100.73
30401.37;-100.73
30404.30;-100.89
30407.23;-101.20
30410.16;-101.12
30413.09;-101.05
30416.02;-100.89
30418.95;-100.73
30421.88;-100.89
30424.80;-100.81
30427.73;-101.05
30430.66;-100.89
30433.59;-100.89
30436.52;-100.73
30439.45;-100.73
30442.38;-100.97
30445.31;-101.05
30448.24;-100.81
30451.17;-101.12
30454.10;-101.05
30457.03;-100.97
30459.96;-101.28
30462.89;-100.89
30465.82;-100.81
30468.75;-100.81
30471.68;-100.97
30474.61;-100.89
30477.54;-101.05
30480.47;-101.05
30483.40;-100.81
30486.33;-100.81
30489.26;-100.81
30492.19;-100.89
30495.12;-101.05
30498.05;-100.81
30500.98;-100.81
30503.91;-101.05
30506.84;-101.05
30509.77;-101.05
30512.70;-101.05
30515.63;-101.05
30518.55;-100.81
30521.48;-100.97
30524.41;-101.12
30527.34;-101.12
30530.27;-100.97
30533.20;-100.97
30536.13;-101.12
30539.06;-100.97
30541.99;-100.89
30544.92;-100.97
30547.85;-100.97
30550.78;-101.12
30553.71;-101.05
30556.64;-101.05
30559.57;-100.89
30562.50;-100.81
30565.43;-100.89
30568.36;-100.89
30571.29;-100.81
30574.22;-101.12
30577.15;-100.89
30580.08;-100.65
30583.01;-100.97
30585.94;-100.81
30588.87;-100.81
30591.80;-100.97
30594.73;-100.81
30597.66;-100.73
30600.59;-100.73
30603.52;-100.73
30606.45;-100.97
30609.38;-100.97
30612.30;-100.97
30615.23;-101.05
30618.16;-101.05
30621.09;-100.81
30624.02;-100.65
30626.95;-100.97
30629.88;-101.20
30632.81;-101.20
30635.74;-101.05
30638.67;-100.89
30641.60;-101.05
30644.53;-101.20
30647.46;-101.05
30650.39;-101.05
30653.32;-101.12
30656.25;-100.73
30659.18;-100.73
30662.11;-100.89
30665.04;-100.97
30667.97;-100.73
30670.90;-100.58
30673.83;-100.81
30676.76;-100.97
30679.69;-101.05
30682.62;-100.65
30685.55;-100.73
30688.48;-100.81
30691.41;-101.05
30694.34;-101.28
30697.27;-101.20
30700.20;-101.12
30703.13;-101.12
30706.05;-101.12
30708.98;-100.97
30711.91;-101.12
30714.84;-101.05
30717.77;-100.81
30720.70;-100.81
30723.63;-100.81
30726.56;-100.97
30729.49;-101.20
30732.42;-101.05
30735.35;-100.97
30738.28;-100.81
30741.21;-100.65
30744.14;-100.81
30747.07;-100.58
30750.00;-100.58
30752.93;-100.73
30755.86;-100.58
30758.79;-100.81
30761.72;-100.97
30764.65;-100.89
30767.58;-101.05
30770.51;-101.05
30773.44;-100.81
30776.37;-100.73
30779.30;-100.65
30782.23;-100.50
30785.16;-100.65
30788.09;-100.58
30791.02;-100.65
30793.95;-100.81
30796.88;-100.89
30799.80;-100.81
30802.73;-100.73
30805.66;-100.65
30808.59;-100.81
30811.52;-100.65
30814.45;-100.50
30817.38;-100.42
30820.31;-100.73
30823.24;-100.81
30826.17;-100.89
30829.10;-100.58
30832.03;-100.81
30834.96;-100.65
30837.89;-100.97
30840.82;-100.73
30843.75;-100.58
30846.68;-100.65
30849.61;-100.65
30852.54;-100.81
30855.47;-101.05
30858.40;-100.97
30861.33;-101.05
30864.26;-101.12
30867.19;-100.89
30870.12;-100.89
30873.05;-101.05
30875.98;-101.44
30878.91;-100.89
30881.84;-100.73
30884.77;-100.89
30887.70;-100.89
30890.63;-100.97
30893.55;-101.12
30896.48;-101.20
30899.41;-101.20
30902.34;-101.12
30905.27;-101.20
30908.20;-101.28
30911.13;-101.12
30914.06;-100.97
30916.99;-100.81
30919.92;-100.97
30922.85;-100.73
30925.78;-100.89
30928.71;-101.20
30931.64;-101.05
30934.57;-101.05
30937.50;-101.05
30940.43;-100.73
30943.36;-100.58
30946.29;-100.65
30949.22;-100.89
30952.15;-100.89
30955.08;-100.73
30958.01;-100.65
30960.94;-100.97
30963.87;-100.89
30966.80;-100.89
30969.73;-100.97
30972.66;-101.05
30975.59;-100.65
30978.52;-100.58
30981.45;-100.65
30984.38;-100.58
30987.30;-100.58
30990.23;-100.65
30993.16;-100.58
30996.09;-100.58
30999.02;-100.97
31001.95;-100.97
31004.88;-100.97
31007.81;-100.73
31010.74;-100.42
31013.67;-100.42
31016.60;-100.65
31019.53;-100.58
31022.46;-100.65
31025.39;-100.81
31028.32;-100.89
31031.25;-100.89
31034.18;-100.89
31037.11;-100.89
31040.04;-100.81
31042.97;-100.81
31045.90;-101.05
31048.83;-100.65
31051.76;-100.81
31054.69;-100.65
31057.62;-100.65
31060.55;-100.42
31063.48;-100.42
31066.41;-100.58
31069.34;-100.73
31072.27;-100.73
31075.20;-100.73
31078.13;-100.81
31081.05;-100.89
31083.98;-100.81
31086.91;-100.89
31089.84;-100.89
31092.77;-100.89
31095.70;-100.97
31098.63;-101.05
31101.56;-100.81
31104.49;-100.81
31107.42;-100.73
31110.35;-100.73
31113.28;-100.73
31116.21;-100.81
31119.14;-100.81
31122.07;-100.81
31125.00;-101.05
31127.93;-100.81
31130.86;-100.73
31133.79;-100.89
31136.72;-100.97
31139.65;-100.81
31142.58;-100.81
31145.51;-100.89
31148.44;-100.81
31151.37;-100.73
31154.30;-100.58
31157.23;-100.97
31160.16;-101.12
31163.09;-100.89
31166.02;-101.05
31168.95;-100.97
31171.88;-100.97
31174.80;-100.58
31177.73;-100.73
31180.66;-100.73
31183.59;-100.58
31186.52;-100.81
31189.45;-100.89
31192.38;-100.81
31195.31;-100.81
31198.24;-100.50
31201.17;-100.50
31204.10;-100.58
31207.03;-100.97
31209.96;-101.05
31212.89;-100.89
31215.82;-100.81
31218.75;-100.81
31221.68;-101.05
31224.61;-100.89
31227.54;-100.65
31230.47;-100.58
31233.40;-100.50
31236.33;-100.58
31239.26;-100.73
31242.19;-100.89
31245.12;-100.97
31248.05;-100.81
31250.98;-100.89
31253.91;-100.73
31256.84;-100.65
31259.77;-100.73
31262.70;-100.50
31265.63;-100.42
31268.55;-100.65
31271.48;-100.65
31274.41;-100.58
31277.34;-100.89
31280.27;-100.97
31283.20;-100.73
31286.13;-100.65
31289.06;-100.58
31291.99;-100.65
31294.92;-100.81
31297.85;-101.05
31300.78;-100.73
31303.71;-100.58
31306.64;-100.58
31309.57;-100.34
31312.50;-100.50
31315.43;-100.97
31318.36;-100.89
31321.29;-100.73
31324.22;-100.81
31327.15;-100.89
31330.08;-100.73
31333.01;-100.89
31335.94;-100.81
31338.87;-100.65
31341.80;-100.81
31344.73;-100.50
31347.66;-100.50
31350.59;-100.89
31353.52;-100.89
31356.45;-100.58
31359.38;-100.65
31362.30;-100.73
31365.23;-100.81
31368.16;-100.97
31371.09;-100.81
31374.02;-100.58
31376.95;-100.50
31379.88;-100.50
31382.81;-100.73
31385.74;-100.58
31388.67;-100.58
31391.60;-100.89
31394.53;-100.81
31397.46;-100.89
31400.39;-100.73
31403.32;-100.97
31406.25;-101.20
31409.18;-100.81
31412.11;-100.65
31415.04;-100.65
31417.97;-100.65
31420.90;-100.89
31423.83;-100.81
31426.76;-100.65
31429.69;-100.65
31432.62;-100.81
31435.55;-100.73
31438.48;-100.73
31441.41;-100.58
31444.34;-100.65
31447.27;-100.58
31450.20;-100.58
31453.13;-100.81
31456.05;-100.73
31458.98;-100.73
31461.91;-100.58
31464.84;-100.34
31467.77;-100.58
31470.70;-100.58
31473.63;-100.50
31476.56;-100.50
31479.49;-100.65
31482.42;-100.89
31485.35;-100.81
31488.28;-100.65
31491.21;-100.65
31494.14;-100.58
31497.07;-100.81
31500.00;-100.89
31502.93;-100.73
31505.86;-100.65
31508.79;-100.65
31511.72;-100.81
31514.65;-100.89
31517.58;-100.73
31520.51;-100.50
31523.44;-100.58
31526.37;-100.81
31529.30;-100.65
31532.23;-100.89
31535.16;-100.81
31538.09;-100.34
31541.02;-100.34
31543.95;-100.73
31546.88;-100.89
31549.80;-100.89
31552.73;-100.81
31555.66;-100.73
31558.59;-100.97
31561.52;-100.65
31564.45;-100.50
31567.38;-100.65
31570.31;-100.42
31573.24;-100.50
31576.17;-100.58
31579.10;-100.73
31582.03;-100.89
31584.96;-100.65
31587.89;-100.89
31590.82;-101.05
31593.75;-100.65
31596.68;-100.58
31599.61;-100.65
31602.54;-100.65
31605.47;-100.73
31608.40;-100.65
31611.33;-100.58
31614.26;-100.81
31617.19;-100.73
31620.12;-100.65
31623.05;-100.65
31625.98;-100.58
31628.91;-100.65
31631.84;-100.81
31634.77;-101.05
31637.70;-101.12
31640.63;-100.65
31643.55;-100.42
31646.48;-100.58
31649.41;-100.50
31652.34;-100.73
31655.27;-100.97
31658.20;-100.89
31661.13;-100.73
31664.06;-100.65
31666.99;-100.58
31669.92;-100.58
31672.85;-100.42
31675.78;-100.34
31678.71;-100.19
31681.64;-100.50
31684.57;-100.73
31687.50;-100.65
31690.43;-100.65
31693.36;-100.58
31696.29;-100.42
31699.22;-100.42
31702.15;-100.50
31705.08;-100.58
31708.01;-100.73
31710.94;-101.05
31713.87;-100.81
31716.80;-100.65
31719.73;-100.65
31722.66;-100.65
31725.59;-100.58
31728.52;-100.65
31731.45;-100.42
31734.38;-100.65
31737.30;-100.73
31740.23;-100.73
31743.16;-100.73
31746.09;-100.81
31749.02;-100.73
31751.95;-100.73
31754.88;-100.65
31757.81;-100.50
31760.74;-100.26
31763.67;-100.50
31766.60;-100.58
31769.53;-100.58
31772.46;-100.73
31775.39;-100.73
31778.32;-100.81
31781.25;-100.81
31784.18;-100.34
31787.11;-100.50
31790.04;-100.89
31792.97;-100.50
31795.90;-100.58
31798.83;-100.58
31801.76;-100.50
31804.69;-100.42
31807.62;-100.42
31810.55;-100.73
31813.48;-100.89
31816.41;-100.65
31819.34;-100.65
31822.27;-100.65
31825.20;-100.50
31828.13;-100.89
31831.05;-100.73
31833.98;-100.58
31836.91;-100.50
31839.84;-100.73
31842.77;-100.73
31845.70;-100.81
31848.63;-100.58
31851.56;-100.58
31854.49;-100.97
31857.42;-100.73
31860.35;-100.42
31863.28;-100.73
31866.21;-100.73
31869.14;-100.73
31872.07;-100.58
31875.00;-100.42
31877.93;-100.65
31880.86;-100.81
31883.79;-100.50
31886.72;-100.50
31889.65;-100.65
31892.58;-100.73
31895.51;-100.65
31898.44;-100.50
31901.37;-100.73
31904.30;-100.89
31907.23;-100.97
31910.16;-100.89
31913.09;-100.58
31916.02;-100.73
31918.95;-100.81
31921.88;-100.89
31924.80;-101.05
31927.73;-100.58
31930.66;-100.58
31933.59;-100.58
31936.52;-100.65
31939.45;-100.58
31942.38;-100.50
31945.31;-100.58
31948.24;-100.58
31951.17;-100.81
31954.10;-100.97
31957.03;-100.58
31959.96;-100.73
31962.89;-100.58
31965.82;-100.65
31968.75;-100.81
31971.68;-100.73
31974.61;-100.50
31977.54;-100.65
31980.47;-100.65
31983.40;-100.65
31986.33;-100.58
31989.26;-100.58
31992.19;-100.73
31995.12;-100.97
31998.05;-100.58
32000.98;-100.81
32003.91;-100.81
32006.84;-100.73
32009.77;-100.42
32012.70;-100.81
32015.63;-100.89
32018.55;-100.73
32021.48;-100.65
32024.41;-100.65
32027.34;-100.81
32030.27;-100.65
32033.20;-100.65
32036.13;-100.73
32039.06;-100.73
32041.99;-100.73
32044.92;-100.50
32047.85;-100.50
32050.78;-100.89
32053.71;-100.65
32056.64;-100.50
32059.57;-100.42
32062.50;-100.34
32065.43;-100.42
32068.36;-100.42
32071.29;-100.65
32074.22;-100.65
32077.15;-100.81
32080.08;-100.65
32083.01;-100.58
32085.94;-100.58
32088.87;-100.50
32091.80;-100.65
32094.73;-100.65
32097.66;-100.50
32100.59;-100.34
32103.52;-100.50
32106.45;-100.42
32109.38;-100.50
32112.30;-100.50
32115.23;-100.42
32118.16;-100.50
32121.09;-100.50
32124.02;-100.73
32126.95;-100.65
32129.88;-100.50
32132.81;-100.50
32135.74;-100.50
32138.67;-100.58
32141.60;-100.50
32144.53;-100.58
32147.46;-100.50
32150.39;-100.65
32153.32;-100.58
32156.25;-100.50
32159.18;-100.58
32162.11;-100.73
32165.04;-100.65
32167.97;-100.73
32170.90;-100.65
32173.83;-100.65
32176.76;-100.34
32179.69;-100.50
32182.62;-100.58
32185.55;-100.50
32188.48;-100.50
32191.41;-100.65
32194.34;-100.73
32197.27;-100.65
32200.20;-100.42
32203.13;-100.65
32206.05;-100.65
32208.98;-100.65
32211.91;-100.42
32214.84;-100.42
32217.77;-100.58
32220.70;-100.50
32223.63;-100.58
32226.56;-100.58
32229.49;-100.58
32232.42;-100.65
32235.35;-100.73
32238.28;-100.50
32241.21;-100.34
32244.14;-100.81
32247.07;-100.97
32250.00;-100.73
32252.93;-100.58
32255.86;-100.42
32258.79;-100.58
32261.72;-100.65
32264.65;-100.42
32267.58;-100.50
32270.51;-100.65
32273.44;-100.42
32276.37;-100.42
32279.30;-100.50
32282.23;-100.26
32285.16;-100.42
32288.09;-100.50
32291.02;-100.58
32293.95;-100.42
32296.88;-100.34
32299.80;-100.65
32302.73;-100.58
32305.66;-100.50
32308.59;-100.50
32311.52;-100.50
32314.45;-100.42
32317.38;-100.50
32320.31;-100.65
32323.24;-100.50
32326.17;-100.42
32329.10;-100.73
32332.03;-100.73
32334.96;-100.34
32337.89;-100.42
32340.82;-100.42
32343.75;-100.50
32346.68;-100.97
32349.61;-100.81
32352.54;-100.89
32355.47;-100.97
32358.40;-100.97
32361.33;-100.73
32364.26;-100.65
32367.19;-100.81
32370.12;-100.58
32373.05;-100.65
32375.98;-100.73
32378.91;-100.65
32381.84;-100.73
32384.77;-100.73
32387.70;-100.58
32390.63;-100.58
32393.55;-100.65
32396.48;-100.58
32399.41;-100.58
32402.34;-100.50
32405.27;-100.58
32408.20;-100.65
32411.13;-100.65
32414.06;-100.58
32416.99;-100.73
32419.92;-100.73
32422.85;-100.65
32425.78;-100.58
32428.71;-100.65
32431.64;-100.50
32434.57;-100.58
32437.50;-100.73
32440.43;-100.42
32443.36;-100.42
32446.29;-100.81
32449.22;-100.73
32452.15;-100.65
32455.08;-100.73
32458.01;-100.65
32460.94;-100.50
32463.87;-100.26
32466.80;-100.42
32469.73;-100.42
32472.66;-100.19
32475.59;-100.26
32478.52;-100.34
32481.45;-100.19
32484.38;-100.34
32487.30;-100.19
32490.23;-100.42
32493.16;-100.42
32496.09;-100.42
32499.02;-100.42
32501.95;-100.42
32504.88;-100.50
32507.81;-100.50
32510.74;-100.50
32513.67;-100.65
32516.60;-100.89
32519.53;-100.65
32522.46;-100.65
32525.39;-100.50
32528.32;-100.50
32531.25;-100.81
32534.18;-100.58
32537.11;-100.11
32540.04;-100.26
32542.97;-100.42
32545.90;-100.42
32548.83;-100.58
32551.76;-100.58
32554.69;-100.34
32557.62;-100.42
32560.55;-100.42
32563.48;-100.50
32566.41;-100.42
32569.34;-100.58
32572.27;-100.42
32575.20;-100.26
32578.13;-100.42
32581.05;-100.65
32583.98;-100.65
32586.91;-100.65
32589.84;-100.42
32592.77;-100.58
32595.70;-100.34
32598.63;-100.26
32601.56;-100.42
32604.49;-100.50
32607.42;-100.81
32610.35;-100.58
32613.28;-100.50
32616.21;-100.58
32619.14;-100.65
32622.07;-100.73
32625.00;-100.73
32627.93;-100.50
32630.86;-100.26
32633.79;-100.50
32636.72;-100.11
32639.65;-100.19
32642.58;-100.50
32645.51;-100.50
32648.44;-100.50
32651.37;-100.58
32654.30;-100.58
32657.23;-100.50
32660.16;-100.65
32663.09;-100.50
32666.02;-100.26
32668.95;-100.42
32671.88;-100.42
32674.80;-100.11
32677.73;-100.34
32680.66;-100.65
32683.59;-100.81
32686.52;-100.58
32689.45;-100.42
32692.38;-100.26
32695.31;-100.42
32698.24;-100.58
32701.17;-100.58
32704.10;-100.26
32707.03;-100.34
32709.96;-100.26
32712.89;-100.26
32715.82;-100.26
32718.75;-100.42
32721.68;-100.50
32724.61;-100.50
32727.54;-100.26
32730.47;-100.42
32733.40;-100.73
32736.33;-100.73
32739.26;-100.65
32742.19;-100.42
32745.12;-100.58
32748.05;-100.58
32750.98;-100.42
32753.91;-100.26
32756.84;-100.42
32759.77;-100.65
32762.70;-100.58
32765.63;-100.50
32768.55;-100.42
32771.48;-100.34
32774.41;-100.11
32777.34;-100.42
32780.27;-100.34
32783.20;-100.58
32786.13;-100.58
32789.06;-100.50
32791.99;-100.34
32794.92;-100.34
32797.85;-100.50
32800.78;-100.58
32803.71;-100.58
32806.64;-100.34
32809.57;-100.42
32812.50;-100.58
32815.43;-100.65
32818.36;-100.50
32821.29;-100.58
32824.22;-100.34
32827.15;-100.34
32830.08;-100.50
32833.01;-100.19
32835.94;-100.34
32838.87;-100.19
32841.80;-99.95
32844.73;-100.11
32847.66;-100.42
32850.59;-100.58
32853.52;-100.73
32856.45;-100.58
32859.38;-100.34
32862.30;-100.19
32865.23;-100.26
32868.16;-100.50
32871.09;-100.50
32874.02;-100.50
32876.95;-100.58
32879.88;-100.58
32882.81;-100.81
32885.74;-100.50
32888.67;-100.65
32891.60;-100.81
32894.53;-100.97
32897.46;-100.58
32900.39;-100.65
32903.32;-100.50
32906.25;-100.34
32909.18;-100.42
32912.11;-100.73
32915.04;-100.65
32917.97;-100.73
32920.90;-100.81
32923.83;-100.34
32926.76;-100.65
32929.69;-100.73
32932.62;-100.50
32935.55;-100.42
32938.48;-100.50
32941.41;-100.42
32944.34;-100.42
32947.27;-100.34
32950.20;-100.42
32953.13;-100.58
32956.05;-100.50
32958.98;-100.50
32961.91;-100.50
32964.84;-100.42
32967.77;-100.34
32970.70;-100.34
32973.63;-100.50
32976.56;-100.42
32979.49;-100.65
32982.42;-100.73
32985.35;-100.89
32988.28;-100.73
32991.21;-100.58
32994.14;-100.58
32997.07;-100.58
33000.00;-100.19
33002.93;-100.26
33005.86;-100.65
33008.79;-100.50
33011.72;-100.26
33014.65;-100.19
33017.58;-100.65
33020.51;-100.81
33023.44;-100.58
33026.37;-100.03
33029.30;-99.95
33032.23;-99.95
33035.16;-100.42
33038.09;-100.58
33041.02;-100.58
33043.95;-100.65
33046.88;-100.65
33049.80;-100.65
33052.73;-100.73
33055.66;-100.50
33058.59;-100.34
33061.52;-100.50
33064.45;-100.58
33067.38;-100.73
33070.31;-100.42
33073.24;-100.73
33076.17;-100.73
33079.10;-100.58
33082.03;-100.58
33084.96;-100.42
33087.89;-100.26
33090.82;-100.34
33093.75;-100.65
33096.68;-100.65
33099.61;-100.73
33102.54;-100.73
33105.47;-100.58
33108.40;-100.65
33111.33;-100.50
33114.26;-100.65
33117.19;-100.50
33120.12;-100.26
33123.05;-100.34
33125.98;-100.50
33128.91;-100.50
33131.84;-100.34
33134.77;-100.73
33137.70;-100.73
33140.63;-100.58
33143.55;-100.50
33146.48;-100.50
33149.41;-100.34
33152.34;-100.26
33155.27;-100.34
33158.20;-100.42
33161.13;-100.19
33164.06;-100.42
33166.99;-100.73
33169.92;-100.50
33172.85;-100.26
33175.78;-100.19
33178.71;-100.42
33181.64;-100.65
33184.57;-100.34
33187.50;-100.26
33190.43;-100.34
33193.36;-100.65
33196.29;-100.73
33199.22;-100.73
33202.15;-100.58
33205.08;-100.34
33208.01;-100.34
33210.94;-100.50
33213.87;-100.73
33216.80;-100.65
33219.73;-100.42
33222.66;-100.58
33225.59;-100.34
33228.52;-100.11
33231.45;-100.26
33234.38;-100.58
33237.30;-100.73
33240.23;-100.65
33243.16;-100.42
33246.09;-100.19
33249.02;-100.19
33251.95;-100.58
33254.88;-100.58
33257.81;-100.73
33260.74;-100.65
33263.67;-100.58
33266.60;-100.42
33269.53;-100.42
33272.46;-100.26
33275.39;-100.11
33278.32;-100.26
33281.25;-100.50
33284.18;-100.58
33287.11;-100.11
33290.04;-100.11
33292.97;-100.50
33295.90;-100.65
33298.83;-100.65
33301.76;-100.50
33304.69;-100.50
33307.62;-100.34
33310.55;-100.34
33313.48;-100.34
33316.41;-100.50
33319.34;-100.50
33322.27;-100.42
33325.20;-100.58
33328.13;-100.65
33331.05;-100.58
33333.98;-100.58
33336.91;-100.50
33339.84;-100.11
33342.77;-100.34
33345.70;-100.50
33348.63;-100.50
33351.56;-100.42
33354.49;-100.50
33357.42;-100.81
33360.35;-100.65
33363.28;-100.50
33366.21;-100.34
33369.14;-100.42
33372.07;-100.50
33375.00;-100.42
33377.93;-100.19
33380.86;-100.42
33383.79;-100.50
33386.72;-100.42
33389.65;-100.42
33392.58;-100.50
33395.51;-100.42
33398.44;-100.50
33401.37;-100.11
33404.30;-100.03
33407.23;-100.19
33410.16;-100.19
33413.09;-100.19
33416.02;-100.34
33418.95;-100.19
33421.88;-100.26
33424.80;-100.50
33427.73;-100.73
33430.66;-100.42
33433.59;-100.42
33436.52;-100.58
33439.45;-100.34
33442.38;-100.58
33445.31;-100.58
33448.24;-100.50
33451.17;-100.42
33454.10;-100.42
33457.03;-100.42
33459.96;-100.42
33462.89;-100.58
33465.82;-100.58
33468.75;-100.19
33471.68;-100.34
33474.61;-100.81
33477.54;-100.65
33480.47;-100.58
33483.40;-100.58
33486.33;-100.65
33489.26;-100.19
33492.19;-100.11
33495.12;-100.34
33498.05;-100.42
33500.98;-100.34
33503.91;-100.34
33506.84;-100.50
33509.77;-100.50
33512.70;-100.42
33515.63;-100.50
33518.55;-100.50
33521.48;-100.73
33524.41;-100.65
33527.34;-100.42
33530.27;-100.34
33533.20;-100.50
33536.13;-100.73
33539.06;-100.73
33541.99;-100.65
33544.92;-100.42
33547.85;-100.26
33550.78;-100.42
33553.71;-100.34
33556.64;-100.50
33559.57;-100.58
33562.50;-100.50
33565.43;-100.58
33568.36;-100.58
33571.29;-100.26
33574.22;-100.19
33577.15;-100.26
33580.08;-100.34
33583.01;-100.34
33585.94;-100.42
33588.87;-100.19
33591.80;-100.26
33594.73;-100.50
33597.66;-100.50
33600.59;-100.19
33603.52;-100.50
33606.45;-100.34
33609.38;-100.42
33612.30;-100.50
33615.23;-100.58
33618.16;-100.42
33621.09;-100.26
33624.02;-100.50
33626.95;-100.26
33629.88;-100.34
33632.81;-100.58
33635.74;-100.65
33638.67;-100.42
33641.60;-100.58
33644.53;-100.50
33647.46;-100.11
33650.39;-100.34
33653.32;-100.34
33656.25;-100.42
33659.18;-100.42
33662.11;-100.34
33665.04;-100.34
33667.97;-100.42
33670.90;-100.50
33673.83;-100.42
33676.76;-100.50
33679.69;-100.34
33682.62;-100.42
33685.55;-100.19
33688.48;-100.11
33691.41;-100.34
33694.34;-100.34
33697.27;-100.50
33700.20;-100.50
33703.13;-100.34
33706.05;-100.50
33708.98;-100.34
33711.91;-100.34
33714.84;-100.42
33717.77;-100.26
33720.70;-100.26
33723.63;-100.42
33726.56;-100.34
33729.49;-100.26
33732.42;-100.50
33735.35;-100.58
33738.28;-100.19
33741.21;-100.03
33744.14;-100.34
33747.07;-100.42
33750.00;-100.50
33752.93;-100.81
33755.86;-100.34
33758.79;-100.11
33761.72;-100.34
33764.65;-100.50
33767.58;-100.50
33770.51;-100.50
33773.44;-100.58
33776.37;-100.50
33779.30;-100.50
33782.23;-100.58
33785.16;-100.34
33788.09;-100.50
33791.02;-100.58
33793.95;-100.34
33796.88;-100.34
33799.80;-100.42
33802.73;-100.34
33805.66;-100.19
33808.59;-100.42
33811.52;-100.42
33814.45;-100.19
33817.38;-100.34
33820.31;-100.50
33823.24;-100.42
33826.17;-100.26
33829.10;-100.34
33832.03;-100.34
33834.96;-100.19
33837.89;-100.19
33840.82;-100.19
33843.75;-100.65
33846.68;-100.50
33849.61;-100.34
33852.54;-100.26
33855.47;-100.26
33858.40;-100.11
33861.33;-100.42
33864.26;-100.42
33867.19;-100.26
33870.12;-100.26
33873.05;-100.26
33875.98;-100.65
33878.91;-100.26
33881.84;-100.11
33884.77;-100.26
33887.70;-100.34
33890.63;-100.50
33893.55;-100.50
33896.48;-100.50
33899.41;-100.58
33902.34;-100.58
33905.27;-100.26
33908.20;-100.26
33911.13;-100.26
33914.06;-100.42
33916.99;-100.58
33919.92;-100.42
33922.85;-100.26
33925.78;-100.50
33928.71;-100.65
33931.64;-100.50
33934.57;-100.50
33937.50;-100.58
33940.43;-100.73
33943.36;-100.26
33946.29;-100.26
33949.22;-100.19
33952.15;-100.11
33955.08;-100.50
33958.01;-100.42
33960.94;-100.34
33963.87;-100.65
33966.80;-100.58
33969.73;-100.42
33972.66;-100.19
33975.59;-100.34
33978.52;-100.42
33981.45;-100.26
33984.38;-100.26
33987.30;-100.50
33990.23;-100.65
33993.16;-100.65
33996.09;-100.58
33999.02;-100.65
34001.95;-100.50
34004.88;-100.50
34007.81;-100.34
34010.74;-100.26
34013.67;-100.42
34016.60;-100.50
34019.53;-100.42
34022.46;-100.58
34025.39;-100.89
34028.32;-100.58
34031.25;-100.11
34034.18;-100.34
34037.11;-100.42
34040.04;-100.34
34042.97;-100.19
34045.90;-100.34
34048.83;-100.50
34051.76;-100.58
34054.69;-100.50
34057.62;-100.50
34060.55;-100.50
34063.48;-100.34
34066.41;-100.50
34069.34;-100.42
34072.27;-100.34
34075.20;-100.42
34078.13;-100.42
34081.05;-100.19
34083.98;-100.58
34086.91;-100.58
34089.84;-100.11
34092.77;-100.03
34095.70;-100.19
34098.63;-100.42
34101.56;-100.89
34104.49;-100.42
34107.42;-100.26
34110.35;-100.42
34113.28;-100.42
34116.21;-100.34
34119.14;-100.42
34122.07;-100.42
34125.00;-100.81
34127.93;-100.58
34130.86;-100.26
34133.79;-100.26
34136.72;-100.50
34139.65;-100.42
34142.58;-100.26
34145.51;-100.03
34148.44;-100.11
34151.37;-100.03
34154.30;-100.26
34157.23;-100.03
34160.16;-100.42
34163.09;-100.50
34166.02;-100.50
34168.95;-100.81
34171.88;-100.42
34174.80;-100.03
34177.73;-100.26
34180.66;-100.50
34183.59;-100.50
34186.52;-100.26
34189.45;-100.73
34192.38;-100.58
34195.31;-100.34
34198.24;-100.42
34201.17;-100.58
34204.10;-100.58
34207.03;-100.34
34209.96;-100.42
34212.89;-100.34
34215.82;-100.50
34218.75;-100.42
34221.68;-100.26
34224.61;-100.11
34227.54;-100.19
34230.47;-100.19
34233.40;-100.19
34236.33;-100.26
34239.26;-100.42
34242.19;-100.50
34245.12;-100.26
34248.05;-100.26
34250.98;-100.42
34253.91;-100.34
34256.84;-100.19
34259.77;-100.42
34262.70;-100.34
34265.63;-100.73
34268.55;-100.50
34271.48;-100.34
34274.41;-100.34
34277.34;-100.34
34280.27;-100.42
34283.20;-100.42
34286.13;-100.50
34289.06;-100.42
34291.99;-100.34
34294.92;-100.03
34297.85;-100.34
34300.78;-100.42
34303.71;-100.34
34306.64;-100.50
34309.57;-100.50
34312.50;-100.42
34315.43;-100.26
34318.36;-100.42
34321.29;-100.65
34324.22;-100.50
34327.15;-100.42
34330.08;-100.34
34333.01;-100.58
34335.94;-100.42
34338.87;-100.50
34341.80;-100.34
34344.73;-100.42
34347.66;-100.42
34350.59;-100.34
34353.52;-100.19
34356.45;-100.42
34359.38;-100.50
34362.30;-100.42
34365.23;-100.50
34368.16;-100.73
34371.09;-100.34
34374.02;-100.19
34376.95;-100.58
34379.88;-100.50
34382.81;-100.42
34385.74;-100.50
34388.67;-100.42
34391.60;-100.11
34394.53;-100.19
34397.46;-100.26
34400.39;-100.11
34403.32;-100.03
34406.25;-100.11
34409.18;-100.03
34412.11;-100.34
34415.04;-100.26
34417.97;-100.34
34420.90;-100.50
34423.83;-100.42
34426.76;-100.34
34429.69;-100.34
34432.62;-99.95
34435.55;-100.26
34438.48;-100.58
34441.41;-100.58
34444.34;-100.42
34447.27;-100.26
34450.20;-100.26
34453.13;-100.34
34456.05;-100.34
34458.98;-100.50
34461.91;-100.50
34464.84;-100.34
34467.77;-100.19
34470.70;-100.03
34473.63;-100.42
34476.56;-100.50
34479.49;-100.26
34482.42;-100.03
34485.35;-100.26
34488.28;-100.50
34491.21;-100.42
34494.14;-100.34
34497.07;-100.11
34500.00;-100.19
34502.93;-100.34
34505.86;-100.42
34508.79;-100.42
34511.72;-100.34
34514.65;-100.34
34517.58;-100.19
34520.51;-100.19
34523.44;-100.34
34526.37;-100.19
34529.30;-100.34
34532.23;-100.58
34535.16;-100.26
34538.09;-100.19
34541.02;-100.26
34543.95;-100.26
34546.88;-100.34
34549.80;-100.19
34552.73;-100.11
34555.66;-100.26
34558.59;-100.50
34561.52;-100.34
34564.45;-100.42
34567.38;-100.26
34570.31;-100.26
34573.24;-100.42
34576.17;-100.42
34579.10;-100.42
34582.03;-100.42
34584.96;-100.19
34587.89;-100.03
34590.82;-100.11
34593.75;-100.03
34596.68;-100.19
34599.61;-100.26
34602.54;-100.50
34605.47;-100.26
34608.40;-100.34
34611.33;-100.11
34614.26;-100.19
34617.19;-100.26
34620.12;-100.11
34623.05;-100.19
34625.98;-100.26
34628.91;-100.11
34631.84;-100.19
34634.77;-100.42
34637.70;-100.19
34640.63;-100.34
34643.55;-100.26
34646.48;-99.95
34649.41;-100.03
34652.34;-100.26
34655.27;-100.11
34658.20;-100.19
34661.13;-100.11
34664.06;-100.11
34666.99;-100.11
34669.92;-100.26
34672.85;-100.42
34675.78;-100.26
34678.71;-100.42
34681.64;-100.42
34684.57;-100.19
34687.50;-100.26
34690.43;-99.95
34693.36;-99.72
34696.29;-99.95
34699.22;-100.42
34702.15;-100.34
34705.08;-100.26
34708.01;-100.03
34710.94;-100.11
34713.87;-100.34
34716.80;-100.11
34719.73;-100.11
34722.66;-100.03
34725.59;-100.03
34728.52;-100.03
34731.45;-100.03
34734.38;-100.19
34737.30;-100.19
34740.23;-100.11
34743.16;-100.11
34746.09;-100.03
34749.02;-100.19
34751.95;-100.03
34754.88;-100.19
34757.81;-100.19
34760.74;-100.50
34763.67;-100.50
34766.60;-100.42
34769.53;-100.34
34772.46;-100.11
34775.39;-100.03
34778.32;-99.95
34781.25;-100.19
34784.18;-100.26
34787.11;-100.11
34790.04;-100.19
34792.97;-100.03
34795.90;-100.03
34798.83;-100.19
34801.76;-100.11
34804.69;-99.95
34807.62;-100.11
34810.55;-100.65
34813.48;-100.58
34816.41;-100.11
34819.34;-100.26
34822.27;-100.19
34825.20;-100.26
34828.13;-100.26
34831.05;-100.26
34833.98;-100.34
34836.91;-100.03
34839.84;-100.11
34842.77;-100.42
34845.70;-100.26
34848.63;-100.11
34851.56;-100.42
34854.49;-100.26
34857.42;-100.19
34860.35;-100.26
34863.28;-100.11
34866.21;-100.26
34869.14;-100.11
34872.07;-100.11
34875.00;-100.26
34877.93;-100.26
34880.86;-100.58
34883.79;-100.19
34886.72;-100.19
34889.65;-100.34
34892.58;-100.19
34895.51;-100.34
34898.44;-100.34
34901.37;-100.34
34904.30;-100.03
34907.23;-100.19
34910.16;-100.26
34913.09;-100.26
34916.02;-100.34
34918.95;-100.42
34921.88;-100.42
34924.80;-100.11
34927.73;-100.19
34930.66;-100.19
34933.59;-100.11
34936.52;-100.50
34939.45;-100.42
34942.38;-100.42
34945.31;-100.34
34948.24;-100.34
34951.17;-100.26
34954.10;-100.26
34957.03;-100.19
34959.96;-100.11
34962.89;-100.34
34965.82;-100.26
34968.75;-100.19
34971.68;-100.19
34974.61;-100.11
34977.54;-99.95
34980.47;-100.19
34983.40;-100.19
34986.33;-100.19
34989.26;-100.26
34992.19;-100.34
34995.12;-100.11
34998.05;-100.26
35000.98;-100.50
35003.91;-100.50
35006.84;-100.42
35009.77;-100.19
35012.70;-100.19
35015.63;-100.11
35018.55;-100.26
35021.48;-100.34
35024.41;-100.26
35027.34;-100.34
35030.27;-100.26
35033.20;-100.26
35036.13;-100.03
35039.06;-100.26
35041.99;-100.34
35044.92;-100.34
35047.85;-100.34
35050.78;-100.34
35053.71;-100.19
35056.64;-100.19
35059.57;-100.03
35062.50;-100.11
35065.43;-99.95
35068.36;-100.19
35071.29;-100.34
35074.22;-100.50
35077.15;-100.26
35080.08;-100.11
35083.01;-100.50
35085.94;-100.19
35088.87;-100.19
35091.80;-100.26
35094.73;-100.26
35097.66;-100.26
35100.59;-99.95
35103.52;-100.03
35106.45;-100.11
35109.38;-100.11
35112.30;-100.11
35115.23;-100.11
35118.16;-100.11
35121.09;-99.95
35124.02;-100.11
35126.95;-100.34
35129.88;-100.34
35132.81;-99.95
35135.74;-100.11
35138.67;-100.26
35141.60;-100.19
35144.53;-100.03
35147.46;-100.03
35150.39;-100.11
35153.32;-100.03
35156.25;-99.95
35159.18;-100.03
35162.11;-100.34
35165.04;-100.42
35167.97;-100.26
35170.90;-100.34
35173.83;-100.03
35176.76;-100.11
35179.69;-100.19
35182.62;-100.34
35185.55;-100.03
35188.48;-100.03
35191.41;-100.42
35194.34;-100.34
35197.27;-100.11
35200.20;-100.19
35203.13;-100.26
35206.05;-100.19
35208.98;-100.26
35211.91;-100.19
35214.84;-100.42
35217.77;-100.26
35220.70;-100.11
35223.63;-100.34
35226.56;-100.34
35229.49;-100.42
35232.42;-100.34
35235.35;-100.34
35238.28;-100.11
35241.21;-99.95
35244.14;-99.95
35247.07;-99.95
35250.00;-100.19
35252.93;-100.11
35255.86;-100.11
35258.79;-99.95
35261.72;-99.95
35264.65;-100.26
35267.58;-100.19
35270.51;-100.26
35273.44;-100.11
35276.37;-100.03
35279.30;-100.26
35282.23;-100.34
35285.16;-100.34
35288.09;-100.42
35291.02;-100.42
35293.95;-100.34
35296.88;-99.95
35299.80;-100.11
35302.73;-100.03
35305.66;-99.95
35308.59;-100.19
35311.52;-100.26
35314.45;-100.19
35317.38;-99.95
35320.31;-100.11
35323.24;-100.26
35326.17;-100.26
35329.10;-100.19
35332.03;-99.95
35334.96;-100.03
35337.89;-100.19
35340.82;-100.26
35343.75;-100.19
35346.68;-100.03
35349.61;-100.03
35352.54;-100.19
35355.47;-100.19
35358.40;-100.11
35361.33;-100.26
35364.26;-100.19
35367.19;-100.19
35370.12;-100.11
35373.05;-99.95
35375.98;-100.11
35378.91;-100.34
35381.84;-100.19
35384.77;-99.95
35387.70;-99.79
35390.63;-99.95
35393.55;-100.03
35396.48;-100.19
35399.41;-100.26
35402.34;-100.34
35405.27;-100.42
35408.20;-100.42
35411.13;-100.34
35414.06;-100.34
35416.99;-99.79
35419.92;-99.95
35422.85;-100.03
35425.78;-100.11
35428.71;-100.11
35431.64;-100.03
35434.57;-100.11
35437.50;-100.03
35440.43;-99.95
35443.36;-99.72
35446.29;-99.95
35449.22;-100.03
35452.15;-99.95
35455.08;-100.19
35458.01;-100.19
35460.94;-100.03
35463.87;-100.03
35466.80;-100.19
35469.73;-100.19
35472.66;-100.11
35475.59;-100.34
35478.52;-100.19
35481.45;-99.87
35484.38;-100.11
35487.30;-100.42
35490.23;-100.42
35493.16;-100.42
35496.09;-100.26
35499.02;-100.26
35501.95;-100.26
35504.88;-100.34
35507.81;-100.19
35510.74;-99.95
35513.67;-100.34
35516.60;-100.03
35519.53;-100.03
35522.46;-100.26
35525.39;-100.19
35528.32;-100.11
35531.25;-100.03
35534.18;-100.11
35537.11;-100.11
35540.04;-100.03
35542.97;-100.19
35545.90;-100.11
35548.83;-100.19
35551.76;-100.26
35554.69;-100.19
35557.62;-100.34
35560.55;-100.19
35563.48;-100.11
35566.41;-100.26
35569.34;-100.11
35572.27;-100.19
35575.20;-100.26
35578.13;-100.19
35581.05;-100.34
35583.98;-100.42
35586.91;-100.42
35589.84;-99.95
35592.77;-100.03
35595.70;-100.11
35598.63;-100.11
35601.56;-100.11
35604.49;-99.95
35607.42;-100.03
35610.35;-100.19
35613.28;-100.34
35616.21;-100.11
35619.14;-100.19
35622.07;-100.03
35625.00;-100.11
35627.93;-100.19
35630.86;-100.11
35633.79;-99.95
35636.72;-99.79
35639.65;-99.87
35642.58;-99.87
35645.51;-99.95
35648.44;-99.87
35651.37;-99.72
35654.30;-99.87
35657.23;-100.03
35660.16;-100.11
35663.09;-100.26
35666.02;-100.26
35668.95;-100.03
35671.88;-99.87
35674.80;-99.95
35677.73;-99.95
35680.66;-100.11
35683.59;-100.26
35686.52;-100.26
35689.45;-100.42
35692.38;-100.34
35695.31;-100.11
35698.24;-100.11
35701.17;-100.26
35704.10;-100.19
35707.03;-100.26
35709.96;-100.19
35712.89;-99.95
35715.82;-99.79
35718.75;-99.87
35721.68;-99.87
35724.61;-99.95
35727.54;-100.11
35730.47;-100.19
35733.40;-100.19
35736.33;-100.11
35739.26;-100.11
35742.19;-100.11
35745.12;-100.03
35748.05;-99.95
35750.98;-99.79
35753.91;-99.95
35756.84;-100.11
35759.77;-100.11
35762.70;-100.03
35765.63;-100.19
35768.55;-99.95
35771.48;-100.03
35774.41;-100.26
35777.34;-99.87
35780.27;-99.72
35783.20;-99.87
35786.13;-99.87
35789.06;-99.95
35791.99;-100.03
35794.92;-99.87
35797.85;-100.11
35800.78;-100.26
35803.71;-99.87
35806.64;-99.95
35809.57;-100.26
35812.50;-99.95
35815.43;-100.11
35818.36;-100.03
35821.29;-100.03
35824.22;-100.26
35827.15;-100.19
35830.08;-100.19
35833.01;-99.95
35835.94;-100.03
35838.87;-100.11
35841.80;-100.03
35844.73;-100.11
35847.66;-100.11
35850.59;-100.11
35853.52;-100.19
35856.45;-100.19
35859.38;-99.95
35862.30;-99.87
35865.23;-100.03
35868.16;-99.95
35871.09;-100.11
35874.02;-100.19
35876.95;-100.26
35879.88;-100.19
35882.81;-100.03
35885.74;-99.95
35888.67;-100.11
35891.60;-100.11
35894.53;-100.03
35897.46;-100.19
35900.39;-100.26
35903.32;-100.11
35906.25;-100.03
35909.18;-99.95
35912.11;-100.03
35915.04;-100.19
35917.97;-100.34
35920.90;-100.19
35923.83;-100.11
35926.76;-100.19
35929.69;-100.34
35932.62;-100.34
35935.55;-100.11
35938.48;-99.95
35941.41;-100.03
35944.34;-100.11
35947.27;-100.34
35950.20;-100.42
35953.13;-100.26
35956.05;-100.42
35958.98;-100.03
35961.91;-99.87
35964.84;-100.03
35967.77;-100.11
35970.70;-100.03
35973.63;-99.95
35976.56;-100.11
35979.49;-100.19
35982.42;-99.87
35985.35;-99.95
35988.28;-100.11
35991.21;-100.11
35994.14;-100.03
35997.07;-99.95
36000.00;-99.95
36002.93;-99.95
36005.86;-100.03
36008.79;-100.11
36011.72;-100.11
36014.65;-100.19
36017.58;-100.26
36020.51;-100.34
36023.44;-100.26
36026.37;-99.87
36029.30;-99.95
36032.23;-100.11
36035.16;-100.26
36038.09;-99.87
36041.02;-100.03
36043.95;-100.34
36046.88;-100.42
36049.80;-100.34
36052.73;-100.26
36055.66;-99.95
36058.59;-99.87
36061.52;-100.26
36064.45;-100.11
36067.38;-100.03
36070.31;-100.03
36073.24;-100.11
36076.17;-99.95
36079.10;-99.95
36082.03;-100.11
36084.96;-100.11
36087.89;-100.11
36090.82;-100.11
36093.75;-99.72
36096.68;-99.87
36099.61;-100.03
36102.54;-100.19
36105.47;-100.42
36108.40;-100.26
36111.33;-100.19
36114.26;-100.03
36117.19;-100.11
36120.12;-99.95
36123.05;-100.03
36125.98;-100.19
36128.91;-100.11
36131.84;-100.11
36134.77;-100.03
36137.70;-99.79
36140.63;-99.95
36143.55;-100.03
36146.48;-100.19
36149.41;-100.26
36152.34;-100.19
36155.27;-99.95
36158.20;-100.11
36161.13;-100.19
36164.06;-100.03
36166.99;-100.11
36169.92;-99.95
36172.85;-100.03
36175.78;-100.11
36178.71;-99.95
36181.64;-99.72
36184.57;-99.79
36187.50;-99.72
36190.43;-99.95
36193.36;-99.95
36196.29;-99.79
36199.22;-99.87
36202.15;-99.87
36205.08;-99.72
36208.01;-99.87
36210.94;-100.03
36213.87;-99.95
36216.80;-99.95
36219.73;-99.95
36222.66;-99.87
36225.59;-99.87
36228.52;-99.79
36231.45;-100.03
36234.38;-99.95
36237.30;-99.72
36240.23;-99.79
36243.16;-100.11
36246.09;-100.26
36249.02;-100.42
36251.95;-100.19
36254.88;-99.87
36257.81;-99.95
36260.74;-100.03
36263.67;-99.87
36266.60;-99.87
36269.53;-99.87
36272.46;-99.79
36275.39;-100.03
36278.32;-99.72
36281.25;-99.87
36284.18;-100.11
36287.11;-100.03
36290.04;-99.87
36292.97;-99.95
36295.90;-100.03
36298.83;-100.11
36301.76;-99.95
36304.69;-99.95
36307.62;-99.87
36310.55;-100.03
36313.48;-100.26
36316.41;-100.19
36319.34;-100.03
36322.27;-100.11
36325.20;-100.26
36328.13;-100.03
36331.05;-99.87
36333.98;-99.95
36336.91;-99.79
36339.84;-100.11
36342.77;-100.11
36345.70;-100.11
36348.63;-100.19
36351.56;-100.11
36354.49;-99.95
36357.42;-100.11
36360.35;-100.03
36363.28;-99.95
36366.21;-99.87
36369.14;-100.19
36372.07;-99.87
36375.00;-100.03
36377.93;-100.11
36380.86;-99.95
36383.79;-100.19
36386.72;-100.19
36389.65;-100.11
36392.58;-99.95
36395.51;-100.19
36398.44;-100.34
36401.37;-100.26
36404.30;-100.11
36407.23;-100.03
36410.16;-99.87
36413.09;-99.87
36416.02;-100.03
36418.95;-100.19
36421.88;-100.19
36424.80;-100.03
36427.73;-100.11
36430.66;-99.95
36433.59;-100.03
36436.52;-100.19
36439.45;-99.87
36442.38;-99.64
36445.31;-99.95
36448.24;-100.11
36451.17;-100.11
36454.10;-99.87
36457.03;-99.87
36459.96;-100.34
36462.89;-100.34
36465.82;-100.03
36468.75;-99.87
36471.68;-100.03
36474.61;-100.19
36477.54;-100.26
36480.47;-99.95
36483.40;-100.03
36486.33;-99.95
36489.26;-99.87
36492.19;-99.87
36495.12;-99.79
36498.05;-99.95
36500.98;-100.19
36503.91;-100.03
36506.84;-99.95
36509.77;-99.95
36512.70;-99.95
36515.63;-99.87
36518.55;-100.11
36521.48;-100.34
36524.41;-100.11
36527.34;-99.95
36530.27;-99.95
36533.20;-100.03
36536.13;-100.11
36539.06;-100.11
36541.99;-100.26
36544.92;-100.19
36547.85;-99.87
36550.78;-99.95
36553.71;-99.95
36556.64;-99.95
36559.57;-99.87
36562.50;-99.87
36565.43;-100.03
36568.36;-99.79
36571.29;-100.11
36574.22;-100.19
36577.15;-100.11
36580.08;-100.03
36583.01;-100.03
36585.94;-99.95
36588.87;-100.03
36591.80;-99.95
36594.73;-99.87
36597.66;-99.87
36600.59;-99.87
36603.52;-99.87
36606.45;-99.79
36609.38;-99.87
36612.30;-100.03
36615.23;-99.87
36618.16;-99.95
36621.09;-99.87
36624.02;-99.95
36626.95;-100.11
36629.88;-100.11
36632.81;-99.95
36635.74;-100.11
36638.67;-100.03
36641.60;-99.95
36644.53;-99.72
36647.46;-99.87
36650.39;-99.87
36653.32;-99.79
36656.25;-99.72
36659.18;-99.95
36662.11;-100.03
36665.04;-99.79
36667.97;-100.03
36670.90;-100.19
36673.83;-99.87
36676.76;-99.72
36679.69;-99.56
36682.62;-99.79
36685.55;-99.72
36688.48;-99.87
36691.41;-99.95
36694.34;-100.11
36697.27;-99.79
36700.20;-100.03
36703.13;-100.03
36706.05;-99.87
36708.98;-100.03
36711.91;-99.95
36714.84;-100.19
36717.77;-99.87
36720.70;-99.48
36723.63;-99.87
36726.56;-100.03
36729.49;-99.72
36732.42;-99.87
36735.35;-100.11
36738.28;-100.26
36741.21;-100.19
36744.14;-99.95
36747.07;-99.72
36750.00;-100.03
36752.93;-100.34
36755.86;-100.26
36758.79;-100.03
36761.72;-99.64
36764.65;-99.72
36767.58;-99.95
36770.51;-99.95
36773.44;-100.03
36776.37;-100.03
36779.30;-100.03
36782.23;-99.95
36785.16;-99.95
36788.09;-100.11
36791.02;-99.87
36793.95;-100.03
36796.88;-99.95
36799.80;-99.72
36802.73;-99.87
36805.66;-100.11
36808.59;-100.26
36811.52;-100.11
36814.45;-100.03
36817.38;-99.48
36820.31;-99.79
36823.24;-99.79
36826.17;-99.95
36829.10;-100.19
36832.03;-100.11
36834.96;-99.79
36837.89;-99.87
36840.82;-99.87
36843.75;-100.19
36846.68;-100.11
36849.61;-99.79
36852.54;-100.11
36855.47;-100.26
36858.40;-100.26
36861.33;-100.11
36864.26;-99.95
36867.19;-99.87
36870.12;-99.87
36873.05;-100.34
36875.98;-100.26
36878.91;-100.34
36881.84;-100.26
36884.77;-100.11
36887.70;-100.19
36890.63;-99.87
36893.55;-99.95
36896.48;-100.03
36899.41;-100.11
36902.34;-100.11
36905.27;-100.03
36908.20;-100.19
36911.13;-100.03
36914.06;-100.11
36916.99;-99.79
36919.92;-99.79
36922.85;-99.95
36925.78;-100.03
36928.71;-100.03
36931.64;-100.11
36934.57;-100.11
36937.50;-100.11
36940.43;-100.11
36943.36;-99.87
36946.29;-99.72
36949.22;-99.64
36952.15;-99.79
36955.08;-99.95
36958.01;-99.79
36960.94;-99.95
36963.87;-99.95
36966.80;-100.03
36969.73;-100.03
36972.66;-100.19
36975.59;-100.11
36978.52;-100.03
36981.45;-100.11
36984.38;-99.95
36987.30;-99.87
36990.23;-100.11
36993.16;-100.11
36996.09;-99.95
36999.02;-100.11
37001.95;-100.19
37004.88;-100.03
37007.81;-100.03
37010.74;-99.79
37013.67;-99.79
37016.60;-99.87
37019.53;-100.26
37022.46;-100.26
37025.39;-99.79
37028.32;-99.87
37031.25;-99.95
37034.18;-99.95
37037.11;-99.79
37040.04;-99.95
37042.97;-100.03
37045.90;-100.03
37048.83;-99.79
37051.76;-100.03
37054.69;-100.03
37057.62;-99.95
37060.55;-99.95
37063.48;-99.79
37066.41;-99.79
37069.34;-99.72
37072.27;-99.40
37075.20;-99.79
37078.13;-99.95
37081.05;-100.19
37083.98;-100.11
37086.91;-100.34
37089.84;-100.11
37092.77;-100.03
37095.70;-100.11
37098.63;-99.95
37101.56;-99.95
37104.49;-99.87
37107.42;-99.95
37110.35;-99.95
37113.28;-99.72
37116.21;-99.87
37119.14;-99.87
37122.07;-99.79
37125.00;-99.95
37127.93;-100.03
37130.86;-100.03
37133.79;-100.03
37136.72;-99.79
37139.65;-99.87
37142.58;-100.03
37145.51;-100.11
37148.44;-99.95
37151.37;-99.87
37154.30;-99.87
37157.23;-100.11
37160.16;-99.72
37163.09;-99.87
37166.02;-99.87
37168.95;-99.95
37171.88;-99.87
37174.80;-99.95
37177.73;-100.26
37180.66;-100.11
37183.59;-100.11
37186.52;-99.95
37189.45;-99.87
37192.38;-100.03
37195.31;-100.19
37198.24;-100.11
37201.17;-99.95
37204.10;-99.95
37207.03;-99.87
37209.96;-99.72
37212.89;-100.03
37215.82;-100.26
37218.75;-100.19
37221.68;-100.11
37224.61;-100.03
37227.54;-99.87
37230.47;-99.95
37233.40;-99.87
37236.33;-100.03
37239.26;-99.87
37242.19;-99.87
37245.12;-99.95
37248.05;-100.03
37250.98;-99.95
37253.91;-99.95
37256.84;-100.03
37259.77;-100.19
37262.70;-100.19
37265.63;-100.11
37268.55;-100.42
37271.48;-100.26
37274.41;-100.19
37277.34;-100.19
37280.27;-99.79
37283.20;-99.56
37286.13;-99.64
37289.06;-99.79
37291.99;-99.95
37294.92;-99.87
37297.85;-99.79
37300.78;-99.72
37303.71;-99.87
37306.64;-100.11
37309.57;-99.95
37312.50;-99.95
37315.43;-100.19
37318.36;-99.87
37321.29;-99.56
37324.22;-99.64
37327.15;-99.79
37330.08;-99.87
37333.01;-99.72
37335.94;-99.72
37338.87;-99.95
37341.80;-100.03
37344.73;-100.03
37347.66;-99.87
37350.59;-100.03
37353.52;-99.87
37356.45;-99.87
37359.38;-99.72
37362.30;-99.64
37365.23;-99.72
37368.16;-99.95
37371.09;-99.72
37374.02;-99.56
37376.95;-99.79
37379.88;-99.95
37382.81;-99.95
37385.74;-99.56
37388.67;-99.56
37391.60;-99.79
37394.53;-100.11
37397.46;-100.03
37400.39;-99.87
37403.32;-99.72
37406.25;-99.79
37409.18;-99.87
37412.11;-99.72
37415.04;-99.72
37417.97;-99.95
37420.90;-99.87
37423.83;-100.03
37426.76;-99.95
37429.69;-99.64
37432.62;-99.64
37435.55;-99.72
37438.48;-99.79
37441.41;-100.03
37444.34;-99.95
37447.27;-99.72
37450.20;-99.79
37453.13;-99.95
37456.05;-100.11
37458.98;-100.11
37461.91;-100.03
37464.84;-99.79
37467.77;-99.95
37470.70;-100.03
37473.63;-99.87
37476.56;-99.87
37479.49;-100.11
37482.42;-100.03
37485.35;-100.11
37488.28;-100.11
37491.21;-99.64
37494.14;-99.48
37497.07;-99.87
37500.00;-99.79
37502.93;-99.56
37505.86;-99.56
37508.79;-99.64
37511.72;-99.64
37514.65;-99.56
37517.58;-99.87
37520.51;-99.95
37523.44;-99.95
37526.37;-100.03
37529.30;-99.95
37532.23;-99.56
37535.16;-99.72
37538.09;-99.64
37541.02;-99.48
37543.95;-99.64
37546.88;-99.79
37549.80;-99.87
37552.73;-100.03
37555.66;-99.87
37558.59;-99.87
37561.52;-99.87
37564.45;-99.72
37567.38;-99.72
37570.31;-99.87
37573.24;-100.11
37576.17;-100.11
37579.10;-99.95
37582.03;-99.87
37584.96;-100.03
37587.89;-99.87
37590.82;-99.79
37593.75;-99.72
37596.68;-99.95
37599.61;-100.19
37602.54;-100.19
37605.47;-99.95
37608.40;-99.95
37611.33;-99.79
37614.26;-99.56
37617.19;-99.95
37620.12;-99.79
37623.05;-99.64
37625.98;-99.79
37628.91;-99.79
37631.84;-99.72
37634.77;-99.87
37637.70;-99.64
37640.63;-99.79
37643.55;-100.03
37646.48;-99.95
37649.41;-99.64
37652.34;-99.48
37655.27;-99.72
37658.20;-99.87
37661.13;-99.87
37664.06;-99.72
37666.99;-99.95
37669.92;-99.79
37672.85;-99.64
37675.78;-99.79
37678.71;-99.79
37681.64;-99.72
37684.57;-99.79
37687.50;-100.19
37690.43;-100.11
37693.36;-99.87
37696.29;-99.79
37699.22;-99.64
37702.15;-99.79
37705.08;-100.03
37708.01;-100.03
37710.94;-99.95
37713.87;-99.95
37716.80;-99.72
37719.73;-99.72
37722.66;-99.87
37725.59;-99.87
37728.52;-99.64
37731.45;-99.87
37734.38;-100.11
37737.30;-100.19
37740.23;-100.19
37743.16;-100.34
37746.09;-100.42
37749.02;-99.95
37751.95;-100.11
37754.88;-100.26
37757.81;-100.11
37760.74;-100.03
37763.67;-100.03
37766.60;-99.95
37769.53;-100.26
37772.46;-100.03
37775.39;-99.95
37778.32;-100.03
37781.25;-99.79
37784.18;-99.72
37787.11;-99.95
37790.04;-99.95
37792.97;-100.03
37795.90;-100.11
37798.83;-100.03
37801.76;-99.79
37804.69;-99.72
37807.62;-99.79
37810.55;-99.79
37813.48;-99.87
37816.41;-99.87
37819.34;-100.03
37822.27;-99.95
37825.20;-99.79
37828.13;-100.11
37831.05;-100.11
37833.98;-99.87
37836.91;-100.03
37839.84;-99.79
37842.77;-99.72
37845.70;-99.72
37848.63;-99.87
37851.56;-99.79
37854.49;-99.72
37857.42;-99.72
37860.35;-99.64
37863.28;-100.11
37866.21;-100.11
37869.14;-99.87
37872.07;-99.87
37875.00;-100.19
37877.93;-99.95
37880.86;-99.72
37883.79;-99.79
37886.72;-100.03
37889.65;-99.95
37892.58;-100.19
37895.51;-100.26
37898.44;-99.95
37901.37;-99.87
37904.30;-100.03
37907.23;-99.87
37910.16;-99.87
37913.09;-99.87
37916.02;-99.95
37918.95;-100.11
37921.88;-100.11
37924.80;-100.03
37927.73;-99.95
37930.66;-99.79
37933.59;-99.87
37936.52;-99.87
37939.45;-99.79
37942.38;-99.64
37945.31;-99.87
37948.24;-99.87
37951.17;-100.03
37954.10;-100.03
37957.03;-99.95
37959.96;-99.87
37962.89;-99.72
37965.82;-99.87
37968.75;-99.79
37971.68;-99.79
37974.61;-99.95
37977.54;-100.03
37980.47;-99.95
37983.40;-99.87
37986.33;-99.79
37989.26;-99.87
37992.19;-99.64
37995.12;-99.72
37998.05;-99.87
38000.98;-99.95
38003.91;-100.11
38006.84;-99.95
38009.77;-99.87
38012.70;-99.87
38015.63;-99.95
38018.55;-99.79
38021.48;-99.87
38024.41;-99.87
38027.34;-99.87
38030.27;-99.72
38033.20;-99.72
38036.13;-100.11
38039.06;-99.95
38041.99;-99.95
38044.92;-99.95
38047.85;-99.95
38050.78;-100.11
38053.71;-99.87
38056.64;-99.79
38059.57;-99.79
38062.50;-99.87
38065.43;-99.87
38068.36;-100.03
38071.29;-99.56
38074.22;-99.79
38077.15;-99.95
38080.08;-99.95
38083.01;-99.87
38085.94;-99.79
38088.87;-99.56
38091.80;-99.48
38094.73;-99.64
38097.66;-99.79
38100.59;-99.95
38103.52;-100.03
38106.45;-100.03
38109.38;-100.11
38112.30;-100.19
38115.23;-99.87
38118.16;-99.64
38121.09;-99.95
38124.02;-100.03
38126.95;-99.87
38129.88;-99.64
38132.81;-99.72
38135.74;-99.79
38138.67;-100.03
38141.60;-99.87
38144.53;-99.87
38147.46;-99.87
38150.39;-99.87
38153.32;-99.95
38156.25;-100.11
38159.18;-100.11
38162.11;-99.87
38165.04;-99.95
38167.97;-99.95
38170.90;-99.87
38173.83;-99.87
38176.76;-99.72
38179.69;-99.72
38182.62;-99.87
38185.55;-100.11
38188.48;-99.72
38191.41;-99.56
38194.34;-99.95
38197.27;-100.11
38200.20;-99.95
38203.13;-99.64
38206.05;-99.72
38208.98;-99.72
38211.91;-99.72
38214.84;-99.79
38217.77;-99.87
38220.70;-99.72
38223.63;-99.72
38226.56;-100.03
38229.49;-100.03
38232.42;-99.64
38235.35;-99.79
38238.28;-100.03
38241.21;-99.87
38244.14;-100.03
38247.07;-100.11
38250.00;-100.03
38252.93;-99.64
38255.86;-99.64
38258.79;-99.95
38261.72;-99.95
38264.65;-99.87
38267.58;-99.95
38270.51;-99.79
38273.44;-99.87
38276.37;-99.79
38279.30;-99.64
38282.23;-99.48
38285.16;-99.25
38288.09;-99.79
38291.02;-100.26
38293.95;-99.87
38296.88;-99.72
38299.80;-99.64
38302.73;-99.64
38305.66;-99.72
38308.59;-99.72
38311.52;-99.87
38314.45;-99.87
38317.38;-99.87
38320.31;-100.11
38323.24;-100.19
38326.17;-99.79
38329.10;-99.79
38332.03;-99.64
38334.96;-99.72
38337.89;-99.72
38340.82;-99.64
38343.75;-99.64
38346.68;-99.72
38349.61;-99.64
38352.54;-99.64
38355.47;-99.56
38358.40;-99.79
38361.33;-99.72
38364.26;-99.79
38367.19;-99.79
38370.12;-99.95
38373.05;-99.64
38375.98;-99.72
38378.91;-100.11
38381.84;-100.19
38384.77;-100.19
38387.70;-99.95
38390.63;-99.79
38393.55;-99.79
38396.48;-99.79
38399.41;-99.79
38402.34;-99.72
38405.27;-99.87
38408.20;-99.79
38411.13;-99.79
38414.06;-99.56
38416.99;-99.72
38419.92;-99.72
38422.85;-99.79
38425.78;-99.95
38428.71;-99.95
38431.64;-99.56
38434.57;-99.79
38437.50;-99.87
38440.43;-99.64
38443.36;-99.72
38446.29;-99.87
38449.22;-99.72
38452.15;-99.87
38455.08;-99.87
38458.01;-99.79
38460.94;-99.40
38463.87;-99.79
38466.80;-100.19
38469.73;-100.03
38472.66;-99.87
38475.59;-99.95
38478.52;-99.95
38481.45;-100.03
38484.38;-100.19
38487.30;-100.19
38490.23;-99.95
38493.16;-99.72
38496.09;-99.64
38499.02;-99.33
38501.95;-99.40
38504.88;-99.64
38507.81;-99.64
38510.74;-99.64
38513.67;-99.48
38516.60;-99.64
38519.53;-99.79
38522.46;-99.87
38525.39;-99.95
38528.32;-99.64
38531.25;-99.72
38534.18;-99.79
38537.11;-99.64
38540.04;-99.64
38542.97;-99.64
38545.90;-99.72
38548.83;-99.64
38551.76;-99.56
38554.69;-99.95
38557.62;-99.87
38560.55;-99.56
38563.48;-99.40
38566.41;-99.40
38569.34;-99.48
38572.27;-99.87
38575.20;-99.64
38578.13;-99.64
38581.05;-99.72
38583.98;-99.79
38586.91;-99.79
38589.84;-99.40
38592.77;-99.33
38595.70;-99.72
38598.63;-99.87
38601.56;-99.72
38604.49;-100.11
38607.42;-99.87
38610.35;-99.56
38613.28;-99.79
38616.21;-99.64
38619.14;-99.64
38622.07;-99.64
38625.00;-99.79
38627.93;-99.87
38630.86;-99.72
38633.79;-99.56
38636.72;-99.87
38639.65;-99.95
38642.58;-99.56
38645.51;-99.64
38648.44;-99.87
38651.37;-99.95
38654.30;-99.87
38657.23;-99.87
38660.16;-99.79
38663.09;-99.64
38666.02;-99.64
38668.95;-99.95
38671.88;-100.03
38674.80;-99.87
38677.73;-99.64
38680.66;-99.40
38683.59;-99.48
38686.52;-99.64
38689.45;-99.64
38692.38;-99.48
38695.31;-99.64
38698.24;-99.72
38701.17;-99.72
38704.10;-99.79
38707.03;-99.72
38709.96;-99.72
38712.89;-99.64
38715.82;-99.64
38718.75;-99.72
38721.68;-99.72
38724.61;-99.64
38727.54;-99.56
38730.47;-99.79
38733.40;-99.72
38736.33;-99.72
38739.26;-99.87
38742.19;-99.72
38745.12;-99.48
38748.05;-99.56
38750.98;-99.72
38753.91;-99.95
38756.84;-99.79
38759.77;-99.79
38762.70;-99.79
38765.63;-99.72
38768.55;-99.72
38771.48;-99.79
38774.41;-99.87
38777.34;-99.72
38780.27;-99.56
38783.20;-99.64
38786.13;-99.79
38789.06;-99.33
38791.99;-99.48
38794.92;-99.79
38797.85;-99.87
38800.78;-100.03
38803.71;-99.95
38806.64;-99.72
38809.57;-99.48
38812.50;-99.64
38815.43;-99.79
38818.36;-99.72
38821.29;-99.72
38824.22;-99.72
38827.15;-99.79
38830.08;-99.64
38833.01;-99.64
38835.94;-99.72
38838.87;-99.72
38841.80;-99.72
38844.73;-99.64
38847.66;-99.79
38850.59;-99.87
38853.52;-99.56
38856.45;-99.64
38859.38;-99.40
38862.30;-99.56
38865.23;-99.87
38868.16;-99.72
38871.09;-99.72
38874.02;-100.03
38876.95;-99.87
38879.88;-99.64
38882.81;-99.64
38885.74;-99.87
38888.67;-99.95
38891.60;-99.64
38894.53;-99.72
38897.46;-99.72
38900.39;-99.56
38903.32;-99.48
38906.25;-99.64
38909.18;-99.56
38912.11;-99.72
38915.04;-99.79
38917.97;-99.95
38920.90;-99.87
38923.83;-99.79
38926.76;-99.72
38929.69;-99.72
38932.62;-99.72
38935.55;-99.72
38938.48;-99.72
38941.41;-99.79
38944.34;-99.56
38947.27;-99.56
38950.20;-99.95
38953.13;-99.72
38956.05;-99.56
38958.98;-99.56
38961.91;-99.40
38964.84;-99.40
38967.77;-99.56
38970.70;-99.79
38973.63;-99.72
38976.56;-99.56
38979.49;-99.72
38982.42;-99.87
38985.35;-99.72
38988.28;-99.72
38991.21;-99.95
38994.14;-99.87
38997.07;-99.72
39000.00;-99.48
39002.93;-99.40
39005.86;-99.64
39008.79;-99.72
39011.72;-99.64
39014.65;-99.72
39017.58;-99.87
39020.51;-99.72
39023.44;-99.56
39026.37;-99.40
39029.30;-99.64
39032.23;-99.72
39035.16;-99.64
39038.09;-99.40
39041.02;-99.79
39043.95;-99.79
39046.88;-100.03
39049.80;-99.79
39052.73;-99.40
39055.66;-99.25
39058.59;-99.48
39061.52;-99.64
39064.45;-99.72
39067.38;-99.79
39070.31;-99.56
39073.24;-99.56
39076.17;-99.33
39079.10;-99.48
39082.03;-99.87
39084.96;-99.72
39087.89;-99.79
39090.82;-99.64
39093.75;-99.64
39096.68;-99.95
39099.61;-99.64
39102.54;-99.72
39105.47;-99.64
39108.40;-99.40
39111.33;-99.56
39114.26;-99.48
39117.19;-99.48
39120.12;-99.64
39123.05;-99.72
39125.98;-99.64
39128.91;-99.56
39131.84;-99.56
39134.77;-99.64
39137.70;-99.48
39140.63;-99.40
39143.55;-99.56
39146.48;-99.72
39149.41;-99.48
39152.34;-99.48
39155.27;-99.87
39158.20;-99.87
39161.13;-99.72
39164.06;-99.56
39166.99;-99.48
39169.92;-99.56
39172.85;-99.56
39175.78;-99.64
39178.71;-99.79
39181.64;-99.72
39184.57;-99.64
39187.50;-99.79
39190.43;-99.64
39193.36;-99.79
39196.29;-99.56
39199.22;-99.25
39202.15;-99.56
39205.08;-99.64
39208.01;-99.64
39210.94;-99.72
39213.87;-99.56
39216.80;-99.72
39219.73;-99.48
39222.66;-99.48
39225.59;-99.72
39228.52;-99.48
39231.45;-99.40
39234.38;-99.64
39237.30;-99.40
39240.23;-99.79
39243.16;-99.72
39246.09;-99.79
39249.02;-99.79
39251.95;-99.72
39254.88;-99.56
39257.81;-99.56
39260.74;-99.64
39263.67;-99.79
39266.60;-99.79
39269.53;-99.79
39272.46;-99.48
39275.39;-99.64
39278.32;-99.79
39281.25;-99.56
39284.18;-99.48
39287.11;-99.64
39290.04;-99.48
39292.97;-99.40
39295.90;-99.72
39298.83;-99.48
39301.76;-99.95
39304.69;-99.72
39307.62;-99.64
39310.55;-99.64
39313.48;-99.72
39316.41;-99.79
39319.34;-99.95
39322.27;-99.79
39325.20;-99.72
39328.13;-99.48
39331.05;-99.40
39333.98;-99.64
39336.91;-99.48
39339.84;-99.48
39342.77;-99.56
39345.70;-99.56
39348.63;-99.64
39351.56;-99.64
39354.49;-99.64
39357.42;-99.64
39360.35;-99.72
39363.28;-99.64
39366.21;-99.79
39369.14;-99.72
39372.07;-99.64
39375.00;-99.64
39377.93;-99.56
39380.86;-99.72
39383.79;-99.72
39386.72;-99.79
39389.65;-99.87
39392.58;-99.72
39395.51;-99.56
39398.44;-99.40
39401.37;-99.72
39404.30;-99.64
39407.23;-99.56
39410.16;-99.72
39413.09;-99.56
39416.02;-99.25
39418.95;-99.56
39421.88;-99.48
39424.80;-99.40
39427.73;-99.48
39430.66;-99.40
39433.59;-99.48
39436.52;-99.95
39439.45;-99.79
39442.38;-99.40
39445.31;-99.56
39448.24;-99.72
39451.17;-99.64
39454.10;-99.64
39457.03;-99.79
39459.96;-99.48
39462.89;-99.40
39465.82;-99.72
39468.75;-99.72
39471.68;-99.56
39474.61;-99.64
39477.54;-99.95
39480.47;-100.11
39483.40;-100.03
39486.33;-99.56
39489.26;-99.64
39492.19;-99.72
39495.12;-99.48
39498.05;-99.40
39500.98;-99.33
39503.91;-99.48
39506.84;-99.72
39509.77;-99.72
39512.70;-99.72
39515.63;-99.79
39518.55;-99.48
39521.48;-99.09
39524.41;-99.40
39527.34;-99.56
39530.27;-99.56
39533.20;-99.79
39536.13;-99.87
39539.06;-99.72
39541.99;-99.40
39544.92;-99.64
39547.85;-99.72
39550.78;-99.72
39553.71;-99.87
39556.64;-99.79
39559.57;-99.64
39562.50;-99.64
39565.43;-99.48
39568.36;-99.56
39571.29;-99.72
39574.22;-99.95
39577.15;-99.79
39580.08;-99.79
39583.01;-100.03
39585.94;-100.03
39588.87;-99.95
39591.80;-99.64
39594.73;-99.72
39597.66;-99.72
39600.59;-99.56
39603.52;-99.72
39606.45;-99.72
39609.38;-99.56
39612.30;-99.72
39615.23;-99.64
39618.16;-99.64
39621.09;-99.79
39624.02;-99.64
39626.95;-99.40
39629.88;-99.72
39632.81;-99.64
39635.74;-99.56
39638.67;-99.87
39641.60;-99.72
39644.53;-99.48
39647.46;-99.72
39650.39;-99.79
39653.32;-100.03
39656.25;-99.79
39659.18;-99.64
39662.11;-99.48
39665.04;-99.79
39667.97;-99.48
39670.90;-99.64
39673.83;-99.64
39676.76;-99.56
39679.69;-99.64
39682.62;-99.79
39685.55;-99.87
39688.48;-99.79
39691.41;-99.64
39694.34;-99.48
39697.27;-99.48
39700.20;-99.33
39703.13;-99.64
39706.05;-99.48
39708.98;-99.40
39711.91;-99.48
39714.84;-99.48
39717.77;-99.56
39720.70;-99.72
39723.63;-99.79
39726.56;-99.56
39729.49;-99.40
39732.42;-99.48
39735.35;-99.56
39738.28;-99.79
39741.21;-99.56
39744.14;-99.56
39747.07;-99.64
39750.00;-99.72
39752.93;-99.87
39755.86;-99.64
39758.79;-99.56
39761.72;-99.56
39764.65;-99.72
39767.58;-99.79
39770.51;-99.79
39773.44;-99.64
39776.37;-99.48
39779.30;-99.40
39782.23;-99.48
39785.16;-99.56
39788.09;-99.48
39791.02;-99.64
39793.95;-99.79
39796.88;-99.56
39799.80;-99.64
39802.73;-99.56
39805.66;-99.72
39808.59;-99.64
39811.52;-99.64
39814.45;-99.56
39817.38;-99.64
39820.31;-99.48
39823.24;-99.64
39826.17;-99.64
39829.10;-99.56
39832.03;-99.48
39834.96;-99.56
39837.89;-99.48
39840.82;-99.40
39843.75;-99.40
39846.68;-99.48
39849.61;-99.64
39852.54;-99.72
39855.47;-99.72
39858.40;-99.64
39861.33;-99.40
39864.26;-99.56
39867.19;-99.95
39870.12;-99.64
39873.05;-99.33
39875.98;-99.48
39878.91;-99.64
39881.84;-99.72
39884.77;-99.87
39887.70;-99.87
39890.63;-99.79
39893.55;-99.64
39896.48;-99.48
39899.41;-99.33
39902.34;-99.48
39905.27;-99.79
39908.20;-99.79
39911.13;-99.72
39914.06;-99.64
39916.99;-99.56
39919.92;-99.48
39922.85;-99.64
39925.78;-99.64
39928.71;-99.64
39931.64;-99.48
39934.57;-99.87
39937.50;-99.79
39940.43;-99.40
39943.36;-99.33
39946.29;-99.48
39949.22;-99.72
39952.15;-99.79
39955.08;-99.95
39958.01;-99.79
39960.94;-99.79
39963.87;-99.79
39966.80;-99.79
39969.73;-99.56
39972.66;-99.48
39975.59;-99.72
39978.52;-99.72
39981.45;-99.87
39984.38;-99.64
39987.30;-99.48
39990.23;-99.48
39993.16;-99.40
39996.09;-99.64
39999.02;-99.56
40001.95;-99.64
40004.88;-99.64
40007.81;-99.40
40010.74;-99.17
40013.67;-99.40
40016.60;-99.64
40019.53;-99.87
40022.46;-99.56
40025.39;-99.40
40028.32;-99.40
40031.25;-99.25
40034.18;-99.40
40037.11;-99.64
40040.04;-99.48
40042.97;-99.72
40045.90;-99.72
40048.83;-99.48
40051.76;-99.48
40054.69;-99.72
40057.62;-99.48
40060.55;-99.48
40063.48;-99.56
40066.41;-99.56
40069.34;-99.64
40072.27;-99.64
40075.20;-99.79
40078.13;-99.64
40081.05;-99.72
40083.98;-99.87
40086.91;-99.79
40089.84;-99.56
40092.77;-99.64
40095.70;-99.64
40098.63;-99.56
40101.56;-99.56
40104.49;-99.72
40107.42;-99.79
40110.35;-99.48
40113.28;-99.33
40116.21;-99.72
40119.14;-99.48
40122.07;-99.64
40125.00;-99.64
40127.93;-99.64
40130.86;-99.48
40133.79;-99.56
40136.72;-99.40
40139.65;-99.56
40142.58;-99.56
40145.51;-99.40
40148.44;-99.40
40151.37;-99.40
40154.30;-99.79
40157.23;-100.11
40160.16;-100.03
40163.09;-99.64
40166.02;-99.33
40168.95;-99.56
40171.88;-99.48
40174.80;-99.64
40177.73;-99.79
40180.66;-99.64
40183.59;-99.56
40186.52;-99.48
40189.45;-99.40
40192.38;-99.72
40195.31;-99.64
40198.24;-99.56
40201.17;-99.25
40204.10;-99.25
40207.03;-99.48
40209.96;-99.56
40212.89;-99.64
40215.82;-99.72
40218.75;-99.72
40221.68;-99.72
40224.61;-99.72
40227.54;-99.56
40230.47;-99.79
40233.40;-99.72
40236.33;-99.56
40239.26;-99.72
40242.19;-99.56
40245.12;-99.48
40248.05;-99.25
40250.98;-99.48
40253.91;-99.64
40256.84;-99.72
40259.77;-99.64
40262.70;-99.64
40265.63;-99.79
40268.55;-99.64
40271.48;-99.64
40274.41;-99.33
40277.34;-99.56
40280.27;-99.72
40283.20;-99.79
40286.13;-99.40
40289.06;-99.56
40291.99;-99.33
40294.92;-99.33
40297.85;-99.64
40300.78;-99.79
40303.71;-99.40
40306.64;-99.40
40309.57;-99.64
40312.50;-99.64
40315.43;-99.48
40318.36;-99.56
40321.29;-99.33
40324.22;-99.40
40327.15;-99.56
40330.08;-99.48
40333.01;-99.72
40335.94;-99.64
40338.87;-99.40
40341.80;-99.40
40344.73;-99.25
40347.66;-99.33
40350.59;-99.72
40353.52;-99.56
40356.45;-99.64
40359.38;-99.79
40362.30;-99.56
40365.23;-99.64
40368.16;-99.40
40371.09;-99.48
40374.02;-99.64
40376.95;-99.72
40379.88;-99.87
40382.81;-99.79
40385.74;-99.95
40388.67;-99.56
40391.60;-99.56
40394.53;-99.64
40397.46;-99.79
40400.39;-99.64
40403.32;-99.64
40406.25;-99.72
40409.18;-99.56
40412.11;-99.40
40415.04;-99.40
40417.97;-99.48
40420.90;-99.48
40423.83;-99.48
40426.76;-99.40
40429.69;-99.64
40432.62;-99.87
40435.55;-99.79
40438.48;-99.64
40441.41;-99.72
40444.34;-99.56
40447.27;-99.40
40450.20;-99.33
40453.13;-99.09
40456.05;-99.48
40458.98;-99.64
40461.91;-99.72
40464.84;-99.64
40467.77;-99.40
40470.70;-99.56
40473.63;-99.40
40476.56;-99.33
40479.49;-99.40
40482.42;-99.56
40485.35;-99.48
40488.28;-99.48
40491.21;-99.40
40494.14;-99.56
40497.07;-99.79
40500.00;-99.56
40502.93;-99.40
40505.86;-99.56
40508.79;-99.56
40511.72;-99.56
40514.65;-99.64
40517.58;-99.79
40520.51;-99.87
40523.44;-99.64
40526.37;-99.56
40529.30;-99.64
40532.23;-99.56
40535.16;-99.48
40538.09;-99.64
40541.02;-99.72
40543.95;-99.72
40546.88;-99.56
40549.80;-99.25
40552.73;-99.72
40555.66;-99.79
40558.59;-99.72
40561.52;-99.79
40564.45;-99.64
40567.38;-99.48
40570.31;-99.40
40573.24;-99.56
40576.17;-99.56
40579.10;-99.56
40582.03;-99.72
40584.96;-99.48
40587.89;-99.25
40590.82;-99.40
40593.75;-99.48
40596.68;-99.56
40599.61;-99.33
40602.54;-99.33
40605.47;-99.25
40608.40;-99.33
40611.33;-99.64
40614.26;-99.87
40617.19;-99.72
40620.12;-99.56
40623.05;-99.33
40625.98;-99.56
40628.91;-99.48
40631.84;-99.33
40634.77;-99.48
40637.70;-99.40
40640.63;-99.33
40643.55;-99.17
40646.48;-99.25
40649.41;-99.09
40652.34;-99.48
40655.27;-99.48
40658.20;-99.72
40661.13;-99.95
40664.06;-99.64
40666.99;-99.25
40669.92;-99.40
40672.85;-99.56
40675.78;-99.40
40678.71;-99.79
40681.64;-99.72
40684.57;-99.48
40687.50;-99.25
40690.43;-99.25
40693.36;-99.40
40696.29;-99.40
40699.22;-99.48
40702.15;-99.33
40705.08;-99.17
40708.01;-99.40
40710.94;-99.40
40713.87;-99.40
40716.80;-99.48
40719.73;-99.56
40722.66;-99.40
40725.59;-99.56
40728.52;-99.64
40731.45;-99.56
40734.38;-99.56
40737.30;-99.79
40740.23;-99.64
40743.16;-99.33
40746.09;-99.33
40749.02;-99.25
40751.95;-99.40
40754.88;-99.48
40757.81;-99.40
40760.74;-99.40
40763.67;-99.72
40766.60;-99.64
40769.53;-99.79
40772.46;-99.72
40775.39;-99.48
40778.32;-99.33
40781.25;-99.40
40784.18;-99.48
40787.11;-99.56
40790.04;-100.03
40792.97;-99.79
40795.90;-99.48
40798.83;-99.33
40801.76;-99.56
40804.69;-99.64
40807.62;-99.87
40810.55;-99.72
40813.48;-99.48
40816.41;-99.56
40819.34;-99.64
40822.27;-99.40
40825.20;-99.09
40828.13;-99.25
40831.05;-99.25
40833.98;-99.25
40836.91;-99.25
40839.84;-99.48
40842.77;-99.48
40845.70;-99.40
40848.63;-99.79
40851.56;-99.72
40854.49;-99.48
40857.42;-99.33
40860.35;-99.33
40863.28;-99.09
40866.21;-99.48
40869.14;-99.64
40872.07;-99.64
40875.00;-99.64
40877.93;-99.48
40880.86;-99.48
40883.79;-99.56
40886.72;-99.56
40889.65;-99.72
40892.58;-99.56
40895.51;-99.48
40898.44;-99.56
40901.37;-99.48
40904.30;-99.72
40907.23;-99.56
40910.16;-99.48
40913.09;-99.48
40916.02;-99.48
40918.95;-99.56
40921.88;-99.48
40924.80;-99.33
40927.73;-99.40
40930.66;-99.48
40933.59;-99.33
40936.52;-99.33
40939.45;-99.56
40942.38;-99.72
40945.31;-99.40
40948.24;-99.40
40951.17;-99.40
40954.10;-99.48
40957.03;-99.56
40959.96;-99.25
40962.89;-99.17
40965.82;-99.17
40968.75;-99.40
40971.68;-99.40
40974.61;-99.48
40977.54;-99.64
40980.47;-99.48
40983.40;-99.48
40986.33;-99.33
40989.26;-99.48
40992.19;-99.64
40995.12;-99.56
40998.05;-99.48
41000.98;-99.40
41003.91;-99.56
41006.84;-99.48
41009.77;-99.40
41012.70;-99.64
41015.63;-99.79
41018.55;-99.79
41021.48;-99.48
41024.41;-99.33
41027.34;-99.33
41030.27;-99.33
41033.20;-99.48
41036.13;-99.64
41039.06;-99.87
41041.99;-99.48
41044.92;-99.40
41047.85;-99.56
41050.78;-99.25
41053.71;-99.25
41056.64;-99.48
41059.57;-99.48
41062.50;-99.40
41065.43;-99.64
41068.36;-99.56
41071.29;-99.64
41074.22;-99.79
41077.15;-99.72
41080.08;-99.72
41083.01;-99.64
41085.94;-99.56
41088.87;-99.56
41091.80;-99.72
41094.73;-99.33
41097.66;-99.17
41100.59;-99.33
41103.52;-99.48
41106.45;-99.56
41109.38;-99.48
41112.30;-99.40
41115.23;-99.33
41118.16;-99.40
41121.09;-99.33
41124.02;-99.40
41126.95;-99.33
41129.88;-99.40
41132.81;-99.40
41135.74;-99.17
41138.67;-99.56
41141.60;-99.72
41144.53;-99.56
41147.46;-99.33
41150.39;-99.33
41153.32;-99.25
41156.25;-99.40
41159.18;-99.33
41162.11;-99.48
41165.04;-99.25
41167.97;-99.17
41170.90;-99.48
41173.83;-99.56
41176.76;-99.48
41179.69;-99.64
41182.62;-99.56
41185.55;-99.40
41188.48;-99.48
41191.41;-99.56
41194.34;-99.40
41197.27;-99.33
41200.20;-99.56
41203.13;-99.56
41206.05;-99.48
41208.98;-99.25
41211.91;-99.40
41214.84;-99.40
41217.77;-99.01
41220.70;-99.40
41223.63;-99.64
41226.56;-99.48
41229.49;-99.56
41232.42;-99.64
41235.35;-99.33
41238.28;-99.56
41241.21;-99.33
41244.14;-99.33
41247.07;-99.40
41250.00;-99.25
41252.93;-99.40
41255.86;-99.17
41258.79;-99.33
41261.72;-99.64
41264.65;-99.56
41267.58;-99.48
41270.51;-99.64
41273.44;-99.72
41276.37;-99.40
41279.30;-99.40
41282.23;-99.40
41285.16;-99.09
41288.09;-99.17
41291.02;-99.25
41293.95;-99.40
41296.88;-99.40
41299.80;-99.48
41302.73;-99.48
41305.66;-99.40
41308.59;-99.33
41311.52;-99.48
41314.45;-99.33
41317.38;-99.25
41320.31;-99.48
41323.24;-99.48
41326.17;-99.17
41329.10;-99.17
41332.03;-99.33
41334.96;-99.56
41337.89;-99.40
41340.82;-99.25
41343.75;-99.33
41346.68;-99.72
41349.61;-99.64
41352.54;-99.33
41355.47;-99.48
41358.40;-99.79
41361.33;-99.64
41364.26;-99.56
41367.19;-99.56
41370.12;-99.25
41373.05;-99.25
41375.98;-99.25
41378.91;-99.56
41381.84;-99.40
41384.77;-99.40
41387.70;-99.40
41390.63;-99.40
41393.55;-99.56
41396.48;-99.64
41399.41;-99.56
41402.34;-99.56
41405.27;-99.87
41408.20;-99.56
41411.13;-99.56
41414.06;-99.33
41416.99;-99.09
41419.92;-98.86
41422.85;-99.33
41425.78;-99.25
41428.71;-99.25
41431.64;-99.33
41434.57;-99.25
41437.50;-99.48
41440.43;-99.64
41443.36;-99.40
41446.29;-99.48
41449.22;-99.72
41452.15;-99.87
41455.08;-99.56
41458.01;-99.56
41460.94;-99.17
41463.87;-99.48
41466.80;-99.56
41469.73;-99.40
41472.66;-99.40
41475.59;-99.17
41478.52;-99.17
41481.45;-99.09
41484.38;-99.25
41487.30;-99.48
41490.23;-99.40
41493.16;-99.48
41496.09;-99.33
41499.02;-99.25
41501.95;-99.25
41504.88;-99.33
41507.81;-99.33
41510.74;-99.48
41513.67;-99.56
41516.60;-99.48
41519.53;-99.33
41522.46;-99.48
41525.39;-99.56
41528.32;-99.72
41531.25;-99.72
41534.18;-99.48
41537.11;-99.56
41540.04;-99.64
41542.97;-99.48
41545.90;-99.40
41548.83;-99.40
41551.76;-99.01
41554.69;-99.25
41557.62;-99.72
41560.55;-99.56
41563.48;-99.48
41566.41;-99.33
41569.34;-99.33
41572.27;-99.40
41575.20;-99.33
41578.13;-99.33
41581.05;-99.48
41583.98;-99.33
41586.91;-99.33
41589.84;-99.33
41592.77;-99.40
41595.70;-99.33
41598.63;-99.48
41601.56;-99.33
41604.49;-99.25
41607.42;-99.33
41610.35;-99.09
41613.28;-99.56
41616.21;-99.72
41619.14;-99.48
41622.07;-99.56
41625.00;-99.79
41627.93;-99.64
41630.86;-99.40
41633.79;-99.40
41636.72;-99.64
41639.65;-99.33
41642.58;-99.25
41645.51;-99.33
41648.44;-99.40
41651.37;-99.48
41654.30;-99.33
41657.23;-99.40
41660.16;-99.48
41663.09;-99.48
41666.02;-99.25
41668.95;-99.33
41671.88;-99.48
41674.80;-99.25
41677.73;-99.72
41680.66;-99.64
41683.59;-99.48
41686.52;-99.64
41689.45;-99.72
41692.38;-99.79
41695.31;-99.79
41698.24;-99.40
41701.17;-99.64
41704.10;-99.72
41707.03;-99.33
41709.96;-99.17
41712.89;-99.33
41715.82;-99.48
41718.75;-99.33
41721.68;-99.33
41724.61;-99.48
41727.54;-99.64
41730.47;-99.56
41733.40;-99.64
41736.33;-99.79
41739.26;-99.64
41742.19;-99.40
41745.12;-99.25
41748.05;-99.40
41750.98;-99.48
41753.91;-99.33
41756.84;-99.40
41759.77;-99.40
41762.70;-99.33
41765.63;-99.33
41768.55;-99.48
41771.48;-99.40
41774.41;-99.48
41777.34;-99.40
41780.27;-99.56
41783.20;-99.48
41786.13;-99.40
41789.06;-99.48
41791.99;-99.17
41794.92;-99.48
41797.85;-99.64
41800.78;-99.79
41803.71;-99.79
41806.64;-99.48
41809.57;-99.48
41812.50;-99.40
41815.43;-99.33
41818.36;-99.40
41821.29;-99.25
41824.22;-99.33
41827.15;-99.56
41830.08;-99.25
41833.01;-99.09
41835.94;-99.25
41838.87;-99.33
41841.80;-99.40
41844.73;-99.48
41847.66;-99.25
41850.59;-99.25
41853.52;-99.48
41856.45;-99.56
41859.38;-99.48
41862.30;-99.48
41865.23;-99.40
41868.16;-99.48
41871.09;-99.33
41874.02;-99.09
41876.95;-99.25
41879.88;-99.25
41882.81;-99.33
41885.74;-99.64
41888.67;-99.56
41891.60;-99.40
41894.53;-99.40
41897.46;-99.25
41900.39;-99.40
41903.32;-99.40
41906.25;-99.40
41909.18;-99.48
41912.11;-99.33
41915.04;-99.40
41917.97;-99.48
41920.90;-99.48
41923.83;-99.25
41926.76;-99.17
41929.69;-99.17
41932.62;-99.40
41935.55;-99.56
41938.48;-99.56
41941.41;-99.56
41944.34;-99.72
41947.27;-99.48
41950.20;-99.25
41953.13;-99.33
41956.05;-99.48
41958.98;-99.33
41961.91;-99.09
41964.84;-99.48
41967.77;-99.40
41970.70;-99.56
41973.63;-99.87
41976.56;-99.72
41979.49;-99.56
41982.42;-99.48
41985.35;-99.33
41988.28;-99.25
41991.21;-99.56
41994.14;-99.64
41997.07;-99.48
42000.00;-99.64
42002.93;-99.33
42005.86;-99.25
42008.79;-99.25
42011.72;-99.56
42014.65;-99.40
42017.58;-99.25
42020.51;-99.56
42023.44;-99.72
42026.37;-99.56
42029.30;-99.56
42032.23;-99.33
42035.16;-99.40
42038.09;-99.64
42041.02;-99.72
42043.95;-99.56
42046.88;-99.56
42049.80;-99.56
42052.73;-99.48
42055.66;-99.40
42058.59;-99.25
42061.52;-99.56
42064.45;-99.56
42067.38;-99.25
42070.31;-99.33
42073.24;-99.17
42076.17;-99.33
42079.10;-99.33
42082.03;-99.33
42084.96;-99.25
42087.89;-99.40
42090.82;-99.40
42093.75;-99.33
42096.68;-99.40
42099.61;-99.56
42102.54;-99.33
42105.47;-99.40
42108.40;-99.48
42111.33;-99.64
42114.26;-99.40
42117.19;-99.33
42120.12;-99.40
42123.05;-99.40
42125.98;-99.48
42128.91;-99.17
42131.84;-99.33
42134.77;-99.40
42137.70;-99.40
42140.63;-99.72
42143.55;-99.72
42146.48;-99.33
42149.41;-99.56
42152.34;-99.48
42155.27;-99.48
42158.20;-99.40
42161.13;-99.25
42164.06;-99.48
42166.99;-99.72
42169.92;-99.40
42172.85;-99.25
42175.78;-99.40
42178.71;-99.25
42181.64;-99.17
42184.57;-99.48
42187.50;-99.40
42190.43;-99.40
42193.36;-99.40
42196.29;-99.25
42199.22;-99.40
42202.15;-99.25
42205.08;-99.09
42208.01;-99.09
42210.94;-99.33
42213.87;-99.40
42216.80;-99.48
42219.73;-99.56
42222.66;-99.48
42225.59;-99.40
42228.52;-99.17
42231.45;-99.25
42234.38;-99.33
42237.30;-99.33
42240.23;-99.33
42243.16;-99.33
42246.09;-99.33
42249.02;-99.17
42251.95;-99.09
42254.88;-99.01
42257.81;-99.33
42260.74;-99.40
42263.67;-99.48
42266.60;-99.33
42269.53;-99.40
42272.46;-99.40
42275.39;-99.33
42278.32;-99.48
42281.25;-99.48
42284.18;-99.40
42287.11;-99.33
42290.04;-99.40
42292.97;-99.33
42295.90;-99.33
42298.83;-99.72
42301.76;-99.40
42304.69;-99.09
42307.62;-99.33
42310.55;-99.56
42313.48;-99.64
42316.41;-99.64
42319.34;-99.40
42322.27;-99.40
42325.20;-99.09
42328.13;-99.25
42331.05;-99.33
42333.98;-99.33
42336.91;-99.40
42339.84;-99.33
42342.77;-99.33
42345.70;-99.48
42348.63;-99.64
42351.56;-99.48
42354.49;-99.25
42357.42;-99.25
42360.35;-99.33
42363.28;-99.33
42366.21;-99.25
42369.14;-99.40
42372.07;-99.25
42375.00;-99.09
42377.93;-99.56
42380.86;-99.64
42383.79;-99.48
42386.72;-99.56
42389.65;-99.48
42392.58;-99.56
42395.51;-99.56
42398.44;-99.56
42401.37;-99.48
42404.30;-99.48
42407.23;-99.25
42410.16;-99.33
42413.09;-99.25
42416.02;-99.17
42418.95;-99.25
42421.88;-99.72
42424.80;-99.48
42427.73;-99.33
42430.66;-99.33
42433.59;-99.25
42436.52;-99.48
42439.45;-99.56
42442.38;-99.64
42445.31;-99.64
42448.24;-99.56
42451.17;-99.56
42454.10;-99.56
42457.03;-99.25
42459.96;-99.56
42462.89;-99.40
42465.82;-99.33
42468.75;-99.17
42471.68;-99.33
42474.61;-99.33
42477.54;-99.40
42480.47;-99.33
42483.40;-99.64
42486.33;-99.48
42489.26;-99.40
42492.19;-99.64
42495.12;-99.56
42498.05;-99.72
42500.98;-99.48
42503.91;-99.33
42506.84;-99.40
42509.77;-99.40
42512.70;-99.56
42515.63;-99.56
42518.55;-99.56
42521.48;-99.33
42524.41;-99.33
42527.34;-99.48
42530.27;-99.33
42533.20;-99.56
42536.13;-99.48
42539.06;-99.33
42541.99;-99.25
42544.92;-99.48
42547.85;-99.40
42550.78;-99.40
42553.71;-99.33
42556.64;-99.40
42559.57;-99.48
42562.50;-99.56
42565.43;-99.64
42568.36;-99.56
42571.29;-99.17
42574.22;-98.94
42577.15;-99.17
42580.08;-99.48
42583.01;-99.48
42585.94;-99.09
42588.87;-99.17
42591.80;-99.40
42594.73;-99.33
42597.66;-99.33
42600.59;-99.40
42603.52;-99.72
42606.45;-99.56
42609.38;-99.25
42612.30;-98.94
42615.23;-99.17
42618.16;-99.33
42621.09;-99.09
42624.02;-99.01
42626.95;-99.40
42629.88;-99.33
42632.81;-99.40
42635.74;-99.56
42638.67;-99.33
42641.60;-99.48
42644.53;-99.33
42647.46;-98.86
42650.39;-99.01
42653.32;-99.17
42656.25;-99.17
42659.18;-99.17
42662.11;-99.17
42665.04;-99.40
42667.97;-99.40
42670.90;-99.40
42673.83;-99.09
42676.76;-99.09
42679.69;-99.25
42682.62;-99.40
42685.55;-99.40
42688.48;-99.25
42691.41;-99.33
42694.34;-99.09
42697.27;-99.33
42700.20;-99.40
42703.13;-99.17
42706.05;-99.17
42708.98;-99.17
42711.91;-99.17
42714.84;-99.09
42717.77;-99.17
42720.70;-99.25
42723.63;-99.33
42726.56;-99.33
42729.49;-99.40
42732.42;-99.33
42735.35;-99.33
42738.28;-99.33
42741.21;-99.33
42744.14;-99.40
42747.07;-99.33
42750.00;-99.48
42752.93;-99.40
42755.86;-99.17
42758.79;-99.17
42761.72;-99.17
42764.65;-99.09
42767.58;-99.09
42770.51;-99.17
42773.44;-99.33
42776.37;-99.33
42779.30;-99.40
42782.23;-99.40
42785.16;-99.33
42788.09;-99.09
42791.02;-99.25
42793.95;-99.09
42796.88;-99.17
42799.80;-99.25
42802.73;-99.33
42805.66;-99.17
42808.59;-99.09
42811.52;-99.40
42814.45;-99.17
42817.38;-99.17
42820.31;-99.01
42823.24;-99.25
42826.17;-99.25
42829.10;-99.40
42832.03;-99.48
42834.96;-99.48
42837.89;-99.17
42840.82;-99.09
42843.75;-99.48
42846.68;-99.56
42849.61;-99.56
42852.54;-99.48
42855.47;-99.25
42858.40;-99.25
42861.33;-99.25
42864.26;-99.40
42867.19;-99.48
42870.12;-99.40
42873.05;-99.48
42875.98;-99.40
42878.91;-99.17
42881.84;-99.17
42884.77;-99.40
42887.70;-99.40
42890.63;-99.17
42893.55;-99.40
42896.48;-99.17
42899.41;-99.25
42902.34;-99.01
42905.27;-98.86
42908.20;-99.40
42911.13;-99.40
42914.06;-99.09
42916.99;-99.40
42919.92;-99.40
42922.85;-99.40
42925.78;-99.48
42928.71;-99.17
42931.64;-99.33
42934.57;-99.01
42937.50;-99.09
42940.43;-99.40
42943.36;-99.25
42946.29;-99.33
42949.22;-99.48
42952.15;-99.33
42955.08;-99.33
42958.01;-99.40
42960.94;-99.40
42963.87;-99.40
42966.80;-99.33
42969.73;-99.09
42972.66;-99.25
42975.59;-99.33
42978.52;-99.33
42981.45;-99.48
42984.38;-99.33
42987.30;-99.56
42990.23;-99.40
42993.16;-99.25
42996.09;-99.33
42999.02;-99.40
43001.95;-99.33
43004.88;-99.33
43007.81;-99.40
43010.74;-99.48
43013.67;-99.33
43016.60;-99.40
43019.53;-99.17
43022.46;-99.25
43025.39;-99.25
43028.32;-99.17
43031.25;-99.25
43034.18;-99.09
43037.11;-99.25
43040.04;-99.33
43042.97;-99.09
43045.90;-99.33
43048.83;-99.01
43051.76;-99.01
43054.69;-99.09
43057.62;-99.33
43060.55;-99.33
43063.48;-99.33
43066.41;-99.33
43069.34;-99.33
43072.27;-99.17
43075.20;-99.33
43078.13;-99.48
43081.05;-99.40
43083.98;-99.17
43086.91;-99.01
43089.84;-99.33
43092.77;-99.40
43095.70;-99.25
43098.63;-99.33
43101.56;-99.17
43104.49;-99.09
43107.42;-99.33
43110.35;-99.40
43113.28;-99.25
43116.21;-99.40
43119.14;-99.33
43122.07;-99.48
43125.00;-99.56
43127.93;-99.33
43130.86;-99.33
43133.79;-99.09
43136.72;-99.01
43139.65;-99.33
43142.58;-99.40
43145.51;-99.25
43148.44;-99.25
43151.37;-99.09
43154.30;-99.33
43157.23;-99.33
43160.16;-99.01
43163.09;-98.86
43166.02;-99.09
43168.95;-99.09
43171.88;-99.09
43174.80;-99.09
43177.73;-99.25
43180.66;-99.40
43183.59;-99.48
43186.52;-99.33
43189.45;-99.25
43192.38;-99.25
43195.31;-99.25
43198.24;-99.40
43201.17;-99.40
43204.10;-99.25
43207.03;-99.17
43209.96;-99.40
43212.89;-99.33
43215.82;-99.40
43218.75;-99.40
43221.68;-99.40
43224.61;-99.40
43227.54;-99.25
43230.47;-98.94
43233.40;-99.01
43236.33;-99.33
43239.26;-99.25
43242.19;-99.25
43245.12;-99.48
43248.05;-99.72
43250.98;-99.33
43253.91;-99.17
43256.84;-99.01
43259.77;-99.01
43262.70;-99.40
43265.63;-99.72
43268.55;-99.33
43271.48;-99.01
43274.41;-99.09
43277.34;-99.09
43280.27;-99.25
43283.20;-99.25
43286.13;-99.17
43289.06;-99.09
43291.99;-98.94
43294.92;-99.33
43297.85;-99.48
43300.78;-99.33
43303.71;-99.33
43306.64;-99.01
43309.57;-99.17
43312.50;-99.01
43315.43;-99.17
43318.36;-99.25
43321.29;-99.25
43324.22;-99.09
43327.15;-99.25
43330.08;-99.33
43333.01;-99.17
43335.94;-99.17
43338.87;-99.33
43341.80;-99.40
43344.73;-99.25
43347.66;-99.01
43350.59;-99.09
43353.52;-99.25
43356.45;-99.17
43359.38;-99.17
43362.30;-99.33
43365.23;-99.33
43368.16;-99.17
43371.09;-99.33
43374.02;-99.17
43376.95;-99.48
43379.88;-99.40
43382.81;-99.48
43385.74;-99.33
43388.67;-99.25
43391.60;-99.25
43394.53;-99.33
43397.46;-99.25
43400.39;-99.17
43403.32;-98.94
43406.25;-99.09
43409.18;-99.25
43412.11;-99.17
43415.04;-99.17
43417.97;-99.33
43420.90;-99.33
43423.83;-99.33
43426.76;-99.33
43429.69;-99.48
43432.62;-99.17
43435.55;-99.40
43438.48;-99.48
43441.41;-99.64
43444.34;-99.40
43447.27;-99.09
43450.20;-98.78
43453.13;-98.86
43456.05;-98.86
43458.98;-99.17
43461.91;-99.25
43464.84;-99.25
43467.77;-99.25
43470.70;-99.40
43473.63;-99.33
43476.56;-99.09
43479.49;-99.01
43482.42;-99.25
43485.35;-99.33
43488.28;-99.40
43491.21;-99.40
43494.14;-99.17
43497.07;-99.09
43500.00;-99.17
43502.93;-99.33
43505.86;-99.33
43508.79;-99.33
43511.72;-99.01
43514.65;-99.17
43517.58;-99.33
43520.51;-99.25
43523.44;-99.17
43526.37;-99.17
43529.30;-99.17
43532.23;-99.17
43535.16;-99.09
43538.09;-99.17
43541.02;-99.25
43543.95;-99.01
43546.88;-98.94
43549.80;-99.25
43552.73;-99.48
43555.66;-99.48
43558.59;-99.25
43561.52;-99.40
43564.45;-99.33
43567.38;-99.09
43570.31;-99.33
43573.24;-99.33
43576.17;-98.94
43579.10;-99.01
43582.03;-98.86
43584.96;-99.01
43587.89;-99.25
43590.82;-99.25
43593.75;-99.33
43596.68;-99.56
43599.61;-99.48
43602.54;-98.94
43605.47;-98.94
43608.40;-99.40
43611.33;-99.25
43614.26;-99.09
43617.19;-99.09
43620.12;-99.40
43623.05;-99.40
43625.98;-99.25
43628.91;-99.33
43631.84;-99.09
43634.77;-99.09
43637.70;-99.01
43640.63;-98.94
43643.55;-99.09
43646.48;-99.25
43649.41;-99.25
43652.34;-99.25
43655.27;-99.17
43658.20;-99.25
43661.13;-99.25
43664.06;-99.33
43666.99;-99.01
43669.92;-99.09
43672.85;-99.09
43675.78;-99.40
43678.71;-99.09
43681.64;-99.25
43684.57;-99.17
43687.50;-99.09
43690.43;-99.09
43693.36;-99.17
43696.29;-99.40
43699.22;-99.40
43702.15;-99.56
43705.08;-99.09
43708.01;-99.17
43710.94;-99.48
43713.87;-99.48
43716.80;-99.25
43719.73;-99.40
43722.66;-99.33
43725.59;-99.40
43728.52;-99.33
43731.45;-99.48
43734.38;-99.56
43737.30;-99.25
43740.23;-99.09
43743.16;-99.33
43746.09;-99.40
43749.02;-99.09
43751.95;-99.56
43754.88;-99.40
43757.81;-99.17
43760.74;-99.01
43763.67;-99.40
43766.60;-99.17
43769.53;-99.09
43772.46;-99.17
43775.39;-99.01
43778.32;-99.25
43781.25;-99.33
43784.18;-99.33
43787.11;-99.48
43790.04;-99.48
43792.97;-99.33
43795.90;-99.09
43798.83;-99.09
43801.76;-99.17
43804.69;-98.86
43807.62;-98.78
43810.55;-98.94
43813.48;-99.33
43816.41;-99.33
43819.34;-99.17
43822.27;-99.25
43825.20;-99.40
43828.13;-99.56
43831.05;-99.33
43833.98;-99.48
43836.91;-99.64
43839.84;-99.25
43842.77;-99.25
43845.70;-99.33
43848.63;-99.33
43851.56;-99.17
43854.49;-99.40
43857.42;-99.40
43860.35;-99.17
43863.28;-99.09
43866.21;-99.40
43869.14;-99.33
43872.07;-99.33
43875.00;-99.40
43877.93;-99.25
43880.86;-99.33
43883.79;-99.48
43886.72;-99.33
43889.65;-99.01
43892.58;-99.33
43895.51;-99.40
43898.44;-99.17
43901.37;-99.25
43904.30;-99.25
43907.23;-99.01
43910.16;-99.25
43913.09;-99.40
43916.02;-99.33
43918.95;-99.33
43921.88;-99.48
43924.80;-99.48
43927.73;-99.25
43930.66;-99.40
43933.59;-99.01
43936.52;-99.09
43939.45;-99.17
43942.38;-99.09
43945.31;-99.09
43948.24;-99.17
43951.17;-99.33
43954.10;-99.64
43957.03;-99.56
43959.96;-99.40
43962.89;-99.17
43965.82;-98.94
43968.75;-98.94
43971.68;-99.40
43974.61;-99.48
43977.54;-99.33
43980.47;-99.01
43983.40;-98.86
43986.33;-99.17
43989.26;-99.09
43992.19;-99.25
43995.12;-99.01
43998.05;-99.09
44000.98;-99.09
44003.91;-99.33
44006.84;-99.40
44009.77;-99.48
44012.70;-99.40
44015.63;-99.33
44018.55;-99.40
44021.48;-99.40
44024.41;-99.01
44027.34;-98.94
44030.27;-99.01
44033.20;-99.25
44036.13;-99.25
44039.06;-99.40
44041.99;-99.40
44044.92;-99.40
44047.85;-99.40
44050.78;-99.25
44053.71;-99.25
44056.64;-99.25
44059.57;-99.33
44062.50;-99.40
44065.43;-99.17
44068.36;-99.09
44071.29;-99.01
44074.22;-99.01
44077.15;-99.25
44080.08;-99.17
44083.01;-99.17
44085.94;-99.40
44088.87;-99.40
44091.80;-99.25
44094.73;-99.25
44097.66;-99.40
44100.59;-99.33
44103.52;-99.33
44106.45;-99.25
44109.38;-99.17
44112.30;-99.25
44115.23;-99.17
44118.16;-99.17
44121.09;-99.33
44124.02;-99.40
44126.95;-99.56
44129.88;-99.40
44132.81;-99.17
44135.74;-99.09
44138.67;-99.33
44141.60;-99.25
44144.53;-99.17
44147.46;-99.01
44150.39;-99.17
44153.32;-99.40
44156.25;-99.17
44159.18;-99.17
44162.11;-99.17
44165.04;-99.17
44167.97;-99.09
44170.90;-98.94
44173.83;-99.09
44176.76;-99.09
44179.69;-99.09
44182.62;-98.70
44185.55;-99.25
44188.48;-99.33
44191.41;-99.17
44194.34;-99.48
44197.27;-99.48
44200.20;-99.25
44203.13;-99.17
44206.05;-99.01
44208.98;-98.94
44211.91;-99.33
44214.84;-99.40
44217.77;-99.33
44220.70;-99.33
44223.63;-99.33
44226.56;-99.09
44229.49;-99.17
44232.42;-99.40
44235.35;-99.25
44238.28;-99.40
44241.21;-99.33
44244.14;-99.40
44247.07;-99.56
44250.00;-99.25
44252.93;-99.09
44255.86;-99.01
44258.79;-99.09
44261.72;-99.48
44264.65;-99.56
44267.58;-99.33
44270.51;-99.17
44273.44;-99.01
44276.37;-99.09
44279.30;-99.17
44282.23;-98.94
44285.16;-99.17
44288.09;-99.56
44291.02;-99.40
44293.95;-99.25
44296.88;-99.25
44299.80;-99.33
44302.73;-99.33
44305.66;-99.25
44308.59;-99.33
44311.52;-99.17
44314.45;-99.17
44317.38;-98.86
44320.31;-98.94
44323.24;-99.25
44326.17;-99.09
44329.10;-98.94
44332.03;-98.86
44334.96;-98.70
44337.89;-98.86
44340.82;-99.01
44343.75;-99.25
44346.68;-99.33
44349.61;-99.09
44352.54;-99.09
44355.47;-98.94
44358.40;-98.86
44361.33;-98.94
44364.26;-99.09
44367.19;-99.17
44370.12;-99.33
44373.05;-99.33
44375.98;-98.94
44378.91;-98.86
44381.84;-99.01
44384.77;-99.48
44387.70;-99.09
44390.63;-99.01
44393.55;-98.94
44396.48;-99.09
44399.41;-99.09
44402.34;-99.25
44405.27;-99.25
44408.20;-99.25
44411.13;-99.09
44414.06;-99.33
44416.99;-99.17
44419.92;-98.94
44422.85;-98.78
44425.78;-99.01
44428.71;-99.33
44431.64;-99.09
44434.57;-99.09
44437.50;-99.01
44440.43;-98.94
44443.36;-99.09
44446.29;-99.17
44449.22;-99.09
44452.15;-98.94
44455.08;-99.01
44458.01;-99.25
44460.94;-99.33
44463.87;-99.33
44466.80;-99.01
44469.73;-99.01
44472.66;-98.94
44475.59;-98.94
44478.52;-99.01
44481.45;-99.25
44484.38;-99.09
44487.30;-99.09
44490.23;-99.33
44493.16;-99.40
44496.09;-99.40
44499.02;-99.17
44501.95;-99.09
44504.88;-98.94
44507.81;-98.86
44510.74;-98.94
44513.67;-99.17
44516.60;-99.56
44519.53;-99.40
44522.46;-99.09
44525.39;-99.01
44528.32;-98.78
44531.25;-99.01
44534.18;-99.17
44537.11;-99.09
44540.04;-99.09
44542.97;-99.40
44545.90;-99.25
44548.83;-99.40
44551.76;-99.01
44554.69;-99.01
44557.62;-99.17
44560.55;-98.94
44563.48;-99.01
44566.41;-99.01
44569.34;-98.94
44572.27;-99.01
44575.20;-99.48
44578.13;-99.87
44581.05;-99.56
44583.98;-99.48
44586.91;-99.33
44589.84;-99.25
44592.77;-99.09
44595.70;-99.25
44598.63;-99.25
44601.56;-98.86
44604.49;-98.70
44607.42;-99.01
44610.35;-99.09
44613.28;-99.25
44616.21;-99.01
44619.14;-99.25
44622.07;-99.25
44625.00;-99.33
44627.93;-99.25
44630.86;-99.01
44633.79;-99.09
44636.72;-98.94
44639.65;-99.01
44642.58;-99.17
44645.51;-99.33
44648.44;-99.33
44651.37;-99.25
44654.30;-99.25
44657.23;-99.17
44660.16;-99.09
44663.09;-99.01
44666.02;-98.94
44668.95;-99.01
44671.88;-99.17
44674.80;-99.48
44677.73;-99.40
44680.66;-99.33
44683.59;-99.40
44686.52;-99.40
44689.45;-99.17
44692.38;-99.33
44695.31;-99.33
44698.24;-99.48
44701.17;-99.25
44704.10;-98.86
44707.03;-98.86
44709.96;-99.17
44712.89;-99.25
44715.82;-99.25
44718.75;-99.01
44721.68;-99.01
44724.61;-99.09
44727.54;-99.25
44730.47;-99.25
44733.40;-99.25
44736.33;-99.40
44739.26;-99.09
44742.19;-99.01
44745.12;-99.09
44748.05;-99.17
44750.98;-99.17
44753.91;-99.01
44756.84;-99.17
44759.77;-99.17
44762.70;-99.25
44765.63;-99.17
44768.55;-99.25
44771.48;-99.40
44774.41;-99.17
44777.34;-99.17
44780.27;-99.17
44783.20;-99.09
44786.13;-99.09
44789.06;-99.01
44791.99;-99.17
44794.92;-99.09
44797.85;-98.86
44800.78;-99.09
44803.71;-99.09
44806.64;-99.25
44809.57;-99.25
44812.50;-98.94
44815.43;-98.94
44818.36;-99.17
44821.29;-99.33
44824.22;-99.09
44827.15;-98.86
44830.08;-98.78
44833.01;-98.86
44835.94;-99.01
44838.87;-99.01
44841.80;-98.94
44844.73;-98.86
44847.66;-98.94
44850.59;-99.17
44853.52;-99.25
44856.45;-99.40
44859.38;-99.33
44862.30;-99.40
44865.23;-99.01
44868.16;-98.86
44871.09;-99.01
44874.02;-98.86
44876.95;-98.78
44879.88;-99.09
44882.81;-99.01
44885.74;-99.01
44888.67;-98.94
44891.60;-98.86
44894.53;-98.94
44897.46;-99.33
44900.39;-99.33
44903.32;-99.33
44906.25;-99.33
44909.18;-99.25
44912.11;-98.94
44915.04;-98.94
44917.97;-98.78
44920.90;-99.01
44923.83;-98.86
44926.76;-98.94
44929.69;-99.17
44932.62;-99.01
44935.55;-99.01
44938.48;-99.09
44941.41;-99.01
44944.34;-98.86
44947.27;-99.09
44950.20;-99.01
44953.13;-98.70
44956.05;-98.94
44958.98;-99.09
44961.91;-98.94
44964.84;-99.09
44967.77;-99.17
44970.70;-99.17
44973.63;-99.09
44976.56;-99.17
44979.49;-99.09
44982.42;-98.94
44985.35;-98.86
44988.28;-98.70
44991.21;-99.01
44994.14;-99.09
44997.07;-98.78
45000.00;-98.78
45002.93;-98.86
45005.86;-98.94
45008.79;-98.78
45011.72;-98.94
45014.65;-99.40
45017.58;-99.17
45020.51;-99.01
45023.44;-99.33
45026.37;-99.17
45029.30;-99.25
45032.23;-99.09
45035.16;-99.25
45038.09;-99.01
45041.02;-98.94
45043.95;-98.78
45046.88;-98.86
45049.80;-99.17
45052.73;-99.17
45055.66;-99.17
45058.59;-99.01
45061.52;-98.86
45064.45;-98.78
45067.38;-99.01
45070.31;-99.25
45073.24;-99.25
45076.17;-98.70
45079.10;-98.86
45082.03;-99.17
45084.96;-99.25
45087.89;-99.17
45090.82;-99.01
45093.75;-98.94
45096.68;-99.25
45099.61;-99.17
45102.54;-98.86
45105.47;-99.09
45108.40;-99.25
45111.33;-99.33
45114.26;-99.01
45117.19;-98.94
45120.12;-99.09
45123.05;-99.25
45125.98;-99.25
45128.91;-99.01
45131.84;-99.01
45134.77;-99.25
45137.70;-99.33
45140.63;-99.25
45143.55;-98.94
45146.48;-98.86
45149.41;-99.01
45152.34;-99.09
45155.27;-99.25
45158.20;-99.25
45161.13;-99.25
45164.06;-99.25
45166.99;-99.09
45169.92;-99.17
45172.85;-99.17
45175.78;-99.09
45178.71;-99.33
45181.64;-99.09
45184.57;-99.17
45187.50;-99.09
45190.43;-99.01
45193.36;-98.86
45196.29;-98.70
45199.22;-98.78
45202.15;-98.94
45205.08;-99.01
45208.01;-99.09
45210.94;-99.33
45213.87;-99.25
45216.80;-98.94
45219.73;-98.86
45222.66;-98.94
45225.59;-98.78
45228.52;-98.86
45231.45;-99.01
45234.38;-98.94
45237.30;-99.25
45240.23;-99.09
45243.16;-99.01
45246.09;-99.17
45249.02;-99.09
45251.95;-98.94
45254.88;-99.01
45257.81;-99.01
45260.74;-99.48
45263.67;-98.94
45266.60;-98.70
45269.53;-98.86
45272.46;-98.86
45275.39;-99.01
45278.32;-98.94
45281.25;-98.86
45284.18;-99.09
45287.11;-99.25
45290.04;-99.09
45292.97;-99.17
45295.90;-99.25
45298.83;-99.25
45301.76;-99.25
45304.69;-98.94
45307.62;-98.94
45310.55;-99.25
45313.48;-99.40
45316.41;-99.40
45319.34;-99.17
45322.27;-99.01
45325.20;-98.86
45328.13;-98.78
45331.05;-98.70
45333.98;-98.94
45336.91;-99.01
45339.84;-99.17
45342.77;-99.25
45345.70;-99.09
45348.63;-99.09
45351.56;-99.01
45354.49;-98.86
45357.42;-98.78
45360.35;-98.86
45363.28;-98.86
45366.21;-98.94
45369.14;-99.01
45372.07;-98.94
45375.00;-99.01
45377.93;-98.86
45380.86;-98.86
45383.79;-99.09
45386.72;-98.86
45389.65;-99.09
45392.58;-98.94
45395.51;-98.86
45398.44;-98.94
45401.37;-98.86
45404.30;-98.86
45407.23;-99.01
45410.16;-99.09
45413.09;-99.01
45416.02;-98.94
45418.95;-98.94
45421.88;-98.94
45424.80;-99.09
45427.73;-99.17
45430.66;-98.86
45433.59;-98.86
45436.52;-98.86
45439.45;-98.62
45442.38;-98.86
45445.31;-99.33
45448.24;-99.09
45451.17;-99.01
45454.10;-98.94
45457.03;-99.09
45459.96;-99.09
45462.89;-99.01
45465.82;-99.01
45468.75;-98.94
45471.68;-99.09
45474.61;-99.01
45477.54;-98.86
45480.47;-99.01
45483.40;-98.94
45486.33;-98.94
45489.26;-98.78
45492.19;-99.01
45495.12;-99.01
45498.05;-99.01
45500.98;-99.09
45503.91;-98.86
45506.84;-98.86
45509.77;-98.70
45512.70;-98.86
45515.63;-98.94
45518.55;-98.94
45521.48;-98.86
45524.41;-99.01
45527.34;-98.94
45530.27;-99.01
45533.20;-98.94
45536.13;-98.86
45539.06;-99.09
45541.99;-99.17
45544.92;-99.09
45547.85;-98.94
45550.78;-98.86
45553.71;-98.78
45556.64;-99.01
45559.57;-98.94
45562.50;-99.01
45565.43;-98.94
45568.36;-99.09
45571.29;-98.94
45574.22;-98.86
45577.15;-98.94
45580.08;-98.94
45583.01;-98.94
45585.94;-99.01
45588.87;-98.86
45591.80;-99.17
45594.73;-99.17
45597.66;-99.17
45600.59;-98.94
45603.52;-98.62
45606.45;-98.78
45609.38;-98.78
45612.30;-99.17
45615.23;-99.17
45618.16;-99.09
45621.09;-98.86
45624.02;-98.86
45626.95;-99.17
45629.88;-99.09
45632.81;-98.94
45635.74;-99.17
45638.67;-98.94
45641.60;-99.01
45644.53;-99.40
45647.46;-98.94
45650.39;-99.01
45653.32;-99.01
45656.25;-99.09
45659.18;-99.01
45662.11;-99.17
45665.04;-99.09
45667.97;-98.86
45670.90;-98.94
45673.83;-98.78
45676.76;-99.01
45679.69;-98.78
45682.62;-98.86
45685.55;-99.09
45688.48;-99.17
45691.41;-98.94
45694.34;-98.78
45697.27;-98.86
45700.20;-98.86
45703.13;-98.94
45706.05;-98.70
45708.98;-98.62
45711.91;-99.01
45714.84;-99.01
45717.77;-99.01
45720.70;-98.86
45723.63;-98.86
45726.56;-98.94
45729.49;-98.94
45732.42;-98.78
45735.35;-98.78
45738.28;-98.70
45741.21;-98.78
45744.14;-98.70
45747.07;-98.54
45750.00;-98.78
45752.93;-98.86
45755.86;-98.86
45758.79;-99.01
45761.72;-99.09
45764.65;-98.86
45767.58;-98.78
45770.51;-99.01
45773.44;-99.01
45776.37;-98.94
45779.30;-98.78
45782.23;-98.78
45785.16;-98.94
45788.09;-98.94
45791.02;-99.01
45793.95;-99.17
45796.88;-99.25
45799.80;-99.01
45802.73;-99.01
45805.66;-99.09
45808.59;-99.25
45811.52;-99.33
45814.45;-99.09
45817.38;-98.94
45820.31;-98.86
45823.24;-99.01
45826.17;-98.94
45829.10;-98.94
45832.03;-98.94
45834.96;-98.78
45837.89;-98.86
45840.82;-98.94
45843.75;-98.86
45846.68;-98.86
45849.61;-98.78
45852.54;-99.01
45855.47;-99.25
45858.40;-99.09
45861.33;-98.94
45864.26;-98.94
45867.19;-99.01
45870.12;-99.09
45873.05;-99.25
45875.98;-99.33
45878.91;-99.17
45881.84;-98.86
45884.77;-98.94
45887.70;-99.01
45890.63;-99.09
45893.55;-99.25
45896.48;-98.94
45899.41;-99.17
45902.34;-99.25
45905.27;-99.25
45908.20;-99.17
45911.13;-99.17
45914.06;-99.09
45916.99;-99.09
45919.92;-99.09
45922.85;-99.01
45925.78;-98.94
45928.71;-99.09
45931.64;-98.78
45934.57;-98.94
45937.50;-99.33
45940.43;-99.25
45943.36;-99.25
45946.29;-98.86
45949.22;-99.01
45952.15;-99.09
45955.08;-99.01
45958.01;-99.17
45960.94;-99.01
45963.87;-99.17
45966.80;-98.94
45969.73;-99.01
45972.66;-99.01
45975.59;-98.94
45978.52;-99.01
45981.45;-99.01
45984.38;-98.94
45987.30;-98.94
45990.23;-99.01
45993.16;-98.94
45996.09;-98.94
45999.02;-99.01
46001.95;-99.01
46004.88;-99.01
46007.81;-98.70
46010.74;-98.78
46013.67;-98.78
46016.60;-98.86
46019.53;-99.09
46022.46;-99.17
46025.39;-99.25
46028.32;-99.33
46031.25;-99.25
46034.18;-99.09
46037.11;-99.01
46040.04;-98.86
46042.97;-98.70
46045.90;-98.94
46048.83;-99.01
46051.76;-99.01
46054.69;-98.86
46057.62;-99.09
46060.55;-99.25
46063.48;-99.17
46066.41;-99.09
46069.34;-99.01
46072.27;-98.70
46075.20;-98.62
46078.13;-98.62
46081.05;-98.78
46083.98;-98.78
46086.91;-98.70
46089.84;-98.94
46092.77;-99.09
46095.70;-99.01
46098.63;-99.25
46101.56;-99.40
46104.49;-99.25
46107.42;-99.17
46110.35;-99.17
46113.28;-99.01
46116.21;-99.01
46119.14;-99.09
46122.07;-99.09
46125.00;-98.86
46127.93;-98.78
46130.86;-98.94
46133.79;-98.94
46136.72;-98.78
46139.65;-98.54
46142.58;-98.86
46145.51;-99.01
46148.44;-99.09
46151.37;-99.17
46154.30;-99.17
46157.23;-99.17
46160.16;-99.17
46163.09;-99.01
46166.02;-99.25
46168.95;-99.33
46171.88;-98.94
46174.80;-98.94
46177.73;-99.01
46180.66;-98.94
46183.59;-99.01
46186.52;-99.09
46189.45;-99.01
46192.38;-99.09
46195.31;-99.25
46198.24;-99.01
46201.17;-98.86
46204.10;-99.09
46207.03;-98.78
46209.96;-98.62
46212.89;-99.09
46215.82;-99.01
46218.75;-98.86
46221.68;-98.94
46224.61;-98.86
46227.54;-99.09
46230.47;-99.01
46233.40;-99.09
46236.33;-99.17
46239.26;-99.09
46242.19;-99.09
46245.12;-99.09
46248.05;-99.09
46250.98;-98.94
46253.91;-99.01
46256.84;-99.09
46259.77;-99.01
46262.70;-98.70
46265.63;-98.78
46268.55;-98.78
46271.48;-98.70
46274.41;-98.94
46277.34;-98.94
46280.27;-98.94
46283.20;-99.01
46286.13;-99.17
46289.06;-99.17
46291.99;-99.09
46294.92;-98.94
46297.85;-98.70
46300.78;-98.94
46303.71;-98.86
46306.64;-99.01
46309.57;-98.94
46312.50;-98.78
46315.43;-99.09
46318.36;-99.09
46321.29;-99.01
46324.22;-99.01
46327.15;-99.25
46330.08;-99.09
46333.01;-99.17
46335.94;-99.09
46338.87;-98.94
46341.80;-98.94
46344.73;-99.09
46347.66;-99.09
46350.59;-99.17
46353.52;-98.94
46356.45;-99.01
46359.38;-99.09
46362.30;-98.86
46365.23;-98.86
46368.16;-98.94
46371.09;-99.17
46374.02;-99.40
46376.95;-99.17
46379.88;-98.94
46382.81;-98.78
46385.74;-99.01
46388.67;-99.25
46391.60;-99.17
46394.53;-99.17
46397.46;-99.01
46400.39;-98.86
46403.32;-98.94
46406.25;-99.01
46409.18;-98.94
46412.11;-98.94
46415.04;-98.78
46417.97;-98.94
46420.90;-99.33
46423.83;-99.17
46426.76;-99.01
46429.69;-99.01
46432.62;-99.17
46435.55;-98.94
46438.48;-99.09
46441.41;-99.40
46444.34;-99.09
46447.27;-98.94
46450.20;-98.78
46453.13;-98.86
46456.05;-98.70
46458.98;-98.94
46461.91;-98.94
46464.84;-99.01
46467.77;-99.09
46470.70;-99.40
46473.63;-99.33
46476.56;-99.01
46479.49;-98.94
46482.42;-98.86
46485.35;-98.94
46488.28;-99.01
46491.21;-99.01
46494.14;-98.70
46497.07;-98.86
46500.00;-99.09
46502.93;-99.17
46505.86;-99.09
46508.79;-98.94
46511.72;-98.94
46514.65;-98.86
46517.58;-98.94
46520.51;-99.09
46523.44;-98.78
46526.37;-98.62
46529.30;-99.01
46532.23;-98.94
46535.16;-98.86
46538.09;-98.86
46541.02;-98.78
46543.95;-98.86
46546.88;-98.78
46549.80;-98.94
46552.73;-99.01
46555.66;-99.01
46558.59;-99.17
46561.52;-99.01
46564.45;-99.01
46567.38;-98.70
46570.31;-98.78
46573.24;-99.01
46576.17;-99.09
46579.10;-98.70
46582.03;-98.94
46584.96;-99.01
46587.89;-98.86
46590.82;-98.86
46593.75;-98.94
46596.68;-99.01
46599.61;-99.17
46602.54;-99.17
46605.47;-99.25
46608.40;-99.09
46611.33;-99.09
46614.26;-98.86
46617.19;-98.78
46620.12;-98.78
46623.05;-99.01
46625.98;-98.86
46628.91;-98.86
46631.84;-98.94
46634.77;-99.25
46637.70;-99.17
46640.63;-99.09
46643.55;-99.09
46646.48;-99.25
46649.41;-98.86
46652.34;-98.94
46655.27;-99.01
46658.20;-99.09
46661.13;-99.09
46664.06;-98.78
46666.99;-98.62
46669.92;-99.09
46672.85;-99.25
46675.78;-98.94
46678.71;-98.94
46681.64;-99.01
46684.57;-99.01
46687.50;-98.94
46690.43;-98.94
46693.36;-98.78
46696.29;-98.70
46699.22;-98.94
46702.15;-98.86
46705.08;-98.94
46708.01;-99.17
46710.94;-99.17
46713.87;-99.17
46716.80;-99.09
46719.73;-99.33
46722.66;-99.01
46725.59;-98.94
46728.52;-98.78
46731.45;-98.94
46734.38;-98.94
46737.30;-98.86
46740.23;-98.94
46743.16;-98.70
46746.09;-98.86
46749.02;-99.17
46751.95;-99.17
46754.88;-99.09
46757.81;-99.09
46760.74;-98.94
46763.67;-98.78
46766.60;-98.70
46769.53;-98.94
46772.46;-99.09
46775.39;-99.01
46778.32;-98.86
46781.25;-99.01
46784.18;-98.86
46787.11;-98.86
46790.04;-99.01
46792.97;-99.01
46795.90;-98.70
46798.83;-98.70
46801.76;-98.78
46804.69;-98.86
46807.62;-98.86
46810.55;-98.86
46813.48;-98.70
46816.41;-98.78
46819.34;-98.94
46822.27;-98.94
46825.20;-98.78
46828.13;-98.78
46831.05;-98.70
46833.98;-98.70
46836.91;-99.01
46839.84;-98.94
46842.77;-99.01
46845.70;-98.94
46848.63;-98.94
46851.56;-99.25
46854.49;-99.40
46857.42;-99.09
46860.35;-98.94
46863.28;-99.01
46866.21;-99.17
46869.14;-99.01
46872.07;-98.94
46875.00;-98.86
46877.93;-99.01
46880.86;-99.09
46883.79;-99.09
46886.72;-99.09
46889.65;-99.33
46892.58;-99.09
46895.51;-98.86
46898.44;-99.01
46901.37;-99.01
46904.30;-98.70
46907.23;-98.78
46910.16;-98.86
46913.09;-99.01
46916.02;-98.94
46918.95;-98.54
46921.88;-98.78
46924.80;-98.94
46927.73;-99.01
46930.66;-99.09
46933.59;-99.01
46936.52;-99.17
46939.45;-98.94
46942.38;-98.86
46945.31;-98.86
46948.24;-98.94
46951.17;-99.25
46954.10;-99.09
46957.03;-99.17
46959.96;-99.17
46962.89;-99.01
46965.82;-99.17
46968.75;-99.25
46971.68;-99.33
46974.61;-99.17
46977.54;-98.94
46980.47;-98.94
46983.40;-99.25
46986.33;-99.33
46989.26;-99.09
46992.19;-98.94
46995.12;-99.09
46998.05;-98.86
47000.98;-98.62
47003.91;-98.78
47006.84;-99.09
47009.77;-98.94
47012.70;-99.01
47015.63;-99.09
47018.55;-98.94
47021.48;-98.94
47024.41;-99.01
47027.34;-99.01
47030.27;-98.94
47033.20;-98.86
47036.13;-98.86
47039.06;-99.09
47041.99;-99.09
47044.92;-98.70
47047.85;-98.62
47050.78;-98.94
47053.71;-98.86
47056.64;-99.09
47059.57;-99.17
47062.50;-99.09
47065.43;-98.86
47068.36;-98.94
47071.29;-99.01
47074.22;-98.94
47077.15;-99.17
47080.08;-99.40
47083.01;-99.09
47085.94;-99.09
47088.87;-99.33
47091.80;-99.25
47094.73;-99.17
47097.66;-99.09
47100.59;-99.17
47103.52;-98.94
47106.45;-98.70
47109.38;-98.78
47112.30;-99.01
47115.23;-98.70
47118.16;-98.86
47121.09;-99.01
47124.02;-99.09
47126.95;-98.94
47129.88;-98.62
47132.81;-98.94
47135.74;-98.94
47138.67;-98.94
47141.60;-99.01
47144.53;-99.01
47147.46;-98.86
47150.39;-99.01
47153.32;-99.17
47156.25;-98.78
47159.18;-98.62
47162.11;-98.62
47165.04;-98.86
47167.97;-98.94
47170.90;-98.94
47173.83;-98.86
47176.76;-98.94
47179.69;-99.17
47182.62;-99.09
47185.55;-98.86
47188.48;-98.70
47191.41;-98.70
47194.34;-99.09
47197.27;-99.17
47200.20;-98.94
47203.13;-98.94
47206.05;-99.09
47208.98;-99.09
47211.91;-99.09
47214.84;-98.94
47217.77;-99.01
47220.70;-99.01
47223.63;-99.09
47226.56;-99.17
47229.49;-98.94
47232.42;-98.70
47235.35;-98.78
47238.28;-99.01
47241.21;-98.94
47244.14;-98.78
47247.07;-98.78
47250.00;-98.78
47252.93;-98.94
47255.86;-98.62
47258.79;-98.62
47261.72;-98.78
47264.65;-99.17
47267.58;-99.09
47270.51;-99.09
47273.44;-98.94
47276.37;-99.01
47279.30;-98.94
47282.23;-99.17
47285.16;-99.17
47288.09;-99.01
47291.02;-99.09
47293.95;-99.17
47296.88;-98.94
47299.80;-98.86
47302.73;-98.86
47305.66;-99.09
47308.59;-98.94
47311.52;-98.78
47314.45;-98.62
47317.38;-98.86
47320.31;-98.94
47323.24;-99.01
47326.17;-98.86
47329.10;-98.94
47332.03;-98.94
47334.96;-99.01
47337.89;-99.01
47340.82;-98.94
47343.75;-98.94
47346.68;-99.33
47349.61;-99.17
47352.54;-98.94
47355.47;-98.78
47358.40;-98.86
47361.33;-99.09
47364.26;-99.33
47367.19;-98.86
47370.12;-99.09
47373.05;-99.09
47375.98;-98.94
47378.91;-99.01
47381.84;-98.78
47384.77;-99.25
47387.70;-99.25
47390.63;-99.09
47393.55;-99.01
47396.48;-98.78
47399.41;-98.78
47402.34;-99.09
47405.27;-99.25
47408.20;-99.09
47411.13;-99.25
47414.06;-99.01
47416.99;-98.86
47419.92;-98.86
47422.85;-98.94
47425.78;-99.17
47428.71;-99.25
47431.64;-99.01
47434.57;-99.01
47437.50;-99.09
47440.43;-99.01
47443.36;-98.86
47446.29;-99.17
47449.22;-99.25
47452.15;-99.01
47455.08;-99.09
47458.01;-99.01
47460.94;-98.78
47463.87;-98.86
47466.80;-99.09
47469.73;-99.17
47472.66;-99.09
47475.59;-99.17
47478.52;-98.94
47481.45;-98.70
47484.38;-98.86
47487.30;-98.94
47490.23;-98.86
47493.16;-98.86
47496.09;-99.09
47499.02;-99.01
47501.95;-99.01
47504.88;-99.01
47507.81;-98.94
47510.74;-98.54
47513.67;-98.62
47516.60;-99.01
47519.53;-99.09
47522.46;-98.86
47525.39;-99.17
47528.32;-99.09
47531.25;-99.17
47534.18;-99.17
47537.11;-99.01
47540.04;-99.01
47542.97;-98.86
47545.90;-98.86
47548.83;-99.09
47551.76;-99.01
47554.69;-98.78
47557.62;-99.09
47560.55;-99.09
47563.48;-98.78
47566.41;-98.54
47569.34;-98.70
47572.27;-98.94
47575.20;-98.86
47578.13;-98.78
47581.05;-98.78
47583.98;-98.78
47586.91;-98.86
47589.84;-99.09
47592.77;-99.01
47595.70;-98.94
47598.63;-99.01
47601.56;-98.78
47604.49;-98.78
47607.42;-98.94
47610.35;-98.86
47613.28;-98.94
47616.21;-99.01
47619.14;-98.70
47622.07;-98.70
47625.00;-99.09
47627.93;-99.09
47630.86;-99.09
47633.79;-99.09
47636.72;-99.01
47639.65;-98.94
47642.58;-98.86
47645.51;-98.86
47648.44;-98.78
47651.37;-99.17
47654.30;-99.09
47657.23;-98.78
47660.16;-98.86
47663.09;-99.17
47666.02;-99.33
47668.95;-98.86
47671.88;-98.62
47674.80;-98.70
47677.73;-98.94
47680.66;-99.01
47683.59;-99.01
47686.52;-98.94
47689.45;-98.94
47692.38;-99.09
47695.31;-99.09
47698.24;-98.94
47701.17;-99.09
47704.10;-98.94
47707.03;-99.09
47709.96;-99.17
47712.89;-98.78
47715.82;-98.78
47718.75;-98.86
47721.68;-99.01
47724.61;-98.94
47727.54;-99.01
47730.47;-98.94
47733.40;-98.62
47736.33;-98.78
47739.26;-99.01
47742.19;-99.25
47745.12;-99.01
47748.05;-98.86
47750.98;-98.86
47753.91;-98.94
47756.84;-99.01
47759.77;-98.70
47762.70;-98.54
47765.63;-98.62
47768.55;-98.78
47771.48;-98.78
47774.41;-98.86
47777.34;-98.78
47780.27;-99.01
47783.20;-98.86
47786.13;-98.86
47789.06;-99.17
47791.99;-99.17
47794.92;-98.78
47797.85;-98.94
47800.78;-99.17
47803.71;-99.17
47806.64;-98.86
47809.57;-98.86
47812.50;-98.94
47815.43;-98.86
47818.36;-98.86
47821.29;-98.86
47824.22;-98.94
47827.15;-98.70
47830.08;-98.86
47833.01;-99.09
47835.94;-99.09
47838.87;-98.94
47841.80;-98.94
47844.73;-98.94
47847.66;-98.86
47850.59;-98.78
47853.52;-98.94
47856.45;-98.94
47859.38;-98.94
47862.30;-98.86
47865.23;-98.86
47868.16;-98.62
47871.09;-98.86
47874.02;-98.78
47876.95;-98.70
47879.88;-98.70
47882.81;-98.62
47885.74;-98.94
47888.67;-98.94
47891.60;-98.86
47894.53;-98.94
47897.46;-98.94
47900.39;-98.78
47903.32;-98.78
47906.25;-99.09
47909.18;-98.78
47912.11;-98.94
47915.04;-98.78
47917.97;-98.86
47920.90;-98.86
47923.83;-98.78
47926.76;-98.70
47929.69;-98.94
47932.62;-98.78
47935.55;-98.86
47938.48;-98.94
47941.41;-99.01
47944.34;-98.86
47947.27;-98.70
47950.20;-98.86
47953.13;-98.86
47956.05;-98.78
47958.98;-98.94
47961.91;-98.78
47964.84;-98.62
47967.77;-98.86
47970.70;-98.86
47973.63;-98.86
47976.56;-98.70
47979.49;-98.47
47982.42;-98.62
47985.35;-98.62
47988.28;-98.70
47991.21;-99.09
47994.14;-99.01
47997.07;-98.62
48000.00;-98.70
48002.93;-98.62
48005.86;-98.94
48008.79;-99.01
48011.72;-98.62
48014.65;-98.70
48017.58;-98.78
48020.51;-98.78
48023.44;-98.70
48026.37;-98.86
48029.30;-98.86
48032.23;-98.54
48035.16;-98.78
48038.09;-98.86
48041.02;-98.94
48043.95;-98.78
48046.88;-98.70
48049.80;-98.94
48052.73;-98.78
48055.66;-98.78
48058.59;-98.78
48061.52;-98.86
48064.45;-98.78
48067.38;-98.54
48070.31;-98.78
48073.24;-98.86
48076.17;-99.09
48079.10;-98.94
48082.03;-98.54
48084.96;-98.62
48087.89;-98.78
48090.82;-98.86
48093.75;-98.86
48096.68;-98.94
48099.61;-98.86
48102.54;-98.78
48105.47;-98.70
48108.40;-98.78
48111.33;-99.09
48114.26;-99.17
48117.19;-98.86
48120.12;-98.94
48123.05;-99.01
48125.98;-98.94
48128.91;-98.86
48131.84;-98.86
48134.77;-98.94
48137.70;-99.01
48140.63;-99.01
48143.55;-98.70
48146.48;-98.54
48149.41;-98.62
48152.34;-98.70
48155.27;-99.01
48158.20;-99.01
48161.13;-98.94
48164.06;-98.78
48166.99;-98.70
48169.92;-99.01
48172.85;-99.09
48175.78;-99.01
48178.71;-98.86
48181.64;-98.54
48184.57;-98.94
48187.50;-99.09
48190.43;-98.94
48193.36;-98.70
48196.29;-98.78
48199.22;-98.94
48202.15;-98.94
48205.08;-98.70
48208.01;-98.86
48210.94;-99.01
48213.87;-98.78
48216.80;-98.62
48219.73;-98.39
48222.66;-98.78
48225.59;-99.17
48228.52;-98.86
48231.45;-98.62
48234.38;-98.86
48237.30;-98.94
48240.23;-99.01
48243.16;-98.94
48246.09;-98.62
48249.02;-98.94
48251.95;-99.25
48254.88;-99.09
48257.81;-98.94
48260.74;-98.62
48263.67;-98.94
48266.60;-99.17
48269.53;-99.17
48272.46;-98.94
48275.39;-98.54
48278.32;-98.78
48281.25;-99.01
48284.18;-98.94
48287.11;-98.94
48290.04;-98.78
48292.97;-98.94
48295.90;-98.94
48298.83;-98.86
48301.76;-98.78
48304.69;-98.78
48307.62;-98.78
48310.55;-99.09
48313.48;-98.94
48316.41;-98.86
48319.34;-99.17
48322.27;-99.09
48325.20;-99.01
48328.13;-98.86
48331.05;-98.86
48333.98;-98.86
48336.91;-98.70
48339.84;-98.62
48342.77;-98.78
48345.70;-98.86
48348.63;-98.94
48351.56;-98.78
48354.49;-98.94
48357.42;-98.94
48360.35;-98.86
48363.28;-98.70
48366.21;-98.62
48369.14;-98.47
48372.07;-98.78
48375.00;-99.09
48377.93;-99.09
48380.86;-98.78
48383.79;-98.86
48386.72;-98.86
48389.65;-98.70
48392.58;-98.94
48395.51;-99.09
48398.44;-98.70
48401.37;-98.78
48404.30;-98.86
48407.23;-98.78
48410.16;-98.62
48413.09;-98.62
48416.02;-98.62
48418.95;-99.17
48421.88;-99.17
48424.80;-98.78
48427.73;-98.78
48430.66;-98.70
48433.59;-98.78
48436.52;-99.01
48439.45;-98.94
48442.38;-98.54
48445.31;-98.70
48448.24;-99.01
48451.17;-98.86
48454.10;-98.70
48457.03;-98.70
48459.96;-98.94
48462.89;-98.86
48465.82;-98.86
48468.75;-99.01
48471.68;-98.62
48474.61;-98.54
48477.54;-98.86
48480.47;-98.78
48483.40;-98.70
48486.33;-98.78
48489.26;-98.62
48492.19;-98.86
48495.12;-98.78
48498.05;-98.78
48500.98;-98.78
48503.91;-98.78
48506.84;-98.78
48509.77;-99.09
48512.70;-98.86
48515.63;-98.70
48518.55;-98.70
48521.48;-98.86
48524.41;-98.94
48527.34;-99.09
48530.27;-98.78
48533.20;-98.62
48536.13;-99.01
48539.06;-98.94
48541.99;-98.86
48544.92;-98.94
48547.85;-98.78
48550.78;-99.01
48553.71;-99.09
48556.64;-98.94
48559.57;-98.94
48562.50;-98.78
48565.43;-98.78
48568.36;-98.70
48571.29;-99.17
48574.22;-98.94
48577.15;-98.94
48580.08;-98.78
48583.01;-98.86
48585.94;-98.94
48588.87;-98.86
48591.80;-98.94
48594.73;-99.25
48597.66;-99.25
48600.59;-98.86
48603.52;-98.86
48606.45;-99.09
48609.38;-99.09
48612.30;-99.01
48615.23;-98.70
48618.16;-98.70
48621.09;-98.86
48624.02;-98.70
48626.95;-98.62
48629.88;-98.86
48632.81;-98.78
48635.74;-98.86
48638.67;-98.70
48641.60;-98.70
48644.53;-99.01
48647.46;-99.09
48650.39;-99.01
48653.32;-98.78
48656.25;-98.70
48659.18;-98.94
48662.11;-98.94
48665.04;-98.70
48667.97;-98.78
48670.90;-99.01
48673.83;-98.86
48676.76;-98.86
48679.69;-98.86
48682.62;-99.09
48685.55;-98.86
48688.48;-98.86
48691.41;-98.78
48694.34;-98.70
48697.27;-98.70
48700.20;-99.01
48703.13;-99.17
48706.05;-98.86
48708.98;-98.94
48711.91;-98.78
48714.84;-98.78
48717.77;-98.94
48720.70;-98.94
48723.63;-98.86
48726.56;-98.78
48729.49;-98.62
48732.42;-98.86
48735.35;-99.09
48738.28;-98.78
48741.21;-98.70
48744.14;-98.78
48747.07;-98.94
48750.00;-99.01
48752.93;-98.94
48755.86;-98.86
48758.79;-99.01
48761.72;-98.94
48764.65;-98.94
48767.58;-99.01
48770.51;-98.86
48773.44;-98.70
48776.37;-98.62
48779.30;-99.01
48782.23;-99.01
48785.16;-98.86
48788.09;-98.86
48791.02;-98.62
48793.95;-98.86
48796.88;-98.86
48799.80;-98.70
48802.73;-98.86
48805.66;-98.86
48808.59;-98.78
48811.52;-98.70
48814.45;-98.54
48817.38;-98.70
48820.31;-99.01
48823.24;-98.78
48826.17;-98.86
48829.10;-99.01
48832.03;-99.17
48834.96;-99.01
48837.89;-98.78
48840.82;-98.54
48843.75;-98.47
48846.68;-98.78
48849.61;-99.17
48852.54;-99.09
48855.47;-98.86
48858.40;-99.01
48861.33;-98.94
48864.26;-98.94
48867.19;-98.86
48870.12;-98.70
48873.05;-99.09
48875.98;-99.17
48878.91;-98.54
48881.84;-98.62
48884.77;-98.94
48887.70;-98.86
48890.63;-98.78
48893.55;-98.78
48896.48;-98.78
48899.41;-99.17
48902.34;-99.25
48905.27;-98.86
48908.20;-98.70
48911.13;-98.62
48914.06;-98.70
48916.99;-98.62
48919.92;-98.78
48922.85;-99.01
48925.78;-98.86
48928.71;-98.70
48931.64;-98.94
48934.57;-99.09
48937.50;-98.86
48940.43;-98.86
48943.36;-98.94
48946.29;-99.01
48949.22;-98.94
48952.15;-99.01
48955.08;-98.78
48958.01;-98.62
48960.94;-98.62
48963.87;-98.70
48966.80;-98.78
48969.73;-98.70
48972.66;-98.86
48975.59;-98.62
48978.52;-98.54
48981.45;-98.70
48984.38;-98.78
48987.30;-98.47
48990.23;-98.31
48993.16;-98.54
48996.09;-98.86
48999.02;-99.09
49001.95;-99.01
49004.88;-98.86
49007.81;-98.70
49010.74;-98.70
49013.67;-98.62
49016.60;-98.86
49019.53;-98.78
49022.46;-98.70
49025.39;-98.94
49028.32;-99.01
49031.25;-98.94
49034.18;-98.70
49037.11;-98.70
49040.04;-98.78
49042.97;-98.78
49045.90;-98.86
49048.83;-98.86
49051.76;-98.70
49054.69;-98.78
49057.62;-98.78
49060.55;-98.86
49063.48;-98.86
49066.41;-98.86
49069.34;-98.78
49072.27;-98.62
49075.20;-98.39
49078.13;-98.62
49081.05;-98.70
49083.98;-98.78
49086.91;-98.78
49089.84;-98.94
49092.77;-99.09
49095.70;-98.62
49098.63;-98.70
49101.56;-99.17
49104.49;-98.94
49107.42;-98.94
49110.35;-98.94
49113.28;-98.70
49116.21;-98.86
49119.14;-98.78
49122.07;-98.94
49125.00;-99.09
49127.93;-99.17
49130.86;-99.01
49133.79;-98.86
49136.72;-98.78
49139.65;-98.78
49142.58;-98.70
49145.51;-98.70
49148.44;-98.62
49151.37;-98.54
49154.30;-98.54
49157.23;-98.54
49160.16;-98.70
49163.09;-98.94
49166.02;-98.94
49168.95;-98.94
49171.88;-98.62
49174.80;-98.94
49177.73;-98.94
49180.66;-98.94
49183.59;-98.70
49186.52;-98.78
49189.45;-98.86
49192.38;-98.94
49195.31;-98.78
49198.24;-98.78
49201.17;-98.62
49204.10;-98.62
49207.03;-98.54
49209.96;-98.70
49212.89;-98.62
49215.82;-98.70
49218.75;-98.62
49221.68;-98.47
49224.61;-98.62
49227.54;-98.70
49230.47;-98.54
49233.40;-98.94
49236.33;-98.94
49239.26;-98.94
49242.19;-99.09
49245.12;-98.86
49248.05;-98.86
49250.98;-98.78
49253.91;-98.86
49256.84;-98.94
49259.77;-98.78
49262.70;-98.78
49265.63;-98.70
49268.55;-98.78
49271.48;-98.86
49274.41;-98.78
49277.34;-98.78
49280.27;-98.54
49283.20;-98.54
49286.13;-98.86
49289.06;-98.94
49291.99;-98.86
49294.92;-98.94
49297.85;-99.01
49300.78;-98.70
49303.71;-98.78
49306.64;-98.70
49309.57;-98.62
49312.50;-98.70
49315.43;-98.70
49318.36;-98.62
49321.29;-98.78
49324.22;-98.94
49327.15;-98.94
49330.08;-99.01
49333.01;-98.70
49335.94;-99.01
49338.87;-98.78
49341.80;-98.70
49344.73;-98.86
49347.66;-99.09
49350.59;-98.78
49353.52;-98.86
49356.45;-98.54
49359.38;-98.62
49362.30;-98.70
49365.23;-98.86
49368.16;-98.78
49371.09;-98.94
49374.02;-98.86
49376.95;-98.62
49379.88;-98.70
49382.81;-98.78
49385.74;-98.94
49388.67;-98.94
49391.60;-98.94
49394.53;-98.94
49397.46;-98.70
49400.39;-98.62
49403.32;-98.70
49406.25;-98.70
49409.18;-98.78
49412.11;-98.86
49415.04;-98.62
49417.97;-98.70
49420.90;-98.62
49423.83;-98.86
49426.76;-98.70
49429.69;-98.54
49432.62;-99.01
49435.55;-99.09
49438.48;-98.94
49441.41;-98.94
49444.34;-98.86
49447.27;-98.78
49450.20;-98.94
49453.13;-98.86
49456.05;-98.78
49458.98;-98.62
49461.91;-98.86
49464.84;-98.94
49467.77;-99.01
49470.70;-99.01
49473.63;-98.62
49476.56;-98.47
49479.49;-98.78
49482.42;-98.78
49485.35;-98.78
49488.28;-98.78
49491.21;-98.86
49494.14;-98.78
49497.07;-98.70
49500.00;-98.78
49502.93;-98.86
49505.86;-98.78
49508.79;-98.86
49511.72;-98.94
49514.65;-98.86
49517.58;-98.54
49520.51;-98.47
49523.44;-98.47
49526.37;-98.62
49529.30;-98.62
49532.23;-98.62
49535.16;-98.78
49538.09;-98.39
49541.02;-98.70
49543.95;-98.86
49546.88;-98.39
49549.80;-98.62
49552.73;-98.86
49555.66;-98.86
49558.59;-98.86
49561.52;-98.54
49564.45;-98.70
49567.38;-98.78
49570.31;-98.62
49573.24;-98.47
49576.17;-98.78
49579.10;-98.86
49582.03;-98.62
49584.96;-98.86
49587.89;-98.78
49590.82;-98.94
49593.75;-98.86
49596.68;-98.94
49599.61;-98.86
49602.54;-98.62
49605.47;-98.94
49608.40;-98.94
49611.33;-98.86
49614.26;-98.78
49617.19;-98.94
49620.12;-98.70
49623.05;-98.62
49625.98;-98.78
49628.91;-98.78
49631.84;-98.62
49634.77;-98.54
49637.70;-98.62
49640.63;-98.62
49643.55;-98.47
49646.48;-98.62
49649.41;-98.78
49652.34;-99.01
49655.27;-98.78
49658.20;-98.70
49661.13;-98.86
49664.06;-98.86
49666.99;-98.78
49669.92;-98.78
49672.85;-98.86
49675.78;-98.94
49678.71;-98.78
49681.64;-98.94
49684.57;-98.94
49687.50;-98.70
49690.43;-98.86
49693.36;-98.86
49696.29;-98.86
49699.22;-98.86
49702.15;-98.70
49705.08;-98.70
49708.01;-98.54
49710.94;-98.62
49713.87;-98.70
49716.80;-98.78
49719.73;-98.86
49722.66;-98.62
49725.59;-98.47
49728.52;-98.62
49731.45;-99.09
49734.38;-98.86
49737.30;-98.70
49740.23;-98.86
49743.16;-98.78
49746.09;-98.86
49749.02;-98.86
49751.95;-98.70
49754.88;-98.86
49757.81;-99.09
49760.74;-98.86
49763.67;-98.78
49766.60;-98.62
49769.53;-98.62
49772.46;-98.78
49775.39;-98.39
49778.32;-98.39
49781.25;-98.54
49784.18;-98.62
49787.11;-98.70
49790.04;-98.86
49792.97;-99.01
49795.90;-98.70
49798.83;-98.62
49801.76;-99.01
49804.69;-99.01
49807.62;-98.86
49810.55;-98.70
49813.48;-98.54
49816.41;-98.62
49819.34;-98.39
49822.27;-98.39
49825.20;-98.54
49828.13;-98.54
49831.05;-98.47
49833.98;-98.54
49836.91;-98.54
49839.84;-98.70
49842.77;-98.86
49845.70;-98.94
49848.63;-98.94
49851.56;-98.70
49854.49;-98.70
49857.42;-98.86
49860.35;-98.86
49863.28;-98.62
49866.21;-98.47
49869.14;-98.47
49872.07;-98.78
49875.00;-98.78
49877.93;-98.47
49880.86;-98.62
49883.79;-98.78
49886.72;-98.86
49889.65;-98.94
49892.58;-98.78
49895.51;-98.62
49898.44;-98.70
49901.37;-98.78
49904.30;-98.86
49907.23;-98.78
49910.16;-98.78
49913.09;-98.94
49916.02;-98.47
49918.95;-98.39
49921.88;-98.78
49924.80;-98.86
49927.73;-98.54
49930.66;-98.70
49933.59;-98.78
49936.52;-98.70
49939.45;-98.62
49942.38;-98.86
49945.31;-98.78
49948.24;-99.01
49951.17;-98.78
49954.10;-98.78
49957.03;-98.78
49959.96;-98.70
49962.89;-99.01
49965.82;-99.01
49968.75;-98.54
49971.68;-98.47
49974.61;-98.70
49977.54;-98.86
49980.47;-98.70
49983.40;-98.62
49986.33;-98.86
49989.26;-98.94
49992.19;-98.86
49995.12;-98.94
49998.05;-98.86
50000.98;-98.86
50003.91;-98.70
50006.84;-98.70
50009.77;-98.62
50012.70;-98.78
50015.63;-98.86
50018.55;-98.62
50021.48;-98.70
50024.41;-98.70
50027.34;-98.54
50030.27;-98.78
50033.20;-98.86
50036.13;-98.94
50039.06;-98.62
50041.99;-98.47
50044.92;-98.70
50047.85;-98.86
50050.78;-99.01
50053.71;-98.70
50056.64;-98.39
50059.57;-98.31
50062.50;-98.62
50065.43;-98.70
50068.36;-98.86
50071.29;-98.62
50074.22;-98.70
50077.15;-98.78
50080.08;-98.94
50083.01;-98.62
50085.94;-98.54
50088.87;-98.70
50091.80;-98.70
50094.73;-98.62
50097.66;-98.78
50100.59;-98.54
50103.52;-98.78
50106.45;-98.86
50109.38;-98.94
50112.30;-98.78
50115.23;-98.86
50118.16;-98.78
50121.09;-98.62
50124.02;-98.62
50126.95;-98.54
50129.88;-98.78
50132.81;-98.70
50135.74;-98.78
50138.67;-98.94
50141.60;-98.78
50144.53;-98.54
50147.46;-98.70
50150.39;-98.78
50153.32;-98.78
50156.25;-98.62
50159.18;-98.62
50162.11;-98.54
50165.04;-98.54
50167.97;-98.70
50170.90;-98.62
50173.83;-98.54
50176.76;-98.54
50179.69;-98.70
50182.62;-98.94
50185.55;-98.94
50188.48;-98.70
50191.41;-98.70
50194.34;-99.17
50197.27;-99.01
50200.20;-98.86
50203.13;-99.01
50206.05;-98.70
50208.98;-98.62
50211.91;-98.78
50214.84;-99.09
50217.77;-98.86
50220.70;-98.70
50223.63;-98.78
50226.56;-99.01
50229.49;-98.94
50232.42;-98.86
50235.35;-98.94
50238.28;-98.62
50241.21;-98.70
50244.14;-98.78
50247.07;-98.86
50250.00;-98.78
50252.93;-98.70
50255.86;-98.78
50258.79;-98.62
50261.72;-98.62
50264.65;-98.54
50267.58;-98.70
50270.51;-98.70
50273.44;-98.62
50276.37;-98.86
50279.30;-98.78
50282.23;-98.86
50285.16;-98.62
50288.09;-98.54
50291.02;-98.70
50293.95;-98.94
50296.88;-99.01
50299.80;-99.09
50302.73;-98.78
50305.66;-98.86
50308.59;-99.01
50311.52;-98.86
50314.45;-98.94
50317.38;-98.78
50320.31;-98.62
50323.24;-98.70
50326.17;-98.94
50329.10;-98.86
50332.03;-98.70
50334.96;-98.78
50337.89;-98.70
50340.82;-98.47
50343.75;-98.31
50346.68;-98.70
50349.61;-98.86
50352.54;-98.78
50355.47;-98.47
50358.40;-98.62
50361.33;-98.62
50364.26;-98.54
50367.19;-98.47
50370.12;-98.86
50373.05;-98.94
50375.98;-98.70
50378.91;-98.86
50381.84;-98.86
50384.77;-98.86
50387.70;-98.62
50390.63;-98.39
50393.55;-98.54
50396.48;-98.62
50399.41;-98.70
50402.34;-98.62
50405.27;-98.70
50408.20;-98.86
50411.13;-98.70
50414.06;-98.70
50416.99;-98.62
50419.92;-98.78
50422.85;-99.01
50425.78;-98.94
50428.71;-99.01
50431.64;-98.70
50434.57;-98.31
50437.50;-98.39
50440.43;-98.78
50443.36;-98.70
50446.29;-98.86
50449.22;-98.86
50452.15;-98.78
50455.08;-98.70
50458.01;-98.70
50460.94;-98.70
50463.87;-98.70
50466.80;-98.54
50469.73;-98.62
50472.66;-98.86
50475.59;-98.94
50478.52;-98.70
50481.45;-98.70
50484.38;-98.70
50487.30;-98.78
50490.23;-98.62
50493.16;-98.70
50496.09;-98.78
50499.02;-98.62
50501.95;-98.39
50504.88;-98.15
50507.81;-98.39
50510.74;-98.78
50513.67;-98.70
50516.60;-98.62
50519.53;-98.78
50522.46;-98.78
50525.39;-98.70
50528.32;-98.39
50531.25;-98.62
50534.18;-98.70
50537.11;-98.54
50540.04;-98.47
50542.97;-98.31
50545.90;-98.54
50548.83;-98.62
50551.76;-98.70
50554.69;-98.62
50557.62;-98.78
50560.55;-98.70
50563.48;-98.39
50566.41;-98.47
50569.34;-98.54
50572.27;-98.70
50575.20;-98.54
50578.13;-98.54
50581.05;-98.47
50583.98;-98.62
50586.91;-98.78
50589.84;-98.78
50592.77;-98.62
50595.70;-98.70
50598.63;-99.01
50601.56;-98.94
50604.49;-99.01
50607.42;-99.09
50610.35;-98.94
50613.28;-98.78
50616.21;-98.94
50619.14;-98.78
50622.07;-98.70
50625.00;-98.70
50627.93;-98.54
50630.86;-98.70
50633.79;-98.62
50636.72;-98.86
50639.65;-98.62
50642.58;-98.78
50645.51;-98.78
50648.44;-98.78
50651.37;-98.70
50654.30;-98.54
50657.23;-98.54
50660.16;-98.78
50663.09;-98.86
50666.02;-98.62
50668.95;-98.62
50671.88;-98.70
50674.80;-98.62
50677.73;-98.47
50680.66;-98.62
50683.59;-98.62
50686.52;-98.39
50689.45;-98.54
50692.38;-98.78
50695.31;-98.86
50698.24;-98.94
50701.17;-98.94
50704.10;-98.70
50707.03;-98.70
50709.96;-98.78
50712.89;-98.54
50715.82;-98.54
50718.75;-98.78
50721.68;-98.78
50724.61;-98.86
50727.54;-99.09
50730.47;-98.78
50733.40;-98.62
50736.33;-98.62
50739.26;-98.70
50742.19;-98.86
50745.12;-98.94
50748.05;-98.78
50750.98;-98.70
50753.91;-98.47
50756.84;-98.47
50759.77;-98.54
50762.70;-98.62
50765.63;-98.78
50768.55;-98.54
50771.48;-98.54
50774.41;-98.70
50777.34;-98.78
50780.27;-98.86
50783.20;-98.78
50786.13;-98.70
50789.06;-98.86
50791.99;-98.70
50794.92;-98.78
50797.85;-98.78
50800.78;-98.54
50803.71;-98.47
50806.64;-98.54
50809.57;-98.70
50812.50;-98.78
50815.43;-98.86
50818.36;-98.78
50821.29;-98.62
50824.22;-98.54
50827.15;-98.39
50830.08;-98.39
50833.01;-98.39
50835.94;-98.78
50838.87;-98.94
50841.80;-98.47
50844.73;-98.54
50847.66;-98.70
50850.59;-98.78
50853.52;-98.54
50856.45;-98.54
50859.38;-98.70
50862.30;-98.70
50865.23;-98.86
50868.16;-98.86
50871.09;-98.62
50874.02;-98.47
50876.95;-98.70
50879.88;-98.70
50882.81;-98.62
50885.74;-98.47
50888.67;-98.62
50891.60;-98.54
50894.53;-98.54
50897.46;-98.70
50900.39;-98.62
50903.32;-98.62
50906.25;-98.78
50909.18;-98.78
50912.11;-98.70
50915.04;-98.78
50917.97;-99.17
50920.90;-99.09
50923.83;-98.78
50926.76;-98.70
50929.69;-98.62
50932.62;-98.62
50935.55;-98.62
50938.48;-98.62
50941.41;-98.62
50944.34;-98.62
50947.27;-98.86
50950.20;-99.01
50953.13;-98.70
50956.05;-98.70
50958.98;-98.47
50961.91;-98.86
50964.84;-98.86
50967.77;-98.70
50970.70;-98.62
50973.63;-98.62
50976.56;-98.78
50979.49;-98.86
50982.42;-98.78
50985.35;-98.70
50988.28;-98.47
50991.21;-98.39
50994.14;-98.39
50997.07;-98.70
51000.00;-98.94
51002.93;-98.78
51005.86;-98.62
51008.79;-98.62
51011.72;-98.70
51014.65;-98.78
51017.58;-98.70
51020.51;-98.70
51023.44;-99.01
51026.37;-98.86
51029.30;-98.86
51032.23;-98.78
51035.16;-98.54
51038.09;-98.54
51041.02;-98.78
51043.95;-99.01
51046.88;-98.78
51049.80;-98.70
51052.73;-98.70
51055.66;-98.94
51058.59;-98.94
51061.52;-98.86
51064.45;-98.62
51067.38;-98.70
51070.31;-98.78
51073.24;-98.62
51076.17;-98.78
51079.10;-98.78
51082.03;-98.86
51084.96;-99.17
51087.89;-98.86
51090.82;-98.70
51093.75;-98.94
51096.68;-98.78
51099.61;-98.47
51102.54;-98.62
51105.47;-98.94
51108.40;-98.94
51111.33;-98.78
51114.26;-98.94
51117.19;-98.94
51120.12;-98.78
51123.05;-98.78
51125.98;-98.78
51128.91;-98.70
51131.84;-98.78
51134.77;-98.62
51137.70;-98.54
51140.63;-98.70
51143.55;-98.78
51146.48;-98.78
51149.41;-98.78
51152.34;-98.70
51155.27;-98.70
51158.20;-98.70
51161.13;-98.54
51164.06;-98.54
51166.99;-98.70
51169.92;-98.70
51172.85;-98.54
51175.78;-98.47
51178.71;-98.70
51181.64;-98.62
51184.57;-98.54
51187.50;-98.62
51190.43;-98.70
51193.36;-98.62
51196.29;-98.54
51199.22;-98.62
51202.15;-98.62
51205.08;-98.70
51208.01;-98.78
51210.94;-98.70
51213.87;-98.54
51216.80;-98.62
51219.73;-98.39
51222.66;-98.54
51225.59;-98.47
51228.52;-98.70
51231.45;-98.86
51234.38;-98.62
51237.30;-98.47
51240.23;-98.86
51243.16;-98.78
51246.09;-98.86
51249.02;-98.94
51251.95;-98.62
51254.88;-98.47
51257.81;-98.39
51260.74;-98.78
51263.67;-98.86
51266.60;-98.78
51269.53;-98.86
51272.46;-98.70
51275.39;-98.47
51278.32;-98.54
51281.25;-98.94
51284.18;-98.86
51287.11;-98.86
51290.04;-98.94
51292.97;-98.78
51295.90;-98.86
51298.83;-98.94
51301.76;-98.70
51304.69;-98.94
51307.62;-98.78
51310.55;-98.70
51313.48;-98.78
51316.41;-98.70
51319.34;-98.94
51322.27;-98.54
51325.20;-98.70
51328.13;-98.70
51331.05;-98.70
51333.98;-98.94
51336.91;-99.01
51339.84;-98.70
51342.77;-99.01
51345.70;-99.09
51348.63;-98.70
51351.56;-98.47
51354.49;-98.78
51357.42;-98.86
51360.35;-98.70
51363.28;-99.01
51366.21;-99.01
51369.14;-98.78
51372.07;-98.62
51375.00;-98.62
51377.93;-98.70
51380.86;-98.47
51383.79;-98.78
51386.72;-98.78
51389.65;-98.62
51392.58;-98.94
51395.51;-98.94
51398.44;-98.54
51401.37;-98.70
51404.30;-98.62
51407.23;-98.47
51410.16;-98.39
51413.09;-98.23
51416.02;-98.47
51418.95;-98.70
51421.88;-98.86
51424.80;-98.62
51427.73;-98.47
51430.66;-98.54
51433.59;-98.70
51436.52;-98.78
51439.45;-98.62
51442.38;-98.62
51445.31;-98.39
51448.24;-98.31
51451.17;-98.78
51454.10;-98.70
51457.03;-98.78
51459.96;-98.62
51462.89;-98.54
51465.82;-98.78
51468.75;-98.54
51471.68;-98.62
51474.61;-98.62
51477.54;-98.86
51480.47;-98.70
51483.40;-98.54
51486.33;-98.54
51489.26;-98.86
51492.19;-98.70
51495.12;-99.01
51498.05;-99.01
51500.98;-98.70
51503.91;-98.62
51506.84;-98.70
51509.77;-98.78
51512.70;-98.86
51515.63;-98.78
51518.55;-98.47
51521.48;-98.86
51524.41;-98.78
51527.34;-98.78
51530.27;-98.54
51533.20;-98.47
51536.13;-98.70
51539.06;-98.94
51541.99;-98.78
51544.92;-98.54
51547.85;-98.31
51550.78;-98.54
51553.71;-98.62
51556.64;-98.78
51559.57;-98.86
51562.50;-98.62
51565.43;-98.86
51568.36;-99.09
51571.29;-98.86
51574.22;-98.54
51577.15;-98.70
51580.08;-98.62
51583.01;-98.70
51585.94;-98.70
51588.87;-98.62
51591.80;-98.47
51594.73;-98.39
51597.66;-98.70
51600.59;-98.62
51603.52;-98.70
51606.45;-98.54
51609.38;-98.54
51612.30;-98.54
51615.23;-98.62
51618.16;-98.78
51621.09;-98.54
51624.02;-98.39
51626.95;-98.39
51629.88;-98.47
51632.81;-98.47
51635.74;-98.39
51638.67;-98.54
51641.60;-98.62
51644.53;-98.62
51647.46;-98.86
51650.39;-98.78
51653.32;-98.86
51656.25;-98.94
51659.18;-98.78
51662.11;-98.47
51665.04;-98.47
51667.97;-98.47
51670.90;-98.94
51673.83;-98.94
51676.76;-98.54
51679.69;-98.70
51682.62;-98.86
51685.55;-98.94
51688.48;-98.78
51691.41;-98.70
51694.34;-98.78
51697.27;-98.62
51700.20;-98.62
51703.13;-98.70
51706.05;-98.62
51708.98;-98.78
51711.91;-98.78
51714.84;-98.62
51717.77;-98.62
51720.70;-98.62
51723.63;-98.39
51726.56;-98.39
51729.49;-98.47
51732.42;-98.86
51735.35;-98.86
51738.28;-98.62
51741.21;-98.47
51744.14;-98.54
51747.07;-98.70
51750.00;-98.94
51752.93;-98.86
51755.86;-98.86
51758.79;-98.70
51761.72;-98.62
51764.65;-98.39
51767.58;-98.08
51770.51;-98.39
51773.44;-98.70
51776.37;-99.01
51779.30;-99.09
51782.23;-99.09
51785.16;-98.78
51788.09;-98.62
51791.02;-98.47
51793.95;-98.54
51796.88;-98.86
51799.80;-99.01
51802.73;-98.86
51805.66;-98.94
51808.59;-98.94
51811.52;-98.62
51814.45;-98.62
51817.38;-98.86
51820.31;-98.78
51823.24;-98.70
51826.17;-98.86
51829.10;-99.01
51832.03;-98.70
51834.96;-98.47
51837.89;-98.62
51840.82;-98.78
51843.75;-98.86
51846.68;-98.86
51849.61;-98.70
51852.54;-98.70
51855.47;-98.78
51858.40;-98.70
51861.33;-98.78
51864.26;-98.62
51867.19;-98.62
51870.12;-98.47
51873.05;-98.54
51875.98;-98.70
51878.91;-98.70
51881.84;-98.70
51884.77;-98.54
51887.70;-98.62
51890.63;-98.62
51893.55;-98.70
51896.48;-98.78
51899.41;-98.54
51902.34;-98.62
51905.27;-98.62
51908.20;-98.62
51911.13;-98.94
51914.06;-98.94
51916.99;-98.70
51919.92;-98.86
51922.85;-98.86
51925.78;-98.78
51928.71;-98.62
51931.64;-98.54
51934.57;-98.78
51937.50;-98.94
51940.43;-98.86
51943.36;-98.54
51946.29;-98.70
51949.22;-98.78
51952.15;-98.78
51955.08;-98.78
51958.01;-98.86
51960.94;-98.54
51963.87;-98.78
51966.80;-98.78
51969.73;-98.70
51972.66;-98.78
51975.59;-98.70
51978.52;-98.78
51981.45;-98.62
51984.38;-98.70
51987.30;-98.62
51990.23;-98.39
51993.16;-98.39
51996.09;-98.70
51999.02;-98.62
52001.95;-98.70
52004.88;-98.78
52007.81;-98.54
52010.74;-98.39
52013.67;-98.47
52016.60;-98.54
52019.53;-98.70
52022.46;-98.86
52025.39;-98.70
52028.32;-98.62
52031.25;-98.70
52034.18;-98.70
52037.11;-98.94
52040.04;-98.78
52042.97;-98.94
52045.90;-98.86
52048.83;-98.78
52051.76;-98.78
52054.69;-99.01
52057.62;-98.78
52060.55;-98.70
52063.48;-98.86
52066.41;-98.54
52069.34;-98.54
52072.27;-98.70
52075.20;-98.62
52078.13;-98.62
52081.05;-98.70
52083.98;-98.78
52086.91;-98.70
52089.84;-98.54
52092.77;-98.39
52095.70;-98.78
52098.63;-98.70
52101.56;-98.54
52104.49;-98.47
52107.42;-98.94
52110.35;-99.17
52113.28;-98.70
52116.21;-98.54
52119.14;-98.62
52122.07;-98.62
52125.00;-98.78
52127.93;-98.78
52130.86;-98.70
52133.79;-98.62
52136.72;-98.47
52139.65;-98.47
52142.58;-98.47
52145.51;-98.70
52148.44;-98.54
52151.37;-98.62
52154.30;-98.54
52157.23;-98.70
52160.16;-98.78
52163.09;-98.54
52166.02;-98.62
52168.95;-98.70
52171.88;-98.62
52174.80;-98.86
52177.73;-98.94
52180.66;-98.62
52183.59;-98.78
52186.52;-98.62
52189.45;-98.54
52192.38;-98.47
52195.31;-98.70
52198.24;-98.54
52201.17;-98.70
52204.10;-98.78
52207.03;-98.78
52209.96;-98.70
52212.89;-98.62
52215.82;-98.47
52218.75;-98.70
52221.68;-98.62
52224.61;-98.54
52227.54;-98.86
52230.47;-98.70
52233.40;-98.70
52236.33;-98.62
52239.26;-98.39
52242.19;-98.39
52245.12;-98.47
52248.05;-98.62
52250.98;-98.70
52253.91;-98.70
52256.84;-98.54
52259.77;-98.78
52262.70;-98.70
52265.63;-98.54
52268.55;-98.78
52271.48;-98.70
52274.41;-98.62
52277.34;-98.54
52280.27;-98.70
52283.20;-98.94
52286.13;-98.86
52289.06;-98.47
52291.99;-98.70
52294.92;-98.62
52297.85;-98.78
52300.78;-98.70
52303.71;-98.70
52306.64;-98.39
52309.57;-98.31
52312.50;-98.86
52315.43;-99.01
52318.36;-98.86
52321.29;-98.78
52324.22;-98.70
52327.15;-98.94
52330.08;-98.94
52333.01;-98.70
52335.94;-98.62
52338.87;-98.78
52341.80;-98.47
52344.73;-98.47
52347.66;-98.47
52350.59;-98.54
52353.52;-98.70
52356.45;-98.62
52359.38;-98.86
52362.30;-98.94
52365.23;-98.86
52368.16;-98.62
52371.09;-98.54
52374.02;-98.70
52376.95;-98.54
52379.88;-98.62
52382.81;-98.62
52385.74;-98.54
52388.67;-98.47
52391.60;-98.70
52394.53;-98.70
52397.46;-98.70
52400.39;-98.78
52403.32;-98.86
52406.25;-99.01
52409.18;-98.94
52412.11;-98.70
52415.04;-98.78
52417.97;-98.47
52420.90;-98.39
52423.83;-98.54
52426.76;-98.54
52429.69;-98.62
52432.62;-98.70
52435.55;-98.47
52438.48;-98.78
52441.41;-99.09
52444.34;-98.86
52447.27;-98.78
52450.20;-98.54
52453.13;-98.39
52456.05;-98.39
52458.98;-98.54
52461.91;-98.62
52464.84;-98.62
52467.77;-98.62
52470.70;-98.54
52473.63;-98.31
52476.56;-98.70
52479.49;-98.54
52482.42;-98.39
52485.35;-98.86
52488.28;-98.86
52491.21;-98.47
52494.14;-98.62
52497.07;-98.54
52500.00;-98.39
52502.93;-98.62
52505.86;-98.62
52508.79;-98.70
52511.72;-98.94
52514.65;-98.86
52517.58;-98.62
52520.51;-98.62
52523.44;-98.62
52526.37;-98.54
52529.30;-98.78
52532.23;-98.78
52535.16;-98.70
52538.09;-98.54
52541.02;-98.70
52543.95;-98.62
52546.88;-98.54
52549.80;-98.62
52552.73;-98.78
52555.66;-98.86
52558.59;-98.78
52561.52;-98.70
52564.45;-98.62
52567.38;-98.47
52570.31;-98.78
52573.24;-98.62
52576.17;-98.54
52579.10;-98.62
52582.03;-98.94
52584.96;-98.86
52587.89;-98.54
52590.82;-98.54
52593.75;-98.70
52596.68;-98.78
52599.61;-99.01
52602.54;-98.78
52605.47;-98.54
52608.40;-98.70
52611.33;-98.70
52614.26;-98.70
52617.19;-98.54
52620.12;-98.62
52623.05;-98.70
52625.98;-99.01
52628.91;-98.94
52631.84;-98.86
52634.77;-98.86
52637.70;-98.78
52640.63;-98.70
52643.55;-98.54
52646.48;-98.47
52649.41;-98.62
52652.34;-98.94
52655.27;-98.62
52658.20;-98.78
52661.13;-98.70
52664.06;-98.39
52666.99;-98.54
52669.92;-98.54
52672.85;-98.70
52675.78;-98.78
52678.71;-98.86
52681.64;-98.70
52684.57;-98.54
52687.50;-98.62
52690.43;-98.62
52693.36;-98.31
52696.29;-98.39
52699.22;-98.94
52702.15;-99.09
52705.08;-98.78
52708.01;-98.62
52710.94;-98.70
52713.87;-98.70
52716.80;-98.78
52719.73;-98.94
52722.66;-98.78
52725.59;-98.62
52728.52;-98.47
52731.45;-98.39
52734.38;-98.86
52737.30;-98.62
52740.23;-98.54
52743.16;-98.70
52746.09;-98.70
52749.02;-98.54
52751.95;-98.47
52754.88;-98.62
52757.81;-98.70
52760.74;-98.54
52763.67;-98.47
52766.60;-98.62
52769.53;-98.94
52772.46;-98.86
52775.39;-98.70
52778.32;-98.78
52781.25;-98.78
52784.18;-98.62
52787.11;-98.62
52790.04;-98.54
52792.97;-98.78
52795.90;-98.70
52798.83;-98.47
52801.76;-98.54
52804.69;-98.78
52807.62;-98.70
52810.55;-98.47
52813.48;-98.62
52816.41;-98.54
52819.34;-98.47
52822.27;-98.62
52825.20;-98.78
52828.13;-98.86
52831.05;-98.70
52833.98;-98.54
52836.91;-98.78
52839.84;-99.01
52842.77;-98.70
52845.70;-98.70
52848.63;-98.62
52851.56;-98.78
52854.49;-98.70
52857.42;-98.78
52860.35;-98.86
52863.28;-98.78
52866.21;-98.54
52869.14;-98.62
52872.07;-98.70
52875.00;-98.86
52877.93;-98.86
52880.86;-98.54
52883.79;-98.78
52886.72;-98.62
52889.65;-98.54
52892.58;-98.70
52895.51;-98.62
52898.44;-98.47
52901.37;-98.39
52904.30;-98.54
52907.23;-98.70
52910.16;-98.86
52913.09;-98.86
52916.02;-98.86
52918.95;-98.62
52921.88;-98.62
52924.80;-98.62
52927.73;-98.62
52930.66;-98.70
52933.59;-98.62
52936.52;-98.70
52939.45;-98.62
52942.38;-98.70
52945.31;-98.47
52948.24;-98.39
52951.17;-98.39
52954.10;-98.39
52957.03;-98.47
52959.96;-98.70
52962.89;-98.78
52965.82;-98.62
52968.75;-98.39
52971.68;-98.39
52974.61;-98.47
52977.54;-98.70
52980.47;-98.31
52983.40;-98.54
52986.33;-98.78
52989.26;-98.86
52992.19;-98.54
52995.12;-98.70
52998.05;-98.62
53000.98;-98.54
53003.91;-98.78
53006.84;-98.78
53009.77;-98.78
53012.70;-98.70
53015.63;-98.78
53018.55;-98.70
53021.48;-98.39
53024.41;-98.62
53027.34;-98.78
53030.27;-98.86
53033.20;-98.70
53036.13;-98.54
53039.06;-98.62
53041.99;-98.86
53044.92;-98.54
53047.85;-98.54
53050.78;-98.62
53053.71;-98.54
53056.64;-98.39
53059.57;-98.31
53062.50;-98.39
53065.43;-98.62
53068.36;-98.62
53071.29;-98.54
53074.22;-98.62
53077.15;-98.78
53080.08;-98.54
53083.01;-98.23
53085.94;-98.62
53088.87;-98.62
53091.80;-98.54
53094.73;-98.39
53097.66;-98.47
53100.59;-98.47
53103.52;-98.47
53106.45;-98.86
53109.38;-98.70
53112.30;-98.78
53115.23;-98.94
53118.16;-98.86
53121.09;-98.62
53124.02;-98.54
53126.95;-98.31
53129.88;-98.23
53132.81;-98.54
53135.74;-98.47
53138.67;-98.54
53141.60;-98.54
53144.53;-98.70
53147.46;-98.86
53150.39;-98.78
53153.32;-98.70
53156.25;-98.78
53159.18;-98.70
53162.11;-98.78
53165.04;-98.70
53167.97;-98.70
53170.90;-98.54
53173.83;-98.70
53176.76;-98.70
53179.69;-98.62
53182.62;-98.86
53185.55;-98.78
53188.48;-98.62
53191.41;-98.54
53194.34;-98.47
53197.27;-98.54
53200.20;-98.94
53203.13;-98.86
53206.05;-98.62
53208.98;-98.70
53211.91;-98.78
53214.84;-98.54
53217.77;-98.39
53220.70;-98.47
53223.63;-98.62
53226.56;-98.54
53229.49;-98.62
53232.42;-98.70
53235.35;-98.54
53238.28;-98.39
53241.21;-98.47
53244.14;-98.78
53247.07;-98.86
53250.00;-98.70
53252.93;-98.31
53255.86;-98.23
53258.79;-98.31
53261.72;-98.54
53264.65;-98.47
53267.58;-98.47
53270.51;-98.31
53273.44;-98.31
53276.37;-98.54
53279.30;-98.78
53282.23;-99.01
53285.16;-98.62
53288.09;-98.39
53291.02;-98.62
53293.95;-98.78
53296.88;-98.70
53299.80;-98.47
53302.73;-98.62
53305.66;-98.78
53308.59;-98.70
53311.52;-98.78
53314.45;-98.78
53317.38;-98.70
53320.31;-98.86
53323.24;-98.54
53326.17;-98.62
53329.10;-98.86
53332.03;-98.54
53334.96;-98.62
53337.89;-98.47
53340.82;-98.54
53343.75;-98.78
53346.68;-98.70
53349.61;-98.70
53352.54;-98.54
53355.47;-98.62
53358.40;-98.54
53361.33;-98.47
53364.26;-98.31
53367.19;-98.39
53370.12;-98.70
53373.05;-98.86
53375.98;-98.78
53378.91;-98.78
53381.84;-98.62
53384.77;-98.47
53387.70;-98.47
53390.63;-98.70
53393.55;-98.78
53396.48;-98.54
53399.41;-98.78
53402.34;-98.39
53405.27;-98.23
53408.20;-98.54
53411.13;-98.54
53414.06;-98.54
53416.99;-98.54
53419.92;-98.47
53422.85;-98.62
53425.78;-98.70
53428.71;-98.70
53431.64;-98.62
53434.57;-98.39
53437.50;-98.47
53440.43;-98.62
53443.36;-98.78
53446.29;-98.70
53449.22;-98.70
53452.15;-98.70
53455.08;-98.47
53458.01;-98.47
53460.94;-98.47
53463.87;-98.62
53466.80;-98.54
53469.73;-98.54
53472.66;-98.54
53475.59;-98.62
53478.52;-98.78
53481.45;-98.86
53484.38;-98.86
53487.30;-98.94
53490.23;-98.62
53493.16;-98.62
53496.09;-98.70
53499.02;-98.78
53501.95;-98.86
53504.88;-98.94
53507.81;-98.70
53510.74;-98.54
53513.67;-98.70
53516.60;-98.86
53519.53;-98.86
53522.46;-98.70
53525.39;-98.54
53528.32;-98.54
53531.25;-98.62
53534.18;-98.70
53537.11;-98.54
53540.04;-98.54
53542.97;-98.54
53545.90;-98.54
53548.83;-98.54
53551.76;-98.70
53554.69;-98.54
53557.62;-98.54
53560.55;-98.78
53563.48;-98.78
53566.41;-98.62
53569.34;-98.54
53572.27;-98.70
53575.20;-98.86
53578.13;-98.62
53581.05;-98.70
53583.98;-98.78
53586.91;-98.78
53589.84;-98.62
53592.77;-98.70
53595.70;-98.70
53598.63;-98.62
53601.56;-98.39
53604.49;-98.39
53607.42;-98.62
53610.35;-98.62
53613.28;-98.78
53616.21;-98.78
53619.14;-98.70
53622.07;-98.62
53625.00;-98.78
53627.93;-98.47
53630.86;-98.47
53633.79;-98.86
53636.72;-98.39
53639.65;-98.62
53642.58;-98.70
53645.51;-98.39
53648.44;-98.23
53651.37;-98.31
53654.30;-98.47
53657.23;-98.70
53660.16;-98.62
53663.09;-98.78
53666.02;-98.94
53668.95;-98.78
53671.88;-98.78
53674.80;-98.70
53677.73;-98.54
53680.66;-98.47
53683.59;-98.70
53686.52;-98.54
53689.45;-98.70
53692.38;-99.01
53695.31;-98.78
53698.24;-98.31
53701.17;-98.47
53704.10;-98.54
53707.03;-98.62
53709.96;-98.78
53712.89;-98.86
53715.82;-98.70
53718.75;-98.62
53721.68;-98.62
53724.61;-98.47
53727.54;-98.47
53730.47;-98.54
53733.40;-98.54
53736.33;-98.54
53739.26;-98.47
53742.19;-98.62
53745.12;-98.62
53748.05;-98.54
53750.98;-98.62
53753.91;-98.70
53756.84;-98.62
53759.77;-98.54
53762.70;-98.62
53765.63;-98.62
53768.55;-98.54
53771.48;-98.70
53774.41;-98.70
53777.34;-98.54
53780.27;-98.47
53783.20;-98.62
53786.13;-98.70
53789.06;-98.39
53791.99;-98.39
53794.92;-98.54
53797.85;-98.78
53800.78;-98.86
53803.71;-98.70
53806.64;-98.54
53809.57;-98.47
53812.50;-98.62
53815.43;-99.01
53818.36;-98.94
53821.29;-98.70
53824.22;-98.54
53827.15;-98.54
53830.08;-98.70
53833.01;-98.78
53835.94;-98.78
53838.87;-98.62
53841.80;-98.62
53844.73;-98.62
53847.66;-98.47
53850.59;-98.23
53853.52;-98.54
53856.45;-99.01
53859.38;-98.70
53862.30;-98.70
53865.23;-98.62
53868.16;-98.54
53871.09;-98.54
53874.02;-98.39
53876.95;-98.47
53879.88;-98.62
53882.81;-98.78
53885.74;-98.54
53888.67;-98.70
53891.60;-98.78
53894.53;-98.86
53897.46;-98.94
53900.39;-98.86
53903.32;-98.78
53906.25;-98.54
53909.18;-98.62
53912.11;-98.62
53915.04;-98.62
53917.97;-98.54
53920.90;-98.70
53923.83;-98.70
53926.76;-98.62
53929.69;-98.47
53932.62;-98.62
53935.55;-98.62
53938.48;-98.47
53941.41;-98.78
53944.34;-98.86
53947.27;-98.78
53950.20;-98.54
53953.13;-98.62
53956.05;-98.54
53958.98;-98.54
53961.91;-98.86
53964.84;-98.94
53967.77;-98.54
53970.70;-98.70
53973.63;-98.70
53976.56;-98.78
53979.49;-98.47
53982.42;-98.47
53985.35;-98.31
53988.28;-98.54
53991.21;-98.70
53994.14;-98.54
53997.07;-98.78
54000.00;-98.54
54002.93;-98.54
54005.86;-98.54
54008.79;-98.70
54011.72;-98.70
54014.65;-98.54
54017.58;-98.70
54020.51;-98.62
54023.44;-98.54
54026.37;-98.70
54029.30;-98.78
54032.23;-98.47
54035.16;-98.54
54038.09;-98.94
54041.02;-98.70
54043.95;-98.62
54046.88;-98.70
54049.80;-98.70
54052.73;-98.47
54055.66;-98.62
54058.59;-98.70
54061.52;-98.70
54064.45;-98.70
54067.38;-98.54
54070.31;-98.47
54073.24;-98.86
54076.17;-98.62
54079.10;-98.39
54082.03;-98.47
54084.96;-98.54
54087.89;-98.70
54090.82;-98.78
54093.75;-98.78
54096.68;-99.01
54099.61;-98.94
54102.54;-98.94
54105.47;-98.94
54108.40;-98.86
54111.33;-98.70
54114.26;-98.78
54117.19;-98.78
54120.12;-99.01
54123.05;-99.09
54125.98;-98.94
54128.91;-99.01
54131.84;-98.86
54134.77;-98.62
54137.70;-98.39
54140.63;-98.54
54143.55;-98.47
54146.48;-98.39
54149.41;-98.70
54152.34;-98.47
54155.27;-98.47
54158.20;-98.86
54161.13;-98.78
54164.06;-98.70
54166.99;-98.62
54169.92;-98.62
54172.85;-98.54
54175.78;-98.62
54178.71;-98.62
54181.64;-98.54
54184.57;-98.47
54187.50;-98.70
54190.43;-98.94
54193.36;-98.62
54196.29;-98.62
54199.22;-98.78
54202.15;-98.62
54205.08;-98.70
54208.01;-98.62
54210.94;-98.86
54213.87;-98.78
54216.80;-98.54
54219.73;-98.39
54222.66;-98.54
54225.59;-98.62
54228.52;-98.47
54231.45;-98.62
54234.38;-98.54
54237.30;-98.70
54240.23;-98.78
54243.16;-98.62
54246.09;-98.70
54249.02;-98.78
54251.95;-98.78
54254.88;-98.78
54257.81;-98.70
54260.74;-98.70
54263.67;-98.70
54266.60;-98.54
54269.53;-98.70
54272.46;-98.70
54275.39;-98.86
54278.32;-98.78
54281.25;-98.78
54284.18;-98.62
54287.11;-98.70
54290.04;-98.62
54292.97;-98.54
54295.90;-98.54
54298.83;-98.54
54301.76;-98.47
54304.69;-98.54
54307.62;-98.54
54310.55;-98.70
54313.48;-98.78
54316.41;-98.86
54319.34;-99.01
54322.27;-98.86
54325.20;-98.70
54328.13;-98.70
54331.05;-98.70
54333.98;-98.54
54336.91;-98.54
54339.84;-98.86
54342.77;-98.86
54345.70;-98.62
54348.63;-98.54
54351.56;-98.47
54354.49;-98.47
54357.42;-98.47
54360.35;-98.62
54363.28;-98.86
54366.21;-98.70
54369.14;-98.70
54372.07;-98.62
54375.00;-98.70
54377.93;-98.78
54380.86;-98.86
54383.79;-98.70
54386.72;-98.62
54389.65;-98.62
54392.58;-98.70
54395.51;-98.78
54398.44;-98.62
54401.37;-98.62
54404.30;-98.62
54407.23;-98.62
54410.16;-98.70
54413.09;-98.86
54416.02;-98.70
54418.95;-98.62
54421.88;-98.47
54424.80;-98.54
54427.73;-98.54
54430.66;-98.47
54433.59;-98.62
54436.52;-98.70
54439.45;-98.78
54442.38;-98.78
54445.31;-98.70
54448.24;-98.47
54451.17;-98.47
54454.10;-98.47
54457.03;-98.70
54459.96;-99.09
54462.89;-98.78
54465.82;-98.54
54468.75;-98.86
54471.68;-99.01
54474.61;-98.86
54477.54;-98.70
54480.47;-98.70
54483.40;-98.78
54486.33;-98.78
54489.26;-98.78
54492.19;-98.70
54495.12;-98.94
54498.05;-98.94
54500.98;-98.70
54503.91;-98.78
54506.84;-98.70
54509.77;-98.70
54512.70;-98.31
54515.63;-98.47
54518.55;-98.70
54521.48;-98.54
54524.41;-98.54
54527.34;-98.62
54530.27;-98.86
54533.20;-98.86
54536.13;-98.70
54539.06;-98.62
54541.99;-98.70
54544.92;-98.62
54547.85;-98.78
54550.78;-98.70
54553.71;-98.54
54556.64;-98.54
54559.57;-98.62
54562.50;-98.62
54565.43;-98.54
54568.36;-98.31
54571.29;-98.39
54574.22;-98.31
54577.15;-98.54
54580.08;-98.31
54583.01;-98.23
54585.94;-98.23
54588.87;-98.47
54591.80;-98.47
54594.73;-98.31
54597.66;-98.31
54600.59;-98.70
54603.52;-98.78
54606.45;-98.39
54609.38;-98.31
54612.30;-98.39
54615.23;-98.39
54618.16;-98.47
54621.09;-98.78
54624.02;-98.86
54626.95;-98.62
54629.88;-98.54
54632.81;-98.62
54635.74;-98.62
54638.67;-98.62
54641.60;-98.70
54644.53;-98.62
54647.46;-98.47
54650.39;-98.15
54653.32;-98.39
54656.25;-98.62
54659.18;-98.78
54662.11;-98.86
54665.04;-98.78
54667.97;-98.62
54670.90;-98.54
54673.83;-98.47
54676.76;-98.31
54679.69;-98.31
54682.62;-98.39
54685.55;-98.31
54688.48;-98.70
54691.41;-98.86
54694.34;-98.54
54697.27;-98.54
54700.20;-98.54
54703.13;-98.47
54706.05;-98.54
54708.98;-98.31
54711.91;-98.31
54714.84;-98.70
54717.77;-98.70
54720.70;-98.47
54723.63;-98.54
54726.56;-98.70
54729.49;-98.70
54732.42;-98.47
54735.35;-98.54
54738.28;-98.54
54741.21;-98.62
54744.14;-98.62
54747.07;-98.54
54750.00;-98.62
54752.93;-98.78
54755.86;-98.54
54758.79;-98.39
54761.72;-98.23
54764.65;-98.47
54767.58;-98.47
54770.51;-98.47
54773.44;-98.70
54776.37;-98.78
54779.30;-98.78
54782.23;-98.86
54785.16;-98.78
54788.09;-98.62
54791.02;-98.47
54793.95;-98.62
54796.88;-98.62
54799.80;-98.62
54802.73;-98.78
54805.66;-98.70
54808.59;-98.70
54811.52;-98.47
54814.45;-98.62
54817.38;-98.47
54820.31;-98.54
54823.24;-98.54
54826.17;-98.62
54829.10;-98.54
54832.03;-98.47
54834.96;-98.39
54837.89;-98.47
54840.82;-98.31
54843.75;-98.54
54846.68;-98.54
54849.61;-98.78
54852.54;-98.94
54855.47;-99.01
54858.40;-98.70
54861.33;-98.62
54864.26;-98.70
54867.19;-98.54
54870.12;-98.39
54873.05;-98.54
54875.98;-98.54
54878.91;-99.01
54881.84;-98.70
54884.77;-98.54
54887.70;-98.47
54890.63;-98.31
54893.55;-98.39
54896.48;-98.47
54899.41;-98.54
54902.34;-98.70
54905.27;-98.62
54908.20;-98.62
54911.13;-98.54
54914.06;-98.62
54916.99;-98.78
54919.92;-98.62
54922.85;-98.70
54925.78;-98.62
54928.71;-98.39
54931.64;-98.47
54934.57;-98.62
54937.50;-98.78
54940.43;-98.62
54943.36;-98.62
54946.29;-98.62
54949.22;-98.78
54952.15;-98.78
54955.08;-98.70
54958.01;-98.54
54960.94;-98.47
54963.87;-98.62
54966.80;-98.86
54969.73;-99.09
54972.66;-98.70
54975.59;-98.39
54978.52;-98.54
54981.45;-98.47
54984.38;-98.47
54987.30;-98.86
54990.23;-99.01
54993.16;-98.78
54996.09;-98.70
54999.02;-98.78
55001.95;-99.01
55004.88;-99.01
55007.81;-98.86
55010.74;-98.62
55013.67;-98.54
55016.60;-98.62
55019.53;-98.54
55022.46;-98.62
55025.39;-98.70
55028.32;-98.70
55031.25;-98.47
55034.18;-98.62
55037.11;-98.78
55040.04;-98.54
55042.97;-98.78
55045.90;-98.62
55048.83;-98.47
55051.76;-98.39
55054.69;-98.39
55057.62;-98.62
55060.55;-98.86
55063.48;-98.39
55066.41;-98.39
55069.34;-98.70
55072.27;-98.78
55075.20;-98.86
55078.13;-98.70
55081.05;-98.47
55083.98;-98.47
55086.91;-98.70
55089.84;-98.78
55092.77;-98.54
55095.70;-98.54
55098.63;-98.62
55101.56;-98.54
55104.49;-98.54
55107.42;-98.62
55110.35;-98.78
55113.28;-98.62
55116.21;-98.78
55119.14;-98.70
55122.07;-98.54
55125.00;-98.54
55127.93;-98.70
55130.86;-98.78
55133.79;-98.78
55136.72;-98.62
55139.65;-98.78
55142.58;-98.78
55145.51;-98.47
55148.44;-98.31
55151.37;-98.54
55154.30;-98.31
55157.23;-98.23
55160.16;-98.47
55163.09;-98.70
55166.02;-98.94
55168.95;-98.94
55171.88;-98.70
55174.80;-98.54
55177.73;-98.78
55180.66;-98.94
55183.59;-98.70
55186.52;-98.70
55189.45;-98.54
55192.38;-98.47
55195.31;-98.62
55198.24;-98.70
55201.17;-98.86
55204.10;-98.62
55207.03;-98.62
55209.96;-98.47
55212.89;-98.78
55215.82;-98.70
55218.75;-98.54
55221.68;-98.39
55224.61;-98.47
55227.54;-98.54
55230.47;-98.39
55233.40;-98.47
55236.33;-98.47
55239.26;-98.62
55242.19;-98.62
55245.12;-98.47
55248.05;-98.23
55250.98;-98.62
55253.91;-98.70
55256.84;-98.70
55259.77;-98.78
55262.70;-98.54
55265.63;-98.47
55268.55;-98.62
55271.48;-98.47
55274.41;-98.54
55277.34;-98.47
55280.27;-98.62
55283.20;-98.70
55286.13;-99.01
55289.06;-98.70
55291.99;-98.54
55294.92;-98.62
55297.85;-98.54
55300.78;-98.62
55303.71;-98.47
55306.64;-98.23
55309.57;-98.47
55312.50;-98.54
55315.43;-98.54
55318.36;-98.47
55321.29;-98.31
55324.22;-98.31
55327.15;-98.62
55330.08;-98.62
55333.01;-98.62
55335.94;-98.62
55338.87;-98.54
55341.80;-98.94
55344.73;-98.62
55347.66;-98.70
55350.59;-98.86
55353.52;-98.54
55356.45;-98.54
55359.38;-98.62
55362.30;-98.86
55365.23;-98.54
55368.16;-98.47
55371.09;-98.54
55374.02;-98.70
55376.95;-98.86
55379.88;-98.86
55382.81;-98.78
55385.74;-98.47
55388.67;-98.62
55391.60;-98.54
55394.53;-98.47
55397.46;-98.54
55400.39;-98.78
55403.32;-98.62
55406.25;-98.54
55409.18;-98.70
55412.11;-98.70
55415.04;-98.47
55417.97;-98.86
55420.90;-98.86
55423.83;-98.62
55426.76;-98.54
55429.69;-98.62
55432.62;-98.70
55435.55;-98.70
55438.48;-98.54
55441.41;-98.47
55444.34;-98.54
55447.27;-98.62
55450.20;-98.54
55453.13;-98.54
55456.05;-98.62
55458.98;-98.62
55461.91;-98.70
55464.84;-98.62
55467.77;-98.47
55470.70;-98.31
55473.63;-98.78
55476.56;-98.62
55479.49;-98.39
55482.42;-98.62
55485.35;-98.78
55488.28;-98.94
55491.21;-98.86
55494.14;-98.47
55497.07;-98.62
55500.00;-98.54
55502.93;-98.31
55505.86;-98.62
55508.79;-98.70
55511.72;-98.62
55514.65;-98.47
55517.58;-98.54
55520.51;-98.31
55523.44;-98.31
55526.37;-98.39
55529.30;-98.62
55532.23;-98.78
55535.16;-98.47
55538.09;-98.70
55541.02;-98.54
55543.95;-98.31
55546.88;-98.47
55549.80;-98.70
55552.73;-98.47
55555.66;-98.62
55558.59;-98.62
55561.52;-98.78
55564.45;-98.78
55567.38;-98.78
55570.31;-98.78
55573.24;-98.86
55576.17;-99.01
55579.10;-98.86
55582.03;-98.54
55584.96;-98.39
55587.89;-98.62
55590.82;-98.86
55593.75;-98.70
55596.68;-98.47
55599.61;-98.39
55602.54;-98.47
55605.47;-98.86
55608.40;-98.78
55611.33;-98.54
55614.26;-98.62
55617.19;-98.94
55620.12;-99.09
55623.05;-99.09
55625.98;-98.62
55628.91;-98.54
55631.84;-98.62
55634.77;-98.47
55637.70;-98.47
55640.63;-98.54
55643.55;-98.78
55646.48;-98.70
55649.41;-98.70
55652.34;-98.62
55655.27;-98.78
55658.20;-98.86
55661.13;-98.70
55664.06;-98.47
55666.99;-98.39
55669.92;-98.70
55672.85;-98.62
55675.78;-98.54
55678.71;-98.54
55681.64;-98.39
55684.57;-98.39
55687.50;-98.62
55690.43;-98.62
55693.36;-98.54
55696.29;-98.47
55699.22;-98.39
55702.15;-98.54
55705.08;-98.39
55708.01;-98.54
55710.94;-98.62
55713.87;-98.47
55716.80;-98.47
55719.73;-98.47
55722.66;-98.94
55725.59;-99.01
55728.52;-98.62
55731.45;-98.86
55734.38;-98.78
55737.30;-98.78
55740.23;-98.70
55743.16;-98.94
55746.09;-98.86
55749.02;-98.54
55751.95;-98.78
55754.88;-98.62
55757.81;-98.54
55760.74;-98.62
55763.67;-98.54
55766.60;-98.70
55769.53;-98.62
55772.46;-98.62
55775.39;-98.62
55778.32;-98.54
55781.25;-98.70
55784.18;-98.78
55787.11;-98.86
55790.04;-98.62
55792.97;-98.23
55795.90;-98.62
55798.83;-98.70
55801.76;-99.09
55804.69;-98.70
55807.62;-98.39
55810.55;-98.47
55813.48;-98.70
55816.41;-98.54
55819.34;-98.62
55822.27;-98.78
55825.20;-98.70
55828.13;-98.62
55831.05;-98.62
55833.98;-98.70
55836.91;-98.86
55839.84;-98.78
55842.77;-98.47
55845.70;-98.62
55848.63;-98.78
55851.56;-98.86
55854.49;-98.78
55857.42;-98.78
55860.35;-98.70
55863.28;-98.62
55866.21;-98.54
55869.14;-98.70
55872.07;-98.62
55875.00;-98.70
55877.93;-98.54
55880.86;-98.47
55883.79;-98.62
55886.72;-98.39
55889.65;-98.54
55892.58;-98.62
55895.51;-98.62
55898.44;-98.54
55901.37;-98.47
55904.30;-98.39
55907.23;-98.31
55910.16;-98.39
55913.09;-98.39
55916.02;-98.47
55918.95;-98.47
55921.88;-98.54
55924.80;-98.47
55927.73;-98.47
55930.66;-98.70
55933.59;-98.54
55936.52;-98.62
55939.45;-98.54
55942.38;-98.47
55945.31;-98.54
55948.24;-98.62
55951.17;-98.47
55954.10;-98.23
55957.03;-98.62
55959.96;-98.70
55962.89;-98.78
55965.82;-98.70
55968.75;-98.70
55971.68;-98.86
55974.61;-98.70
55977.54;-98.62
55980.47;-98.70
55983.40;-98.54
55986.33;-98.47
55989.26;-98.47
55992.19;-98.62
55995.12;-98.86
55998.05;-98.54
56000.98;-98.62
56003.91;-98.54
56006.84;-98.31
56009.77;-98.39
56012.70;-98.54
56015.63;-98.70
56018.55;-98.54
56021.48;-98.31
56024.41;-98.47
56027.34;-98.78
56030.27;-98.54
56033.20;-98.39
56036.13;-98.54
56039.06;-98.70
56041.99;-98.47
56044.92;-98.39
56047.85;-98.78
56050.78;-98.86
56053.71;-98.78
56056.64;-98.62
56059.57;-98.54
56062.50;-98.54
56065.43;-98.78
56068.36;-98.86
56071.29;-98.70
56074.22;-98.70
56077.15;-98.78
56080.08;-98.78
56083.01;-98.54
56085.94;-98.39
56088.87;-98.70
56091.80;-98.78
56094.73;-98.47
56097.66;-98.54
56100.59;-98.47
56103.52;-98.47
56106.45;-98.62
56109.38;-98.62
56112.30;-98.70
56115.23;-98.47
56118.16;-98.47
56121.09;-98.54
56124.02;-98.39
56126.95;-98.08
56129.88;-98.39
56132.81;-98.54
56135.74;-98.47
56138.67;-98.47
56141.60;-98.62
56144.53;-98.54
56147.46;-98.31
56150.39;-98.47
56153.32;-98.62
56156.25;-98.70
56159.18;-98.78
56162.11;-98.54
56165.04;-98.62
56167.97;-98.54
56170.90;-98.39
56173.83;-98.39
56176.76;-98.54
56179.69;-98.62
56182.62;-98.62
56185.55;-98.62
56188.48;-98.54
56191.41;-98.15
56194.34;-98.39
56197.27;-98.70
56200.20;-98.70
56203.13;-98.39
56206.05;-98.39
56208.98;-98.47
56211.91;-98.39
56214.84;-98.39
56217.77;-98.47
56220.70;-98.47
56223.63;-98.47
56226.56;-98.47
56229.49;-98.31
56232.42;-98.47
56235.35;-98.62
56238.28;-98.62
56241.21;-98.47
56244.14;-98.31
56247.07;-98.47
56250.00;-98.62
56252.93;-98.47
56255.86;-98.23
56258.79;-98.47
56261.72;-98.78
56264.65;-98.78
56267.58;-98.78
56270.51;-98.54
56273.44;-98.23
56276.37;-98.47
56279.30;-98.54
56282.23;-98.47
56285.16;-98.86
56288.09;-98.78
56291.02;-98.54
56293.95;-98.47
56296.88;-98.39
56299.80;-98.62
56302.73;-98.39
56305.66;-98.54
56308.59;-98.62
56311.52;-98.62
56314.45;-98.70
56317.38;-98.47
56320.31;-98.47
56323.24;-98.70
56326.17;-98.54
56329.10;-98.47
56332.03;-98.31
56334.96;-98.15
56337.89;-98.31
56340.82;-98.62
56343.75;-98.70
56346.68;-98.47
56349.61;-98.39
56352.54;-98.39
56355.47;-98.39
56358.40;-98.39
56361.33;-98.54
56364.26;-98.39
56367.19;-98.31
56370.12;-98.31
56373.05;-98.54
56375.98;-98.31
56378.91;-98.54
56381.84;-98.62
56384.77;-98.54
56387.70;-98.47
56390.63;-98.47
56393.55;-98.62
56396.48;-98.78
56399.41;-98.70
56402.34;-98.70
56405.27;-98.62
56408.20;-98.47
56411.13;-98.39
56414.06;-98.62
56416.99;-98.78
56419.92;-98.78
56422.85;-98.70
56425.78;-98.86
56428.71;-98.78
56431.64;-98.70
56434.57;-98.62
56437.50;-98.54
56440.43;-98.15
56443.36;-98.15
56446.29;-98.39
56449.22;-98.62
56452.15;-98.70
56455.08;-98.54
56458.01;-98.39
56460.94;-98.70
56463.87;-98.54
56466.80;-98.39
56469.73;-98.47
56472.66;-98.78
56475.59;-98.78
56478.52;-98.47
56481.45;-98.31
56484.38;-98.62
56487.30;-98.62
56490.23;-98.54
56493.16;-98.54
56496.09;-98.47
56499.02;-98.23
56501.95;-98.47
56504.88;-98.86
56507.81;-98.86
56510.74;-98.54
56513.67;-98.86
56516.60;-98.70
56519.53;-98.54
56522.46;-98.31
56525.39;-98.54
56528.32;-98.62
56531.25;-98.47
56534.18;-98.54
56537.11;-98.47
56540.04;-98.54
56542.97;-98.78
56545.90;-98.78
56548.83;-98.47
56551.76;-98.47
56554.69;-98.62
56557.62;-98.62
56560.55;-98.54
56563.48;-98.62
56566.41;-98.47
56569.34;-98.47
56572.27;-98.62
56575.20;-98.47
56578.13;-98.39
56581.05;-98.62
56583.98;-98.70
56586.91;-98.70
56589.84;-98.62
56592.77;-98.47
56595.70;-98.23
56598.63;-98.39
56601.56;-98.47
56604.49;-98.47
56607.42;-98.62
56610.35;-98.54
56613.28;-98.31
56616.21;-98.54
56619.14;-98.39
56622.07;-98.78
56625.00;-98.54
56627.93;-98.54
56630.86;-98.54
56633.79;-98.54
56636.72;-98.54
56639.65;-98.62
56642.58;-98.54
56645.51;-98.15
56648.44;-98.39
56651.37;-98.62
56654.30;-98.54
56657.23;-98.54
56660.16;-98.62
56663.09;-98.62
56666.02;-98.78
56668.95;-98.54
56671.88;-98.47
56674.80;-98.62
56677.73;-98.54
56680.66;-98.31
56683.59;-98.39
56686.52;-98.47
56689.45;-98.47
56692.38;-98.47
56695.31;-98.54
56698.24;-98.47
56701.17;-98.47
56704.10;-98.54
56707.03;-98.15
56709.96;-98.39
56712.89;-98.39
56715.82;-98.47
56718.75;-98.47
56721.68;-98.62
56724.61;-98.70
56727.54;-98.47
56730.47;-98.70
56733.40;-98.39
56736.33;-98.47
56739.26;-98.86
56742.19;-98.62
56745.12;-98.54
56748.05;-98.54
56750.98;-98.54
56753.91;-98.54
56756.84;-98.86
56759.77;-98.70
56762.70;-98.62
56765.63;-98.47
56768.55;-98.47
56771.48;-98.54
56774.41;-98.62
56777.34;-98.39
56780.27;-98.39
56783.20;-98.70
56786.13;-98.39
56789.06;-98.54
56791.99;-98.70
56794.92;-98.62
56797.85;-98.39
56800.78;-98.62
56803.71;-98.54
56806.64;-98.86
56809.57;-98.39
56812.50;-98.47
56815.43;-98.47
56818.36;-98.62
56821.29;-98.62
56824.22;-98.54
56827.15;-98.70
56830.08;-98.47
56833.01;-98.54
56835.94;-98.78
56838.87;-98.70
56841.80;-98.62
56844.73;-98.78
56847.66;-98.78
56850.59;-98.62
56853.52;-98.62
56856.45;-98.54
56859.38;-98.23
56862.30;-98.39
56865.23;-98.23
56868.16;-98.39
56871.09;-98.54
56874.02;-98.54
56876.95;-98.54
56879.88;-98.54
56882.81;-98.23
56885.74;-98.31
56888.67;-98.39
56891.60;-98.62
56894.53;-98.62
56897.46;-98.54
56900.39;-98.47
56903.32;-98.54
56906.25;-98.54
56909.18;-98.39
56912.11;-98.78
56915.04;-98.78
56917.97;-98.62
56920.90;-98.62
56923.83;-98.70
56926.76;-98.47
56929.69;-98.23
56932.62;-98.54
56935.55;-98.62
56938.48;-98.62
56941.41;-98.54
56944.34;-98.70
56947.27;-98.54
56950.20;-98.62
56953.13;-98.47
56956.05;-98.70
56958.98;-98.78
56961.91;-98.62
56964.84;-98.31
56967.77;-98.47
56970.70;-98.70
56973.63;-98.70
56976.56;-98.62
56979.49;-98.78
56982.42;-98.86
56985.35;-98.62
56988.28;-98.62
56991.21;-98.31
56994.14;-98.31
56997.07;-98.39
57000.00;-98.47
57002.93;-98.47
57005.86;-98.70
57008.79;-98.39
57011.72;-98.23
57014.65;-98.54
57017.58;-98.70
57020.51;-98.70
57023.44;-98.78
57026.37;-98.47
57029.30;-98.31
57032.23;-98.23
57035.16;-98.39
57038.09;-98.54
57041.02;-98.70
57043.95;-98.86
57046.88;-98.94
57049.80;-98.47
57052.73;-98.31
57055.66;-98.39
57058.59;-98.62
57061.52;-98.62
57064.45;-98.54
57067.38;-98.39
57070.31;-98.39
57073.24;-98.54
57076.17;-98.70
57079.10;-98.62
57082.03;-98.39
57084.96;-98.54
57087.89;-98.70
57090.82;-98.70
57093.75;-98.62
57096.68;-98.62
57099.61;-98.54
57102.54;-98.39
57105.47;-98.54
57108.40;-98.78
57111.33;-98.78
57114.26;-98.70
57117.19;-98.39
57120.12;-98.62
57123.05;-98.78
57125.98;-98.31
57128.91;-98.54
57131.84;-98.70
57134.77;-98.62
57137.70;-98.62
57140.63;-98.70
57143.55;-98.54
57146.48;-98.47
57149.41;-98.47
57152.34;-98.54
57155.27;-98.70
57158.20;-98.54
57161.13;-98.70
57164.06;-98.54
57166.99;-98.62
57169.92;-98.54
57172.85;-98.54
57175.78;-98.54
57178.71;-98.78
57181.64;-98.86
57184.57;-98.78
57187.50;-98.62
57190.43;-98.78
57193.36;-98.70
57196.29;-98.70
57199.22;-98.47
57202.15;-98.47
57205.08;-98.47
57208.01;-98.54
57210.94;-98.62
57213.87;-98.62
57216.80;-98.86
57219.73;-98.86
57222.66;-98.54
57225.59;-98.23
57228.52;-98.39
57231.45;-98.78
57234.38;-98.78
57237.30;-98.54
57240.23;-98.86
57243.16;-98.70
57246.09;-98.47
57249.02;-98.54
57251.95;-98.78
57254.88;-98.54
57257.81;-98.47
57260.74;-98.54
57263.67;-98.62
57266.60;-98.47
57269.53;-98.62
57272.46;-98.54
57275.39;-98.62
57278.32;-98.78
57281.25;-98.62
57284.18;-98.62
57287.11;-98.86
57290.04;-98.78
57292.97;-98.54
57295.90;-98.70
57298.83;-98.70
57301.76;-98.70
57304.69;-98.47
57307.62;-98.62
57310.55;-98.39
57313.48;-98.62
57316.41;-98.86
57319.34;-98.47
57322.27;-98.62
57325.20;-98.78
57328.13;-98.86
57331.05;-98.70
57333.98;-98.62
57336.91;-98.31
57339.84;-98.31
57342.77;-98.54
57345.70;-98.54
57348.63;-98.47
57351.56;-98.47
57354.49;-98.70
57357.42;-98.62
57360.35;-98.54
57363.28;-98.54
57366.21;-98.31
57369.14;-98.62
57372.07;-98.62
57375.00;-98.70
57377.93;-98.62
57380.86;-98.39
57383.79;-98.39
57386.72;-98.62
57389.65;-98.62
57392.58;-98.54
57395.51;-98.78
57398.44;-98.54
57401.37;-98.54
57404.30;-98.70
57407.23;-98.62
57410.16;-98.70
57413.09;-98.78
57416.02;-98.78
57418.95;-98.78
57421.88;-98.70
57424.80;-98.78
57427.73;-98.78
57430.66;-98.70
57433.59;-98.31
57436.52;-98.62
57439.45;-98.78
57442.38;-99.01
57445.31;-98.94
57448.24;-98.47
57451.17;-98.39
57454.10;-98.54
57457.03;-98.70
57459.96;-98.62
57462.89;-98.47
57465.82;-98.39
57468.75;-98.70
57471.68;-98.54
57474.61;-98.62
57477.54;-98.70
57480.47;-98.54
57483.40;-98.39
57486.33;-98.47
57489.26;-98.70
57492.19;-98.70
57495.12;-98.47
57498.05;-98.62
57500.98;-98.70
57503.91;-98.78
57506.84;-98.70
57509.77;-98.54
57512.70;-98.54
57515.63;-98.54
57518.55;-98.78
57521.48;-98.70
57524.41;-98.70
57527.34;-98.39
57530.27;-98.39
57533.20;-98.39
57536.13;-98.54
57539.06;-98.54
57541.99;-98.62
57544.92;-98.78
57547.85;-98.70
57550.78;-98.70
57553.71;-98.70
57556.64;-98.78
57559.57;-98.94
57562.50;-98.70
57565.43;-98.78
57568.36;-98.78
57571.29;-98.62
57574.22;-98.70
57577.15;-98.70
57580.08;-98.54
57583.01;-98.70
57585.94;-98.70
57588.87;-98.70
57591.80;-98.62
57594.73;-98.70
57597.66;-98.62
57600.59;-98.54
57603.52;-98.62
57606.45;-98.78
57609.38;-98.70
57612.30;-98.54
57615.23;-98.62
57618.16;-98.62
57621.09;-98.47
57624.02;-98.54
57626.95;-98.70
57629.88;-98.70
57632.81;-98.62
57635.74;-98.54
57638.67;-98.54
57641.60;-98.54
57644.53;-98.54
57647.46;-98.62
57650.39;-98.70
57653.32;-98.86
57656.25;-98.54
57659.18;-98.78
57662.11;-98.78
57665.04;-98.62
57667.97;-98.54
57670.90;-98.70
57673.83;-98.54
57676.76;-98.54
57679.69;-98.39
57682.62;-98.31
57685.55;-98.31
57688.48;-98.31
57691.41;-98.54
57694.34;-98.54
57697.27;-98.39
57700.20;-98.62
57703.13;-98.86
57706.05;-98.54
57708.98;-98.47
57711.91;-98.47
57714.84;-98.54
57717.77;-98.54
57720.70;-98.54
57723.63;-98.54
57726.56;-98.54
57729.49;-98.78
57732.42;-98.47
57735.35;-98.62
57738.28;-98.54
57741.21;-98.62
57744.14;-98.94
57747.07;-98.86
57750.00;-98.78
57752.93;-98.62
57755.86;-98.39
57758.79;-98.54
57761.72;-98.62
57764.65;-98.54
57767.58;-98.62
57770.51;-98.86
57773.44;-98.94
57776.37;-98.62
57779.30;-98.70
57782.23;-98.78
57785.16;-98.78
57788.09;-98.78
57791.02;-98.47
57793.95;-98.31
57796.88;-98.23
57799.80;-98.54
57802.73;-98.86
57805.66;-98.70
57808.59;-98.39
57811.52;-98.39
57814.45;-98.47
57817.38;-98.78
57820.31;-98.62
57823.24;-98.54
57826.17;-98.54
57829.10;-98.62
57832.03;-98.70
57834.96;-98.70
57837.89;-98.62
57840.82;-98.62
57843.75;-98.62
57846.68;-98.78
57849.61;-98.70
57852.54;-98.54
57855.47;-98.70
57858.40;-98.54
57861.33;-98.39
57864.26;-98.54
57867.19;-98.31
57870.12;-98.39
57873.05;-98.70
57875.98;-98.70
57878.91;-98.62
57881.84;-98.47
57884.77;-98.54
57887.70;-98.47
57890.63;-98.47
57893.55;-98.70
57896.48;-98.94
57899.41;-98.62
57902.34;-98.62
57905.27;-98.78
57908.20;-98.70
57911.13;-98.47
57914.06;-98.62
57916.99;-98.70
57919.92;-98.70
57922.85;-98.62
57925.78;-98.54
57928.71;-98.47
57931.64;-98.47
57934.57;-98.39
57937.50;-98.47
57940.43;-98.39
57943.36;-98.70
57946.29;-98.78
57949.22;-98.39
57952.15;-98.54
57955.08;-98.78
57958.01;-98.62
57960.94;-98.39
57963.87;-98.70
57966.80;-98.94
57969.73;-98.62
57972.66;-98.54
57975.59;-98.54
57978.52;-98.39
57981.45;-98.54
57984.38;-98.31
57987.30;-98.39
57990.23;-98.54
57993.16;-98.39
57996.09;-98.70
57999.02;-98.78
58001.95;-98.70
58004.88;-98.70
58007.81;-98.94
58010.74;-98.86
58013.67;-98.62
58016.60;-98.62
58019.53;-98.78
58022.46;-98.78
58025.39;-98.47
58028.32;-98.47
58031.25;-98.62
58034.18;-98.86
58037.11;-98.78
58040.04;-98.78
58042.97;-98.54
58045.90;-98.47
58048.83;-98.62
58051.76;-98.47
58054.69;-98.47
58057.62;-98.62
58060.55;-98.70
58063.48;-98.78
58066.41;-98.70
58069.34;-98.62
58072.27;-98.54
58075.20;-98.47
58078.13;-98.70
58081.05;-98.78
58083.98;-98.47
58086.91;-98.39
58089.84;-98.62
58092.77;-98.70
58095.70;-98.54
58098.63;-98.62
58101.56;-98.62
58104.49;-98.47
58107.42;-98.54
58110.35;-98.78
58113.28;-98.54
58116.21;-98.62
58119.14;-98.62
58122.07;-98.62
58125.00;-98.47
58127.93;-98.47
58130.86;-98.54
58133.79;-98.54
58136.72;-98.62
58139.65;-98.70
58142.58;-98.47
58145.51;-98.47
58148.44;-98.62
58151.37;-98.62
58154.30;-98.62
58157.23;-98.70
58160.16;-98.47
58163.09;-98.47
58166.02;-98.78
58168.95;-98.70
58171.88;-98.54
58174.80;-98.47
58177.73;-98.78
58180.66;-98.62
58183.59;-98.47
58186.52;-98.39
58189.45;-98.39
58192.38;-98.47
58195.31;-98.62
58198.24;-98.62
58201.17;-98.54
58204.10;-98.62
58207.03;-98.62
58209.96;-98.47
58212.89;-98.47
58215.82;-98.54
58218.75;-98.70
58221.68;-98.62
58224.61;-98.39
58227.54;-98.31
58230.47;-98.31
58233.40;-98.54
58236.33;-98.86
58239.26;-98.54
58242.19;-98.39
58245.12;-98.47
58248.05;-98.62
58250.98;-98.62
58253.91;-98.70
58256.84;-98.54
58259.77;-98.62
58262.70;-99.01
58265.63;-98.54
58268.55;-98.15
58271.48;-98.47
58274.41;-98.54
58277.34;-98.47
58280.27;-98.31
58283.20;-98.39
58286.13;-98.86
58289.06;-98.94
58291.99;-98.70
58294.92;-98.62
58297.85;-98.78
58300.78;-98.86
58303.71;-98.62
58306.64;-98.62
58309.57;-98.62
58312.50;-98.47
58315.43;-98.70
58318.36;-98.54
58321.29;-98.31
58324.22;-98.70
58327.15;-98.70
58330.08;-98.54
58333.01;-98.62
58335.94;-98.62
58338.87;-98.62
58341.80;-98.54
58344.73;-98.54
58347.66;-98.54
58350.59;-98.47
58353.52;-98.47
58356.45;-98.54
58359.38;-98.78
58362.30;-98.62
58365.23;-98.54
58368.16;-98.54
58371.09;-98.70
58374.02;-98.86
58376.95;-98.86
58379.88;-98.47
58382.81;-98.54
58385.74;-98.54
58388.67;-98.54
58391.60;-98.47
58394.53;-98.62
58397.46;-98.70
58400.39;-98.70
58403.32;-98.39
58406.25;-98.47
58409.18;-98.47
58412.11;-98.54
58415.04;-98.47
58417.97;-98.47
58420.90;-98.62
58423.83;-98.62
58426.76;-98.62
58429.69;-98.54
58432.62;-98.54
58435.55;-98.39
58438.48;-98.54
58441.41;-98.31
58444.34;-98.15
58447.27;-98.47
58450.20;-98.86
58453.13;-98.78
58456.05;-98.39
58458.98;-98.62
58461.91;-98.62
58464.84;-98.62
58467.77;-98.62
58470.70;-98.31
58473.63;-98.47
58476.56;-98.62
58479.49;-98.70
58482.42;-98.54
58485.35;-98.39
58488.28;-98.31
58491.21;-98.54
58494.14;-98.54
58497.07;-98.70
58500.00;-98.94
58502.93;-98.86
58505.86;-98.62
58508.79;-98.54
58511.72;-98.47
58514.65;-98.31
58517.58;-98.39
58520.51;-98.39
58523.44;-98.31
58526.37;-98.39
58529.30;-98.78
58532.23;-98.70
58535.16;-98.54
58538.09;-98.54
58541.02;-98.54
58543.95;-98.54
58546.88;-98.47
58549.80;-98.54
58552.73;-98.47
58555.66;-98.70
58558.59;-98.62
58561.52;-98.70
58564.45;-98.54
58567.38;-98.47
58570.31;-98.31
58573.24;-98.31
58576.17;-98.39
58579.10;-98.54
58582.03;-98.54
58584.96;-98.62
58587.89;-98.39
58590.82;-98.08
58593.75;-98.39
58596.68;-98.47
58599.61;-98.47
58602.54;-98.70
58605.47;-98.70
58608.40;-98.62
58611.33;-98.62
58614.26;-98.54
58617.19;-98.15
58620.12;-98.47
58623.05;-98.94
58625.98;-98.86
58628.91;-98.62
58631.84;-98.70
58634.77;-98.47
58637.70;-98.62
58640.63;-98.86
58643.55;-98.62
58646.48;-98.23
58649.41;-98.39
58652.34;-98.39
58655.27;-98.54
58658.20;-98.78
58661.13;-98.62
58664.06;-98.78
58666.99;-98.78
58669.92;-98.70
58672.85;-98.54
58675.78;-98.62
58678.71;-98.70
58681.64;-98.39
58684.57;-98.47
58687.50;-98.39
58690.43;-98.62
58693.36;-98.86
58696.29;-98.54
58699.22;-98.62
58702.15;-98.70
58705.08;-98.62
58708.01;-98.47
58710.94;-98.47
58713.87;-98.54
58716.80;-98.54
58719.73;-98.78
58722.66;-98.86
58725.59;-98.70
58728.52;-98.54
58731.45;-98.23
58734.38;-98.54
58737.30;-98.47
58740.23;-98.23
58743.16;-98.47
58746.09;-98.62
58749.02;-98.86
58751.95;-98.70
58754.88;-98.70
58757.81;-98.54
58760.74;-98.70
58763.67;-98.54
58766.60;-98.54
58769.53;-98.86
58772.46;-98.47
58775.39;-98.39
58778.32;-98.39
58781.25;-98.39
58784.18;-98.47
58787.11;-98.23
58790.04;-98.62
58792.97;-98.54
58795.90;-98.39
58798.83;-98.47
58801.76;-98.39
58804.69;-98.31
58807.62;-98.39
58810.55;-98.54
58813.48;-98.62
58816.41;-98.70
58819.34;-98.70
58822.27;-98.31
58825.20;-98.47
58828.13;-98.31
58831.05;-98.39
58833.98;-98.78
58836.91;-98.86
58839.84;-98.47
58842.77;-98.23
58845.70;-98.39
58848.63;-98.70
58851.56;-98.62
58854.49;-98.62
58857.42;-98.70
58860.35;-98.54
58863.28;-98.78
58866.21;-98.78
58869.14;-98.54
58872.07;-98.78
58875.00;-98.70
58877.93;-98.54
58880.86;-98.39
58883.79;-98.31
58886.72;-98.47
58889.65;-98.62
58892.58;-98.78
58895.51;-98.62
58898.44;-98.54
58901.37;-98.62
58904.30;-98.47
58907.23;-98.39
58910.16;-98.31
58913.09;-98.47
58916.02;-98.54
58918.95;-98.54
58921.88;-98.54
58924.80;-98.47
58927.73;-98.39
58930.66;-98.31
58933.59;-98.23
58936.52;-98.62
58939.45;-98.78
58942.38;-98.70
58945.31;-98.47
58948.24;-98.31
58951.17;-98.54
58954.10;-98.54
58957.03;-98.47
58959.96;-98.47
58962.89;-98.54
58965.82;-98.70
58968.75;-98.54
58971.68;-98.31
58974.61;-98.31
58977.54;-98.23
58980.47;-98.62
58983.40;-98.78
58986.33;-98.39
58989.26;-98.08
58992.19;-98.23
58995.12;-98.54
58998.05;-98.47
59000.98;-98.47
59003.91;-98.47
59006.84;-98.54
59009.77;-98.86
59012.70;-98.78
59015.63;-98.47
59018.55;-98.47
59021.48;-98.15
59024.41;-98.15
59027.34;-98.31
59030.27;-98.78
59033.20;-98.62
59036.13;-98.47
59039.06;-98.31
59041.99;-98.47
59044.92;-98.47
59047.85;-98.47
59050.78;-98.54
59053.71;-98.62
59056.64;-98.31
59059.57;-98.62
59062.50;-98.54
59065.43;-98.78
59068.36;-98.86
59071.29;-98.39
59074.22;-98.31
59077.15;-98.31
59080.08;-98.47
59083.01;-98.70
59085.94;-98.62
59088.87;-98.47
59091.80;-98.47
59094.73;-98.31
59097.66;-98.54
59100.59;-98.39
59103.52;-98.47
59106.45;-98.47
59109.38;-98.47
59112.30;-98.54
59115.23;-98.39
59118.16;-98.47
59121.09;-98.39
59124.02;-98.31
59126.95;-98.39
59129.88;-98.39
59132.81;-98.47
59135.74;-98.23
59138.67;-98.23
59141.60;-98.23
59144.53;-98.23
59147.46;-98.23
59150.39;-98.39
59153.32;-98.47
59156.25;-98.54
59159.18;-98.47
59162.11;-98.62
59165.04;-98.54
59167.97;-98.39
59170.90;-98.31
59173.83;-98.23
59176.76;-98.39
59179.69;-98.54
59182.62;-98.47
59185.55;-98.54
59188.48;-98.23
59191.41;-98.31
59194.34;-98.39
59197.27;-98.39
59200.20;-98.39
59203.13;-98.23
59206.05;-98.23
59208.98;-98.39
59211.91;-98.39
59214.84;-98.47
59217.77;-98.47
59220.70;-98.31
59223.63;-98.47
59226.56;-98.39
59229.49;-98.23
59232.42;-98.47
59235.35;-98.62
59238.28;-98.54
59241.21;-98.78
59244.14;-98.54
59247.07;-98.23
59250.00;-98.31
59252.93;-98.23
59255.86;-98.39
59258.79;-98.15
59261.72;-98.31
59264.65;-98.39
59267.58;-98.47
59270.51;-98.31
59273.44;-98.23
59276.37;-98.31
59279.30;-98.08
59282.23;-98.39
59285.16;-98.70
59288.09;-98.62
59291.02;-98.54
59293.95;-98.70
59296.88;-98.78
59299.80;-98.31
59302.73;-98.08
59305.66;-98.23
59308.59;-98.15
59311.52;-98.31
59314.45;-98.39
59317.38;-98.15
59320.31;-98.23
59323.24;-98.39
59326.17;-98.78
59329.10;-98.54
59332.03;-98.15
59334.96;-98.15
59337.89;-98.47
59340.82;-98.31
59343.75;-98.23
59346.68;-98.39
59349.61;-98.39
59352.54;-98.39
59355.47;-98.15
59358.40;-98.31
59361.33;-98.47
59364.26;-98.39
59367.19;-98.47
59370.12;-98.31
59373.05;-98.39
59375.98;-98.31
59378.91;-98.31
59381.84;-98.31
59384.77;-98.23
59387.70;-98.31
59390.63;-98.47
59393.55;-98.47
59396.48;-98.62
59399.41;-98.31
59402.34;-98.15
59405.27;-98.31
59408.20;-98.23
59411.13;-98.23
59414.06;-98.39
59416.99;-98.23
59419.92;-98.23
59422.85;-98.23
59425.78;-98.39
59428.71;-98.70
59431.64;-98.78
59434.57;-98.39
59437.50;-98.15
59440.43;-98.31
59443.36;-98.39
59446.29;-98.15
59449.22;-98.54
59452.15;-98.54
59455.08;-98.23
59458.01;-98.15
59460.94;-98.31
59463.87;-98.62
59466.80;-98.54
59469.73;-98.47
59472.66;-98.54
59475.59;-98.00
59478.52;-98.00
59481.45;-98.31
59484.38;-98.47
59487.30;-98.47
59490.23;-98.39
59493.16;-98.54
59496.09;-98.39
59499.02;-98.23
59501.95;-98.23
59504.88;-98.31
59507.81;-98.47
59510.74;-98.47
59513.67;-98.39
59516.60;-98.23
59519.53;-98.47
59522.46;-98.39
59525.39;-98.39
59528.32;-98.39
59531.25;-98.39
59534.18;-98.39
59537.11;-98.39
59540.04;-98.39
59542.97;-98.54
59545.90;-98.39
59548.83;-98.15
59551.76;-98.00
59554.69;-98.15
59557.62;-98.47
59560.55;-98.39
59563.48;-98.23
59566.41;-98.39
59569.34;-98.39
59572.27;-98.31
59575.20;-98.15
59578.13;-98.23
59581.05;-98.15
59583.98;-98.23
59586.91;-98.39
59589.84;-98.47
59592.77;-98.23
59595.70;-98.23
59598.63;-98.39
59601.56;-98.08
59604.49;-98.15
59607.42;-98.47
59610.35;-98.47
59613.28;-98.31
59616.21;-98.54
59619.14;-98.39
59622.07;-98.31
59625.00;-98.47
59627.93;-98.54
59630.86;-98.54
59633.79;-98.54
59636.72;-98.23
59639.65;-98.39
59642.58;-98.39
59645.51;-98.00
59648.44;-98.15
59651.37;-98.39
59654.30;-98.23
59657.23;-98.39
59660.16;-98.54
59663.09;-98.47
59666.02;-98.54
59668.95;-98.62
59671.88;-98.54
59674.80;-98.39
59677.73;-98.31
59680.66;-98.54
59683.59;-98.39
59686.52;-98.39
59689.45;-98.31
59692.38;-98.15
59695.31;-98.47
59698.24;-98.62
59701.17;-98.78
59704.10;-98.54
59707.03;-98.54
59709.96;-98.54
59712.89;-98.62
59715.82;-98.47
59718.75;-98.23
59721.68;-98.15
59724.61;-98.39
59727.54;-98.47
59730.47;-98.15
59733.40;-98.31
59736.33;-98.31
59739.26;-98.47
59742.19;-98.23
59745.12;-98.15
59748.05;-98.39
59750.98;-98.39
59753.91;-98.23
59756.84;-98.31
59759.77;-98.31
59762.70;-98.23
59765.63;-98.23
59768.55;-98.23
59771.48;-98.23
59774.41;-98.15
59777.34;-98.00
59780.27;-98.08
59783.20;-98.31
59786.13;-98.23
59789.06;-98.23
59791.99;-98.54
59794.92;-98.54
59797.85;-98.23
59800.78;-98.23
59803.71;-98.15
59806.64;-98.08
59809.57;-98.00
59812.50;-98.15
59815.43;-98.15
59818.36;-98.15
59821.29;-98.31
59824.22;-98.31
59827.15;-98.47
59830.08;-98.31
59833.01;-98.39
59835.94;-98.47
59838.87;-98.62
59841.80;-98.54
59844.73;-98.31
59847.66;-98.54
59850.59;-98.39
59853.52;-98.23
59856.45;-98.47
59859.38;-98.39
59862.30;-98.31
59865.23;-98.15
59868.16;-98.31
59871.09;-98.47
59874.02;-98.39
59876.95;-98.47
59879.88;-98.31
59882.81;-98.23
59885.74;-98.31
59888.67;-98.39
59891.60;-98.31
59894.53;-98.23
59897.46;-98.23
59900.39;-98.15
59903.32;-98.54
59906.25;-98.54
59909.18;-98.47
59912.11;-98.54
59915.04;-98.54
59917.97;-98.39
59920.90;-98.47
59923.83;-98.47
59926.76;-98.31
59929.69;-98.08
59932.62;-98.15
59935.55;-98.39
59938.48;-98.31
59941.41;-98.31
59944.34;-98.23
59947.27;-98.47
59950.20;-98.47
59953.13;-98.31
59956.05;-98.31
59958.98;-98.47
59961.91;-98.39
59964.84;-98.47
59967.77;-98.47
59970.70;-98.54
59973.63;-98.39
59976.56;-98.54
59979.49;-98.23
59982.42;-98.39
59985.35;-98.15
59988.28;-98.31
59991.21;-98.54
59994.14;-98.62
59997.07;-98.54
60000.00;-98.39
60002.93;-97.92
60005.86;-98.23
60008.79;-98.23
60011.72;-98.23
60014.65;-98.15
60017.58;-98.47
60020.51;-98.54
60023.44;-98.31
60026.37;-98.47
60029.30;-98.47
60032.23;-98.47
60035.16;-98.31
60038.09;-98.39
60041.02;-98.23
60043.95;-98.08
60046.88;-98.00
60049.80;-98.15
60052.73;-98.31
60055.66;-98.23
60058.59;-98.08
60061.52;-98.39
60064.45;-98.47
60067.38;-98.31
60070.31;-98.23
60073.24;-98.31
60076.17;-98.31
60079.10;-98.47
60082.03;-98.39
60084.96;-98.31
60087.89;-98.47
60090.82;-98.54
60093.75;-98.47
60096.68;-98.47
60099.61;-98.47
60102.54;-98.47
60105.47;-98.47
60108.40;-98.47
60111.33;-98.62
60114.26;-98.15
60117.19;-98.00
60120.12;-98.15
60123.05;-98.39
60125.98;-98.00
60128.91;-98.31
60131.84;-98.31
60134.77;-98.39
60137.70;-98.62
60140.63;-98.54
60143.55;-98.39
60146.48;-98.47
60149.41;-98.31
60152.34;-98.23
60155.27;-98.00
60158.20;-98.00
60161.13;-98.15
60164.06;-98.47
60166.99;-98.47
60169.92;-98.47
60172.85;-98.31
60175.78;-98.15
60178.71;-98.08
60181.64;-98.31
60184.57;-98.23
60187.50;-98.54
60190.43;-98.54
60193.36;-98.39
60196.29;-98.23
60199.22;-98.08
60202.15;-98.08
60205.08;-98.31
60208.01;-98.47
60210.94;-98.62
60213.87;-98.47
60216.80;-98.15
60219.73;-98.23
60222.66;-98.15
60225.59;-98.31
60228.52;-98.47
60231.45;-98.39
60234.38;-98.31
60237.30;-98.54
60240.23;-98.54
60243.16;-98.47
60246.09;-98.54
60249.02;-98.31
60251.95;-98.00
60254.88;-98.00
60257.81;-98.15
60260.74;-98.15
60263.67;-98.15
60266.60;-98.47
60269.53;-98.23
60272.46;-98.00
60275.39;-98.08
60278.32;-98.15
60281.25;-98.15
60284.18;-98.23
60287.11;-98.15
60290.04;-98.47
60292.97;-98.54
60295.90;-98.31
60298.83;-98.31
60301.76;-98.54
60304.69;-98.54
60307.62;-98.31
60310.55;-98.23
60313.48;-98.39
60316.41;-98.31
60319.34;-98.54
60322.27;-98.47
60325.20;-98.08
60328.13;-98.23
60331.05;-98.39
60333.98;-98.39
60336.91;-98.47
60339.84;-98.47
60342.77;-98.31
60345.70;-98.23
60348.63;-98.70
60351.56;-98.47
60354.49;-98.23
60357.42;-98.08
60360.35;-98.15
60363.28;-98.23
60366.21;-98.31
60369.14;-98.31
60372.07;-98.23
60375.00;-98.00
60377.93;-98.31
60380.86;-98.31
60383.79;-97.92
60386.72;-98.15
60389.65;-98.08
60392.58;-97.84
60395.51;-98.00
60398.44;-98.23
60401.37;-98.54
60404.30;-98.47
60407.23;-98.15
60410.16;-98.23
60413.09;-98.08
60416.02;-98.23
60418.95;-98.31
60421.88;-98.15
60424.80;-98.31
60427.73;-98.47
60430.66;-98.23
60433.59;-98.00
60436.52;-97.76
60439.45;-98.00
60442.38;-98.15
60445.31;-98.39
60448.24;-98.31
60451.17;-98.31
60454.10;-98.15
60457.03;-98.00
60459.96;-98.39
60462.89;-98.23
60465.82;-98.31
60468.75;-98.31
60471.68;-98.47
60474.61;-98.23
60477.54;-98.23
60480.47;-98.15
60483.40;-98.23
60486.33;-98.00
60489.26;-98.15
60492.19;-98.23
60495.12;-98.23
60498.05;-98.15
60500.98;-97.92
60503.91;-97.92
60506.84;-98.23
60509.77;-98.08
60512.70;-98.31
60515.63;-98.39
60518.55;-97.92
60521.48;-98.08
60524.41;-98.31
60527.34;-98.15
60530.27;-98.08
60533.20;-98.15
60536.13;-98.54
60539.06;-98.47
60541.99;-98.23
60544.92;-98.08
60547.85;-98.23
60550.78;-98.15
60553.71;-98.23
60556.64;-98.31
60559.57;-98.08
60562.50;-97.92
60565.43;-98.08
60568.36;-98.31
60571.29;-98.23
60574.22;-98.15
60577.15;-98.00
60580.08;-98.00
60583.01;-98.47
60585.94;-98.47
60588.87;-98.23
60591.80;-98.31
60594.73;-98.39
60597.66;-98.31
60600.59;-98.31
60603.52;-98.15
60606.45;-98.15
60609.38;-98.39
60612.30;-98.70
60615.23;-98.23
60618.16;-98.08
60621.09;-98.23
60624.02;-98.47
60626.95;-98.15
60629.88;-97.92
60632.81;-98.08
60635.74;-98.23
60638.67;-98.31
60641.60;-98.23
60644.53;-98.31
60647.46;-98.23
60650.39;-98.31
60653.32;-98.23
60656.25;-98.08
60659.18;-98.23
60662.11;-98.39
60665.04;-98.31
60667.97;-98.15
60670.90;-97.92
60673.83;-98.08
60676.76;-98.39
60679.69;-98.39
60682.62;-98.23
60685.55;-98.08
60688.48;-98.00
60691.41;-98.15
60694.34;-98.23
60697.27;-98.08
60700.20;-98.15
60703.13;-98.31
60706.05;-98.39
60708.98;-98.08
60711.91;-98.08
60714.84;-98.23
60717.77;-98.15
60720.70;-98.15
60723.63;-98.31
60726.56;-98.23
60729.49;-98.23
60732.42;-98.08
60735.35;-98.15
60738.28;-98.54
60741.21;-98.39
60744.14;-98.23
60747.07;-98.47
60750.00;-98.39
60752.93;-98.08
60755.86;-97.84
60758.79;-97.92
60761.72;-98.15
60764.65;-98.23
60767.58;-98.23
60770.51;-98.08
60773.44;-98.08
60776.37;-98.15
60779.30;-98.39
60782.23;-98.31
60785.16;-98.15
60788.09;-98.15
60791.02;-98.23
60793.95;-98.39
60796.88;-98.31
60799.80;-98.23
60802.73;-98.47
60805.66;-98.23
60808.59;-98.39
60811.52;-98.39
60814.45;-98.23
60817.38;-98.39
60820.31;-98.31
60823.24;-98.31
60826.17;-98.23
60829.10;-98.39
60832.03;-98.39
60834.96;-98.39
60837.89;-98.15
60840.82;-98.15
60843.75;-98.39
60846.68;-98.39
60849.61;-98.47
60852.54;-98.62
60855.47;-98.23
60858.40;-98.23
60861.33;-98.54
60864.26;-98.23
60867.19;-98.23
60870.12;-98.15
60873.05;-98.23
60875.98;-98.31
60878.91;-98.15
60881.84;-98.15
60884.77;-98.15
60887.70;-98.23
60890.63;-98.54
60893.55;-98.54
60896.48;-98.39
60899.41;-98.39
60902.34;-98.31
60905.27;-98.39
60908.20;-98.47
60911.13;-98.08
60914.06;-98.15
60916.99;-98.15
60919.92;-98.39
60922.85;-98.15
60925.78;-97.92
60928.71;-98.31
60931.64;-98.54
60934.57;-98.31
60937.50;-98.23
60940.43;-98.08
60943.36;-98.00
60946.29;-98.00
60949.22;-98.15
60952.15;-98.15
60955.08;-98.15
60958.01;-98.15
60960.94;-98.47
60963.87;-98.47
60966.80;-98.15
60969.73;-98.15
60972.66;-98.39
60975.59;-98.54
60978.52;-98.47
60981.45;-98.08
60984.38;-98.39
60987.30;-98.23
60990.23;-98.23
60993.16;-98.39
60996.09;-98.15
60999.02;-98.47
61001.95;-98.31
61004.88;-98.70
61007.81;-98.62
61010.74;-98.23
61013.67;-98.23
61016.60;-98.47
61019.53;-98.54
61022.46;-98.15
61025.39;-98.47
61028.32;-98.62
61031.25;-98.62
61034.18;-98.47
61037.11;-98.47
61040.04;-98.47
61042.97;-98.47
61045.90;-98.47
61048.83;-98.39
61051.76;-98.31
61054.69;-98.39
61057.62;-98.23
61060.55;-98.39
61063.48;-98.47
61066.41;-98.00
61069.34;-98.23
61072.27;-98.31
61075.20;-98.31
61078.13;-98.39
61081.05;-98.39
61083.98;-98.23
61086.91;-98.08
61089.84;-98.15
61092.77;-98.15
61095.70;-98.23
61098.63;-98.23
61101.56;-98.15
61104.49;-98.15
61107.42;-98.08
61110.35;-98.23
61113.28;-98.39
61116.21;-98.47
61119.14;-98.31
61122.07;-98.31
61125.00;-98.31
61127.93;-98.15
61130.86;-98.15
61133.79;-98.23
61136.72;-98.23
61139.65;-98.15
61142.58;-98.23
61145.51;-98.08
61148.44;-98.15
61151.37;-98.15
61154.30;-98.00
61157.23;-98.15
61160.16;-98.15
61163.09;-98.15
61166.02;-98.31
61168.95;-98.15
61171.88;-98.23
61174.80;-98.31
61177.73;-98.39
61180.66;-98.39
61183.59;-98.23
61186.52;-98.15
61189.45;-98.23
61192.38;-98.23
61195.31;-98.23
61198.24;-98.23
61201.17;-98.08
61204.10;-98.15
61207.03;-98.31
61209.96;-98.31
61212.89;-98.39
61215.82;-98.47
61218.75;-98.23
61221.68;-98.31
61224.61;-98.15
61227.54;-98.15
61230.47;-98.54
61233.40;-98.23
61236.33;-98.23
61239.26;-98.15
61242.19;-98.15
61245.12;-98.31
61248.05;-98.39
61250.98;-98.39
61253.91;-98.39
61256.84;-98.23
61259.77;-98.23
61262.70;-98.31
61265.63;-98.54
61268.55;-98.31
61271.48;-98.15
61274.41;-98.15
61277.34;-98.47
61280.27;-98.62
61283.20;-98.15
61286.13;-98.00
61289.06;-98.00
61291.99;-98.39
61294.92;-98.31
61297.85;-97.92
61300.78;-98.31
61303.71;-98.31
61306.64;-98.62
61309.57;-98.39
61312.50;-98.08
61315.43;-98.08
61318.36;-98.39
61321.29;-98.39
61324.22;-98.39
61327.15;-98.47
61330.08;-98.39
61333.01;-98.54
61335.94;-98.39
61338.87;-98.31
61341.80;-98.23
61344.73;-98.31
61347.66;-98.47
61350.59;-98.15
61353.52;-98.00
61356.45;-98.39
61359.38;-98.62
61362.30;-98.39
61365.23;-98.00
61368.16;-98.08
61371.09;-98.15
61374.02;-98.39
61376.95;-98.54
61379.88;-98.39
61382.81;-98.23
61385.74;-98.47
61388.67;-98.39
61391.60;-98.15
61394.53;-98.08
61397.46;-98.08
61400.39;-97.84
61403.32;-97.92
61406.25;-98.08
61409.18;-98.15
61412.11;-98.54
61415.04;-98.31
61417.97;-98.08
61420.90;-98.00
61423.83;-98.08
61426.76;-98.15
61429.69;-98.23
61432.62;-98.08
61435.55;-98.23
61438.48;-98.39
61441.41;-98.23
61444.34;-98.15
61447.27;-98.15
61450.20;-98.39
61453.13;-98.47
61456.05;-98.54
61458.98;-98.23
61461.91;-98.15
61464.84;-98.08
61467.77;-98.15
61470.70;-98.15
61473.63;-98.15
61476.56;-98.23
61479.49;-98.39
61482.42;-98.15
61485.35;-98.39
61488.28;-98.31
61491.21;-98.08
61494.14;-98.31
61497.07;-98.15
61500.00;-98.23
61502.93;-98.00
61505.86;-98.00
61508.79;-98.23
61511.72;-98.39
61514.65;-98.47
61517.58;-98.62
61520.51;-98.62
61523.44;-98.39
61526.37;-98.31
61529.30;-98.31
61532.23;-98.39
61535.16;-98.08
61538.09;-98.00
61541.02;-98.15
61543.95;-98.39
61546.88;-98.39
61549.80;-98.15
61552.73;-98.39
61555.66;-98.15
61558.59;-98.00
61561.52;-98.47
61564.45;-98.62
61567.38;-98.39
61570.31;-98.15
61573.24;-98.15
61576.17;-98.23
61579.10;-98.15
61582.03;-98.15
61584.96;-98.39
61587.89;-98.31
61590.82;-98.08
61593.75;-98.23
61596.68;-98.39
61599.61;-98.31
61602.54;-98.39
61605.47;-98.39
61608.40;-98.23
61611.33;-98.31
61614.26;-98.15
61617.19;-98.23
61620.12;-98.00
61623.05;-98.31
61625.98;-98.39
61628.91;-98.08
61631.84;-98.08
61634.77;-98.31
61637.70;-98.23
61640.63;-98.31
61643.55;-98.47
61646.48;-98.47
61649.41;-98.47
61652.34;-98.23
61655.27;-98.15
61658.20;-98.15
61661.13;-98.23
61664.06;-98.23
61666.99;-98.23
61669.92;-98.31
61672.85;-98.23
61675.78;-98.39
61678.71;-98.31
61681.64;-98.47
61684.57;-98.54
61687.50;-98.15
61690.43;-98.23
61693.36;-98.54
61696.29;-98.70
61699.22;-98.23
61702.15;-98.08
61705.08;-98.39
61708.01;-98.54
61710.94;-98.47
61713.87;-98.15
61716.80;-98.15
61719.73;-98.23
61722.66;-98.23
61725.59;-98.39
61728.52;-98.39
61731.45;-98.54
61734.38;-98.54
61737.30;-98.15
61740.23;-98.00
61743.16;-98.15
61746.09;-98.47
61749.02;-98.62
61751.95;-98.47
61754.88;-98.31
61757.81;-98.23
61760.74;-98.23
61763.67;-98.08
61766.60;-98.08
61769.53;-98.23
61772.46;-98.23
61775.39;-98.23
61778.32;-98.31
61781.25;-98.47
61784.18;-98.31
61787.11;-98.08
61790.04;-98.23
61792.97;-98.47
61795.90;-98.47
61798.83;-98.31
61801.76;-98.15
61804.69;-98.39
61807.62;-98.47
61810.55;-98.31
61813.48;-98.23
61816.41;-98.39
61819.34;-98.15
61822.27;-98.31
61825.20;-98.62
61828.13;-98.47
61831.05;-98.39
61833.98;-98.08
61836.91;-98.08
61839.84;-98.39
61842.77;-98.62
61845.70;-98.54
61848.63;-98.47
61851.56;-98.47
61854.49;-98.00
61857.42;-97.92
61860.35;-98.08
61863.28;-98.31
61866.21;-98.39
61869.14;-98.31
61872.07;-98.31
61875.00;-98.23
61877.93;-98.47
61880.86;-98.39
61883.79;-98.31
61886.72;-98.54
61889.65;-98.54
61892.58;-98.39
61895.51;-98.23
61898.44;-98.31
61901.37;-98.47
61904.30;-98.39
61907.23;-98.47
61910.16;-98.31
61913.09;-98.15
61916.02;-98.08
61918.95;-97.92
61921.88;-98.15
61924.80;-98.39
61927.73;-98.23
61930.66;-98.23
61933.59;-98.08
61936.52;-98.23
61939.45;-98.23
61942.38;-98.15
61945.31;-98.31
61948.24;-98.15
61951.17;-97.92
61954.10;-98.23
61957.03;-98.39
61959.96;-98.23
61962.89;-98.47
61965.82;-98.39
61968.75;-98.31
61971.68;-98.47
61974.61;-98.31
61977.54;-98.23
61980.47;-98.15
61983.40;-98.23
61986.33;-98.23
61989.26;-98.08
61992.19;-98.00
61995.12;-98.23
61998.05;-98.31
62000.98;-98.39
62003.91;-98.70
62006.84;-98.62
62009.77;-98.54
62012.70;-98.70
62015.63;-98.31
62018.55;-98.08
62021.48;-98.39
62024.41;-98.31
62027.34;-98.15
62030.27;-98.31
62033.20;-98.39
62036.13;-98.47
62039.06;-98.54
62041.99;-98.39
62044.92;-98.39
62047.85;-98.23
62050.78;-98.31
62053.71;-98.39
62056.64;-98.31
62059.57;-98.31
62062.50;-98.39
62065.43;-98.39
62068.36;-98.08
62071.29;-98.08
62074.22;-98.23
62077.15;-98.31
62080.08;-98.00
62083.01;-98.15
62085.94;-98.47
62088.87;-98.31
62091.80;-98.62
62094.73;-98.47
62097.66;-98.54
62100.59;-98.23
62103.52;-98.08
62106.45;-98.31
62109.38;-98.31
62112.30;-98.23
62115.23;-98.15
62118.16;-98.31
62121.09;-98.31
62124.02;-98.47
62126.95;-98.31
62129.88;-98.15
62132.81;-98.39
62135.74;-98.15
62138.67;-98.39
62141.60;-98.39
62144.53;-98.23
62147.46;-98.15
62150.39;-97.92
62153.32;-98.15
62156.25;-98.23
62159.18;-98.23
62162.11;-98.31
62165.04;-98.23
62167.97;-98.39
62170.90;-98.39
62173.83;-98.47
62176.76;-98.15
62179.69;-98.31
62182.62;-98.62
62185.55;-98.54
62188.48;-98.31
62191.41;-98.39
62194.34;-98.54
62197.27;-98.31
62200.20;-98.47
62203.13;-98.23
62206.05;-98.31
62208.98;-98.08
62211.91;-98.23
62214.84;-98.47
62217.77;-98.31
62220.70;-98.23
62223.63;-98.31
62226.56;-98.39
62229.49;-98.47
62232.42;-98.08
62235.35;-98.23
62238.28;-98.39
62241.21;-98.39
62244.14;-98.31
62247.07;-98.39
62250.00;-98.23
62252.93;-98.00
62255.86;-98.00
62258.79;-98.23
62261.72;-98.31
62264.65;-98.47
62267.58;-98.31
62270.51;-98.31
62273.44;-98.62
62276.37;-98.47
62279.30;-98.08
62282.23;-98.15
62285.16;-98.15
62288.09;-98.31
62291.02;-98.54
62293.95;-98.54
62296.88;-98.39
62299.80;-98.23
62302.73;-98.23
62305.66;-98.08
62308.59;-98.00
62311.52;-98.15
62314.45;-98.47
62317.38;-98.54
62320.31;-98.23
62323.24;-98.23
62326.17;-98.31
62329.10;-98.23
62332.03;-98.47
62334.96;-98.47
62337.89;-98.47
62340.82;-98.39
62343.75;-98.31
62346.68;-98.31
62349.61;-98.47
62352.54;-98.39
62355.47;-98.39
62358.40;-98.39
62361.33;-98.54
62364.26;-98.54
62367.19;-98.47
62370.12;-98.31
62373.05;-98.31
62375.98;-98.70
62378.91;-98.54
62381.84;-98.31
62384.77;-98.31
62387.70;-98.15
62390.63;-98.00
62393.55;-98.08
62396.48;-98.08
62399.41;-98.23
62402.34;-98.39
62405.27;-98.54
62408.20;-98.54
62411.13;-98.47
62414.06;-98.39
62416.99;-98.31
62419.92;-98.47
62422.85;-98.31
62425.78;-98.23
62428.71;-98.39
62431.64;-98.31
62434.57;-98.39
62437.50;-98.31
62440.43;-98.31
62443.36;-98.31
62446.29;-98.39
62449.22;-98.39
62452.15;-98.62
62455.08;-98.70
62458.01;-98.54
62460.94;-98.31
62463.87;-98.23
62466.80;-98.47
62469.73;-98.47
62472.66;-98.47
62475.59;-98.47
62478.52;-98.54
62481.45;-98.39
62484.38;-98.62
62487.30;-98.70
62490.23;-98.54
62493.16;-98.47
62496.09;-98.31
62499.02;-98.23
62501.95;-98.23
62504.88;-98.15
62507.81;-98.31
62510.74;-98.31
62513.67;-98.47
62516.60;-98.54
62519.53;-98.47
62522.46;-98.47
62525.39;-98.39
62528.32;-98.62
62531.25;-98.62
62534.18;-98.31
62537.11;-98.39
62540.04;-98.39
62542.97;-98.39
62545.90;-98.39
62548.83;-98.47
62551.76;-98.39
62554.69;-98.31
62557.62;-98.15
62560.55;-98.23
62563.48;-98.31
62566.41;-98.15
62569.34;-98.54
62572.27;-98.47
62575.20;-98.54
62578.13;-98.70
62581.05;-98.78
62583.98;-98.54
62586.91;-98.31
62589.84;-98.15
62592.77;-98.23
62595.70;-98.00
62598.63;-98.23
62601.56;-98.47
62604.49;-98.47
62607.42;-98.31
62610.35;-98.08
62613.28;-98.39
62616.21;-98.54
62619.14;-98.62
62622.07;-98.39
62625.00;-98.47
62627.93;-98.15
62630.86;-98.31
62633.79;-98.23
62636.72;-98.23
62639.65;-98.47
62642.58;-98.39
62645.51;-98.39
62648.44;-98.39
62651.37;-98.54
62654.30;-98.54
62657.23;-98.39
62660.16;-98.08
62663.09;-98.15
62666.02;-98.39
62668.95;-98.47
62671.88;-98.47
62674.80;-98.15
62677.73;-98.23
62680.66;-98.47
62683.59;-98.47
62686.52;-98.62
62689.45;-98.47
62692.38;-98.15
62695.31;-98.23
62698.24;-98.39
62701.17;-98.62
62704.10;-98.78
62707.03;-98.54
62709.96;-98.39
62712.89;-98.31
62715.82;-98.15
62718.75;-98.23
62721.68;-98.31
62724.61;-98.39
62727.54;-98.23
62730.47;-98.00
62733.40;-98.31
62736.33;-98.54
62739.26;-98.47
62742.19;-98.47
62745.12;-98.54
62748.05;-98.47
62750.98;-98.54
62753.91;-98.54
62756.84;-98.31
62759.77;-98.15
62762.70;-98.47
62765.63;-98.54
62768.55;-98.86
62771.48;-98.70
62774.41;-98.15
62777.34;-98.23
62780.27;-98.31
62783.20;-98.47
62786.13;-98.54
62789.06;-98.54
62791.99;-98.23
62794.92;-98.47
62797.85;-98.62
62800.78;-98.62
62803.71;-98.39
62806.64;-98.15
62809.57;-98.39
62812.50;-98.54
62815.43;-98.54
62818.36;-98.39
62821.29;-98.08
62824.22;-98.23
62827.15;-98.39
62830.08;-98.39
62833.01;-98.54
62835.94;-98.47
62838.87;-98.31
62841.80;-98.39
62844.73;-98.31
62847.66;-98.23
62850.59;-98.08
62853.52;-98.47
62856.45;-98.54
62859.38;-98.70
62862.30;-98.47
62865.23;-98.31
62868.16;-98.23
62871.09;-98.47
62874.02;-98.54
62876.95;-98.47
62879.88;-98.47
62882.81;-98.54
62885.74;-98.54
62888.67;-98.23
62891.60;-98.23
62894.53;-98.62
62897.46;-98.54
62900.39;-98.62
62903.32;-98.62
62906.25;-98.47
62909.18;-98.47
62912.11;-98.54
62915.04;-98.47
62917.97;-98.54
62920.90;-98.62
62923.83;-98.70
62926.76;-98.78
62929.69;-98.47
62932.62;-98.47
62935.55;-98.62
62938.48;-98.70
62941.41;-98.47
62944.34;-98.23
62947.27;-98.39
62950.20;-98.70
62953.13;-98.78
62956.05;-98.47
62958.98;-98.47
62961.91;-98.47
62964.84;-98.62
62967.77;-98.39
62970.70;-98.23
62973.63;-98.47
62976.56;-98.47
62979.49;-98.31
62982.42;-98.62
62985.35;-98.70
62988.28;-98.62
62991.21;-98.62
62994.14;-98.39
62997.07;-98.31
63000.00;-98.23
63002.93;-98.31
63005.86;-98.70
63008.79;-98.31
63011.72;-98.39
63014.65;-98.54
63017.58;-98.54
63020.51;-98.47
63023.44;-98.47
63026.37;-98.47
63029.30;-98.39
63032.23;-98.39
63035.16;-98.47
63038.09;-98.47
63041.02;-98.62
63043.95;-98.31
63046.88;-98.23
63049.80;-98.54
63052.73;-98.62
63055.66;-98.54
63058.59;-98.54
63061.52;-98.23
63064.45;-98.08
63067.38;-98.39
63070.31;-98.47
63073.24;-98.47
63076.17;-98.39
63079.10;-98.54
63082.03;-98.47
63084.96;-98.39
63087.89;-98.70
63090.82;-98.62
63093.75;-98.39
63096.68;-98.39
63099.61;-98.39
63102.54;-98.62
63105.47;-98.54
63108.40;-98.47
63111.33;-98.54
63114.26;-98.54
63117.19;-98.47
63120.12;-98.54
63123.05;-98.47
63125.98;-98.70
63128.91;-98.47
63131.84;-98.31
63134.77;-98.23
63137.70;-98.39
63140.63;-98.39
63143.55;-98.31
63146.48;-98.39
63149.41;-98.62
63152.34;-98.47
63155.27;-98.31
63158.20;-98.39
63161.13;-98.31
63164.06;-98.15
63166.99;-98.31
63169.92;-98.54
63172.85;-98.47
63175.78;-98.39
63178.71;-98.47
63181.64;-98.23
63184.57;-98.31
63187.50;-98.47
63190.43;-98.54
63193.36;-98.54
63196.29;-98.54
63199.22;-98.70
63202.15;-98.47
63205.08;-98.47
63208.01;-98.54
63210.94;-98.47
63213.87;-98.31
63216.80;-98.39
63219.73;-98.39
63222.66;-98.47
63225.59;-98.54
63228.52;-98.23
63231.45;-98.08
63234.38;-98.23
63237.30;-98.31
63240.23;-98.31
63243.16;-98.47
63246.09;-98.54
63249.02;-98.23
63251.95;-98.23
63254.88;-98.15
63257.81;-98.31
63260.74;-98.54
63263.67;-98.31
63266.60;-98.08
63269.53;-98.31
63272.46;-98.39
63275.39;-98.47
63278.32;-98.31
63281.25;-98.23
63284.18;-98.31
63287.11;-98.47
63290.04;-98.47
63292.97;-98.39
63295.90;-98.31
63298.83;-98.54
63301.76;-98.62
63304.69;-98.54
63307.62;-98.54
63310.55;-98.47
63313.48;-98.31
63316.41;-98.47
63319.34;-98.62
63322.27;-98.47
63325.20;-98.47
63328.13;-98.47
63331.05;-98.39
63333.98;-98.31
63336.91;-98.47
63339.84;-98.54
63342.77;-98.31
63345.70;-98.39
63348.63;-98.47
63351.56;-98.62
63354.49;-98.62
63357.42;-98.47
63360.35;-98.23
63363.28;-98.39
63366.21;-98.31
63369.14;-98.39
63372.07;-98.47
63375.00;-98.47
63377.93;-98.23
63380.86;-98.47
63383.79;-98.70
63386.72;-98.78
63389.65;-98.78
63392.58;-98.94
63395.51;-98.47
63398.44;-98.54
63401.37;-98.47
63404.30;-98.54
63407.23;-98.70
63410.16;-98.54
63413.09;-98.54
63416.02;-98.39
63418.95;-98.31
63421.88;-98.39
63424.80;-98.39
63427.73;-98.86
63430.66;-99.01
63433.59;-98.78
63436.52;-98.54
63439.45;-98.54
63442.38;-98.54
63445.31;-98.70
63448.24;-98.62
63451.17;-98.54
63454.10;-98.54
63457.03;-98.39
63459.96;-98.31
63462.89;-98.23
63465.82;-98.47
63468.75;-98.47
63471.68;-98.47
63474.61;-98.47
63477.54;-98.62
63480.47;-98.47
63483.40;-98.62
63486.33;-98.47
63489.26;-98.23
63492.19;-98.39
63495.12;-98.39
63498.05;-98.39
63500.98;-98.31
63503.91;-98.47
63506.84;-98.54
63509.77;-98.23
63512.70;-98.23
63515.63;-98.70
63518.55;-98.62
63521.48;-98.39
63524.41;-98.39
63527.34;-98.47
63530.27;-98.62
63533.20;-98.54
63536.13;-98.62
63539.06;-98.54
63541.99;-98.31
63544.92;-98.47
63547.85;-98.39
63550.78;-98.47
63553.71;-98.39
63556.64;-98.54
63559.57;-98.62
63562.50;-98.70
63565.43;-98.70
63568.36;-98.39
63571.29;-98.08
63574.22;-98.31
63577.15;-98.47
63580.08;-98.47
63583.01;-98.54
63585.94;-98.47
63588.87;-98.23
63591.80;-98.15
63594.73;-98.31
63597.66;-98.70
63600.59;-98.54
63603.52;-98.54
63606.45;-98.39
63609.38;-98.47
63612.30;-98.15
63615.23;-98.15
63618.16;-98.62
63621.09;-98.47
63624.02;-98.62
63626.95;-98.31
63629.88;-98.31
63632.81;-98.31
63635.74;-98.23
63638.67;-98.39
63641.60;-98.39
63644.53;-98.47
63647.46;-98.62
63650.39;-98.54
63653.32;-98.31
63656.25;-98.54
63659.18;-98.54
63662.11;-98.54
63665.04;-98.39
63667.97;-98.31
63670.90;-98.15
63673.83;-98.47
63676.76;-98.54
63679.69;-98.54
63682.62;-98.62
63685.55;-98.54
63688.48;-98.54
63691.41;-98.54
63694.34;-98.54
63697.27;-98.47
63700.20;-98.47
63703.13;-98.62
63706.05;-98.70
63708.98;-98.31
63711.91;-98.31
63714.84;-98.54
63717.77;-98.62
63720.70;-98.31
63723.63;-98.23
63726.56;-98.31
63729.49;-98.47
63732.42;-98.31
63735.35;-98.47
63738.28;-98.47
63741.21;-98.62
63744.14;-98.70
63747.07;-98.47
63750.00;-98.31
63752.93;-98.15
63755.86;-98.39
63758.79;-98.47
63761.72;-98.62
63764.65;-98.54
63767.58;-98.47
63770.51;-98.31
63773.44;-98.54
63776.37;-98.39
63779.30;-98.31
63782.23;-98.39
63785.16;-98.15
63788.09;-98.39
63791.02;-98.47
63793.95;-98.54
63796.88;-98.62
63799.80;-98.39
63802.73;-98.62
63805.66;-98.62
63808.59;-98.31
63811.52;-98.54
63814.45;-98.54
63817.38;-98.62
63820.31;-98.54
63823.24;-98.47
63826.17;-98.54
63829.10;-98.31
63832.03;-98.39
63834.96;-98.47
63837.89;-98.23
63840.82;-98.08
63843.75;-98.31
63846.68;-98.62
63849.61;-98.54
63852.54;-98.54
63855.47;-98.39
63858.40;-98.39
63861.33;-98.31
63864.26;-98.54
63867.19;-98.54
63870.12;-98.54
63873.05;-98.62
63875.98;-98.39
63878.91;-98.31
63881.84;-98.39
63884.77;-98.62
63887.70;-98.86
63890.63;-98.70
63893.55;-98.54
63896.48;-98.39
63899.41;-98.31
63902.34;-98.23
63905.27;-98.78
63908.20;-98.94
63911.13;-98.54
63914.06;-98.47
63916.99;-98.54
63919.92;-98.31
63922.85;-98.31
63925.78;-98.31
63928.71;-98.23
63931.64;-98.39
63934.57;-98.54
63937.50;-98.47
63940.43;-98.23
63943.36;-98.39
63946.29;-98.78
63949.22;-98.70
63952.15;-98.39
63955.08;-98.39
63958.01;-98.23
63960.94;-98.47
63963.87;-98.54
63966.80;-98.47
63969.73;-98.47
63972.66;-98.62
63975.59;-98.70
63978.52;-98.62
63981.45;-98.62
63984.38;-98.54
63987.30;-98.39
63990.23;-98.47
63993.16;-98.39
63996.09;-98.54
63999.02;-98.31
64001.95;-98.31
64004.88;-98.54
64007.81;-98.39
64010.74;-98.62
64013.67;-98.39
64016.60;-98.47
64019.53;-98.70
64022.46;-99.01
64025.39;-98.86
64028.32;-98.78
64031.25;-98.62
64034.18;-98.39
64037.11;-98.47
64040.04;-98.54
64042.97;-98.47
64045.90;-98.47
64048.83;-98.54
64051.76;-98.62
64054.69;-98.47
64057.62;-98.31
64060.55;-98.47
64063.48;-98.31
64066.41;-98.54
64069.34;-98.62
64072.27;-98.62
64075.20;-98.70
64078.13;-98.78
64081.05;-98.54
64083.98;-98.31
64086.91;-98.39
64089.84;-98.62
64092.77;-98.62
64095.70;-98.62
64098.63;-98.54
64101.56;-98.54
64104.49;-98.23
64107.42;-98.31
64110.35;-98.54
64113.28;-98.54
64116.21;-98.47
64119.14;-98.62
64122.07;-98.54
64125.00;-98.39
64127.93;-98.54
64130.86;-98.54
64133.79;-98.54
64136.72;-98.94
64139.65;-98.78
64142.58;-98.39
64145.51;-98.39
64148.44;-98.23
64151.37;-98.39
64154.30;-98.39
64157.23;-98.47
64160.16;-98.23
64163.09;-98.31
64166.02;-98.39
64168.95;-98.31
64171.88;-98.39
64174.80;-98.39
64177.73;-98.31
64180.66;-98.54
64183.59;-98.39
64186.52;-98.54
64189.45;-98.31
64192.38;-98.23
64195.31;-98.31
64198.24;-98.47
64201.17;-98.47
64204.10;-98.54
64207.03;-98.47
64209.96;-98.78
64212.89;-98.78
64215.82;-98.31
64218.75;-98.47
64221.68;-98.54
64224.61;-98.39
64227.54;-98.54
64230.47;-98.47
64233.40;-98.39
64236.33;-98.39
64239.26;-98.31
64242.19;-98.54
64245.12;-98.86
64248.05;-98.70
64250.98;-98.78
64253.91;-98.54
64256.84;-98.62
64259.77;-98.78
64262.70;-98.78
64265.63;-98.47
64268.55;-98.54
64271.48;-98.62
64274.41;-98.54
64277.34;-98.47
64280.27;-98.31
64283.20;-98.39
64286.13;-98.39
64289.06;-98.54
64291.99;-98.54
64294.92;-98.54
64297.85;-98.54
64300.78;-98.62
64303.71;-98.39
64306.64;-98.15
64309.57;-98.39
64312.50;-98.31
64315.43;-98.23
64318.36;-98.15
64321.29;-98.15
64324.22;-98.47
64327.15;-98.47
64330.08;-98.39
64333.01;-98.39
64335.94;-98.23
64338.87;-98.23
64341.80;-98.70
64344.73;-98.47
64347.66;-98.54
64350.59;-98.94
64353.52;-98.78
64356.45;-98.62
64359.38;-98.39
64362.30;-98.31
64365.23;-98.62
64368.16;-98.62
64371.09;-98.62
64374.02;-98.70
64376.95;-98.47
64379.88;-98.47
64382.81;-98.39
64385.74;-98.54
64388.67;-98.39
64391.60;-98.39
64394.53;-98.54
64397.46;-98.39
64400.39;-98.47
64403.32;-98.47
64406.25;-98.39
64409.18;-98.47
64412.11;-98.54
64415.04;-98.54
64417.97;-98.70
64420.90;-98.70
64423.83;-98.47
64426.76;-98.54
64429.69;-98.47
64432.62;-98.31
64435.55;-97.92
64438.48;-98.08
64441.41;-98.39
64444.34;-98.31
64447.27;-98.62
64450.20;-98.54
64453.13;-98.39
64456.05;-98.47
64458.98;-98.62
64461.91;-98.78
64464.84;-98.47
64467.77;-98.47
64470.70;-98.54
64473.63;-98.62
64476.56;-98.70
64479.49;-98.54
64482.42;-98.39
64485.35;-98.31
64488.28;-98.47
64491.21;-98.39
64494.14;-98.15
64497.07;-98.31
64500.00;-98.47
64502.93;-98.39
64505.86;-98.15
64508.79;-98.47
64511.72;-98.70
64514.65;-98.54
64517.58;-98.47
64520.51;-98.54
64523.44;-98.70
64526.37;-98.54
64529.30;-98.47
64532.23;-98.31
64535.16;-97.92
64538.09;-98.15
64541.02;-98.47
64543.95;-98.62
64546.88;-98.54
64549.80;-98.70
64552.73;-98.39
64555.66;-98.39
64558.59;-98.47
64561.52;-98.47
64564.45;-98.54
64567.38;-98.54
64570.31;-98.54
64573.24;-98.23
64576.17;-98.15
64579.10;-98.31
64582.03;-98.39
64584.96;-98.31
64587.89;-98.31
64590.82;-98.54
64593.75;-98.94
64596.68;-98.62
64599.61;-98.23
64602.54;-98.47
64605.47;-98.31
64608.40;-98.23
64611.33;-98.47
64614.26;-98.31
64617.19;-98.39
64620.12;-98.47
64623.05;-98.39
64625.98;-98.39
64628.91;-98.70
64631.84;-98.47
64634.77;-98.62
64637.70;-98.62
64640.63;-98.31
64643.55;-98.31
64646.48;-98.31
64649.41;-98.23
64652.34;-98.39
64655.27;-98.70
64658.20;-98.78
64661.13;-98.62
64664.06;-98.62
64666.99;-98.54
64669.92;-98.47
64672.85;-98.70
64675.78;-98.39
64678.71;-98.08
64681.64;-98.15
64684.57;-98.47
64687.50;-98.47
64690.43;-98.31
64693.36;-98.62
64696.29;-98.54
64699.22;-98.47
64702.15;-98.39
64705.08;-98.47
64708.01;-98.39
64710.94;-98.47
64713.87;-98.47
64716.80;-98.39
64719.73;-98.62
64722.66;-98.78
64725.59;-98.78
64728.52;-98.47
64731.45;-98.47
64734.38;-98.31
64737.30;-98.31
64740.23;-98.47
64743.16;-98.39
64746.09;-98.62
64749.02;-98.70
64751.95;-98.70
64754.88;-98.54
64757.81;-98.54
64760.74;-98.54
64763.67;-98.54
64766.60;-98.94
64769.53;-99.01
64772.46;-99.01
64775.39;-98.62
64778.32;-98.39
64781.25;-98.54
64784.18;-98.86
64787.11;-98.70
64790.04;-98.70
64792.97;-98.47
64795.90;-98.39
64798.83;-98.47
64801.76;-98.47
64804.69;-98.39
64807.62;-98.54
64810.55;-98.70
64813.48;-98.31
64816.41;-98.39
64819.34;-98.70
64822.27;-98.62
64825.20;-98.31
64828.13;-98.23
64831.05;-98.54
64833.98;-98.54
64836.91;-98.70
64839.84;-98.62
64842.77;-98.47
64845.70;-98.39
64848.63;-98.54
64851.56;-98.62
64854.49;-98.54
64857.42;-98.47
64860.35;-98.47
64863.28;-98.31
64866.21;-98.39
64869.14;-98.39
64872.07;-98.54
64875.00;-98.31
64877.93;-98.47
64880.86;-98.47
64883.79;-98.47
64886.72;-98.54
64889.65;-98.39
64892.58;-98.39
64895.51;-98.62
64898.44;-98.47
64901.37;-98.31
64904.30;-98.39
64907.23;-98.39
64910.16;-98.31
64913.09;-98.54
64916.02;-98.62
64918.95;-98.54
64921.88;-98.54
64924.80;-98.31
64927.73;-98.39
64930.66;-98.62
64933.59;-98.62
64936.52;-98.62
64939.45;-98.47
64942.38;-98.47
64945.31;-98.31
64948.24;-98.39
64951.17;-98.62
64954.10;-98.78
64957.03;-98.39
64959.96;-98.54
64962.89;-98.39
64965.82;-98.62
64968.75;-98.70
64971.68;-98.31
64974.61;-98.15
64977.54;-98.39
64980.47;-98.54
64983.40;-98.39
64986.33;-98.39
64989.26;-98.47
64992.19;-98.23
64995.12;-98.31
64998.05;-98.31
65000.98;-98.31
65003.91;-98.47
65006.84;-98.39
65009.77;-98.54
65012.70;-98.94
65015.63;-98.47
65018.55;-98.39
65021.48;-98.54
65024.41;-98.78
65027.34;-98.54
65030.27;-98.39
65033.20;-98.31
65036.13;-98.47
65039.06;-98.31
65041.99;-98.15
65044.92;-98.62
65047.85;-98.62
65050.78;-98.47
65053.71;-98.39
65056.64;-98.39
65059.57;-98.23
65062.50;-98.00
65065.43;-98.23
65068.36;-98.23
65071.29;-98.23
65074.22;-98.39
65077.15;-98.39
65080.08;-98.31
65083.01;-98.31
65085.94;-98.47
65088.87;-98.62
65091.80;-98.62
65094.73;-98.70
65097.66;-98.39
65100.59;-98.15
65103.52;-98.39
65106.45;-98.39
65109.38;-98.39
65112.30;-98.15
65115.23;-98.31
65118.16;-98.39
65121.09;-98.23
65124.02;-98.31
65126.95;-98.54
65129.88;-98.39
65132.81;-98.47
65135.74;-98.47
65138.67;-98.39
65141.60;-98.47
65144.53;-98.31
65147.46;-98.00
65150.39;-98.08
65153.32;-98.47
65156.25;-98.39
65159.18;-98.47
65162.11;-98.39
65165.04;-98.47
65167.97;-98.47
65170.90;-98.47
65173.83;-98.39
65176.76;-98.54
65179.69;-98.54
65182.62;-98.70
65185.55;-98.70
65188.48;-98.47
65191.41;-98.31
65194.34;-98.23
65197.27;-98.39
65200.20;-98.70
65203.13;-98.86
65206.05;-98.86
65208.98;-98.86
65211.91;-98.47
65214.84;-98.39
65217.77;-98.31
65220.70;-98.47
65223.63;-98.31
65226.56;-98.31
65229.49;-98.31
65232.42;-98.39
65235.35;-98.15
65238.28;-98.39
65241.21;-98.39
65244.14;-98.47
65247.07;-98.78
65250.00;-98.86
65252.93;-98.78
65255.86;-98.47
65258.79;-98.54
65261.72;-98.86
65264.65;-98.62
65267.58;-98.39
65270.51;-98.54
65273.44;-98.39
65276.37;-98.15
65279.30;-98.23
65282.23;-98.47
65285.16;-98.47
65288.09;-98.31
65291.02;-98.00
65293.95;-98.08
65296.88;-98.15
65299.80;-98.54
65302.73;-98.54
65305.66;-98.39
65308.59;-98.31
65311.52;-98.54
65314.45;-98.31
65317.38;-98.23
65320.31;-98.08
65323.24;-98.15
65326.17;-98.39
65329.10;-98.15
65332.03;-98.31
65334.96;-98.47
65337.89;-98.23
65340.82;-98.47
65343.75;-98.39
65346.68;-98.15
65349.61;-98.31
65352.54;-98.39
65355.47;-98.47
65358.40;-98.08
65361.33;-98.23
65364.26;-98.39
65367.19;-98.62
65370.12;-98.54
65373.05;-98.31
65375.98;-98.39
65378.91;-98.31
65381.84;-98.23
65384.77;-98.23
65387.70;-98.39
65390.63;-98.39
65393.55;-98.15
65396.48;-98.23
65399.41;-98.47
65402.34;-98.47
65405.27;-98.47
65408.20;-98.54
65411.13;-98.47
65414.06;-98.39
65416.99;-98.23
65419.92;-98.62
65422.85;-98.47
65425.78;-98.15
65428.71;-98.47
65431.64;-98.39
65434.57;-98.47
65437.50;-98.70
65440.43;-98.78
65443.36;-98.54
65446.29;-98.47
65449.22;-98.70
65452.15;-98.62
65455.08;-98.70
65458.01;-98.39
65460.94;-98.15
65463.87;-98.62
65466.80;-98.47
65469.73;-98.54
65472.66;-98.78
65475.59;-98.78
65478.52;-98.62
65481.45;-98.54
65484.38;-98.31
65487.30;-98.47
65490.23;-98.31
65493.16;-98.23
65496.09;-98.47
65499.02;-98.62
65501.95;-98.39
65504.88;-98.47
65507.81;-98.47
65510.74;-98.23
65513.67;-98.31
65516.60;-98.62
65519.53;-98.62
65522.46;-98.54
65525.39;-98.31
65528.32;-98.47
65531.25;-98.47
65534.18;-98.62
65537.11;-98.54
65540.04;-98.31
65542.97;-98.31
65545.90;-98.47
65548.83;-98.47
65551.76;-98.54
65554.69;-98.78
65557.62;-98.54
65560.55;-98.31
65563.48;-98.54
65566.41;-98.62
65569.34;-98.23
65572.27;-98.31
65575.20;-98.39
65578.13;-98.47
65581.05;-98.47
65583.98;-98.70
65586.91;-98.70
65589.84;-98.70
65592.77;-98.78
65595.70;-98.70
65598.63;-98.31
65601.56;-98.31
65604.49;-98.47
65607.42;-98.62
65610.35;-98.70
65613.28;-98.62
65616.21;-98.54
65619.14;-98.47
65622.07;-98.62
65625.00;-98.39
65627.93;-98.39
65630.86;-98.54
65633.79;-98.47
65636.72;-98.54
65639.65;-98.54
65642.58;-98.62
65645.51;-98.47
65648.44;-98.31
65651.37;-98.47
65654.30;-98.62
65657.23;-98.62
65660.16;-98.54
65663.09;-98.54
65666.02;-98.39
65668.95;-98.23
65671.88;-98.39
65674.80;-98.39
65677.73;-98.39
65680.66;-98.54
65683.59;-98.62
65686.52;-98.54
65689.45;-98.47
65692.38;-98.54
65695.31;-98.47
65698.24;-98.39
65701.17;-98.70
65704.10;-98.78
65707.03;-98.47
65709.96;-98.62
65712.89;-98.47
65715.82;-98.23
65718.75;-98.39
65721.68;-98.54
65724.61;-98.78
65727.54;-98.62
65730.47;-98.39
65733.40;-98.39
65736.33;-98.47
65739.26;-98.47
65742.19;-98.23
65745.12;-98.62
65748.05;-98.70
65750.98;-98.47
65753.91;-98.39
65756.84;-98.39
65759.77;-98.39
65762.70;-98.31
65765.63;-98.54
65768.55;-98.62
65771.48;-98.39
65774.41;-98.62
65777.34;-98.54
65780.27;-98.39
65783.20;-98.70
65786.13;-98.70
65789.06;-98.47
65791.99;-98.31
65794.92;-98.54
65797.85;-98.31
65800.78;-98.39
65803.71;-98.62
65806.64;-98.54
65809.57;-98.54
65812.50;-98.54
65815.43;-98.62
65818.36;-98.39
65821.29;-98.08
65824.22;-98.39
65827.15;-98.31
65830.08;-98.62
65833.01;-98.62
65835.94;-98.39
65838.87;-98.54
65841.80;-98.54
65844.73;-98.39
65847.66;-98.47
65850.59;-98.47
65853.52;-98.54
65856.45;-98.47
65859.38;-98.15
65862.30;-98.31
65865.23;-98.47
65868.16;-98.62
65871.09;-98.47
65874.02;-98.62
65876.95;-98.39
65879.88;-98.23
65882.81;-98.47
65885.74;-98.31
65888.67;-98.39
65891.60;-98.78
65894.53;-98.78
65897.46;-98.70
65900.39;-98.39
65903.32;-98.47
65906.25;-98.62
65909.18;-98.47
65912.11;-98.47
65915.04;-98.62
65917.97;-98.31
65920.90;-98.31
65923.83;-98.39
65926.76;-98.47
65929.69;-98.31
65932.62;-98.31
65935.55;-98.39
65938.48;-98.39
65941.41;-98.47
65944.34;-98.47
65947.27;-98.39
65950.20;-98.54
65953.13;-98.39
65956.05;-98.23
65958.98;-98.31
65961.91;-98.39
65964.84;-98.54
65967.77;-98.39
65970.70;-98.39
65973.63;-98.54
65976.56;-98.70
65979.49;-98.08
65982.42;-98.08
65985.35;-98.31
65988.28;-98.31
65991.21;-98.39
65994.14;-98.39
65997.07;-98.54
66000.00;-98.62
66002.93;-98.62
66005.86;-98.70
66008.79;-98.70
66011.72;-98.54
66014.65;-98.31
66017.58;-98.54
66020.51;-98.62
66023.44;-98.62
66026.37;-98.70
66029.30;-98.54
66032.23;-98.39
66035.16;-98.39
66038.09;-98.47
66041.02;-98.31
66043.95;-98.78
66046.88;-98.47
66049.80;-98.54
66052.73;-98.31
66055.66;-98.31
66058.59;-98.54
66061.52;-98.54
66064.45;-98.54
66067.38;-98.62
66070.31;-98.47
66073.24;-98.47
66076.17;-98.54
66079.10;-98.54
66082.03;-98.31
66084.96;-98.15
66087.89;-98.47
66090.82;-98.47
66093.75;-98.39
66096.68;-98.62
66099.61;-98.31
66102.54;-98.47
66105.47;-98.31
66108.40;-98.31
66111.33;-98.39
66114.26;-98.54
66117.19;-98.47
66120.12;-98.47
66123.05;-98.54
66125.98;-98.62
66128.91;-98.70
66131.84;-98.62
66134.77;-98.47
66137.70;-98.47
66140.63;-98.31
66143.55;-98.54
66146.48;-98.47
66149.41;-98.31
66152.34;-98.39
66155.27;-98.47
66158.20;-98.31
66161.13;-98.54
66164.06;-98.47
66166.99;-98.15
66169.92;-98.23
66172.85;-98.47
66175.78;-98.39
66178.71;-98.54
66181.64;-98.15
66184.57;-98.23
66187.50;-98.39
66190.43;-98.47
66193.36;-98.39
66196.29;-98.47
66199.22;-98.62
66202.15;-98.70
66205.08;-98.62
66208.01;-98.39
66210.94;-98.70
66213.87;-98.39
66216.80;-98.31
66219.73;-98.70
66222.66;-98.54
66225.59;-98.62
66228.52;-98.47
66231.45;-98.31
66234.38;-98.78
66237.30;-98.54
66240.23;-98.47
66243.16;-98.62
66246.09;-98.47
66249.02;-98.62
66251.95;-98.54
66254.88;-98.39
66257.81;-98.23
66260.74;-98.39
66263.67;-98.54
66266.60;-98.54
66269.53;-98.39
66272.46;-98.39
66275.39;-98.47
66278.32;-98.62
66281.25;-98.54
66284.18;-98.39
66287.11;-98.31
66290.04;-98.39
66292.97;-98.54
66295.90;-98.54
66298.83;-98.31
66301.76;-98.47
66304.69;-98.31
66307.62;-98.15
66310.55;-98.23
66313.48;-98.31
66316.41;-98.31
66319.34;-98.23
66322.27;-98.62
66325.20;-98.47
66328.13;-98.39
66331.05;-98.47
66333.98;-98.47
66336.91;-98.39
66339.84;-98.54
66342.77;-98.70
66345.70;-98.62
66348.63;-98.39
66351.56;-98.39
66354.49;-98.47
66357.42;-98.62
66360.35;-98.70
66363.28;-98.54
66366.21;-98.39
66369.14;-98.23
66372.07;-98.23
66375.00;-98.47
66377.93;-98.39
66380.86;-98.62
66383.79;-98.23
66386.72;-98.15
66389.65;-98.54
66392.58;-98.78
66395.51;-98.70
66398.44;-98.54
66401.37;-98.54
66404.30;-98.47
66407.23;-98.78
66410.16;-98.23
66413.09;-98.00
66416.02;-98.15
66418.95;-98.31
66421.88;-98.31
66424.80;-98.15
66427.73;-98.15
66430.66;-98.31
66433.59;-98.23
66436.52;-98.39
66439.45;-98.62
66442.38;-98.70
66445.31;-98.39
66448.24;-98.47
66451.17;-98.62
66454.10;-98.54
66457.03;-98.39
66459.96;-98.47
66462.89;-98.62
66465.82;-98.62
66468.75;-98.39
66471.68;-98.54
66474.61;-98.54
66477.54;-98.62
66480.47;-98.70
66483.40;-98.54
66486.33;-98.31
66489.26;-98.54
66492.19;-98.47
66495.12;-98.39
66498.05;-98.39
66500.98;-98.31
66503.91;-98.54
66506.84;-98.39
66509.77;-98.31
66512.70;-98.39
66515.63;-98.47
66518.55;-98.47
66521.48;-98.54
66524.41;-98.31
66527.34;-98.47
66530.27;-98.70
66533.20;-98.70
66536.13;-98.31
66539.06;-98.47
66541.99;-98.47
66544.92;-98.39
66547.85;-98.54
66550.78;-98.39
66553.71;-98.23
66556.64;-98.47
66559.57;-98.70
66562.50;-98.39
66565.43;-98.39
66568.36;-98.54
66571.29;-98.70
66574.22;-98.62
66577.15;-98.39
66580.08;-98.31
66583.01;-98.31
66585.94;-98.47
66588.87;-98.47
66591.80;-98.39
66594.73;-98.54
66597.66;-98.47
66600.59;-98.54
66603.52;-98.39
66606.45;-98.39
66609.38;-98.54
66612.30;-98.78
66615.23;-98.47
66618.16;-98.31
66621.09;-98.39
66624.02;-98.47
66626.95;-98.39
66629.88;-98.39
66632.81;-98.31
66635.74;-98.31
66638.67;-98.54
66641.60;-98.54
66644.53;-98.39
66647.46;-98.86
66650.39;-98.86
66653.32;-98.47
66656.25;-98.31
66659.18;-98.39
66662.11;-98.70
66665.04;-98.62
66667.97;-98.54
66670.90;-98.54
66673.83;-98.31
66676.76;-98.31
66679.69;-98.54
66682.62;-98.47
66685.55;-98.31
66688.48;-98.23
66691.41;-98.31
66694.34;-98.15
66697.27;-98.31
66700.20;-98.31
66703.13;-98.31
66706.05;-98.54
66708.98;-98.78
66711.91;-98.62
66714.84;-98.39
66717.77;-98.70
66720.70;-98.54
66723.63;-98.54
66726.56;-98.39
66729.49;-98.39
66732.42;-98.39
66735.35;-98.62
66738.28;-98.47
66741.21;-98.39
66744.14;-98.70
66747.07;-98.78
66750.00;-98.54
66752.93;-98.62
66755.86;-98.62
66758.79;-98.39
66761.72;-98.47
66764.65;-98.47
66767.58;-98.54
66770.51;-98.62
66773.44;-98.15
66776.37;-98.15
66779.30;-98.15
66782.23;-98.15
66785.16;-98.39
66788.09;-98.54
66791.02;-98.70
66793.95;-98.70
66796.88;-98.39
66799.80;-98.39
66802.73;-98.47
66805.66;-98.54
66808.59;-98.70
66811.52;-98.54
66814.45;-98.39
66817.38;-98.54
66820.31;-98.39
66823.24;-98.47
66826.17;-98.31
66829.10;-98.23
66832.03;-98.39
66834.96;-98.31
66837.89;-98.08
66840.82;-98.00
66843.75;-98.39
66846.68;-98.62
66849.61;-98.47
66852.54;-98.70
66855.47;-98.54
66858.40;-98.54
66861.33;-98.39
66864.26;-98.39
66867.19;-98.62
66870.12;-98.47
66873.05;-98.23
66875.98;-98.31
66878.91;-98.15
66881.84;-98.39
66884.77;-98.23
66887.70;-98.62
66890.63;-98.70
66893.55;-98.47
66896.48;-98.31
66899.41;-98.31
66902.34;-98.31
66905.27;-98.39
66908.20;-98.23
66911.13;-98.47
66914.06;-98.47
66916.99;-98.31
66919.92;-98.23
66922.85;-98.31
66925.78;-98.54
66928.71;-98.23
66931.64;-98.47
66934.57;-98.39
66937.50;-98.31
66940.43;-98.39
66943.36;-98.23
66946.29;-98.23
66949.22;-98.39
66952.15;-98.39
66955.08;-98.62
66958.01;-98.78
66960.94;-98.54
66963.87;-98.39
66966.80;-98.54
66969.73;-98.47
66972.66;-98.70
66975.59;-98.54
66978.52;-98.62
66981.45;-98.54
66984.38;-98.54
66987.30;-98.47
66990.23;-98.47
66993.16;-98.39
66996.09;-98.31
66999.02;-98.31
67001.95;-98.47
67004.88;-98.62
67007.81;-98.31
67010.74;-98.47
67013.67;-98.39
67016.60;-98.23
67019.53;-98.39
67022.46;-98.70
67025.39;-98.70
67028.32;-98.62
67031.25;-98.47
67034.18;-98.54
67037.11;-98.47
67040.04;-98.31
67042.97;-98.39
67045.90;-98.62
67048.83;-98.54
67051.76;-98.54
67054.69;-98.70
67057.62;-98.39
67060.55;-98.23
67063.48;-98.31
67066.41;-98.31
67069.34;-98.47
67072.27;-98.47
67075.20;-98.54
67078.13;-98.62
67081.05;-98.39
67083.98;-98.15
67086.91;-98.23
67089.84;-98.62
67092.77;-98.47
67095.70;-98.31
67098.63;-98.54
67101.56;-98.78
67104.49;-98.54
67107.42;-98.47
67110.35;-98.54
67113.28;-98.86
67116.21;-98.70
67119.14;-98.47
67122.07;-98.39
67125.00;-98.39
67127.93;-98.47
67130.86;-98.47
67133.79;-98.47
67136.72;-98.39
67139.65;-98.15
67142.58;-98.47
67145.51;-98.47
67148.44;-98.62
67151.37;-98.47
67154.30;-98.31
67157.23;-98.15
67160.16;-98.39
67163.09;-98.54
67166.02;-98.62
67168.95;-98.62
67171.88;-98.47
67174.80;-98.39
67177.73;-98.31
67180.66;-98.70
67183.59;-98.94
67186.52;-98.70
67189.45;-98.70
67192.38;-98.54
67195.31;-98.62
67198.24;-98.70
67201.17;-98.70
67204.10;-98.54
67207.03;-98.70
67209.96;-98.31
67212.89;-98.39
67215.82;-98.62
67218.75;-98.39
67221.68;-98.47
67224.61;-98.70
67227.54;-98.86
67230.47;-98.70
67233.40;-98.47
67236.33;-98.54
67239.26;-98.78
67242.19;-98.47
67245.12;-98.54
67248.05;-98.54
67250.98;-98.54
67253.91;-98.54
67256.84;-98.31
67259.77;-98.54
67262.70;-98.47
67265.63;-98.39
67268.55;-98.39
67271.48;-98.23
67274.41;-98.47
67277.34;-98.62
67280.27;-98.62
67283.20;-98.70
67286.13;-98.62
67289.06;-98.47
67291.99;-98.31
67294.92;-98.47
67297.85;-98.39
67300.78;-98.62
67303.71;-98.54
67306.64;-98.47
67309.57;-98.54
67312.50;-98.15
67315.43;-98.39
67318.36;-98.54
67321.29;-98.47
67324.22;-98.54
67327.15;-98.47
67330.08;-98.39
67333.01;-98.39
67335.94;-98.54
67338.87;-98.39
67341.80;-98.47
67344.73;-98.39
67347.66;-98.15
67350.59;-98.23
67353.52;-98.62
67356.45;-98.39
67359.38;-98.47
67362.30;-98.47
67365.23;-98.31
67368.16;-98.39
67371.09;-98.62
67374.02;-99.01
67376.95;-98.70
67379.88;-98.62
67382.81;-98.78
67385.74;-98.54
67388.67;-98.31
67391.60;-98.39
67394.53;-98.47
67397.46;-98.78
67400.39;-98.70
67403.32;-98.62
67406.25;-98.54
67409.18;-98.54
67412.11;-98.62
67415.04;-98.94
67417.97;-98.78
67420.90;-98.62
67423.83;-98.70
67426.76;-98.23
67429.69;-98.39
67432.62;-98.86
67435.55;-98.70
67438.48;-98.70
67441.41;-98.70
67444.34;-98.47
67447.27;-98.54
67450.20;-98.47
67453.13;-98.47
67456.05;-98.54
67458.98;-98.62
67461.91;-98.54
67464.84;-98.39
67467.77;-98.47
67470.70;-98.31
67473.63;-98.47
67476.56;-98.54
67479.49;-98.47
67482.42;-98.23
67485.35;-98.31
67488.28;-98.54
67491.21;-98.54
67494.14;-98.47
67497.07;-98.31
67500.00;-98.47
67502.93;-98.78
67505.86;-98.62
67508.79;-98.54
67511.72;-98.39
67514.65;-98.54
67517.58;-98.70
67520.51;-98.62
67523.44;-98.54
67526.37;-98.47
67529.30;-98.54
67532.23;-98.78
67535.16;-98.39
67538.09;-98.39
67541.02;-98.70
67543.95;-98.31
67546.88;-98.31
67549.80;-98.47
67552.73;-98.62
67555.66;-98.70
67558.59;-98.86
67561.52;-98.78
67564.45;-98.54
67567.38;-98.31
67570.31;-98.54
67573.24;-98.47
67576.17;-98.31
67579.10;-98.47
67582.03;-98.62
67584.96;-98.62
67587.89;-98.70
67590.82;-98.62
67593.75;-98.62
67596.68;-98.54
67599.61;-98.62
67602.54;-98.47
67605.47;-98.23
67608.40;-98.15
67611.33;-98.39
67614.26;-98.54
67617.19;-98.78
67620.12;-98.39
67623.05;-98.31
67625.98;-98.47
67628.91;-98.70
67631.84;-98.54
67634.77;-98.31
67637.70;-98.47
67640.63;-98.54
67643.55;-98.54
67646.48;-98.39
67649.41;-98.70
67652.34;-98.62
67655.27;-98.54
67658.20;-98.47
67661.13;-98.54
67664.06;-98.70
67666.99;-98.47
67669.92;-98.86
67672.85;-98.54
67675.78;-98.39
67678.71;-98.31
67681.64;-98.39
67684.57;-98.31
67687.50;-98.39
67690.43;-98.39
67693.36;-98.31
67696.29;-98.47
67699.22;-98.62
67702.15;-98.31
67705.08;-98.39
67708.01;-98.47
67710.94;-98.54
67713.87;-98.54
67716.80;-98.47
67719.73;-98.54
67722.66;-98.70
67725.59;-98.78
67728.52;-98.47
67731.45;-98.47
67734.38;-98.78
67737.30;-98.54
67740.23;-98.47
67743.16;-98.47
67746.09;-98.47
67749.02;-98.70
67751.95;-98.47
67754.88;-98.47
67757.81;-98.39
67760.74;-98.54
67763.67;-98.78
67766.60;-98.70
67769.53;-98.70
67772.46;-98.62
67775.39;-98.39
67778.32;-98.54
67781.25;-98.47
67784.18;-98.47
67787.11;-98.31
67790.04;-98.23
67792.97;-98.15
67795.90;-98.31
67798.83;-98.39
67801.76;-98.39
67804.69;-98.39
67807.62;-98.15
67810.55;-98.39
67813.48;-98.39
67816.41;-98.47
67819.34;-98.54
67822.27;-98.47
67825.20;-98.39
67828.13;-98.31
67831.05;-98.47
67833.98;-98.31
67836.91;-98.31
67839.84;-98.54
67842.77;-98.47
67845.70;-98.54
67848.63;-98.78
67851.56;-98.54
67854.49;-98.54
67857.42;-98.39
67860.35;-98.47
67863.28;-98.08
67866.21;-98.23
67869.14;-98.47
67872.07;-98.62
67875.00;-98.54
67877.93;-98.62
67880.86;-98.47
67883.79;-98.39
67886.72;-98.31
67889.65;-98.15
67892.58;-98.47
67895.51;-98.62
67898.44;-98.47
67901.37;-98.15
67904.30;-98.31
67907.23;-98.62
67910.16;-98.62
67913.09;-98.54
67916.02;-98.31
67918.95;-98.23
67921.88;-98.39
67924.80;-98.39
67927.73;-98.31
67930.66;-98.15
67933.59;-98.15
67936.52;-98.70
67939.45;-98.62
67942.38;-98.54
67945.31;-98.39
67948.24;-98.15
67951.17;-98.15
67954.10;-98.31
67957.03;-98.23
67959.96;-98.54
67962.89;-98.86
67965.82;-98.78
67968.75;-98.62
67971.68;-98.70
67974.61;-98.47
67977.54;-98.39
67980.47;-98.54
67983.40;-98.47
67986.33;-98.39
67989.26;-98.31
67992.19;-98.54
67995.12;-98.54
67998.05;-98.08
68000.98;-98.31
68003.91;-98.31
68006.84;-98.31
68009.77;-98.47
68012.70;-98.54
68015.63;-98.62
68018.55;-98.39
68021.48;-98.23
68024.41;-98.54
68027.34;-98.54
68030.27;-98.54
68033.20;-98.47
68036.13;-98.39
68039.06;-98.31
68041.99;-98.47
68044.92;-98.47
68047.85;-98.54
68050.78;-98.39
68053.71;-98.47
68056.64;-98.47
68059.57;-98.86
68062.50;-98.78
68065.43;-98.70
68068.36;-98.62
68071.29;-98.39
68074.22;-98.31
68077.15;-98.54
68080.08;-98.54
68083.01;-98.39
68085.94;-98.47
68088.87;-98.70
68091.80;-98.54
68094.73;-98.47
68097.66;-98.47
68100.59;-98.23
68103.52;-98.31
68106.45;-98.54
68109.38;-98.39
68112.30;-98.54
68115.23;-98.70
68118.16;-98.23
68121.09;-98.23
68124.02;-98.47
68126.95;-98.70
68129.88;-98.70
68132.81;-98.54
68135.74;-98.54
68138.67;-98.70
68141.60;-98.70
68144.53;-98.54
68147.46;-98.62
68150.39;-98.54
68153.32;-98.62
68156.25;-98.62
68159.18;-98.78
68162.11;-98.47
68165.04;-98.31
68167.97;-98.39
68170.90;-98.23
68173.83;-98.47
68176.76;-98.47
68179.69;-98.31
68182.62;-98.47
68185.55;-98.70
68188.48;-98.62
68191.41;-98.54
68194.34;-98.62
68197.27;-98.31
68200.20;-98.23
68203.13;-98.39
68206.05;-98.47
68208.98;-98.54
68211.91;-98.54
68214.84;-98.39
68217.77;-98.39
68220.70;-98.15
68223.63;-98.39
68226.56;-98.70
68229.49;-98.70
68232.42;-98.70
68235.35;-98.47
68238.28;-98.23
68241.21;-98.39
68244.14;-98.31
68247.07;-98.62
68250.00;-98.70
68252.93;-98.54
68255.86;-98.39
68258.79;-98.47
68261.72;-98.54
68264.65;-98.78
68267.58;-98.47
68270.51;-98.15
68273.44;-98.39
68276.37;-98.54
68279.30;-98.39
68282.23;-98.47
68285.16;-98.47
68288.09;-98.31
68291.02;-98.62
68293.95;-98.62
68296.88;-98.47
68299.80;-98.62
68302.73;-98.62
68305.66;-98.47
68308.59;-98.31
68311.52;-98.23
68314.45;-98.31
68317.38;-98.23
68320.31;-98.47
68323.24;-98.62
68326.17;-98.54
68329.10;-98.54
68332.03;-98.78
68334.96;-98.86
68337.89;-98.78
68340.82;-98.62
68343.75;-98.31
68346.68;-98.31
68349.61;-98.39
68352.54;-98.54
68355.47;-98.54
68358.40;-98.31
68361.33;-98.47
68364.26;-98.78
68367.19;-98.47
68370.12;-98.70
68373.05;-98.54
68375.98;-98.39
68378.91;-98.47
68381.84;-98.70
68384.77;-98.70
68387.70;-98.54
68390.63;-98.54
68393.55;-98.54
68396.48;-98.54
68399.41;-98.39
68402.34;-98.39
68405.27;-98.08
68408.20;-98.31
68411.13;-98.47
68414.06;-98.54
68416.99;-98.62
68419.92;-98.39
68422.85;-98.39
68425.78;-98.54
68428.71;-98.39
68431.64;-98.23
68434.57;-98.31
68437.50;-98.39
68440.43;-98.39
68443.36;-98.54
68446.29;-98.62
68449.22;-98.15
68452.15;-98.23
68455.08;-98.54
68458.01;-98.47
68460.94;-98.54
68463.87;-98.70
68466.80;-98.70
68469.73;-98.70
68472.66;-98.54
68475.59;-98.15
68478.52;-98.15
68481.45;-98.70
68484.38;-98.78
68487.30;-98.54
68490.23;-98.23
68493.16;-97.92
68496.09;-98.15
68499.02;-98.47
68501.95;-98.54
68504.88;-98.54
68507.81;-98.39
68510.74;-98.62
68513.67;-98.78
68516.60;-98.54
68519.53;-98.54
68522.46;-98.54
68525.39;-98.70
68528.32;-98.47
68531.25;-98.15
68534.18;-98.47
68537.11;-98.47
68540.04;-98.31
68542.97;-98.31
68545.90;-98.54
68548.83;-98.70
68551.76;-98.70
68554.69;-98.78
68557.62;-98.70
68560.55;-98.39
68563.48;-98.15
68566.41;-98.00
68569.34;-98.08
68572.27;-98.47
68575.20;-98.62
68578.13;-98.62
68581.05;-98.62
68583.98;-98.54
68586.91;-98.54
68589.84;-98.62
68592.77;-98.39
68595.70;-98.47
68598.63;-98.31
68601.56;-98.31
68604.49;-98.54
68607.42;-98.54
68610.35;-98.39
68613.28;-98.62
68616.21;-98.62
68619.14;-98.31
68622.07;-98.39
68625.00;-98.31
68627.93;-98.31
68630.86;-98.31
68633.79;-98.54
68636.72;-98.62
68639.65;-98.47
68642.58;-98.47
68645.51;-98.54
68648.44;-98.39
68651.37;-98.23
68654.30;-98.31
68657.23;-98.70
68660.16;-98.62
68663.09;-98.39
68666.02;-98.23
68668.95;-98.31
68671.88;-98.15
68674.80;-98.23
68677.73;-98.62
68680.66;-98.70
68683.59;-98.47
68686.52;-98.39
68689.45;-98.62
68692.38;-98.54
68695.31;-98.54
68698.24;-98.78
68701.17;-98.54
68704.10;-98.54
68707.03;-98.39
68709.96;-98.47
68712.89;-98.54
68715.82;-98.31
68718.75;-98.39
68721.68;-98.54
68724.61;-98.47
68727.54;-98.62
68730.47;-98.23
68733.40;-98.31
68736.33;-98.54
68739.26;-98.70
68742.19;-98.70
68745.12;-98.62
68748.05;-98.47
68750.98;-98.54
68753.91;-98.54
68756.84;-98.47
68759.77;-98.62
68762.70;-98.54
68765.63;-98.39
68768.55;-98.39
68771.48;-98.31
68774.41;-98.31
68777.34;-98.54
68780.27;-98.94
68783.20;-98.54
68786.13;-98.39
68789.06;-98.39
68791.99;-98.39
68794.92;-98.47
68797.85;-98.47
68800.78;-98.47
68803.71;-98.47
68806.64;-98.54
68809.57;-98.47
68812.50;-98.47
68815.43;-98.62
68818.36;-98.39
68821.29;-98.54
68824.22;-98.70
68827.15;-98.47
68830.08;-98.31
68833.01;-98.23
68835.94;-98.39
68838.87;-98.31
68841.80;-98.62
68844.73;-98.54
68847.66;-98.47
68850.59;-98.78
68853.52;-98.62
68856.45;-98.62
68859.38;-98.54
68862.30;-98.31
68865.23;-98.62
68868.16;-98.62
68871.09;-98.23
68874.02;-98.23
68876.95;-98.54
68879.88;-98.39
68882.81;-98.31
68885.74;-98.54
68888.67;-98.70
68891.60;-98.39
68894.53;-98.78
68897.46;-98.54
68900.39;-98.54
68903.32;-98.62
68906.25;-98.31
68909.18;-98.47
68912.11;-98.54
68915.04;-98.15
68917.97;-98.47
68920.90;-98.47
68923.83;-98.47
68926.76;-98.62
68929.69;-98.47
68932.62;-98.54
68935.55;-98.70
68938.48;-98.62
68941.41;-98.47
68944.34;-98.39
68947.27;-98.31
68950.20;-98.62
68953.13;-98.78
68956.05;-98.47
68958.98;-98.47
68961.91;-98.47
68964.84;-98.47
68967.77;-98.54
68970.70;-98.62
68973.63;-98.54
68976.56;-98.47
68979.49;-98.54
68982.42;-98.47
68985.35;-98.78
68988.28;-98.08
68991.21;-97.92
68994.14;-98.08
68997.07;-98.15
69000.00;-98.23
69002.93;-98.47
69005.86;-98.47
69008.79;-98.23
69011.72;-98.15
69014.65;-98.39
69017.58;-98.47
69020.51;-98.54
69023.44;-98.54
69026.37;-98.39
69029.30;-98.31
69032.23;-98.31
69035.16;-98.54
69038.09;-98.54
69041.02;-98.62
69043.95;-98.78
69046.88;-98.70
69049.80;-98.70
69052.73;-98.47
69055.66;-98.23
69058.59;-98.47
69061.52;-98.62
69064.45;-98.47
69067.38;-98.62
69070.31;-98.54
69073.24;-98.47
69076.17;-98.47
69079.10;-98.54
69082.03;-98.39
69084.96;-98.54
69087.89;-98.47
69090.82;-98.54
69093.75;-98.70
69096.68;-98.54
69099.61;-98.23
69102.54;-98.23
69105.47;-98.39
69108.40;-98.47
69111.33;-98.78
69114.26;-98.62
69117.19;-98.39
69120.12;-98.54
69123.05;-98.54
69125.98;-98.54
69128.91;-98.39
69131.84;-98.31
69134.77;-98.39
69137.70;-98.47
69140.63;-98.39
69143.55;-98.47
69146.48;-98.39
69149.41;-98.39
69152.34;-98.39
69155.27;-98.62
69158.20;-98.62
69161.13;-98.39
69164.06;-98.54
69166.99;-98.62
69169.92;-98.62
69172.85;-98.39
69175.78;-98.47
69178.71;-98.54
69181.64;-98.54
69184.57;-98.78
69187.50;-98.70
69190.43;-98.47
69193.36;-98.47
69196.29;-98.31
69199.22;-98.54
69202.15;-98.54
69205.08;-98.70
69208.01;-98.62
69210.94;-98.47
69213.87;-98.47
69216.80;-98.47
69219.73;-98.31
69222.66;-98.39
69225.59;-98.70
69228.52;-98.47
69231.45;-98.39
69234.38;-98.47
69237.30;-98.70
69240.23;-98.70
69243.16;-98.31
69246.09;-98.39
69249.02;-98.54
69251.95;-98.39
69254.88;-98.31
69257.81;-98.54
69260.74;-98.39
69263.67;-98.54
69266.60;-98.78
69269.53;-98.47
69272.46;-98.70
69275.39;-98.47
69278.32;-98.39
69281.25;-98.47
69284.18;-98.31
69287.11;-98.23
69290.04;-98.47
69292.97;-98.23
69295.90;-98.47
69298.83;-98.39
69301.76;-98.31
69304.69;-98.23
69307.62;-98.31
69310.55;-98.70
69313.48;-98.47
69316.41;-98.70
69319.34;-98.78
69322.27;-98.47
69325.20;-98.47
69328.13;-98.47
69331.05;-98.62
69333.98;-98.31
69336.91;-98.39
69339.84;-98.54
69342.77;-98.62
69345.70;-98.23
69348.63;-98.31
69351.56;-98.54
69354.49;-98.54
69357.42;-98.47
69360.35;-98.47
69363.28;-98.47
69366.21;-98.47
69369.14;-98.39
69372.07;-98.39
69375.00;-98.54
69377.93;-98.54
69380.86;-98.39
69383.79;-98.47
69386.72;-98.23
69389.65;-98.23
69392.58;-98.31
69395.51;-98.23
69398.44;-98.23
69401.37;-98.39
69404.30;-98.39
69407.23;-98.31
69410.16;-98.15
69413.09;-98.39
69416.02;-98.62
69418.95;-98.62
69421.88;-98.39
69424.80;-98.31
69427.73;-98.54
69430.66;-98.62
69433.59;-98.62
69436.52;-98.54
69439.45;-98.39
69442.38;-98.54
69445.31;-98.54
69448.24;-98.39
69451.17;-98.31
69454.10;-98.54
69457.03;-98.70
69459.96;-98.70
69462.89;-98.62
69465.82;-98.86
69468.75;-98.78
69471.68;-98.62
69474.61;-98.54
69477.54;-98.54
69480.47;-98.39
69483.40;-98.47
69486.33;-98.31
69489.26;-98.62
69492.19;-98.78
69495.12;-98.62
69498.05;-98.70
69500.98;-98.78
69503.91;-98.47
69506.84;-98.47
69509.77;-98.78
69512.70;-98.94
69515.63;-98.47
69518.55;-98.62
69521.48;-98.70
69524.41;-98.47
69527.34;-98.70
69530.27;-98.62
69533.20;-98.54
69536.13;-98.70
69539.06;-98.70
69541.99;-98.62
69544.92;-98.54
69547.85;-98.70
69550.78;-98.62
69553.71;-98.54
69556.64;-98.54
69559.57;-98.31
69562.50;-98.39
69565.43;-98.39
69568.36;-98.54
69571.29;-98.54
69574.22;-98.70
69577.15;-98.70
69580.08;-98.54
69583.01;-98.54
69585.94;-98.31
69588.87;-98.54
69591.80;-98.54
69594.73;-98.39
69597.66;-98.31
69600.59;-98.62
69603.52;-98.54
69606.45;-98.54
69609.38;-98.47
69612.30;-98.47
69615.23;-98.78
69618.16;-98.62
69621.09;-98.47
69624.02;-98.62
69626.95;-98.62
69629.88;-98.54
69632.81;-98.70
69635.74;-98.70
69638.67;-98.54
69641.60;-98.31
69644.53;-98.47
69647.46;-98.62
69650.39;-98.47
69653.32;-98.47
69656.25;-98.62
69659.18;-98.70
69662.11;-98.70
69665.04;-98.39
69667.97;-98.47
69670.90;-98.47
69673.83;-98.70
69676.76;-98.70
69679.69;-98.39
69682.62;-98.54
69685.55;-98.78
69688.48;-98.78
69691.41;-98.62
69694.34;-98.47
69697.27;-98.62
69700.20;-98.62
69703.13;-98.47
69706.05;-98.70
69708.98;-98.94
69711.91;-98.62
69714.84;-98.70
69717.77;-98.86
69720.70;-98.62
69723.63;-98.70
69726.56;-98.86
69729.49;-98.62
69732.42;-98.31
69735.35;-98.39
69738.28;-98.39
69741.21;-98.39
69744.14;-98.54
69747.07;-98.54
69750.00;-98.47
69752.93;-98.62
69755.86;-98.86
69758.79;-98.86
69761.72;-98.54
69764.65;-98.39
69767.58;-98.47
69770.51;-98.54
69773.44;-98.47
69776.37;-98.70
69779.30;-98.62
69782.23;-98.54
69785.16;-98.31
69788.09;-98.23
69791.02;-98.31
69793.95;-98.31
69796.88;-98.47
69799.80;-98.70
69802.73;-98.54
69805.66;-98.54
69808.59;-98.54
69811.52;-98.70
69814.45;-98.54
69817.38;-98.54
69820.31;-98.23
69823.24;-98.31
69826.17;-98.54
69829.10;-98.31
69832.03;-98.23
69834.96;-98.39
69837.89;-98.62
69840.82;-98.62
69843.75;-98.31
69846.68;-98.39
69849.61;-98.54
69852.54;-98.62
69855.47;-98.31
69858.40;-98.39
69861.33;-98.47
69864.26;-98.15
69867.19;-98.39
69870.12;-98.94
69873.05;-98.94
69875.98;-98.62
69878.91;-98.54
69881.84;-98.39
69884.77;-98.39
69887.70;-98.47
69890.63;-98.62
69893.55;-98.78
69896.48;-98.78
69899.41;-98.70
69902.34;-98.86
69905.27;-98.70
69908.20;-98.62
69911.13;-98.31
69914.06;-98.54
69916.99;-98.78
69919.92;-98.54
69922.85;-98.54
69925.78;-98.62
69928.71;-98.62
69931.64;-98.70
69934.57;-98.70
69937.50;-98.70
69940.43;-98.47
69943.36;-98.23
69946.29;-98.15
69949.22;-98.23
69952.15;-98.15
69955.08;-98.31
69958.01;-98.47
69960.94;-98.78
69963.87;-98.62
69966.80;-98.62
69969.73;-98.54
69972.66;-98.62
69975.59;-98.39
69978.52;-98.47
69981.45;-98.54
69984.38;-98.62
69987.30;-98.54
69990.23;-98.70
69993.16;-98.70
69996.09;-98.62
69999.02;-98.54
70001.95;-98.47
70004.88;-98.39
70007.81;-98.47
70010.74;-98.78
70013.67;-98.78
70016.60;-98.62
70019.53;-98.78
70022.46;-98.78
70025.39;-98.54
70028.32;-98.47
70031.25;-98.47
70034.18;-98.47
70037.11;-98.54
70040.04;-98.70
70042.97;-98.39
70045.90;-98.62
70048.83;-98.39
70051.76;-98.31
70054.69;-98.31
70057.62;-98.47
70060.55;-98.47
70063.48;-98.47
70066.41;-98.39
70069.34;-98.15
70072.27;-98.15
70075.20;-98.39
70078.13;-98.62
70081.05;-98.62
70083.98;-98.54
70086.91;-98.39
70089.84;-98.54
70092.77;-98.47
70095.70;-98.31
70098.63;-98.15
70101.56;-98.47
70104.49;-98.47
70107.42;-98.78
70110.35;-98.70
70113.28;-98.78
70116.21;-98.54
70119.14;-98.78
70122.07;-98.62
70125.00;-98.54
70127.93;-98.54
70130.86;-98.39
70133.79;-98.62
70136.72;-98.78
70139.65;-98.78
70142.58;-99.01
70145.51;-98.86
70148.44;-98.62
70151.37;-98.70
70154.30;-98.78
70157.23;-98.70
70160.16;-98.39
70163.09;-98.62
70166.02;-98.54
70168.95;-98.47
70171.88;-98.23
70174.80;-98.23
70177.73;-98.54
70180.66;-98.78
70183.59;-98.62
70186.52;-98.47
70189.45;-98.47
70192.38;-98.39
70195.31;-98.54
70198.24;-98.62
70201.17;-98.39
70204.10;-98.47
70207.03;-98.47
70209.96;-98.54
70212.89;-98.47
70215.82;-98.23
70218.75;-98.31
70221.68;-98.62
70224.61;-98.39
70227.54;-98.31
70230.47;-98.47
70233.40;-98.39
70236.33;-98.62
70239.26;-98.62
70242.19;-98.54
70245.12;-98.78
70248.05;-98.47
70250.98;-98.23
70253.91;-98.31
70256.84;-98.39
70259.77;-98.39
70262.70;-98.39
70265.63;-98.54
70268.55;-98.39
70271.48;-98.39
70274.41;-98.31
70277.34;-98.54
70280.27;-98.62
70283.20;-98.70
70286.13;-98.54
70289.06;-98.62
70291.99;-98.39
70294.92;-98.31
70297.85;-98.54
70300.78;-98.47
70303.71;-98.39
70306.64;-98.70
70309.57;-98.94
70312.50;-98.86
70315.43;-98.47
70318.36;-98.23
70321.29;-98.47
70324.22;-98.62
70327.15;-98.47
70330.08;-98.54
70333.01;-98.78
70335.94;-98.39
70338.87;-98.31
70341.80;-98.62
70344.73;-98.78
70347.66;-98.39
70350.59;-98.47
70353.52;-98.62
70356.45;-98.39
70359.38;-98.39
70362.30;-98.47
70365.23;-98.39
70368.16;-98.39
70371.09;-98.31
70374.02;-98.62
70376.95;-98.70
70379.88;-98.39
70382.81;-98.39
70385.74;-98.31
70388.67;-98.62
70391.60;-98.39
70394.53;-98.62
70397.46;-98.23
70400.39;-98.23
70403.32;-98.47
70406.25;-98.47
70409.18;-98.62
70412.11;-98.47
70415.04;-98.39
70417.97;-98.70
70420.90;-98.47
70423.83;-98.47
70426.76;-98.47
70429.69;-98.47
70432.62;-98.54
70435.55;-98.78
70438.48;-98.78
70441.41;-98.54
70444.34;-98.70
70447.27;-98.54
70450.20;-98.23
70453.13;-98.47
70456.05;-98.62
70458.98;-98.62
70461.91;-98.62
70464.84;-98.70
70467.77;-98.54
70470.70;-98.31
70473.63;-98.31
70476.56;-98.47
70479.49;-98.47
70482.42;-98.39
70485.35;-98.39
70488.28;-98.23
70491.21;-98.23
70494.14;-98.31
70497.07;-98.39
70500.00;-98.31
70502.93;-98.23
70505.86;-98.23
70508.79;-98.62
70511.72;-98.78
70514.65;-98.31
70517.58;-98.23
70520.51;-98.54
70523.44;-98.23
70526.37;-98.39
70529.30;-98.62
70532.23;-98.47
70535.16;-98.23
70538.09;-98.47
70541.02;-98.70
70543.95;-98.47
70546.88;-98.62
70549.80;-98.62
70552.73;-98.39
70555.66;-98.15
70558.59;-98.47
70561.52;-98.54
70564.45;-98.62
70567.38;-98.62
70570.31;-98.54
70573.24;-98.54
70576.17;-98.39
70579.10;-98.54
70582.03;-98.47
70584.96;-98.54
70587.89;-98.39
70590.82;-98.31
70593.75;-98.62
70596.68;-98.70
70599.61;-98.70
70602.54;-98.47
70605.47;-98.47
70608.40;-98.39
70611.33;-98.47
70614.26;-98.31
70617.19;-98.31
70620.12;-98.54
70623.05;-98.31
70625.98;-98.23
70628.91;-98.08
70631.84;-98.31
70634.77;-98.54
70637.70;-98.62
70640.63;-98.31
70643.55;-98.39
70646.48;-98.47
70649.41;-98.31
70652.34;-98.08
70655.27;-98.23
70658.20;-98.31
70661.13;-98.47
70664.06;-98.31
70666.99;-98.39
70669.92;-98.39
70672.85;-98.62
70675.78;-98.62
70678.71;-98.62
70681.64;-98.47
70684.57;-98.31
70687.50;-98.70
70690.43;-98.78
70693.36;-98.47
70696.29;-98.39
70699.22;-98.39
70702.15;-98.31
70705.08;-98.31
70708.01;-98.54
70710.94;-98.78
70713.87;-98.62
70716.80;-98.47
70719.73;-98.23
70722.66;-98.39
70725.59;-98.54
70728.52;-98.39
70731.45;-98.47
70734.38;-98.70
70737.30;-98.39
70740.23;-98.31
70743.16;-98.54
70746.09;-98.39
70749.02;-98.31
70751.95;-98.54
70754.88;-98.78
70757.81;-98.70
70760.74;-98.70
70763.67;-98.39
70766.60;-98.39
70769.53;-98.47
70772.46;-98.54
70775.39;-98.54
70778.32;-98.62
70781.25;-98.78
70784.18;-98.54
70787.11;-98.23
70790.04;-98.23
70792.97;-98.47
70795.90;-98.47
70798.83;-98.23
70801.76;-98.39
70804.69;-98.47
70807.62;-98.47
70810.55;-98.70
70813.48;-98.47
70816.41;-98.47
70819.34;-98.62
70822.27;-98.47
70825.20;-98.54
70828.13;-98.70
70831.05;-98.54
70833.98;-98.39
70836.91;-98.31
70839.84;-98.54
70842.77;-98.70
70845.70;-98.94
70848.63;-98.78
70851.56;-98.62
70854.49;-98.62
70857.42;-98.31
70860.35;-98.47
70863.28;-98.62
70866.21;-98.62
70869.14;-98.47
70872.07;-98.47
70875.00;-98.47
70877.93;-98.39
70880.86;-98.62
70883.79;-98.78
70886.72;-98.70
70889.65;-98.62
70892.58;-98.70
70895.51;-98.78
70898.44;-98.47
70901.37;-98.54
70904.30;-98.54
70907.23;-98.47
70910.16;-98.31
70913.09;-98.47
70916.02;-98.47
70918.95;-98.31
70921.88;-98.39
70924.80;-98.39
70927.73;-98.47
70930.66;-98.54
70933.59;-98.47
70936.52;-98.47
70939.45;-98.54
70942.38;-98.78
70945.31;-98.39
70948.24;-98.31
70951.17;-98.54
70954.10;-98.78
70957.03;-98.47
70959.96;-98.70
70962.89;-98.94
70965.82;-98.70
70968.75;-98.62
70971.68;-98.62
70974.61;-98.47
70977.54;-98.54
70980.47;-98.47
70983.40;-98.31
70986.33;-98.23
70989.26;-98.31
70992.19;-98.54
70995.12;-98.54
70998.05;-98.47
71000.98;-98.47
71003.91;-98.54
71006.84;-98.47
71009.77;-98.39
71012.70;-98.54
71015.63;-98.54
71018.55;-98.47
71021.48;-98.47
71024.41;-98.39
71027.34;-98.31
71030.27;-98.39
71033.20;-98.54
71036.13;-98.62
71039.06;-98.78
71041.99;-98.47
71044.92;-98.47
71047.85;-98.31
71050.78;-98.62
71053.71;-98.62
71056.64;-98.62
71059.57;-98.78
71062.50;-98.70
71065.43;-98.62
71068.36;-98.62
71071.29;-98.70
71074.22;-98.54
71077.15;-98.39
71080.08;-98.47
71083.01;-98.78
71085.94;-98.70
71088.87;-98.54
71091.80;-98.54
71094.73;-98.62
71097.66;-98.62
71100.59;-98.70
71103.52;-98.54
71106.45;-98.54
71109.38;-98.54
71112.30;-98.23
71115.23;-98.08
71118.16;-98.54
71121.09;-98.54
71124.02;-98.54
71126.95;-98.47
71129.88;-98.54
71132.81;-98.39
71135.74;-98.47
71138.67;-98.54
71141.60;-98.62
71144.53;-98.54
71147.46;-98.47
71150.39;-98.54
71153.32;-98.62
71156.25;-98.62
71159.18;-98.78
71162.11;-98.62
71165.04;-98.31
71167.97;-98.31
71170.90;-98.70
71173.83;-98.70
71176.76;-98.78
71179.69;-98.54
71182.62;-98.62
71185.55;-98.70
71188.48;-98.70
71191.41;-98.86
71194.34;-98.94
71197.27;-98.47
71200.20;-98.31
71203.13;-98.54
71206.05;-98.54
71208.98;-98.15
71211.91;-98.31
71214.84;-98.86
71217.77;-98.70
71220.70;-98.54
71223.63;-98.54
71226.56;-98.47
71229.49;-98.70
71232.42;-98.54
71235.35;-98.70
71238.28;-98.54
71241.21;-98.70
71244.14;-98.86
71247.07;-98.62
71250.00;-98.94
71252.93;-98.86
71255.86;-98.39
71258.79;-98.39
71261.72;-98.70
71264.65;-98.62
71267.58;-98.54
71270.51;-98.62
71273.44;-98.70
71276.37;-98.54
71279.30;-98.54
71282.23;-98.54
71285.16;-98.47
71288.09;-98.39
71291.02;-98.15
71293.95;-98.15
71296.88;-98.39
71299.80;-98.47
71302.73;-98.70
71305.66;-98.54
71308.59;-98.23
71311.52;-98.54
71314.45;-98.47
71317.38;-98.70
71320.31;-98.70
71323.24;-98.47
71326.17;-98.39
71329.10;-98.54
71332.03;-98.62
71334.96;-98.78
71337.89;-98.62
71340.82;-98.54
71343.75;-98.39
71346.68;-98.31
71349.61;-98.23
71352.54;-98.62
71355.47;-98.70
71358.40;-98.47
71361.33;-98.23
71364.26;-98.47
71367.19;-98.54
71370.12;-98.54
71373.05;-98.54
71375.98;-98.62
71378.91;-98.78
71381.84;-98.54
71384.77;-98.54
71387.70;-98.62
71390.63;-98.23
71393.55;-98.47
71396.48;-98.78
71399.41;-98.86
71402.34;-98.78
71405.27;-98.78
71408.20;-98.78
71411.13;-98.62
71414.06;-98.62
71416.99;-98.70
71419.92;-98.62
71422.85;-98.39
71425.78;-98.31
71428.71;-98.47
71431.64;-98.47
71434.57;-98.47
71437.50;-98.47
71440.43;-98.39
71443.36;-98.47
71446.29;-98.62
71449.22;-98.86
71452.15;-98.62
71455.08;-98.31
71458.01;-98.31
71460.94;-98.31
71463.87;-98.31
71466.80;-98.54
71469.73;-98.47
71472.66;-98.70
71475.59;-98.54
71478.52;-98.54
71481.45;-98.78
71484.38;-98.78
71487.30;-98.54
71490.23;-98.39
71493.16;-98.39
71496.09;-98.23
71499.02;-98.39
71501.95;-98.54
71504.88;-98.39
71507.81;-98.47
71510.74;-98.54
71513.67;-98.62
71516.60;-98.86
71519.53;-98.78
71522.46;-98.78
71525.39;-98.47
71528.32;-98.39
71531.25;-98.31
71534.18;-98.54
71537.11;-98.54
71540.04;-98.39
71542.97;-98.47
71545.90;-98.78
71548.83;-98.62
71551.76;-98.62
71554.69;-98.62
71557.62;-98.70
71560.55;-98.54
71563.48;-98.54
71566.41;-98.62
71569.34;-98.47
71572.27;-98.47
71575.20;-98.62
71578.13;-98.86
71581.05;-98.54
71583.98;-98.47
71586.91;-98.70
71589.84;-98.70
71592.77;-98.54
71595.70;-98.78
71598.63;-98.54
71601.56;-98.54
71604.49;-98.86
71607.42;-98.94
71610.35;-98.62
71613.28;-98.54
71616.21;-98.47
71619.14;-98.62
71622.07;-98.62
71625.00;-98.62
71627.93;-98.70
71630.86;-98.54
71633.79;-98.54
71636.72;-98.70
71639.65;-98.70
71642.58;-98.54
71645.51;-98.54
71648.44;-98.70
71651.37;-98.78
71654.30;-98.54
71657.23;-98.31
71660.16;-98.39
71663.09;-98.62
71666.02;-98.31
71668.95;-98.31
71671.88;-98.39
71674.80;-98.70
71677.73;-98.39
71680.66;-98.15
71683.59;-98.31
71686.52;-98.62
71689.45;-98.70
71692.38;-98.62
71695.31;-98.62
71698.24;-98.54
71701.17;-98.54
71704.10;-98.62
71707.03;-98.54
71709.96;-98.47
71712.89;-98.78
71715.82;-98.86
71718.75;-98.94
71721.68;-98.70
71724.61;-98.54
71727.54;-98.54
71730.47;-98.47
71733.40;-98.31
71736.33;-98.15
71739.26;-98.15
71742.19;-98.47
71745.12;-98.39
71748.05;-98.70
71750.98;-98.62
71753.91;-98.47
71756.84;-98.70
71759.77;-98.39
71762.70;-98.39
71765.63;-98.54
71768.55;-98.70
71771.48;-98.78
71774.41;-98.62
71777.34;-98.23
71780.27;-98.54
71783.20;-98.62
71786.13;-98.70
71789.06;-98.54
71791.99;-98.70
71794.92;-98.78
71797.85;-98.62
71800.78;-98.54
71803.71;-98.54
71806.64;-98.54
71809.57;-98.70
71812.50;-98.54
71815.43;-98.31
71818.36;-98.47
71821.29;-98.62
71824.22;-98.47
71827.15;-98.54
71830.08;-98.39
71833.01;-98.31
71835.94;-98.39
71838.87;-98.54
71841.80;-98.62
71844.73;-98.62
71847.66;-98.54
71850.59;-98.78
71853.52;-98.62
71856.45;-98.54
71859.38;-98.54
71862.30;-98.62
71865.23;-98.78
71868.16;-98.86
71871.09;-98.94
71874.02;-98.94
71876.95;-98.70
71879.88;-98.62
71882.81;-98.86
71885.74;-98.78
71888.67;-98.70
71891.60;-98.86
71894.53;-98.47
71897.46;-98.39
71900.39;-98.54
71903.32;-98.62
71906.25;-98.62
71909.18;-98.78
71912.11;-98.70
71915.04;-98.62
71917.97;-98.70
71920.90;-98.54
71923.83;-98.39
71926.76;-98.78
71929.69;-98.70
71932.62;-98.70
71935.55;-98.86
71938.48;-98.54
71941.41;-98.31
71944.34;-98.31
71947.27;-98.47
71950.20;-98.39
71953.13;-98.62
71956.05;-98.70
71958.98;-98.70
71961.91;-98.70
71964.84;-98.54
71967.77;-98.54
71970.70;-98.54
71973.63;-98.86
71976.56;-98.54
71979.49;-98.31
71982.42;-98.54
71985.35;-98.62
71988.28;-98.70
71991.21;-98.78
71994.14;-98.47
71997.07;-98.54
72000.00;-98.70
72002.93;-98.78
72005.86;-98.62
72008.79;-98.54
72011.72;-98.70
72014.65;-98.54
72017.58;-98.31
72020.51;-98.23
72023.44;-98.39
72026.37;-98.78
72029.30;-98.62
72032.23;-98.78
72035.16;-98.70
72038.09;-98.47
72041.02;-98.39
72043.95;-98.23
72046.88;-98.54
72049.80;-98.62
72052.73;-98.62
72055.66;-98.47
72058.59;-98.70
72061.52;-98.86
72064.45;-98.70
72067.38;-98.62
72070.31;-98.31
72073.24;-98.39
72076.17;-98.54
72079.10;-98.47
72082.03;-98.54
72084.96;-98.47
72087.89;-98.54
72090.82;-98.70
72093.75;-98.54
72096.68;-98.47
72099.61;-98.54
72102.54;-98.70
72105.47;-98.47
72108.40;-98.39
72111.33;-98.39
72114.26;-98.39
72117.19;-98.62
72120.12;-99.01
72123.05;-98.47
72125.98;-98.39
72128.91;-98.54
72131.84;-98.62
72134.77;-98.62
72137.70;-98.47
72140.63;-98.54
72143.55;-98.54
72146.48;-98.47
72149.41;-98.54
72152.34;-98.70
72155.27;-98.70
72158.20;-98.78
72161.13;-98.47
72164.06;-98.31
72166.99;-98.62
72169.92;-98.86
72172.85;-98.70
72175.78;-98.39
72178.71;-98.39
72181.64;-98.54
72184.57;-98.54
72187.50;-98.54
72190.43;-98.62
72193.36;-98.47
72196.29;-98.39
72199.22;-98.62
72202.15;-98.78
72205.08;-98.78
72208.01;-98.70
72210.94;-98.54
72213.87;-98.47
72216.80;-98.15
72219.73;-98.54
72222.66;-98.62
72225.59;-98.62
72228.52;-98.62
72231.45;-98.86
72234.38;-98.78
72237.30;-98.47
72240.23;-98.62
72243.16;-98.54
72246.09;-98.70
72249.02;-98.54
72251.95;-98.54
72254.88;-98.54
72257.81;-98.31
72260.74;-98.54
72263.67;-98.62
72266.60;-98.54
72269.53;-98.70
72272.46;-98.70
72275.39;-98.86
72278.32;-98.62
72281.25;-98.62
72284.18;-98.78
72287.11;-98.62
72290.04;-98.54
72292.97;-98.54
72295.90;-98.39
72298.83;-98.54
72301.76;-98.86
72304.69;-98.86
72307.62;-98.62
72310.55;-98.47
72313.48;-98.47
72316.41;-98.54
72319.34;-98.62
72322.27;-98.78
72325.20;-98.54
72328.13;-98.62
72331.05;-98.62
72333.98;-98.62
72336.91;-98.70
72339.84;-98.62
72342.77;-98.47
72345.70;-98.31
72348.63;-98.15
72351.56;-98.62
72354.49;-98.54
72357.42;-98.15
72360.35;-98.47
72363.28;-98.70
72366.21;-98.54
72369.14;-98.47
72372.07;-98.62
72375.00;-98.62
72377.93;-98.47
72380.86;-98.47
72383.79;-98.31
72386.72;-98.39
72389.65;-98.62
72392.58;-98.39
72395.51;-98.23
72398.44;-98.31
72401.37;-98.54
72404.30;-98.39
72407.23;-98.70
72410.16;-98.94
72413.09;-98.62
72416.02;-98.23
72418.95;-98.23
72421.88;-98.47
72424.80;-98.62
72427.73;-98.86
72430.66;-98.86
72433.59;-98.70
72436.52;-98.54
72439.45;-98.47
72442.38;-98.62
72445.31;-98.47
72448.24;-98.47
72451.17;-98.62
72454.10;-98.54
72457.03;-98.54
72459.96;-98.54
72462.89;-98.54
72465.82;-98.47
72468.75;-98.70
72471.68;-98.47
72474.61;-98.62
72477.54;-98.78
72480.47;-98.62
72483.40;-98.54
72486.33;-98.39
72489.26;-98.54
72492.19;-98.31
72495.12;-98.23
72498.05;-98.62
72500.98;-98.47
72503.91;-98.47
72506.84;-98.54
72509.77;-98.47
72512.70;-98.23
72515.63;-98.31
72518.55;-98.62
72521.48;-98.78
72524.41;-98.62
72527.34;-98.62
72530.27;-98.54
72533.20;-98.39
72536.13;-98.62
72539.06;-98.54
72541.99;-98.70
72544.92;-98.47
72547.85;-98.39
72550.78;-98.70
72553.71;-98.78
72556.64;-98.86
72559.57;-98.78
72562.50;-98.54
72565.43;-98.47
72568.36;-98.62
72571.29;-98.47
72574.22;-98.23
72577.15;-98.39
72580.08;-98.70
72583.01;-98.62
72585.94;-98.54
72588.87;-98.54
72591.80;-98.54
72594.73;-98.54
72597.66;-98.39
72600.59;-98.39
72603.52;-98.47
72606.45;-98.31
72609.38;-98.54
72612.30;-99.01
72615.23;-98.94
72618.16;-98.62
72621.09;-98.62
72624.02;-98.78
72626.95;-98.70
72629.88;-98.47
72632.81;-98.47
72635.74;-98.70
72638.67;-98.62
72641.60;-98.70
72644.53;-98.54
72647.46;-98.54
72650.39;-98.54
72653.32;-98.70
72656.25;-98.54
72659.18;-98.31
72662.11;-98.39
72665.04;-98.39
72667.97;-98.39
72670.90;-98.54
72673.83;-98.39
72676.76;-98.47
72679.69;-98.54
72682.62;-98.62
72685.55;-98.54
72688.48;-98.54
72691.41;-98.54
72694.34;-98.54
72697.27;-98.47
72700.20;-98.31
72703.13;-98.70
72706.05;-98.47
72708.98;-98.47
72711.91;-98.47
72714.84;-98.70
72717.77;-98.47
72720.70;-98.31
72723.63;-98.54
72726.56;-98.62
72729.49;-98.54
72732.42;-98.31
72735.35;-98.78
72738.28;-98.62
72741.21;-98.78
72744.14;-98.78
72747.07;-98.70
72750.00;-98.39
72752.93;-98.31
72755.86;-98.39
72758.79;-98.31
72761.72;-98.31
72764.65;-98.39
72767.58;-98.31
72770.51;-98.47
72773.44;-98.31
72776.37;-98.39
72779.30;-98.86
72782.23;-98.78
72785.16;-98.47
72788.09;-98.70
72791.02;-98.70
72793.95;-98.78
72796.88;-98.70
72799.80;-98.78
72802.73;-98.78
72805.66;-98.62
72808.59;-98.47
72811.52;-98.54
72814.45;-98.54
72817.38;-98.62
72820.31;-98.62
72823.24;-98.62
72826.17;-98.70
72829.10;-98.62
72832.03;-98.62
72834.96;-98.54
72837.89;-98.23
72840.82;-98.23
72843.75;-98.54
72846.68;-98.47
72849.61;-98.62
72852.54;-98.39
72855.47;-98.08
72858.40;-98.23
72861.33;-98.23
72864.26;-98.31
72867.19;-98.54
72870.12;-98.62
72873.05;-98.62
72875.98;-98.31
72878.91;-98.54
72881.84;-98.62
72884.77;-98.31
72887.70;-98.23
72890.63;-98.54
72893.55;-98.86
72896.48;-99.01
72899.41;-98.70
72902.34;-98.47
72905.27;-98.23
72908.20;-98.39
72911.13;-98.62
72914.06;-98.62
72916.99;-98.70
72919.92;-98.78
72922.85;-98.39
72925.78;-98.54
72928.71;-98.54
72931.64;-98.23
72934.57;-98.47
72937.50;-98.70
72940.43;-98.62
72943.36;-98.62
72946.29;-98.70
72949.22;-98.78
72952.15;-98.62
72955.08;-98.47
72958.01;-98.47
72960.94;-98.47
72963.87;-98.39
72966.80;-98.47
72969.73;-98.47
72972.66;-98.70
72975.59;-98.62
72978.52;-98.47
72981.45;-98.39
72984.38;-98.70
72987.30;-98.54
72990.23;-98.39
72993.16;-98.39
72996.09;-98.70
72999.02;-98.70
73001.95;-98.78
73004.88;-98.78
73007.81;-98.47
73010.74;-98.62
73013.67;-98.31
73016.60;-98.39
73019.53;-98.54
73022.46;-98.78
73025.39;-98.47
73028.32;-98.62
73031.25;-98.47
73034.18;-98.62
73037.11;-98.86
73040.04;-98.54
73042.97;-98.78
73045.90;-99.01
73048.83;-98.86
73051.76;-98.62
73054.69;-98.39
73057.62;-98.39
73060.55;-98.62
73063.48;-98.47
73066.41;-98.47
73069.34;-98.78
73072.27;-98.54
73075.20;-98.39
73078.13;-98.62
73081.05;-98.62
73083.98;-98.54
73086.91;-98.47
73089.84;-98.62
73092.77;-98.62
73095.70;-98.62
73098.63;-98.62
73101.56;-98.62
73104.49;-98.70
73107.42;-98.62
73110.35;-98.62
73113.28;-98.54
73116.21;-98.54
73119.14;-98.78
73122.07;-98.78
73125.00;-98.70
73127.93;-98.78
73130.86;-98.62
73133.79;-98.54
73136.72;-98.47
73139.65;-98.54
73142.58;-98.15
73145.51;-98.23
73148.44;-98.23
73151.37;-98.54
73154.30;-98.39
73157.23;-97.92
73160.16;-98.23
73163.09;-98.39
73166.02;-98.70
73168.95;-98.70
73171.88;-98.78
73174.80;-98.70
73177.73;-98.62
73180.66;-98.70
73183.59;-98.54
73186.52;-98.39
73189.45;-98.39
73192.38;-98.47
73195.31;-98.54
73198.24;-98.54
73201.17;-98.54
73204.10;-98.62
73207.03;-98.39
73209.96;-98.78
73212.89;-98.94
73215.82;-98.78
73218.75;-98.86
73221.68;-98.70
73224.61;-98.54
73227.54;-98.47
73230.47;-98.47
73233.40;-98.54
73236.33;-98.31
73239.26;-98.70
73242.19;-98.54
73245.12;-98.54
73248.05;-98.47
73250.98;-98.54
73253.91;-98.39
73256.84;-98.31
73259.77;-98.78
73262.70;-98.70
73265.63;-98.47
73268.55;-98.86
73271.48;-98.86
73274.41;-98.70
73277.34;-98.70
73280.27;-98.94
73283.20;-98.94
73286.13;-98.70
73289.06;-98.70
73291.99;-98.62
73294.92;-98.54
73297.85;-98.47
73300.78;-98.62
73303.71;-98.39
73306.64;-98.54
73309.57;-98.70
73312.50;-98.70
73315.43;-98.86
73318.36;-98.94
73321.29;-98.78
73324.22;-98.70
73327.15;-99.01
73330.08;-98.94
73333.01;-98.78
73335.94;-98.70
73338.87;-98.54
73341.80;-98.62
73344.73;-98.47
73347.66;-98.39
73350.59;-98.54
73353.52;-98.70
73356.45;-98.62
73359.38;-98.70
73362.30;-98.70
73365.23;-98.94
73368.16;-98.94
73371.09;-98.54
73374.02;-98.47
73376.95;-98.78
73379.88;-98.78
73382.81;-98.54
73385.74;-98.62
73388.67;-98.78
73391.60;-98.62
73394.53;-98.47
73397.46;-98.62
73400.39;-98.62
73403.32;-98.39
73406.25;-98.54
73409.18;-98.62
73412.11;-98.62
73415.04;-98.62
73417.97;-98.70
73420.90;-98.70
73423.83;-98.62
73426.76;-98.47
73429.69;-98.62
73432.62;-98.62
73435.55;-98.54
73438.48;-98.47
73441.41;-98.62
73444.34;-98.86
73447.27;-98.47
73450.20;-98.47
73453.13;-98.62
73456.05;-98.62
73458.98;-98.54
73461.91;-98.78
73464.84;-98.70
73467.77;-98.62
73470.70;-98.62
73473.63;-98.54
73476.56;-98.78
73479.49;-98.86
73482.42;-98.62
73485.35;-98.54
73488.28;-98.54
73491.21;-98.62
73494.14;-98.54
73497.07;-98.47
73500.00;-98.47
73502.93;-98.54
73505.86;-98.47
73508.79;-98.31
73511.72;-98.39
73514.65;-98.47
73517.58;-98.31
73520.51;-98.31
73523.44;-98.54
73526.37;-98.94
73529.30;-98.54
73532.23;-98.47
73535.16;-98.31
73538.09;-98.31
73541.02;-98.47
73543.95;-98.70
73546.88;-98.70
73549.80;-98.39
73552.73;-98.62
73555.66;-98.62
73558.59;-98.62
73561.52;-98.70
73564.45;-98.94
73567.38;-98.54
73570.31;-98.31
73573.24;-98.54
73576.17;-98.31
73579.10;-98.23
73582.03;-98.39
73584.96;-98.39
73587.89;-98.54
73590.82;-98.70
73593.75;-98.47
73596.68;-98.54
73599.61;-98.54
73602.54;-98.54
73605.47;-98.70
73608.40;-98.70
73611.33;-98.70
73614.26;-98.86
73617.19;-98.78
73620.12;-98.54
73623.05;-98.31
73625.98;-98.31
73628.91;-98.47
73631.84;-98.70
73634.77;-98.54
73637.70;-98.54
73640.63;-98.31
73643.55;-98.54
73646.48;-98.62
73649.41;-98.47
73652.34;-98.62
73655.27;-98.62
73658.20;-98.39
73661.13;-98.47
73664.06;-98.62
73666.99;-98.78
73669.92;-98.70
73672.85;-98.70
73675.78;-98.78
73678.71;-98.62
73681.64;-98.39
73684.57;-98.54
73687.50;-98.62
73690.43;-98.31
73693.36;-98.39
73696.29;-98.54
73699.22;-98.54
73702.15;-98.78
73705.08;-98.86
73708.01;-98.78
73710.94;-98.39
73713.87;-98.47
73716.80;-98.86
73719.73;-98.78
73722.66;-98.78
73725.59;-98.86
73728.52;-98.78
73731.45;-98.62
73734.38;-98.54
73737.30;-98.31
73740.23;-98.31
73743.16;-98.39
73746.09;-98.39
73749.02;-98.54
73751.95;-98.70
73754.88;-98.70
73757.81;-98.70
73760.74;-98.78
73763.67;-98.94
73766.60;-99.01
73769.53;-99.01
73772.46;-98.70
73775.39;-98.47
73778.32;-98.70
73781.25;-98.78
73784.18;-98.62
73787.11;-98.70
73790.04;-98.62
73792.97;-98.47
73795.90;-98.47
73798.83;-98.47
73801.76;-98.78
73804.69;-98.86
73807.62;-98.31
73810.55;-98.31
73813.48;-98.47
73816.41;-98.39
73819.34;-98.54
73822.27;-98.47
73825.20;-98.78
73828.13;-98.70
73831.05;-98.54
73833.98;-98.47
73836.91;-98.47
73839.84;-98.70
73842.77;-98.78
73845.70;-98.62
73848.63;-98.78
73851.56;-98.78
73854.49;-98.62
73857.42;-98.78
73860.35;-98.62
73863.28;-98.54
73866.21;-98.70
73869.14;-98.86
73872.07;-98.62
73875.00;-98.62
73877.93;-98.94
73880.86;-99.01
73883.79;-98.78
73886.72;-98.70
73889.65;-98.62
73892.58;-98.70
73895.51;-98.86
73898.44;-98.54
73901.37;-98.47
73904.30;-98.54
73907.23;-98.47
73910.16;-98.47
73913.09;-98.62
73916.02;-98.47
73918.95;-98.47
73921.88;-98.54
73924.80;-98.70
73927.73;-98.78
73930.66;-98.62
73933.59;-98.62
73936.52;-98.70
73939.45;-98.62
73942.38;-98.62
73945.31;-98.54
73948.24;-98.54
73951.17;-98.78
73954.10;-98.78
73957.03;-98.94
73959.96;-98.47
73962.89;-98.54
73965.82;-98.54
73968.75;-98.47
73971.68;-98.47
73974.61;-98.78
73977.54;-98.94
73980.47;-99.09
73983.40;-98.94
73986.33;-98.78
73989.26;-98.62
73992.19;-98.78
73995.12;-98.62
73998.05;-98.47
74000.98;-98.62
74003.91;-98.70
74006.84;-98.39
74009.77;-98.47
74012.70;-98.86
74015.63;-98.86
74018.55;-98.47
74021.48;-98.39
74024.41;-98.62
74027.34;-98.62
74030.27;-98.31
74033.20;-98.15
74036.13;-98.62
74039.06;-98.86
74041.99;-98.47
74044.92;-98.31
74047.85;-98.39
74050.78;-98.54
74053.71;-98.94
74056.64;-98.94
74059.57;-98.54
74062.50;-98.62
74065.43;-98.62
74068.36;-98.47
74071.29;-98.39
74074.22;-98.62
74077.15;-98.70
74080.08;-98.62
74083.01;-98.47
74085.94;-98.39
74088.87;-98.54
74091.80;-98.54
74094.73;-98.47
74097.66;-98.70
74100.59;-98.54
74103.52;-98.47
74106.45;-98.47
74109.38;-98.70
74112.30;-98.78
74115.23;-98.62
74118.16;-98.62
74121.09;-98.62
74124.02;-98.47
74126.95;-98.54
74129.88;-98.78
74132.81;-98.78
74135.74;-98.62
74138.67;-98.62
74141.60;-98.47
74144.53;-98.62
74147.46;-98.47
74150.39;-98.54
74153.32;-98.47
74156.25;-98.54
74159.18;-98.47
74162.11;-98.62
74165.04;-98.62
74167.97;-98.70
74170.90;-98.78
74173.83;-98.78
74176.76;-98.70
74179.69;-98.94
74182.62;-98.78
74185.55;-98.39
74188.48;-98.54
74191.41;-98.94
74194.34;-98.70
74197.27;-98.54
74200.20;-98.62
74203.13;-98.54
74206.05;-98.78
74208.98;-98.78
74211.91;-98.54
74214.84;-98.54
74217.77;-98.78
74220.70;-98.94
74223.63;-98.62
74226.56;-98.54
74229.49;-98.70
74232.42;-98.47
74235.35;-98.47
74238.28;-98.47
74241.21;-98.39
74244.14;-98.54
74247.07;-98.54
74250.00;-98.70
74252.93;-98.70
74255.86;-98.47
74258.79;-98.62
74261.72;-98.86
74264.65;-98.78
74267.58;-98.54
74270.51;-98.31
74273.44;-98.39
74276.37;-98.47
74279.30;-98.86
74282.23;-98.86
74285.16;-98.62
74288.09;-98.54
74291.02;-98.70
74293.95;-98.78
74296.88;-98.54
74299.80;-98.54
74302.73;-98.70
74305.66;-98.70
74308.59;-98.62
74311.52;-98.54
74314.45;-98.70
74317.38;-98.62
74320.31;-98.62
74323.24;-98.70
74326.17;-98.78
74329.10;-98.78
74332.03;-98.39
74334.96;-98.47
74337.89;-98.62
74340.82;-98.62
74343.75;-98.39
74346.68;-98.70
74349.61;-99.01
74352.54;-98.86
74355.47;-98.62
74358.40;-98.54
74361.33;-98.70
74364.26;-98.54
74367.19;-98.70
74370.12;-98.70
74373.05;-98.78
74375.98;-98.94
74378.91;-98.62
74381.84;-98.31
74384.77;-98.78
74387.70;-98.78
74390.63;-99.01
74393.55;-98.78
74396.48;-98.70
74399.41;-98.70
74402.34;-98.23
74405.27;-98.39
74408.20;-98.62
74411.13;-98.47
74414.06;-98.70
74416.99;-98.62
74419.92;-98.39
74422.85;-98.70
74425.78;-98.54
74428.71;-98.62
74431.64;-98.54
74434.57;-98.54
74437.50;-98.39
74440.43;-98.78
74443.36;-98.62
74446.29;-98.54
74449.22;-98.86
74452.15;-98.78
74455.08;-98.78
74458.01;-98.54
74460.94;-98.47
74463.87;-98.47
74466.80;-98.54
74469.73;-98.86
74472.66;-99.01
74475.59;-98.78
74478.52;-98.39
74481.45;-98.54
74484.38;-98.70
74487.30;-98.47
74490.23;-98.47
74493.16;-98.78
74496.09;-98.78
74499.02;-98.86
74501.95;-98.70
74504.88;-98.62
74507.81;-98.70
74510.74;-98.54
74513.67;-98.70
74516.60;-98.78
74519.53;-98.78
74522.46;-98.62
74525.39;-98.62
74528.32;-98.54
74531.25;-98.54
74534.18;-98.54
74537.11;-98.54
74540.04;-98.31
74542.97;-98.31
74545.90;-98.39
74548.83;-98.47
74551.76;-98.47
74554.69;-98.62
74557.62;-98.54
74560.55;-98.62
74563.48;-98.54
74566.41;-98.70
74569.34;-98.62
74572.27;-98.86
74575.20;-98.70
74578.13;-98.31
74581.05;-98.31
74583.98;-98.70
74586.91;-98.62
74589.84;-98.62
74592.77;-98.39
74595.70;-98.62
74598.63;-98.47
74601.56;-98.39
74604.49;-98.39
74607.42;-98.70
74610.35;-98.62
74613.28;-98.70
74616.21;-98.86
74619.14;-98.54
74622.07;-98.39
74625.00;-98.54
74627.93;-98.70
74630.86;-98.47
74633.79;-98.54
74636.72;-98.62
74639.65;-98.86
74642.58;-98.62
74645.51;-98.78
74648.44;-98.78
74651.37;-98.78
74654.30;-98.47
74657.23;-98.62
74660.16;-98.94
74663.09;-98.62
74666.02;-98.47
74668.95;-98.47
74671.88;-98.54
74674.80;-98.47
74677.73;-98.39
74680.66;-98.47
74683.59;-98.39
74686.52;-98.70
74689.45;-98.54
74692.38;-98.47
74695.31;-98.62
74698.24;-98.70
74701.17;-98.54
74704.10;-98.62
74707.03;-98.47
74709.96;-98.62
74712.89;-98.70
74715.82;-98.86
74718.75;-98.94
74721.68;-98.54
74724.61;-98.70
74727.54;-98.62
74730.47;-98.54
74733.40;-98.62
74736.33;-98.62
74739.26;-98.47
74742.19;-98.86
74745.12;-98.86
74748.05;-98.78
74750.98;-98.62
74753.91;-98.70
74756.84;-98.54
74759.77;-98.54
74762.70;-98.62
74765.63;-98.54
74768.55;-98.78
74771.48;-98.78
74774.41;-98.78
74777.34;-98.94
74780.27;-98.70
74783.20;-98.39
74786.13;-98.31
74789.06;-98.54
74791.99;-98.78
74794.92;-98.62
74797.85;-98.54
74800.78;-98.86
74803.71;-98.62
74806.64;-98.54
74809.57;-98.54
74812.50;-98.39
74815.43;-98.47
74818.36;-98.70
74821.29;-98.78
74824.22;-98.86
74827.15;-99.09
74830.08;-98.70
74833.01;-98.39
74835.94;-98.54
74838.87;-98.54
74841.80;-98.70
74844.73;-98.62
74847.66;-98.47
74850.59;-98.23
74853.52;-98.54
74856.45;-98.70
74859.38;-98.62
74862.30;-98.70
74865.23;-98.54
74868.16;-98.54
74871.09;-98.78
74874.02;-98.78
74876.95;-98.78
74879.88;-98.94
74882.81;-98.86
74885.74;-98.78
74888.67;-98.78
74891.60;-98.54
74894.53;-98.23
74897.46;-98.39
74900.39;-98.54
74903.32;-98.47
74906.25;-98.39
74909.18;-98.47
74912.11;-98.54
74915.04;-98.62
74917.97;-98.47
74920.90;-98.39
74923.83;-98.54
74926.76;-98.78
74929.69;-98.70
74932.62;-98.78
74935.55;-98.86
74938.48;-98.78
74941.41;-98.78
74944.34;-98.54
74947.27;-98.47
74950.20;-98.31
74953.13;-98.47
74956.05;-98.62
74958.98;-98.62
74961.91;-98.54
74964.84;-98.47
74967.77;-98.47
74970.70;-98.54
74973.63;-98.54
74976.56;-98.78
74979.49;-98.86
74982.42;-98.47
74985.35;-98.47
74988.28;-98.62
74991.21;-98.70
74994.14;-98.54
74997.07;-98.54
75000.00;-98.62
75002.93;-98.78
75005.86;-98.70
75008.79;-98.78
75011.72;-98.62
75014.65;-98.47
75017.58;-98.47
75020.51;-98.54
75023.44;-98.54
75026.37;-98.54
75029.30;-98.62
75032.23;-98.62
75035.16;-98.39
75038.09;-98.47
75041.02;-98.54
75043.95;-98.62
75046.88;-98.62
75049.80;-98.47
75052.73;-98.39
75055.66;-98.39
75058.59;-98.47
75061.52;-98.78
75064.45;-98.86
75067.38;-98.86
75070.31;-98.78
75073.24;-98.54
75076.17;-98.54
75079.10;-98.70
75082.03;-98.54
75084.96;-98.47
75087.89;-98.54
75090.82;-99.01
75093.75;-98.86
75096.68;-98.47
75099.61;-98.39
75102.54;-98.54
75105.47;-98.86
75108.40;-98.86
75111.33;-98.70
75114.26;-98.94
75117.19;-98.86
75120.12;-98.70
75123.05;-98.78
75125.98;-98.47
75128.91;-98.39
75131.84;-98.62
75134.77;-98.70
75137.70;-98.54
75140.63;-98.62
75143.55;-98.70
75146.48;-98.78
75149.41;-98.78
75152.34;-98.54
75155.27;-98.47
75158.20;-98.78
75161.13;-98.39
75164.06;-98.15
75166.99;-98.54
75169.92;-98.62
75172.85;-98.70
75175.78;-98.70
75178.71;-98.78
75181.64;-98.86
75184.57;-98.62
75187.50;-98.54
75190.43;-98.54
75193.36;-98.70
75196.29;-98.70
75199.22;-98.47
75202.15;-98.15
75205.08;-98.31
75208.01;-98.39
75210.94;-98.54
75213.87;-98.70
75216.80;-98.62
75219.73;-98.54
75222.66;-98.78
75225.59;-98.62
75228.52;-98.78
75231.45;-98.94
75234.38;-98.78
75237.30;-98.78
75240.23;-98.70
75243.16;-98.62
75246.09;-98.70
75249.02;-98.70
75251.95;-98.54
75254.88;-98.62
75257.81;-98.78
75260.74;-98.78
75263.67;-98.47
75266.60;-98.31
75269.53;-98.54
75272.46;-98.70
75275.39;-98.70
75278.32;-98.62
75281.25;-98.54
75284.18;-98.54
75287.11;-98.54
75290.04;-98.47
75292.97;-98.86
75295.90;-98.70
75298.83;-98.54
75301.76;-98.86
75304.69;-98.70
75307.62;-98.39
75310.55;-98.62
75313.48;-98.70
75316.41;-98.54
75319.34;-98.62
75322.27;-98.70
75325.20;-98.70
75328.13;-98.70
75331.05;-98.54
75333.98;-98.54
75336.91;-98.54
75339.84;-98.62
75342.77;-98.70
75345.70;-98.78
75348.63;-98.54
75351.56;-98.31
75354.49;-98.39
75357.42;-98.62
75360.35;-98.78
75363.28;-98.70
75366.21;-98.78
75369.14;-98.78
75372.07;-98.70
75375.00;-98.70
75377.93;-98.54
75380.86;-98.70
75383.79;-98.86
75386.72;-98.70
75389.65;-98.86
75392.58;-98.78
75395.51;-98.31
75398.44;-98.39
75401.37;-98.62
75404.30;-98.54
75407.23;-98.78
75410.16;-98.94
75413.09;-98.78
75416.02;-98.39
75418.95;-98.39
75421.88;-98.47
75424.80;-98.31
75427.73;-98.31
75430.66;-98.54
75433.59;-98.70
75436.52;-98.39
75439.45;-98.47
75442.38;-98.39
75445.31;-98.70
75448.24;-98.70
75451.17;-98.39
75454.10;-98.54
75457.03;-98.62
75459.96;-98.78
75462.89;-98.70
75465.82;-98.78
75468.75;-98.78
75471.68;-98.47
75474.61;-98.54
75477.54;-98.86
75480.47;-98.86
75483.40;-98.47
75486.33;-98.31
75489.26;-98.54
75492.19;-98.70
75495.12;-98.78
75498.05;-98.70
75500.98;-98.78
75503.91;-98.70
75506.84;-98.62
75509.77;-98.54
75512.70;-98.47
75515.63;-98.78
75518.55;-98.78
75521.48;-98.78
75524.41;-98.31
75527.34;-98.23
75530.27;-98.47
75533.20;-98.47
75536.13;-98.39
75539.06;-98.47
75541.99;-98.78
75544.92;-98.62
75547.85;-98.54
75550.78;-98.62
75553.71;-98.54
75556.64;-98.70
75559.57;-98.78
75562.50;-98.70
75565.43;-98.54
75568.36;-98.54
75571.29;-98.39
75574.22;-98.39
75577.15;-98.62
75580.08;-98.78
75583.01;-98.62
75585.94;-98.54
75588.87;-98.62
75591.80;-98.70
75594.73;-98.86
75597.66;-98.39
75600.59;-98.54
75603.52;-98.94
75606.45;-98.78
75609.38;-98.70
75612.30;-98.62
75615.23;-98.54
75618.16;-98.54
75621.09;-98.70
75624.02;-98.78
75626.95;-98.62
75629.88;-98.70
75632.81;-98.78
75635.74;-98.62
75638.67;-98.54
75641.60;-98.62
75644.53;-98.62
75647.46;-98.39
75650.39;-98.62
75653.32;-98.62
75656.25;-98.70
75659.18;-98.70
75662.11;-98.78
75665.04;-98.94
75667.97;-98.86
75670.90;-98.70
75673.83;-98.70
75676.76;-98.94
75679.69;-98.86
75682.62;-98.78
75685.55;-98.70
75688.48;-98.62
75691.41;-98.70
75694.34;-98.94
75697.27;-98.86
75700.20;-98.54
75703.13;-98.15
75706.05;-98.54
75708.98;-98.94
75711.91;-98.94
75714.84;-98.70
75717.77;-98.62
75720.70;-98.70
75723.63;-98.47
75726.56;-98.39
75729.49;-98.47
75732.42;-98.62
75735.35;-98.62
75738.28;-98.62
75741.21;-98.70
75744.14;-98.62
75747.07;-98.62
75750.00;-98.94
75752.93;-98.78
75755.86;-98.54
75758.79;-98.54
75761.72;-98.39
75764.65;-98.62
75767.58;-98.54
75770.51;-98.62
75773.44;-98.62
75776.37;-98.39
75779.30;-98.78
75782.23;-98.94
75785.16;-98.78
75788.09;-98.62
75791.02;-98.78
75793.95;-98.62
75796.88;-98.78
75799.80;-98.94
75802.73;-98.86
75805.66;-98.70
75808.59;-98.70
75811.52;-98.78
75814.45;-99.01
75817.38;-98.86
75820.31;-98.70
75823.24;-98.31
75826.17;-98.54
75829.10;-98.47
75832.03;-98.39
75834.96;-98.86
75837.89;-98.78
75840.82;-98.62
75843.75;-98.86
75846.68;-98.86
75849.61;-98.86
75852.54;-98.78
75855.47;-98.62
75858.40;-98.62
75861.33;-98.62
75864.26;-98.94
75867.19;-98.94
75870.12;-98.78
75873.05;-98.70
75875.98;-98.78
75878.91;-98.78
75881.84;-98.70
75884.77;-98.62
75887.70;-98.78
75890.63;-98.86
75893.55;-98.94
75896.48;-98.70
75899.41;-98.78
75902.34;-98.86
75905.27;-98.78
75908.20;-98.62
75911.13;-98.70
75914.06;-98.47
75916.99;-98.62
75919.92;-98.94
75922.85;-98.86
75925.78;-98.62
75928.71;-98.54
75931.64;-98.62
75934.57;-98.70
75937.50;-98.78
75940.43;-98.78
75943.36;-98.86
75946.29;-98.94
75949.22;-98.70
75952.15;-98.86
75955.08;-98.70
75958.01;-98.54
75960.94;-98.39
75963.87;-98.78
75966.80;-98.78
75969.73;-98.70
75972.66;-98.47
75975.59;-98.39
75978.52;-98.62
75981.45;-98.70
75984.38;-98.78
75987.30;-98.47
75990.23;-98.47
75993.16;-98.86
75996.09;-98.62
75999.02;-98.62
76001.95;-98.47
76004.88;-98.62
76007.81;-98.47
76010.74;-98.23
76013.67;-98.47
76016.60;-98.54
76019.53;-98.39
76022.46;-98.47
76025.39;-98.70
76028.32;-98.86
76031.25;-98.70
76034.18;-98.62
76037.11;-98.62
76040.04;-98.70
76042.97;-98.54
76045.90;-98.70
76048.83;-98.54
76051.76;-98.78
76054.69;-98.78
76057.62;-98.62
76060.55;-98.54
76063.48;-98.54
76066.41;-98.78
76069.34;-99.01
76072.27;-99.25
76075.20;-99.09
76078.13;-98.94
76081.05;-98.86
76083.98;-98.62
76086.91;-98.54
76089.84;-98.62
76092.77;-98.39
76095.70;-98.47
76098.63;-98.78
76101.56;-98.86
76104.49;-98.70
76107.42;-98.78
76110.35;-98.86
76113.28;-98.62
76116.21;-98.70
76119.14;-98.70
76122.07;-98.62
76125.00;-98.78
76127.93;-98.54
76130.86;-98.39
76133.79;-98.47
76136.72;-98.54
76139.65;-98.70
76142.58;-98.54
76145.51;-98.39
76148.44;-98.47
76151.37;-98.54
76154.30;-98.39
76157.23;-98.47
76160.16;-98.62
76163.09;-98.78
76166.02;-98.70
76168.95;-98.78
76171.88;-98.86
76174.80;-98.70
76177.73;-98.70
76180.66;-98.70
76183.59;-98.47
76186.52;-98.78
76189.45;-98.78
76192.38;-98.78
76195.31;-98.70
76198.24;-98.54
76201.17;-98.39
76204.10;-98.39
76207.03;-98.62
76209.96;-98.70
76212.89;-98.62
76215.82;-98.86
76218.75;-98.62
76221.68;-98.70
76224.61;-98.70
76227.54;-99.01
76230.47;-98.62
76233.40;-98.31
76236.33;-98.54
76239.26;-98.86
76242.19;-99.01
76245.12;-98.78
76248.05;-98.54
76250.98;-98.70
76253.91;-98.70
76256.84;-98.54
76259.77;-98.39
76262.70;-98.54
76265.63;-98.78
76268.55;-98.62
76271.48;-98.70
76274.41;-98.86
76277.34;-98.62
76280.27;-98.62
76283.20;-98.86
76286.13;-98.86
76289.06;-98.54
76291.99;-98.54
76294.92;-98.47
76297.85;-98.54
76300.78;-98.39
76303.71;-98.39
76306.64;-98.62
76309.57;-98.70
76312.50;-98.62
76315.43;-98.70
76318.36;-98.70
76321.29;-98.62
76324.22;-98.62
76327.15;-98.78
76330.08;-98.78
76333.01;-98.54
76335.94;-98.47
76338.87;-98.62
76341.80;-98.78
76344.73;-98.78
76347.66;-98.39
76350.59;-98.39
76353.52;-98.62
76356.45;-98.62
76359.38;-98.54
76362.30;-98.54
76365.23;-98.62
76368.16;-98.70
76371.09;-98.70
76374.02;-98.70
76376.95;-98.62
76379.88;-98.70
76382.81;-98.78
76385.74;-98.62
76388.67;-98.86
76391.60;-98.78
76394.53;-98.54
76397.46;-98.70
76400.39;-98.78
76403.32;-98.70
76406.25;-98.78
76409.18;-98.78
76412.11;-99.01
76415.04;-99.01
76417.97;-98.94
76420.90;-98.70
76423.83;-98.70
76426.76;-98.86
76429.69;-98.86
76432.62;-98.78
76435.55;-98.39
76438.48;-98.39
76441.41;-98.31
76444.34;-98.62
76447.27;-98.70
76450.20;-98.47
76453.13;-98.62
76456.05;-98.54
76458.98;-98.54
76461.91;-98.54
76464.84;-98.54
76467.77;-98.70
76470.70;-98.78
76473.63;-98.78
76476.56;-98.54
76479.49;-98.70
76482.42;-98.47
76485.35;-98.47
76488.28;-98.54
76491.21;-98.70
76494.14;-98.62
76497.07;-98.70
76500.00;-98.78
76502.93;-98.54
76505.86;-98.39
76508.79;-98.47
76511.72;-98.54
76514.65;-98.86
76517.58;-98.78
76520.51;-98.86
76523.44;-98.78
76526.37;-98.54
76529.30;-98.39
76532.23;-98.54
76535.16;-98.62
76538.09;-98.70
76541.02;-98.94
76543.95;-99.01
76546.88;-98.94
76549.80;-98.78
76552.73;-98.94
76555.66;-98.70
76558.59;-98.62
76561.52;-98.62
76564.45;-98.70
76567.38;-98.62
76570.31;-98.94
76573.24;-98.62
76576.17;-98.62
76579.10;-98.70
76582.03;-98.70
76584.96;-98.70
76587.89;-98.78
76590.82;-98.86
76593.75;-98.62
76596.68;-98.47
76599.61;-98.47
76602.54;-98.39
76605.47;-98.47
76608.40;-98.62
76611.33;-98.62
76614.26;-98.78
76617.19;-98.94
76620.12;-98.78
76623.05;-98.54
76625.98;-98.54
76628.91;-98.70
76631.84;-98.70
76634.77;-98.78
76637.70;-98.62
76640.63;-98.70
76643.55;-98.70
76646.48;-98.62
76649.41;-98.62
76652.34;-98.62
76655.27;-98.70
76658.20;-98.62
76661.13;-98.62
76664.06;-98.70
76666.99;-98.78
76669.92;-98.62
76672.85;-98.39
76675.78;-98.54
76678.71;-98.78
76681.64;-98.94
76684.57;-98.94
76687.50;-98.70
76690.43;-98.62
76693.36;-98.54
76696.29;-98.62
76699.22;-98.78
76702.15;-98.78
76705.08;-98.54
76708.01;-98.62
76710.94;-98.86
76713.87;-98.78
76716.80;-98.78
76719.73;-98.94
76722.66;-98.78
76725.59;-98.86
76728.52;-98.78
76731.45;-98.78
76734.38;-98.54
76737.30;-98.31
76740.23;-98.86
76743.16;-98.78
76746.09;-98.54
76749.02;-98.39
76751.95;-98.39
76754.88;-98.39
76757.81;-98.62
76760.74;-98.62
76763.67;-98.78
76766.60;-98.70
76769.53;-98.86
76772.46;-98.94
76775.39;-98.70
76778.32;-98.78
76781.25;-98.70
76784.18;-98.54
76787.11;-98.62
76790.04;-98.62
76792.97;-98.39
76795.90;-98.70
76798.83;-98.86
76801.76;-98.62
76804.69;-98.78
76807.62;-98.86
76810.55;-98.94
76813.48;-98.86
76816.41;-98.78
76819.34;-98.70
76822.27;-98.86
76825.20;-98.47
76828.13;-98.70
76831.05;-98.78
76833.98;-98.62
76836.91;-98.47
76839.84;-98.47
76842.77;-98.94
76845.70;-98.86
76848.63;-98.78
76851.56;-98.70
76854.49;-98.78
76857.42;-98.70
76860.35;-98.62
76863.28;-98.54
76866.21;-98.78
76869.14;-98.54
76872.07;-98.54
76875.00;-98.78
76877.93;-98.78
76880.86;-98.54
76883.79;-98.70
76886.72;-98.62
76889.65;-98.54
76892.58;-98.86
76895.51;-98.94
76898.44;-98.94
76901.37;-98.78
76904.30;-98.70
76907.23;-98.54
76910.16;-98.86
76913.09;-98.86
76916.02;-98.62
76918.95;-98.54
76921.88;-98.78
76924.80;-98.78
76927.73;-98.54
76930.66;-98.54
76933.59;-98.78
76936.52;-98.86
76939.45;-98.94
76942.38;-98.78
76945.31;-98.86
76948.24;-98.39
76951.17;-98.62
76954.10;-98.54
76957.03;-98.54
76959.96;-98.54
76962.89;-98.54
76965.82;-98.70
76968.75;-98.70
76971.68;-98.86
76974.61;-98.54
76977.54;-98.62
76980.47;-98.62
76983.40;-98.86
76986.33;-98.94
76989.26;-98.62
76992.19;-98.54
76995.12;-98.39
76998.05;-98.47
77000.98;-98.62
77003.91;-98.70
77006.84;-98.70
77009.77;-98.86
77012.70;-98.70
77015.63;-98.70
77018.55;-98.70
77021.48;-98.78
77024.41;-98.78
77027.34;-98.70
77030.27;-98.54
77033.20;-98.31
77036.13;-98.31
77039.06;-98.62
77041.99;-98.70
77044.92;-98.62
77047.85;-98.47
77050.78;-98.70
77053.71;-98.86
77056.64;-98.78
77059.57;-98.78
77062.50;-98.70
77065.43;-98.70
77068.36;-98.70
77071.29;-98.70
77074.22;-98.78
77077.15;-98.94
77080.08;-98.94
77083.01;-98.70
77085.94;-98.70
77088.87;-98.70
77091.80;-98.62
77094.73;-98.47
77097.66;-98.39
77100.59;-98.70
77103.52;-98.94
77106.45;-98.86
77109.38;-98.86
77112.30;-98.94
77115.23;-98.78
77118.16;-98.54
77121.09;-98.31
77124.02;-98.47
77126.95;-98.78
77129.88;-98.78
77132.81;-98.62
77135.74;-98.62
77138.67;-98.94
77141.60;-99.01
77144.53;-98.94
77147.46;-98.78
77150.39;-98.70
77153.32;-98.86
77156.25;-98.70
77159.18;-98.62
77162.11;-98.62
77165.04;-98.70
77167.97;-98.47
77170.90;-98.54
77173.83;-98.78
77176.76;-98.70
77179.69;-98.70
77182.62;-98.70
77185.55;-98.78
77188.48;-98.62
77191.41;-98.54
77194.34;-98.70
77197.27;-98.78
77200.20;-98.78
77203.13;-98.47
77206.05;-98.62
77208.98;-98.78
77211.91;-98.70
77214.84;-98.62
77217.77;-98.62
77220.70;-98.78
77223.63;-98.70
77226.56;-98.70
77229.49;-98.70
77232.42;-98.78
77235.35;-98.86
77238.28;-98.94
77241.21;-98.78
77244.14;-98.54
77247.07;-98.62
77250.00;-98.78
77252.93;-98.54
77255.86;-98.70
77258.79;-98.86
77261.72;-98.78
77264.65;-98.62
77267.58;-98.62
77270.51;-98.54
77273.44;-98.78
77276.37;-98.86
77279.30;-98.94
77282.23;-98.62
77285.16;-98.47
77288.09;-98.62
77291.02;-98.78
77293.95;-98.70
77296.88;-98.70
77299.80;-98.62
77302.73;-98.70
77305.66;-98.86
77308.59;-98.86
77311.52;-98.78
77314.45;-98.78
77317.38;-98.54
77320.31;-98.94
77323.24;-98.94
77326.17;-98.70
77329.10;-98.47
77332.03;-98.39
77334.96;-98.39
77337.89;-98.54
77340.82;-98.54
77343.75;-98.47
77346.68;-98.39
77349.61;-98.70
77352.54;-98.70
77355.47;-99.01
77358.40;-99.09
77361.33;-98.70
77364.26;-98.70
77367.19;-98.86
77370.12;-99.01
77373.05;-99.09
77375.98;-98.86
77378.91;-98.39
77381.84;-98.54
77384.77;-98.86
77387.70;-98.86
77390.63;-98.70
77393.55;-98.62
77396.48;-98.70
77399.41;-98.70
77402.34;-98.62
77405.27;-98.62
77408.20;-98.54
77411.13;-98.31
77414.06;-98.62
77416.99;-98.94
77419.92;-99.01
77422.85;-98.62
77425.78;-98.78
77428.71;-98.86
77431.64;-98.78
77434.57;-98.47
77437.50;-98.54
77440.43;-98.78
77443.36;-98.78
77446.29;-98.78
77449.22;-98.86
77452.15;-99.01
77455.08;-98.94
77458.01;-98.78
77460.94;-98.54
77463.87;-98.54
77466.80;-98.62
77469.73;-98.78
77472.66;-98.94
77475.59;-99.01
77478.52;-98.54
77481.45;-98.70
77484.38;-98.94
77487.30;-98.78
77490.23;-98.54
77493.16;-98.70
77496.09;-99.09
77499.02;-98.94
77501.95;-98.70
77504.88;-98.54
77507.81;-98.47
77510.74;-98.78
77513.67;-98.94
77516.60;-98.78
77519.53;-98.62
77522.46;-98.86
77525.39;-99.01
77528.32;-98.78
77531.25;-98.70
77534.18;-98.62
77537.11;-98.54
77540.04;-98.47
77542.97;-98.62
77545.90;-98.86
77548.83;-98.54
77551.76;-98.70
77554.69;-98.78
77557.62;-98.54
77560.55;-98.31
77563.48;-98.54
77566.41;-98.70
77569.34;-98.62
77572.27;-98.86
77575.20;-99.01
77578.13;-98.94
77581.05;-98.62
77583.98;-98.62
77586.91;-98.78
77589.84;-98.70
77592.77;-98.78
77595.70;-98.62
77598.63;-98.78
77601.56;-98.78
77604.49;-98.78
77607.42;-98.70
77610.35;-98.70
77613.28;-98.86
77616.21;-98.54
77619.14;-98.47
77622.07;-98.54
77625.00;-98.54
77627.93;-98.62
77630.86;-98.62
77633.79;-98.47
77636.72;-98.62
77639.65;-98.78
77642.58;-98.78
77645.51;-98.78
77648.44;-98.70
77651.37;-98.62
77654.30;-98.54
77657.23;-98.70
77660.16;-98.70
77663.09;-98.31
77666.02;-98.54
77668.95;-98.54
77671.88;-98.78
77674.80;-98.62
77677.73;-98.78
77680.66;-98.86
77683.59;-98.70
77686.52;-98.86
77689.45;-98.78
77692.38;-98.94
77695.31;-98.86
77698.24;-98.78
77701.17;-98.70
77704.10;-98.86
77707.03;-98.78
77709.96;-98.62
77712.89;-98.54
77715.82;-98.86
77718.75;-99.01
77721.68;-99.17
77724.61;-99.09
77727.54;-98.94
77730.47;-98.78
77733.40;-98.54
77736.33;-98.54
77739.26;-98.31
77742.19;-98.54
77745.12;-98.78
77748.05;-98.70
77750.98;-98.62
77753.91;-98.78
77756.84;-98.78
77759.77;-98.86
77762.70;-98.62
77765.63;-98.47
77768.55;-98.86
77771.48;-98.78
77774.41;-98.86
77777.34;-98.70
77780.27;-98.78
77783.20;-98.54
77786.13;-98.54
77789.06;-98.54
77791.99;-98.39
77794.92;-98.54
77797.85;-98.78
77800.78;-98.62
77803.71;-98.47
77806.64;-98.62
77809.57;-98.62
77812.50;-98.54
77815.43;-98.47
77818.36;-98.62
77821.29;-98.78
77824.22;-98.86
77827.15;-98.47
77830.08;-98.47
77833.01;-98.54
77835.94;-98.47
77838.87;-98.54
77841.80;-98.86
77844.73;-98.78
77847.66;-98.62
77850.59;-98.62
77853.52;-98.62
77856.45;-98.94
77859.38;-98.86
77862.30;-98.78
77865.23;-98.78
77868.16;-98.78
77871.09;-98.70
77874.02;-98.70
77876.95;-98.62
77879.88;-98.70
77882.81;-98.70
77885.74;-98.62
77888.67;-98.62
77891.60;-98.70
77894.53;-99.01
77897.46;-98.70
77900.39;-98.70
77903.32;-98.62
77906.25;-98.54
77909.18;-98.62
77912.11;-98.70
77915.04;-98.39
77917.97;-98.54
77920.90;-98.54
77923.83;-98.62
77926.76;-98.78
77929.69;-98.78
77932.62;-98.70
77935.55;-98.47
77938.48;-98.86
77941.41;-98.94
77944.34;-98.86
77947.27;-98.70
77950.20;-98.78
77953.13;-98.78
77956.05;-98.70
77958.98;-98.78
77961.91;-98.86
77964.84;-98.86
77967.77;-98.78
77970.70;-98.47
77973.63;-98.62
77976.56;-98.47
77979.49;-98.47
77982.42;-98.78
77985.35;-98.78
77988.28;-98.94
77991.21;-98.70
77994.14;-98.70
77997.07;-98.62
78000.00;-98.94
78002.93;-98.54
78005.86;-98.78
78008.79;-98.70
78011.72;-98.54
78014.65;-98.39
78017.58;-98.31
78020.51;-98.31
78023.44;-98.47
78026.37;-98.54
78029.30;-98.62
78032.23;-98.54
78035.16;-98.70
78038.09;-98.78
78041.02;-98.47
78043.95;-98.62
78046.88;-98.54
78049.80;-98.47
78052.73;-98.70
78055.66;-98.78
78058.59;-98.86
78061.52;-98.70
78064.45;-98.54
78067.38;-98.47
78070.31;-98.62
78073.24;-98.54
78076.17;-98.54
78079.10;-98.31
78082.03;-98.39
78084.96;-98.47
78087.89;-98.62
78090.82;-98.86
78093.75;-98.86
78096.68;-98.78
78099.61;-98.70
78102.54;-98.54
78105.47;-98.54
78108.40;-98.54
78111.33;-98.70
78114.26;-98.62
78117.19;-98.78
78120.12;-98.78
78123.05;-98.78
78125.98;-98.47
78128.91;-98.62
78131.84;-98.86
78134.77;-99.01
78137.70;-98.70
78140.63;-98.62
78143.55;-98.70
78146.48;-98.47
78149.41;-98.54
78152.34;-98.54
78155.27;-98.86
78158.20;-98.78
78161.13;-98.54
78164.06;-98.31
78166.99;-98.47
78169.92;-98.62
78172.85;-98.39
78175.78;-98.39
78178.71;-98.62
78181.64;-98.70
78184.57;-98.54
78187.50;-98.62
78190.43;-98.78
78193.36;-98.78
78196.29;-98.54
78199.22;-98.70
78202.15;-98.78
78205.08;-98.62
78208.01;-98.86
78210.94;-98.78
78213.87;-98.62
78216.80;-98.70
78219.73;-98.70
78222.66;-98.62
78225.59;-98.62
78228.52;-98.70
78231.45;-98.78
78234.38;-98.78
78237.30;-98.78
78240.23;-98.70
78243.16;-98.54
78246.09;-98.62
78249.02;-98.70
78251.95;-98.94
78254.88;-98.70
78257.81;-98.54
78260.74;-98.70
78263.67;-98.62
78266.60;-98.70
78269.53;-98.86
78272.46;-98.78
78275.39;-98.54
78278.32;-98.62
78281.25;-98.47
78284.18;-98.78
78287.11;-98.86
78290.04;-98.86
78292.97;-98.78
78295.90;-98.62
78298.83;-98.62
78301.76;-98.62
78304.69;-98.86
78307.62;-98.78
78310.55;-98.86
78313.48;-98.86
78316.41;-98.78
78319.34;-98.70
78322.27;-98.78
78325.20;-98.86
78328.13;-98.94
78331.05;-98.62
78333.98;-98.54
78336.91;-98.54
78339.84;-98.62
78342.77;-98.86
78345.70;-98.78
78348.63;-98.86
78351.56;-98.94
78354.49;-98.94
78357.42;-98.70
78360.35;-99.01
78363.28;-98.78
78366.21;-98.62
78369.14;-98.78
78372.07;-98.78
78375.00;-98.62
78377.93;-98.54
78380.86;-98.86
78383.79;-98.86
78386.72;-98.70
78389.65;-98.70
78392.58;-98.78
78395.51;-99.01
78398.44;-98.86
78401.37;-98.70
78404.30;-98.94
78407.23;-98.78
78410.16;-98.70
78413.09;-98.62
78416.02;-98.54
78418.95;-98.62
78421.88;-98.78
78424.80;-98.62
78427.73;-98.47
78430.66;-98.78
78433.59;-98.78
78436.52;-98.70
78439.45;-98.54
78442.38;-98.62
78445.31;-98.70
78448.24;-98.70
78451.17;-98.54
78454.10;-98.47
78457.03;-98.70
78459.96;-98.78
78462.89;-98.86
78465.82;-98.78
78468.75;-98.70
78471.68;-98.47
78474.61;-98.54
78477.54;-98.78
78480.47;-99.01
78483.40;-98.94
78486.33;-98.54
78489.26;-98.94
78492.19;-99.09
78495.12;-98.78
78498.05;-98.70
78500.98;-98.62
78503.91;-98.94
78506.84;-98.86
78509.77;-98.94
78512.70;-98.62
78515.63;-98.47
78518.55;-98.78
78521.48;-98.94
78524.41;-98.78
78527.34;-98.78
78530.27;-98.70
78533.20;-98.78
78536.13;-98.94
78539.06;-98.54
78541.99;-98.62
78544.92;-98.70
78547.85;-98.70
78550.78;-98.94
78553.71;-98.94
78556.64;-98.86
78559.57;-98.70
78562.50;-99.01
78565.43;-98.94
78568.36;-98.70
78571.29;-98.70
78574.22;-98.78
78577.15;-98.94
78580.08;-98.70
78583.01;-98.54
78585.94;-98.70
78588.87;-98.70
78591.80;-98.94
78594.73;-98.70
78597.66;-98.47
78600.59;-98.54
78603.52;-98.70
78606.45;-98.70
78609.38;-98.94
78612.30;-98.86
78615.23;-98.70
78618.16;-98.70
78621.09;-98.62
78624.02;-98.78
78626.95;-98.70
78629.88;-98.62
78632.81;-98.39
78635.74;-98.78
78638.67;-98.70
78641.60;-98.54
78644.53;-98.78
78647.46;-98.78
78650.39;-98.70
78653.32;-98.70
78656.25;-98.94
78659.18;-98.70
78662.11;-98.62
78665.04;-98.78
78667.97;-98.54
78670.90;-98.39
78673.83;-98.70
78676.76;-98.62
78679.69;-98.86
78682.62;-98.86
78685.55;-98.70
78688.48;-98.47
78691.41;-98.54
78694.34;-98.78
78697.27;-98.94
78700.20;-99.01
78703.13;-99.01
78706.05;-98.94
78708.98;-99.17
78711.91;-98.70
78714.84;-98.62
78717.77;-98.94
78720.70;-98.78
78723.63;-98.70
78726.56;-98.70
78729.49;-98.78
78732.42;-98.78
78735.35;-98.47
78738.28;-98.54
78741.21;-98.86
78744.14;-98.62
78747.07;-98.62
78750.00;-98.86
78752.93;-98.62
78755.86;-98.54
78758.79;-98.70
78761.72;-98.54
78764.65;-98.54
78767.58;-98.62
78770.51;-98.70
78773.44;-98.86
78776.37;-98.78
78779.30;-98.78
78782.23;-98.70
78785.16;-98.54
78788.09;-98.70
78791.02;-98.70
78793.95;-98.78
78796.88;-98.86
78799.80;-98.78
78802.73;-98.47
78805.66;-98.62
78808.59;-98.62
78811.52;-98.31
78814.45;-98.54
78817.38;-98.78
78820.31;-98.86
78823.24;-98.78
78826.17;-98.78
78829.10;-98.62
78832.03;-98.62
78834.96;-98.86
78837.89;-98.78
78840.82;-98.62
78843.75;-98.47
78846.68;-98.62
78849.61;-98.70
78852.54;-98.78
78855.47;-98.94
78858.40;-99.01
78861.33;-98.70
78864.26;-98.54
78867.19;-98.78
78870.12;-98.62
78873.05;-98.47
78875.98;-98.54
78878.91;-98.54
78881.84;-98.78
78884.77;-98.94
78887.70;-98.86
78890.63;-98.86
78893.55;-98.47
78896.48;-98.39
78899.41;-98.78
78902.34;-98.62
78905.27;-98.47
78908.20;-98.62
78911.13;-98.94
78914.06;-98.70
78916.99;-98.86
78919.92;-98.62
78922.85;-98.54
78925.78;-98.47
78928.71;-98.78
78931.64;-98.70
78934.57;-98.70
78937.50;-98.78
78940.43;-98.62
78943.36;-98.54
78946.29;-98.54
78949.22;-98.86
78952.15;-99.01
78955.08;-98.78
78958.01;-98.70
78960.94;-98.47
78963.87;-98.62
78966.80;-98.86
78969.73;-98.94
78972.66;-98.94
78975.59;-99.17
78978.52;-98.86
78981.45;-98.62
78984.38;-98.78
78987.30;-98.70
78990.23;-98.70
78993.16;-98.54
78996.09;-98.23
78999.02;-98.47
79001.95;-98.94
79004.88;-98.78
79007.81;-98.54
79010.74;-98.78
79013.67;-99.09
79016.60;-98.86
79019.53;-98.94
79022.46;-99.25
79025.39;-99.01
79028.32;-98.78
79031.25;-98.54
79034.18;-98.70
79037.11;-99.01
79040.04;-98.86
79042.97;-98.78
79045.90;-98.78
79048.83;-98.39
79051.76;-98.39
79054.69;-98.62
79057.62;-98.78
79060.55;-98.54
79063.48;-98.70
79066.41;-98.78
79069.34;-98.62
79072.27;-98.62
79075.20;-98.94
79078.13;-98.70
79081.05;-98.70
79083.98;-98.54
79086.91;-98.54
79089.84;-98.47
79092.77;-98.54
79095.70;-98.78
79098.63;-98.70
79101.56;-98.62
79104.49;-98.54
79107.42;-98.62
79110.35;-98.54
79113.28;-98.54
79116.21;-98.39
79119.14;-98.78
79122.07;-98.54
79125.00;-98.62
79127.93;-98.86
79130.86;-98.70
79133.79;-98.78
79136.72;-98.78
79139.65;-98.62
79142.58;-98.47
79145.51;-98.47
79148.44;-98.62
79151.37;-98.78
79154.30;-98.70
79157.23;-98.54
79160.16;-98.78
79163.09;-98.54
79166.02;-98.39
79168.95;-98.47
79171.88;-98.70
79174.80;-98.62
79177.73;-98.78
79180.66;-98.54
79183.59;-98.47
79186.52;-98.70
79189.45;-98.78
79192.38;-98.54
79195.31;-98.23
79198.24;-98.31
79201.17;-98.31
79204.10;-98.47
79207.03;-98.86
79209.96;-99.01
79212.89;-98.94
79215.82;-99.01
79218.75;-99.01
79221.68;-98.86
79224.61;-98.62
79227.54;-98.47
79230.47;-98.78
79233.40;-99.01
79236.33;-98.78
79239.26;-98.31
79242.19;-98.62
79245.12;-99.09
79248.05;-98.86
79250.98;-98.62
79253.91;-98.39
79256.84;-98.54
79259.77;-99.01
79262.70;-98.86
79265.63;-98.86
79268.55;-98.70
79271.48;-98.70
79274.41;-98.94
79277.34;-98.70
79280.27;-98.78
79283.20;-98.86
79286.13;-98.86
79289.06;-98.70
79291.99;-98.70
79294.92;-98.94
79297.85;-98.94
79300.78;-98.86
79303.71;-98.78
79306.64;-98.54
79309.57;-98.70
79312.50;-98.78
79315.43;-98.62
79318.36;-98.39
79321.29;-98.70
79324.22;-98.94
79327.15;-98.70
79330.08;-98.70
79333.01;-98.70
79335.94;-98.70
79338.87;-98.78
79341.80;-98.54
79344.73;-98.31
79347.66;-98.62
79350.59;-98.70
79353.52;-98.78
79356.45;-98.94
79359.38;-98.70
79362.30;-98.62
79365.23;-98.62
79368.16;-98.70
79371.09;-98.54
79374.02;-98.62
79376.95;-98.47
79379.88;-98.86
79382.81;-98.86
79385.74;-98.86
79388.67;-98.70
79391.60;-98.70
79394.53;-98.94
79397.46;-99.01
79400.39;-98.94
79403.32;-98.94
79406.25;-99.01
79409.18;-98.94
79412.11;-98.78
79415.04;-98.70
79417.97;-98.86
79420.90;-99.01
79423.83;-98.70
79426.76;-98.62
79429.69;-98.54
79432.62;-98.70
79435.55;-98.86
79438.48;-98.54
79441.41;-98.39
79444.34;-98.62
79447.27;-98.86
79450.20;-98.78
79453.13;-98.39
79456.05;-98.47
79458.98;-98.62
79461.91;-98.62
79464.84;-98.70
79467.77;-98.86
79470.70;-98.78
79473.63;-98.54
79476.56;-98.47
79479.49;-98.70
79482.42;-98.62
79485.35;-98.47
79488.28;-98.62
79491.21;-98.78
79494.14;-98.94
79497.07;-98.70
79500.00;-98.78
79502.93;-98.78
79505.86;-98.78
79508.79;-98.78
79511.72;-98.78
79514.65;-98.62
79517.58;-98.70
79520.51;-98.54
79523.44;-98.31
79526.37;-98.54
79529.30;-98.62
79532.23;-98.54
79535.16;-98.78
79538.09;-98.86
79541.02;-98.78
79543.95;-98.62
79546.88;-98.47
79549.80;-98.54
79552.73;-98.62
79555.66;-98.62
79558.59;-99.01
79561.52;-98.86
79564.45;-98.62
79567.38;-98.39
79570.31;-98.39
79573.24;-98.62
79576.17;-98.62
79579.10;-98.54
79582.03;-98.62
79584.96;-98.78
79587.89;-98.86
79590.82;-98.78
79593.75;-98.70
79596.68;-98.70
79599.61;-98.78
79602.54;-98.70
79605.47;-98.54
79608.40;-98.70
79611.33;-99.01
79614.26;-98.78
79617.19;-98.70
79620.12;-98.47
79623.05;-98.70
79625.98;-98.86
79628.91;-98.62
79631.84;-98.39
79634.77;-98.47
79637.70;-98.94
79640.63;-98.94
79643.55;-98.70
79646.48;-98.54
79649.41;-98.54
79652.34;-98.47
79655.27;-98.70
79658.20;-98.78
79661.13;-98.62
79664.06;-98.70
79666.99;-98.47
79669.92;-98.39
79672.85;-98.94
79675.78;-98.70
79678.71;-98.39
79681.64;-98.47
79684.57;-98.78
79687.50;-98.86
79690.43;-98.86
79693.36;-98.70
79696.29;-98.54
79699.22;-98.54
79702.15;-98.54
79705.08;-98.94
79708.01;-98.94
79710.94;-98.94
79713.87;-98.78
79716.80;-98.86
79719.73;-98.86
79722.66;-98.47
79725.59;-98.54
79728.52;-98.86
79731.45;-98.70
79734.38;-98.70
79737.30;-98.62
79740.23;-98.94
79743.16;-99.01
79746.09;-98.86
79749.02;-98.78
79751.95;-98.54
79754.88;-98.62
79757.81;-98.86
79760.74;-98.94
79763.67;-98.94
79766.60;-98.54
79769.53;-98.31
79772.46;-98.62
79775.39;-98.94
79778.32;-98.86
79781.25;-98.62
79784.18;-98.70
79787.11;-98.78
79790.04;-98.62
79792.97;-98.54
79795.90;-98.62
79798.83;-98.70
79801.76;-98.86
79804.69;-98.47
79807.62;-98.54
79810.55;-98.70
79813.48;-98.70
79816.41;-99.01
79819.34;-98.70
79822.27;-98.54
79825.20;-98.47
79828.13;-98.39
79831.05;-98.47
79833.98;-98.86
79836.91;-98.62
79839.84;-98.70
79842.77;-98.86
79845.70;-98.78
79848.63;-98.62
79851.56;-98.47
79854.49;-98.62
79857.42;-98.62
79860.35;-98.47
79863.28;-98.78
79866.21;-98.86
79869.14;-98.86
79872.07;-98.86
79875.00;-98.54
79877.93;-98.47
79880.86;-98.54
79883.79;-98.70
79886.72;-98.94
79889.65;-98.86
79892.58;-98.78
79895.51;-98.94
79898.44;-98.78
79901.37;-98.70
79904.30;-98.86
79907.23;-98.78
79910.16;-98.86
79913.09;-98.70
79916.02;-98.94
79918.95;-98.94
79921.88;-98.78
79924.80;-98.70
79927.73;-98.47
79930.66;-98.70
79933.59;-98.86
79936.52;-98.86
79939.45;-98.54
79942.38;-98.86
79945.31;-99.01
79948.24;-98.86
79951.17;-98.70
79954.10;-98.78
79957.03;-99.01
79959.96;-99.17
79962.89;-99.01
79965.82;-99.01
79968.75;-98.86
79971.68;-99.01
79974.61;-98.94
79977.54;-98.70
79980.47;-98.78
79983.40;-98.78
79986.33;-98.94
79989.26;-98.86
79992.19;-98.47
79995.12;-98.47
79998.05;-98.62
80000.98;-98.62
80003.91;-98.54
80006.84;-98.86
80009.77;-99.01
80012.70;-98.78
80015.63;-98.70
80018.55;-98.86
80021.48;-98.78
80024.41;-98.62
80027.34;-98.62
80030.27;-98.62
80033.20;-98.78
80036.13;-98.86
80039.06;-98.78
80041.99;-98.62
80044.92;-98.94
80047.85;-98.94
80050.78;-98.94
80053.71;-98.86
80056.64;-98.70
80059.57;-98.70
80062.50;-98.62
80065.43;-98.70
80068.36;-98.54
80071.29;-98.62
80074.22;-98.70
80077.15;-98.94
80080.08;-99.09
80083.01;-98.62
80085.94;-98.54
80088.87;-98.78
80091.80;-98.86
80094.73;-98.94
80097.66;-99.01
80100.59;-98.62
80103.52;-98.62
80106.45;-98.78
80109.38;-98.62
80112.30;-98.78
80115.23;-98.70
80118.16;-98.78
80121.09;-98.62
80124.02;-98.54
80126.95;-98.62
80129.88;-98.86
80132.81;-98.94
80135.74;-98.86
80138.67;-98.78
80141.60;-99.01
80144.53;-98.94
80147.46;-98.70
80150.39;-98.54
80153.32;-98.78
80156.25;-98.86
80159.18;-98.86
80162.11;-98.86
80165.04;-98.94
80167.97;-98.94
80170.90;-98.70
80173.83;-98.62
80176.76;-98.94
80179.69;-98.86
80182.62;-98.86
80185.55;-98.86
80188.48;-98.78
80191.41;-98.78
80194.34;-98.78
80197.27;-98.54
80200.20;-98.78
80203.13;-98.86
80206.05;-98.54
80208.98;-98.62
80211.91;-98.78
80214.84;-98.78
80217.77;-98.54
80220.70;-98.54
80223.63;-98.86
80226.56;-98.86
80229.49;-98.70
80232.42;-98.54
80235.35;-98.78
80238.28;-98.47
80241.21;-98.70
80244.14;-98.94
80247.07;-98.78
80250.00;-98.47
80252.93;-98.39
80255.86;-98.70
80258.79;-98.86
80261.72;-98.94
80264.65;-98.78
80267.58;-98.78
80270.51;-98.54
80273.44;-98.47
80276.37;-98.70
80279.30;-98.70
80282.23;-98.78
80285.16;-98.94
80288.09;-99.09
80291.02;-98.94
80293.95;-98.62
80296.88;-98.78
80299.80;-98.94
80302.73;-98.78
80305.66;-98.78
80308.59;-98.47
80311.52;-98.47
80314.45;-98.70
80317.38;-98.94
80320.31;-98.86
80323.24;-98.78
80326.17;-98.78
80329.10;-98.78
80332.03;-99.01
80334.96;-98.78
80337.89;-98.54
80340.82;-98.86
80343.75;-99.09
80346.68;-98.86
80349.61;-99.01
80352.54;-98.86
80355.47;-98.86
80358.40;-98.78
80361.33;-98.86
80364.26;-98.86
80367.19;-98.94
80370.12;-98.78
80373.05;-98.86
80375.98;-98.54
80378.91;-98.78
80381.84;-98.70
80384.77;-98.70
80387.70;-98.70
80390.63;-98.94
80393.55;-98.94
80396.48;-98.78
80399.41;-98.62
80402.34;-98.62
80405.27;-98.31
80408.20;-98.62
80411.13;-98.86
80414.06;-98.86
80416.99;-98.94
80419.92;-98.94
80422.85;-99.09
80425.78;-98.94
80428.71;-98.78
80431.64;-98.94
80434.57;-98.86
80437.50;-98.62
80440.43;-98.62
80443.36;-98.54
80446.29;-98.62
80449.22;-98.78
80452.15;-98.86
80455.08;-98.78
80458.01;-98.62
80460.94;-98.70
80463.87;-98.70
80466.80;-98.78
80469.73;-98.70
80472.66;-98.47
80475.59;-98.86
80478.52;-98.86
80481.45;-98.70
80484.38;-98.70
80487.30;-98.70
80490.23;-98.54
80493.16;-98.78
80496.09;-99.01
80499.02;-98.86
80501.95;-98.70
80504.88;-98.78
80507.81;-98.70
80510.74;-98.70
80513.67;-98.86
80516.60;-98.86
80519.53;-98.78
80522.46;-98.78
80525.39;-98.70
80528.32;-98.86
80531.25;-98.70
80534.18;-98.70
80537.11;-98.78
80540.04;-98.62
80542.97;-98.62
80545.90;-98.62
80548.83;-98.47
80551.76;-98.54
80554.69;-98.70
80557.62;-98.70
80560.55;-98.70
80563.48;-98.86
80566.41;-98.78
80569.34;-98.62
80572.27;-98.78
80575.20;-98.86
80578.13;-98.78
80581.05;-98.78
80583.98;-98.86
80586.91;-98.94
80589.84;-98.86
80592.77;-98.86
80595.70;-98.70
80598.63;-98.62
80601.56;-98.70
80604.49;-98.70
80607.42;-98.78
80610.35;-98.94
80613.28;-98.86
80616.21;-98.78
80619.14;-99.09
80622.07;-98.94
80625.00;-98.78
80627.93;-98.78
80630.86;-98.47
80633.79;-98.70
80636.72;-98.94
80639.65;-98.94
80642.58;-98.78
80645.51;-98.70
80648.44;-98.70
80651.37;-98.70
80654.30;-98.39
80657.23;-98.54
80660.16;-98.62
80663.09;-98.54
80666.02;-98.70
80668.95;-98.70
80671.88;-98.54
80674.80;-98.54
80677.73;-98.78
80680.66;-98.70
80683.59;-98.78
80686.52;-98.70
80689.45;-98.62
80692.38;-98.86
80695.31;-98.86
80698.24;-98.86
80701.17;-98.70
80704.10;-98.70
80707.03;-98.86
80709.96;-98.78
80712.89;-98.70
80715.82;-98.70
80718.75;-98.62
80721.68;-98.47
80724.61;-98.54
80727.54;-98.54
80730.47;-98.54
80733.40;-98.86
80736.33;-98.78
80739.26;-98.62
80742.19;-98.70
80745.12;-98.70
80748.05;-98.78
80750.98;-98.78
80753.91;-98.70
80756.84;-98.78
80759.77;-98.70
80762.70;-98.47
80765.63;-98.54
80768.55;-98.78
80771.48;-98.86
80774.41;-98.70
80777.34;-98.62
80780.27;-98.70
80783.20;-98.94
80786.13;-98.94
80789.06;-98.70
80791.99;-98.47
80794.92;-98.47
80797.85;-98.39
80800.78;-98.70
80803.71;-98.78
80806.64;-98.62
80809.57;-98.78
80812.50;-98.78
80815.43;-98.70
80818.36;-98.86
80821.29;-98.94
80824.22;-98.94
80827.15;-98.86
80830.08;-98.78
80833.01;-98.78
80835.94;-98.70
80838.87;-98.78
80841.80;-98.78
80844.73;-98.86
80847.66;-98.78
80850.59;-98.86
80853.52;-98.94
80856.45;-98.94
80859.38;-98.78
80862.30;-98.94
80865.23;-98.70
80868.16;-98.54
80871.09;-98.70
80874.02;-98.86
80876.95;-98.62
80879.88;-98.70
80882.81;-98.86
80885.74;-98.78
80888.67;-98.47
80891.60;-98.62
80894.53;-98.86
80897.46;-98.78
80900.39;-98.86
80903.32;-98.62
80906.25;-98.70
80909.18;-98.47
80912.11;-98.31
80915.04;-98.47
80917.97;-98.78
80920.90;-98.94
80923.83;-99.01
80926.76;-98.78
80929.69;-98.54
80932.62;-98.54
80935.55;-98.47
80938.48;-98.86
80941.41;-98.78
80944.34;-98.62
80947.27;-98.70
80950.20;-98.70
80953.13;-98.62
80956.05;-98.94
80958.98;-99.09
80961.91;-99.09
80964.84;-98.94
80967.77;-98.94
80970.70;-98.70
80973.63;-98.86
80976.56;-98.70
80979.49;-98.54
80982.42;-98.62
80985.35;-98.54
80988.28;-98.47
80991.21;-98.62
80994.14;-98.62
80997.07;-98.70
81000.00;-98.70
81002.93;-98.78
81005.86;-98.86
81008.79;-98.94
81011.72;-98.86
81014.65;-98.78
81017.58;-98.62
81020.51;-98.70
81023.44;-98.86
81026.37;-98.78
81029.30;-98.62
81032.23;-98.54
81035.16;-98.78
81038.09;-98.86
81041.02;-99.17
81043.95;-98.94
81046.88;-98.39
81049.80;-98.70
81052.73;-98.86
81055.66;-98.78
81058.59;-98.78
81061.52;-98.62
81064.45;-98.47
81067.38;-98.47
81070.31;-98.62
81073.24;-98.70
81076.17;-98.70
81079.10;-98.62
81082.03;-98.78
81084.96;-98.62
81087.89;-98.54
81090.82;-98.62
81093.75;-98.94
81096.68;-98.70
81099.61;-98.94
81102.54;-98.86
81105.47;-98.86
81108.40;-99.01
81111.33;-98.86
81114.26;-98.62
81117.19;-98.39
81120.12;-98.39
81123.05;-98.70
81125.98;-99.01
81128.91;-98.78
81131.84;-98.94
81134.77;-99.01
81137.70;-98.62
81140.63;-98.70
81143.55;-98.62
81146.48;-98.70
81149.41;-98.94
81152.34;-98.94
81155.27;-98.54
81158.20;-98.54
81161.13;-98.47
81164.06;-98.70
81166.99;-98.62
81169.92;-98.62
81172.85;-98.54
81175.78;-98.47
81178.71;-98.78
81181.64;-98.86
81184.57;-98.62
81187.50;-98.78
81190.43;-98.70
81193.36;-98.54
81196.29;-98.70
81199.22;-99.01
81202.15;-98.70
81205.08;-98.47
81208.01;-98.54
81210.94;-98.78
81213.87;-98.54
81216.80;-98.54
81219.73;-98.78
81222.66;-98.86
81225.59;-98.70
81228.52;-98.54
81231.45;-98.47
81234.38;-98.47
81237.30;-98.70
81240.23;-98.86
81243.16;-98.62
81246.09;-98.78
81249.02;-98.70
81251.95;-98.70
81254.88;-98.86
81257.81;-98.86
81260.74;-98.78
81263.67;-98.47
81266.60;-98.70
81269.53;-98.86
81272.46;-98.86
81275.39;-98.47
81278.32;-98.31
81281.25;-98.70
81284.18;-98.86
81287.11;-98.78
81290.04;-98.70
81292.97;-98.70
81295.90;-98.70
81298.83;-98.62
81301.76;-98.54
81304.69;-98.47
81307.62;-98.94
81310.55;-98.78
81313.48;-98.54
81316.41;-98.62
81319.34;-98.78
81322.27;-98.86
81325.20;-98.78
81328.13;-98.70
81331.05;-98.62
81333.98;-98.78
81336.91;-98.70
81339.84;-98.78
81342.77;-98.94
81345.70;-98.94
81348.63;-99.01
81351.56;-98.70
81354.49;-98.62
81357.42;-98.54
81360.35;-98.70
81363.28;-98.94
81366.21;-98.94
81369.14;-99.01
81372.07;-99.01
81375.00;-98.86
81377.93;-98.78
81380.86;-98.54
81383.79;-98.54
81386.72;-98.70
81389.65;-98.86
81392.58;-98.62
81395.51;-98.78
81398.44;-98.78
81401.37;-98.78
81404.30;-98.94
81407.23;-98.70
81410.16;-98.62
81413.09;-98.62
81416.02;-98.78
81418.95;-99.09
81421.88;-98.94
81424.80;-98.39
81427.73;-98.62
81430.66;-98.70
81433.59;-98.70
81436.52;-98.70
81439.45;-98.62
81442.38;-98.78
81445.31;-98.94
81448.24;-98.86
81451.17;-98.62
81454.10;-98.70
81457.03;-98.47
81459.96;-98.39
81462.89;-98.70
81465.82;-98.94
81468.75;-98.86
81471.68;-98.78
81474.61;-98.86
81477.54;-98.78
81480.47;-98.47
81483.40;-98.39
81486.33;-98.62
81489.26;-98.94
81492.19;-98.62
81495.12;-98.47
81498.05;-98.94
81500.98;-98.78
81503.91;-98.78
81506.84;-98.94
81509.77;-99.01
81512.70;-98.70
81515.63;-98.54
81518.55;-98.78
81521.48;-98.78
81524.41;-98.70
81527.34;-98.54
81530.27;-98.62
81533.20;-98.78
81536.13;-98.62
81539.06;-98.78
81541.99;-98.86
81544.92;-99.01
81547.85;-99.01
81550.78;-98.86
81553.71;-98.62
81556.64;-99.01
81559.57;-98.94
81562.50;-99.09
81565.43;-98.70
81568.36;-98.47
81571.29;-98.54
81574.22;-98.78
81577.15;-99.01
81580.08;-99.01
81583.01;-98.70
81585.94;-98.54
81588.87;-98.78
81591.80;-98.86
81594.73;-98.94
81597.66;-98.70
81600.59;-98.31
81603.52;-98.31
81606.45;-98.62
81609.38;-98.70
81612.30;-98.94
81615.23;-98.94
81618.16;-98.86
81621.09;-98.62
81624.02;-98.70
81626.95;-98.86
81629.88;-98.78
81632.81;-98.70
81635.74;-98.62
81638.67;-98.78
81641.60;-98.86
81644.53;-98.70
81647.46;-98.54
81650.39;-98.86
81653.32;-99.09
81656.25;-99.17
81659.18;-98.86
81662.11;-98.78
81665.04;-98.70
81667.97;-98.62
81670.90;-98.62
81673.83;-98.70
81676.76;-98.86
81679.69;-98.94
81682.62;-98.94
81685.55;-98.70
81688.48;-98.78
81691.41;-98.78
81694.34;-98.62
81697.27;-98.62
81700.20;-98.62
81703.13;-98.78
81706.05;-98.78
81708.98;-98.54
81711.91;-98.54
81714.84;-98.47
81717.77;-98.78
81720.70;-98.94
81723.63;-98.70
81726.56;-98.62
81729.49;-98.86
81732.42;-99.01
81735.35;-98.86
81738.28;-98.86
81741.21;-98.70
81744.14;-98.70
81747.07;-98.86
81750.00;-98.78
81752.93;-98.78
81755.86;-98.78
81758.79;-98.39
81761.72;-98.47
81764.65;-98.86
81767.58;-98.94
81770.51;-98.86
81773.44;-99.01
81776.37;-98.70
81779.30;-98.54
81782.23;-98.78
81785.16;-98.70
81788.09;-98.70
81791.02;-98.94
81793.95;-98.78
81796.88;-98.78
81799.80;-99.01
81802.73;-98.94
81805.66;-99.01
81808.59;-99.09
81811.52;-98.78
81814.45;-98.70
81817.38;-98.94
81820.31;-98.78
81823.24;-98.62
81826.17;-98.70
81829.10;-98.78
81832.03;-98.86
81834.96;-98.78
81837.89;-98.54
81840.82;-98.70
81843.75;-98.86
81846.68;-98.70
81849.61;-98.70
81852.54;-98.31
81855.47;-98.54
81858.40;-98.54
81861.33;-98.54
81864.26;-98.54
81867.19;-98.78
81870.12;-98.70
81873.05;-98.62
81875.98;-98.78
81878.91;-98.86
81881.84;-98.78
81884.77;-98.94
81887.70;-99.25
81890.63;-99.09
81893.55;-98.86
81896.48;-98.78
81899.41;-98.86
81902.34;-98.86
81905.27;-98.86
81908.20;-99.01
81911.13;-99.01
81914.06;-99.01
81916.99;-99.09
81919.92;-98.78
81922.85;-98.86
81925.78;-98.94
81928.71;-98.78
81931.64;-98.86
81934.57;-99.09
81937.50;-98.86
81940.43;-98.62
81943.36;-98.62
81946.29;-98.70
81949.22;-98.78
81952.15;-98.78
81955.08;-98.70
81958.01;-98.47
81960.94;-98.62
81963.87;-98.47
81966.80;-98.47
81969.73;-98.47
81972.66;-98.78
81975.59;-98.86
81978.52;-98.70
81981.45;-98.62
81984.38;-98.47
81987.30;-98.54
81990.23;-98.78
81993.16;-98.94
81996.09;-98.94
81999.02;-99.01
82001.95;-98.86
82004.88;-98.78
82007.81;-98.78
82010.74;-98.31
82013.67;-98.31
82016.60;-98.78
82019.53;-98.78
82022.46;-98.86
82025.39;-98.94
82028.32;-98.78
82031.25;-99.01
82034.18;-98.94
82037.11;-98.62
82040.04;-98.62
82042.97;-98.86
82045.90;-98.78
82048.83;-98.70
82051.76;-98.62
82054.69;-98.70
82057.62;-98.54
82060.55;-98.78
82063.48;-99.01
82066.41;-99.01
82069.34;-98.86
82072.27;-99.01
82075.20;-98.62
82078.13;-98.70
82081.05;-98.86
82083.98;-98.86
82086.91;-98.78
82089.84;-99.01
82092.77;-98.86
82095.70;-98.54
82098.63;-98.62
82101.56;-98.70
82104.49;-98.86
82107.42;-99.01
82110.35;-99.25
82113.28;-99.01
82116.21;-99.01
82119.14;-98.78
82122.07;-98.86
82125.00;-98.86
82127.93;-98.47
82130.86;-98.62
82133.79;-98.54
82136.72;-98.78
82139.65;-98.70
82142.58;-98.54
82145.51;-98.62
82148.44;-98.54
82151.37;-98.54
82154.30;-98.78
82157.23;-98.70
82160.16;-98.78
82163.09;-98.62
82166.02;-98.78
82168.95;-98.78
82171.88;-98.70
82174.80;-98.70
82177.73;-98.62
82180.66;-98.70
82183.59;-98.86
82186.52;-98.86
82189.45;-98.78
82192.38;-98.70
82195.31;-98.86
82198.24;-98.94
82201.17;-98.78
82204.10;-98.78
82207.03;-98.94
82209.96;-99.01
82212.89;-98.62
82215.82;-98.54
82218.75;-98.70
82221.68;-98.78
82224.61;-98.70
82227.54;-98.78
82230.47;-98.94
82233.40;-98.62
82236.33;-98.78
82239.26;-98.70
82242.19;-98.62
82245.12;-98.62
82248.05;-98.70
82250.98;-98.78
82253.91;-98.94
82256.84;-98.78
82259.77;-98.54
82262.70;-98.39
82265.63;-98.47
82268.55;-98.47
82271.48;-98.62
82274.41;-98.54
82277.34;-98.47
82280.27;-98.94
82283.20;-99.01
82286.13;-98.94
82289.06;-99.09
82291.99;-99.09
82294.92;-98.86
82297.85;-99.09
82300.78;-98.78
82303.71;-98.78
82306.64;-99.01
82309.57;-98.94
82312.50;-98.86
82315.43;-98.94
82318.36;-98.94
82321.29;-98.62
82324.22;-98.78
82327.15;-99.09
82330.08;-99.01
82333.01;-98.70
82335.94;-98.62
82338.87;-98.70
82341.80;-98.86
82344.73;-99.01
82347.66;-98.62
82350.59;-98.39
82353.52;-98.62
82356.45;-98.78
82359.38;-99.01
82362.30;-98.94
82365.23;-98.94
82368.16;-98.78
82371.09;-98.86
82374.02;-98.78
82376.95;-98.39
82379.88;-98.31
82382.81;-98.39
82385.74;-98.47
82388.67;-98.62
82391.60;-98.78
82394.53;-98.70
82397.46;-98.78
82400.39;-98.54
82403.32;-98.62
82406.25;-98.70
82409.18;-98.70
82412.11;-98.78
82415.04;-98.54
82417.97;-98.62
82420.90;-99.01
82423.83;-99.01
82426.76;-98.78
82429.69;-98.54
82432.62;-98.70
82435.55;-98.62
82438.48;-98.62
82441.41;-98.54
82444.34;-98.86
82447.27;-99.17
82450.20;-98.78
82453.13;-98.62
82456.05;-98.86
82458.98;-98.78
82461.91;-98.94
82464.84;-98.94
82467.77;-98.78
82470.70;-98.86
82473.63;-98.78
82476.56;-98.47
82479.49;-98.47
82482.42;-98.47
82485.35;-98.62
82488.28;-98.70
82491.21;-98.54
82494.14;-98.78
82497.07;-98.86
82500.00;-98.78
82502.93;-98.62
82505.86;-98.94
82508.79;-99.25
82511.72;-99.25
82514.65;-98.78
82517.58;-99.01
82520.51;-99.09
82523.44;-98.70
82526.37;-98.54
82529.30;-98.78
82532.23;-98.86
82535.16;-98.86
82538.09;-98.54
82541.02;-98.54
82543.95;-98.70
82546.88;-98.78
82549.80;-98.70
82552.73;-98.86
82555.66;-98.94
82558.59;-98.62
82561.52;-98.62
82564.45;-98.54
82567.38;-98.62
82570.31;-98.86
82573.24;-98.70
82576.17;-98.86
82579.10;-98.86
82582.03;-98.78
82584.96;-98.78
82587.89;-98.78
82590.82;-98.62
82593.75;-98.62
82596.68;-98.86
82599.61;-98.70
82602.54;-98.54
82605.47;-98.78
82608.40;-98.94
82611.33;-98.70
82614.26;-98.54
82617.19;-98.23
82620.12;-98.54
82623.05;-99.01
82625.98;-99.09
82628.91;-98.78
82631.84;-98.54
82634.77;-98.78
82637.70;-99.01
82640.63;-98.86
82643.55;-98.70
82646.48;-98.70
82649.41;-98.70
82652.34;-98.70
82655.27;-98.78
82658.20;-98.78
82661.13;-99.01
82664.06;-99.09
82666.99;-98.86
82669.92;-98.70
82672.85;-98.86
82675.78;-98.70
82678.71;-98.94
82681.64;-98.94
82684.57;-98.70
82687.50;-98.62
82690.43;-98.94
82693.36;-98.86
82696.29;-98.86
82699.22;-98.94
82702.15;-98.78
82705.08;-98.78
82708.01;-98.94
82710.94;-99.01
82713.87;-99.01
82716.80;-98.78
82719.73;-98.70
82722.66;-98.70
82725.59;-98.78
82728.52;-98.86
82731.45;-98.78
82734.38;-98.94
82737.30;-98.70
82740.23;-98.62
82743.16;-98.70
82746.09;-98.62
82749.02;-98.78
82751.95;-98.94
82754.88;-98.78
82757.81;-98.86
82760.74;-98.62
82763.67;-98.62
82766.60;-98.86
82769.53;-99.01
82772.46;-98.78
82775.39;-98.70
82778.32;-98.86
82781.25;-98.86
82784.18;-98.54
82787.11;-98.62
82790.04;-98.78
82792.97;-99.01
82795.90;-98.94
82798.83;-98.86
82801.76;-98.78
82804.69;-99.01
82807.62;-98.94
82810.55;-98.70
82813.48;-98.62
82816.41;-98.47
82819.34;-98.54
82822.27;-98.39
82825.20;-98.62
82828.13;-98.94
82831.05;-98.78
82833.98;-99.01
82836.91;-98.86
82839.84;-98.78
82842.77;-98.86
82845.70;-98.94
82848.63;-98.70
82851.56;-98.70
82854.49;-98.78
82857.42;-99.01
82860.35;-99.09
82863.28;-99.01
82866.21;-99.01
82869.14;-98.78
82872.07;-98.78
82875.00;-98.86
82877.93;-99.01
82880.86;-99.09
82883.79;-98.86
82886.72;-98.70
82889.65;-98.31
82892.58;-98.47
82895.51;-98.86
82898.44;-98.86
82901.37;-98.86
82904.30;-98.78
82907.23;-98.78
82910.16;-98.78
82913.09;-98.70
82916.02;-98.86
82918.95;-98.86
82921.88;-98.70
82924.80;-98.86
82927.73;-99.01
82930.66;-98.94
82933.59;-98.86
82936.52;-98.86
82939.45;-98.94
82942.38;-98.78
82945.31;-98.86
82948.24;-98.62
82951.17;-98.70
82954.10;-98.86
82957.03;-98.62
82959.96;-98.94
82962.89;-98.86
82965.82;-98.70
82968.75;-98.78
82971.68;-98.86
82974.61;-98.86
82977.54;-98.54
82980.47;-98.54
82983.40;-98.78
82986.33;-98.86
82989.26;-98.94
82992.19;-98.94
82995.12;-98.78
82998.05;-98.78
83000.98;-98.86
83003.91;-98.94
83006.84;-98.78
83009.77;-98.62
83012.70;-98.54
83015.63;-98.94
83018.55;-98.86
83021.48;-98.94
83024.41;-98.94
83027.34;-98.78
83030.27;-98.78
83033.20;-98.86
83036.13;-99.01
83039.06;-99.01
83041.99;-98.62
83044.92;-98.62
83047.85;-98.78
83050.78;-98.54
83053.71;-98.94
83056.64;-98.86
83059.57;-98.94
83062.50;-98.94
83065.43;-98.94
83068.36;-98.70
83071.29;-98.62
83074.22;-98.70
83077.15;-98.78
83080.08;-98.86
83083.01;-99.01
83085.94;-98.86
83088.87;-98.70
83091.80;-98.78
83094.73;-98.78
83097.66;-98.94
83100.59;-98.94
83103.52;-98.86
83106.45;-98.86
83109.38;-98.78
83112.30;-98.54
83115.23;-98.47
83118.16;-98.54
83121.09;-98.39
83124.02;-98.70
83126.95;-98.70
83129.88;-98.78
83132.81;-98.78
83135.74;-98.62
83138.67;-98.54
83141.60;-98.78
83144.53;-98.70
83147.46;-98.54
83150.39;-98.62
83153.32;-98.78
83156.25;-98.78
83159.18;-99.17
83162.11;-98.94
83165.04;-98.62
83167.97;-98.47
83170.90;-98.62
83173.83;-98.78
83176.76;-98.62
83179.69;-98.70
83182.62;-98.86
83185.55;-98.54
83188.48;-98.70
83191.41;-98.94
83194.34;-98.86
83197.27;-98.78
83200.20;-99.01
83203.13;-99.01
83206.05;-98.78
83208.98;-98.70
83211.91;-98.86
83214.84;-98.86
83217.77;-99.01
83220.70;-98.78
83223.63;-98.47
83226.56;-98.86
83229.49;-99.09
83232.42;-98.78
83235.35;-98.70
83238.28;-98.70
83241.21;-98.62
83244.14;-98.62
83247.07;-98.54
83250.00;-98.54
83252.93;-98.78
83255.86;-98.62
83258.79;-98.86
83261.72;-99.09
83264.65;-98.86
83267.58;-98.70
83270.51;-98.70
83273.44;-98.78
83276.37;-99.01
83279.30;-98.86
83282.23;-98.86
83285.16;-98.70
83288.09;-98.86
83291.02;-98.86
83293.95;-98.78
83296.88;-98.86
83299.80;-98.94
83302.73;-98.78
83305.66;-98.70
83308.59;-98.86
83311.52;-98.62
83314.45;-98.47
83317.38;-98.70
83320.31;-98.78
83323.24;-98.78
83326.17;-98.94
83329.10;-99.01
83332.03;-99.09
83334.96;-99.01
83337.89;-98.94
83340.82;-98.70
83343.75;-98.78
83346.68;-98.62
83349.61;-98.78
83352.54;-99.01
83355.47;-99.09
83358.40;-99.01
83361.33;-98.78
83364.26;-98.62
83367.19;-98.70
83370.12;-98.47
83373.05;-98.31
83375.98;-98.47
83378.91;-98.62
83381.84;-98.86
83384.77;-98.86
83387.70;-98.70
83390.63;-98.70
83393.55;-98.86
83396.48;-99.01
83399.41;-99.25
83402.34;-98.94
83405.27;-98.70
83408.20;-98.94
83411.13;-98.94
83414.06;-98.94
83416.99;-98.70
83419.92;-98.54
83422.85;-98.62
83425.78;-98.78
83428.71;-98.94
83431.64;-98.70
83434.57;-98.70
83437.50;-98.54
83440.43;-98.39
83443.36;-98.31
83446.29;-98.62
83449.22;-98.78
83452.15;-98.70
83455.08;-98.94
83458.01;-98.86
83460.94;-98.54
83463.87;-98.70
83466.80;-98.62
83469.73;-98.86
83472.66;-98.94
83475.59;-98.70
83478.52;-98.54
83481.45;-98.78
83484.38;-98.78
83487.30;-98.86
83490.23;-98.70
83493.16;-98.70
83496.09;-98.78
83499.02;-98.78
83501.95;-98.78
83504.88;-98.54
83507.81;-98.62
83510.74;-99.09
83513.67;-99.17
83516.60;-99.09
83519.53;-98.70
83522.46;-98.78
83525.39;-98.70
83528.32;-98.70
83531.25;-98.62
83534.18;-98.78
83537.11;-98.78
83540.04;-98.62
83542.97;-98.70
83545.90;-98.86
83548.83;-98.94
83551.76;-99.09
83554.69;-99.09
83557.62;-98.62
83560.55;-98.78
83563.48;-98.94
83566.41;-99.01
83569.34;-98.78
83572.27;-98.70
83575.20;-98.78
83578.13;-98.94
83581.05;-98.86
83583.98;-98.70
83586.91;-98.94
83589.84;-98.86
83592.77;-98.78
83595.70;-98.86
83598.63;-98.54
83601.56;-98.54
83604.49;-98.70
83607.42;-98.94
83610.35;-98.94
83613.28;-98.86
83616.21;-98.70
83619.14;-98.78
83622.07;-98.94
83625.00;-99.01
83627.93;-99.01
83630.86;-99.01
83633.79;-98.78
83636.72;-98.78
83639.65;-99.01
83642.58;-98.78
83645.51;-98.78
83648.44;-98.78
83651.37;-98.78
83654.30;-98.94
83657.23;-99.01
83660.16;-98.78
83663.09;-98.70
83666.02;-98.78
83668.95;-98.94
83671.88;-99.01
83674.80;-98.86
83677.73;-99.09
83680.66;-99.01
83683.59;-98.94
83686.52;-99.01
83689.45;-98.94
83692.38;-98.70
83695.31;-98.47
83698.24;-98.54
83701.17;-98.78
83704.10;-98.39
83707.03;-98.70
83709.96;-99.01
83712.89;-98.94
83715.82;-98.78
83718.75;-98.78
83721.68;-98.94
83724.61;-99.01
83727.54;-99.25
83730.47;-99.33
83733.40;-98.94
83736.33;-98.94
83739.26;-98.86
83742.19;-98.78
83745.12;-98.86
83748.05;-99.09
83750.98;-99.33
83753.91;-99.17
83756.84;-98.70
83759.77;-98.54
83762.70;-98.70
83765.63;-98.78
83768.55;-98.94
83771.48;-99.01
83774.41;-98.86
83777.34;-98.86
83780.27;-98.70
83783.20;-99.01
83786.13;-98.86
83789.06;-98.86
83791.99;-98.94
83794.92;-98.94
83797.85;-98.94
83800.78;-99.01
83803.71;-98.86
83806.64;-98.70
83809.57;-98.70
83812.50;-98.86
83815.43;-98.86
83818.36;-98.70
83821.29;-98.94
83824.22;-98.86
83827.15;-98.78
83830.08;-98.94
83833.01;-99.01
83835.94;-99.01
83838.87;-99.09
83841.80;-98.94
83844.73;-99.09
83847.66;-99.01
83850.59;-98.94
83853.52;-98.78
83856.45;-98.70
83859.38;-98.62
83862.30;-98.78
83865.23;-98.94
83868.16;-98.78
83871.09;-98.78
83874.02;-98.94
83876.95;-98.86
83879.88;-98.78
83882.81;-98.54
83885.74;-99.01
83888.67;-98.78
83891.60;-98.70
83894.53;-98.78
83897.46;-98.62
83900.39;-98.94
83903.32;-98.78
83906.25;-98.62
83909.18;-98.78
83912.11;-99.09
83915.04;-98.94
83917.97;-98.86
83920.90;-99.17
83923.83;-99.09
83926.76;-98.78
83929.69;-98.70
83932.62;-98.62
83935.55;-98.62
83938.48;-98.86
83941.41;-98.78
83944.34;-98.70
83947.27;-98.86
83950.20;-99.01
83953.13;-98.86
83956.05;-98.94
83958.98;-98.70
83961.91;-98.94
83964.84;-99.01
83967.77;-98.94
83970.70;-98.78
83973.63;-99.17
83976.56;-99.09
83979.49;-98.54
83982.42;-98.70
83985.35;-98.94
83988.28;-99.01
83991.21;-98.86
83994.14;-98.94
83997.07;-98.94
84000.00;-98.78
84002.93;-98.78
84005.86;-98.78
84008.79;-99.01
84011.72;-99.17
84014.65;-99.25
84017.58;-99.01
84020.51;-98.94
84023.44;-99.01
84026.37;-99.09
84029.30;-99.09
84032.23;-98.94
84035.16;-98.78
84038.09;-98.86
84041.02;-98.86
84043.95;-98.94
84046.88;-99.09
84049.80;-98.94
84052.73;-98.54
84055.66;-98.78
84058.59;-98.78
84061.52;-99.01
84064.45;-98.70
84067.38;-98.70
84070.31;-98.54
84073.24;-98.70
84076.17;-98.86
84079.10;-98.94
84082.03;-98.86
84084.96;-99.01
84087.89;-99.33
84090.82;-99.09
84093.75;-98.62
84096.68;-98.94
84099.61;-98.78
84102.54;-98.86
84105.47;-98.86
84108.40;-98.62
84111.33;-98.62
84114.26;-98.70
84117.19;-99.01
84120.12;-99.01
84123.05;-98.94
84125.98;-98.94
84128.91;-98.86
84131.84;-98.78
84134.77;-99.09
84137.70;-99.33
84140.63;-98.94
84143.55;-98.54
84146.48;-98.47
84149.41;-98.70
84152.34;-98.54
84155.27;-98.54
84158.20;-98.78
84161.13;-98.78
84164.06;-98.78
84166.99;-98.86
84169.92;-98.78
84172.85;-98.70
84175.78;-98.54
84178.71;-98.94
84181.64;-98.94
84184.57;-98.78
84187.50;-98.86
84190.43;-98.86
84193.36;-98.78
84196.29;-98.94
84199.22;-99.17
84202.15;-98.78
84205.08;-98.78
84208.01;-99.01
84210.94;-98.70
84213.87;-98.78
84216.80;-99.09
84219.73;-98.78
84222.66;-98.86
84225.59;-98.54
84228.52;-98.47
84231.45;-98.54
84234.38;-98.62
84237.30;-98.62
84240.23;-98.62
84243.16;-98.70
84246.09;-98.86
84249.02;-99.17
84251.95;-98.70
84254.88;-98.54
84257.81;-98.62
84260.74;-98.86
84263.67;-98.94
84266.60;-98.94
84269.53;-99.01
84272.46;-98.94
84275.39;-98.94
84278.32;-98.94
84281.25;-99.01
84284.18;-98.94
84287.11;-98.54
84290.04;-98.70
84292.97;-98.78
84295.90;-98.78
84298.83;-98.62
84301.76;-98.78
84304.69;-99.01
84307.62;-98.86
84310.55;-98.78
84313.48;-98.62
84316.41;-98.78
84319.34;-98.78
84322.27;-98.70
84325.20;-98.94
84328.13;-98.78
84331.05;-98.94
84333.98;-98.78
84336.91;-99.01
84339.84;-99.09
84342.77;-98.86
84345.70;-98.86
84348.63;-98.70
84351.56;-98.62
84354.49;-98.47
84357.42;-98.70
84360.35;-98.86
84363.28;-98.94
84366.21;-98.78
84369.14;-98.86
84372.07;-98.86
84375.00;-98.78
84377.93;-98.78
84380.86;-98.62
84383.79;-98.47
84386.72;-98.70
84389.65;-98.70
84392.58;-98.54
84395.51;-98.78
84398.44;-98.94
84401.37;-98.47
84404.30;-98.70
84407.23;-99.01
84410.16;-98.70
84413.09;-98.70
84416.02;-98.70
84418.95;-98.70
84421.88;-98.78
84424.80;-98.86
84427.73;-98.78
84430.66;-98.70
84433.59;-98.62
84436.52;-98.62
84439.45;-98.70
84442.38;-98.78
84445.31;-99.01
84448.24;-98.86
84451.17;-98.70
84454.10;-98.86
84457.03;-98.94
84459.96;-98.86
84462.89;-98.78
84465.82;-98.70
84468.75;-98.86
84471.68;-98.78
84474.61;-98.70
84477.54;-98.70
84480.47;-98.78
84483.40;-99.01
84486.33;-99.01
84489.26;-99.01
84492.19;-98.86
84495.12;-98.86
84498.05;-98.86
84500.98;-99.09
84503.91;-98.70
84506.84;-98.86
84509.77;-99.17
84512.70;-99.09
84515.63;-98.70
84518.55;-98.62
84521.48;-98.70
84524.41;-98.54
84527.34;-98.70
84530.27;-98.78
84533.20;-98.70
84536.13;-98.78
84539.06;-98.94
84541.99;-99.01
84544.92;-98.86
84547.85;-98.62
84550.78;-98.39
84553.71;-98.47
84556.64;-98.62
84559.57;-98.70
84562.50;-98.70
84565.43;-98.78
84568.36;-99.01
84571.29;-99.17
84574.22;-98.70
84577.15;-98.62
84580.08;-98.86
84583.01;-98.70
84585.94;-99.01
84588.87;-98.78
84591.80;-98.70
84594.73;-98.70
84597.66;-98.86
84600.59;-98.94
84603.52;-98.86
84606.45;-98.78
84609.38;-98.94
84612.30;-99.09
84615.23;-99.09
84618.16;-98.78
84621.09;-98.78
84624.02;-99.01
84626.95;-98.78
84629.88;-98.86
84632.81;-98.70
84635.74;-99.01
84638.67;-98.70
84641.60;-98.70
84644.53;-99.01
84647.46;-98.78
84650.39;-98.54
84653.32;-98.62
84656.25;-98.78
84659.18;-99.17
84662.11;-98.94
84665.04;-98.70
84667.97;-98.86
84670.90;-99.01
84673.83;-99.09
84676.76;-98.94
84679.69;-98.94
84682.62;-98.78
84685.55;-98.54
84688.48;-98.70
84691.41;-98.94
84694.34;-99.25
84697.27;-98.78
84700.20;-98.39
84703.13;-98.70
84706.05;-98.78
84708.98;-98.70
84711.91;-98.86
84714.84;-99.01
84717.77;-98.94
84720.70;-98.94
84723.63;-99.09
84726.56;-98.94
84729.49;-98.62
84732.42;-98.54
84735.35;-98.70
84738.28;-98.86
84741.21;-99.09
84744.14;-99.01
84747.07;-98.70
84750.00;-98.62
84752.93;-98.78
84755.86;-98.94
84758.79;-98.94
84761.72;-98.54
84764.65;-98.70
84767.58;-99.01
84770.51;-98.86
84773.44;-98.78
84776.37;-98.86
84779.30;-98.78
84782.23;-98.86
84785.16;-98.94
84788.09;-98.94
84791.02;-99.01
84793.95;-98.94
84796.88;-98.94
84799.80;-99.09
84802.73;-98.86
84805.66;-99.09
84808.59;-99.01
84811.52;-98.94
84814.45;-98.94
84817.38;-99.01
84820.31;-98.86
84823.24;-98.86
84826.17;-98.78
84829.10;-98.86
84832.03;-98.86
84834.96;-98.70
84837.89;-98.62
84840.82;-98.70
84843.75;-98.86
84846.68;-99.09
84849.61;-98.70
84852.54;-98.70
84855.47;-98.86
84858.40;-98.78
84861.33;-98.70
84864.26;-98.86
84867.19;-99.17
84870.12;-99.01
84873.05;-99.01
84875.98;-99.09
84878.91;-99.09
84881.84;-99.01
84884.77;-99.01
84887.70;-99.01
84890.63;-98.70
84893.55;-98.47
84896.48;-98.78
84899.41;-99.17
84902.34;-98.94
84905.27;-98.94
84908.20;-98.78
84911.13;-98.86
84914.06;-98.70
84916.99;-98.70
84919.92;-98.94
84922.85;-98.86
84925.78;-98.78
84928.71;-98.94
84931.64;-99.01
84934.57;-98.62
84937.50;-98.86
84940.43;-98.86
84943.36;-99.01
84946.29;-99.25
84949.22;-98.78
84952.15;-98.78
84955.08;-98.78
84958.01;-98.86
84960.94;-98.94
84963.87;-99.09
84966.80;-98.86
84969.73;-98.78
84972.66;-98.78
84975.59;-98.86
84978.52;-98.86
84981.45;-98.70
84984.38;-98.86
84987.30;-99.17
84990.23;-99.25
84993.16;-98.78
84996.09;-98.86
84999.02;-99.01
85001.95;-98.94
85004.88;-98.86
85007.81;-98.54
85010.74;-98.54
85013.67;-98.78
85016.60;-99.01
85019.53;-99.01
85022.46;-99.01
85025.39;-98.54
85028.32;-98.62
85031.25;-98.94
85034.18;-99.01
85037.11;-99.01
85040.04;-98.86
85042.97;-98.86
85045.90;-98.86
85048.83;-98.86
85051.76;-98.78
85054.69;-99.01
85057.62;-99.01
85060.55;-98.94
85063.48;-98.86
85066.41;-98.78
85069.34;-98.78
85072.27;-98.70
85075.20;-98.78
85078.13;-98.86
85081.05;-98.54
85083.98;-99.01
85086.91;-99.01
85089.84;-98.86
85092.77;-99.25
85095.70;-99.01
85098.63;-98.94
85101.56;-98.94
85104.49;-98.94
85107.42;-98.78
85110.35;-98.78
85113.28;-98.94
85116.21;-98.94
85119.14;-98.70
85122.07;-98.94
85125.00;-98.86
85127.93;-98.62
85130.86;-98.54
85133.79;-98.86
85136.72;-98.70
85139.65;-98.54
85142.58;-98.86
85145.51;-98.86
85148.44;-98.78
85151.37;-98.78
85154.30;-98.62
85157.23;-98.54
85160.16;-98.78
85163.09;-99.01
85166.02;-98.86
85168.95;-98.86
85171.88;-98.78
85174.80;-98.78
85177.73;-98.86
85180.66;-99.01
85183.59;-98.70
85186.52;-98.86
85189.45;-98.78
85192.38;-98.94
85195.31;-99.01
85198.24;-98.86
85201.17;-99.01
85204.10;-98.70
85207.03;-98.94
85209.96;-99.17
85212.89;-98.86
85215.82;-98.78
85218.75;-98.86
85221.68;-98.86
85224.61;-98.86
85227.54;-98.86
85230.47;-98.78
85233.40;-99.01
85236.33;-98.86
85239.26;-98.70
85242.19;-98.78
85245.12;-98.70
85248.05;-98.78
85250.98;-99.09
85253.91;-99.25
85256.84;-98.94
85259.77;-98.86
85262.70;-98.86
85265.63;-98.78
85268.55;-98.62
85271.48;-98.62
85274.41;-99.01
85277.34;-99.01
85280.27;-98.78
85283.20;-98.86
85286.13;-99.09
85289.06;-99.17
85291.99;-98.70
85294.92;-98.78
85297.85;-98.94
85300.78;-99.09
85303.71;-99.09
85306.64;-99.01
85309.57;-98.94
85312.50;-98.86
85315.43;-98.94
85318.36;-98.94
85321.29;-99.01
85324.22;-99.09
85327.15;-98.86
85330.08;-98.62
85333.01;-98.62
85335.94;-98.86
85338.87;-98.70
85341.80;-98.78
85344.73;-98.78
85347.66;-98.86
85350.59;-98.86
85353.52;-98.86
85356.45;-99.09
85359.38;-99.25
85362.30;-99.01
85365.23;-99.17
85368.16;-99.01
85371.09;-98.86
85374.02;-98.70
85376.95;-98.86
85379.88;-98.86
85382.81;-98.94
85385.74;-98.78
85388.67;-98.78
85391.60;-98.86
85394.53;-98.54
85397.46;-98.54
85400.39;-98.78
85403.32;-98.78
85406.25;-98.78
85409.18;-98.94
85412.11;-98.94
85415.04;-98.94
85417.97;-98.86
85420.90;-98.62
85423.83;-98.78
85426.76;-98.94
85429.69;-98.94
85432.62;-98.94
85435.55;-98.94
85438.48;-98.86
85441.41;-98.94
85444.34;-99.01
85447.27;-98.78
85450.20;-98.86
85453.13;-98.94
85456.05;-98.86
85458.98;-99.01
85461.91;-99.25
85464.84;-98.94
85467.77;-98.94
85470.70;-98.86
85473.63;-99.01
85476.56;-98.86
85479.49;-98.78
85482.42;-98.78
85485.35;-98.62
85488.28;-98.78
85491.21;-98.86
85494.14;-98.70
85497.07;-98.94
85500.00;-98.86
85502.93;-98.86
85505.86;-98.94
85508.79;-98.70
85511.72;-98.86
85514.65;-99.01
85517.58;-99.01
85520.51;-98.94
85523.44;-98.94
85526.37;-98.86
85529.30;-98.86
85532.23;-99.17
85535.16;-98.94
85538.09;-98.86
85541.02;-98.86
85543.95;-98.94
85546.88;-98.94
85549.80;-99.09
85552.73;-98.78
85555.66;-98.86
85558.59;-98.62
85561.52;-98.70
85564.45;-98.78
85567.38;-98.86
85570.31;-99.17
85573.24;-99.09
85576.17;-99.01
85579.10;-99.01
85582.03;-98.86
85584.96;-98.94
85587.89;-99.17
85590.82;-98.94
85593.75;-98.86
85596.68;-98.94
85599.61;-98.62
85602.54;-98.47
85605.47;-98.54
85608.40;-98.78
85611.33;-98.54
85614.26;-98.62
85617.19;-98.86
85620.12;-98.70
85623.05;-98.94
85625.98;-99.01
85628.91;-99.17
85631.84;-99.25
85634.77;-99.09
85637.70;-98.94
85640.63;-98.94
85643.55;-99.09
85646.48;-99.25
85649.41;-98.94
85652.34;-98.70
85655.27;-98.86
85658.20;-98.94
85661.13;-98.86
85664.06;-99.01
85666.99;-99.01
85669.92;-98.94
85672.85;-98.94
85675.78;-99.01
85678.71;-99.01
85681.64;-98.94
85684.57;-98.94
85687.50;-99.01
85690.43;-99.17
85693.36;-98.86
85696.29;-98.86
85699.22;-98.86
85702.15;-99.09
85705.08;-99.17
85708.01;-99.33
85710.94;-99.33
85713.87;-99.09
85716.80;-98.94
85719.73;-98.78
85722.66;-99.09
85725.59;-99.33
85728.52;-99.09
85731.45;-99.17
85734.38;-99.17
85737.30;-99.25
85740.23;-99.25
85743.16;-99.01
85746.09;-98.94
85749.02;-98.70
85751.95;-98.70
85754.88;-98.94
85757.81;-98.86
85760.74;-98.94
85763.67;-99.01
85766.60;-98.94
85769.53;-98.86
85772.46;-98.78
85775.39;-99.17
85778.32;-99.09
85781.25;-98.86
85784.18;-98.70
85787.11;-98.54
85790.04;-98.39
85792.97;-98.54
85795.90;-98.54
85798.83;-98.62
85801.76;-98.70
85804.69;-98.86
85807.62;-98.70
85810.55;-99.01
85813.48;-98.78
85816.41;-98.70
85819.34;-99.01
85822.27;-99.09
85825.20;-99.09
85828.13;-98.78
85831.05;-98.78
85833.98;-98.86
85836.91;-98.70
85839.84;-98.70
85842.77;-98.94
85845.70;-98.94
85848.63;-98.86
85851.56;-98.94
85854.49;-99.01
85857.42;-98.94
85860.35;-98.94
85863.28;-99.01
85866.21;-98.94
85869.14;-99.01
85872.07;-98.78
85875.00;-99.09
85877.93;-98.94
85880.86;-98.78
85883.79;-98.62
85886.72;-98.86
85889.65;-98.86
85892.58;-99.09
85895.51;-98.94
85898.44;-98.62
85901.37;-98.94
85904.30;-99.09
85907.23;-99.25
85910.16;-99.17
85913.09;-98.86
85916.02;-98.86
85918.95;-99.01
85921.88;-99.09
85924.80;-99.25
85927.73;-99.25
85930.66;-98.94
85933.59;-98.86
85936.52;-99.01
85939.45;-99.09
85942.38;-98.86
85945.31;-98.86
85948.24;-98.94
85951.17;-98.94
85954.10;-98.94
85957.03;-98.86
85959.96;-99.01
85962.89;-98.94
85965.82;-98.86
85968.75;-99.01
85971.68;-99.09
85974.61;-98.94
85977.54;-99.17
85980.47;-99.01
85983.40;-99.01
85986.33;-99.17
85989.26;-98.86
85992.19;-99.01
85995.12;-99.09
85998.05;-99.25
86000.98;-99.33
86003.91;-98.94
86006.84;-99.01
86009.77;-98.94
86012.70;-98.86
86015.63;-98.86
86018.55;-99.09
86021.48;-99.09
86024.41;-99.17
86027.34;-98.86
86030.27;-98.70
86033.20;-98.78
86036.13;-98.94
86039.06;-99.25
86041.99;-99.25
86044.92;-99.01
86047.85;-99.17
86050.78;-99.09
86053.71;-98.78
86056.64;-98.78
86059.57;-98.94
86062.50;-98.94
86065.43;-98.86
86068.36;-98.86
86071.29;-98.70
86074.22;-98.78
86077.15;-98.62
86080.08;-98.86
86083.01;-98.86
86085.94;-98.86
86088.87;-98.86
86091.80;-98.70
86094.73;-98.86
86097.66;-98.86
86100.59;-98.94
86103.52;-99.09
86106.45;-98.86
86109.38;-98.70
86112.30;-99.01
86115.23;-98.78
86118.16;-99.01
86121.09;-99.09
86124.02;-98.86
86126.95;-98.78
86129.88;-98.70
86132.81;-98.70
86135.74;-98.86
86138.67;-98.86
86141.60;-98.78
86144.53;-98.70
86147.46;-98.78
86150.39;-98.86
86153.32;-98.78
86156.25;-98.86
86159.18;-98.86
86162.11;-98.70
86165.04;-98.62
86167.97;-98.94
86170.90;-98.94
86173.83;-98.70
86176.76;-99.01
86179.69;-99.09
86182.62;-99.17
86185.55;-99.33
86188.48;-99.17
86191.41;-98.86
86194.34;-98.86
86197.27;-99.09
86200.20;-99.25
86203.13;-98.78
86206.05;-98.86
86208.98;-98.70
86211.91;-98.86
86214.84;-98.86
86217.77;-99.17
86220.70;-99.25
86223.63;-98.78
86226.56;-99.01
86229.49;-99.17
86232.42;-99.09
86235.35;-99.25
86238.28;-99.17
86241.21;-99.09
86244.14;-99.01
86247.07;-99.01
86250.00;-98.86
86252.93;-98.94
86255.86;-99.09
86258.79;-99.09
86261.72;-98.94
86264.65;-98.94
86267.58;-99.09
86270.51;-99.01
86273.44;-98.94
86276.37;-99.17
86279.30;-99.09
86282.23;-99.09
86285.16;-99.01
86288.09;-98.78
86291.02;-98.78
86293.95;-99.25
86296.88;-99.09
86299.80;-98.94
86302.73;-99.17
86305.66;-99.25
86308.59;-99.17
86311.52;-99.01
86314.45;-98.94
86317.38;-99.01
86320.31;-98.86
86323.24;-98.94
86326.17;-98.86
86329.10;-98.94
86332.03;-98.86
86334.96;-98.70
86337.89;-98.94
86340.82;-99.09
86343.75;-98.94
86346.68;-98.62
86349.61;-98.78
86352.54;-99.09
86355.47;-99.17
86358.40;-99.25
86361.33;-99.17
86364.26;-98.78
86367.19;-98.94
86370.12;-98.94
86373.05;-98.94
86375.98;-99.01
86378.91;-99.09
86381.84;-99.01
86384.77;-98.94
86387.70;-98.70
86390.63;-98.62
86393.55;-98.62
86396.48;-98.86
86399.41;-98.86
86402.34;-98.70
86405.27;-98.86
86408.20;-98.86
86411.13;-98.78
86414.06;-98.78
86416.99;-98.86
86419.92;-98.86
86422.85;-98.62
86425.78;-98.70
86428.71;-98.86
86431.64;-98.86
86434.57;-99.01
86437.50;-99.01
86440.43;-99.01
86443.36;-98.86
86446.29;-99.09
86449.22;-99.09
86452.15;-98.94
86455.08;-99.01
86458.01;-98.94
86460.94;-98.94
86463.87;-98.62
86466.80;-98.94
86469.73;-99.09
86472.66;-98.94
86475.59;-99.01
86478.52;-99.09
86481.45;-98.94
86484.38;-98.78
86487.30;-98.94
86490.23;-98.78
86493.16;-99.09
86496.09;-99.01
86499.02;-98.86
86501.95;-98.86
86504.88;-98.78
86507.81;-98.62
86510.74;-98.86
86513.67;-99.09
86516.60;-99.33
86519.53;-99.33
86522.46;-99.01
86525.39;-98.94
86528.32;-99.01
86531.25;-99.09
86534.18;-99.09
86537.11;-99.01
86540.04;-98.94
86542.97;-99.01
86545.90;-98.78
86548.83;-98.86
86551.76;-98.78
86554.69;-98.86
86557.62;-99.01
86560.55;-99.01
86563.48;-98.70
86566.41;-98.94
86569.34;-98.94
86572.27;-98.78
86575.20;-98.94
86578.13;-99.17
86581.05;-99.09
86583.98;-98.86
86586.91;-98.62
86589.84;-98.94
86592.77;-99.25
86595.70;-98.86
86598.63;-98.78
86601.56;-98.70
86604.49;-98.78
86607.42;-98.78
86610.35;-98.70
86613.28;-98.86
86616.21;-99.09
86619.14;-99.09
86622.07;-98.78
86625.00;-98.86
86627.93;-99.01
86630.86;-98.94
86633.79;-98.62
86636.72;-98.78
86639.65;-98.86
86642.58;-98.94
86645.51;-98.86
86648.44;-99.01
86651.37;-98.86
86654.30;-98.70
86657.23;-98.70
86660.16;-99.09
86663.09;-99.01
86666.02;-98.70
86668.95;-99.01
86671.88;-98.94
86674.80;-98.94
86677.73;-99.01
86680.66;-99.01
86683.59;-99.01
86686.52;-99.01
86689.45;-99.17
86692.38;-98.94
86695.31;-98.86
86698.24;-98.70
86701.17;-98.86
86704.10;-98.94
86707.03;-99.09
86709.96;-99.17
86712.89;-99.09
86715.82;-98.78
86718.75;-99.17
86721.68;-99.09
86724.61;-99.01
86727.54;-98.94
86730.47;-98.86
86733.40;-98.86
86736.33;-98.70
86739.26;-98.94
86742.19;-99.25
86745.12;-98.94
86748.05;-98.94
86750.98;-99.25
86753.91;-99.17
86756.84;-98.86
86759.77;-98.94
86762.70;-98.54
86765.63;-98.78
86768.55;-99.09
86771.48;-99.01
86774.41;-98.94
86777.34;-98.86
86780.27;-98.70
86783.20;-98.78
86786.13;-98.70
86789.06;-98.86
86791.99;-99.09
86794.92;-99.17
86797.85;-99.17
86800.78;-99.09
86803.71;-99.01
86806.64;-98.94
86809.57;-99.01
86812.50;-99.09
86815.43;-99.01
86818.36;-98.78
86821.29;-98.78
86824.22;-98.78
86827.15;-98.86
86830.08;-99.25
86833.01;-99.33
86835.94;-98.86
86838.87;-98.94
86841.80;-98.86
86844.73;-99.01
86847.66;-99.01
86850.59;-98.70
86853.52;-99.01
86856.45;-99.25
86859.38;-99.01
86862.30;-98.94
86865.23;-99.33
86868.16;-99.17
86871.09;-98.94
86874.02;-98.94
86876.95;-98.86
86879.88;-99.01
86882.81;-99.17
86885.74;-98.86
86888.67;-99.09
86891.60;-99.33
86894.53;-98.94
86897.46;-99.09
86900.39;-98.94
86903.32;-99.09
86906.25;-99.09
86909.18;-98.94
86912.11;-98.94
86915.04;-99.01
86917.97;-98.62
86920.90;-98.78
86923.83;-98.94
86926.76;-98.86
86929.69;-98.86
86932.62;-98.94
86935.55;-98.78
86938.48;-98.94
86941.41;-98.94
86944.34;-98.78
86947.27;-98.86
86950.20;-98.78
86953.13;-98.78
86956.05;-98.86
86958.98;-98.70
86961.91;-98.78
86964.84;-99.01
86967.77;-99.25
86970.70;-99.17
86973.63;-99.01
86976.56;-98.94
86979.49;-98.86
86982.42;-98.86
86985.35;-99.01
86988.28;-98.94
86991.21;-98.78
86994.14;-98.78
86997.07;-98.70
87000.00;-98.94
87002.93;-99.09
87005.86;-98.94
87008.79;-98.70
87011.72;-98.86
87014.65;-98.86
87017.58;-99.01
87020.51;-98.70
87023.44;-98.70
87026.37;-99.09
87029.30;-99.25
87032.23;-99.01
87035.16;-99.17
87038.09;-99.09
87041.02;-99.01
87043.95;-98.70
87046.88;-98.86
87049.80;-98.86
87052.73;-98.70
87055.66;-98.78
87058.59;-98.78
87061.52;-98.70
87064.45;-98.78
87067.38;-98.94
87070.31;-98.86
87073.24;-98.70
87076.17;-98.78
87079.10;-98.86
87082.03;-98.86
87084.96;-98.70
87087.89;-98.94
87090.82;-98.86
87093.75;-98.70
87096.68;-98.62
87099.61;-98.86
87102.54;-98.86
87105.47;-98.62
87108.40;-98.78
87111.33;-98.78
87114.26;-98.86
87117.19;-99.01
87120.12;-99.25
87123.05;-99.33
87125.98;-99.09
87128.91;-98.78
87131.84;-98.94
87134.77;-99.09
87137.70;-98.86
87140.63;-98.86
87143.55;-99.01
87146.48;-99.01
87149.41;-99.09
87152.34;-99.09
87155.27;-99.17
87158.20;-99.25
87161.13;-98.94
87164.06;-99.01
87166.99;-98.94
87169.92;-99.01
87172.85;-98.94
87175.78;-98.94
87178.71;-98.94
87181.64;-98.62
87184.57;-98.47
87187.50;-98.86
87190.43;-98.86
87193.36;-98.94
87196.29;-99.09
87199.22;-99.09
87202.15;-98.94
87205.08;-98.78
87208.01;-98.86
87210.94;-99.01
87213.87;-99.17
87216.80;-99.33
87219.73;-99.56
87222.66;-99.48
87225.59;-99.33
87228.52;-99.09
87231.45;-99.17
87234.38;-99.09
87237.30;-99.25
87240.23;-99.40
87243.16;-99.01
87246.09;-98.62
87249.02;-98.86
87251.95;-98.62
87254.88;-98.86
87257.81;-99.09
87260.74;-99.09
87263.67;-99.01
87266.60;-98.78
87269.53;-98.86
87272.46;-98.94
87275.39;-99.17
87278.32;-99.09
87281.25;-99.09
87284.18;-98.70
87287.11;-98.78
87290.04;-98.78
87292.97;-99.01
87295.90;-99.01
87298.83;-99.09
87301.76;-99.09
87304.69;-99.09
87307.62;-99.25
87310.55;-99.17
87313.48;-99.25
87316.41;-99.01
87319.34;-98.94
87322.27;-98.78
87325.20;-98.70
87328.13;-99.01
87331.05;-99.09
87333.98;-98.78
87336.91;-98.86
87339.84;-98.70
87342.77;-98.62
87345.70;-98.86
87348.63;-98.94
87351.56;-98.94
87354.49;-98.94
87357.42;-99.01
87360.35;-98.94
87363.28;-98.78
87366.21;-98.86
87369.14;-99.01
87372.07;-98.94
87375.00;-98.86
87377.93;-98.86
87380.86;-98.78
87383.79;-98.54
87386.72;-98.54
87389.65;-98.70
87392.58;-99.09
87395.51;-99.01
87398.44;-98.86
87401.37;-99.01
87404.30;-98.86
87407.23;-99.01
87410.16;-98.94
87413.09;-99.09
87416.02;-99.01
87418.95;-98.86
87421.88;-99.09
87424.80;-99.17
87427.73;-99.01
87430.66;-99.17
87433.59;-99.17
87436.52;-99.09
87439.45;-98.94
87442.38;-99.09
87445.31;-98.94
87448.24;-98.70
87451.17;-98.62
87454.10;-98.78
87457.03;-99.01
87459.96;-98.86
87462.89;-98.86
87465.82;-98.94
87468.75;-98.78
87471.68;-98.86
87474.61;-98.94
87477.54;-99.17
87480.47;-99.09
87483.40;-98.70
87486.33;-98.86
87489.26;-98.94
87492.19;-98.94
87495.12;-99.01
87498.05;-98.94
87500.98;-99.01
87503.91;-98.94
87506.84;-99.01
87509.77;-99.25
87512.70;-99.17
87515.63;-98.94
87518.55;-99.25
87521.48;-99.25
87524.41;-99.09
87527.34;-99.01
87530.27;-98.78
87533.20;-98.78
87536.13;-98.70
87539.06;-98.86
87541.99;-99.01
87544.92;-98.94
87547.85;-98.94
87550.78;-99.09
87553.71;-99.17
87556.64;-99.17
87559.57;-99.17
87562.50;-99.25
87565.43;-98.94
87568.36;-98.62
87571.29;-98.78
87574.22;-99.33
87577.15;-99.33
87580.08;-99.09
87583.01;-99.17
87585.94;-98.86
87588.87;-98.94
87591.80;-98.86
87594.73;-98.86
87597.66;-98.94
87600.59;-99.09
87603.52;-98.86
87606.45;-98.94
87609.38;-98.94
87612.30;-99.01
87615.23;-99.01
87618.16;-98.86
87621.09;-98.86
87624.02;-98.78
87626.95;-99.09
87629.88;-99.25
87632.81;-99.09
87635.74;-99.09
87638.67;-98.86
87641.60;-99.01
87644.53;-99.17
87647.46;-99.25
87650.39;-99.25
87653.32;-99.25
87656.25;-99.17
87659.18;-99.09
87662.11;-99.25
87665.04;-99.25
87667.97;-98.94
87670.90;-98.86
87673.83;-99.17
87676.76;-98.94
87679.69;-98.94
87682.62;-99.09
87685.55;-99.01
87688.48;-99.09
87691.41;-98.94
87694.34;-99.09
87697.27;-99.33
87700.20;-98.94
87703.13;-98.94
87706.05;-99.01
87708.98;-99.25
87711.91;-99.33
87714.84;-99.56
87717.77;-99.25
87720.70;-99.01
87723.63;-98.86
87726.56;-98.78
87729.49;-99.01
87732.42;-99.09
87735.35;-99.09
87738.28;-99.09
87741.21;-99.01
87744.14;-98.94
87747.07;-99.01
87750.00;-98.86
87752.93;-98.86
87755.86;-98.54
87758.79;-98.70
87761.72;-98.86
87764.65;-98.62
87767.58;-98.54
87770.51;-98.86
87773.44;-99.01
87776.37;-98.78
87779.30;-99.09
87782.23;-99.25
87785.16;-98.94
87788.09;-98.78
87791.02;-98.94
87793.95;-98.62
87796.88;-98.78
87799.80;-99.17
87802.73;-98.94
87805.66;-98.86
87808.59;-98.70
87811.52;-98.86
87814.45;-99.09
87817.38;-99.33
87820.31;-99.09
87823.24;-98.78
87826.17;-99.01
87829.10;-99.40
87832.03;-99.25
87834.96;-99.17
87837.89;-99.01
87840.82;-99.09
87843.75;-99.01
87846.68;-98.86
87849.61;-98.86
87852.54;-98.78
87855.47;-99.09
87858.40;-98.78
87861.33;-98.78
87864.26;-98.86
87867.19;-98.94
87870.12;-99.17
87873.05;-99.09
87875.98;-98.94
87878.91;-98.86
87881.84;-98.86
87884.77;-99.01
87887.70;-98.94
87890.63;-99.17
87893.55;-98.86
87896.48;-98.94
87899.41;-99.01
87902.34;-99.17
87905.27;-99.17
87908.20;-99.33
87911.13;-99.17
87914.06;-99.09
87916.99;-99.17
87919.92;-98.94
87922.85;-98.78
87925.78;-98.86
87928.71;-98.70
87931.64;-98.86
87934.57;-99.17
87937.50;-98.94
87940.43;-98.94
87943.36;-99.25
87946.29;-99.09
87949.22;-99.01
87952.15;-99.17
87955.08;-99.01
87958.01;-99.01
87960.94;-99.09
87963.87;-98.62
87966.80;-98.86
87969.73;-99.17
87972.66;-99.17
87975.59;-98.94
87978.52;-98.86
87981.45;-98.86
87984.38;-98.86
87987.30;-98.86
87990.23;-98.94
87993.16;-98.94
87996.09;-99.33
87999.02;-99.25
88001.95;-98.94
88004.88;-98.86
88007.81;-98.94
88010.74;-98.86
88013.67;-99.09
88016.60;-99.01
88019.53;-98.70
88022.46;-98.86
88025.39;-99.17
88028.32;-99.25
88031.25;-98.86
88034.18;-99.01
88037.11;-99.25
88040.04;-99.09
88042.97;-99.01
88045.90;-98.94
88048.83;-99.01
88051.76;-99.01
88054.69;-99.17
88057.62;-99.17
88060.55;-99.17
88063.48;-98.94
88066.41;-98.86
88069.34;-98.86
88072.27;-99.09
88075.20;-99.25
88078.13;-99.09
88081.05;-98.94
88083.98;-99.17
88086.91;-99.09
88089.84;-99.01
88092.77;-99.01
88095.70;-98.86
88098.63;-98.86
88101.56;-98.94
88104.49;-98.86
88107.42;-98.94
88110.35;-98.86
88113.28;-99.01
88116.21;-99.25
88119.14;-99.09
88122.07;-98.78
88125.00;-99.25
88127.93;-99.09
88130.86;-98.94
88133.79;-98.78
88136.72;-98.78
88139.65;-98.70
88142.58;-98.70
88145.51;-98.86
88148.44;-98.94
88151.37;-98.94
88154.30;-99.01
88157.23;-98.94
88160.16;-99.25
88163.09;-99.01
88166.02;-99.01
88168.95;-99.17
88171.88;-99.01
88174.80;-98.94
88177.73;-99.09
88180.66;-98.94
88183.59;-99.09
88186.52;-99.17
88189.45;-99.09
88192.38;-98.94
88195.31;-99.09
88198.24;-99.33
88201.17;-99.01
88204.10;-98.78
88207.03;-99.01
88209.96;-99.17
88212.89;-98.94
88215.82;-98.86
88218.75;-99.17
88221.68;-99.25
88224.61;-99.25
88227.54;-99.01
88230.47;-98.94
88233.40;-99.01
88236.33;-99.17
88239.26;-98.94
88242.19;-98.62
88245.12;-98.86
88248.05;-99.01
88250.98;-99.09
88253.91;-99.09
88256.84;-99.01
88259.77;-98.78
88262.70;-98.78
88265.63;-99.09
88268.55;-98.94
88271.48;-99.17
88274.41;-99.25
88277.34;-99.17
88280.27;-98.78
88283.20;-98.94
88286.13;-98.86
88289.06;-98.70
88291.99;-98.86
88294.92;-98.86
88297.85;-98.86
88300.78;-99.09
88303.71;-99.01
88306.64;-99.17
88309.57;-99.01
88312.50;-98.94
88315.43;-99.01
88318.36;-99.01
88321.29;-99.01
88324.22;-99.01
88327.15;-99.17
88330.08;-99.25
88333.01;-99.17
88335.94;-98.78
88338.87;-98.78
88341.80;-98.78
88344.73;-98.86
88347.66;-98.86
88350.59;-98.86
88353.52;-99.17
88356.45;-99.25
88359.38;-99.01
88362.30;-98.86
88365.23;-98.94
88368.16;-99.01
88371.09;-98.94
88374.02;-99.17
88376.95;-99.17
88379.88;-98.94
88382.81;-98.86
88385.74;-99.01
88388.67;-98.78
88391.60;-98.94
88394.53;-98.94
88397.46;-99.09
88400.39;-98.94
88403.32;-98.78
88406.25;-98.78
88409.18;-98.78
88412.11;-98.86
88415.04;-98.86
88417.97;-98.78
88420.90;-98.86
88423.83;-98.94
88426.76;-99.09
88429.69;-99.01
88432.62;-99.25
88435.55;-99.33
88438.48;-99.09
88441.41;-98.86
88444.34;-99.01
88447.27;-99.25
88450.20;-99.25
88453.13;-99.33
88456.05;-99.33
88458.98;-99.25
88461.91;-99.09
88464.84;-98.70
88467.77;-98.78
88470.70;-98.86
88473.63;-99.01
88476.56;-99.01
88479.49;-99.01
88482.42;-99.09
88485.35;-99.17
88488.28;-99.33
88491.21;-99.17
88494.14;-99.09
88497.07;-99.25
88500.00;-99.25
88502.93;-98.94
88505.86;-99.01
88508.79;-99.09
88511.72;-98.86
88514.65;-98.62
88517.58;-99.25
88520.51;-99.09
88523.44;-98.94
88526.37;-99.17
88529.30;-99.17
88532.23;-99.09
88535.16;-99.17
88538.09;-99.33
88541.02;-99.25
88543.95;-99.01
88546.88;-98.86
88549.80;-98.70
88552.73;-98.94
88555.66;-99.01
88558.59;-99.25
88561.52;-99.17
88564.45;-99.17
88567.38;-99.09
88570.31;-99.01
88573.24;-98.94
88576.17;-99.01
88579.10;-98.62
88582.03;-98.78
88584.96;-99.09
88587.89;-99.25
88590.82;-99.01
88593.75;-99.01
88596.68;-99.25
88599.61;-99.40
88602.54;-99.17
88605.47;-98.86
88608.40;-99.09
88611.33;-99.09
88614.26;-99.33
88617.19;-99.48
88620.12;-99.25
88623.05;-99.09
88625.98;-99.01
88628.91;-99.25
88631.84;-99.09
88634.77;-98.86
88637.70;-98.94
88640.63;-99.01
88643.55;-99.01
88646.48;-99.25
88649.41;-99.17
88652.34;-99.01
88655.27;-99.09
88658.20;-98.94
88661.13;-98.78
88664.06;-99.17
88666.99;-99.17
88669.92;-99.09
88672.85;-99.09
88675.78;-99.01
88678.71;-98.86
88681.64;-98.78
88684.57;-99.09
88687.50;-99.17
88690.43;-99.09
88693.36;-99.01
88696.29;-99.09
88699.22;-99.01
88702.15;-99.01
88705.08;-99.01
88708.01;-98.94
88710.94;-99.09
88713.87;-99.33
88716.80;-99.17
88719.73;-99.09
88722.66;-98.94
88725.59;-99.17
88728.52;-99.33
88731.45;-99.33
88734.38;-99.25
88737.30;-99.09
88740.23;-98.94
88743.16;-99.09
88746.09;-99.09
88749.02;-98.94
88751.95;-99.33
88754.88;-99.17
88757.81;-99.17
88760.74;-99.01
88763.67;-98.86
88766.60;-99.01
88769.53;-98.78
88772.46;-99.17
88775.39;-99.56
88778.32;-99.48
88781.25;-98.94
88784.18;-99.01
88787.11;-99.25
88790.04;-99.09
88792.97;-99.01
88795.90;-99.17
88798.83;-98.86
88801.76;-98.86
88804.69;-99.01
88807.62;-98.94
88810.55;-99.09
88813.48;-99.09
88816.41;-99.01
88819.34;-99.01
88822.27;-98.86
88825.20;-98.78
88828.13;-98.86
88831.05;-98.86
88833.98;-99.09
88836.91;-99.09
88839.84;-99.25
88842.77;-98.94
88845.70;-98.94
88848.63;-99.01
88851.56;-99.09
88854.49;-99.25
88857.42;-99.17
88860.35;-98.86
88863.28;-99.09
88866.21;-99.09
88869.14;-99.17
88872.07;-99.33
88875.00;-99.09
88877.93;-98.94
88880.86;-99.17
88883.79;-99.25
88886.72;-99.17
88889.65;-99.17
88892.58;-98.86
88895.51;-98.94
88898.44;-99.09
88901.37;-99.09
88904.30;-99.01
88907.23;-98.78
88910.16;-98.86
88913.09;-99.01
88916.02;-99.17
88918.95;-99.33
88921.88;-99.33
88924.80;-99.17
88927.73;-99.17
88930.66;-99.01
88933.59;-98.86
88936.52;-99.01
88939.45;-98.86
88942.38;-98.70
88945.31;-98.70
88948.24;-99.17
88951.17;-99.48
88954.10;-99.09
88957.03;-98.94
88959.96;-99.01
88962.89;-99.01
88965.82;-99.01
88968.75;-99.09
88971.68;-99.17
88974.61;-99.40
88977.54;-99.25
88980.47;-99.17
88983.40;-99.09
88986.33;-99.17
88989.26;-99.09
88992.19;-99.40
88995.12;-99.17
88998.05;-99.33
89000.98;-99.25
89003.91;-99.33
89006.84;-99.25
89009.77;-99.33
89012.70;-99.01
89015.63;-99.09
89018.55;-99.17
89021.48;-99.01
89024.41;-99.01
89027.34;-99.01
89030.27;-99.09
89033.20;-99.09
89036.13;-99.48
89039.06;-99.40
89041.99;-99.25
89044.92;-98.94
89047.85;-99.17
89050.78;-99.25
89053.71;-99.25
89056.64;-99.25
89059.57;-99.09
89062.50;-98.86
89065.43;-98.78
89068.36;-98.94
89071.29;-99.01
89074.22;-99.33
89077.15;-99.40
89080.08;-99.17
89083.01;-99.09
89085.94;-99.09
89088.87;-99.01
89091.80;-98.86
89094.73;-99.33
89097.66;-99.25
89100.59;-99.09
89103.52;-99.01
89106.45;-98.94
89109.38;-98.94
89112.30;-98.86
89115.23;-98.70
89118.16;-99.01
89121.09;-99.09
89124.02;-99.25
89126.95;-99.17
89129.88;-98.78
89132.81;-98.94
89135.74;-98.78
89138.67;-98.94
89141.60;-99.17
89144.53;-99.09
89147.46;-99.01
89150.39;-99.09
89153.32;-99.17
89156.25;-99.09
89159.18;-99.09
89162.11;-99.01
89165.04;-99.01
89167.97;-99.09
89170.90;-99.01
89173.83;-99.09
89176.76;-99.17
89179.69;-99.01
89182.62;-99.01
89185.55;-98.94
89188.48;-98.94
89191.41;-98.94
89194.34;-98.94
89197.27;-98.86
89200.20;-98.86
89203.13;-99.09
89206.05;-99.33
89208.98;-99.33
89211.91;-99.01
89214.84;-98.86
89217.77;-98.86
89220.70;-99.17
89223.63;-98.94
89226.56;-98.86
89229.49;-98.78
89232.42;-99.01
89235.35;-98.86
89238.28;-98.94
89241.21;-99.09
89244.14;-99.17
89247.07;-99.33
89250.00;-99.09
89252.93;-99.09
89255.86;-99.17
89258.79;-99.17
89261.72;-99.17
89264.65;-98.94
89267.58;-98.86
89270.51;-99.25
89273.44;-99.33
89276.37;-99.17
89279.30;-98.86
89282.23;-98.94
89285.16;-99.25
89288.09;-98.94
89291.02;-98.86
89293.95;-99.01
89296.88;-99.33
89299.80;-99.40
89302.73;-99.17
89305.66;-99.01
89308.59;-98.94
89311.52;-99.09
89314.45;-98.94
89317.38;-98.78
89320.31;-98.86
89323.24;-98.94
89326.17;-99.17
89329.10;-99.17
89332.03;-99.25
89334.96;-99.09
89337.89;-99.17
89340.82;-98.86
89343.75;-98.94
89346.68;-99.25
89349.61;-99.40
89352.54;-99.33
89355.47;-99.25
89358.40;-99.09
89361.33;-98.94
89364.26;-98.94
89367.19;-99.09
89370.12;-99.40
89373.05;-99.40
89375.98;-99.09
89378.91;-99.33
89381.84;-99.09
89384.77;-98.78
89387.70;-98.62
89390.63;-98.86
89393.55;-99.33
89396.48;-98.94
89399.41;-98.94
89402.34;-99.09
89405.27;-99.17
89408.20;-99.09
89411.13;-99.33
89414.06;-99.01
89416.99;-98.86
89419.92;-99.01
89422.85;-98.94
89425.78;-99.01
89428.71;-98.94
89431.64;-99.09
89434.57;-99.25
89437.50;-99.25
89440.43;-99.09
89443.36;-99.17
89446.29;-99.17
89449.22;-99.09
89452.15;-99.09
89455.08;-98.86
89458.01;-99.09
89460.94;-99.33
89463.87;-99.17
89466.80;-99.17
89469.73;-99.25
89472.66;-99.17
89475.59;-99.17
89478.52;-99.09
89481.45;-98.94
89484.38;-99.25
89487.30;-99.40
89490.23;-99.40
89493.16;-99.40
89496.09;-99.25
89499.02;-98.94
89501.95;-98.78
89504.88;-98.86
89507.81;-99.01
89510.74;-99.17
89513.67;-99.25
89516.60;-99.01
89519.53;-98.94
89522.46;-98.86
89525.39;-98.70
89528.32;-98.94
89531.25;-99.09
89534.18;-99.25
89537.11;-99.01
89540.04;-99.09
89542.97;-99.09
89545.90;-99.40
89548.83;-99.64
89551.76;-99.40
89554.69;-99.48
89557.62;-99.56
89560.55;-99.25
89563.48;-99.17
89566.41;-99.17
89569.34;-99.17
89572.27;-99.25
89575.20;-99.17
89578.13;-99.01
89581.05;-99.17
89583.98;-99.40
89586.91;-98.94
89589.84;-99.09
89592.77;-99.33
89595.70;-99.17
89598.63;-99.09
89601.56;-99.09
89604.49;-99.17
89607.42;-99.40
89610.35;-99.25
89613.28;-99.09
89616.21;-99.01
89619.14;-99.25
89622.07;-99.40
89625.00;-99.33
89627.93;-99.09
89630.86;-98.86
89633.79;-99.01
89636.72;-99.40
89639.65;-99.25
89642.58;-99.01
89645.51;-99.09
89648.44;-99.40
89651.37;-99.33
89654.30;-99.33
89657.23;-99.09
89660.16;-99.25
89663.09;-99.17
89666.02;-98.86
89668.95;-99.09
89671.88;-99.09
89674.80;-99.01
89677.73;-99.25
89680.66;-99.25
89683.59;-99.01
89686.52;-98.94
89689.45;-98.94
89692.38;-99.09
89695.31;-99.17
89698.24;-99.17
89701.17;-99.09
89704.10;-99.09
89707.03;-98.86
89709.96;-99.01
89712.89;-98.94
89715.82;-99.01
89718.75;-99.17
89721.68;-99.17
89724.61;-98.94
89727.54;-99.01
89730.47;-99.25
89733.40;-99.09
89736.33;-99.01
89739.26;-99.33
89742.19;-99.17
89745.12;-99.25
89748.05;-99.17
89750.98;-99.17
89753.91;-99.01
89756.84;-99.09
89759.77;-99.09
89762.70;-99.09
89765.63;-99.09
89768.55;-98.94
89771.48;-98.78
89774.41;-99.01
89777.34;-99.01
89780.27;-98.94
89783.20;-99.17
89786.13;-99.25
89789.06;-99.25
89791.99;-99.33
89794.92;-99.17
89797.85;-99.25
89800.78;-99.25
89803.71;-99.25
89806.64;-99.17
89809.57;-99.01
89812.50;-99.09
89815.43;-99.01
89818.36;-99.09
89821.29;-99.25
89824.22;-99.17
89827.15;-99.33
89830.08;-99.09
89833.01;-98.94
89835.94;-99.25
89838.87;-99.40
89841.80;-98.86
89844.73;-98.62
89847.66;-98.94
89850.59;-99.25
89853.52;-99.01
89856.45;-99.09
89859.38;-99.01
89862.30;-98.94
89865.23;-98.86
89868.16;-99.17
89871.09;-99.33
89874.02;-99.33
89876.95;-99.17
89879.88;-98.86
89882.81;-98.94
89885.74;-99.25
89888.67;-99.33
89891.60;-99.25
89894.53;-99.40
89897.46;-99.33
89900.39;-99.25
89903.32;-99.25
89906.25;-99.17
89909.18;-98.94
89912.11;-98.78
89915.04;-98.94
89917.97;-99.09
89920.90;-99.17
89923.83;-98.94
89926.76;-99.01
89929.69;-99.33
89932.62;-99.40
89935.55;-99.17
89938.48;-99.01
89941.41;-99.01
89944.34;-99.01
89947.27;-98.94
89950.20;-98.94
89953.13;-98.86
89956.05;-98.94
89958.98;-99.09
89961.91;-99.09
89964.84;-99.33
89967.77;-99.17
89970.70;-99.25
89973.63;-99.17
89976.56;-99.17
89979.49;-99.09
89982.42;-99.01
89985.35;-98.94
89988.28;-99.01
89991.21;-99.01
89994.14;-99.09
89997.07;-99.17
90000.00;-99.40
90002.93;-99.17
90005.86;-99.09
90008.79;-99.40
90011.72;-99.40
90014.65;-99.09
90017.58;-98.86
90020.51;-98.94
90023.44;-99.01
90026.37;-98.62
90029.30;-98.78
90032.23;-99.17
90035.16;-99.25
90038.09;-99.09
90041.02;-99.01
90043.95;-99.17
90046.88;-99.17
90049.80;-99.25
90052.73;-98.86
90055.66;-98.70
90058.59;-98.94
90061.52;-99.25
90064.45;-99.17
90067.38;-99.17
90070.31;-98.94
90073.24;-98.86
90076.17;-99.17
90079.10;-99.25
90082.03;-99.09
90084.96;-99.17
90087.89;-99.01
90090.82;-99.17
90093.75;-99.48
90096.68;-99.25
90099.61;-99.17
90102.54;-99.40
90105.47;-99.33
90108.40;-99.09
90111.33;-99.25
90114.26;-99.17
90117.19;-99.33
90120.12;-99.17
90123.05;-99.09
90125.98;-99.33
90128.91;-99.72
90131.84;-99.56
90134.77;-99.25
90137.70;-99.25
90140.63;-99.17
90143.55;-99.01
90146.48;-98.86
90149.41;-98.94
90152.34;-99.17
90155.27;-99.25
90158.20;-99.17
90161.13;-99.25
90164.06;-99.33
90166.99;-99.25
90169.92;-99.25
90172.85;-99.17
90175.78;-99.01
90178.71;-99.25
90181.64;-99.17
90184.57;-99.25
90187.50;-99.17
90190.43;-98.78
90193.36;-98.94
90196.29;-99.25
90199.22;-99.40
90202.15;-99.40
90205.08;-98.94
90208.01;-98.94
90210.94;-99.09
90213.87;-99.09
90216.80;-99.09
90219.73;-99.01
90222.66;-99.09
90225.59;-99.09
90228.52;-99.17
90231.45;-99.01
90234.38;-99.01
90237.30;-99.01
90240.23;-99.01
90243.16;-99.17
90246.09;-99.25
90249.02;-99.01
90251.95;-99.01
90254.88;-99.09
90257.81;-99.17
90260.74;-99.33
90263.67;-99.01
90266.60;-98.94
90269.53;-99.01
90272.46;-99.17
90275.39;-99.17
90278.32;-99.17
90281.25;-99.01
90284.18;-98.94
90287.11;-99.09
90290.04;-99.17
90292.97;-99.17
90295.90;-99.17
90298.83;-99.33
90301.76;-99.33
90304.69;-98.94
90307.62;-98.94
90310.55;-99.17
90313.48;-99.33
90316.41;-99.25
90319.34;-99.25
90322.27;-99.25
90325.20;-99.33
90328.13;-99.33
90331.05;-99.09
90333.98;-98.94
90336.91;-99.01
90339.84;-99.01
90342.77;-99.09
90345.70;-98.78
90348.63;-99.17
90351.56;-99.09
90354.49;-98.94
90357.42;-99.01
90360.35;-99.25
90363.28;-99.09
90366.21;-98.94
90369.14;-99.17
90372.07;-99.25
90375.00;-99.25
90377.93;-99.25
90380.86;-99.25
90383.79;-99.25
90386.72;-99.01
90389.65;-99.09
90392.58;-99.25
90395.51;-99.17
90398.44;-99.33
90401.37;-99.33
90404.30;-99.48
90407.23;-99.17
90410.16;-99.17
90413.09;-99.25
90416.02;-99.17
90418.95;-99.17
90421.88;-98.86
90424.80;-99.09
90427.73;-99.17
90430.66;-99.09
90433.59;-99.17
90436.52;-99.01
90439.45;-99.01
90442.38;-99.01
90445.31;-99.01
90448.24;-99.25
90451.17;-99.40
90454.10;-99.17
90457.03;-99.01
90459.96;-99.33
90462.89;-99.33
90465.82;-99.09
90468.75;-99.09
90471.68;-99.33
90474.61;-99.48
90477.54;-99.33
90480.47;-99.01
90483.40;-98.78
90486.33;-98.94
90489.26;-99.17
90492.19;-99.25
90495.12;-99.09
90498.05;-99.09
90500.98;-99.17
90503.91;-99.25
90506.84;-99.01
90509.77;-99.09
90512.70;-99.17
90515.63;-99.17
90518.55;-99.25
90521.48;-99.40
90524.41;-99.17
90527.34;-99.09
90530.27;-99.09
90533.20;-99.17
90536.13;-98.94
90539.06;-99.09
90541.99;-99.25
90544.92;-99.25
90547.85;-99.25
90550.78;-99.33
90553.71;-99.25
90556.64;-99.09
90559.57;-99.09
90562.50;-99.01
90565.43;-98.94
90568.36;-99.33
90571.29;-99.17
90574.22;-99.17
90577.15;-99.33
90580.08;-99.40
90583.01;-99.09
90585.94;-99.01
90588.87;-98.94
90591.80;-99.09
90594.73;-99.01
90597.66;-99.25
90600.59;-99.33
90603.52;-99.17
90606.45;-99.17
90609.38;-98.94
90612.30;-98.86
90615.23;-98.78
90618.16;-99.17
90621.09;-99.25
90624.02;-99.01
90626.95;-99.09
90629.88;-99.25
90632.81;-99.25
90635.74;-99.48
90638.67;-99.17
90641.60;-99.09
90644.53;-99.01
90647.46;-99.01
90650.39;-99.17
90653.32;-99.09
90656.25;-99.33
90659.18;-99.01
90662.11;-99.01
90665.04;-99.25
90667.97;-99.25
90670.90;-99.09
90673.83;-99.25
90676.76;-99.40
90679.69;-99.09
90682.62;-98.94
90685.55;-99.01
90688.48;-99.17
90691.41;-99.09
90694.34;-98.78
90697.27;-99.01
90700.20;-99.17
90703.13;-99.09
90706.05;-99.25
90708.98;-99.17
90711.91;-99.01
90714.84;-99.01
90717.77;-99.17
90720.70;-99.17
90723.63;-99.09
90726.56;-99.01
90729.49;-98.86
90732.42;-98.94
90735.35;-99.09
90738.28;-98.94
90741.21;-99.09
90744.14;-99.17
90747.07;-99.09
90750.00;-99.17
90752.93;-99.17
90755.86;-98.94
90758.79;-99.01
90761.72;-99.33
90764.65;-99.40
90767.58;-99.33
90770.51;-99.33
90773.44;-99.09
90776.37;-99.09
90779.30;-99.09
90782.23;-99.09
90785.16;-99.09
90788.09;-99.09
90791.02;-99.33
90793.95;-99.33
90796.88;-99.09
90799.80;-99.01
90802.73;-99.25
90805.66;-99.17
90808.59;-99.01
90811.52;-99.09
90814.45;-99.40
90817.38;-99.25
90820.31;-99.09
90823.24;-99.01
90826.17;-99.17
90829.10;-99.17
90832.03;-98.94
90834.96;-98.94
90837.89;-98.86
90840.82;-99.09
90843.75;-99.09
90846.68;-99.33
90849.61;-99.33
90852.54;-99.17
90855.47;-99.17
90858.40;-99.09
90861.33;-99.17
90864.26;-99.17
90867.19;-99.25
90870.12;-99.25
90873.05;-99.09
90875.98;-99.01
90878.91;-99.17
90881.84;-99.25
90884.77;-99.25
90887.70;-99.40
90890.63;-99.40
90893.55;-99.25
90896.48;-99.25
90899.41;-99.17
90902.34;-99.17
90905.27;-99.48
90908.20;-99.48
90911.13;-99.33
90914.06;-99.01
90916.99;-99.09
90919.92;-99.40
90922.85;-99.48
90925.78;-99.25
90928.71;-99.17
90931.64;-99.01
90934.57;-98.94
90937.50;-99.01
90940.43;-99.33
90943.36;-99.17
90946.29;-99.25
90949.22;-98.94
90952.15;-99.09
90955.08;-99.01
90958.01;-98.78
90960.94;-99.33
90963.87;-99.40
90966.80;-99.09
90969.73;-99.17
90972.66;-99.17
90975.59;-99.17
90978.52;-99.01
90981.45;-99.17
90984.38;-99.17
90987.30;-99.25
90990.23;-99.17
90993.16;-99.17
90996.09;-99.17
90999.02;-99.09
91001.95;-99.40
91004.88;-99.33
91007.81;-99.25
91010.74;-99.25
91013.67;-99.01
91016.60;-99.09
91019.53;-99.09
91022.46;-99.25
91025.39;-99.40
91028.32;-99.40
91031.25;-99.33
91034.18;-98.94
91037.11;-99.17
91040.04;-99.40
91042.97;-99.48
91045.90;-99.33
91048.83;-99.25
91051.76;-99.33
91054.69;-99.33
91057.62;-99.33
91060.55;-99.09
91063.48;-99.09
91066.41;-99.25
91069.34;-99.01
91072.27;-99.17
91075.20;-99.09
91078.13;-99.01
91081.05;-98.94
91083.98;-99.17
91086.91;-99.48
91089.84;-99.64
91092.77;-99.48
91095.70;-99.01
91098.63;-99.01
91101.56;-99.17
91104.49;-99.25
91107.42;-99.48
91110.35;-99.56
91113.28;-99.17
91116.21;-99.17
91119.14;-99.40
91122.07;-99.33
91125.00;-99.01
91127.93;-99.01
91130.86;-99.09
91133.79;-99.09
91136.72;-99.33
91139.65;-99.40
91142.58;-99.25
91145.51;-99.09
91148.44;-99.01
91151.37;-99.09
91154.30;-99.17
91157.23;-99.09
91160.16;-99.01
91163.09;-99.17
91166.02;-99.25
91168.95;-99.25
91171.88;-99.33
91174.80;-99.56
91177.73;-99.72
91180.66;-99.33
91183.59;-99.17
91186.52;-99.25
91189.45;-99.17
91192.38;-99.17
91195.31;-99.17
91198.24;-99.01
91201.17;-98.86
91204.10;-99.01
91207.03;-99.33
91209.96;-99.25
91212.89;-99.25
91215.82;-99.17
91218.75;-99.01
91221.68;-98.94
91224.61;-99.09
91227.54;-99.33
91230.47;-99.40
91233.40;-99.25
91236.33;-99.48
91239.26;-99.48
91242.19;-99.17
91245.12;-99.17
91248.05;-99.25
91250.98;-99.40
91253.91;-99.48
91256.84;-99.25
91259.77;-99.01
91262.70;-99.09
91265.63;-99.48
91268.55;-99.25
91271.48;-99.17
91274.41;-99.17
91277.34;-99.17
91280.27;-99.25
91283.20;-98.94
91286.13;-99.09
91289.06;-99.40
91291.99;-99.40
91294.92;-99.64
91297.85;-99.72
91300.78;-99.33
91303.71;-99.17
91306.64;-99.25
91309.57;-99.33
91312.50;-99.17
91315.43;-99.17
91318.36;-99.25
91321.29;-99.25
91324.22;-98.94
91327.15;-99.09
91330.08;-99.48
91333.01;-99.40
91335.94;-99.33
91338.87;-99.17
91341.80;-99.17
91344.73;-99.25
91347.66;-99.25
91350.59;-99.33
91353.52;-99.17
91356.45;-99.09
91359.38;-99.01
91362.30;-99.09
91365.23;-99.25
91368.16;-99.17
91371.09;-99.33
91374.02;-99.25
91376.95;-99.17
91379.88;-99.33
91382.81;-99.33
91385.74;-99.25
91388.67;-99.33
91391.60;-99.25
91394.53;-99.01
91397.46;-99.33
91400.39;-99.25
91403.32;-99.17
91406.25;-99.25
91409.18;-99.40
91412.11;-99.33
91415.04;-99.01
91417.97;-99.01
91420.90;-99.25
91423.83;-99.40
91426.76;-99.33
91429.69;-99.25
91432.62;-99.09
91435.55;-99.25
91438.48;-99.17
91441.41;-99.01
91444.34;-99.01
91447.27;-99.09
91450.20;-99.33
91453.13;-98.86
91456.05;-98.94
91458.98;-99.09
91461.91;-99.25
91464.84;-99.40
91467.77;-99.25
91470.70;-99.01
91473.63;-98.86
91476.56;-99.25
91479.49;-99.33
91482.42;-99.33
91485.35;-99.25
91488.28;-99.01
91491.21;-99.09
91494.14;-99.09
91497.07;-99.17
91500.00;-99.33
91502.93;-99.17
91505.86;-98.94
91508.79;-98.78
91511.72;-98.94
91514.65;-99.33
91517.58;-99.25
91520.51;-99.33
91523.44;-99.48
91526.37;-99.33
91529.30;-99.25
91532.23;-99.17
91535.16;-99.09
91538.09;-99.40
91541.02;-99.33
91543.95;-99.01
91546.88;-99.33
91549.80;-99.33
91552.73;-99.09
91555.66;-99.01
91558.59;-99.01
91561.52;-99.33
91564.45;-99.25
91567.38;-99.01
91570.31;-99.09
91573.24;-99.25
91576.17;-99.40
91579.10;-99.25
91582.03;-99.25
91584.96;-99.17
91587.89;-99.33
91590.82;-99.25
91593.75;-99.48
91596.68;-99.64
91599.61;-99.17
91602.54;-99.33
91605.47;-99.33
91608.40;-99.25
91611.33;-99.40
91614.26;-99.25
91617.19;-99.09
91620.12;-99.09
91623.05;-99.09
91625.98;-99.33
91628.91;-99.40
91631.84;-99.25
91634.77;-99.25
91637.70;-99.33
91640.63;-99.17
91643.55;-99.17
91646.48;-99.09
91649.41;-99.25
91652.34;-99.25
91655.27;-99.25
91658.20;-99.01
91661.13;-99.17
91664.06;-99.33
91666.99;-99.48
91669.92;-99.33
91672.85;-99.09
91675.78;-99.01
91678.71;-99.01
91681.64;-99.17
91684.57;-99.33
91687.50;-99.33
91690.43;-99.48
91693.36;-99.48
91696.29;-99.33
91699.22;-99.25
91702.15;-99.33
91705.08;-99.25
91708.01;-99.17
91710.94;-99.25
91713.87;-99.17
91716.80;-98.94
91719.73;-99.01
91722.66;-99.48
91725.59;-99.56
91728.52;-99.40
91731.45;-99.33
91734.38;-99.48
91737.30;-99.25
91740.23;-99.09
91743.16;-98.94
91746.09;-98.94
91749.02;-99.01
91751.95;-98.94
91754.88;-99.09
91757.81;-99.17
91760.74;-99.01
91763.67;-99.17
91766.60;-99.33
91769.53;-99.25
91772.46;-99.09
91775.39;-99.25
91778.32;-99.25
91781.25;-99.40
91784.18;-99.33
91787.11;-99.09
91790.04;-99.17
91792.97;-99.25
91795.90;-99.33
91798.83;-99.33
91801.76;-99.09
91804.69;-99.01
91807.62;-99.17
91810.55;-99.09
91813.48;-99.33
91816.41;-99.33
91819.34;-99.25
91822.27;-99.25
91825.20;-99.40
91828.13;-99.33
91831.05;-99.33
91833.98;-99.25
91836.91;-99.40
91839.84;-99.40
91842.77;-99.40
91845.70;-99.17
91848.63;-99.01
91851.56;-99.17
91854.49;-99.17
91857.42;-99.25
91860.35;-99.25
91863.28;-99.17
91866.21;-98.94
91869.14;-99.25
91872.07;-99.40
91875.00;-99.17
91877.93;-98.86
91880.86;-98.78
91883.79;-99.17
91886.72;-99.25
91889.65;-99.09
91892.58;-99.25
91895.51;-99.17
91898.44;-99.17
91901.37;-99.48
91904.30;-99.56
91907.23;-99.48
91910.16;-99.40
91913.09;-99.40
91916.02;-99.40
91918.95;-99.01
91921.88;-99.01
91924.80;-99.09
91927.73;-99.33
91930.66;-99.17
91933.59;-99.01
91936.52;-99.09
91939.45;-99.01
91942.38;-99.01
91945.31;-99.17
91948.24;-99.25
91951.17;-99.25
91954.10;-99.17
91957.03;-99.01
91959.96;-99.09
91962.89;-99.01
91965.82;-99.25
91968.75;-99.17
91971.68;-99.09
91974.61;-99.17
91977.54;-99.17
91980.47;-99.40
91983.40;-99.25
91986.33;-99.01
91989.26;-99.17
91992.19;-99.40
91995.12;-98.86
91998.05;-98.94
92000.98;-99.33
92003.91;-99.48
92006.84;-99.56
92009.77;-99.64
92012.70;-99.33
92015.63;-99.25
92018.55;-99.25
92021.48;-99.40
92024.41;-99.40
92027.34;-99.40
92030.27;-99.17
92033.20;-99.01
92036.13;-99.48
92039.06;-99.64
92041.99;-99.48
92044.92;-99.40
92047.85;-99.25
92050.78;-99.25
92053.71;-99.01
92056.64;-99.17
92059.57;-99.17
92062.50;-99.25
92065.43;-99.40
92068.36;-99.33
92071.29;-99.33
92074.22;-99.56
92077.15;-99.25
92080.08;-99.17
92083.01;-99.25
92085.94;-99.17
92088.87;-99.33
92091.80;-99.25
92094.73;-99.17
92097.66;-99.09
92100.59;-99.09
92103.52;-99.09
92106.45;-99.09
92109.38;-99.33
92112.30;-99.33
92115.23;-99.01
92118.16;-99.01
92121.09;-99.17
92124.02;-99.09
92126.95;-99.40
92129.88;-99.17
92132.81;-99.09
92135.74;-99.40
92138.67;-99.64
92141.60;-99.33
92144.53;-99.25
92147.46;-99.17
92150.39;-99.33
92153.32;-99.25
92156.25;-99.56
92159.18;-99.56
92162.11;-99.25
92165.04;-99.33
92167.97;-99.33
92170.90;-99.48
92173.83;-99.33
92176.76;-99.33
92179.69;-99.09
92182.62;-99.33
92185.55;-99.33
92188.48;-99.40
92191.41;-99.25
92194.34;-99.09
92197.27;-99.01
92200.20;-99.48
92203.13;-99.33
92206.05;-99.40
92208.98;-99.25
92211.91;-98.94
92214.84;-99.01
92217.77;-99.25
92220.70;-99.64
92223.63;-99.48
92226.56;-99.33
92229.49;-99.17
92232.42;-98.94
92235.35;-99.09
92238.28;-99.25
92241.21;-99.33
92244.14;-99.25
92247.07;-99.56
92250.00;-99.56
92252.93;-99.40
92255.86;-99.33
92258.79;-99.72
92261.72;-99.56
92264.65;-99.48
92267.58;-99.09
92270.51;-99.01
92273.44;-99.17
92276.37;-99.40
92279.30;-99.33
92282.23;-99.25
92285.16;-99.40
92288.09;-99.25
92291.02;-99.25
92293.95;-99.40
92296.88;-99.25
92299.80;-99.17
92302.73;-99.25
92305.66;-99.40
92308.59;-99.40
92311.52;-99.17
92314.45;-99.01
92317.38;-99.17
92320.31;-99.40
92323.24;-99.17
92326.17;-99.01
92329.10;-99.17
92332.03;-99.40
92334.96;-99.17
92337.89;-99.17
92340.82;-99.25
92343.75;-99.33
92346.68;-99.33
92349.61;-99.56
92352.54;-99.25
92355.47;-99.01
92358.40;-99.40
92361.33;-99.56
92364.26;-99.48
92367.19;-99.40
92370.12;-99.40
92373.05;-99.17
92375.98;-99.09
92378.91;-99.09
92381.84;-99.17
92384.77;-99.40
92387.70;-99.33
92390.63;-99.25
92393.55;-99.25
92396.48;-99.25
92399.41;-99.33
92402.34;-99.25
92405.27;-99.17
92408.20;-98.94
92411.13;-99.33
92414.06;-99.25
92416.99;-99.33
92419.92;-99.40
92422.85;-99.33
92425.78;-99.40
92428.71;-99.48
92431.64;-99.40
92434.57;-99.33
92437.50;-99.09
92440.43;-99.17
92443.36;-99.40
92446.29;-99.33
92449.22;-99.33
92452.15;-99.09
92455.08;-99.17
92458.01;-99.01
92460.94;-99.01
92463.87;-99.48
92466.80;-99.56
92469.73;-99.56
92472.66;-99.33
92475.59;-99.48
92478.52;-99.33
92481.45;-99.33
92484.38;-99.33
92487.30;-99.56
92490.23;-99.33
92493.16;-99.25
92496.09;-99.25
92499.02;-99.33
92501.95;-99.40
92504.88;-99.25
92507.81;-99.33
92510.74;-99.17
92513.67;-99.09
92516.60;-99.01
92519.53;-99.25
92522.46;-99.48
92525.39;-99.64
92528.32;-99.72
92531.25;-99.64
92534.18;-99.25
92537.11;-99.17
92540.04;-99.17
92542.97;-99.40
92545.90;-99.17
92548.83;-99.17
92551.76;-99.48
92554.69;-99.25
92557.62;-99.40
92560.55;-99.72
92563.48;-99.64
92566.41;-99.64
92569.34;-99.40
92572.27;-99.25
92575.20;-99.64
92578.13;-99.48
92581.05;-99.33
92583.98;-99.01
92586.91;-98.94
92589.84;-98.94
92592.77;-99.17
92595.70;-99.25
92598.63;-99.25
92601.56;-99.17
92604.49;-99.09
92607.42;-99.25
92610.35;-99.48
92613.28;-99.48
92616.21;-99.25
92619.14;-99.17
92622.07;-99.33
92625.00;-99.01
92627.93;-99.33
92630.86;-99.48
92633.79;-99.33
92636.72;-99.17
92639.65;-99.25
92642.58;-99.64
92645.51;-99.56
92648.44;-99.40
92651.37;-99.33
92654.30;-99.25
92657.23;-99.25
92660.16;-99.25
92663.09;-99.40
92666.02;-99.09
92668.95;-99.09
92671.88;-99.25
92674.80;-99.09
92677.73;-99.33
92680.66;-99.33
92683.59;-99.48
92686.52;-99.56
92689.45;-99.25
92692.38;-99.40
92695.31;-99.48
92698.24;-99.25
92701.17;-99.33
92704.10;-99.48
92707.03;-99.33
92709.96;-99.25
92712.89;-99.33
92715.82;-99.40
92718.75;-99.64
92721.68;-99.56
92724.61;-99.40
92727.54;-99.56
92730.47;-99.48
92733.40;-99.09
92736.33;-99.33
92739.26;-99.33
92742.19;-99.40
92745.12;-99.40
92748.05;-99.33
92750.98;-99.17
92753.91;-99.17
92756.84;-99.01
92759.77;-99.17
92762.70;-99.25
92765.63;-99.33
92768.55;-99.25
92771.48;-99.25
92774.41;-99.40
92777.34;-99.25
92780.27;-99.01
92783.20;-99.33
92786.13;-99.33
92789.06;-99.17
92791.99;-99.25
92794.92;-99.25
92797.85;-99.40
92800.78;-99.64
92803.71;-99.64
92806.64;-99.40
92809.57;-99.33
92812.50;-99.33
92815.43;-99.25
92818.36;-99.33
92821.29;-99.72
92824.22;-99.40
92827.15;-99.25
92830.08;-99.33
92833.01;-99.33
92835.94;-99.40
92838.87;-99.25
92841.80;-99.25
92844.73;-99.09
92847.66;-99.17
92850.59;-99.33
92853.52;-99.17
92856.45;-99.25
92859.38;-99.25
92862.30;-99.56
92865.23;-99.48
92868.16;-99.40
92871.09;-99.56
92874.02;-99.79
92876.95;-99.40
92879.88;-99.40
92882.81;-99.25
92885.74;-99.25
92888.67;-99.40
92891.60;-99.33
92894.53;-99.40
92897.46;-99.33
92900.39;-99.17
92903.32;-99.01
92906.25;-98.94
92909.18;-99.25
92912.11;-99.40
92915.04;-99.09
92917.97;-99.25
92920.90;-99.25
92923.83;-99.17
92926.76;-99.25
92929.69;-99.25
92932.62;-99.17
92935.55;-99.01
92938.48;-99.17
92941.41;-99.25
92944.34;-99.56
92947.27;-99.56
92950.20;-99.33
92953.13;-99.25
92956.05;-99.25
92958.98;-99.40
92961.91;-99.33
92964.84;-99.25
92967.77;-99.33
92970.70;-99.33
92973.63;-99.17
92976.56;-99.17
92979.49;-99.25
92982.42;-99.09
92985.35;-99.09
92988.28;-99.33
92991.21;-99.40
92994.14;-99.48
92997.07;-99.33
93000.00;-99.40
93002.93;-99.25
93005.86;-99.17
93008.79;-99.01
93011.72;-99.17
93014.65;-99.33
93017.58;-99.40
93020.51;-99.48
93023.44;-99.40
93026.37;-99.25
93029.30;-99.25
93032.23;-99.17
93035.16;-99.17
93038.09;-99.09
93041.02;-99.25
93043.95;-99.40
93046.88;-99.25
93049.80;-99.25
93052.73;-99.17
93055.66;-99.25
93058.59;-99.40
93061.52;-99.40
93064.45;-99.33
93067.38;-99.33
93070.31;-99.17
93073.24;-99.33
93076.17;-99.40
93079.10;-99.33
93082.03;-99.17
93084.96;-99.17
93087.89;-99.09
93090.82;-99.01
93093.75;-99.01
93096.68;-99.25
93099.61;-99.40
93102.54;-99.33
93105.47;-99.40
93108.40;-99.09
93111.33;-99.17
93114.26;-99.25
93117.19;-99.17
93120.12;-99.09
93123.05;-99.40
93125.98;-99.64
93128.91;-99.33
93131.84;-99.33
93134.77;-99.64
93137.70;-99.64
93140.63;-99.48
93143.55;-99.40
93146.48;-99.17
93149.41;-99.17
93152.34;-99.33
93155.27;-99.33
93158.20;-99.40
93161.13;-99.25
93164.06;-99.17
93166.99;-99.33
93169.92;-99.33
93172.85;-99.33
93175.78;-99.56
93178.71;-99.48
93181.64;-99.17
93184.57;-98.94
93187.50;-99.40
93190.43;-99.64
93193.36;-99.40
93196.29;-99.40
93199.22;-99.25
93202.15;-99.33
93205.08;-99.01
93208.01;-99.25
93210.94;-99.56
93213.87;-99.25
93216.80;-99.40
93219.73;-99.56
93222.66;-99.25
93225.59;-99.25
93228.52;-99.33
93231.45;-99.33
93234.38;-99.33
93237.30;-99.33
93240.23;-99.17
93243.16;-99.17
93246.09;-99.40
93249.02;-99.33
93251.95;-99.33
93254.88;-99.33
93257.81;-99.25
93260.74;-99.33
93263.67;-99.40
93266.60;-99.33
93269.53;-99.17
93272.46;-99.33
93275.39;-99.48
93278.32;-99.56
93281.25;-99.33
93284.18;-99.40
93287.11;-99.17
93290.04;-99.40
93292.97;-99.64
93295.90;-99.33
93298.83;-99.40
93301.76;-99.33
93304.69;-99.01
93307.62;-98.86
93310.55;-98.94
93313.48;-99.40
93316.41;-99.33
93319.34;-99.33
93322.27;-99.25
93325.20;-99.17
93328.13;-99.25
93331.05;-99.25
93333.98;-99.25
93336.91;-99.09
93339.84;-99.33
93342.77;-99.56
93345.70;-99.72
93348.63;-99.48
93351.56;-99.25
93354.49;-99.01
93357.42;-99.33
93360.35;-99.48
93363.28;-99.33
93366.21;-99.25
93369.14;-99.17
93372.07;-99.25
93375.00;-99.17
93377.93;-99.56
93380.86;-99.56
93383.79;-99.40
93386.72;-99.40
93389.65;-99.40
93392.58;-99.17
93395.51;-99.17
93398.44;-99.33
93401.37;-99.01
93404.30;-99.17
93407.23;-99.33
93410.16;-99.33
93413.09;-99.25
93416.02;-99.40
93418.95;-99.56
93421.88;-99.64
93424.80;-99.56
93427.73;-99.48
93430.66;-99.56
93433.59;-99.40
93436.52;-99.17
93439.45;-99.09
93442.38;-99.17
93445.31;-99.33
93448.24;-99.25
93451.17;-99.09
93454.10;-99.33
93457.03;-99.40
93459.96;-99.64
93462.89;-99.56
93465.82;-99.33
93468.75;-99.25
93471.68;-99.25
93474.61;-99.40
93477.54;-99.48
93480.47;-99.40
93483.40;-99.48
93486.33;-99.40
93489.26;-99.25
93492.19;-99.17
93495.12;-99.09
93498.05;-99.25
93500.98;-99.17
93503.91;-99.25
93506.84;-99.25
93509.77;-99.33
93512.70;-99.09
93515.63;-99.25
93518.55;-99.25
93521.48;-99.40
93524.41;-99.48
93527.34;-99.40
93530.27;-99.40
93533.20;-99.17
93536.13;-99.40
93539.06;-99.33
93541.99;-99.25
93544.92;-99.40
93547.85;-99.25
93550.78;-99.09
93553.71;-99.17
93556.64;-99.40
93559.57;-99.25
93562.50;-99.17
93565.43;-99.17
93568.36;-99.25
93571.29;-99.33
93574.22;-99.48
93577.15;-99.25
93580.08;-99.40
93583.01;-99.56
93585.94;-99.40
93588.87;-99.25
93591.80;-99.33
93594.73;-99.56
93597.66;-99.56
93600.59;-99.33
93603.52;-99.40
93606.45;-99.33
93609.38;-99.48
93612.30;-99.48
93615.23;-99.64
93618.16;-99.48
93621.09;-99.25
93624.02;-99.33
93626.95;-99.64
93629.88;-99.56
93632.81;-99.48
93635.74;-99.17
93638.67;-99.25
93641.60;-99.40
93644.53;-99.48
93647.46;-99.40
93650.39;-99.56
93653.32;-99.48
93656.25;-99.64
93659.18;-99.40
93662.11;-99.40
93665.04;-99.48
93667.97;-99.72
93670.90;-99.48
93673.83;-99.56
93676.76;-99.09
93679.69;-98.94
93682.62;-99.01
93685.55;-99.09
93688.48;-99.48
93691.41;-99.33
93694.34;-99.25
93697.27;-99.25
93700.20;-99.17
93703.13;-99.01
93706.05;-99.33
93708.98;-99.33
93711.91;-99.33
93714.84;-99.40
93717.77;-99.40
93720.70;-99.25
93723.63;-99.09
93726.56;-99.17
93729.49;-99.17
93732.42;-99.33
93735.35;-99.33
93738.28;-99.40
93741.21;-99.48
93744.14;-99.64
93747.07;-99.33
93750.00;-99.25
93752.93;-99.33
93755.86;-99.40
93758.79;-99.64
93761.72;-99.87
93764.65;-99.72
93767.58;-99.40
93770.51;-99.25
93773.44;-99.09
93776.37;-99.09
93779.30;-99.33
93782.23;-99.48
93785.16;-99.56
93788.09;-99.64
93791.02;-99.64
93793.95;-99.56
93796.88;-99.25
93799.80;-99.33
93802.73;-99.25
93805.66;-99.25
93808.59;-99.25
93811.52;-99.17
93814.45;-99.40
93817.38;-99.56
93820.31;-99.56
93823.24;-99.33
93826.17;-99.33
93829.10;-99.33
93832.03;-99.33
93834.96;-99.25
93837.89;-99.33
93840.82;-99.25
93843.75;-99.33
93846.68;-99.17
93849.61;-99.40
93852.54;-99.64
93855.47;-99.56
93858.40;-99.25
93861.33;-99.33
93864.26;-99.09
93867.19;-99.33
93870.12;-99.17
93873.05;-99.17
93875.98;-99.17
93878.91;-99.48
93881.84;-99.40
93884.77;-99.40
93887.70;-99.25
93890.63;-99.33
93893.55;-99.17
93896.48;-99.09
93899.41;-99.17
93902.34;-99.56
93905.27;-99.64
93908.20;-99.40
93911.13;-99.17
93914.06;-99.17
93916.99;-99.33
93919.92;-99.40
93922.85;-99.17
93925.78;-99.64
93928.71;-99.72
93931.64;-99.40
93934.57;-99.25
93937.50;-99.40
93940.43;-99.48
93943.36;-99.25
93946.29;-99.01
93949.22;-99.25
93952.15;-99.25
93955.08;-99.33
93958.01;-99.17
93960.94;-99.25
93963.87;-99.33
93966.80;-99.09
93969.73;-99.25
93972.66;-99.17
93975.59;-99.33
93978.52;-99.40
93981.45;-99.33
93984.38;-99.01
93987.30;-99.01
93990.23;-99.33
93993.16;-99.25
93996.09;-99.25
93999.02;-99.17
94001.95;-99.17
94004.88;-99.25
94007.81;-99.48
94010.74;-99.56
94013.67;-99.56
94016.60;-99.64
94019.53;-99.48
94022.46;-99.33
94025.39;-99.48
94028.32;-99.25
94031.25;-99.48
94034.18;-99.25
94037.11;-99.01
94040.04;-99.33
94042.97;-99.40
94045.90;-99.25
94048.83;-99.33
94051.76;-99.56
94054.69;-99.40
94057.62;-99.40
94060.55;-99.33
94063.48;-99.25
94066.41;-99.09
94069.34;-99.33
94072.27;-99.25
94075.20;-99.09
94078.13;-99.40
94081.05;-99.48
94083.98;-99.25
94086.91;-99.33
94089.84;-99.17
94092.77;-99.33
94095.70;-99.64
94098.63;-99.40
94101.56;-99.33
94104.49;-99.17
94107.42;-99.09
94110.35;-98.86
94113.28;-99.17
94116.21;-99.25
94119.14;-99.33
94122.07;-99.17
94125.00;-99.09
94127.93;-99.48
94130.86;-99.33
94133.79;-99.33
94136.72;-99.40
94139.65;-99.40
94142.58;-99.48
94145.51;-99.40
94148.44;-99.48
94151.37;-99.40
94154.30;-99.40
94157.23;-99.40
94160.16;-99.40
94163.09;-99.40
94166.02;-99.17
94168.95;-99.25
94171.88;-99.17
94174.80;-98.94
94177.73;-99.09
94180.66;-99.48
94183.59;-99.33
94186.52;-99.09
94189.45;-99.09
94192.38;-99.25
94195.31;-99.17
94198.24;-99.25
94201.17;-99.33
94204.10;-99.40
94207.03;-99.64
94209.96;-99.56
94212.89;-99.40
94215.82;-99.40
94218.75;-99.33
94221.68;-99.33
94224.61;-99.09
94227.54;-99.33
94230.47;-99.40
94233.40;-99.25
94236.33;-99.33
94239.26;-99.09
94242.19;-99.40
94245.12;-99.56
94248.05;-99.25
94250.98;-99.33
94253.91;-99.40
94256.84;-99.33
94259.77;-99.17
94262.70;-99.25
94265.63;-99.40
94268.55;-99.33
94271.48;-99.56
94274.41;-99.64
94277.34;-99.48
94280.27;-99.56
94283.20;-99.25
94286.13;-99.33
94289.06;-99.40
94291.99;-99.33
94294.92;-99.09
94297.85;-99.40
94300.78;-99.25
94303.71;-99.48
94306.64;-99.40
94309.57;-99.40
94312.50;-99.25
94315.43;-99.25
94318.36;-99.17
94321.29;-99.56
94324.22;-99.64
94327.15;-99.40
94330.08;-99.33
94333.01;-99.48
94335.94;-99.33
94338.87;-99.25
94341.80;-99.17
94344.73;-99.33
94347.66;-99.48
94350.59;-99.25
94353.52;-99.40
94356.45;-99.33
94359.38;-99.40
94362.30;-99.40
94365.23;-99.64
94368.16;-99.25
94371.09;-99.25
94374.02;-99.40
94376.95;-99.40
94379.88;-99.64
94382.81;-99.56
94385.74;-99.40
94388.67;-99.48
94391.60;-99.64
94394.53;-99.64
94397.46;-99.64
94400.39;-99.48
94403.32;-99.48
94406.25;-99.64
94409.18;-99.72
94412.11;-99.72
94415.04;-99.79
94417.97;-99.79
94420.90;-99.17
94423.83;-99.17
94426.76;-99.40
94429.69;-99.25
94432.62;-99.25
94435.55;-99.33
94438.48;-99.56
94441.41;-99.72
94444.34;-99.56
94447.27;-99.72
94450.20;-99.48
94453.13;-99.33
94456.05;-99.40
94458.98;-99.64
94461.91;-99.48
94464.84;-99.25
94467.77;-99.09
94470.70;-99.17
94473.63;-99.33
94476.56;-99.25
94479.49;-99.17
94482.42;-99.09
94485.35;-99.33
94488.28;-99.40
94491.21;-99.25
94494.14;-99.33
94497.07;-99.56
94500.00;-99.72
94502.93;-99.64
94505.86;-99.48
94508.79;-99.40
94511.72;-99.25
94514.65;-99.01
94517.58;-99.25
94520.51;-99.40
94523.44;-99.33
94526.37;-99.56
94529.30;-99.48
94532.23;-99.40
94535.16;-99.48
94538.09;-99.33
94541.02;-99.48
94543.95;-99.40
94546.88;-99.48
94549.80;-99.40
94552.73;-99.33
94555.66;-99.48
94558.59;-99.33
94561.52;-99.56
94564.45;-99.48
94567.38;-99.40
94570.31;-99.33
94573.24;-99.33
94576.17;-99.64
94579.10;-99.40
94582.03;-99.25
94584.96;-99.48
94587.89;-99.48
94590.82;-99.56
94593.75;-99.79
94596.68;-100.03
94599.61;-99.79
94602.54;-99.33
94605.47;-99.09
94608.40;-99.33
94611.33;-99.48
94614.26;-99.33
94617.19;-99.33
94620.12;-99.40
94623.05;-99.48
94625.98;-99.40
94628.91;-99.48
94631.84;-99.25
94634.77;-99.17
94637.70;-99.25
94640.63;-99.33
94643.55;-99.25
94646.48;-99.17
94649.41;-99.25
94652.34;-99.09
94655.27;-99.17
94658.20;-99.48
94661.13;-99.64
94664.06;-99.33
94666.99;-99.25
94669.92;-99.56
94672.85;-99.17
94675.78;-99.17
94678.71;-99.25
94681.64;-99.40
94684.57;-99.40
94687.50;-99.25
94690.43;-98.94
94693.36;-98.86
94696.29;-99.09
94699.22;-99.40
94702.15;-99.40
94705.08;-99.33
94708.01;-99.25
94710.94;-99.48
94713.87;-99.33
94716.80;-99.09
94719.73;-99.33
94722.66;-99.25
94725.59;-99.09
94728.52;-99.48
94731.45;-99.72
94734.38;-99.33
94737.30;-99.25
94740.23;-99.33
94743.16;-99.40
94746.09;-99.25
94749.02;-99.09
94751.95;-99.17
94754.88;-99.48
94757.81;-99.25
94760.74;-99.40
94763.67;-99.33
94766.60;-99.09
94769.53;-99.33
94772.46;-99.40
94775.39;-99.40
94778.32;-99.09
94781.25;-99.33
94784.18;-99.48
94787.11;-99.40
94790.04;-99.33
94792.97;-99.33
94795.90;-99.01
94798.83;-99.09
94801.76;-99.56
94804.69;-99.72
94807.62;-99.56
94810.55;-99.25
94813.48;-99.17
94816.41;-99.09
94819.34;-99.25
94822.27;-99.48
94825.20;-99.33
94828.13;-99.33
94831.05;-99.09
94833.98;-99.25
94836.91;-99.40
94839.84;-99.56
94842.77;-99.56
94845.70;-99.25
94848.63;-99.40
94851.56;-99.33
94854.49;-99.25
94857.42;-99.56
94860.35;-99.48
94863.28;-99.25
94866.21;-99.09
94869.14;-99.25
94872.07;-99.48
94875.00;-99.40
94877.93;-99.25
94880.86;-99.48
94883.79;-99.72
94886.72;-99.56
94889.65;-99.72
94892.58;-99.72
94895.51;-99.25
94898.44;-99.48
94901.37;-99.56
94904.30;-99.25
94907.23;-99.40
94910.16;-99.48
94913.09;-99.56
94916.02;-99.48
94918.95;-99.40
94921.88;-99.33
94924.80;-99.33
94927.73;-99.17
94930.66;-99.17
94933.59;-99.25
94936.52;-99.25
94939.45;-99.17
94942.38;-98.94
94945.31;-99.40
94948.24;-99.40
94951.17;-99.01
94954.10;-99.17
94957.03;-99.40
94959.96;-99.48
94962.89;-99.48
94965.82;-99.64
94968.75;-99.40
94971.68;-99.40
94974.61;-99.25
94977.54;-99.33
94980.47;-99.25
94983.40;-99.33
94986.33;-99.33
94989.26;-99.33
94992.19;-99.33
94995.12;-99.01
94998.05;-99.01
95000.98;-99.25
95003.91;-99.25
95006.84;-99.48
95009.77;-99.25
95012.70;-99.17
95015.63;-99.40
95018.55;-99.40
95021.48;-99.33
95024.41;-99.17
95027.34;-99.40
95030.27;-99.56
95033.20;-99.40
95036.13;-99.17
95039.06;-99.48
95041.99;-99.40
95044.92;-99.33
95047.85;-99.17
95050.78;-99.33
95053.71;-99.33
95056.64;-99.09
95059.57;-98.94
95062.50;-99.17
95065.43;-99.64
95068.36;-99.56
95071.29;-99.64
95074.22;-99.56
95077.15;-99.48
95080.08;-99.40
95083.01;-99.33
95085.94;-99.33
95088.87;-99.56
95091.80;-99.40
95094.73;-99.33
95097.66;-99.33
95100.59;-99.33
95103.52;-99.17
95106.45;-99.33
95109.38;-99.25
95112.30;-99.09
95115.23;-98.86
95118.16;-99.25
95121.09;-99.33
95124.02;-99.09
95126.95;-99.17
95129.88;-99.25
95132.81;-99.33
95135.74;-99.56
95138.67;-99.48
95141.60;-99.64
95144.53;-99.64
95147.46;-99.40
95150.39;-99.33
95153.32;-99.40
95156.25;-99.33
95159.18;-99.17
95162.11;-99.09
95165.04;-99.09
95167.97;-99.40
95170.90;-99.48
95173.83;-99.33
95176.76;-99.72
95179.69;-99.64
95182.62;-99.40
95185.55;-99.56
95188.48;-99.33
95191.41;-99.48
95194.34;-99.64
95197.27;-99.40
95200.20;-99.25
95203.13;-99.40
95206.05;-99.56
95208.98;-99.40
95211.91;-99.33
95214.84;-99.25
95217.77;-99.40
95220.70;-99.33
95223.63;-99.56
95226.56;-99.33
95229.49;-99.01
95232.42;-99.25
95235.35;-99.25
95238.28;-99.25
95241.21;-99.33
95244.14;-99.48
95247.07;-99.48
95250.00;-99.48
95252.93;-99.56
95255.86;-99.48
95258.79;-99.64
95261.72;-99.40
95264.65;-99.40
95267.58;-99.40
95270.51;-99.40
95273.44;-99.33
95276.37;-99.25
95279.30;-99.48
95282.23;-99.56
95285.16;-99.40
95288.09;-99.40
95291.02;-99.25
95293.95;-99.40
95296.88;-99.56
95299.80;-99.33
95302.73;-99.40
95305.66;-99.48
95308.59;-99.40
95311.52;-99.09
95314.45;-99.17
95317.38;-99.33
95320.31;-99.40
95323.24;-99.40
95326.17;-99.40
95329.10;-99.64
95332.03;-99.33
95334.96;-99.48
95337.89;-99.40
95340.82;-99.56
95343.75;-99.72
95346.68;-99.56
95349.61;-99.56
95352.54;-99.40
95355.47;-99.40
95358.40;-99.64
95361.33;-99.79
95364.26;-99.72
95367.19;-99.64
95370.12;-99.25
95373.05;-99.25
95375.98;-99.25
95378.91;-99.48
95381.84;-99.40
95384.77;-99.40
95387.70;-99.40
95390.63;-99.33
95393.55;-99.33
95396.48;-99.40
95399.41;-99.40
95402.34;-99.40
95405.27;-99.25
95408.20;-99.40
95411.13;-99.40
95414.06;-99.64
95416.99;-99.72
95419.92;-99.48
95422.85;-99.56
95425.78;-99.40
95428.71;-99.17
95431.64;-99.17
95434.57;-99.09
95437.50;-99.09
95440.43;-99.33
95443.36;-99.09
95446.29;-99.25
95449.22;-99.33
95452.15;-99.40
95455.08;-99.48
95458.01;-99.40
95460.94;-99.40
95463.87;-99.33
95466.80;-99.40
95469.73;-99.33
95472.66;-99.40
95475.59;-99.72
95478.52;-99.56
95481.45;-99.56
95484.38;-99.56
95487.30;-99.56
95490.23;-99.25
95493.16;-99.25
95496.09;-99.17
95499.02;-99.48
95501.95;-99.33
95504.88;-99.17
95507.81;-99.33
95510.74;-99.25
95513.67;-99.64
95516.60;-99.64
95519.53;-99.40
95522.46;-99.33
95525.39;-99.40
95528.32;-99.40
95531.25;-99.40
95534.18;-99.33
95537.11;-99.25
95540.04;-99.25
95542.97;-99.40
95545.90;-99.33
95548.83;-99.01
95551.76;-99.09
95554.69;-99.48
95557.62;-99.40
95560.55;-99.09
95563.48;-98.94
95566.41;-99.17
95569.34;-99.40
95572.27;-99.48
95575.20;-99.48
95578.13;-99.64
95581.05;-99.25
95583.98;-99.25
95586.91;-99.40
95589.84;-99.25
95592.77;-99.25
95595.70;-99.25
95598.63;-99.17
95601.56;-99.33
95604.49;-99.48
95607.42;-99.40
95610.35;-99.25
95613.28;-99.33
95616.21;-99.09
95619.14;-99.33
95622.07;-99.56
95625.00;-99.64
95627.93;-99.40
95630.86;-99.17
95633.79;-99.17
95636.72;-99.17
95639.65;-99.33
95642.58;-99.25
95645.51;-99.33
95648.44;-99.48
95651.37;-99.56
95654.30;-99.56
95657.23;-99.48
95660.16;-99.33
95663.09;-99.33
95666.02;-99.48
95668.95;-99.40
95671.88;-99.40
95674.80;-99.40
95677.73;-99.17
95680.66;-99.33
95683.59;-99.01
95686.52;-99.09
95689.45;-99.09
95692.38;-99.01
95695.31;-99.25
95698.24;-99.33
95701.17;-99.40
95704.10;-99.40
95707.03;-99.33
95709.96;-99.56
95712.89;-99.40
95715.82;-99.56
95718.75;-99.48
95721.68;-99.17
95724.61;-99.25
95727.54;-99.33
95730.47;-99.25
95733.40;-99.48
95736.33;-99.56
95739.26;-99.33
95742.19;-99.40
95745.12;-99.33
95748.05;-99.56
95750.98;-99.64
95753.91;-99.56
95756.84;-99.48
95759.77;-99.40
95762.70;-99.17
95765.63;-99.17
95768.55;-99.40
95771.48;-99.40
95774.41;-99.40
95777.34;-99.33
95780.27;-99.40
95783.20;-99.33
95786.13;-99.56
95789.06;-99.40
95791.99;-99.33
95794.92;-99.33
95797.85;-99.40
95800.78;-99.48
95803.71;-99.40
95806.64;-99.33
95809.57;-99.25
95812.50;-99.33
95815.43;-99.48
95818.36;-99.48
95821.29;-99.17
95824.22;-99.09
95827.15;-99.33
95830.08;-99.56
95833.01;-99.48
95835.94;-99.40
95838.87;-99.17
95841.80;-99.25
95844.73;-99.25
95847.66;-99.33
95850.59;-99.56
95853.52;-99.40
95856.45;-99.33
95859.38;-99.25
95862.30;-99.17
95865.23;-99.33
95868.16;-99.40
95871.09;-99.40
95874.02;-99.56
95876.95;-99.40
95879.88;-99.72
95882.81;-99.72
95885.74;-99.64
95888.67;-99.64
95891.60;-99.56
95894.53;-99.56
95897.46;-99.40
95900.39;-99.25
95903.32;-99.25
95906.25;-99.33
95909.18;-99.48
95912.11;-99.33
95915.04;-99.40
95917.97;-99.25
95920.90;-99.40
95923.83;-99.48
95926.76;-99.40
95929.69;-99.25
95932.62;-99.33
95935.55;-99.40
95938.48;-99.56
95941.41;-99.40
95944.34;-99.56
95947.27;-99.64
95950.20;-99.17
95953.13;-99.40
95956.05;-99.56
95958.98;-99.64
95961.91;-99.33
95964.84;-99.33
95967.77;-99.25
95970.70;-99.48
95973.63;-99.64
95976.56;-99.48
95979.49;-99.25
95982.42;-99.33
95985.35;-99.17
95988.28;-99.25
95991.21;-99.40
95994.14;-99.33
95997.07;-99.56
96000.00;-100.26
