Frequency (Hz);Power (dB);192000.0000;65536;2;121.4367;0;L+R
0.00;-55.80
2.93;-51.03
5.86;-48.84
8.79;-48.45
11.72;-48.38
14.65;-48.14
17.58;-47.67
20.51;-47.67
23.44;-48.06
26.37;-48.22
29.30;-48.06
32.23;-47.91
35.16;-47.91
38.09;-47.91
41.02;-48.22
43.95;-47.91
46.88;-47.91
49.80;-47.91
52.73;-47.99
55.66;-47.99
58.59;-47.99
61.52;-48.30
64.45;-48.45
67.38;-48.22
70.31;-48.22
73.24;-48.53
76.17;-48.61
79.10;-48.22
82.03;-48.30
84.96;-48.22
87.89;-48.22
90.82;-48.30
93.75;-48.69
96.68;-48.69
99.61;-48.77
102.54;-48.92
105.47;-48.92
108.40;-49.08
111.33;-49.39
114.26;-49.16
117.19;-48.69
120.12;-48.92
123.05;-49.24
125.98;-49.39
128.91;-49.47
131.84;-49.47
134.77;-49.39
137.70;-49.31
140.63;-49.24
143.55;-49.47
146.48;-49.63
149.41;-49.70
152.34;-49.78
155.27;-50.02
158.20;-50.33
161.13;-50.25
164.06;-50.25
166.99;-50.17
169.92;-50.02
172.85;-50.25
175.78;-50.25
178.71;-50.64
181.64;-51.03
184.57;-50.64
187.50;-50.72
190.43;-50.95
193.36;-51.03
196.29;-50.95
199.22;-51.03
202.15;-51.27
205.08;-51.66
208.01;-51.42
210.94;-51.50
213.87;-51.66
216.80;-51.58
219.73;-51.74
222.66;-51.66
225.59;-51.74
228.52;-51.97
231.45;-52.36
234.38;-52.13
237.30;-52.05
240.23;-52.28
243.16;-52.67
246.09;-52.60
249.02;-52.60
251.95;-52.60
254.88;-52.60
257.81;-52.75
260.74;-52.99
263.67;-53.22
266.60;-53.22
269.53;-53.06
272.46;-53.22
275.39;-53.53
278.32;-53.61
281.25;-53.69
284.18;-53.92
287.11;-54.24
290.04;-54.32
292.97;-54.39
295.90;-54.47
298.83;-54.47
301.76;-54.24
304.69;-54.08
307.62;-54.63
310.55;-54.94
313.48;-55.02
316.41;-55.10
319.34;-55.10
322.27;-55.41
325.20;-55.64
328.13;-55.72
331.05;-55.64
333.98;-55.49
336.91;-55.72
339.84;-55.96
342.77;-56.11
345.70;-55.96
348.63;-56.27
351.56;-56.42
354.49;-56.58
357.42;-56.42
360.35;-56.58
363.28;-56.66
366.21;-56.97
369.14;-57.13
372.07;-57.21
375.00;-57.52
377.93;-57.36
380.86;-57.36
383.79;-57.44
386.72;-57.83
389.65;-58.07
392.58;-58.14
395.51;-58.14
398.44;-58.30
401.37;-58.46
404.30;-58.53
407.23;-58.61
410.16;-58.69
413.09;-58.85
416.02;-58.77
418.95;-58.93
421.88;-59.00
424.80;-59.24
427.73;-59.39
430.66;-59.55
433.59;-59.55
436.52;-59.79
439.45;-59.63
442.38;-59.86
445.31;-60.33
448.24;-60.18
451.17;-60.33
454.10;-60.49
457.03;-60.64
459.96;-60.80
462.89;-60.88
465.82;-60.96
468.75;-60.96
471.68;-60.96
474.61;-60.88
477.54;-61.04
480.47;-61.35
483.40;-61.50
486.33;-61.82
489.26;-61.89
492.19;-61.82
495.12;-61.97
498.05;-62.21
500.98;-62.29
503.91;-62.29
506.84;-62.13
509.77;-62.44
512.70;-62.83
515.63;-62.75
518.55;-62.60
521.48;-62.52
524.41;-62.83
527.34;-63.07
530.27;-63.22
533.20;-63.54
536.13;-63.61
539.06;-63.69
541.99;-63.69
544.92;-63.77
547.85;-64.24
550.78;-64.32
553.71;-64.32
556.64;-64.40
559.57;-64.63
562.50;-64.63
565.43;-64.55
568.36;-64.79
571.29;-65.02
574.22;-65.10
577.15;-65.26
580.08;-65.41
583.01;-65.41
585.94;-65.49
588.87;-65.72
591.80;-65.80
594.73;-65.49
597.66;-65.88
600.59;-65.88
603.52;-66.04
606.45;-66.43
609.38;-66.43
612.30;-66.35
615.23;-66.43
618.16;-66.58
621.09;-66.58
624.02;-67.05
626.95;-67.29
629.88;-67.13
632.81;-67.05
635.74;-67.21
638.67;-67.37
641.60;-67.44
644.53;-67.76
647.46;-67.99
650.39;-67.99
653.32;-68.07
656.25;-68.38
659.18;-68.62
662.11;-68.46
665.04;-68.54
667.97;-68.62
670.90;-68.69
673.83;-68.85
676.76;-68.77
679.69;-68.85
682.62;-68.85
685.55;-68.93
688.48;-69.08
691.41;-69.32
694.34;-69.55
697.27;-69.79
700.20;-70.02
703.13;-69.94
706.05;-70.18
708.98;-70.26
711.91;-70.10
714.84;-70.41
717.77;-70.33
720.70;-70.10
723.63;-70.49
726.56;-70.41
729.49;-70.57
732.42;-70.73
735.35;-70.88
738.28;-71.12
741.21;-71.12
744.14;-71.27
747.07;-71.35
750.00;-71.19
752.93;-71.35
755.86;-71.66
758.79;-71.74
761.72;-71.90
764.65;-72.13
767.58;-72.05
770.51;-72.21
773.44;-72.37
776.37;-72.84
779.30;-72.84
782.23;-72.84
785.16;-72.91
788.09;-72.99
791.02;-73.15
793.95;-72.84
796.88;-73.15
799.80;-73.23
802.73;-73.23
805.66;-73.38
808.59;-73.38
811.52;-73.54
814.45;-73.69
817.38;-73.69
820.31;-73.62
823.24;-73.69
826.17;-73.85
829.10;-74.24
832.03;-74.24
834.96;-74.48
837.89;-74.40
840.82;-74.24
843.75;-74.48
846.68;-74.87
849.61;-74.87
852.54;-75.10
855.47;-75.26
858.40;-75.10
861.33;-75.18
864.26;-75.10
867.19;-74.87
870.12;-75.10
873.05;-75.41
875.98;-75.49
878.91;-75.57
881.84;-75.65
884.77;-75.96
887.70;-76.12
890.63;-76.12
893.55;-76.04
896.48;-76.27
899.41;-76.74
902.34;-76.66
905.27;-76.43
908.20;-76.51
911.13;-76.51
914.06;-76.59
916.99;-76.82
919.92;-76.90
922.85;-77.21
925.78;-77.21
928.71;-77.29
931.64;-77.37
934.57;-77.37
937.50;-77.52
940.43;-77.60
943.36;-77.60
946.29;-77.76
949.22;-77.76
952.15;-78.07
955.08;-77.99
958.01;-78.07
960.94;-78.38
963.87;-78.31
966.80;-78.38
969.73;-78.31
972.66;-78.54
975.59;-78.70
978.52;-79.01
981.45;-78.85
984.38;-78.70
987.30;-78.93
990.23;-79.01
993.16;-79.09
996.09;-79.40
999.02;-79.48
1001.95;-79.48
1004.88;-79.48
1007.81;-79.63
1010.74;-79.87
1013.67;-79.87
1016.60;-79.87
1019.53;-79.79
1022.46;-79.79
1025.39;-80.02
1028.32;-80.26
1031.25;-80.34
1034.18;-80.26
1037.11;-80.42
1040.04;-80.34
1042.97;-80.49
1045.90;-80.81
1048.83;-81.04
1051.76;-81.20
1054.69;-80.96
1057.62;-80.88
1060.55;-81.12
1063.48;-81.04
1066.41;-81.12
1069.34;-81.35
1072.27;-81.43
1075.20;-81.59
1078.13;-81.51
1081.05;-81.67
1083.98;-81.82
1086.91;-81.98
1089.84;-81.90
1092.77;-82.06
1095.70;-82.13
1098.63;-82.21
1101.56;-82.06
1104.49;-82.13
1107.42;-82.29
1110.35;-82.45
1113.28;-82.76
1116.21;-82.53
1119.14;-82.68
1122.07;-83.07
1125.00;-82.84
1127.93;-82.68
1130.86;-83.07
1133.79;-83.31
1136.72;-83.38
1139.65;-83.31
1142.58;-82.99
1145.51;-83.38
1148.44;-83.85
1151.37;-83.78
1154.30;-83.62
1157.23;-84.01
1160.16;-83.85
1163.09;-83.54
1166.02;-83.93
1168.95;-84.17
1171.88;-84.09
1174.80;-84.09
1177.73;-84.09
1180.66;-84.24
1183.59;-84.40
1186.52;-84.32
1189.45;-84.63
1192.38;-84.56
1195.31;-84.71
1198.24;-84.87
1201.17;-84.95
1204.10;-84.79
1207.03;-85.10
1209.96;-85.34
1212.89;-85.49
1215.82;-85.34
1218.75;-85.42
1221.68;-85.34
1224.61;-85.26
1227.54;-85.42
1230.47;-85.49
1233.40;-85.81
1236.33;-86.35
1239.26;-86.28
1242.19;-85.81
1245.12;-86.20
1248.05;-86.28
1250.98;-86.04
1253.91;-85.89
1256.84;-86.12
1259.77;-86.20
1262.70;-86.28
1265.63;-86.59
1268.55;-86.35
1271.48;-86.43
1274.41;-86.74
1277.34;-86.98
1280.27;-87.14
1283.20;-87.14
1286.13;-87.14
1289.06;-87.06
1291.99;-87.29
1294.92;-87.45
1297.85;-87.29
1300.78;-87.29
1303.71;-87.53
1306.64;-87.53
1309.57;-87.29
1312.50;-87.53
1315.43;-87.92
1318.36;-87.84
1321.29;-87.68
1324.22;-87.84
1327.15;-88.00
1330.08;-88.07
1333.01;-88.00
1335.94;-88.07
1338.87;-88.15
1341.80;-88.39
1344.73;-88.54
1347.66;-88.70
1350.59;-88.70
1353.52;-88.85
1356.45;-88.70
1359.38;-88.70
1362.30;-88.70
1365.23;-88.93
1368.16;-88.93
1371.09;-89.09
1374.02;-89.09
1376.95;-89.25
1379.88;-89.17
1382.81;-89.17
1385.74;-89.25
1388.67;-89.32
1391.60;-89.25
1394.53;-89.48
1397.46;-89.40
1400.39;-89.40
1403.32;-89.71
1406.25;-89.64
1409.18;-89.79
1412.11;-89.87
1415.04;-89.71
1417.97;-89.87
1420.90;-90.26
1423.83;-90.26
1426.76;-90.11
1429.69;-90.11
1432.62;-90.18
1435.55;-90.26
1438.48;-90.34
1441.41;-90.57
1444.34;-90.65
1447.27;-90.65
1450.20;-90.65
1453.13;-90.89
1456.05;-90.89
1458.98;-90.89
1461.91;-90.89
1464.84;-91.12
1467.77;-91.28
1470.70;-91.20
1473.63;-91.36
1476.56;-91.28
1479.49;-91.36
1482.42;-91.43
1485.35;-91.43
1488.28;-91.43
1491.21;-91.59
1494.14;-91.82
1497.07;-91.75
1500.00;-91.82
1502.93;-91.82
1505.86;-91.98
1508.79;-92.06
1511.72;-92.14
1514.65;-92.37
1517.58;-92.21
1520.51;-92.21
1523.44;-92.29
1526.37;-92.29
1529.30;-92.45
1532.23;-92.53
1535.16;-92.45
1538.09;-92.61
1541.02;-92.68
1543.95;-92.68
1546.88;-92.84
1549.80;-93.31
1552.73;-93.00
1555.66;-92.92
1558.59;-93.07
1561.52;-92.92
1564.45;-93.31
1567.38;-93.23
1570.31;-93.23
1573.24;-93.47
1576.17;-93.39
1579.10;-93.31
1582.03;-93.39
1584.96;-93.62
1587.89;-93.70
1590.82;-93.78
1593.75;-94.01
1596.68;-93.78
1599.61;-93.62
1602.54;-93.86
1605.47;-94.09
1608.40;-93.93
1611.33;-93.93
1614.26;-94.17
1617.19;-94.32
1620.12;-94.17
1623.05;-94.17
1625.98;-94.17
1628.91;-94.25
1631.84;-94.32
1634.77;-94.17
1637.70;-94.32
1640.63;-94.79
1643.55;-94.87
1646.48;-94.48
1649.41;-94.64
1652.34;-94.72
1655.27;-94.87
1658.20;-94.95
1661.13;-94.87
1664.06;-94.95
1666.99;-95.03
1669.92;-95.26
1672.85;-95.34
1675.78;-95.11
1678.71;-95.50
1681.64;-95.50
1684.57;-95.58
1687.50;-95.18
1690.43;-95.50
1693.36;-95.73
1696.29;-96.04
1699.22;-96.20
1702.15;-96.20
1705.08;-95.89
1708.01;-95.97
1710.94;-96.04
1713.87;-96.12
1716.80;-96.12
1719.73;-96.28
1722.66;-96.28
1725.59;-96.43
1728.52;-96.43
1731.45;-96.36
1734.38;-96.43
1737.30;-96.59
1740.23;-96.43
1743.16;-96.75
1746.09;-96.43
1749.02;-96.28
1751.95;-96.75
1754.88;-96.90
1757.81;-97.22
1760.74;-97.14
1763.67;-97.14
1766.60;-96.98
1769.53;-96.90
1772.46;-97.37
1775.39;-97.29
1778.32;-97.45
1781.25;-97.37
1784.18;-97.22
1787.11;-97.53
1790.04;-97.68
1792.97;-97.53
1795.90;-97.37
1798.83;-97.53
1801.76;-97.76
1804.69;-98.00
1807.62;-97.92
1810.55;-97.68
1813.48;-97.76
1816.41;-97.92
1819.34;-98.00
1822.27;-98.31
1825.20;-98.54
1828.13;-98.47
1831.05;-98.23
1833.98;-98.15
1836.91;-98.23
1839.84;-98.54
1842.77;-98.54
1845.70;-98.31
1848.63;-98.39
1851.56;-98.39
1854.49;-98.62
1857.42;-98.62
1860.35;-98.94
1863.28;-99.09
1866.21;-98.86
1869.14;-98.86
1872.07;-99.01
1875.00;-98.94
1877.93;-99.09
1880.86;-99.09
1883.79;-99.09
1886.72;-99.33
1889.65;-99.40
1892.58;-99.40
1895.51;-99.40
1898.44;-99.17
1901.37;-99.09
1904.30;-99.40
1907.23;-99.79
1910.16;-99.48
1913.09;-99.48
1916.02;-99.48
1918.95;-99.64
1921.88;-99.95
1924.80;-100.11
1927.73;-100.11
1930.66;-100.19
1933.59;-100.03
1936.52;-100.11
1939.45;-100.11
1942.38;-100.19
1945.31;-100.03
1948.24;-100.11
1951.17;-100.19
1954.10;-100.42
1957.03;-100.34
1959.96;-100.34
1962.89;-100.42
1965.82;-100.50
1968.75;-100.65
1971.68;-100.89
1974.61;-100.65
1977.54;-100.65
1980.47;-100.65
1983.40;-100.89
1986.33;-101.05
1989.26;-100.89
1992.19;-100.81
1995.12;-101.05
1998.05;-101.28
2000.98;-101.20
2003.91;-101.20
2006.84;-101.36
2009.77;-101.28
2012.70;-101.44
2015.63;-101.36
2018.55;-101.44
2021.48;-101.59
2024.41;-101.28
2027.34;-101.83
2030.27;-101.98
2033.20;-101.44
2036.13;-101.44
2039.06;-101.67
2041.99;-101.75
2044.92;-101.75
2047.85;-101.83
2050.78;-101.75
2053.71;-101.90
2056.64;-102.06
2059.57;-102.22
2062.50;-102.22
2065.43;-102.22
2068.36;-102.37
2071.29;-102.37
2074.22;-102.22
2077.15;-102.30
2080.08;-102.53
2083.01;-102.45
2085.94;-102.37
2088.87;-103.00
2091.80;-102.92
2094.73;-102.76
2097.66;-102.84
2100.59;-102.76
2103.52;-102.84
2106.45;-102.92
2109.38;-102.76
2112.30;-102.61
2115.23;-102.76
2118.16;-102.92
2121.09;-102.92
2124.02;-103.16
2126.95;-103.16
2129.88;-103.16
2132.81;-103.16
2135.74;-103.23
2138.67;-103.31
2141.60;-103.31
2144.53;-103.39
2147.46;-103.55
2150.39;-103.47
2153.32;-103.62
2156.25;-103.78
2159.18;-103.86
2162.11;-103.70
2165.04;-103.62
2167.97;-103.55
2170.90;-103.94
2173.83;-103.94
2176.76;-103.86
2179.69;-103.78
2182.62;-103.78
2185.55;-103.86
2188.48;-104.01
2191.41;-104.01
2194.34;-104.17
2197.27;-104.25
2200.20;-104.48
2203.13;-104.41
2206.05;-104.41
2208.98;-104.41
2211.91;-104.64
2214.84;-104.64
2217.77;-104.95
2220.70;-104.80
2223.63;-104.72
2226.56;-104.72
2229.49;-104.56
2232.42;-104.72
2235.35;-104.72
2238.28;-104.72
2241.21;-104.87
2244.14;-104.87
2247.07;-104.56
2250.00;-104.72
2252.93;-105.11
2255.86;-105.19
2258.79;-105.19
2261.72;-105.26
2264.65;-105.19
2267.58;-105.26
2270.51;-105.11
2273.44;-105.11
2276.37;-105.34
2279.30;-105.58
2282.23;-105.73
2285.16;-105.58
2288.09;-105.50
2291.02;-105.73
2293.95;-105.73
2296.88;-105.73
2299.80;-105.97
2302.73;-105.73
2305.66;-105.66
2308.59;-105.81
2311.52;-105.89
2314.45;-105.81
2317.38;-105.97
2320.31;-106.12
2323.24;-106.28
2326.17;-105.97
2329.10;-105.97
2332.03;-106.12
2334.96;-106.05
2337.89;-106.05
2340.82;-106.20
2343.75;-106.28
2346.68;-106.44
2349.61;-106.52
2352.54;-106.52
2355.47;-106.36
2358.40;-106.28
2361.33;-106.75
2364.26;-106.83
2367.19;-106.52
2370.12;-106.75
2373.05;-106.91
2375.98;-106.75
2378.91;-106.75
2381.84;-106.91
2384.77;-106.91
2387.70;-106.98
2390.63;-107.14
2393.55;-107.22
2396.48;-106.75
2399.41;-106.36
2402.34;-106.75
2405.27;-107.14
2408.20;-107.06
2411.13;-107.06
2414.06;-107.30
2416.99;-107.37
2419.92;-107.45
2422.85;-107.30
2425.78;-107.30
2428.71;-107.06
2431.64;-107.22
2434.57;-107.37
2437.50;-107.53
2440.43;-107.77
2443.36;-107.84
2446.29;-107.53
2449.22;-107.53
2452.15;-107.53
2455.08;-107.53
2458.01;-107.53
2460.94;-107.61
2463.87;-107.84
2466.80;-108.00
2469.73;-108.23
2472.66;-107.92
2475.59;-107.84
2478.52;-107.92
2481.45;-107.77
2484.38;-108.16
2487.30;-108.23
2490.23;-108.23
2493.16;-108.39
2496.09;-108.08
2499.02;-108.16
2501.95;-108.23
2504.88;-108.39
2507.81;-108.47
2510.74;-108.23
2513.67;-108.47
2516.60;-108.47
2519.53;-108.47
2522.46;-108.70
2525.39;-108.78
2528.32;-108.86
2531.25;-108.94
2534.18;-108.47
2537.11;-108.47
2540.04;-108.78
2542.97;-108.86
2545.90;-108.94
2548.83;-109.02
2551.76;-109.02
2554.69;-109.09
2557.62;-109.09
2560.55;-108.86
2563.48;-109.02
2566.41;-109.02
2569.34;-109.17
2572.27;-109.02
2575.20;-109.09
2578.13;-109.33
2581.05;-109.41
2583.98;-109.25
2586.91;-109.41
2589.84;-109.33
2592.77;-109.25
2595.70;-109.41
2598.63;-109.56
2601.56;-109.64
2604.49;-109.72
2607.42;-109.56
2610.35;-109.56
2613.28;-109.56
2616.21;-109.72
2619.14;-109.80
2622.07;-109.88
2625.00;-109.72
2627.93;-109.80
2630.86;-109.88
2633.79;-109.88
2636.72;-109.64
2639.65;-109.33
2642.58;-109.88
2645.51;-109.95
2648.44;-109.64
2651.37;-109.88
2654.30;-110.03
2657.23;-110.34
2660.16;-110.34
2663.09;-110.19
2666.02;-110.11
2668.95;-110.11
2671.88;-110.19
2674.80;-110.42
2677.73;-110.19
2680.66;-110.42
2683.59;-110.50
2686.52;-110.58
2689.45;-110.74
2692.38;-110.58
2695.31;-110.34
2698.24;-110.34
2701.17;-110.66
2704.10;-110.58
2707.03;-110.50
2709.96;-110.81
2712.89;-110.81
2715.82;-110.58
2718.75;-110.81
2721.68;-110.66
2724.61;-110.66
2727.54;-110.81
2730.47;-111.05
2733.40;-110.89
2736.33;-110.42
2739.26;-110.42
2742.19;-110.97
2745.12;-111.05
2748.05;-110.97
2750.98;-111.13
2753.91;-111.05
2756.84;-111.13
2759.77;-111.20
2762.70;-111.20
2765.63;-111.20
2768.55;-111.05
2771.48;-111.20
2774.41;-111.28
2777.34;-111.28
2780.27;-111.36
2783.20;-111.44
2786.13;-111.59
2789.06;-111.67
2791.99;-111.59
2794.92;-111.59
2797.85;-111.67
2800.78;-111.59
2803.71;-111.83
2806.64;-111.75
2809.57;-111.75
2812.50;-111.91
2815.43;-111.91
2818.36;-111.67
2821.29;-111.67
2824.22;-111.67
2827.15;-111.99
2830.08;-111.59
2833.01;-111.44
2835.94;-111.75
2838.87;-111.83
2841.80;-111.59
2844.73;-111.99
2847.66;-112.30
2850.59;-112.06
2853.52;-112.14
2856.45;-112.14
2859.38;-111.91
2862.30;-111.91
2865.23;-112.30
2868.16;-112.14
2871.09;-112.06
2874.02;-112.22
2876.95;-112.06
2879.88;-111.91
2882.81;-112.22
2885.74;-112.30
2888.67;-112.30
2891.60;-112.38
2894.53;-112.38
2897.46;-112.14
2900.39;-112.22
2903.32;-112.38
2906.25;-112.45
2909.18;-112.38
2912.11;-112.45
2915.04;-112.38
2917.97;-112.84
2920.90;-113.08
2923.83;-112.84
2926.76;-112.38
2929.69;-112.77
2932.62;-112.45
2935.55;-112.61
2938.48;-112.45
2941.41;-112.30
2944.34;-112.69
2947.27;-112.77
2950.20;-112.69
2953.13;-112.84
2956.05;-112.92
2958.98;-112.92
2961.91;-112.84
2964.84;-112.92
2967.77;-113.16
2970.70;-112.84
2973.63;-112.84
2976.56;-113.08
2979.49;-113.08
2982.42;-112.84
2985.35;-113.00
2988.28;-112.92
2991.21;-113.00
2994.14;-113.08
2997.07;-113.08
3000.00;-113.16
3002.93;-113.24
3005.86;-113.24
3008.79;-113.31
3011.72;-113.31
3014.65;-113.31
3017.58;-113.39
3020.51;-113.39
3023.44;-113.39
3026.37;-113.31
3029.30;-113.55
3032.23;-113.39
3035.16;-113.55
3038.09;-113.55
3041.02;-113.55
3043.95;-113.39
3046.88;-113.31
3049.80;-113.39
3052.73;-113.47
3055.66;-113.47
3058.59;-113.70
3061.52;-113.63
3064.45;-113.55
3067.38;-113.63
3070.31;-113.94
3073.24;-113.94
3076.17;-113.78
3079.10;-113.78
3082.03;-113.63
3084.96;-113.86
3087.89;-113.94
3090.82;-114.02
3093.75;-113.78
3096.68;-113.78
3099.61;-113.78
3102.54;-113.63
3105.47;-114.02
3108.40;-114.10
3111.33;-114.10
3114.26;-114.10
3117.19;-114.17
3120.12;-113.94
3123.05;-114.17
3125.98;-113.94
3128.91;-113.94
3131.84;-114.02
3134.77;-114.02
3137.70;-114.49
3140.63;-114.41
3143.55;-114.41
3146.48;-114.33
3149.41;-114.02
3152.34;-114.17
3155.27;-114.17
3158.20;-114.41
3161.13;-114.56
3164.06;-114.33
3166.99;-114.17
3169.92;-114.25
3172.85;-114.41
3175.78;-114.33
3178.71;-114.49
3181.64;-114.33
3184.57;-114.25
3187.50;-114.41
3190.43;-114.64
3193.36;-114.25
3196.29;-114.33
3199.22;-114.49
3202.15;-114.64
3205.08;-114.72
3208.01;-114.80
3210.94;-114.41
3213.87;-114.17
3216.80;-114.56
3219.73;-114.56
3222.66;-114.64
3225.59;-114.64
3228.52;-114.64
3231.45;-114.56
3234.38;-114.56
3237.30;-114.64
3240.23;-114.64
3243.16;-114.49
3246.09;-114.56
3249.02;-114.49
3251.95;-114.49
3254.88;-114.56
3257.81;-114.72
3260.74;-114.72
3263.67;-114.72
3266.60;-114.72
3269.53;-115.03
3272.46;-114.88
3275.39;-114.80
3278.32;-114.72
3281.25;-114.72
3284.18;-114.88
3287.11;-114.95
3290.04;-115.03
3292.97;-114.80
3295.90;-114.72
3298.83;-114.64
3301.76;-114.88
3304.69;-114.88
3307.62;-115.03
3310.55;-115.19
3313.48;-115.03
3316.41;-114.88
3319.34;-115.35
3322.27;-115.27
3325.20;-115.11
3328.13;-115.11
3331.05;-115.27
3333.98;-115.19
3336.91;-114.95
3339.84;-115.03
3342.77;-115.11
3345.70;-115.19
3348.63;-115.19
3351.56;-115.11
3354.49;-115.19
3357.42;-115.19
3360.35;-115.03
3363.28;-115.03
3366.21;-115.19
3369.14;-115.27
3372.07;-115.11
3375.00;-115.27
3377.93;-115.19
3380.86;-115.27
3383.79;-115.19
3386.72;-115.19
3389.65;-115.27
3392.58;-115.03
3395.51;-114.95
3398.44;-114.80
3401.37;-114.95
3404.30;-115.19
3407.23;-115.03
3410.16;-115.03
3413.09;-114.95
3416.02;-114.95
3418.95;-115.11
3421.88;-115.27
3424.80;-114.95
3427.73;-114.95
3430.66;-115.42
3433.59;-115.58
3436.52;-115.42
3439.45;-115.11
3442.38;-115.27
3445.31;-115.27
3448.24;-115.35
3451.17;-115.50
3454.10;-115.66
3457.03;-115.50
3459.96;-115.35
3462.89;-115.35
3465.82;-115.35
3468.75;-115.11
3471.68;-115.50
3474.61;-115.58
3477.54;-115.42
3480.47;-115.42
3483.40;-115.27
3486.33;-115.42
3489.26;-115.66
3492.19;-115.58
3495.12;-115.42
3498.05;-115.50
3500.98;-115.66
3503.91;-115.50
3506.84;-115.11
3509.77;-115.19
3512.70;-115.42
3515.63;-115.35
3518.55;-115.58
3521.48;-115.58
3524.41;-115.19
3527.34;-115.42
3530.27;-115.81
3533.20;-115.66
3536.13;-115.58
3539.06;-115.58
3541.99;-115.58
3544.92;-115.74
3547.85;-115.50
3550.78;-115.50
3553.71;-115.35
3556.64;-115.58
3559.57;-115.58
3562.50;-115.42
3565.43;-115.35
3568.36;-115.58
3571.29;-115.35
3574.22;-115.35
3577.15;-115.58
3580.08;-115.58
3583.01;-115.42
3585.94;-115.58
3588.87;-115.74
3591.80;-115.66
3594.73;-115.42
3597.66;-115.19
3600.59;-114.88
3603.52;-115.42
3606.45;-115.50
3609.38;-115.50
3612.30;-115.58
3615.23;-115.50
3618.16;-115.50
3621.09;-115.81
3624.02;-115.81
3626.95;-115.81
3629.88;-115.74
3632.81;-115.58
3635.74;-115.66
3638.67;-115.66
3641.60;-115.50
3644.53;-115.58
3647.46;-115.58
3650.39;-115.58
3653.32;-115.50
3656.25;-115.50
3659.18;-115.58
3662.11;-115.97
3665.04;-115.97
3667.97;-115.74
3670.90;-115.58
3673.83;-115.89
3676.76;-115.66
3679.69;-115.50
3682.62;-115.74
3685.55;-115.50
3688.48;-115.58
3691.41;-115.89
3694.34;-115.81
3697.27;-115.81
3700.20;-115.74
3703.13;-115.81
3706.05;-116.05
3708.98;-115.81
3711.91;-115.81
3714.84;-115.74
3717.77;-115.50
3720.70;-115.74
3723.63;-115.66
3726.56;-115.74
3729.49;-115.74
3732.42;-115.74
3735.35;-115.58
3738.28;-115.50
3741.21;-115.74
3744.14;-115.50
3747.07;-115.42
3750.00;-115.89
3752.93;-115.89
3755.86;-115.74
3758.79;-115.97
3761.72;-115.81
3764.65;-115.74
3767.58;-115.58
3770.51;-115.58
3773.44;-115.74
3776.37;-115.66
3779.30;-115.35
3782.23;-115.74
3785.16;-116.13
3788.09;-116.36
3791.02;-116.13
3793.95;-115.89
3796.88;-116.05
3799.80;-116.13
3802.73;-115.89
3805.66;-116.05
3808.59;-115.97
3811.52;-115.89
3814.45;-115.81
3817.38;-115.66
3820.31;-115.35
3823.24;-115.81
3826.17;-116.05
3829.10;-116.21
3832.03;-115.97
3834.96;-115.89
3837.89;-114.88
3840.82;-114.33
3843.75;-115.66
3846.68;-116.05
3849.61;-115.97
3852.54;-115.58
3855.47;-115.50
3858.40;-115.81
3861.33;-115.97
3864.26;-115.81
3867.19;-115.58
3870.12;-115.66
3873.05;-115.97
3875.98;-115.89
3878.91;-115.89
3881.84;-115.81
3884.77;-115.89
3887.70;-115.58
3890.63;-115.97
3893.55;-115.74
3896.48;-115.66
3899.41;-115.74
3902.34;-115.81
3905.27;-115.89
3908.20;-115.81
3911.13;-115.81
3914.06;-115.66
3916.99;-115.89
3919.92;-115.89
3922.85;-115.74
3925.78;-115.89
3928.71;-115.81
3931.64;-115.97
3934.57;-115.81
3937.50;-115.66
3940.43;-116.05
3943.36;-115.97
3946.29;-115.74
3949.22;-115.89
3952.15;-115.89
3955.08;-115.66
3958.01;-115.81
3960.94;-115.81
3963.87;-115.97
3966.80;-115.74
3969.73;-115.66
3972.66;-115.66
3975.59;-115.66
3978.52;-115.66
3981.45;-115.50
3984.38;-115.66
3987.30;-115.50
3990.23;-115.58
3993.16;-115.74
3996.09;-115.74
3999.02;-115.66
4001.95;-115.42
4004.88;-115.42
4007.81;-115.66
4010.74;-115.42
4013.67;-115.58
4016.60;-115.58
4019.53;-115.58
4022.46;-115.74
4025.39;-116.05
4028.32;-116.13
4031.25;-116.05
4034.18;-115.89
4037.11;-115.66
4040.04;-115.42
4042.97;-115.58
4045.90;-115.81
4048.83;-115.58
4051.76;-115.74
4054.69;-115.66
4057.62;-115.89
4060.55;-115.89
4063.48;-115.81
4066.41;-115.97
4069.34;-115.74
4072.27;-115.50
4075.20;-115.89
4078.13;-114.80
4081.05;-114.17
4083.98;-115.35
4086.91;-115.58
4089.84;-115.74
4092.77;-115.89
4095.70;-115.50
4098.63;-115.58
4101.56;-115.74
4104.49;-115.74
4107.42;-115.58
4110.35;-115.89
4113.28;-116.05
4116.21;-115.66
4119.14;-115.66
4122.07;-115.89
4125.00;-115.81
4127.93;-115.81
4130.86;-115.81
4133.79;-115.50
4136.72;-115.42
4139.65;-115.58
4142.58;-115.66
4145.51;-115.58
4148.44;-115.81
4151.37;-115.97
4154.30;-115.97
4157.23;-115.35
4160.16;-115.35
4163.09;-115.50
4166.02;-115.66
4168.95;-115.74
4171.88;-115.89
4174.80;-115.74
4177.73;-115.66
4180.66;-115.81
4183.59;-115.58
4186.52;-115.58
4189.45;-115.81
4192.38;-115.97
4195.31;-115.66
4198.24;-115.58
4201.17;-115.74
4204.10;-115.74
4207.03;-115.74
4209.96;-115.35
4212.89;-115.27
4215.82;-115.42
4218.75;-115.58
4221.68;-115.66
4224.61;-115.97
4227.54;-116.05
4230.47;-115.81
4233.40;-115.74
4236.33;-115.74
4239.26;-115.66
4242.19;-115.74
4245.12;-115.81
4248.05;-115.74
4250.98;-115.66
4253.91;-115.66
4256.84;-115.74
4259.77;-115.58
4262.70;-115.66
4265.63;-115.58
4268.55;-115.66
4271.48;-115.58
4274.41;-115.66
4277.34;-115.81
4280.27;-115.74
4283.20;-115.58
4286.13;-115.58
4289.06;-115.58
4291.99;-115.42
4294.92;-115.58
4297.85;-115.58
4300.78;-115.42
4303.71;-115.35
4306.64;-115.42
4309.57;-115.58
4312.50;-115.66
4315.43;-115.58
4318.36;-114.80
4321.29;-114.80
4324.22;-115.42
4327.15;-115.50
4330.08;-115.66
4333.01;-115.42
4335.94;-115.11
4338.87;-115.35
4341.80;-115.74
4344.73;-115.58
4347.66;-115.50
4350.59;-115.66
4353.52;-115.74
4356.45;-115.50
4359.38;-115.19
4362.30;-115.50
4365.23;-115.66
4368.16;-115.50
4371.09;-115.35
4374.02;-115.27
4376.95;-115.42
4379.88;-115.27
4382.81;-115.35
4385.74;-115.42
4388.67;-115.27
4391.60;-115.35
4394.53;-115.42
4397.46;-115.35
4400.39;-115.42
4403.32;-115.42
4406.25;-115.35
4409.18;-115.35
4412.11;-115.66
4415.04;-115.74
4417.97;-115.42
4420.90;-115.19
4423.83;-115.19
4426.76;-115.35
4429.69;-115.19
4432.62;-115.50
4435.55;-115.58
4438.48;-115.35
4441.41;-115.11
4444.34;-115.27
4447.27;-115.42
4450.20;-115.58
4453.13;-115.42
4456.05;-115.42
4458.98;-115.50
4461.91;-115.66
4464.84;-115.42
4467.77;-115.11
4470.70;-115.11
4473.63;-115.35
4476.56;-115.19
4479.49;-115.19
4482.42;-115.42
4485.35;-114.88
4488.28;-114.95
4491.21;-115.19
4494.14;-115.19
4497.07;-115.19
4500.00;-115.19
4502.93;-114.95
4505.86;-115.11
4508.79;-115.50
4511.72;-115.35
4514.65;-115.19
4517.58;-115.11
4520.51;-115.27
4523.44;-115.19
4526.37;-115.11
4529.30;-115.03
4532.23;-115.11
4535.16;-115.19
4538.09;-115.11
4541.02;-115.11
4543.95;-114.95
4546.88;-115.03
4549.80;-115.35
4552.73;-115.35
4555.66;-115.27
4558.59;-115.19
4561.52;-114.88
4564.45;-114.95
4567.38;-115.35
4570.31;-115.35
4573.24;-115.19
4576.17;-115.11
4579.10;-115.03
4582.03;-115.03
4584.96;-115.19
4587.89;-114.95
4590.82;-114.72
4593.75;-114.80
4596.68;-115.11
4599.61;-114.95
4602.54;-114.95
4605.47;-115.27
4608.40;-115.19
4611.33;-115.03
4614.26;-115.03
4617.19;-115.19
4620.12;-115.11
4623.05;-115.35
4625.98;-115.35
4628.91;-115.11
4631.84;-115.27
4634.77;-115.19
4637.70;-115.19
4640.63;-115.19
4643.55;-114.88
4646.48;-114.88
4649.41;-114.95
4652.34;-115.27
4655.27;-115.19
4658.20;-115.27
4661.13;-115.27
4664.06;-115.03
4666.99;-115.03
4669.92;-115.03
4672.85;-115.03
4675.78;-114.88
4678.71;-114.88
4681.64;-114.88
4684.57;-114.80
4687.50;-114.95
4690.43;-114.95
4693.36;-114.95
4696.29;-114.95
4699.22;-114.95
4702.15;-114.88
4705.08;-114.80
4708.01;-114.95
4710.94;-115.03
4713.87;-114.88
4716.80;-114.80
4719.73;-114.88
4722.66;-115.03
4725.59;-115.27
4728.52;-115.19
4731.45;-114.95
4734.38;-114.88
4737.30;-114.95
4740.23;-114.95
4743.16;-115.03
4746.09;-114.88
4749.02;-114.88
4751.95;-115.03
4754.88;-114.80
4757.81;-115.03
4760.74;-115.11
4763.67;-114.88
4766.60;-114.80
4769.53;-115.11
4772.46;-115.03
4775.39;-114.88
4778.32;-115.11
4781.25;-115.19
4784.18;-114.95
4787.11;-115.03
4790.04;-115.11
4792.97;-114.95
4795.90;-114.95
4798.83;-114.88
4801.76;-114.95
4804.69;-114.80
4807.62;-114.88
4810.55;-114.88
4813.48;-114.72
4816.41;-114.80
4819.34;-115.03
4822.27;-114.72
4825.20;-114.72
4828.13;-114.72
4831.05;-115.11
4833.98;-115.03
4836.91;-114.72
4839.84;-114.56
4842.77;-114.64
4845.70;-114.64
4848.63;-114.80
4851.56;-115.11
4854.49;-114.80
4857.42;-114.88
4860.35;-114.72
4863.28;-114.64
4866.21;-114.80
4869.14;-114.88
4872.07;-114.80
4875.00;-114.88
4877.93;-114.80
4880.86;-114.41
4883.79;-114.33
4886.72;-114.56
4889.65;-114.56
4892.58;-114.56
4895.51;-114.72
4898.44;-114.72
4901.37;-114.49
4904.30;-114.56
4907.23;-114.72
4910.16;-114.56
4913.09;-114.41
4916.02;-114.25
4918.95;-114.41
4921.88;-114.56
4924.80;-114.64
4927.73;-114.64
4930.66;-114.80
4933.59;-114.72
4936.52;-114.72
4939.45;-114.56
4942.38;-114.49
4945.31;-114.80
4948.24;-114.56
4951.17;-114.41
4954.10;-114.56
4957.03;-114.49
4959.96;-114.49
4962.89;-114.56
4965.82;-114.49
4968.75;-114.72
4971.68;-114.72
4974.61;-114.80
4977.54;-114.64
4980.47;-114.41
4983.40;-114.72
4986.33;-114.49
4989.26;-114.41
4992.19;-114.49
4995.12;-114.56
4998.05;-114.49
5000.98;-114.10
5003.91;-114.10
5006.84;-114.17
5009.77;-114.17
5012.70;-114.17
5015.63;-114.41
5018.55;-114.49
5021.48;-114.64
5024.41;-114.88
5027.34;-114.72
5030.27;-114.41
5033.20;-114.49
5036.13;-114.64
5039.06;-114.33
5041.99;-114.25
5044.92;-114.49
5047.85;-114.41
5050.78;-114.17
5053.71;-114.41
5056.64;-114.49
5059.57;-114.49
5062.50;-114.33
5065.43;-114.17
5068.36;-114.25
5071.29;-114.72
5074.22;-114.80
5077.15;-114.41
5080.08;-114.17
5083.01;-114.17
5085.94;-114.33
5088.87;-114.41
5091.80;-114.33
5094.73;-114.56
5097.66;-114.49
5100.59;-114.25
5103.52;-114.33
5106.45;-114.41
5109.38;-114.49
5112.30;-114.49
5115.23;-114.41
5118.16;-114.64
5121.09;-114.49
5124.02;-114.41
5126.95;-114.49
5129.88;-114.33
5132.81;-114.10
5135.74;-114.17
5138.67;-114.33
5141.60;-114.33
5144.53;-114.17
5147.46;-114.17
5150.39;-114.17
5153.32;-114.17
5156.25;-114.25
5159.18;-114.41
5162.11;-114.33
5165.04;-114.25
5167.97;-114.25
5170.90;-114.33
5173.83;-114.17
5176.76;-114.10
5179.69;-114.25
5182.62;-114.33
5185.55;-114.02
5188.48;-114.17
5191.41;-114.41
5194.34;-114.02
5197.27;-113.94
5200.20;-114.41
5203.13;-114.41
5206.05;-114.41
5208.98;-114.41
5211.91;-114.25
5214.84;-114.25
5217.77;-114.10
5220.70;-113.94
5223.63;-114.33
5226.56;-114.49
5229.49;-114.41
5232.42;-114.33
5235.35;-114.49
5238.28;-114.41
5241.21;-113.86
5244.14;-113.86
5247.07;-114.10
5250.00;-113.70
5252.93;-114.02
5255.86;-114.33
5258.79;-114.49
5261.72;-114.72
5264.65;-114.49
5267.58;-114.02
5270.51;-114.17
5273.44;-114.33
5276.37;-114.25
5279.30;-114.10
5282.23;-114.10
5285.16;-114.25
5288.09;-114.41
5291.02;-114.17
5293.95;-114.10
5296.88;-113.94
5299.80;-113.94
5302.73;-113.94
5305.66;-114.10
5308.59;-114.02
5311.52;-114.10
5314.45;-113.94
5317.38;-114.10
5320.31;-114.25
5323.24;-114.25
5326.17;-113.94
5329.10;-114.33
5332.03;-114.25
5334.96;-114.25
5337.89;-114.10
5340.82;-114.17
5343.75;-113.94
5346.68;-113.86
5349.61;-114.02
5352.54;-114.17
5355.47;-114.25
5358.40;-114.17
5361.33;-114.02
5364.26;-113.63
5367.19;-113.70
5370.12;-113.94
5373.05;-114.02
5375.98;-113.86
5378.91;-113.94
5381.84;-114.10
5384.77;-114.17
5387.70;-114.10
5390.63;-114.10
5393.55;-114.10
5396.48;-113.86
5399.41;-113.70
5402.34;-113.78
5405.27;-114.10
5408.20;-113.94
5411.13;-114.02
5414.06;-114.02
5416.99;-114.17
5419.92;-113.94
5422.85;-113.70
5425.78;-113.86
5428.71;-113.86
5431.64;-113.86
5434.57;-113.94
5437.50;-113.78
5440.43;-113.70
5443.36;-113.78
5446.29;-113.70
5449.22;-113.70
5452.15;-114.02
5455.08;-113.94
5458.01;-113.63
5460.94;-113.78
5463.87;-113.70
5466.80;-113.86
5469.73;-113.94
5472.66;-113.55
5475.59;-113.39
5478.52;-113.70
5481.45;-113.86
5484.38;-113.70
5487.30;-114.02
5490.23;-113.94
5493.16;-113.78
5496.09;-113.70
5499.02;-113.55
5501.95;-113.70
5504.88;-113.63
5507.81;-113.47
5510.74;-113.63
5513.67;-113.86
5516.60;-113.86
5519.53;-113.16
5522.46;-113.55
5525.39;-113.63
5528.32;-113.47
5531.25;-113.39
5534.18;-113.63
5537.11;-113.63
5540.04;-113.70
5542.97;-113.78
5545.90;-113.94
5548.83;-113.94
5551.76;-113.94
5554.69;-114.02
5557.62;-113.86
5560.55;-113.78
5563.48;-113.86
5566.41;-113.70
5569.34;-113.47
5572.27;-113.63
5575.20;-113.94
5578.13;-113.86
5581.05;-113.47
5583.98;-113.63
5586.91;-114.02
5589.84;-114.25
5592.77;-113.63
5595.70;-113.39
5598.63;-113.39
5601.56;-113.24
5604.49;-113.47
5607.42;-113.70
5610.35;-113.86
5613.28;-113.47
5616.21;-113.55
5619.14;-113.78
5622.07;-113.63
5625.00;-113.63
5627.93;-113.63
5630.86;-113.55
5633.79;-113.47
5636.72;-113.55
5639.65;-113.70
5642.58;-113.78
5645.51;-113.47
5648.44;-113.55
5651.37;-113.47
5654.30;-113.47
5657.23;-113.70
5660.16;-113.78
5663.09;-113.55
5666.02;-113.47
5668.95;-113.39
5671.88;-113.55
5674.80;-113.55
5677.73;-113.47
5680.66;-113.24
5683.59;-113.63
5686.52;-113.63
5689.45;-113.47
5692.38;-113.55
5695.31;-113.47
5698.24;-113.39
5701.17;-113.31
5704.10;-113.31
5707.03;-113.31
5709.96;-113.24
5712.89;-113.31
5715.82;-113.31
5718.75;-113.08
5721.68;-113.24
5724.61;-113.31
5727.54;-113.55
5730.47;-113.55
5733.40;-113.31
5736.33;-113.47
5739.26;-113.55
5742.19;-113.08
5745.12;-113.24
5748.05;-113.31
5750.98;-113.39
5753.91;-113.63
5756.84;-113.55
5759.77;-113.16
5762.70;-113.31
5765.63;-113.55
5768.55;-113.39
5771.48;-113.31
5774.41;-113.47
5777.34;-113.39
5780.27;-113.16
5783.20;-113.16
5786.13;-113.24
5789.06;-113.47
5791.99;-113.24
5794.92;-113.16
5797.85;-113.16
5800.78;-113.31
5803.71;-113.31
5806.64;-113.31
5809.57;-113.39
5812.50;-113.63
5815.43;-113.70
5818.36;-113.16
5821.29;-112.77
5824.22;-112.92
5827.15;-113.31
5830.08;-113.31
5833.01;-113.55
5835.94;-113.55
5838.87;-113.24
5841.80;-113.31
5844.73;-113.39
5847.66;-113.55
5850.59;-113.31
5853.52;-113.24
5856.45;-113.16
5859.38;-113.31
5862.30;-113.24
5865.23;-113.08
5868.16;-113.08
5871.09;-113.47
5874.02;-113.39
5876.95;-113.31
5879.88;-113.24
5882.81;-113.16
5885.74;-113.16
5888.67;-113.08
5891.60;-112.84
5894.53;-112.84
5897.46;-113.08
5900.39;-113.16
5903.32;-113.08
5906.25;-113.55
5909.18;-113.39
5912.11;-113.08
5915.04;-113.08
5917.97;-113.31
5920.90;-113.39
5923.83;-113.31
5926.76;-112.92
5929.69;-112.77
5932.62;-113.00
5935.55;-113.00
5938.48;-113.08
5941.41;-113.16
5944.34;-113.24
5947.27;-113.16
5950.20;-113.16
5953.13;-113.24
5956.05;-113.31
5958.98;-113.16
5961.91;-112.77
5964.84;-112.84
5967.77;-112.92
5970.70;-112.84
5973.63;-112.77
5976.56;-113.00
5979.49;-113.16
5982.42;-112.84
5985.35;-112.77
5988.28;-113.08
5991.21;-113.08
5994.14;-112.84
5997.07;-112.45
6000.00;-112.38
6002.93;-112.92
6005.86;-113.00
6008.79;-112.92
6011.72;-113.00
6014.65;-112.92
6017.58;-113.16
6020.51;-112.92
6023.44;-112.92
6026.37;-113.08
6029.30;-112.92
6032.23;-112.84
6035.16;-113.00
6038.09;-112.92
6041.02;-112.92
6043.95;-113.08
6046.88;-113.08
6049.80;-113.08
6052.73;-113.08
6055.66;-113.16
6058.59;-113.00
6061.52;-112.92
6064.45;-112.84
6067.38;-112.84
6070.31;-113.00
6073.24;-113.00
6076.17;-113.00
6079.10;-113.00
6082.03;-112.84
6084.96;-112.69
6087.89;-113.16
6090.82;-113.24
6093.75;-113.16
6096.68;-113.39
6099.61;-112.84
6102.54;-112.84
6105.47;-112.84
6108.40;-112.92
6111.33;-112.92
6114.26;-113.00
6117.19;-112.92
6120.12;-112.77
6123.05;-112.84
6125.98;-112.84
6128.91;-112.69
6131.84;-112.84
6134.77;-112.77
6137.70;-112.92
6140.63;-113.00
6143.55;-113.08
6146.48;-113.08
6149.41;-113.08
6152.34;-112.77
6155.27;-112.77
6158.20;-112.69
6161.13;-112.45
6164.06;-112.84
6166.99;-113.08
6169.92;-112.92
6172.85;-113.00
6175.78;-113.00
6178.71;-112.92
6181.64;-112.84
6184.57;-112.92
6187.50;-112.61
6190.43;-112.61
6193.36;-112.61
6196.29;-112.61
6199.22;-112.61
6202.15;-112.61
6205.08;-112.84
6208.01;-112.84
6210.94;-112.69
6213.87;-112.53
6216.80;-112.53
6219.73;-113.00
6222.66;-112.53
6225.59;-112.53
6228.52;-112.84
6231.45;-113.16
6234.38;-113.00
6237.30;-112.69
6240.23;-112.53
6243.16;-112.69
6246.09;-112.69
6249.02;-112.61
6251.95;-112.69
6254.88;-112.69
6257.81;-112.84
6260.74;-112.92
6263.67;-113.00
6266.60;-112.84
6269.53;-112.77
6272.46;-112.77
6275.39;-112.53
6278.32;-112.45
6281.25;-112.61
6284.18;-112.53
6287.11;-112.61
6290.04;-112.77
6292.97;-112.77
6295.90;-112.77
6298.83;-113.00
6301.76;-112.77
6304.69;-112.84
6307.62;-112.84
6310.55;-112.77
6313.48;-112.61
6316.41;-112.53
6319.34;-112.69
6322.27;-112.45
6325.20;-112.45
6328.13;-112.61
6331.05;-112.38
6333.98;-112.61
6336.91;-112.84
6339.84;-112.61
6342.77;-112.45
6345.70;-112.53
6348.63;-112.53
6351.56;-112.61
6354.49;-112.45
6357.42;-112.30
6360.35;-112.45
6363.28;-112.61
6366.21;-112.69
6369.14;-112.53
6372.07;-112.53
6375.00;-112.69
6377.93;-112.45
6380.86;-112.61
6383.79;-112.38
6386.72;-112.45
6389.65;-112.53
6392.58;-112.45
6395.51;-112.22
6398.44;-112.38
6401.37;-112.30
6404.30;-112.30
6407.23;-112.69
6410.16;-112.77
6413.09;-112.69
6416.02;-112.69
6418.95;-112.45
6421.88;-112.45
6424.80;-112.53
6427.73;-112.38
6430.66;-112.38
6433.59;-112.38
6436.52;-112.22
6439.45;-112.14
6442.38;-111.99
6445.31;-112.14
6448.24;-112.30
6451.17;-112.30
6454.10;-112.53
6457.03;-112.38
6459.96;-112.38
6462.89;-112.30
6465.82;-112.53
6468.75;-112.61
6471.68;-112.53
6474.61;-112.30
6477.54;-112.53
6480.47;-112.38
6483.40;-112.22
6486.33;-112.61
6489.26;-112.45
6492.19;-112.22
6495.12;-112.06
6498.05;-112.14
6500.98;-112.30
6503.91;-112.22
6506.84;-112.14
6509.77;-112.22
6512.70;-112.30
6515.63;-112.38
6518.55;-112.38
6521.48;-112.45
6524.41;-112.38
6527.34;-112.30
6530.27;-112.22
6533.20;-112.45
6536.13;-112.30
6539.06;-111.99
6541.99;-112.06
6544.92;-112.22
6547.85;-112.30
6550.78;-112.14
6553.71;-111.99
6556.64;-112.22
6559.57;-112.22
6562.50;-112.06
6565.43;-112.45
6568.36;-112.22
6571.29;-112.14
6574.22;-112.30
6577.15;-112.30
6580.08;-112.53
6583.01;-112.14
6585.94;-111.83
6588.87;-111.99
6591.80;-112.53
6594.73;-112.38
6597.66;-112.30
6600.59;-112.38
6603.52;-112.38
6606.45;-112.30
6609.38;-112.30
6612.30;-112.14
6615.23;-112.14
6618.16;-112.38
6621.09;-112.38
6624.02;-112.45
6626.95;-112.30
6629.88;-112.38
6632.81;-112.30
6635.74;-112.06
6638.67;-112.22
6641.60;-111.99
6644.53;-111.99
6647.46;-111.99
6650.39;-112.14
6653.32;-112.14
6656.25;-112.06
6659.18;-111.75
6662.11;-111.75
6665.04;-111.99
6667.97;-112.14
6670.90;-112.14
6673.83;-111.83
6676.76;-112.06
6679.69;-112.06
6682.62;-112.22
6685.55;-112.30
6688.48;-112.14
6691.41;-112.06
6694.34;-112.14
6697.27;-112.30
6700.20;-112.22
6703.13;-112.06
6706.05;-112.14
6708.98;-112.06
6711.91;-112.06
6714.84;-112.22
6717.77;-112.06
6720.70;-111.91
6723.63;-111.99
6726.56;-112.06
6729.49;-111.83
6732.42;-111.52
6735.35;-111.59
6738.28;-112.06
6741.21;-112.38
6744.14;-111.99
6747.07;-111.75
6750.00;-111.67
6752.93;-111.83
6755.86;-111.99
6758.79;-112.30
6761.72;-112.22
6764.65;-111.91
6767.58;-111.67
6770.51;-111.91
6773.44;-111.91
6776.37;-111.91
6779.30;-112.14
6782.23;-111.99
6785.16;-111.83
6788.09;-111.99
6791.02;-112.14
6793.95;-112.14
6796.88;-112.14
6799.80;-111.99
6802.73;-111.91
6805.66;-112.06
6808.59;-111.99
6811.52;-111.91
6814.45;-112.06
6817.38;-111.91
6820.31;-111.99
6823.24;-111.91
6826.17;-112.06
6829.10;-111.91
6832.03;-111.91
6834.96;-112.14
6837.89;-111.99
6840.82;-111.67
6843.75;-111.91
6846.68;-111.99
6849.61;-111.91
6852.54;-111.99
6855.47;-111.83
6858.40;-111.67
6861.33;-111.83
6864.26;-111.99
6867.19;-111.67
6870.12;-111.67
6873.05;-111.67
6875.98;-111.67
6878.91;-112.14
6881.84;-112.22
6884.77;-111.99
6887.70;-111.83
6890.63;-111.99
6893.55;-111.99
6896.48;-111.91
6899.41;-111.59
6902.34;-111.59
6905.27;-111.75
6908.20;-111.91
6911.13;-111.75
6914.06;-111.83
6916.99;-111.91
6919.92;-111.67
6922.85;-111.59
6925.78;-112.06
6928.71;-111.91
6931.64;-111.59
6934.57;-111.91
6937.50;-111.91
6940.43;-111.91
6943.36;-112.06
6946.29;-111.83
6949.22;-111.75
6952.15;-111.99
6955.08;-111.83
6958.01;-111.59
6960.94;-111.67
6963.87;-111.91
6966.80;-111.59
6969.73;-111.59
6972.66;-111.67
6975.59;-111.59
6978.52;-111.52
6981.45;-111.75
6984.38;-111.83
6987.30;-111.75
6990.23;-111.91
6993.16;-111.83
6996.09;-111.52
6999.02;-111.05
7001.95;-110.97
7004.88;-111.52
7007.81;-111.52
7010.74;-111.36
7013.67;-111.36
7016.60;-111.44
7019.53;-111.44
7022.46;-111.75
7025.39;-111.52
7028.32;-111.36
7031.25;-111.44
7034.18;-111.52
7037.11;-111.67
7040.04;-111.52
7042.97;-111.52
7045.90;-111.75
7048.83;-111.83
7051.76;-111.91
7054.69;-111.44
7057.62;-111.59
7060.55;-111.83
7063.48;-111.83
7066.41;-111.67
7069.34;-111.59
7072.27;-111.36
7075.20;-111.59
7078.13;-111.75
7081.05;-111.75
7083.98;-112.06
7086.91;-111.99
7089.84;-111.99
7092.77;-111.67
7095.70;-111.36
7098.63;-111.52
7101.56;-111.59
7104.49;-111.59
7107.42;-111.52
7110.35;-111.59
7113.28;-111.52
7116.21;-111.67
7119.14;-111.83
7122.07;-111.83
7125.00;-111.36
7127.93;-111.44
7130.86;-111.52
7133.79;-111.28
7136.72;-111.67
7139.65;-111.75
7142.58;-111.52
7145.51;-111.36
7148.44;-111.44
7151.37;-111.44
7154.30;-111.59
7157.23;-111.83
7160.16;-111.75
7163.09;-111.67
7166.02;-111.83
7168.95;-111.67
7171.88;-111.59
7174.80;-111.44
7177.73;-111.36
7180.66;-111.36
7183.59;-111.20
7186.52;-111.20
7189.45;-111.36
7192.38;-111.28
7195.31;-111.52
7198.24;-111.75
7201.17;-111.44
7204.10;-111.36
7207.03;-111.05
7209.96;-111.44
7212.89;-111.28
7215.82;-111.52
7218.75;-111.52
7221.68;-111.44
7224.61;-111.59
7227.54;-111.52
7230.47;-111.44
7233.40;-111.44
7236.33;-111.44
7239.26;-111.44
7242.19;-111.36
7245.12;-111.52
7248.05;-111.52
7250.98;-111.59
7253.91;-111.59
7256.84;-111.59
7259.77;-111.44
7262.70;-111.44
7265.63;-111.75
7268.55;-111.52
7271.48;-111.28
7274.41;-111.36
7277.34;-111.20
7280.27;-111.52
7283.20;-111.59
7286.13;-111.28
7289.06;-111.36
7291.99;-111.28
7294.92;-111.28
7297.85;-111.67
7300.78;-111.59
7303.71;-111.20
7306.64;-111.28
7309.57;-111.44
7312.50;-111.36
7315.43;-111.52
7318.36;-111.52
7321.29;-111.36
7324.22;-111.52
7327.15;-111.59
7330.08;-111.52
7333.01;-111.20
7335.94;-111.05
7338.87;-111.13
7341.80;-110.97
7344.73;-111.28
7347.66;-111.28
7350.59;-111.28
7353.52;-111.13
7356.45;-111.20
7359.38;-111.13
7362.30;-111.28
7365.23;-111.44
7368.16;-111.44
7371.09;-111.36
7374.02;-111.36
7376.95;-111.44
7379.88;-111.52
7382.81;-111.36
7385.74;-111.59
7388.67;-111.52
7391.60;-111.05
7394.53;-111.05
7397.46;-111.44
7400.39;-111.59
7403.32;-111.28
7406.25;-111.28
7409.18;-111.36
7412.11;-111.28
7415.04;-111.36
7417.97;-110.97
7420.90;-111.20
7423.83;-111.44
7426.76;-111.20
7429.69;-111.20
7432.62;-110.89
7435.55;-111.13
7438.48;-111.28
7441.41;-111.05
7444.34;-111.13
7447.27;-110.81
7450.20;-110.81
7453.13;-111.20
7456.05;-111.28
7458.98;-111.13
7461.91;-111.20
7464.84;-111.44
7467.77;-111.36
7470.70;-111.36
7473.63;-111.52
7476.56;-111.28
7479.49;-111.36
7482.42;-111.52
7485.35;-111.44
7488.28;-111.05
7491.21;-111.20
7494.14;-111.13
7497.07;-110.97
7500.00;-110.74
7502.93;-110.74
7505.86;-111.05
7508.79;-111.28
7511.72;-111.13
7514.65;-110.97
7517.58;-111.28
7520.51;-111.20
7523.44;-111.05
7526.37;-110.97
7529.30;-110.89
7532.23;-111.05
7535.16;-111.20
7538.09;-111.44
7541.02;-111.36
7543.95;-110.97
7546.88;-110.97
7549.80;-111.05
7552.73;-111.13
7555.66;-111.13
7558.59;-111.13
7561.52;-110.97
7564.45;-111.13
7567.38;-111.05
7570.31;-111.13
7573.24;-111.36
7576.17;-111.52
7579.10;-111.20
7582.03;-111.28
7584.96;-111.28
7587.89;-111.20
7590.82;-110.89
7593.75;-110.97
7596.68;-111.20
7599.61;-111.28
7602.54;-111.20
7605.47;-111.28
7608.40;-111.13
7611.33;-111.13
7614.26;-110.97
7617.19;-110.97
7620.12;-110.74
7623.05;-110.81
7625.98;-110.89
7628.91;-111.13
7631.84;-111.20
7634.77;-111.36
7637.70;-111.05
7640.63;-111.05
7643.55;-111.13
7646.48;-111.05
7649.41;-111.13
7652.34;-111.05
7655.27;-111.28
7658.20;-110.97
7661.13;-110.74
7664.06;-111.05
7666.99;-110.89
7669.92;-111.20
7672.85;-111.05
7675.78;-111.20
7678.71;-111.20
7681.64;-111.05
7684.57;-110.97
7687.50;-111.20
7690.43;-111.28
7693.36;-111.13
7696.29;-110.97
7699.22;-110.97
7702.15;-110.97
7705.08;-111.36
7708.01;-111.20
7710.94;-111.05
7713.87;-110.81
7716.80;-110.97
7719.73;-111.13
7722.66;-111.13
7725.59;-110.97
7728.52;-110.81
7731.45;-110.89
7734.38;-111.05
7737.30;-111.36
7740.23;-111.28
7743.16;-111.20
7746.09;-110.97
7749.02;-110.81
7751.95;-110.89
7754.88;-110.81
7757.81;-110.89
7760.74;-110.97
7763.67;-111.05
7766.60;-110.89
7769.53;-110.81
7772.46;-110.97
7775.39;-110.74
7778.32;-110.74
7781.25;-110.66
7784.18;-110.81
7787.11;-110.66
7790.04;-110.97
7792.97;-111.20
7795.90;-110.89
7798.83;-110.81
7801.76;-110.74
7804.69;-110.89
7807.62;-111.05
7810.55;-111.05
7813.48;-111.36
7816.41;-111.36
7819.34;-110.74
7822.27;-110.81
7825.20;-110.89
7828.13;-110.66
7831.05;-110.81
7833.98;-111.13
7836.91;-110.97
7839.84;-111.05
7842.77;-111.20
7845.70;-110.97
7848.63;-110.81
7851.56;-110.81
7854.49;-110.89
7857.42;-110.97
7860.35;-110.81
7863.28;-110.74
7866.21;-110.81
7869.14;-110.81
7872.07;-110.74
7875.00;-110.74
7877.93;-110.74
7880.86;-111.05
7883.79;-111.05
7886.72;-110.81
7889.65;-110.89
7892.58;-111.13
7895.51;-110.97
7898.44;-111.20
7901.37;-111.05
7904.30;-110.89
7907.23;-110.81
7910.16;-110.81
7913.09;-110.74
7916.02;-110.97
7918.95;-111.13
7921.88;-110.81
7924.80;-110.66
7927.73;-110.74
7930.66;-110.66
7933.59;-110.66
7936.52;-110.97
7939.45;-111.20
7942.38;-110.89
7945.31;-110.89
7948.24;-111.05
7951.17;-111.13
7954.10;-111.05
7957.03;-110.74
7959.96;-110.81
7962.89;-111.05
7965.82;-110.81
7968.75;-110.74
7971.68;-110.66
7974.61;-110.74
7977.54;-110.58
7980.47;-110.74
7983.40;-110.97
7986.33;-111.05
7989.26;-110.97
7992.19;-110.97
7995.12;-110.74
7998.05;-110.19
8000.98;-109.80
8003.91;-110.58
8006.84;-110.81
8009.77;-110.89
8012.70;-110.89
8015.63;-110.89
8018.55;-110.58
8021.48;-110.58
8024.41;-110.81
8027.34;-110.74
8030.27;-110.58
8033.20;-110.50
8036.13;-110.58
8039.06;-110.81
8041.99;-110.89
8044.92;-110.74
8047.85;-110.74
8050.78;-110.74
8053.71;-110.97
8056.64;-111.05
8059.57;-110.89
8062.50;-110.66
8065.43;-110.58
8068.36;-110.81
8071.29;-110.58
8074.22;-110.34
8077.15;-110.58
8080.08;-110.66
8083.01;-110.89
8085.94;-110.81
8088.87;-110.66
8091.80;-110.74
8094.73;-110.74
8097.66;-110.50
8100.59;-110.66
8103.52;-111.05
8106.45;-110.89
8109.38;-110.97
8112.30;-110.89
8115.23;-110.89
8118.16;-110.74
8121.09;-110.58
8124.02;-110.81
8126.95;-110.74
8129.88;-110.58
8132.81;-110.89
8135.74;-110.42
8138.67;-110.42
8141.60;-110.66
8144.53;-110.66
8147.46;-110.81
8150.39;-110.81
8153.32;-110.74
8156.25;-110.58
8159.18;-110.74
8162.11;-110.74
8165.04;-110.74
8167.97;-110.74
8170.90;-110.81
8173.83;-110.66
8176.76;-110.66
8179.69;-110.66
8182.62;-110.66
8185.55;-110.58
8188.48;-110.58
8191.41;-110.66
8194.34;-110.81
8197.27;-110.74
8200.20;-110.58
8203.13;-110.81
8206.05;-110.97
8208.98;-110.74
8211.91;-110.66
8214.84;-110.66
8217.77;-110.81
8220.70;-110.89
8223.63;-110.81
8226.56;-110.58
8229.49;-110.50
8232.42;-111.05
8235.35;-110.74
8238.28;-110.89
8241.21;-110.89
8244.14;-110.66
8247.07;-110.74
8250.00;-110.66
8252.93;-110.66
8255.86;-110.74
8258.79;-110.97
8261.72;-110.81
8264.65;-110.74
8267.58;-110.66
8270.51;-110.74
8273.44;-110.74
8276.37;-110.74
8279.30;-110.58
8282.23;-110.66
8285.16;-110.66
8288.09;-110.58
8291.02;-110.58
8293.95;-110.66
8296.88;-110.89
8299.80;-110.74
8302.73;-110.42
8305.66;-110.66
8308.59;-110.66
8311.52;-110.27
8314.45;-110.66
8317.38;-110.50
8320.31;-110.74
8323.24;-110.89
8326.17;-110.74
8329.10;-110.89
8332.03;-110.66
8334.96;-110.58
8337.89;-110.50
8340.82;-110.50
8343.75;-110.66
8346.68;-110.66
8349.61;-110.58
8352.54;-110.27
8355.47;-110.50
8358.40;-110.81
8361.33;-110.81
8364.26;-110.74
8367.19;-110.74
8370.12;-110.89
8373.05;-110.74
8375.98;-110.42
8378.91;-110.58
8381.84;-110.81
8384.77;-110.81
8387.70;-110.66
8390.63;-110.74
8393.55;-110.66
8396.48;-110.50
8399.41;-110.81
8402.34;-110.50
8405.27;-110.58
8408.20;-110.66
8411.13;-110.66
8414.06;-110.50
8416.99;-110.34
8419.92;-110.50
8422.85;-110.42
8425.78;-110.50
8428.71;-110.66
8431.64;-110.97
8434.57;-110.97
8437.50;-110.66
8440.43;-110.50
8443.36;-110.42
8446.29;-110.58
8449.22;-110.58
8452.15;-110.66
8455.08;-110.89
8458.01;-110.66
8460.94;-110.34
8463.87;-110.34
8466.80;-110.19
8469.73;-110.34
8472.66;-110.50
8475.59;-110.58
8478.52;-110.42
8481.45;-110.34
8484.38;-110.42
8487.30;-110.42
8490.23;-110.34
8493.16;-110.66
8496.09;-110.50
8499.02;-110.34
8501.95;-110.19
8504.88;-110.11
8507.81;-110.19
8510.74;-110.50
8513.67;-110.42
8516.60;-110.27
8519.53;-110.34
8522.46;-110.42
8525.39;-110.66
8528.32;-110.58
8531.25;-110.50
8534.18;-110.58
8537.11;-110.58
8540.04;-110.50
8542.97;-110.27
8545.90;-110.50
8548.83;-110.74
8551.76;-110.74
8554.69;-110.19
8557.62;-110.11
8560.55;-110.19
8563.48;-110.42
8566.41;-110.19
8569.34;-110.27
8572.27;-110.58
8575.20;-110.66
8578.13;-110.58
8581.05;-110.50
8583.98;-110.50
8586.91;-110.34
8589.84;-110.27
8592.77;-110.34
8595.70;-110.34
8598.63;-110.34
8601.56;-110.34
8604.49;-110.42
8607.42;-110.58
8610.35;-110.66
8613.28;-110.50
8616.21;-110.50
8619.14;-110.50
8622.07;-110.50
8625.00;-110.50
8627.93;-110.42
8630.86;-110.42
8633.79;-110.66
8636.72;-110.66
8639.65;-110.58
8642.58;-110.58
8645.51;-110.58
8648.44;-110.50
8651.37;-110.42
8654.30;-110.34
8657.23;-110.34
8660.16;-110.50
8663.09;-110.58
8666.02;-110.58
8668.95;-110.66
8671.88;-110.42
8674.80;-110.50
8677.73;-110.50
8680.66;-110.50
8683.59;-110.42
8686.52;-110.27
8689.45;-110.34
8692.38;-110.42
8695.31;-110.58
8698.24;-110.34
8701.17;-110.81
8704.10;-111.05
8707.03;-110.58
8709.96;-110.42
8712.89;-110.42
8715.82;-110.42
8718.75;-110.42
8721.68;-110.58
8724.61;-110.42
8727.54;-110.34
8730.47;-110.50
8733.40;-110.66
8736.33;-110.42
8739.26;-110.34
8742.19;-110.27
8745.12;-110.42
8748.05;-110.42
8750.98;-110.58
8753.91;-110.74
8756.84;-110.50
8759.77;-110.27
8762.70;-110.42
8765.63;-110.42
8768.55;-110.34
8771.48;-110.58
8774.41;-110.50
8777.34;-110.58
8780.27;-110.66
8783.20;-110.34
8786.13;-110.34
8789.06;-110.42
8791.99;-110.42
8794.92;-110.34
8797.85;-110.42
8800.78;-110.42
8803.71;-110.11
8806.64;-110.34
8809.57;-110.42
8812.50;-110.50
8815.43;-110.58
8818.36;-110.34
8821.29;-110.34
8824.22;-110.42
8827.15;-110.19
8830.08;-110.19
8833.01;-110.34
8835.94;-110.50
8838.87;-110.58
8841.80;-110.58
8844.73;-110.42
8847.66;-110.34
8850.59;-110.50
8853.52;-110.58
8856.45;-110.50
8859.38;-110.42
8862.30;-110.58
8865.23;-110.58
8868.16;-110.34
8871.09;-110.03
8874.02;-110.34
8876.95;-110.34
8879.88;-110.11
8882.81;-110.27
8885.74;-110.03
8888.67;-110.11
8891.60;-110.34
8894.53;-110.19
8897.46;-110.34
8900.39;-110.74
8903.32;-110.58
8906.25;-110.66
8909.18;-110.50
8912.11;-110.50
8915.04;-110.50
8917.97;-110.66
8920.90;-110.58
8923.83;-110.50
8926.76;-110.42
8929.69;-110.11
8932.62;-110.11
8935.55;-110.19
8938.48;-110.03
8941.41;-110.11
8944.34;-110.19
8947.27;-110.34
8950.20;-110.58
8953.13;-110.42
8956.05;-110.11
8958.98;-110.19
8961.91;-110.42
8964.84;-110.50
8967.77;-110.50
8970.70;-110.50
8973.63;-110.58
8976.56;-110.50
8979.49;-110.58
8982.42;-110.34
8985.35;-110.03
8988.28;-110.03
8991.21;-110.27
8994.14;-110.34
8997.07;-110.34
9000.00;-109.88
9002.93;-110.03
9005.86;-110.19
9008.79;-110.11
9011.72;-110.03
9014.65;-110.42
9017.58;-110.50
9020.51;-110.50
9023.44;-110.19
9026.37;-110.03
9029.30;-110.19
9032.23;-110.34
9035.16;-110.34
9038.09;-110.27
9041.02;-110.50
9043.95;-110.34
9046.88;-110.34
9049.80;-110.27
9052.73;-110.03
9055.66;-110.11
9058.59;-110.19
9061.52;-110.34
9064.45;-110.50
9067.38;-110.11
9070.31;-110.11
9073.24;-110.42
9076.17;-110.34
9079.10;-110.11
9082.03;-110.11
9084.96;-110.27
9087.89;-110.34
9090.82;-110.27
9093.75;-110.27
9096.68;-110.42
9099.61;-110.58
9102.54;-110.27
9105.47;-110.11
9108.40;-110.11
9111.33;-110.11
9114.26;-110.11
9117.19;-110.27
9120.12;-110.19
9123.05;-110.03
9125.98;-110.42
9128.91;-110.58
9131.84;-110.58
9134.77;-110.34
9137.70;-110.19
9140.63;-110.27
9143.55;-110.42
9146.48;-110.34
9149.41;-110.34
9152.34;-110.42
9155.27;-110.27
9158.20;-110.19
9161.13;-110.19
9164.06;-110.27
9166.99;-110.19
9169.92;-110.42
9172.85;-110.42
9175.78;-110.42
9178.71;-110.34
9181.64;-110.03
9184.57;-110.19
9187.50;-110.34
9190.43;-110.19
9193.36;-110.34
9196.29;-110.34
9199.22;-110.03
9202.15;-110.34
9205.08;-110.27
9208.01;-110.27
9210.94;-110.27
9213.87;-110.42
9216.80;-110.19
9219.73;-110.19
9222.66;-110.19
9225.59;-110.11
9228.52;-109.88
9231.45;-110.19
9234.38;-110.27
9237.30;-110.19
9240.23;-110.19
9243.16;-110.11
9246.09;-110.42
9249.02;-110.27
9251.95;-110.19
9254.88;-110.11
9257.81;-110.34
9260.74;-110.34
9263.67;-110.27
9266.60;-110.11
9269.53;-110.11
9272.46;-109.88
9275.39;-110.03
9278.32;-110.11
9281.25;-109.95
9284.18;-109.80
9287.11;-110.03
9290.04;-110.27
9292.97;-110.03
9295.90;-110.11
9298.83;-110.11
9301.76;-110.27
9304.69;-110.34
9307.62;-110.19
9310.55;-110.11
9313.48;-110.19
9316.41;-110.34
9319.34;-110.11
9322.27;-109.95
9325.20;-109.95
9328.13;-109.88
9331.05;-110.03
9333.98;-110.27
9336.91;-110.34
9339.84;-110.34
9342.77;-109.95
9345.70;-110.03
9348.63;-110.19
9351.56;-110.27
9354.49;-110.34
9357.42;-110.34
9360.35;-110.11
9363.28;-110.11
9366.21;-110.19
9369.14;-110.19
9372.07;-109.95
9375.00;-109.88
9377.93;-110.19
9380.86;-110.11
9383.79;-110.27
9386.72;-110.19
9389.65;-110.11
9392.58;-110.19
9395.51;-110.11
9398.44;-110.27
9401.37;-110.19
9404.30;-110.27
9407.23;-110.34
9410.16;-110.03
9413.09;-109.95
9416.02;-110.03
9418.95;-110.19
9421.88;-110.11
9424.80;-109.72
9427.73;-110.03
9430.66;-110.11
9433.59;-110.03
9436.52;-110.27
9439.45;-110.50
9442.38;-110.11
9445.31;-110.19
9448.24;-110.34
9451.17;-110.11
9454.10;-110.03
9457.03;-110.03
9459.96;-110.19
9462.89;-110.03
9465.82;-109.72
9468.75;-109.95
9471.68;-110.03
9474.61;-110.19
9477.54;-110.42
9480.47;-110.27
9483.40;-110.19
9486.33;-110.11
9489.26;-110.11
9492.19;-110.27
9495.12;-110.11
9498.05;-109.95
9500.98;-110.03
9503.91;-109.88
9506.84;-110.03
9509.77;-110.03
9512.70;-110.11
9515.63;-110.19
9518.55;-110.27
9521.48;-110.11
9524.41;-110.19
9527.34;-110.11
9530.27;-110.19
9533.20;-110.19
9536.13;-110.27
9539.06;-109.88
9541.99;-110.03
9544.92;-110.27
9547.85;-110.50
9550.78;-110.50
9553.71;-110.42
9556.64;-110.34
9559.57;-110.19
9562.50;-110.34
9565.43;-110.27
9568.36;-110.11
9571.29;-110.34
9574.22;-110.11
9577.15;-110.03
9580.08;-110.34
9583.01;-110.19
9585.94;-110.27
9588.87;-110.42
9591.80;-110.19
9594.73;-110.03
9597.66;-109.88
9600.59;-110.11
9603.52;-110.03
9606.45;-109.88
9609.38;-110.19
9612.30;-110.34
9615.23;-110.11
9618.16;-110.11
9621.09;-110.27
9624.02;-110.27
9626.95;-110.03
9629.88;-110.11
9632.81;-110.19
9635.74;-110.03
9638.67;-110.11
9641.60;-110.19
9644.53;-110.03
9647.46;-110.03
9650.39;-110.03
9653.32;-110.03
9656.25;-109.95
9659.18;-110.27
9662.11;-110.11
9665.04;-110.11
9667.97;-109.95
9670.90;-109.88
9673.83;-109.88
9676.76;-109.95
9679.69;-110.03
9682.62;-109.72
9685.55;-109.72
9688.48;-109.95
9691.41;-109.80
9694.34;-109.80
9697.27;-110.27
9700.20;-110.19
9703.13;-109.95
9706.05;-109.95
9708.98;-110.11
9711.91;-109.95
9714.84;-109.95
9717.77;-109.88
9720.70;-109.88
9723.63;-110.03
9726.56;-110.27
9729.49;-110.19
9732.42;-110.11
9735.35;-110.19
9738.28;-110.27
9741.21;-109.95
9744.14;-110.03
9747.07;-110.11
9750.00;-110.27
9752.93;-110.11
9755.86;-110.27
9758.79;-110.34
9761.72;-110.03
9764.65;-110.19
9767.58;-110.27
9770.51;-110.03
9773.44;-110.03
9776.37;-110.03
9779.30;-109.95
9782.23;-110.03
9785.16;-110.11
9788.09;-110.03
9791.02;-109.80
9793.95;-110.11
9796.88;-110.03
9799.80;-109.80
9802.73;-109.88
9805.66;-110.19
9808.59;-110.27
9811.52;-110.11
9814.45;-109.80
9817.38;-109.72
9820.31;-109.41
9823.24;-109.64
9826.17;-109.80
9829.10;-109.80
9832.03;-109.56
9834.96;-109.80
9837.89;-110.11
9840.82;-110.11
9843.75;-109.88
9846.68;-109.95
9849.61;-110.27
9852.54;-110.19
9855.47;-109.95
9858.40;-110.03
9861.33;-110.11
9864.26;-110.11
9867.19;-109.88
9870.12;-109.95
9873.05;-109.64
9875.98;-109.88
9878.91;-109.88
9881.84;-110.03
9884.77;-110.19
9887.70;-110.03
9890.63;-110.11
9893.55;-109.95
9896.48;-110.11
9899.41;-110.03
9902.34;-110.19
9905.27;-110.03
9908.20;-109.88
9911.13;-110.03
9914.06;-109.88
9916.99;-109.95
9919.92;-109.80
9922.85;-109.80
9925.78;-109.56
9928.71;-109.95
9931.64;-110.03
9934.57;-110.03
9937.50;-109.95
9940.43;-110.03
9943.36;-109.88
9946.29;-109.80
9949.22;-109.88
9952.15;-109.80
9955.08;-110.11
9958.01;-110.03
9960.94;-110.11
9963.87;-109.95
9966.80;-110.11
9969.73;-110.11
9972.66;-109.95
9975.59;-109.72
9978.52;-109.64
9981.45;-109.56
9984.38;-109.88
9987.30;-109.72
9990.23;-109.88
9993.16;-110.19
9996.09;-110.03
9999.02;-109.88
10001.95;-109.80
10004.88;-109.80
10007.81;-109.80
10010.74;-109.80
10013.67;-109.80
10016.60;-109.88
10019.53;-109.80
10022.46;-109.72
10025.39;-109.80
10028.32;-110.19
10031.25;-110.03
10034.18;-109.80
10037.11;-109.64
10040.04;-109.95
10042.97;-109.95
10045.90;-109.88
10048.83;-109.88
10051.76;-109.95
10054.69;-109.95
10057.62;-109.72
10060.55;-109.72
10063.48;-109.64
10066.41;-109.72
10069.34;-109.64
10072.27;-109.64
10075.20;-109.95
10078.13;-109.88
10081.05;-109.88
10083.98;-109.88
10086.91;-109.72
10089.84;-109.88
10092.77;-109.64
10095.70;-109.72
10098.63;-109.88
10101.56;-110.11
10104.49;-109.95
10107.42;-109.80
10110.35;-109.80
10113.28;-109.95
10116.21;-109.88
10119.14;-110.03
10122.07;-110.11
10125.00;-109.88
10127.93;-109.80
10130.86;-110.03
10133.79;-109.80
10136.72;-109.88
10139.65;-109.72
10142.58;-109.95
10145.51;-110.27
10148.44;-110.11
10151.37;-109.88
10154.30;-109.72
10157.23;-109.72
10160.16;-109.72
10163.09;-109.88
10166.02;-109.88
10168.95;-109.95
10171.88;-109.88
10174.80;-109.88
10177.73;-110.03
10180.66;-109.80
10183.59;-109.72
10186.52;-109.80
10189.45;-109.56
10192.38;-109.48
10195.31;-109.41
10198.24;-109.64
10201.17;-109.56
10204.10;-109.41
10207.03;-109.72
10209.96;-109.88
10212.89;-109.88
10215.82;-109.95
10218.75;-109.95
10221.68;-109.88
10224.61;-109.64
10227.54;-109.64
10230.47;-109.64
10233.40;-109.95
10236.33;-109.88
10239.26;-109.95
10242.19;-109.95
10245.12;-109.88
10248.05;-109.64
10250.98;-109.88
10253.91;-109.80
10256.84;-109.72
10259.77;-109.56
10262.70;-109.80
10265.63;-109.80
10268.55;-109.95
10271.48;-109.56
10274.41;-109.95
10277.34;-109.95
10280.27;-109.72
10283.20;-109.88
10286.13;-109.64
10289.06;-109.64
10291.99;-109.72
10294.92;-109.64
10297.85;-109.56
10300.78;-109.80
10303.71;-110.03
10306.64;-110.03
10309.57;-109.72
10312.50;-109.56
10315.43;-109.41
10318.36;-109.48
10321.29;-109.72
10324.22;-109.64
10327.15;-109.64
10330.08;-109.95
10333.01;-110.03
10335.94;-109.80
10338.87;-109.72
10341.80;-109.72
10344.73;-109.80
10347.66;-109.88
10350.59;-109.88
10353.52;-109.95
10356.45;-109.80
10359.38;-109.80
10362.30;-109.88
10365.23;-109.95
10368.16;-109.64
10371.09;-109.41
10374.02;-109.48
10376.95;-109.88
10379.88;-110.27
10382.81;-110.03
10385.74;-109.80
10388.67;-109.72
10391.60;-109.56
10394.53;-109.56
10397.46;-109.56
10400.39;-109.64
10403.32;-109.64
10406.25;-109.72
10409.18;-109.64
10412.11;-109.80
10415.04;-109.88
10417.97;-109.72
10420.90;-109.56
10423.83;-109.56
10426.76;-109.48
10429.69;-109.64
10432.62;-109.56
10435.55;-109.72
10438.48;-109.95
10441.41;-109.56
10444.34;-109.48
10447.27;-109.80
10450.20;-109.95
10453.13;-109.80
10456.05;-109.64
10458.98;-109.56
10461.91;-109.48
10464.84;-109.48
10467.77;-109.72
10470.70;-109.80
10473.63;-109.56
10476.56;-109.41
10479.49;-109.41
10482.42;-109.41
10485.35;-109.48
10488.28;-109.72
10491.21;-109.64
10494.14;-109.72
10497.07;-109.72
10500.00;-109.56
10502.93;-109.56
10505.86;-109.41
10508.79;-109.41
10511.72;-109.80
10514.65;-109.95
10517.58;-109.80
10520.51;-109.80
10523.44;-109.88
10526.37;-109.80
10529.30;-109.88
10532.23;-109.72
10535.16;-109.48
10538.09;-109.41
10541.02;-109.41
10543.95;-109.48
10546.88;-109.72
10549.80;-109.64
10552.73;-109.33
10555.66;-109.64
10558.59;-109.56
10561.52;-109.41
10564.45;-109.64
10567.38;-109.88
10570.31;-109.80
10573.24;-109.80
10576.17;-109.64
10579.10;-109.56
10582.03;-110.03
10584.96;-110.03
10587.89;-109.56
10590.82;-109.72
10593.75;-109.72
10596.68;-109.72
10599.61;-109.64
10602.54;-109.80
10605.47;-109.64
10608.40;-109.41
10611.33;-109.41
10614.26;-109.64
10617.19;-109.72
10620.12;-109.80
10623.05;-109.48
10625.98;-109.64
10628.91;-109.72
10631.84;-109.72
10634.77;-109.56
10637.70;-109.41
10640.63;-109.64
10643.55;-110.03
10646.48;-109.72
10649.41;-109.41
10652.34;-109.33
10655.27;-109.64
10658.20;-109.56
10661.13;-109.33
10664.06;-109.41
10666.99;-109.64
10669.92;-109.56
10672.85;-109.48
10675.78;-109.56
10678.71;-109.80
10681.64;-109.64
10684.57;-109.56
10687.50;-109.48
10690.43;-109.41
10693.36;-109.64
10696.29;-109.48
10699.22;-109.48
10702.15;-109.64
10705.08;-109.41
10708.01;-109.33
10710.94;-109.72
10713.87;-109.72
10716.80;-109.64
10719.73;-109.64
10722.66;-109.56
10725.59;-109.48
10728.52;-109.56
10731.45;-109.41
10734.38;-109.41
10737.30;-109.41
10740.23;-109.41
10743.16;-109.64
10746.09;-109.56
10749.02;-109.64
10751.95;-109.64
10754.88;-109.48
10757.81;-109.56
10760.74;-109.56
10763.67;-109.72
10766.60;-109.80
10769.53;-109.72
10772.46;-109.72
10775.39;-109.56
10778.32;-109.33
10781.25;-109.17
10784.18;-109.25
10787.11;-109.48
10790.04;-109.56
10792.97;-109.25
10795.90;-109.48
10798.83;-109.72
10801.76;-109.64
10804.69;-109.48
10807.62;-109.25
10810.55;-109.25
10813.48;-109.17
10816.41;-109.17
10819.34;-109.41
10822.27;-109.33
10825.20;-109.33
10828.13;-109.56
10831.05;-109.48
10833.98;-109.09
10836.91;-109.25
10839.84;-109.41
10842.77;-109.33
10845.70;-109.41
10848.63;-109.41
10851.56;-109.41
10854.49;-109.64
10857.42;-109.64
10860.35;-109.48
10863.28;-109.33
10866.21;-109.33
10869.14;-109.80
10872.07;-109.72
10875.00;-109.48
10877.93;-109.25
10880.86;-109.09
10883.79;-109.33
10886.72;-109.25
10889.65;-109.41
10892.58;-109.33
10895.51;-109.33
10898.44;-109.33
10901.37;-109.48
10904.30;-109.48
10907.23;-109.25
10910.16;-109.56
10913.09;-109.56
10916.02;-109.48
10918.95;-109.41
10921.88;-109.02
10924.80;-109.02
10927.73;-109.41
10930.66;-109.41
10933.59;-109.25
10936.52;-109.25
10939.45;-109.33
10942.38;-109.41
10945.31;-109.25
10948.24;-109.02
10951.17;-109.17
10954.10;-109.17
10957.03;-109.25
10959.96;-109.48
10962.89;-109.33
10965.82;-109.33
10968.75;-109.72
10971.68;-109.41
10974.61;-109.09
10977.54;-109.41
10980.47;-109.41
10983.40;-109.25
10986.33;-109.33
10989.26;-109.56
10992.19;-109.41
10995.12;-109.41
10998.05;-109.41
11000.98;-109.17
11003.91;-109.17
11006.84;-109.41
11009.77;-109.17
11012.70;-109.09
11015.63;-109.09
11018.55;-109.02
11021.48;-109.09
11024.41;-109.17
11027.34;-109.41
11030.27;-109.41
11033.20;-109.17
11036.13;-108.86
11039.06;-109.41
11041.99;-109.56
11044.92;-109.25
11047.85;-109.25
11050.78;-109.33
11053.71;-109.25
11056.64;-109.48
11059.57;-109.25
11062.50;-109.33
11065.43;-109.25
11068.36;-109.33
11071.29;-109.56
11074.22;-109.33
11077.15;-109.33
11080.08;-109.56
11083.01;-109.33
11085.94;-109.17
11088.87;-109.17
11091.80;-109.33
11094.73;-109.41
11097.66;-109.17
11100.59;-109.17
11103.52;-109.33
11106.45;-109.41
11109.38;-109.41
11112.30;-109.25
11115.23;-109.17
11118.16;-109.09
11121.09;-109.02
11124.02;-109.17
11126.95;-109.33
11129.88;-109.17
11132.81;-109.33
11135.74;-109.25
11138.67;-109.33
11141.60;-109.41
11144.53;-109.41
11147.46;-109.09
11150.39;-109.25
11153.32;-109.41
11156.25;-109.02
11159.18;-109.41
11162.11;-109.64
11165.04;-109.56
11167.97;-109.48
11170.90;-109.25
11173.83;-109.25
11176.76;-109.09
11179.69;-109.17
11182.62;-109.33
11185.55;-109.17
11188.48;-109.09
11191.41;-109.02
11194.34;-108.94
11197.27;-108.86
11200.20;-108.94
11203.13;-109.33
11206.05;-109.33
11208.98;-109.33
11211.91;-109.25
11214.84;-109.17
11217.77;-109.09
11220.70;-108.94
11223.63;-108.94
11226.56;-109.17
11229.49;-109.41
11232.42;-109.64
11235.35;-109.17
11238.28;-109.33
11241.21;-109.48
11244.14;-109.25
11247.07;-109.25
11250.00;-109.17
11252.93;-109.17
11255.86;-109.02
11258.79;-108.86
11261.72;-109.02
11264.65;-109.33
11267.58;-109.41
11270.51;-109.25
11273.44;-109.33
11276.37;-109.41
11279.30;-109.33
11282.23;-109.25
11285.16;-109.17
11288.09;-109.09
11291.02;-109.17
11293.95;-109.17
11296.88;-109.48
11299.80;-109.33
11302.73;-109.02
11305.66;-109.02
11308.59;-109.25
11311.52;-109.25
11314.45;-109.17
11317.38;-109.09
11320.31;-109.02
11323.24;-108.86
11326.17;-108.78
11329.10;-108.86
11332.03;-109.02
11334.96;-109.09
11337.89;-109.17
11340.82;-109.17
11343.75;-109.09
11346.68;-109.09
11349.61;-109.02
11352.54;-109.17
11355.47;-109.25
11358.40;-109.17
11361.33;-108.94
11364.26;-109.17
11367.19;-109.25
11370.12;-108.94
11373.05;-108.70
11375.98;-108.86
11378.91;-109.33
11381.84;-109.09
11384.77;-108.94
11387.70;-108.78
11390.63;-109.09
11393.55;-109.25
11396.48;-109.09
11399.41;-109.25
11402.34;-109.33
11405.27;-109.33
11408.20;-109.33
11411.13;-109.02
11414.06;-109.09
11416.99;-109.02
11419.92;-108.94
11422.85;-109.48
11425.78;-109.33
11428.71;-109.17
11431.64;-109.09
11434.57;-109.02
11437.50;-109.09
11440.43;-109.02
11443.36;-109.25
11446.29;-109.09
11449.22;-109.17
11452.15;-109.09
11455.08;-109.02
11458.01;-108.94
11460.94;-108.78
11463.87;-109.02
11466.80;-109.17
11469.73;-109.09
11472.66;-108.94
11475.59;-108.78
11478.52;-109.17
11481.45;-109.25
11484.38;-109.09
11487.30;-109.25
11490.23;-109.33
11493.16;-109.02
11496.09;-108.78
11499.02;-109.02
11501.95;-109.33
11504.88;-109.33
11507.81;-109.25
11510.74;-109.25
11513.67;-109.25
11516.60;-109.25
11519.53;-109.02
11522.46;-109.09
11525.39;-108.94
11528.32;-109.02
11531.25;-109.02
11534.18;-109.02
11537.11;-109.33
11540.04;-109.25
11542.97;-109.09
11545.90;-109.09
11548.83;-108.78
11551.76;-108.86
11554.69;-109.09
11557.62;-109.02
11560.55;-108.94
11563.48;-108.94
11566.41;-108.94
11569.34;-109.25
11572.27;-109.17
11575.20;-109.09
11578.13;-109.02
11581.05;-108.86
11583.98;-109.09
11586.91;-108.70
11589.84;-108.94
11592.77;-109.33
11595.70;-109.25
11598.63;-109.02
11601.56;-109.09
11604.49;-109.02
11607.42;-108.78
11610.35;-108.78
11613.28;-109.09
11616.21;-109.02
11619.14;-109.09
11622.07;-109.02
11625.00;-108.78
11627.93;-109.09
11630.86;-109.02
11633.79;-109.17
11636.72;-109.02
11639.65;-108.94
11642.58;-108.94
11645.51;-108.94
11648.44;-109.02
11651.37;-109.02
11654.30;-108.86
11657.23;-108.94
11660.16;-109.02
11663.09;-108.78
11666.02;-108.86
11668.95;-108.94
11671.88;-109.09
11674.80;-109.25
11677.73;-109.25
11680.66;-108.86
11683.59;-108.86
11686.52;-109.09
11689.45;-109.09
11692.38;-108.94
11695.31;-108.94
11698.24;-108.70
11701.17;-108.94
11704.10;-109.02
11707.03;-108.70
11709.96;-108.78
11712.89;-108.86
11715.82;-108.78
11718.75;-108.70
11721.68;-108.70
11724.61;-108.78
11727.54;-109.09
11730.47;-108.86
11733.40;-108.70
11736.33;-108.86
11739.26;-108.86
11742.19;-109.02
11745.12;-109.17
11748.05;-109.17
11750.98;-109.02
11753.91;-108.78
11756.84;-108.47
11759.77;-108.78
11762.70;-108.94
11765.63;-108.86
11768.55;-108.94
11771.48;-109.09
11774.41;-109.09
11777.34;-108.78
11780.27;-108.78
11783.20;-108.86
11786.13;-108.86
11789.06;-108.86
11791.99;-108.94
11794.92;-108.78
11797.85;-108.86
11800.78;-108.70
11803.71;-108.86
11806.64;-108.86
11809.57;-108.86
11812.50;-108.94
11815.43;-108.94
11818.36;-109.09
11821.29;-108.78
11824.22;-108.63
11827.15;-108.70
11830.08;-108.86
11833.01;-108.78
11835.94;-108.70
11838.87;-108.86
11841.80;-108.94
11844.73;-108.86
11847.66;-108.94
11850.59;-108.78
11853.52;-108.78
11856.45;-108.70
11859.38;-108.70
11862.30;-108.78
11865.23;-108.94
11868.16;-108.94
11871.09;-108.86
11874.02;-108.70
11876.95;-108.70
11879.88;-108.70
11882.81;-108.70
11885.74;-108.63
11888.67;-108.94
11891.60;-108.94
11894.53;-108.63
11897.46;-108.63
11900.39;-108.47
11903.32;-108.78
11906.25;-108.86
11909.18;-108.70
11912.11;-109.02
11915.04;-108.63
11917.97;-108.78
11920.90;-109.17
11923.83;-108.86
11926.76;-108.55
11929.69;-108.86
11932.62;-109.02
11935.55;-108.70
11938.48;-108.47
11941.41;-108.78
11944.34;-109.09
11947.27;-109.02
11950.20;-108.63
11953.13;-108.63
11956.05;-108.94
11958.98;-108.86
11961.91;-108.78
11964.84;-108.94
11967.77;-108.70
11970.70;-108.70
11973.63;-108.55
11976.56;-108.63
11979.49;-109.02
11982.42;-109.17
11985.35;-109.02
11988.28;-108.86
11991.21;-108.78
11994.14;-108.94
11997.07;-108.70
12000.00;-108.47
12002.93;-108.55
12005.86;-108.78
12008.79;-108.78
12011.72;-109.02
12014.65;-108.94
12017.58;-108.78
12020.51;-108.70
12023.44;-108.63
12026.37;-108.86
12029.30;-108.94
12032.23;-108.55
12035.16;-108.47
12038.09;-108.63
12041.02;-108.78
12043.95;-108.78
12046.88;-108.86
12049.80;-108.94
12052.73;-108.94
12055.66;-108.86
12058.59;-108.86
12061.52;-108.70
12064.45;-108.86
12067.38;-108.70
12070.31;-108.63
12073.24;-108.70
12076.17;-108.78
12079.10;-108.55
12082.03;-108.55
12084.96;-108.63
12087.89;-108.47
12090.82;-108.63
12093.75;-108.47
12096.68;-108.39
12099.61;-108.63
12102.54;-108.70
12105.47;-108.70
12108.40;-108.47
12111.33;-108.47
12114.26;-108.47
12117.19;-108.70
12120.12;-108.39
12123.05;-108.55
12125.98;-108.86
12128.91;-108.78
12131.84;-108.63
12134.77;-108.63
12137.70;-108.78
12140.63;-108.86
12143.55;-109.09
12146.48;-108.70
12149.41;-108.55
12152.34;-108.70
12155.27;-108.78
12158.20;-108.47
12161.13;-108.55
12164.06;-108.55
12166.99;-108.55
12169.92;-108.94
12172.85;-108.63
12175.78;-108.55
12178.71;-108.47
12181.64;-108.63
12184.57;-108.63
12187.50;-108.86
12190.43;-108.70
12193.36;-108.63
12196.29;-108.70
12199.22;-108.39
12202.15;-108.23
12205.08;-108.47
12208.01;-108.47
12210.94;-108.63
12213.87;-108.39
12216.80;-108.31
12219.73;-108.39
12222.66;-108.70
12225.59;-108.94
12228.52;-108.94
12231.45;-108.86
12234.38;-108.70
12237.30;-108.63
12240.23;-108.63
12243.16;-108.63
12246.09;-108.78
12249.02;-108.63
12251.95;-108.39
12254.88;-108.63
12257.81;-108.70
12260.74;-108.47
12263.67;-108.63
12266.60;-108.63
12269.53;-108.47
12272.46;-108.78
12275.39;-108.78
12278.32;-108.78
12281.25;-108.70
12284.18;-108.55
12287.11;-108.63
12290.04;-108.63
12292.97;-108.63
12295.90;-108.78
12298.83;-108.63
12301.76;-108.63
12304.69;-108.55
12307.62;-108.55
12310.55;-108.70
12313.48;-108.63
12316.41;-108.55
12319.34;-108.55
12322.27;-108.78
12325.20;-109.09
12328.13;-108.94
12331.05;-108.63
12333.98;-108.39
12336.91;-108.55
12339.84;-108.78
12342.77;-108.70
12345.70;-108.63
12348.63;-108.47
12351.56;-108.63
12354.49;-108.31
12357.42;-108.31
12360.35;-108.31
12363.28;-108.39
12366.21;-108.47
12369.14;-108.70
12372.07;-108.55
12375.00;-108.55
12377.93;-108.47
12380.86;-108.47
12383.79;-108.39
12386.72;-108.39
12389.65;-108.39
12392.58;-108.55
12395.51;-108.78
12398.44;-108.78
12401.37;-108.63
12404.30;-108.70
12407.23;-108.86
12410.16;-108.78
12413.09;-108.63
12416.02;-108.08
12418.95;-108.23
12421.88;-108.55
12424.80;-108.78
12427.73;-108.55
12430.66;-108.31
12433.59;-108.23
12436.52;-108.31
12439.45;-108.47
12442.38;-108.70
12445.31;-108.55
12448.24;-108.63
12451.17;-108.47
12454.10;-108.31
12457.03;-108.55
12459.96;-108.63
12462.89;-108.47
12465.82;-108.23
12468.75;-108.39
12471.68;-108.39
12474.61;-108.70
12477.54;-108.47
12480.47;-108.55
12483.40;-108.70
12486.33;-108.63
12489.26;-108.55
12492.19;-108.70
12495.12;-108.63
12498.05;-108.31
12500.98;-108.39
12503.91;-108.63
12506.84;-108.23
12509.77;-108.23
12512.70;-108.47
12515.63;-108.39
12518.55;-108.47
12521.48;-108.70
12524.41;-108.70
12527.34;-108.47
12530.27;-108.47
12533.20;-108.47
12536.13;-108.23
12539.06;-108.39
12541.99;-108.47
12544.92;-108.47
12547.85;-108.55
12550.78;-108.39
12553.71;-108.39
12556.64;-108.16
12559.57;-108.31
12562.50;-108.39
12565.43;-108.39
12568.36;-108.70
12571.29;-108.47
12574.22;-108.47
12577.15;-108.63
12580.08;-108.86
12583.01;-108.70
12585.94;-108.39
12588.87;-108.47
12591.80;-108.63
12594.73;-108.63
12597.66;-108.63
12600.59;-108.31
12603.52;-108.23
12606.45;-108.39
12609.38;-108.16
12612.30;-108.31
12615.23;-108.55
12618.16;-108.47
12621.09;-108.47
12624.02;-108.47
12626.95;-108.70
12629.88;-108.63
12632.81;-108.39
12635.74;-108.47
12638.67;-108.39
12641.60;-108.31
12644.53;-108.47
12647.46;-108.39
12650.39;-108.31
12653.32;-108.23
12656.25;-108.31
12659.18;-108.47
12662.11;-108.39
12665.04;-108.31
12667.97;-108.31
12670.90;-108.31
12673.83;-108.16
12676.76;-108.47
12679.69;-108.78
12682.62;-108.55
12685.55;-108.31
12688.48;-108.70
12691.41;-108.39
12694.34;-108.39
12697.27;-108.31
12700.20;-108.39
12703.13;-108.31
12706.05;-108.31
12708.98;-108.39
12711.91;-108.55
12714.84;-108.39
12717.77;-108.31
12720.70;-108.31
12723.63;-108.31
12726.56;-108.55
12729.49;-108.55
12732.42;-108.31
12735.35;-108.39
12738.28;-108.70
12741.21;-108.55
12744.14;-108.55
12747.07;-108.47
12750.00;-108.47
12752.93;-108.63
12755.86;-108.47
12758.79;-108.39
12761.72;-108.47
12764.65;-108.47
12767.58;-108.47
12770.51;-108.23
12773.44;-108.08
12776.37;-108.23
12779.30;-108.47
12782.23;-108.47
12785.16;-108.31
12788.09;-108.31
12791.02;-108.39
12793.95;-108.23
12796.88;-108.47
12799.80;-108.55
12802.73;-108.47
12805.66;-108.63
12808.59;-108.63
12811.52;-108.47
12814.45;-108.31
12817.38;-108.31
12820.31;-108.39
12823.24;-108.47
12826.17;-108.63
12829.10;-108.31
12832.03;-108.23
12834.96;-108.16
12837.89;-108.16
12840.82;-108.31
12843.75;-108.39
12846.68;-108.47
12849.61;-108.39
12852.54;-108.47
12855.47;-108.47
12858.40;-108.55
12861.33;-108.86
12864.26;-108.86
12867.19;-108.63
12870.12;-108.47
12873.05;-108.23
12875.98;-108.39
12878.91;-108.23
12881.84;-108.08
12884.77;-108.16
12887.70;-108.31
12890.63;-108.55
12893.55;-108.47
12896.48;-108.47
12899.41;-108.16
12902.34;-108.00
12905.27;-108.23
12908.20;-108.39
12911.13;-108.23
12914.06;-108.31
12916.99;-108.39
12919.92;-108.70
12922.85;-108.47
12925.78;-108.16
12928.71;-108.08
12931.64;-108.00
12934.57;-108.39
12937.50;-108.16
12940.43;-108.16
12943.36;-108.39
12946.29;-108.39
12949.22;-108.23
12952.15;-108.31
12955.08;-108.16
12958.01;-108.00
12960.94;-108.08
12963.87;-108.16
12966.80;-108.31
12969.73;-108.63
12972.66;-108.63
12975.59;-108.31
12978.52;-108.23
12981.45;-108.31
12984.38;-108.16
12987.30;-108.23
12990.23;-108.23
12993.16;-108.16
12996.09;-108.39
12999.02;-108.47
13001.95;-108.08
13004.88;-108.08
13007.81;-107.92
13010.74;-108.08
13013.67;-108.16
13016.60;-108.08
13019.53;-108.08
13022.46;-108.23
13025.39;-108.23
13028.32;-108.16
13031.25;-108.08
13034.18;-108.08
13037.11;-108.23
13040.04;-108.47
13042.97;-108.47
13045.90;-108.47
13048.83;-108.47
13051.76;-108.08
13054.69;-108.23
13057.62;-108.39
13060.55;-108.31
13063.48;-107.92
13066.41;-108.08
13069.34;-108.23
13072.27;-108.39
13075.20;-108.08
13078.13;-108.08
13081.05;-108.00
13083.98;-108.23
13086.91;-108.23
13089.84;-108.23
13092.77;-108.31
13095.70;-108.31
13098.63;-108.47
13101.56;-108.23
13104.49;-108.08
13107.42;-108.08
13110.35;-108.16
13113.28;-108.23
13116.21;-108.23
13119.14;-108.16
13122.07;-108.08
13125.00;-108.00
13127.93;-108.08
13130.86;-108.00
13133.79;-108.31
13136.72;-108.31
13139.65;-108.16
13142.58;-108.00
13145.51;-108.16
13148.44;-108.23
13151.37;-108.08
13154.30;-108.08
13157.23;-108.00
13160.16;-108.16
13163.09;-108.31
13166.02;-108.39
13168.95;-108.31
13171.88;-108.23
13174.80;-108.31
13177.73;-108.39
13180.66;-108.00
13183.59;-107.92
13186.52;-108.31
13189.45;-108.23
13192.38;-108.08
13195.31;-108.23
13198.24;-107.92
13201.17;-108.16
13204.10;-108.00
13207.03;-108.23
13209.96;-108.23
13212.89;-108.23
13215.82;-107.77
13218.75;-107.84
13221.68;-108.39
13224.61;-108.47
13227.54;-107.92
13230.47;-107.92
13233.40;-108.08
13236.33;-108.16
13239.26;-108.16
13242.19;-108.16
13245.12;-108.23
13248.05;-108.31
13250.98;-108.16
13253.91;-108.08
13256.84;-107.92
13259.77;-108.00
13262.70;-107.84
13265.63;-107.84
13268.55;-107.84
13271.48;-107.92
13274.41;-108.23
13277.34;-107.92
13280.27;-108.16
13283.20;-108.08
13286.13;-108.00
13289.06;-108.16
13291.99;-108.08
13294.92;-108.08
13297.85;-108.31
13300.78;-108.23
13303.71;-108.08
13306.64;-108.31
13309.57;-108.00
13312.50;-108.08
13315.43;-108.23
13318.36;-108.00
13321.29;-108.00
13324.22;-107.92
13327.15;-108.00
13330.08;-108.16
13333.01;-107.92
13335.94;-107.77
13338.87;-107.69
13341.80;-108.00
13344.73;-108.00
13347.66;-108.00
13350.59;-108.00
13353.52;-107.77
13356.45;-108.00
13359.38;-108.08
13362.30;-108.16
13365.23;-108.00
13368.16;-108.16
13371.09;-108.08
13374.02;-107.84
13376.95;-107.77
13379.88;-107.69
13382.81;-107.84
13385.74;-108.16
13388.67;-108.23
13391.60;-108.08
13394.53;-108.08
13397.46;-108.08
13400.39;-108.16
13403.32;-108.23
13406.25;-108.16
13409.18;-108.16
13412.11;-108.08
13415.04;-107.92
13417.97;-108.08
13420.90;-108.08
13423.83;-108.16
13426.76;-108.00
13429.69;-108.16
13432.62;-108.31
13435.55;-107.92
13438.48;-107.84
13441.41;-107.84
13444.34;-107.84
13447.27;-107.77
13450.20;-107.84
13453.13;-107.69
13456.05;-107.69
13458.98;-108.08
13461.91;-108.08
13464.84;-107.92
13467.77;-107.77
13470.70;-108.00
13473.63;-107.92
13476.56;-108.00
13479.49;-108.08
13482.42;-108.08
13485.35;-107.92
13488.28;-107.84
13491.21;-108.00
13494.14;-107.92
13497.07;-107.69
13500.00;-107.77
13502.93;-108.00
13505.86;-107.92
13508.79;-108.08
13511.72;-108.08
13514.65;-107.84
13517.58;-107.92
13520.51;-108.08
13523.44;-108.00
13526.37;-107.84
13529.30;-107.77
13532.23;-108.00
13535.16;-107.92
13538.09;-107.84
13541.02;-108.08
13543.95;-108.00
13546.88;-107.84
13549.80;-107.84
13552.73;-107.61
13555.66;-107.69
13558.59;-107.69
13561.52;-107.92
13564.45;-108.16
13567.38;-107.92
13570.31;-107.77
13573.24;-107.84
13576.17;-108.16
13579.10;-108.08
13582.03;-107.69
13584.96;-107.84
13587.89;-107.84
13590.82;-108.00
13593.75;-108.00
13596.68;-107.84
13599.61;-107.69
13602.54;-107.69
13605.47;-107.84
13608.40;-108.08
13611.33;-108.08
13614.26;-108.00
13617.19;-107.84
13620.12;-107.77
13623.05;-107.77
13625.98;-107.92
13628.91;-107.69
13631.84;-107.61
13634.77;-107.45
13637.70;-107.61
13640.63;-107.69
13643.55;-107.84
13646.48;-107.92
13649.41;-107.84
13652.34;-107.77
13655.27;-107.84
13658.20;-107.84
13661.13;-107.69
13664.06;-107.69
13666.99;-107.69
13669.92;-107.69
13672.85;-107.77
13675.78;-107.77
13678.71;-107.69
13681.64;-107.69
13684.57;-107.45
13687.50;-107.61
13690.43;-107.77
13693.36;-107.92
13696.29;-107.92
13699.22;-107.84
13702.15;-107.61
13705.08;-107.92
13708.01;-108.08
13710.94;-107.92
13713.87;-107.77
13716.80;-107.69
13719.73;-107.77
13722.66;-107.84
13725.59;-107.77
13728.52;-107.69
13731.45;-107.61
13734.38;-107.84
13737.30;-107.77
13740.23;-108.00
13743.16;-107.69
13746.09;-107.61
13749.02;-107.84
13751.95;-107.84
13754.88;-107.77
13757.81;-107.77
13760.74;-107.77
13763.67;-107.77
13766.60;-107.61
13769.53;-107.61
13772.46;-107.84
13775.39;-107.84
13778.32;-107.61
13781.25;-107.69
13784.18;-107.92
13787.11;-107.84
13790.04;-108.00
13792.97;-107.92
13795.90;-107.77
13798.83;-107.92
13801.76;-108.00
13804.69;-107.84
13807.62;-107.61
13810.55;-107.45
13813.48;-107.61
13816.41;-107.84
13819.34;-107.61
13822.27;-107.69
13825.20;-107.77
13828.13;-107.69
13831.05;-107.84
13833.98;-108.00
13836.91;-107.92
13839.84;-107.69
13842.77;-107.77
13845.70;-107.77
13848.63;-107.77
13851.56;-107.69
13854.49;-107.84
13857.42;-107.84
13860.35;-107.61
13863.28;-107.45
13866.21;-107.61
13869.14;-107.92
13872.07;-107.77
13875.00;-107.77
13877.93;-107.53
13880.86;-107.61
13883.79;-107.77
13886.72;-107.53
13889.65;-107.61
13892.58;-107.77
13895.51;-107.92
13898.44;-107.69
13901.37;-107.84
13904.30;-107.84
13907.23;-108.00
13910.16;-107.92
13913.09;-107.45
13916.02;-107.30
13918.95;-107.45
13921.88;-107.77
13924.80;-107.92
13927.73;-107.84
13930.66;-107.61
13933.59;-107.61
13936.52;-107.53
13939.45;-107.45
13942.38;-107.30
13945.31;-107.30
13948.24;-107.61
13951.17;-107.53
13954.10;-107.61
13957.03;-107.45
13959.96;-107.69
13962.89;-107.61
13965.82;-107.69
13968.75;-107.69
13971.68;-107.53
13974.61;-107.53
13977.54;-107.77
13980.47;-107.84
13983.40;-107.53
13986.33;-107.69
13989.26;-107.69
13992.19;-107.53
13995.12;-107.69
13998.05;-107.77
14000.98;-107.77
14003.91;-107.84
14006.84;-107.61
14009.77;-107.53
14012.70;-107.53
14015.63;-107.84
14018.55;-107.45
14021.48;-107.61
14024.41;-107.69
14027.34;-107.61
14030.27;-107.45
14033.20;-107.30
14036.13;-107.37
14039.06;-107.61
14041.99;-107.53
14044.92;-107.77
14047.85;-107.84
14050.78;-107.77
14053.71;-107.45
14056.64;-107.30
14059.57;-107.53
14062.50;-107.53
14065.43;-107.69
14068.36;-107.53
14071.29;-107.61
14074.22;-107.61
14077.15;-107.69
14080.08;-107.84
14083.01;-107.69
14085.94;-107.53
14088.87;-107.77
14091.80;-108.00
14094.73;-107.61
14097.66;-107.45
14100.59;-107.61
14103.52;-107.77
14106.45;-107.69
14109.38;-107.37
14112.30;-107.53
14115.23;-107.45
14118.16;-107.30
14121.09;-107.37
14124.02;-107.45
14126.95;-107.45
14129.88;-107.53
14132.81;-107.69
14135.74;-107.77
14138.67;-107.84
14141.60;-107.84
14144.53;-107.61
14147.46;-107.77
14150.39;-107.61
14153.32;-107.61
14156.25;-107.30
14159.18;-107.37
14162.11;-107.45
14165.04;-107.53
14167.97;-107.53
14170.90;-107.61
14173.83;-107.69
14176.76;-107.30
14179.69;-107.30
14182.62;-107.45
14185.55;-107.69
14188.48;-107.61
14191.41;-107.53
14194.34;-107.53
14197.27;-107.53
14200.20;-107.53
14203.13;-107.45
14206.05;-107.61
14208.98;-107.37
14211.91;-107.37
14214.84;-107.45
14217.77;-107.45
14220.70;-107.53
14223.63;-107.45
14226.56;-107.61
14229.49;-107.53
14232.42;-107.53
14235.35;-107.45
14238.28;-107.53
14241.21;-107.69
14244.14;-107.45
14247.07;-107.53
14250.00;-107.61
14252.93;-107.37
14255.86;-107.22
14258.79;-107.37
14261.72;-107.53
14264.65;-107.45
14267.58;-107.77
14270.51;-107.53
14273.44;-107.22
14276.37;-107.53
14279.30;-107.61
14282.23;-107.61
14285.16;-107.45
14288.09;-107.37
14291.02;-107.45
14293.95;-107.53
14296.88;-107.69
14299.80;-107.69
14302.73;-107.53
14305.66;-107.45
14308.59;-107.30
14311.52;-107.30
14314.45;-107.53
14317.38;-107.30
14320.31;-107.37
14323.24;-107.77
14326.17;-107.77
14329.10;-107.53
14332.03;-107.30
14334.96;-107.22
14337.89;-107.45
14340.82;-107.37
14343.75;-107.37
14346.68;-107.30
14349.61;-107.22
14352.54;-107.37
14355.47;-107.53
14358.40;-107.30
14361.33;-107.45
14364.26;-107.37
14367.19;-107.14
14370.12;-107.45
14373.05;-107.61
14375.98;-107.53
14378.91;-107.37
14381.84;-107.37
14384.77;-107.45
14387.70;-107.45
14390.63;-107.37
14393.55;-107.22
14396.48;-107.22
14399.41;-107.37
14402.34;-107.61
14405.27;-107.53
14408.20;-107.37
14411.13;-107.45
14414.06;-107.45
14416.99;-107.37
14419.92;-107.30
14422.85;-107.37
14425.78;-107.22
14428.71;-107.22
14431.64;-107.37
14434.57;-107.61
14437.50;-107.37
14440.43;-107.14
14443.36;-107.53
14446.29;-107.61
14449.22;-107.61
14452.15;-107.37
14455.08;-107.37
14458.01;-107.37
14460.94;-107.30
14463.87;-107.30
14466.80;-107.30
14469.73;-107.14
14472.66;-107.37
14475.59;-107.45
14478.52;-107.53
14481.45;-107.69
14484.38;-107.30
14487.30;-107.45
14490.23;-107.45
14493.16;-107.37
14496.09;-107.45
14499.02;-107.37
14501.95;-107.22
14504.88;-107.22
14507.81;-107.22
14510.74;-107.22
14513.67;-107.14
14516.60;-107.37
14519.53;-107.45
14522.46;-107.61
14525.39;-107.61
14528.32;-107.45
14531.25;-107.37
14534.18;-107.61
14537.11;-107.61
14540.04;-107.69
14542.97;-107.77
14545.90;-107.61
14548.83;-107.30
14551.76;-107.14
14554.69;-107.14
14557.62;-107.22
14560.55;-107.22
14563.48;-107.22
14566.41;-107.30
14569.34;-107.22
14572.27;-107.37
14575.20;-107.45
14578.13;-107.14
14581.05;-107.14
14583.98;-107.14
14586.91;-107.37
14589.84;-107.45
14592.77;-107.37
14595.70;-107.06
14598.63;-107.06
14601.56;-107.22
14604.49;-106.98
14607.42;-107.14
14610.35;-107.45
14613.28;-107.77
14616.21;-107.53
14619.14;-107.22
14622.07;-107.22
14625.00;-107.53
14627.93;-107.45
14630.86;-107.37
14633.79;-107.30
14636.72;-107.30
14639.65;-107.14
14642.58;-107.22
14645.51;-107.06
14648.44;-107.14
14651.37;-107.30
14654.30;-107.61
14657.23;-107.69
14660.16;-107.69
14663.09;-107.37
14666.02;-107.30
14668.95;-107.37
14671.88;-107.45
14674.80;-107.37
14677.73;-107.30
14680.66;-107.22
14683.59;-107.14
14686.52;-107.22
14689.45;-107.61
14692.38;-107.69
14695.31;-107.53
14698.24;-107.45
14701.17;-107.22
14704.10;-107.22
14707.03;-107.22
14709.96;-107.14
14712.89;-106.91
14715.82;-106.91
14718.75;-107.14
14721.68;-107.14
14724.61;-107.22
14727.54;-107.22
14730.47;-107.61
14733.40;-107.53
14736.33;-107.30
14739.26;-107.06
14742.19;-107.14
14745.12;-107.30
14748.05;-107.45
14750.98;-107.37
14753.91;-107.22
14756.84;-107.22
14759.77;-106.98
14762.70;-107.22
14765.63;-107.53
14768.55;-107.37
14771.48;-107.22
14774.41;-107.45
14777.34;-107.37
14780.27;-107.14
14783.20;-107.30
14786.13;-107.37
14789.06;-107.22
14791.99;-107.22
14794.92;-107.14
14797.85;-107.06
14800.78;-107.37
14803.71;-107.45
14806.64;-107.37
14809.57;-107.22
14812.50;-107.30
14815.43;-107.14
14818.36;-107.22
14821.29;-107.22
14824.22;-107.22
14827.15;-107.22
14830.08;-107.06
14833.01;-106.75
14835.94;-106.98
14838.87;-107.22
14841.80;-107.45
14844.73;-107.30
14847.66;-107.06
14850.59;-107.06
14853.52;-107.06
14856.45;-107.37
14859.38;-107.45
14862.30;-107.53
14865.23;-107.37
14868.16;-106.98
14871.09;-106.91
14874.02;-106.91
14876.95;-106.98
14879.88;-106.98
14882.81;-107.06
14885.74;-107.06
14888.67;-106.98
14891.60;-106.91
14894.53;-106.98
14897.46;-107.06
14900.39;-107.14
14903.32;-107.22
14906.25;-107.22
14909.18;-107.30
14912.11;-107.30
14915.04;-107.45
14917.97;-107.30
14920.90;-107.30
14923.83;-107.37
14926.76;-107.37
14929.69;-107.22
14932.62;-107.06
14935.55;-107.06
14938.48;-107.14
14941.41;-107.14
14944.34;-107.14
14947.27;-107.37
14950.20;-107.14
14953.13;-107.22
14956.05;-107.14
14958.98;-106.98
14961.91;-106.98
14964.84;-107.14
14967.77;-107.30
14970.70;-107.22
14973.63;-107.22
14976.56;-107.14
14979.49;-106.83
14982.42;-106.98
14985.35;-107.14
14988.28;-107.06
14991.21;-107.14
14994.14;-107.37
14997.07;-107.14
15000.00;-106.98
15002.93;-106.98
15005.86;-107.06
15008.79;-107.30
15011.72;-107.06
15014.65;-107.14
15017.58;-107.22
15020.51;-106.91
15023.44;-106.83
15026.37;-107.22
15029.30;-107.30
15032.23;-107.06
15035.16;-107.30
15038.09;-107.14
15041.02;-107.14
15043.95;-107.06
15046.88;-107.30
15049.80;-106.83
15052.73;-107.06
15055.66;-107.22
15058.59;-106.98
15061.52;-106.91
15064.45;-107.14
15067.38;-107.30
15070.31;-107.45
15073.24;-107.06
15076.17;-106.91
15079.10;-107.06
15082.03;-107.14
15084.96;-107.06
15087.89;-106.98
15090.82;-107.22
15093.75;-107.37
15096.68;-107.14
15099.61;-106.98
15102.54;-107.22
15105.47;-107.06
15108.40;-107.14
15111.33;-106.91
15114.26;-107.14
15117.19;-107.22
15120.12;-107.14
15123.05;-107.14
15125.98;-107.06
15128.91;-107.06
15131.84;-106.83
15134.77;-106.91
15137.70;-107.14
15140.63;-107.06
15143.55;-106.98
15146.48;-107.06
15149.41;-106.98
15152.34;-106.98
15155.27;-107.14
15158.20;-107.22
15161.13;-107.06
15164.06;-107.06
15166.99;-106.98
15169.92;-106.91
15172.85;-106.91
15175.78;-106.98
15178.71;-106.98
15181.64;-106.98
15184.57;-107.06
15187.50;-106.98
15190.43;-107.06
15193.36;-106.98
15196.29;-106.91
15199.22;-107.06
15202.15;-107.06
15205.08;-107.30
15208.01;-107.22
15210.94;-106.91
15213.87;-106.91
15216.80;-106.98
15219.73;-106.91
15222.66;-106.98
15225.59;-106.75
15228.52;-106.91
15231.45;-107.06
15234.38;-107.14
15237.30;-107.14
15240.23;-106.91
15243.16;-106.83
15246.09;-107.06
15249.02;-106.98
15251.95;-106.98
15254.88;-107.14
15257.81;-107.14
15260.74;-107.06
15263.67;-106.91
15266.60;-106.98
15269.53;-106.83
15272.46;-106.83
15275.39;-107.06
15278.32;-106.83
15281.25;-106.67
15284.18;-106.83
15287.11;-106.98
15290.04;-107.14
15292.97;-106.67
15295.90;-106.67
15298.83;-106.83
15301.76;-106.91
15304.69;-106.91
15307.62;-106.91
15310.55;-107.06
15313.48;-107.06
15316.41;-107.14
15319.34;-106.67
15322.27;-106.83
15325.20;-107.06
15328.13;-107.14
15331.05;-107.06
15333.98;-107.14
15336.91;-106.83
15339.84;-106.75
15342.77;-106.98
15345.70;-106.83
15348.63;-106.83
15351.56;-106.83
15354.49;-106.83
15357.42;-106.98
15360.35;-106.98
15363.28;-106.83
15366.21;-106.83
15369.14;-106.83
15372.07;-106.91
15375.00;-106.67
15377.93;-106.75
15380.86;-107.37
15383.79;-107.30
15386.72;-106.75
15389.65;-106.75
15392.58;-106.91
15395.51;-107.14
15398.44;-106.98
15401.37;-106.98
15404.30;-106.98
15407.23;-106.75
15410.16;-106.67
15413.09;-106.98
15416.02;-106.91
15418.95;-107.14
15421.88;-107.06
15424.80;-107.14
15427.73;-106.98
15430.66;-106.91
15433.59;-106.83
15436.52;-106.59
15439.45;-106.67
15442.38;-106.83
15445.31;-106.83
15448.24;-106.91
15451.17;-106.83
15454.10;-106.75
15457.03;-106.91
15459.96;-106.83
15462.89;-106.67
15465.82;-106.83
15468.75;-106.83
15471.68;-106.91
15474.61;-106.83
15477.54;-106.83
15480.47;-106.91
15483.40;-106.83
15486.33;-106.98
15489.26;-106.91
15492.19;-106.67
15495.12;-106.59
15498.05;-106.75
15500.98;-106.83
15503.91;-106.91
15506.84;-106.83
15509.77;-107.14
15512.70;-107.06
15515.63;-106.83
15518.55;-106.59
15521.48;-106.83
15524.41;-107.06
15527.34;-107.06
15530.27;-106.75
15533.20;-106.91
15536.13;-107.22
15539.06;-106.98
15541.99;-106.67
15544.92;-106.83
15547.85;-106.98
15550.78;-107.06
15553.71;-106.98
15556.64;-106.98
15559.57;-106.91
15562.50;-106.67
15565.43;-106.91
15568.36;-106.91
15571.29;-106.91
15574.22;-106.83
15577.15;-107.06
15580.08;-107.06
15583.01;-106.91
15585.94;-106.91
15588.87;-106.67
15591.80;-106.83
15594.73;-106.91
15597.66;-106.91
15600.59;-106.83
15603.52;-106.67
15606.45;-106.83
15609.38;-106.91
15612.30;-107.14
15615.23;-107.22
15618.16;-106.91
15621.09;-106.91
15624.02;-106.98
15626.95;-106.75
15629.88;-106.75
15632.81;-106.98
15635.74;-107.06
15638.67;-106.75
15641.60;-106.67
15644.53;-106.83
15647.46;-106.83
15650.39;-106.75
15653.32;-106.91
15656.25;-106.75
15659.18;-106.91
15662.11;-106.67
15665.04;-106.67
15667.97;-106.59
15670.90;-106.83
15673.83;-107.06
15676.76;-106.83
15679.69;-106.67
15682.62;-106.52
15685.55;-106.59
15688.48;-106.67
15691.41;-106.91
15694.34;-107.06
15697.27;-106.98
15700.20;-106.75
15703.13;-106.59
15706.05;-106.59
15708.98;-106.67
15711.91;-106.98
15714.84;-106.98
15717.77;-106.91
15720.70;-106.67
15723.63;-106.67
15726.56;-106.83
15729.49;-107.06
15732.42;-106.75
15735.35;-106.67
15738.28;-106.75
15741.21;-106.75
15744.14;-106.52
15747.07;-106.52
15750.00;-106.52
15752.93;-106.59
15755.86;-106.67
15758.79;-106.67
15761.72;-106.91
15764.65;-106.83
15767.58;-106.59
15770.51;-106.67
15773.44;-106.67
15776.37;-106.59
15779.30;-106.59
15782.23;-106.67
15785.16;-106.67
15788.09;-106.83
15791.02;-106.67
15793.95;-106.83
15796.88;-106.75
15799.80;-106.83
15802.73;-106.75
15805.66;-106.67
15808.59;-106.52
15811.52;-106.83
15814.45;-106.67
15817.38;-106.59
15820.31;-106.67
15823.24;-106.98
15826.17;-106.83
15829.10;-106.75
15832.03;-106.67
15834.96;-106.75
15837.89;-106.67
15840.82;-106.75
15843.75;-106.98
15846.68;-106.83
15849.61;-106.91
15852.54;-106.59
15855.47;-106.67
15858.40;-106.98
15861.33;-106.75
15864.26;-106.75
15867.19;-106.75
15870.12;-106.59
15873.05;-106.75
15875.98;-106.59
15878.91;-106.59
15881.84;-106.44
15884.77;-106.59
15887.70;-106.59
15890.63;-106.59
15893.55;-106.67
15896.48;-106.44
15899.41;-106.36
15902.34;-106.67
15905.27;-106.83
15908.20;-106.83
15911.13;-106.52
15914.06;-106.59
15916.99;-106.91
15919.92;-106.91
15922.85;-106.91
15925.78;-106.98
15928.71;-106.83
15931.64;-106.83
15934.57;-106.59
15937.50;-106.75
15940.43;-106.83
15943.36;-106.67
15946.29;-106.75
15949.22;-106.75
15952.15;-106.67
15955.08;-106.59
15958.01;-106.91
15960.94;-106.75
15963.87;-106.67
15966.80;-106.75
15969.73;-106.75
15972.66;-106.75
15975.59;-106.83
15978.52;-107.06
15981.45;-106.83
15984.38;-106.59
15987.30;-106.52
15990.23;-106.75
15993.16;-106.67
15996.09;-106.67
15999.02;-106.83
16001.95;-106.75
16004.88;-106.52
16007.81;-106.59
16010.74;-106.75
16013.67;-106.52
16016.60;-106.59
16019.53;-106.67
16022.46;-106.52
16025.39;-106.44
16028.32;-106.28
16031.25;-106.44
16034.18;-106.67
16037.11;-106.83
16040.04;-106.44
16042.97;-106.52
16045.90;-106.75
16048.83;-106.75
16051.76;-106.91
16054.69;-106.75
16057.62;-106.52
16060.55;-106.75
16063.48;-106.75
16066.41;-106.36
16069.34;-106.44
16072.27;-106.67
16075.20;-106.59
16078.13;-106.75
16081.05;-106.52
16083.98;-106.59
16086.91;-106.75
16089.84;-106.67
16092.77;-106.75
16095.70;-106.67
16098.63;-106.67
16101.56;-106.59
16104.49;-106.36
16107.42;-106.44
16110.35;-106.52
16113.28;-106.59
16116.21;-106.75
16119.14;-106.67
16122.07;-106.59
16125.00;-106.67
16127.93;-106.75
16130.86;-106.36
16133.79;-106.05
16136.72;-106.52
16139.65;-106.59
16142.58;-106.67
16145.51;-106.83
16148.44;-106.44
16151.37;-106.44
16154.30;-106.59
16157.23;-106.67
16160.16;-106.59
16163.09;-106.52
16166.02;-106.52
16168.95;-106.52
16171.88;-106.52
16174.80;-106.59
16177.73;-106.44
16180.66;-106.28
16183.59;-106.36
16186.52;-106.52
16189.45;-106.36
16192.38;-106.28
16195.31;-106.28
16198.24;-106.36
16201.17;-106.36
16204.10;-106.44
16207.03;-106.59
16209.96;-106.59
16212.89;-106.59
16215.82;-106.67
16218.75;-106.44
16221.68;-106.44
16224.61;-106.59
16227.54;-106.59
16230.47;-106.59
16233.40;-106.75
16236.33;-106.67
16239.26;-106.67
16242.19;-106.44
16245.12;-106.59
16248.05;-106.20
16250.98;-106.52
16253.91;-106.91
16256.84;-106.75
16259.77;-106.83
16262.70;-106.52
16265.63;-106.44
16268.55;-106.44
16271.48;-106.28
16274.41;-106.59
16277.34;-106.52
16280.27;-106.59
16283.20;-106.59
16286.13;-106.75
16289.06;-106.98
16291.99;-106.75
16294.92;-106.52
16297.85;-106.52
16300.78;-106.75
16303.71;-106.91
16306.64;-106.44
16309.57;-106.52
16312.50;-106.36
16315.43;-106.52
16318.36;-106.28
16321.29;-106.20
16324.22;-106.44
16327.15;-106.67
16330.08;-106.67
16333.01;-106.59
16335.94;-106.67
16338.87;-106.59
16341.80;-106.75
16344.73;-106.83
16347.66;-106.67
16350.59;-106.52
16353.52;-106.28
16356.45;-106.59
16359.38;-106.67
16362.30;-106.52
16365.23;-106.36
16368.16;-106.44
16371.09;-106.44
16374.02;-106.44
16376.95;-106.59
16379.88;-106.52
16382.81;-106.59
16385.74;-106.75
16388.67;-106.75
16391.60;-106.67
16394.53;-106.67
16397.46;-106.44
16400.39;-106.83
16403.32;-106.83
16406.25;-106.36
16409.18;-106.52
16412.11;-106.67
16415.04;-106.59
16417.97;-106.44
16420.90;-106.44
16423.83;-106.59
16426.76;-106.44
16429.69;-106.44
16432.62;-106.36
16435.55;-106.36
16438.48;-106.52
16441.41;-106.52
16444.34;-106.52
16447.27;-106.59
16450.20;-106.28
16453.13;-106.12
16456.05;-106.36
16458.98;-106.52
16461.91;-106.59
16464.84;-106.36
16467.77;-106.28
16470.70;-106.36
16473.63;-106.20
16476.56;-106.05
16479.49;-106.05
16482.42;-106.44
16485.35;-106.59
16488.28;-106.44
16491.21;-106.75
16494.14;-106.52
16497.07;-106.12
16500.00;-106.05
16502.93;-106.28
16505.86;-106.52
16508.79;-106.44
16511.72;-106.36
16514.65;-106.20
16517.58;-106.20
16520.51;-106.36
16523.44;-106.28
16526.37;-106.05
16529.30;-106.36
16532.23;-106.28
16535.16;-106.28
16538.09;-106.44
16541.02;-106.20
16543.95;-106.28
16546.88;-106.36
16549.80;-106.28
16552.73;-106.52
16555.66;-106.44
16558.59;-106.44
16561.52;-106.36
16564.45;-106.12
16567.38;-106.20
16570.31;-106.20
16573.24;-106.28
16576.17;-106.59
16579.10;-106.59
16582.03;-106.36
16584.96;-106.28
16587.89;-106.36
16590.82;-106.36
16593.75;-106.20
16596.68;-106.44
16599.61;-106.20
16602.54;-106.36
16605.47;-106.52
16608.40;-106.67
16611.33;-106.52
16614.26;-106.20
16617.19;-106.12
16620.12;-106.44
16623.05;-106.44
16625.98;-106.44
16628.91;-106.52
16631.84;-106.28
16634.77;-106.20
16637.70;-106.28
16640.63;-106.28
16643.55;-106.28
16646.48;-106.28
16649.41;-106.28
16652.34;-106.20
16655.27;-106.44
16658.20;-106.36
16661.13;-106.44
16664.06;-106.59
16666.99;-106.36
16669.92;-105.97
16672.85;-105.89
16675.78;-106.12
16678.71;-106.12
16681.64;-106.20
16684.57;-106.59
16687.50;-106.44
16690.43;-106.36
16693.36;-106.28
16696.29;-106.52
16699.22;-106.44
16702.15;-106.28
16705.08;-106.36
16708.01;-106.36
16710.94;-106.36
16713.87;-106.44
16716.80;-106.44
16719.73;-106.36
16722.66;-106.44
16725.59;-106.59
16728.52;-106.52
16731.45;-106.36
16734.38;-106.20
16737.30;-106.12
16740.23;-106.12
16743.16;-106.12
16746.09;-106.12
16749.02;-106.12
16751.95;-106.12
16754.88;-106.05
16757.81;-106.20
16760.74;-106.36
16763.67;-106.12
16766.60;-105.97
16769.53;-105.97
16772.46;-106.20
16775.39;-106.28
16778.32;-106.28
16781.25;-105.97
16784.18;-106.12
16787.11;-106.28
16790.04;-106.12
16792.97;-106.28
16795.90;-106.44
16798.83;-106.59
16801.76;-106.36
16804.69;-105.89
16807.62;-106.12
16810.55;-106.12
16813.48;-106.20
16816.41;-106.20
16819.34;-106.36
16822.27;-106.52
16825.20;-106.05
16828.13;-105.73
16831.05;-106.05
16833.98;-106.28
16836.91;-106.28
16839.84;-106.05
16842.77;-106.20
16845.70;-106.44
16848.63;-106.36
16851.56;-106.28
16854.49;-106.36
16857.42;-106.36
16860.35;-106.28
16863.28;-106.36
16866.21;-106.20
16869.14;-106.12
16872.07;-106.05
16875.00;-106.28
16877.93;-106.05
16880.86;-106.12
16883.79;-106.28
16886.72;-106.28
16889.65;-106.20
16892.58;-106.12
16895.51;-106.12
16898.44;-106.28
16901.37;-106.36
16904.30;-106.20
16907.23;-106.44
16910.16;-106.36
16913.09;-106.28
16916.02;-106.12
16918.95;-106.20
16921.88;-106.36
16924.80;-106.20
16927.73;-106.20
16930.66;-106.20
16933.59;-106.52
16936.52;-106.59
16939.45;-106.28
16942.38;-106.12
16945.31;-106.12
16948.24;-106.05
16951.17;-106.05
16954.10;-105.97
16957.03;-105.73
16959.96;-106.05
16962.89;-106.36
16965.82;-106.05
16968.75;-106.12
16971.68;-105.97
16974.61;-106.12
16977.54;-106.12
16980.47;-105.97
16983.40;-106.20
16986.33;-106.36
16989.26;-106.20
16992.19;-105.89
16995.12;-106.12
16998.05;-106.36
17000.98;-106.20
17003.91;-106.12
17006.84;-106.12
17009.77;-106.20
17012.70;-106.20
17015.63;-106.20
17018.55;-106.36
17021.48;-106.28
17024.41;-106.20
17027.34;-106.05
17030.27;-106.12
17033.20;-106.20
17036.13;-106.20
17039.06;-106.20
17041.99;-106.28
17044.92;-106.28
17047.85;-106.36
17050.78;-106.52
17053.71;-106.20
17056.64;-105.97
17059.57;-105.89
17062.50;-105.97
17065.43;-106.12
17068.36;-105.97
17071.29;-106.12
17074.22;-106.05
17077.15;-106.05
17080.08;-106.12
17083.01;-105.89
17085.94;-106.20
17088.87;-106.28
17091.80;-106.28
17094.73;-106.36
17097.66;-106.12
17100.59;-106.28
17103.52;-106.28
17106.45;-106.36
17109.38;-106.20
17112.30;-106.20
17115.23;-106.36
17118.16;-106.28
17121.09;-106.12
17124.02;-105.58
17126.95;-105.81
17129.88;-106.20
17132.81;-106.36
17135.74;-106.28
17138.67;-106.12
17141.60;-105.97
17144.53;-105.89
17147.46;-106.12
17150.39;-106.28
17153.32;-105.97
17156.25;-106.05
17159.18;-106.05
17162.11;-105.81
17165.04;-105.89
17167.97;-106.20
17170.90;-106.36
17173.83;-106.20
17176.76;-106.12
17179.69;-106.28
17182.62;-105.97
17185.55;-106.05
17188.48;-106.12
17191.41;-106.28
17194.34;-106.05
17197.27;-105.81
17200.20;-105.73
17203.13;-106.05
17206.05;-106.28
17208.98;-106.12
17211.91;-106.12
17214.84;-106.05
17217.77;-106.20
17220.70;-106.59
17223.63;-106.44
17226.56;-106.05
17229.49;-106.28
17232.42;-106.28
17235.35;-106.12
17238.28;-106.20
17241.21;-106.05
17244.14;-105.81
17247.07;-105.97
17250.00;-106.20
17252.93;-106.05
17255.86;-105.89
17258.79;-106.12
17261.72;-106.28
17264.65;-106.12
17267.58;-105.97
17270.51;-106.12
17273.44;-106.12
17276.37;-106.05
17279.30;-106.12
17282.23;-105.89
17285.16;-105.97
17288.09;-106.12
17291.02;-105.97
17293.95;-106.05
17296.88;-106.05
17299.80;-106.05
17302.73;-105.97
17305.66;-106.05
17308.59;-106.20
17311.52;-105.97
17314.45;-106.12
17317.38;-106.12
17320.31;-106.05
17323.24;-106.28
17326.17;-106.05
17329.10;-105.81
17332.03;-106.05
17334.96;-106.12
17337.89;-106.05
17340.82;-105.89
17343.75;-105.97
17346.68;-105.89
17349.61;-105.81
17352.54;-105.97
17355.47;-106.05
17358.40;-106.12
17361.33;-106.12
17364.26;-105.66
17367.19;-105.73
17370.12;-105.97
17373.05;-105.89
17375.98;-105.97
17378.91;-106.05
17381.84;-105.97
17384.77;-106.05
17387.70;-106.05
17390.63;-105.89
17393.55;-105.97
17396.48;-105.81
17399.41;-105.89
17402.34;-106.12
17405.27;-106.28
17408.20;-105.97
17411.13;-106.28
17414.06;-106.05
17416.99;-105.97
17419.92;-106.05
17422.85;-105.81
17425.78;-105.81
17428.71;-105.97
17431.64;-106.20
17434.57;-105.97
17437.50;-105.73
17440.43;-105.58
17443.36;-105.81
17446.29;-105.89
17449.22;-106.28
17452.15;-105.97
17455.08;-106.05
17458.01;-106.20
17460.94;-106.05
17463.87;-105.97
17466.80;-106.05
17469.73;-105.58
17472.66;-105.97
17475.59;-106.28
17478.52;-106.20
17481.45;-105.89
17484.38;-105.73
17487.30;-105.81
17490.23;-105.97
17493.16;-106.12
17496.09;-106.05
17499.02;-106.12
17501.95;-106.12
17504.88;-105.97
17507.81;-105.81
17510.74;-106.12
17513.67;-106.05
17516.60;-105.89
17519.53;-106.05
17522.46;-106.36
17525.39;-106.28
17528.32;-106.05
17531.25;-105.73
17534.18;-105.97
17537.11;-106.20
17540.04;-106.05
17542.97;-105.73
17545.90;-105.81
17548.83;-105.97
17551.76;-105.97
17554.69;-105.73
17557.62;-105.66
17560.55;-105.81
17563.48;-105.73
17566.41;-105.89
17569.34;-105.97
17572.27;-105.73
17575.20;-105.73
17578.13;-105.89
17581.05;-105.89
17583.98;-105.89
17586.91;-105.97
17589.84;-106.12
17592.77;-106.28
17595.70;-106.20
17598.63;-106.12
17601.56;-106.20
17604.49;-105.73
17607.42;-105.81
17610.35;-105.81
17613.28;-105.73
17616.21;-105.66
17619.14;-105.81
17622.07;-105.89
17625.00;-106.05
17627.93;-106.12
17630.86;-105.89
17633.79;-105.89
17636.72;-105.73
17639.65;-105.50
17642.58;-105.81
17645.51;-106.05
17648.44;-105.89
17651.37;-105.97
17654.30;-106.05
17657.23;-105.97
17660.16;-106.05
17663.09;-106.44
17666.02;-105.97
17668.95;-105.73
17671.88;-105.81
17674.80;-105.97
17677.73;-105.73
17680.66;-105.81
17683.59;-105.89
17686.52;-105.89
17689.45;-106.12
17692.38;-106.12
17695.31;-105.89
17698.24;-106.20
17701.17;-106.12
17704.10;-105.89
17707.03;-105.81
17709.96;-105.97
17712.89;-105.66
17715.82;-105.73
17718.75;-105.66
17721.68;-105.81
17724.61;-105.81
17727.54;-105.97
17730.47;-105.66
17733.40;-105.89
17736.33;-105.73
17739.26;-105.81
17742.19;-105.81
17745.12;-105.89
17748.05;-105.73
17750.98;-105.97
17753.91;-105.97
17756.84;-105.89
17759.77;-105.89
17762.70;-105.97
17765.63;-105.97
17768.55;-105.97
17771.48;-106.12
17774.41;-105.89
17777.34;-105.81
17780.27;-105.81
17783.20;-105.73
17786.13;-105.73
17789.06;-105.73
17791.99;-105.81
17794.92;-105.89
17797.85;-106.12
17800.78;-105.97
17803.71;-105.89
17806.64;-105.73
17809.57;-105.66
17812.50;-105.73
17815.43;-105.73
17818.36;-105.97
17821.29;-105.97
17824.22;-105.89
17827.15;-105.81
17830.08;-105.89
17833.01;-105.73
17835.94;-105.66
17838.87;-105.73
17841.80;-106.05
17844.73;-105.66
17847.66;-105.73
17850.59;-105.66
17853.52;-105.73
17856.45;-105.58
17859.38;-105.58
17862.30;-105.81
17865.23;-105.73
17868.16;-105.97
17871.09;-105.89
17874.02;-105.97
17876.95;-105.73
17879.88;-105.89
17882.81;-105.97
17885.74;-106.05
17888.67;-105.73
17891.60;-105.81
17894.53;-105.89
17897.46;-105.81
17900.39;-105.66
17903.32;-105.58
17906.25;-105.50
17909.18;-105.42
17912.11;-105.66
17915.04;-105.58
17917.97;-105.89
17920.90;-105.89
17923.83;-105.89
17926.76;-105.89
17929.69;-105.73
17932.62;-105.58
17935.55;-105.97
17938.48;-105.89
17941.41;-105.66
17944.34;-105.97
17947.27;-105.89
17950.20;-105.50
17953.13;-105.58
17956.05;-105.89
17958.98;-105.73
17961.91;-105.66
17964.84;-105.73
17967.77;-105.58
17970.70;-105.58
17973.63;-105.73
17976.56;-105.89
17979.49;-105.58
17982.42;-105.58
17985.35;-105.81
17988.28;-105.97
17991.21;-105.89
17994.14;-105.89
17997.07;-105.66
18000.00;-105.89
18002.93;-106.05
18005.86;-105.89
18008.79;-105.66
18011.72;-105.73
18014.65;-105.81
18017.58;-105.81
18020.51;-105.42
18023.44;-105.66
18026.37;-105.73
18029.30;-105.66
18032.23;-105.50
18035.16;-105.73
18038.09;-105.73
18041.02;-105.97
18043.95;-105.73
18046.88;-105.50
18049.80;-106.05
18052.73;-106.05
18055.66;-105.97
18058.59;-105.73
18061.52;-105.81
18064.45;-105.97
18067.38;-105.89
18070.31;-105.81
18073.24;-105.81
18076.17;-105.97
18079.10;-105.73
18082.03;-105.66
18084.96;-106.05
18087.89;-105.89
18090.82;-105.66
18093.75;-105.66
18096.68;-105.42
18099.61;-105.58
18102.54;-105.97
18105.47;-105.89
18108.40;-105.97
18111.33;-105.73
18114.26;-105.42
18117.19;-105.58
18120.12;-105.58
18123.05;-105.89
18125.98;-105.81
18128.91;-105.97
18131.84;-105.81
18134.77;-105.73
18137.70;-105.73
18140.63;-105.58
18143.55;-105.73
18146.48;-105.89
18149.41;-105.73
18152.34;-105.73
18155.27;-105.66
18158.20;-105.50
18161.13;-105.89
18164.06;-105.66
18166.99;-105.50
18169.92;-105.81
18172.85;-105.66
18175.78;-105.81
18178.71;-105.58
18181.64;-105.66
18184.57;-105.66
18187.50;-105.66
18190.43;-105.73
18193.36;-105.42
18196.29;-105.66
18199.22;-105.66
18202.15;-105.50
18205.08;-105.42
18208.01;-105.66
18210.94;-105.73
18213.87;-105.66
18216.80;-105.73
18219.73;-105.58
18222.66;-105.73
18225.59;-105.66
18228.52;-105.50
18231.45;-105.50
18234.38;-105.42
18237.30;-105.58
18240.23;-105.58
18243.16;-105.50
18246.09;-105.66
18249.02;-105.66
18251.95;-105.50
18254.88;-105.50
18257.81;-105.73
18260.74;-105.50
18263.67;-105.50
18266.60;-105.42
18269.53;-105.58
18272.46;-105.89
18275.39;-105.50
18278.32;-105.34
18281.25;-105.42
18284.18;-105.73
18287.11;-105.73
18290.04;-105.66
18292.97;-105.73
18295.90;-105.66
18298.83;-105.73
18301.76;-105.58
18304.69;-105.34
18307.62;-105.50
18310.55;-105.58
18313.48;-105.42
18316.41;-105.66
18319.34;-105.73
18322.27;-105.73
18325.20;-105.89
18328.13;-105.58
18331.05;-105.50
18333.98;-105.50
18336.91;-105.89
18339.84;-105.81
18342.77;-105.89
18345.70;-105.73
18348.63;-105.42
18351.56;-105.73
18354.49;-105.81
18357.42;-105.66
18360.35;-105.58
18363.28;-105.42
18366.21;-105.50
18369.14;-105.81
18372.07;-105.73
18375.00;-105.89
18377.93;-105.97
18380.86;-105.58
18383.79;-105.42
18386.72;-105.66
18389.65;-105.58
18392.58;-105.50
18395.51;-105.66
18398.44;-105.58
18401.37;-105.58
18404.30;-105.58
18407.23;-105.81
18410.16;-105.66
18413.09;-105.66
18416.02;-105.97
18418.95;-105.66
18421.88;-105.42
18424.80;-105.50
18427.73;-105.42
18430.66;-105.34
18433.59;-105.42
18436.52;-105.34
18439.45;-105.73
18442.38;-105.58
18445.31;-105.73
18448.24;-105.66
18451.17;-105.50
18454.10;-105.42
18457.03;-105.50
18459.96;-105.66
18462.89;-105.81
18465.82;-105.89
18468.75;-105.73
18471.68;-105.66
18474.61;-105.50
18477.54;-105.58
18480.47;-105.58
18483.40;-105.42
18486.33;-105.34
18489.26;-105.34
18492.19;-105.42
18495.12;-105.81
18498.05;-105.73
18500.98;-105.42
18503.91;-105.58
18506.84;-105.34
18509.77;-105.50
18512.70;-105.50
18515.63;-105.26
18518.55;-105.50
18521.48;-105.50
18524.41;-105.66
18527.34;-105.34
18530.27;-105.42
18533.20;-105.42
18536.13;-105.26
18539.06;-105.26
18541.99;-105.26
18544.92;-105.34
18547.85;-105.58
18550.78;-105.81
18553.71;-105.34
18556.64;-105.73
18559.57;-105.73
18562.50;-105.73
18565.43;-105.58
18568.36;-105.50
18571.29;-105.58
18574.22;-105.50
18577.15;-105.58
18580.08;-105.97
18583.01;-105.97
18585.94;-105.66
18588.87;-105.50
18591.80;-105.50
18594.73;-105.58
18597.66;-105.50
18600.59;-105.66
18603.52;-105.66
18606.45;-105.97
18609.38;-105.81
18612.30;-105.58
18615.23;-105.34
18618.16;-105.34
18621.09;-105.42
18624.02;-105.50
18626.95;-105.50
18629.88;-105.81
18632.81;-105.81
18635.74;-105.66
18638.67;-105.58
18641.60;-105.50
18644.53;-105.66
18647.46;-105.42
18650.39;-105.97
18653.32;-105.97
18656.25;-105.42
18659.18;-105.42
18662.11;-105.26
18665.04;-105.34
18667.97;-105.73
18670.90;-105.66
18673.83;-105.66
18676.76;-105.50
18679.69;-105.58
18682.62;-105.66
18685.55;-105.81
18688.48;-105.81
18691.41;-105.50
18694.34;-105.34
18697.27;-105.50
18700.20;-105.42
18703.13;-105.42
18706.05;-105.42
18708.98;-105.50
18711.91;-105.50
18714.84;-105.50
18717.77;-105.34
18720.70;-105.42
18723.63;-105.50
18726.56;-105.42
18729.49;-105.42
18732.42;-105.34
18735.35;-105.26
18738.28;-105.66
18741.21;-105.73
18744.14;-105.58
18747.07;-105.97
18750.00;-105.81
18752.93;-105.42
18755.86;-105.58
18758.79;-105.42
18761.72;-105.50
18764.65;-105.19
18767.58;-105.26
18770.51;-105.66
18773.44;-105.58
18776.37;-105.26
18779.30;-105.19
18782.23;-105.11
18785.16;-105.34
18788.09;-105.42
18791.02;-105.34
18793.95;-105.42
18796.88;-105.42
18799.80;-105.58
18802.73;-105.50
18805.66;-105.50
18808.59;-105.34
18811.52;-105.50
18814.45;-105.50
18817.38;-105.42
18820.31;-105.73
18823.24;-105.81
18826.17;-105.66
18829.10;-105.50
18832.03;-105.26
18834.96;-105.26
18837.89;-105.58
18840.82;-105.42
18843.75;-105.34
18846.68;-105.34
18849.61;-105.42
18852.54;-105.58
18855.47;-105.58
18858.40;-105.50
18861.33;-105.50
18864.26;-105.19
18867.19;-105.26
18870.12;-105.34
18873.05;-105.03
18875.98;-105.26
18878.91;-105.66
18881.84;-105.58
18884.77;-105.50
18887.70;-105.81
18890.63;-105.58
18893.55;-105.50
18896.48;-105.58
18899.41;-105.66
18902.34;-105.66
18905.27;-105.42
18908.20;-105.42
18911.13;-105.34
18914.06;-105.42
18916.99;-105.50
18919.92;-105.50
18922.85;-105.19
18925.78;-105.03
18928.71;-105.11
18931.64;-105.19
18934.57;-105.34
18937.50;-105.73
18940.43;-105.66
18943.36;-105.26
18946.29;-105.11
18949.22;-105.11
18952.15;-105.11
18955.08;-105.34
18958.01;-105.66
18960.94;-105.81
18963.87;-105.58
18966.80;-105.34
18969.73;-105.50
18972.66;-105.42
18975.59;-105.42
18978.52;-105.34
18981.45;-105.34
18984.38;-105.42
18987.30;-105.26
18990.23;-105.26
18993.16;-105.66
18996.09;-105.58
18999.02;-105.26
19001.95;-105.42
19004.88;-105.19
19007.81;-105.34
19010.74;-105.50
19013.67;-105.34
19016.60;-105.26
19019.53;-105.50
19022.46;-105.50
19025.39;-105.19
19028.32;-104.87
19031.25;-105.03
19034.18;-105.50
19037.11;-105.66
19040.04;-105.42
19042.97;-105.42
19045.90;-105.50
19048.83;-105.42
19051.76;-105.11
19054.69;-105.19
19057.62;-105.34
19060.55;-105.42
19063.48;-105.42
19066.41;-105.50
19069.34;-105.42
19072.27;-105.58
19075.20;-105.50
19078.13;-105.34
19081.05;-105.19
19083.98;-105.26
19086.91;-105.58
19089.84;-105.58
19092.77;-105.50
19095.70;-105.66
19098.63;-105.42
19101.56;-105.50
19104.49;-105.34
19107.42;-105.42
19110.35;-105.58
19113.28;-105.50
19116.21;-105.50
19119.14;-105.50
19122.07;-105.26
19125.00;-105.34
19127.93;-105.42
19130.86;-105.34
19133.79;-105.42
19136.72;-105.34
19139.65;-105.42
19142.58;-105.50
19145.51;-105.42
19148.44;-105.42
19151.37;-105.42
19154.30;-105.19
19157.23;-105.50
19160.16;-105.58
19163.09;-105.42
19166.02;-105.19
19168.95;-105.19
19171.88;-105.11
19174.80;-105.34
19177.73;-105.26
19180.66;-105.26
19183.59;-105.58
19186.52;-105.58
19189.45;-105.34
19192.38;-105.26
19195.31;-105.19
19198.24;-105.19
19201.17;-105.34
19204.10;-105.26
19207.03;-105.19
19209.96;-105.26
19212.89;-105.42
19215.82;-105.50
19218.75;-105.34
19221.68;-105.34
19224.61;-105.50
19227.54;-105.34
19230.47;-105.26
19233.40;-105.34
19236.33;-105.34
19239.26;-105.50
19242.19;-105.26
19245.12;-105.19
19248.05;-105.34
19250.98;-105.11
19253.91;-105.11
19256.84;-105.42
19259.77;-105.58
19262.70;-105.50
19265.63;-105.26
19268.55;-105.03
19271.48;-105.19
19274.41;-105.26
19277.34;-105.19
19280.27;-105.34
19283.20;-105.26
19286.13;-105.19
19289.06;-105.42
19291.99;-105.19
19294.92;-105.03
19297.85;-105.11
19300.78;-105.42
19303.71;-105.58
19306.64;-105.42
19309.57;-105.34
19312.50;-105.19
19315.43;-105.19
19318.36;-105.42
19321.29;-105.50
19324.22;-105.58
19327.15;-105.42
19330.08;-105.26
19333.01;-105.26
19335.94;-105.34
19338.87;-105.19
19341.80;-105.26
19344.73;-105.50
19347.66;-105.26
19350.59;-105.19
19353.52;-104.95
19356.45;-105.11
19359.38;-105.42
19362.30;-105.42
19365.23;-105.03
19368.16;-104.95
19371.09;-105.34
19374.02;-105.34
19376.95;-105.19
19379.88;-105.34
19382.81;-105.34
19385.74;-105.34
19388.67;-105.26
19391.60;-105.19
19394.53;-105.50
19397.46;-105.50
19400.39;-105.11
19403.32;-105.03
19406.25;-105.42
19409.18;-105.26
19412.11;-105.26
19415.04;-105.19
19417.97;-105.11
19420.90;-105.11
19423.83;-105.34
19426.76;-105.26
19429.69;-105.19
19432.62;-105.50
19435.55;-105.34
19438.48;-105.11
19441.41;-105.34
19444.34;-105.26
19447.27;-105.19
19450.20;-105.19
19453.13;-105.11
19456.05;-105.19
19458.98;-105.03
19461.91;-105.11
19464.84;-105.11
19467.77;-105.34
19470.70;-105.66
19473.63;-105.50
19476.56;-105.19
19479.49;-105.03
19482.42;-105.03
19485.35;-105.26
19488.28;-105.19
19491.21;-105.42
19494.14;-105.58
19497.07;-105.11
19500.00;-104.87
19502.93;-104.80
19505.86;-105.11
19508.79;-105.26
19511.72;-105.03
19514.65;-105.03
19517.58;-105.03
19520.51;-105.11
19523.44;-105.50
19526.37;-105.34
19529.30;-105.19
19532.23;-105.11
19535.16;-105.19
19538.09;-105.11
19541.02;-105.34
19543.95;-105.34
19546.88;-105.42
19549.80;-105.19
19552.73;-105.19
19555.66;-105.19
19558.59;-105.26
19561.52;-105.34
19564.45;-105.26
19567.38;-105.42
19570.31;-105.42
19573.24;-105.50
19576.17;-105.19
19579.10;-105.11
19582.03;-105.19
19584.96;-105.50
19587.89;-105.26
19590.82;-105.26
19593.75;-105.19
19596.68;-105.19
19599.61;-105.42
19602.54;-105.34
19605.47;-105.19
19608.40;-105.42
19611.33;-105.26
19614.26;-105.11
19617.19;-105.19
19620.12;-105.19
19623.05;-105.11
19625.98;-104.95
19628.91;-104.95
19631.84;-105.11
19634.77;-105.19
19637.70;-104.80
19640.63;-104.87
19643.55;-105.03
19646.48;-105.11
19649.41;-105.26
19652.34;-105.19
19655.27;-105.26
19658.20;-105.42
19661.13;-105.19
19664.06;-105.11
19666.99;-105.19
19669.92;-105.26
19672.85;-105.26
19675.78;-105.19
19678.71;-105.26
19681.64;-105.19
19684.57;-105.19
19687.50;-105.11
19690.43;-105.03
19693.36;-105.26
19696.29;-105.26
19699.22;-105.11
19702.15;-105.34
19705.08;-105.42
19708.01;-105.26
19710.94;-105.11
19713.87;-105.11
19716.80;-105.11
19719.73;-105.19
19722.66;-105.19
19725.59;-105.03
19728.52;-105.03
19731.45;-105.11
19734.38;-105.03
19737.30;-105.19
19740.23;-105.19
19743.16;-104.87
19746.09;-105.19
19749.02;-105.34
19751.95;-105.34
19754.88;-105.11
19757.81;-104.80
19760.74;-104.87
19763.67;-105.34
19766.60;-105.11
19769.53;-104.95
19772.46;-104.95
19775.39;-105.03
19778.32;-104.95
19781.25;-104.80
19784.18;-105.11
19787.11;-105.26
19790.04;-105.19
19792.97;-104.80
19795.90;-105.11
19798.83;-105.19
19801.76;-105.34
19804.69;-105.11
19807.62;-105.26
19810.55;-105.19
19813.48;-105.19
19816.41;-105.03
19819.34;-104.95
19822.27;-105.11
19825.20;-105.19
19828.13;-105.19
19831.05;-105.26
19833.98;-105.11
19836.91;-105.11
19839.84;-105.03
19842.77;-105.26
19845.70;-105.26
19848.63;-105.58
19851.56;-105.34
19854.49;-105.03
19857.42;-105.03
19860.35;-105.11
19863.28;-105.19
19866.21;-105.11
19869.14;-105.11
19872.07;-105.26
19875.00;-105.19
19877.93;-105.11
19880.86;-105.03
19883.79;-105.03
19886.72;-104.95
19889.65;-105.26
19892.58;-105.03
19895.51;-104.95
19898.44;-104.95
19901.37;-105.11
19904.30;-105.11
19907.23;-105.11
19910.16;-105.19
19913.09;-105.19
19916.02;-105.03
19918.95;-104.95
19921.88;-105.03
19924.80;-105.03
19927.73;-105.03
19930.66;-105.19
19933.59;-105.42
19936.52;-105.34
19939.45;-105.26
19942.38;-105.03
19945.31;-105.03
19948.24;-105.03
19951.17;-105.03
19954.10;-105.11
19957.03;-104.80
19959.96;-105.03
19962.89;-105.19
19965.82;-105.03
19968.75;-105.11
19971.68;-104.95
19974.61;-104.95
19977.54;-104.80
19980.47;-104.87
19983.40;-105.11
19986.33;-105.11
19989.26;-104.95
19992.19;-104.95
19995.12;-105.03
19998.05;-105.19
20000.98;-105.19
20003.91;-105.11
20006.84;-104.95
20009.77;-104.95
20012.70;-104.87
20015.63;-104.80
20018.55;-104.87
20021.48;-105.11
20024.41;-104.72
20027.34;-104.64
20030.27;-104.95
20033.20;-104.95
20036.13;-104.80
20039.06;-104.87
20041.99;-105.19
20044.92;-105.03
20047.85;-104.95
20050.78;-105.03
20053.71;-105.11
20056.64;-105.26
20059.57;-104.87
20062.50;-104.80
20065.43;-105.03
20068.36;-105.03
20071.29;-104.72
20074.22;-104.72
20077.15;-104.87
20080.08;-104.95
20083.01;-105.34
20085.94;-105.26
20088.87;-104.87
20091.80;-104.95
20094.73;-104.80
20097.66;-104.80
20100.59;-105.19
20103.52;-105.42
20106.45;-105.26
20109.38;-105.11
20112.30;-104.87
20115.23;-104.64
20118.16;-104.72
20121.09;-104.87
20124.02;-105.19
20126.95;-105.26
20129.88;-105.03
20132.81;-105.11
20135.74;-105.19
20138.67;-105.11
20141.60;-105.26
20144.53;-105.11
20147.46;-104.87
20150.39;-104.95
20153.32;-104.87
20156.25;-104.87
20159.18;-105.03
20162.11;-105.11
20165.04;-104.87
20167.97;-104.80
20170.90;-104.87
20173.83;-104.80
20176.76;-104.95
20179.69;-104.87
20182.62;-105.19
20185.55;-105.19
20188.48;-105.03
20191.41;-104.80
20194.34;-104.72
20197.27;-105.03
20200.20;-105.19
20203.13;-105.19
20206.05;-105.26
20208.98;-105.03
20211.91;-104.72
20214.84;-104.80
20217.77;-104.72
20220.70;-105.03
20223.63;-105.34
20226.56;-105.19
20229.49;-105.11
20232.42;-105.26
20235.35;-105.03
20238.28;-104.95
20241.21;-105.03
20244.14;-104.87
20247.07;-104.87
20250.00;-105.11
20252.93;-104.95
20255.86;-104.87
20258.79;-105.03
20261.72;-104.95
20264.65;-104.87
20267.58;-104.87
20270.51;-105.19
20273.44;-104.95
20276.37;-104.80
20279.30;-104.72
20282.23;-104.80
20285.16;-105.11
20288.09;-104.87
20291.02;-104.95
20293.95;-105.03
20296.88;-105.19
20299.80;-104.87
20302.73;-104.72
20305.66;-104.80
20308.59;-104.72
20311.52;-104.80
20314.45;-105.11
20317.38;-104.95
20320.31;-104.80
20323.24;-104.95
20326.17;-105.26
20329.10;-105.11
20332.03;-105.03
20334.96;-104.95
20337.89;-104.95
20340.82;-105.11
20343.75;-105.03
20346.68;-105.11
20349.61;-104.87
20352.54;-104.95
20355.47;-105.19
20358.40;-104.95
20361.33;-105.03
20364.26;-104.87
20367.19;-104.80
20370.12;-104.95
20373.05;-104.87
20375.98;-104.95
20378.91;-104.87
20381.84;-104.64
20384.77;-104.72
20387.70;-104.87
20390.63;-105.03
20393.55;-105.03
20396.48;-104.80
20399.41;-104.72
20402.34;-104.72
20405.27;-104.87
20408.20;-104.72
20411.13;-104.87
20414.06;-104.80
20416.99;-104.95
20419.92;-105.03
20422.85;-105.03
20425.78;-105.03
20428.71;-104.87
20431.64;-104.56
20434.57;-104.56
20437.50;-104.87
20440.43;-105.11
20443.36;-104.87
20446.29;-104.72
20449.22;-104.80
20452.15;-104.72
20455.08;-104.87
20458.01;-104.87
20460.94;-104.95
20463.87;-104.80
20466.80;-104.95
20469.73;-104.95
20472.66;-104.95
20475.59;-105.03
20478.52;-104.87
20481.45;-104.87
20484.38;-104.95
20487.30;-105.11
20490.23;-105.03
20493.16;-104.95
20496.09;-104.80
20499.02;-105.03
20501.95;-104.87
20504.88;-104.80
20507.81;-104.72
20510.74;-104.80
20513.67;-104.87
20516.60;-104.95
20519.53;-104.87
20522.46;-105.19
20525.39;-105.03
20528.32;-104.95
20531.25;-105.11
20534.18;-105.19
20537.11;-104.80
20540.04;-104.80
20542.97;-104.56
20545.90;-104.48
20548.83;-104.72
20551.76;-104.87
20554.69;-104.56
20557.62;-104.72
20560.55;-104.95
20563.48;-104.48
20566.41;-104.48
20569.34;-104.80
20572.27;-105.11
20575.20;-104.95
20578.13;-104.80
20581.05;-105.03
20583.98;-104.87
20586.91;-104.87
20589.84;-104.95
20592.77;-104.64
20595.70;-104.64
20598.63;-104.80
20601.56;-104.64
20604.49;-104.95
20607.42;-104.80
20610.35;-104.48
20613.28;-104.56
20616.21;-104.64
20619.14;-104.80
20622.07;-104.72
20625.00;-104.87
20627.93;-104.87
20630.86;-104.80
20633.79;-104.48
20636.72;-104.80
20639.65;-105.03
20642.58;-104.87
20645.51;-104.72
20648.44;-105.03
20651.37;-105.03
20654.30;-104.64
20657.23;-104.72
20660.16;-104.87
20663.09;-105.19
20666.02;-105.19
20668.95;-105.03
20671.88;-104.72
20674.80;-104.64
20677.73;-104.72
20680.66;-104.87
20683.59;-104.95
20686.52;-104.87
20689.45;-104.80
20692.38;-104.72
20695.31;-104.80
20698.24;-104.72
20701.17;-104.95
20704.10;-104.95
20707.03;-104.72
20709.96;-104.95
20712.89;-104.87
20715.82;-104.80
20718.75;-105.03
20721.68;-104.95
20724.61;-104.56
20727.54;-104.64
20730.47;-104.95
20733.40;-104.80
20736.33;-104.56
20739.26;-104.56
20742.19;-104.87
20745.12;-104.87
20748.05;-104.64
20750.98;-104.72
20753.91;-104.72
20756.84;-104.48
20759.77;-104.41
20762.70;-104.56
20765.63;-104.80
20768.55;-104.87
20771.48;-105.11
20774.41;-105.19
20777.34;-105.19
20780.27;-104.80
20783.20;-104.48
20786.13;-104.64
20789.06;-104.80
20791.99;-104.64
20794.92;-104.80
20797.85;-104.64
20800.78;-104.72
20803.71;-104.64
20806.64;-104.87
20809.57;-104.87
20812.50;-104.95
20815.43;-105.03
20818.36;-104.80
20821.29;-104.95
20824.22;-104.72
20827.15;-104.56
20830.08;-104.64
20833.01;-104.56
20835.94;-104.80
20838.87;-104.80
20841.80;-104.56
20844.73;-104.56
20847.66;-104.95
20850.59;-104.87
20853.52;-104.56
20856.45;-104.80
20859.38;-104.56
20862.30;-104.33
20865.23;-104.80
20868.16;-104.87
20871.09;-104.87
20874.02;-104.64
20876.95;-104.64
20879.88;-104.48
20882.81;-104.48
20885.74;-104.48
20888.67;-104.48
20891.60;-104.72
20894.53;-104.64
20897.46;-104.87
20900.39;-104.80
20903.32;-104.87
20906.25;-104.64
20909.18;-104.87
20912.11;-105.03
20915.04;-104.80
20917.97;-104.72
20920.90;-104.64
20923.83;-104.56
20926.76;-104.64
20929.69;-104.64
20932.62;-104.48
20935.55;-104.48
20938.48;-104.56
20941.41;-104.64
20944.34;-104.72
20947.27;-104.87
20950.20;-104.64
20953.13;-104.64
20956.05;-104.72
20958.98;-104.72
20961.91;-104.72
20964.84;-104.72
20967.77;-104.64
20970.70;-104.56
20973.63;-104.48
20976.56;-104.64
20979.49;-104.87
20982.42;-105.03
20985.35;-105.03
20988.28;-104.80
20991.21;-104.72
20994.14;-104.87
20997.07;-104.80
21000.00;-104.80
21002.93;-104.80
21005.86;-104.64
21008.79;-104.80
21011.72;-104.80
21014.65;-104.87
21017.58;-104.95
21020.51;-104.56
21023.44;-104.33
21026.37;-104.48
21029.30;-104.80
21032.23;-104.72
21035.16;-104.64
21038.09;-104.95
21041.02;-104.95
21043.95;-104.64
21046.88;-104.56
21049.80;-104.64
21052.73;-104.72
21055.66;-104.87
21058.59;-105.03
21061.52;-104.87
21064.45;-104.80
21067.38;-104.56
21070.31;-104.41
21073.24;-104.64
21076.17;-104.48
21079.10;-104.33
21082.03;-104.80
21084.96;-104.72
21087.89;-104.64
21090.82;-104.72
21093.75;-104.64
21096.68;-104.64
21099.61;-104.56
21102.54;-104.48
21105.47;-104.72
21108.40;-104.64
21111.33;-104.80
21114.26;-104.72
21117.19;-104.87
21120.12;-104.80
21123.05;-104.56
21125.98;-104.41
21128.91;-104.56
21131.84;-104.48
21134.77;-104.64
21137.70;-104.72
21140.63;-104.72
21143.55;-104.80
21146.48;-104.56
21149.41;-104.56
21152.34;-104.33
21155.27;-104.25
21158.20;-104.25
21161.13;-104.56
21164.06;-104.48
21166.99;-104.72
21169.92;-104.95
21172.85;-104.56
21175.78;-104.80
21178.71;-104.80
21181.64;-104.64
21184.57;-105.03
21187.50;-105.03
21190.43;-104.87
21193.36;-104.87
21196.29;-104.64
21199.22;-104.80
21202.15;-104.64
21205.08;-104.64
21208.01;-104.72
21210.94;-104.95
21213.87;-104.80
21216.80;-104.72
21219.73;-104.56
21222.66;-104.48
21225.59;-104.72
21228.52;-104.87
21231.45;-104.64
21234.38;-104.64
21237.30;-104.56
21240.23;-104.41
21243.16;-104.64
21246.09;-104.64
21249.02;-104.56
21251.95;-104.48
21254.88;-104.33
21257.81;-104.33
21260.74;-104.56
21263.67;-104.56
21266.60;-104.41
21269.53;-104.56
21272.46;-104.41
21275.39;-104.33
21278.32;-104.33
21281.25;-104.41
21284.18;-104.41
21287.11;-104.64
21290.04;-104.87
21292.97;-104.87
21295.90;-105.11
21298.83;-104.72
21301.76;-104.56
21304.69;-104.72
21307.62;-104.48
21310.55;-104.56
21313.48;-104.56
21316.41;-104.48
21319.34;-104.56
21322.27;-104.48
21325.20;-104.41
21328.13;-104.56
21331.05;-104.33
21333.98;-104.48
21336.91;-104.33
21339.84;-104.48
21342.77;-104.56
21345.70;-104.72
21348.63;-104.64
21351.56;-104.80
21354.49;-104.48
21357.42;-104.56
21360.35;-104.72
21363.28;-104.64
21366.21;-104.80
21369.14;-104.80
21372.07;-104.64
21375.00;-104.64
21377.93;-104.80
21380.86;-104.80
21383.79;-104.87
21386.72;-104.64
21389.65;-104.25
21392.58;-104.33
21395.51;-104.25
21398.44;-104.25
21401.37;-104.48
21404.30;-104.80
21407.23;-104.87
21410.16;-104.72
21413.09;-104.72
21416.02;-104.72
21418.95;-104.41
21421.88;-104.41
21424.80;-104.72
21427.73;-104.56
21430.66;-104.72
21433.59;-104.80
21436.52;-104.87
21439.45;-104.72
21442.38;-104.72
21445.31;-104.72
21448.24;-104.72
21451.17;-104.72
21454.10;-104.80
21457.03;-104.72
21459.96;-104.41
21462.89;-104.64
21465.82;-104.80
21468.75;-104.72
21471.68;-104.56
21474.61;-104.41
21477.54;-104.56
21480.47;-104.80
21483.40;-104.64
21486.33;-104.64
21489.26;-104.48
21492.19;-104.33
21495.12;-104.33
21498.05;-104.33
21500.98;-104.56
21503.91;-104.48
21506.84;-104.41
21509.77;-104.64
21512.70;-104.56
21515.63;-104.25
21518.55;-104.48
21521.48;-104.80
21524.41;-104.72
21527.34;-104.64
21530.27;-104.80
21533.20;-104.56
21536.13;-104.33
21539.06;-104.56
21541.99;-104.64
21544.92;-104.72
21547.85;-104.56
21550.78;-104.41
21553.71;-104.41
21556.64;-104.33
21559.57;-104.56
21562.50;-104.80
21565.43;-104.72
21568.36;-104.64
21571.29;-104.56
21574.22;-104.48
21577.15;-104.48
21580.08;-104.41
21583.01;-104.48
21585.94;-104.33
21588.87;-104.41
21591.80;-104.48
21594.73;-104.48
21597.66;-104.56
21600.59;-104.64
21603.52;-104.56
21606.45;-104.56
21609.38;-104.41
21612.30;-104.48
21615.23;-104.56
21618.16;-104.41
21621.09;-104.33
21624.02;-104.48
21626.95;-104.56
21629.88;-104.41
21632.81;-104.56
21635.74;-104.41
21638.67;-104.48
21641.60;-104.56
21644.53;-104.80
21647.46;-104.72
21650.39;-104.56
21653.32;-104.72
21656.25;-104.72
21659.18;-104.72
21662.11;-104.72
21665.04;-104.64
21667.97;-104.48
21670.90;-104.48
21673.83;-104.33
21676.76;-104.41
21679.69;-104.56
21682.62;-104.56
21685.55;-104.41
21688.48;-104.72
21691.41;-104.72
21694.34;-104.56
21697.27;-104.56
21700.20;-104.48
21703.13;-104.41
21706.05;-104.17
21708.98;-104.25
21711.91;-104.72
21714.84;-104.48
21717.77;-104.41
21720.70;-104.33
21723.63;-104.33
21726.56;-104.09
21729.49;-104.41
21732.42;-104.33
21735.35;-104.33
21738.28;-104.25
21741.21;-104.41
21744.14;-104.72
21747.07;-104.64
21750.00;-104.33
21752.93;-104.33
21755.86;-104.41
21758.79;-104.33
21761.72;-104.25
21764.65;-104.41
21767.58;-104.48
21770.51;-104.48
21773.44;-104.48
21776.37;-104.33
21779.30;-104.41
21782.23;-104.56
21785.16;-104.41
21788.09;-104.48
21791.02;-104.48
21793.95;-104.41
21796.88;-104.33
21799.80;-104.48
21802.73;-104.41
21805.66;-104.33
21808.59;-104.80
21811.52;-104.87
21814.45;-104.87
21817.38;-104.48
21820.31;-104.87
21823.24;-104.87
21826.17;-104.56
21829.10;-104.41
21832.03;-104.56
21834.96;-104.48
21837.89;-104.33
21840.82;-104.17
21843.75;-104.09
21846.68;-104.48
21849.61;-104.17
21852.54;-104.33
21855.47;-104.48
21858.40;-104.41
21861.33;-104.48
21864.26;-104.25
21867.19;-104.25
21870.12;-104.33
21873.05;-104.25
21875.98;-104.64
21878.91;-104.56
21881.84;-104.56
21884.77;-104.64
21887.70;-104.87
21890.63;-104.64
21893.55;-104.17
21896.48;-103.94
21899.41;-104.25
21902.34;-104.33
21905.27;-104.41
21908.20;-104.48
21911.13;-104.64
21914.06;-104.48
21916.99;-104.25
21919.92;-104.41
21922.85;-104.33
21925.78;-104.41
21928.71;-104.64
21931.64;-104.48
21934.57;-104.48
21937.50;-104.64
21940.43;-104.33
21943.36;-104.41
21946.29;-104.64
21949.22;-104.64
21952.15;-104.41
21955.08;-104.48
21958.01;-104.64
21960.94;-104.64
21963.87;-104.41
21966.80;-104.48
21969.73;-104.25
21972.66;-104.25
21975.59;-104.09
21978.52;-104.17
21981.45;-104.64
21984.38;-104.64
21987.30;-104.72
21990.23;-104.17
21993.16;-104.01
21996.09;-104.17
21999.02;-104.33
22001.95;-104.72
22004.88;-104.64
22007.81;-104.41
22010.74;-104.48
22013.67;-104.41
22016.60;-104.17
22019.53;-104.33
22022.46;-104.41
22025.39;-104.33
22028.32;-104.41
22031.25;-104.41
22034.18;-104.33
22037.11;-104.25
22040.04;-104.41
22042.97;-104.64
22045.90;-104.64
22048.83;-104.25
22051.76;-104.41
22054.69;-104.33
22057.62;-104.25
22060.55;-104.17
22063.48;-104.41
22066.41;-104.41
22069.34;-104.56
22072.27;-104.72
22075.20;-104.80
22078.13;-104.56
22081.05;-104.64
22083.98;-104.48
22086.91;-104.33
22089.84;-104.33
22092.77;-104.09
22095.70;-104.25
22098.63;-104.48
22101.56;-104.41
22104.49;-104.33
22107.42;-104.25
22110.35;-104.48
22113.28;-104.41
22116.21;-104.09
22119.14;-104.17
22122.07;-104.41
22125.00;-104.33
22127.93;-104.33
22130.86;-104.33
22133.79;-104.33
22136.72;-104.17
22139.65;-104.09
22142.58;-104.09
22145.51;-104.25
22148.44;-104.25
22151.37;-104.25
22154.30;-104.17
22157.23;-104.09
22160.16;-104.48
22163.09;-104.64
22166.02;-104.25
22168.95;-103.94
22171.88;-104.01
22174.80;-104.17
22177.73;-104.41
22180.66;-104.33
22183.59;-104.41
22186.52;-104.25
22189.45;-104.09
22192.38;-104.25
22195.31;-104.25
22198.24;-104.33
22201.17;-104.25
22204.10;-104.25
22207.03;-104.09
22209.96;-104.17
22212.89;-104.48
22215.82;-104.64
22218.75;-104.25
22221.68;-104.25
22224.61;-104.33
22227.54;-104.25
22230.47;-104.01
22233.40;-104.09
22236.33;-104.33
22239.26;-104.56
22242.19;-104.41
22245.12;-104.25
22248.05;-104.33
22250.98;-104.33
22253.91;-104.01
22256.84;-103.86
22259.77;-104.09
22262.70;-103.70
22265.63;-104.09
22268.55;-104.48
22271.48;-104.17
22274.41;-104.01
22277.34;-103.86
22280.27;-104.09
22283.20;-104.25
22286.13;-104.56
22289.06;-104.56
22291.99;-104.48
22294.92;-104.41
22297.85;-104.48
22300.78;-104.56
22303.71;-104.41
22306.64;-104.17
22309.57;-104.01
22312.50;-104.33
22315.43;-104.48
22318.36;-104.33
22321.29;-104.33
22324.22;-104.09
22327.15;-104.25
22330.08;-104.56
22333.01;-104.56
22335.94;-104.33
22338.87;-104.25
22341.80;-104.48
22344.73;-104.33
22347.66;-104.41
22350.59;-104.48
22353.52;-104.48
22356.45;-104.64
22359.38;-104.48
22362.30;-104.09
22365.23;-104.17
22368.16;-104.33
22371.09;-103.94
22374.02;-104.01
22376.95;-104.25
22379.88;-104.25
22382.81;-104.41
22385.74;-104.48
22388.67;-104.48
22391.60;-104.56
22394.53;-104.41
22397.46;-104.33
22400.39;-104.25
22403.32;-104.25
22406.25;-104.01
22409.18;-104.09
22412.11;-104.17
22415.04;-104.17
22417.97;-103.70
22420.90;-103.94
22423.83;-104.25
22426.76;-104.41
22429.69;-104.48
22432.62;-104.41
22435.55;-104.33
22438.48;-104.25
22441.41;-104.25
22444.34;-104.33
22447.27;-104.25
22450.20;-104.09
22453.13;-104.25
22456.05;-104.48
22458.98;-104.25
22461.91;-103.94
22464.84;-104.09
22467.77;-104.41
22470.70;-104.48
22473.63;-104.41
22476.56;-104.09
22479.49;-104.25
22482.42;-104.33
22485.35;-104.17
22488.28;-104.25
22491.21;-104.33
22494.14;-104.25
22497.07;-104.09
22500.00;-104.09
22502.93;-104.33
22505.86;-104.25
22508.79;-104.17
22511.72;-104.01
22514.65;-104.01
22517.58;-104.41
22520.51;-104.41
22523.44;-104.33
22526.37;-104.48
22529.30;-104.41
22532.23;-104.17
22535.16;-103.94
22538.09;-103.70
22541.02;-104.01
22543.95;-104.33
22546.88;-104.25
22549.80;-104.01
22552.73;-104.01
22555.66;-104.41
22558.59;-104.48
22561.52;-104.25
22564.45;-104.01
22567.38;-104.01
22570.31;-104.09
22573.24;-104.09
22576.17;-104.17
22579.10;-104.33
22582.03;-104.41
22584.96;-104.41
22587.89;-104.25
22590.82;-104.17
22593.75;-104.09
22596.68;-104.01
22599.61;-104.01
22602.54;-104.17
22605.47;-103.94
22608.40;-103.86
22611.33;-103.94
22614.26;-104.09
22617.19;-104.01
22620.12;-104.09
22623.05;-104.17
22625.98;-104.41
22628.91;-104.09
22631.84;-104.17
22634.77;-104.17
22637.70;-104.17
22640.63;-104.33
22643.55;-104.17
22646.48;-104.41
22649.41;-104.09
22652.34;-104.25
22655.27;-103.94
22658.20;-103.62
22661.13;-103.86
22664.06;-103.94
22666.99;-104.09
22669.92;-104.09
22672.85;-104.41
22675.78;-104.41
22678.71;-104.17
22681.64;-104.17
22684.57;-104.33
22687.50;-103.86
22690.43;-104.01
22693.36;-104.09
22696.29;-104.17
22699.22;-104.25
22702.15;-104.17
22705.08;-104.09
22708.01;-104.25
22710.94;-104.17
22713.87;-104.01
22716.80;-103.70
22719.73;-104.09
22722.66;-104.25
22725.59;-104.09
22728.52;-104.09
22731.45;-104.01
22734.38;-104.01
22737.30;-104.17
22740.23;-104.01
22743.16;-104.01
22746.09;-104.01
22749.02;-104.01
22751.95;-104.09
22754.88;-104.01
22757.81;-103.78
22760.74;-104.01
22763.67;-103.94
22766.60;-104.17
22769.53;-104.33
22772.46;-103.94
22775.39;-103.94
22778.32;-104.17
22781.25;-104.17
22784.18;-104.17
22787.11;-104.33
22790.04;-104.09
22792.97;-103.86
22795.90;-104.09
22798.83;-104.17
22801.76;-104.09
22804.69;-104.17
22807.62;-103.94
22810.55;-103.94
22813.48;-103.86
22816.41;-104.09
22819.34;-104.25
22822.27;-104.25
22825.20;-104.09
22828.13;-104.33
22831.05;-104.25
22833.98;-104.09
22836.91;-103.94
22839.84;-104.17
22842.77;-104.25
22845.70;-104.25
22848.63;-104.09
22851.56;-104.25
22854.49;-104.17
22857.42;-104.09
22860.35;-103.94
22863.28;-104.01
22866.21;-104.09
22869.14;-104.17
22872.07;-104.25
22875.00;-104.17
22877.93;-104.09
22880.86;-104.17
22883.79;-104.09
22886.72;-103.86
22889.65;-104.17
22892.58;-104.33
22895.51;-104.17
22898.44;-104.25
22901.37;-104.25
22904.30;-104.33
22907.23;-103.94
22910.16;-103.78
22913.09;-104.01
22916.02;-104.17
22918.95;-103.94
22921.88;-103.86
22924.80;-103.94
22927.73;-103.78
22930.66;-103.94
22933.59;-104.01
22936.52;-104.09
22939.45;-103.94
22942.38;-104.09
22945.31;-104.01
22948.24;-104.17
22951.17;-104.33
22954.10;-104.01
22957.03;-104.09
22959.96;-104.01
22962.89;-104.09
22965.82;-103.86
22968.75;-104.09
22971.68;-104.17
22974.61;-104.25
22977.54;-104.09
22980.47;-104.09
22983.40;-104.25
22986.33;-104.25
22989.26;-104.33
22992.19;-103.94
22995.12;-103.94
22998.05;-104.17
23000.98;-104.01
23003.91;-104.09
23006.84;-104.01
23009.77;-104.17
23012.70;-104.17
23015.63;-103.94
23018.55;-104.01
23021.48;-104.17
23024.41;-104.17
23027.34;-104.17
23030.27;-104.25
23033.20;-104.33
23036.13;-104.25
23039.06;-104.25
23041.99;-104.25
23044.92;-104.25
23047.85;-104.17
23050.78;-104.17
23053.71;-103.94
23056.64;-104.01
23059.57;-104.25
23062.50;-104.01
23065.43;-104.01
23068.36;-104.01
23071.29;-104.25
23074.22;-104.17
23077.15;-104.17
23080.08;-104.17
23083.01;-104.09
23085.94;-103.94
23088.87;-103.94
23091.80;-103.94
23094.73;-103.86
23097.66;-103.86
23100.59;-103.94
23103.52;-103.94
23106.45;-103.78
23109.38;-103.78
23112.30;-103.78
23115.23;-103.62
23118.16;-104.01
23121.09;-104.09
23124.02;-103.94
23126.95;-104.09
23129.88;-103.86
23132.81;-103.86
23135.74;-104.01
23138.67;-104.25
23141.60;-104.41
23144.53;-104.25
23147.46;-104.01
23150.39;-103.86
23153.32;-104.25
23156.25;-104.09
23159.18;-103.94
23162.11;-104.01
23165.04;-103.94
23167.97;-104.01
23170.90;-103.94
23173.83;-104.09
23176.76;-104.01
23179.69;-104.01
23182.62;-104.01
23185.55;-104.09
23188.48;-104.09
23191.41;-104.09
23194.34;-103.78
23197.27;-104.09
23200.20;-104.17
23203.13;-103.78
23206.05;-103.86
23208.98;-104.01
23211.91;-103.70
23214.84;-104.01
23217.77;-104.09
23220.70;-104.01
23223.63;-103.94
23226.56;-103.94
23229.49;-104.01
23232.42;-104.09
23235.35;-104.41
23238.28;-104.09
23241.21;-104.01
23244.14;-104.41
23247.07;-103.86
23250.00;-103.86
23252.93;-104.01
23255.86;-104.01
23258.79;-103.94
23261.72;-104.09
23264.65;-104.48
23267.58;-104.17
23270.51;-103.94
23273.44;-104.09
23276.37;-104.17
23279.30;-104.09
23282.23;-103.94
23285.16;-104.09
23288.09;-104.01
23291.02;-104.01
23293.95;-104.25
23296.88;-104.56
23299.80;-104.25
23302.73;-104.25
23305.66;-104.25
23308.59;-104.01
23311.52;-104.33
23314.45;-104.41
23317.38;-104.17
23320.31;-104.01
23323.24;-104.25
23326.17;-104.09
23329.10;-104.09
23332.03;-104.01
23334.96;-103.94
23337.89;-103.70
23340.82;-103.62
23343.75;-103.70
23346.68;-103.78
23349.61;-103.47
23352.54;-103.70
23355.47;-103.94
23358.40;-103.94
23361.33;-103.94
23364.26;-104.09
23367.19;-103.94
23370.12;-103.86
23373.05;-103.86
23375.98;-104.09
23378.91;-104.01
23381.84;-103.94
23384.77;-104.01
23387.70;-103.78
23390.63;-104.01
23393.55;-104.01
23396.48;-103.94
23399.41;-103.62
23402.34;-104.09
23405.27;-104.17
23408.20;-103.78
23411.13;-103.86
23414.06;-104.09
23416.99;-103.94
23419.92;-104.01
23422.85;-103.94
23425.78;-103.78
23428.71;-103.86
23431.64;-103.94
23434.57;-104.09
23437.50;-103.94
23440.43;-103.94
23443.36;-104.17
23446.29;-104.01
23449.22;-104.09
23452.15;-104.09
23455.08;-103.94
23458.01;-103.70
23460.94;-103.86
23463.87;-103.86
23466.80;-104.01
23469.73;-103.94
23472.66;-103.55
23475.59;-103.47
23478.52;-103.94
23481.45;-104.09
23484.38;-103.78
23487.30;-103.70
23490.23;-103.86
23493.16;-103.78
23496.09;-104.09
23499.02;-104.01
23501.95;-103.86
23504.88;-104.01
23507.81;-104.09
23510.74;-103.86
23513.67;-103.94
23516.60;-104.01
23519.53;-104.01
23522.46;-103.94
23525.39;-103.70
23528.32;-103.86
23531.25;-104.09
23534.18;-104.09
23537.11;-104.01
23540.04;-103.94
23542.97;-103.78
23545.90;-103.70
23548.83;-103.94
23551.76;-103.94
23554.69;-104.17
23557.62;-104.25
23560.55;-104.01
23563.48;-103.78
23566.41;-103.86
23569.34;-103.86
23572.27;-103.94
23575.20;-103.70
23578.13;-103.70
23581.05;-104.01
23583.98;-104.01
23586.91;-104.25
23589.84;-104.01
23592.77;-104.09
23595.70;-104.01
23598.63;-103.78
23601.56;-103.70
23604.49;-103.86
23607.42;-104.01
23610.35;-103.78
23613.28;-103.78
23616.21;-103.70
23619.14;-103.94
23622.07;-103.86
23625.00;-103.78
23627.93;-103.86
23630.86;-103.78
23633.79;-103.94
23636.72;-104.09
23639.65;-103.94
23642.58;-103.62
23645.51;-103.62
23648.44;-103.86
23651.37;-103.86
23654.30;-103.86
23657.23;-103.70
23660.16;-103.86
23663.09;-104.09
23666.02;-103.94
23668.95;-103.78
23671.88;-103.78
23674.80;-103.78
23677.73;-103.94
23680.66;-104.01
23683.59;-103.78
23686.52;-103.78
23689.45;-103.94
23692.38;-103.78
23695.31;-103.70
23698.24;-103.78
23701.17;-104.25
23704.10;-103.86
23707.03;-103.86
23709.96;-103.86
23712.89;-103.78
23715.82;-104.01
23718.75;-104.01
23721.68;-103.94
23724.61;-103.86
23727.54;-103.78
23730.47;-103.70
23733.40;-103.94
23736.33;-104.17
23739.26;-103.94
23742.19;-104.09
23745.12;-104.01
23748.05;-103.94
23750.98;-103.78
23753.91;-104.01
23756.84;-103.94
23759.77;-103.94
23762.70;-103.94
23765.63;-103.70
23768.55;-103.70
23771.48;-103.70
23774.41;-103.78
23777.34;-103.94
23780.27;-104.01
23783.20;-104.01
23786.13;-104.01
23789.06;-103.78
23791.99;-104.01
23794.92;-103.86
23797.85;-103.78
23800.78;-103.78
23803.71;-103.86
23806.64;-103.94
23809.57;-103.70
23812.50;-103.86
23815.43;-103.86
23818.36;-103.78
23821.29;-103.78
23824.22;-103.94
23827.15;-104.01
23830.08;-103.62
23833.01;-103.86
23835.94;-103.94
23838.87;-103.78
23841.80;-103.94
23844.73;-103.94
23847.66;-103.86
23850.59;-103.86
23853.52;-103.86
23856.45;-103.78
23859.38;-103.70
23862.30;-103.62
23865.23;-103.78
23868.16;-103.70
23871.09;-103.70
23874.02;-103.62
23876.95;-103.78
23879.88;-103.94
23882.81;-104.17
23885.74;-104.17
23888.67;-103.94
23891.60;-103.86
23894.53;-103.78
23897.46;-103.78
23900.39;-103.94
23903.32;-103.86
23906.25;-103.78
23909.18;-103.39
23912.11;-103.47
23915.04;-103.70
23917.97;-103.70
23920.90;-103.55
23923.83;-103.47
23926.76;-103.62
23929.69;-103.62
23932.62;-103.78
23935.55;-103.78
23938.48;-103.55
23941.41;-103.70
23944.34;-103.78
23947.27;-103.70
23950.20;-103.94
23953.13;-103.94
23956.05;-103.70
23958.98;-103.62
23961.91;-103.55
23964.84;-103.94
23967.77;-103.94
23970.70;-103.86
23973.63;-103.86
23976.56;-103.86
23979.49;-103.78
23982.42;-103.86
23985.35;-103.70
23988.28;-103.86
23991.21;-103.94
23994.14;-103.70
23997.07;-103.78
24000.00;-104.09
24002.93;-103.94
24005.86;-104.01
24008.79;-104.09
24011.72;-103.86
24014.65;-103.62
24017.58;-103.86
24020.51;-104.09
24023.44;-103.86
24026.37;-103.62
24029.30;-103.62
24032.23;-103.70
24035.16;-103.78
24038.09;-103.94
24041.02;-104.01
24043.95;-103.86
24046.88;-103.62
24049.80;-103.86
24052.73;-103.78
24055.66;-104.09
24058.59;-103.94
24061.52;-103.86
24064.45;-103.94
24067.38;-103.78
24070.31;-103.62
24073.24;-103.62
24076.17;-103.62
24079.10;-103.78
24082.03;-103.78
24084.96;-104.09
24087.89;-103.78
24090.82;-103.70
24093.75;-103.47
24096.68;-103.70
24099.61;-103.70
24102.54;-103.70
24105.47;-103.70
24108.40;-103.78
24111.33;-103.78
24114.26;-103.78
24117.19;-103.62
24120.12;-103.39
24123.05;-103.47
24125.98;-103.62
24128.91;-103.55
24131.84;-103.62
24134.77;-103.86
24137.70;-103.78
24140.63;-103.86
24143.55;-103.70
24146.48;-103.62
24149.41;-103.62
24152.34;-103.55
24155.27;-103.78
24158.20;-103.78
24161.13;-103.55
24164.06;-103.47
24166.99;-103.47
24169.92;-103.62
24172.85;-103.39
24175.78;-103.62
24178.71;-103.78
24181.64;-103.94
24184.57;-104.01
24187.50;-103.86
24190.43;-103.55
24193.36;-103.31
24196.29;-103.70
24199.22;-103.94
24202.15;-103.86
24205.08;-104.01
24208.01;-103.94
24210.94;-103.70
24213.87;-103.70
24216.80;-103.94
24219.73;-103.78
24222.66;-103.78
24225.59;-103.62
24228.52;-103.31
24231.45;-103.55
24234.38;-103.70
24237.30;-103.94
24240.23;-104.01
24243.16;-104.01
24246.09;-104.01
24249.02;-103.78
24251.95;-103.62
24254.88;-103.47
24257.81;-103.70
24260.74;-103.70
24263.67;-103.86
24266.60;-103.70
24269.53;-103.62
24272.46;-103.78
24275.39;-103.78
24278.32;-103.78
24281.25;-103.55
24284.18;-103.86
24287.11;-103.94
24290.04;-103.62
24292.97;-103.86
24295.90;-103.78
24298.83;-103.62
24301.76;-103.62
24304.69;-103.78
24307.62;-103.78
24310.55;-103.62
24313.48;-103.78
24316.41;-103.94
24319.34;-103.78
24322.27;-103.47
24325.20;-103.47
24328.13;-103.39
24331.05;-103.55
24333.98;-103.47
24336.91;-103.55
24339.84;-103.86
24342.77;-103.94
24345.70;-103.70
24348.63;-103.94
24351.56;-103.86
24354.49;-103.70
24357.42;-103.70
24360.35;-103.70
24363.28;-103.62
24366.21;-103.47
24369.14;-103.55
24372.07;-103.62
24375.00;-103.70
24377.93;-103.94
24380.86;-103.78
24383.79;-103.39
24386.72;-103.39
24389.65;-103.31
24392.58;-103.47
24395.51;-103.55
24398.44;-103.70
24401.37;-103.94
24404.30;-103.78
24407.23;-103.86
24410.16;-103.55
24413.09;-103.70
24416.02;-103.55
24418.95;-103.47
24421.88;-103.55
24424.80;-103.70
24427.73;-103.47
24430.66;-103.31
24433.59;-103.78
24436.52;-103.86
24439.45;-103.86
24442.38;-103.70
24445.31;-103.70
24448.24;-103.70
24451.17;-103.78
24454.10;-103.47
24457.03;-103.55
24459.96;-103.62
24462.89;-103.70
24465.82;-103.62
24468.75;-103.70
24471.68;-103.78
24474.61;-103.86
24477.54;-103.78
24480.47;-103.70
24483.40;-103.86
24486.33;-104.01
24489.26;-103.86
24492.19;-103.47
24495.12;-103.47
24498.05;-103.55
24500.98;-103.70
24503.91;-103.86
24506.84;-103.86
24509.77;-104.01
24512.70;-103.55
24515.63;-103.16
24518.55;-103.08
24521.48;-103.47
24524.41;-103.62
24527.34;-103.55
24530.27;-103.62
24533.20;-103.55
24536.13;-103.62
24539.06;-103.78
24541.99;-103.62
24544.92;-103.70
24547.85;-103.62
24550.78;-103.62
24553.71;-103.78
24556.64;-103.86
24559.57;-103.62
24562.50;-103.39
24565.43;-103.55
24568.36;-103.70
24571.29;-103.62
24574.22;-103.62
24577.15;-103.55
24580.08;-103.47
24583.01;-103.86
24585.94;-103.86
24588.87;-104.01
24591.80;-103.70
24594.73;-103.70
24597.66;-103.78
24600.59;-103.62
24603.52;-103.55
24606.45;-103.47
24609.38;-103.55
24612.30;-103.39
24615.23;-103.55
24618.16;-103.70
24621.09;-103.70
24624.02;-103.86
24626.95;-103.78
24629.88;-103.62
24632.81;-103.70
24635.74;-103.55
24638.67;-103.31
24641.60;-103.70
24644.53;-103.39
24647.46;-103.23
24650.39;-103.39
24653.32;-103.78
24656.25;-103.70
24659.18;-103.78
24662.11;-103.62
24665.04;-103.86
24667.97;-103.62
24670.90;-103.62
24673.83;-103.86
24676.76;-103.78
24679.69;-103.70
24682.62;-103.62
24685.55;-103.62
24688.48;-103.47
24691.41;-103.39
24694.34;-103.47
24697.27;-103.62
24700.20;-103.78
24703.13;-103.70
24706.05;-103.47
24708.98;-103.23
24711.91;-103.39
24714.84;-103.62
24717.77;-103.62
24720.70;-103.86
24723.63;-103.62
24726.56;-103.47
24729.49;-103.62
24732.42;-103.62
24735.35;-103.55
24738.28;-103.47
24741.21;-103.62
24744.14;-103.78
24747.07;-103.78
24750.00;-103.55
24752.93;-103.31
24755.86;-103.78
24758.79;-103.62
24761.72;-103.55
24764.65;-103.55
24767.58;-103.62
24770.51;-103.47
24773.44;-103.70
24776.37;-103.86
24779.30;-103.70
24782.23;-103.55
24785.16;-103.70
24788.09;-103.86
24791.02;-103.31
24793.95;-103.39
24796.88;-103.62
24799.80;-103.47
24802.73;-103.62
24805.66;-103.55
24808.59;-103.47
24811.52;-103.62
24814.45;-103.62
24817.38;-103.39
24820.31;-103.39
24823.24;-103.62
24826.17;-103.78
24829.10;-103.70
24832.03;-103.08
24834.96;-103.31
24837.89;-103.62
24840.82;-103.70
24843.75;-103.70
24846.68;-103.55
24849.61;-103.70
24852.54;-103.94
24855.47;-103.70
24858.40;-103.47
24861.33;-103.39
24864.26;-103.47
24867.19;-103.55
24870.12;-103.70
24873.05;-103.78
24875.98;-103.62
24878.91;-103.39
24881.84;-103.62
24884.77;-103.62
24887.70;-103.55
24890.63;-103.78
24893.55;-103.47
24896.48;-103.23
24899.41;-103.55
24902.34;-103.47
24905.27;-103.47
24908.20;-103.39
24911.13;-103.55
24914.06;-103.55
24916.99;-103.47
24919.92;-103.31
24922.85;-103.08
24925.78;-103.39
24928.71;-103.39
24931.64;-103.31
24934.57;-103.47
24937.50;-103.70
24940.43;-103.70
24943.36;-103.62
24946.29;-103.47
24949.22;-103.39
24952.15;-103.39
24955.08;-103.62
24958.01;-103.47
24960.94;-103.70
24963.87;-103.62
24966.80;-103.70
24969.73;-103.78
24972.66;-103.55
24975.59;-103.47
24978.52;-103.55
24981.45;-103.70
24984.38;-103.55
24987.30;-103.47
24990.23;-103.47
24993.16;-103.31
24996.09;-103.31
24999.02;-103.47
25001.95;-103.62
25004.88;-103.55
25007.81;-103.47
25010.74;-103.55
25013.67;-103.47
25016.60;-103.70
25019.53;-103.55
25022.46;-103.23
25025.39;-103.31
25028.32;-103.47
25031.25;-103.47
25034.18;-103.31
25037.11;-103.47
25040.04;-103.23
25042.97;-103.31
25045.90;-103.62
25048.83;-103.31
25051.76;-103.39
25054.69;-103.23
25057.62;-103.16
25060.55;-103.31
25063.48;-103.70
25066.41;-103.86
25069.34;-103.55
25072.27;-103.31
25075.20;-103.55
25078.13;-103.55
25081.05;-103.70
25083.98;-103.62
25086.91;-103.23
25089.84;-103.39
25092.77;-103.70
25095.70;-103.55
25098.63;-103.55
25101.56;-103.86
25104.49;-103.47
25107.42;-103.39
25110.35;-103.47
25113.28;-103.62
25116.21;-103.55
25119.14;-103.70
25122.07;-103.62
25125.00;-103.47
25127.93;-103.47
25130.86;-103.39
25133.79;-103.39
25136.72;-103.47
25139.65;-103.47
25142.58;-103.39
25145.51;-103.55
25148.44;-103.70
25151.37;-103.55
25154.30;-103.62
25157.23;-103.55
25160.16;-103.47
25163.09;-103.31
25166.02;-103.39
25168.95;-103.23
25171.88;-103.23
25174.80;-103.39
25177.73;-103.47
25180.66;-103.62
25183.59;-103.62
25186.52;-103.70
25189.45;-103.62
25192.38;-103.39
25195.31;-103.47
25198.24;-103.47
25201.17;-103.47
25204.10;-103.55
25207.03;-103.47
25209.96;-103.39
25212.89;-103.47
25215.82;-103.70
25218.75;-103.62
25221.68;-103.31
25224.61;-103.55
25227.54;-103.86
25230.47;-103.78
25233.40;-103.39
25236.33;-103.39
25239.26;-103.55
25242.19;-103.55
25245.12;-103.47
25248.05;-103.23
25250.98;-103.16
25253.91;-103.47
25256.84;-103.62
25259.77;-103.70
25262.70;-103.55
25265.63;-103.31
25268.55;-103.23
25271.48;-103.39
25274.41;-103.23
25277.34;-103.31
25280.27;-103.55
25283.20;-103.47
25286.13;-103.47
25289.06;-103.47
25291.99;-103.55
25294.92;-103.55
25297.85;-103.70
25300.78;-103.55
25303.71;-103.31
25306.64;-103.31
25309.57;-103.31
25312.50;-103.47
25315.43;-103.39
25318.36;-103.08
25321.29;-103.00
25324.22;-103.31
25327.15;-103.47
25330.08;-103.31
25333.01;-103.62
25335.94;-103.39
25338.87;-103.47
25341.80;-103.39
25344.73;-103.39
25347.66;-103.47
25350.59;-103.31
25353.52;-103.55
25356.45;-103.39
25359.38;-103.31
25362.30;-103.39
25365.23;-103.47
25368.16;-103.39
25371.09;-103.39
25374.02;-103.23
25376.95;-103.23
25379.88;-103.23
25382.81;-103.31
25385.74;-103.23
25388.67;-103.16
25391.60;-103.47
25394.53;-103.31
25397.46;-103.39
25400.39;-103.55
25403.32;-103.23
25406.25;-103.23
25409.18;-103.08
25412.11;-103.16
25415.04;-103.31
25417.97;-103.23
25420.90;-103.39
25423.83;-103.55
25426.76;-103.39
25429.69;-103.23
25432.62;-103.31
25435.55;-103.39
25438.48;-103.31
25441.41;-103.55
25444.34;-103.39
25447.27;-103.55
25450.20;-103.62
25453.13;-103.62
25456.05;-103.55
25458.98;-103.70
25461.91;-103.70
25464.84;-103.55
25467.77;-103.16
25470.70;-103.00
25473.63;-103.08
25476.56;-103.31
25479.49;-103.31
25482.42;-103.39
25485.35;-103.39
25488.28;-103.55
25491.21;-103.47
25494.14;-103.31
25497.07;-103.23
25500.00;-103.16
25502.93;-103.16
25505.86;-103.39
25508.79;-103.31
25511.72;-103.16
25514.65;-103.39
25517.58;-103.47
25520.51;-103.70
25523.44;-103.62
25526.37;-103.31
25529.30;-103.39
25532.23;-103.47
25535.16;-103.23
25538.09;-103.23
25541.02;-103.31
25543.95;-103.16
25546.88;-103.16
25549.80;-103.70
25552.73;-103.62
25555.66;-103.23
25558.59;-103.31
25561.52;-103.08
25564.45;-103.23
25567.38;-103.39
25570.31;-103.16
25573.24;-103.00
25576.17;-103.08
25579.10;-103.47
25582.03;-103.39
25584.96;-103.39
25587.89;-103.47
25590.82;-103.47
25593.75;-103.08
25596.68;-103.08
25599.61;-103.23
25602.54;-103.23
25605.47;-103.39
25608.40;-103.39
25611.33;-103.39
25614.26;-103.55
25617.19;-103.47
25620.12;-103.39
25623.05;-103.47
25625.98;-103.47
25628.91;-103.47
25631.84;-103.31
25634.77;-103.39
25637.70;-103.78
25640.63;-103.47
25643.55;-103.39
25646.48;-103.39
25649.41;-103.31
25652.34;-103.39
25655.27;-103.62
25658.20;-103.62
25661.13;-103.31
25664.06;-103.16
25666.99;-103.23
25669.92;-103.39
25672.85;-103.39
25675.78;-103.31
25678.71;-103.31
25681.64;-102.92
25684.57;-103.08
25687.50;-103.31
25690.43;-103.39
25693.36;-103.39
25696.29;-103.55
25699.22;-103.47
25702.15;-103.55
25705.08;-103.39
25708.01;-103.47
25710.94;-103.47
25713.87;-103.08
25716.80;-103.00
25719.73;-103.00
25722.66;-103.23
25725.59;-103.23
25728.52;-103.23
25731.45;-103.39
25734.38;-103.00
25737.30;-103.00
25740.23;-103.16
25743.16;-103.23
25746.09;-103.00
25749.02;-103.47
25751.95;-103.47
25754.88;-103.47
25757.81;-103.55
25760.74;-103.55
25763.67;-103.47
25766.60;-103.16
25769.53;-103.23
25772.46;-103.31
25775.39;-103.55
25778.32;-103.31
25781.25;-103.39
25784.18;-103.39
25787.11;-103.47
25790.04;-103.39
25792.97;-103.31
25795.90;-103.39
25798.83;-103.23
25801.76;-103.55
25804.69;-103.47
25807.62;-103.31
25810.55;-103.23
25813.48;-103.23
25816.41;-103.31
25819.34;-103.23
25822.27;-103.00
25825.20;-103.00
25828.13;-103.47
25831.05;-103.39
25833.98;-103.31
25836.91;-103.39
25839.84;-103.47
25842.77;-103.39
25845.70;-103.39
25848.63;-103.08
25851.56;-103.23
25854.49;-103.31
25857.42;-103.39
25860.35;-103.62
25863.28;-103.62
25866.21;-103.31
25869.14;-103.16
25872.07;-103.23
25875.00;-103.39
25877.93;-103.16
25880.86;-103.23
25883.79;-103.70
25886.72;-103.62
25889.65;-103.55
25892.58;-103.23
25895.51;-103.23
25898.44;-103.23
25901.37;-103.08
25904.30;-103.39
25907.23;-103.23
25910.16;-103.16
25913.09;-103.39
25916.02;-103.47
25918.95;-103.39
25921.88;-103.16
25924.80;-103.16
25927.73;-103.31
25930.66;-103.23
25933.59;-103.08
25936.52;-103.31
25939.45;-103.39
25942.38;-103.39
25945.31;-103.16
25948.24;-103.31
25951.17;-103.31
25954.10;-103.23
25957.03;-103.47
25959.96;-103.00
25962.89;-103.16
25965.82;-103.39
25968.75;-103.23
25971.68;-103.39
25974.61;-103.23
25977.54;-103.16
25980.47;-103.23
25983.40;-103.31
25986.33;-103.08
25989.26;-103.16
25992.19;-103.39
25995.12;-103.47
25998.05;-103.39
26000.98;-103.23
26003.91;-103.47
26006.84;-103.62
26009.77;-103.23
26012.70;-103.16
26015.63;-103.23
26018.55;-103.23
26021.48;-103.31
26024.41;-103.16
26027.34;-103.16
26030.27;-103.23
26033.20;-103.39
26036.13;-103.31
26039.06;-103.08
26041.99;-103.23
26044.92;-103.47
26047.85;-103.31
26050.78;-103.23
26053.71;-103.23
26056.64;-103.31
26059.57;-103.31
26062.50;-103.16
26065.43;-103.16
26068.36;-103.23
26071.29;-103.47
26074.22;-103.23
26077.15;-103.23
26080.08;-103.16
26083.01;-103.00
26085.94;-103.31
26088.87;-103.16
26091.80;-102.76
26094.73;-103.00
26097.66;-103.08
26100.59;-102.92
26103.52;-103.23
26106.45;-103.23
26109.38;-103.39
26112.30;-103.39
26115.23;-103.23
26118.16;-103.16
26121.09;-103.23
26124.02;-103.31
26126.95;-103.23
26129.88;-103.47
26132.81;-103.39
26135.74;-103.39
26138.67;-103.23
26141.60;-103.23
26144.53;-103.00
26147.46;-103.16
26150.39;-103.08
26153.32;-103.16
26156.25;-103.31
26159.18;-103.08
26162.11;-103.23
26165.04;-103.31
26167.97;-103.55
26170.90;-103.47
26173.83;-103.39
26176.76;-103.16
26179.69;-103.00
26182.62;-102.92
26185.55;-103.31
26188.48;-103.62
26191.41;-103.55
26194.34;-103.39
26197.27;-103.16
26200.20;-103.23
26203.13;-103.00
26206.05;-103.00
26208.98;-102.92
26211.91;-103.16
26214.84;-102.92
26217.77;-103.00
26220.70;-103.39
26223.63;-103.31
26226.56;-103.23
26229.49;-103.08
26232.42;-103.16
26235.35;-103.23
26238.28;-103.31
26241.21;-103.23
26244.14;-103.08
26247.07;-103.16
26250.00;-103.23
26252.93;-103.08
26255.86;-103.00
26258.79;-103.31
26261.72;-103.23
26264.65;-103.08
26267.58;-103.16
26270.51;-103.39
26273.44;-103.55
26276.37;-103.08
26279.30;-102.92
26282.23;-102.92
26285.16;-102.92
26288.09;-102.92
26291.02;-103.23
26293.95;-103.16
26296.88;-103.08
26299.80;-103.23
26302.73;-103.16
26305.66;-103.23
26308.59;-103.39
26311.52;-103.39
26314.45;-103.23
26317.38;-103.23
26320.31;-103.39
26323.24;-103.47
26326.17;-103.23
26329.10;-103.08
26332.03;-103.16
26334.96;-103.16
26337.89;-103.16
26340.82;-103.08
26343.75;-103.00
26346.68;-103.08
26349.61;-103.39
26352.54;-103.23
26355.47;-103.16
26358.40;-103.00
26361.33;-103.08
26364.26;-103.16
26367.19;-103.39
26370.12;-103.08
26373.05;-103.23
26375.98;-103.16
26378.91;-103.08
26381.84;-103.08
26384.77;-103.00
26387.70;-103.00
26390.63;-102.92
26393.55;-103.00
26396.48;-103.39
26399.41;-103.31
26402.34;-103.23
26405.27;-103.23
26408.20;-103.39
26411.13;-103.23
26414.06;-103.16
26416.99;-103.23
26419.92;-103.31
26422.85;-103.16
26425.78;-103.08
26428.71;-103.16
26431.64;-102.92
26434.57;-103.16
26437.50;-103.31
26440.43;-103.31
26443.36;-103.39
26446.29;-103.23
26449.22;-103.47
26452.15;-103.16
26455.08;-103.16
26458.01;-103.16
26460.94;-103.08
26463.87;-102.84
26466.80;-103.00
26469.73;-103.31
26472.66;-103.16
26475.59;-103.16
26478.52;-103.16
26481.45;-103.23
26484.38;-103.47
26487.30;-103.23
26490.23;-103.16
26493.16;-103.08
26496.09;-103.08
26499.02;-103.00
26501.95;-103.23
26504.88;-103.08
26507.81;-103.31
26510.74;-103.39
26513.67;-103.16
26516.60;-103.47
26519.53;-103.23
26522.46;-103.16
26525.39;-103.08
26528.32;-102.92
26531.25;-102.92
26534.18;-103.08
26537.11;-103.23
26540.04;-103.08
26542.97;-103.08
26545.90;-103.39
26548.83;-103.55
26551.76;-103.16
26554.69;-103.00
26557.62;-103.08
26560.55;-103.16
26563.48;-103.31
26566.41;-103.23
26569.34;-103.16
26572.27;-103.00
26575.20;-103.16
26578.13;-103.16
26581.05;-103.47
26583.98;-103.39
26586.91;-103.16
26589.84;-103.16
26592.77;-103.16
26595.70;-103.08
26598.63;-103.16
26601.56;-103.39
26604.49;-103.23
26607.42;-102.92
26610.35;-103.00
26613.28;-103.08
26616.21;-103.00
26619.14;-103.08
26622.07;-103.31
26625.00;-103.16
26627.93;-103.31
26630.86;-103.47
26633.79;-103.31
26636.72;-103.00
26639.65;-103.16
26642.58;-103.08
26645.51;-103.16
26648.44;-103.23
26651.37;-103.39
26654.30;-103.00
26657.23;-102.92
26660.16;-103.23
26663.09;-103.31
26666.02;-103.31
26668.95;-103.08
26671.88;-103.00
26674.80;-103.08
26677.73;-102.92
26680.66;-103.00
26683.59;-103.08
26686.52;-103.00
26689.45;-103.00
26692.38;-103.23
26695.31;-103.00
26698.24;-102.92
26701.17;-103.08
26704.10;-103.08
26707.03;-103.00
26709.96;-103.00
26712.89;-103.47
26715.82;-103.47
26718.75;-103.08
26721.68;-103.08
26724.61;-103.08
26727.54;-103.08
26730.47;-103.00
26733.40;-102.84
26736.33;-102.76
26739.26;-103.08
26742.19;-103.16
26745.12;-103.31
26748.05;-103.31
26750.98;-103.16
26753.91;-103.08
26756.84;-103.23
26759.77;-103.23
26762.70;-103.16
26765.63;-103.08
26768.55;-103.00
26771.48;-103.08
26774.41;-102.92
26777.34;-103.08
26780.27;-103.08
26783.20;-103.00
26786.13;-103.08
26789.06;-103.23
26791.99;-103.16
26794.92;-103.16
26797.85;-103.08
26800.78;-103.23
26803.71;-103.23
26806.64;-103.31
26809.57;-103.39
26812.50;-103.23
26815.43;-102.92
26818.36;-102.84
26821.29;-102.92
26824.22;-102.92
26827.15;-103.16
26830.08;-103.00
26833.01;-103.08
26835.94;-103.23
26838.87;-103.08
26841.80;-103.16
26844.73;-103.08
26847.66;-103.00
26850.59;-102.92
26853.52;-103.16
26856.45;-103.16
26859.38;-103.08
26862.30;-103.16
26865.23;-103.00
26868.16;-102.76
26871.09;-102.92
26874.02;-103.00
26876.95;-103.00
26879.88;-103.16
26882.81;-103.08
26885.74;-103.08
26888.67;-103.00
26891.60;-103.08
26894.53;-103.39
26897.46;-103.23
26900.39;-103.16
26903.32;-103.39
26906.25;-103.31
26909.18;-103.31
26912.11;-103.16
26915.04;-103.23
26917.97;-103.08
26920.90;-102.76
26923.83;-102.76
26926.76;-102.92
26929.69;-102.84
26932.62;-103.08
26935.55;-103.16
26938.48;-102.92
26941.41;-102.92
26944.34;-102.84
26947.27;-103.00
26950.20;-103.08
26953.13;-103.08
26956.05;-102.92
26958.98;-103.00
26961.91;-103.00
26964.84;-103.31
26967.77;-103.16
26970.70;-103.00
26973.63;-103.00
26976.56;-103.00
26979.49;-102.84
26982.42;-102.92
26985.35;-102.84
26988.28;-103.00
26991.21;-103.31
26994.14;-103.08
26997.07;-102.92
27000.00;-103.00
27002.93;-102.84
27005.86;-102.92
27008.79;-103.00
27011.72;-103.08
27014.65;-103.00
27017.58;-103.00
27020.51;-103.08
27023.44;-103.16
27026.37;-103.00
27029.30;-103.00
27032.23;-103.16
27035.16;-103.23
27038.09;-103.00
27041.02;-102.76
27043.95;-102.84
27046.88;-103.16
27049.80;-103.00
27052.73;-103.16
27055.66;-103.31
27058.59;-103.00
27061.52;-103.08
27064.45;-103.00
27067.38;-102.69
27070.31;-102.76
27073.24;-102.61
27076.17;-102.84
27079.10;-102.84
27082.03;-102.84
27084.96;-102.92
27087.89;-103.08
27090.82;-103.08
27093.75;-103.08
27096.68;-103.23
27099.61;-102.92
27102.54;-102.84
27105.47;-103.23
27108.40;-102.92
27111.33;-102.84
27114.26;-103.16
27117.19;-103.23
27120.12;-103.00
27123.05;-103.08
27125.98;-103.16
27128.91;-103.23
27131.84;-103.00
27134.77;-103.00
27137.70;-103.16
27140.63;-103.16
27143.55;-103.08
27146.48;-102.76
27149.41;-102.69
27152.34;-102.84
27155.27;-103.08
27158.20;-102.84
27161.13;-102.76
27164.06;-102.84
27166.99;-103.08
27169.92;-103.00
27172.85;-102.84
27175.78;-103.08
27178.71;-103.16
27181.64;-103.00
27184.57;-103.16
27187.50;-103.23
27190.43;-103.08
27193.36;-103.00
27196.29;-103.00
27199.22;-102.92
27202.15;-102.76
27205.08;-102.76
27208.01;-102.84
27210.94;-102.92
27213.87;-102.76
27216.80;-102.76
27219.73;-102.61
27222.66;-103.00
27225.59;-103.00
27228.52;-103.08
27231.45;-103.08
27234.38;-103.08
27237.30;-103.16
27240.23;-102.76
27243.16;-102.84
27246.09;-102.69
27249.02;-103.00
27251.95;-102.92
27254.88;-102.61
27257.81;-102.69
27260.74;-102.61
27263.67;-102.76
27266.60;-102.76
27269.53;-103.00
27272.46;-103.31
27275.39;-103.16
27278.32;-103.16
27281.25;-102.84
27284.18;-102.76
27287.11;-102.92
27290.04;-102.92
27292.97;-103.00
27295.90;-103.08
27298.83;-103.08
27301.76;-103.00
27304.69;-103.08
27307.62;-102.84
27310.55;-102.92
27313.48;-102.84
27316.41;-103.00
27319.34;-102.84
27322.27;-102.92
27325.20;-102.84
27328.13;-102.76
27331.05;-102.84
27333.98;-102.92
27336.91;-102.76
27339.84;-102.76
27342.77;-103.08
27345.70;-102.84
27348.63;-102.53
27351.56;-102.61
27354.49;-102.84
27357.42;-102.92
27360.35;-102.92
27363.28;-103.08
27366.21;-102.84
27369.14;-102.76
27372.07;-102.76
27375.00;-102.76
27377.93;-102.76
27380.86;-102.76
27383.79;-102.92
27386.72;-103.16
27389.65;-103.00
27392.58;-103.00
27395.51;-103.00
27398.44;-102.76
27401.37;-102.84
27404.30;-103.00
27407.23;-103.00
27410.16;-102.76
27413.09;-102.92
27416.02;-103.08
27418.95;-102.92
27421.88;-103.00
27424.80;-103.00
27427.73;-103.00
27430.66;-102.84
27433.59;-103.00
27436.52;-102.84
27439.45;-103.08
27442.38;-103.00
27445.31;-102.92
27448.24;-103.08
27451.17;-103.23
27454.10;-103.31
27457.03;-103.08
27459.96;-102.92
27462.89;-102.76
27465.82;-102.84
27468.75;-102.92
27471.68;-102.92
27474.61;-102.84
27477.54;-102.84
27480.47;-102.69
27483.40;-102.84
27486.33;-102.92
27489.26;-103.16
27492.19;-103.00
27495.12;-102.92
27498.05;-102.61
27500.98;-102.61
27503.91;-102.92
27506.84;-103.00
27509.77;-102.84
27512.70;-102.84
27515.63;-102.84
27518.55;-102.92
27521.48;-103.00
27524.41;-103.00
27527.34;-102.92
27530.27;-102.76
27533.20;-102.92
27536.13;-103.00
27539.06;-102.84
27541.99;-103.00
27544.92;-102.92
27547.85;-103.16
27550.78;-102.92
27553.71;-102.92
27556.64;-103.00
27559.57;-102.92
27562.50;-102.69
27565.43;-102.92
27568.36;-102.92
27571.29;-102.84
27574.22;-102.61
27577.15;-102.84
27580.08;-102.76
27583.01;-102.92
27585.94;-102.69
27588.87;-102.84
27591.80;-102.76
27594.73;-102.76
27597.66;-102.84
27600.59;-102.69
27603.52;-102.69
27606.45;-102.76
27609.38;-102.53
27612.30;-102.53
27615.23;-102.84
27618.16;-103.08
27621.09;-102.84
27624.02;-102.92
27626.95;-102.92
27629.88;-102.76
27632.81;-103.00
27635.74;-103.00
27638.67;-102.84
27641.60;-102.92
27644.53;-102.84
27647.46;-102.76
27650.39;-102.61
27653.32;-103.00
27656.25;-103.16
27659.18;-102.92
27662.11;-102.92
27665.04;-103.00
27667.97;-102.61
27670.90;-102.69
27673.83;-102.61
27676.76;-102.92
27679.69;-103.00
27682.62;-102.53
27685.55;-102.45
27688.48;-102.92
27691.41;-102.92
27694.34;-103.00
27697.27;-103.08
27700.20;-102.92
27703.13;-102.76
27706.05;-102.61
27708.98;-102.61
27711.91;-102.69
27714.84;-102.76
27717.77;-102.76
27720.70;-102.84
27723.63;-102.84
27726.56;-102.76
27729.49;-102.84
27732.42;-103.00
27735.35;-102.76
27738.28;-102.92
27741.21;-103.08
27744.14;-103.08
27747.07;-103.08
27750.00;-102.92
27752.93;-103.16
27755.86;-103.00
27758.79;-102.61
27761.72;-102.45
27764.65;-102.53
27767.58;-102.84
27770.51;-102.84
27773.44;-102.69
27776.37;-102.69
27779.30;-102.76
27782.23;-102.92
27785.16;-102.76
27788.09;-102.69
27791.02;-102.92
27793.95;-102.92
27796.88;-102.53
27799.80;-102.76
27802.73;-102.76
27805.66;-102.69
27808.59;-102.84
27811.52;-102.92
27814.45;-102.69
27817.38;-102.92
27820.31;-103.00
27823.24;-102.76
27826.17;-102.69
27829.10;-102.84
27832.03;-102.61
27834.96;-102.45
27837.89;-102.61
27840.82;-102.76
27843.75;-102.69
27846.68;-102.45
27849.61;-102.69
27852.54;-102.76
27855.47;-102.53
27858.40;-102.69
27861.33;-103.00
27864.26;-102.92
27867.19;-102.92
27870.12;-102.92
27873.05;-102.76
27875.98;-102.61
27878.91;-102.84
27881.84;-102.92
27884.77;-102.92
27887.70;-102.61
27890.63;-102.53
27893.55;-102.84
27896.48;-102.92
27899.41;-102.92
27902.34;-103.16
27905.27;-102.92
27908.20;-102.61
27911.13;-102.76
27914.06;-102.69
27916.99;-102.76
27919.92;-102.84
27922.85;-102.61
27925.78;-102.69
27928.71;-102.84
27931.64;-102.92
27934.57;-102.84
27937.50;-102.76
27940.43;-103.08
27943.36;-102.92
27946.29;-102.92
27949.22;-102.84
27952.15;-102.61
27955.08;-102.84
27958.01;-103.00
27960.94;-102.92
27963.87;-102.76
27966.80;-102.69
27969.73;-102.53
27972.66;-102.61
27975.59;-102.61
27978.52;-102.61
27981.45;-102.92
27984.38;-102.84
27987.30;-102.69
27990.23;-102.37
27993.16;-102.53
27996.09;-102.53
27999.02;-102.53
28001.95;-102.61
28004.88;-102.61
28007.81;-102.61
28010.74;-102.69
28013.67;-102.69
28016.60;-102.76
28019.53;-102.69
28022.46;-102.76
28025.39;-102.84
28028.32;-102.84
28031.25;-102.84
28034.18;-102.76
28037.11;-102.61
28040.04;-102.69
28042.97;-102.69
28045.90;-102.76
28048.83;-102.69
28051.76;-102.61
28054.69;-102.22
28057.62;-102.53
28060.55;-102.84
28063.48;-102.76
28066.41;-102.69
28069.34;-102.53
28072.27;-102.69
28075.20;-102.84
28078.13;-102.76
28081.05;-102.76
28083.98;-102.84
28086.91;-102.69
28089.84;-102.61
28092.77;-102.37
28095.70;-102.61
28098.63;-102.69
28101.56;-102.76
28104.49;-103.08
28107.42;-103.16
28110.35;-102.92
28113.28;-102.76
28116.21;-102.76
28119.14;-102.76
28122.07;-102.69
28125.00;-103.00
28127.93;-102.76
28130.86;-102.69
28133.79;-102.53
28136.72;-102.69
28139.65;-102.76
28142.58;-102.45
28145.51;-102.14
28148.44;-102.53
28151.37;-102.92
28154.30;-102.84
28157.23;-102.61
28160.16;-102.45
28163.09;-102.61
28166.02;-102.53
28168.95;-102.37
28171.88;-102.61
28174.80;-102.69
28177.73;-103.00
28180.66;-102.69
28183.59;-102.53
28186.52;-102.45
28189.45;-102.61
28192.38;-102.76
28195.31;-102.53
28198.24;-102.53
28201.17;-102.84
28204.10;-102.92
28207.03;-102.92
28209.96;-103.00
28212.89;-103.00
28215.82;-102.61
28218.75;-102.61
28221.68;-102.61
28224.61;-102.61
28227.54;-102.76
28230.47;-102.84
28233.40;-102.69
28236.33;-102.53
28239.26;-102.76
28242.19;-102.84
28245.12;-102.92
28248.05;-102.61
28250.98;-102.53
28253.91;-102.53
28256.84;-102.45
28259.77;-102.45
28262.70;-102.69
28265.63;-102.61
28268.55;-102.61
28271.48;-102.76
28274.41;-102.84
28277.34;-102.92
28280.27;-102.84
28283.20;-102.92
28286.13;-103.00
28289.06;-102.92
28291.99;-102.92
28294.92;-102.61
28297.85;-102.37
28300.78;-102.53
28303.71;-102.69
28306.64;-102.69
28309.57;-102.69
28312.50;-102.45
28315.43;-102.45
28318.36;-102.37
28321.29;-102.76
28324.22;-103.00
28327.15;-102.76
28330.08;-102.69
28333.01;-102.76
28335.94;-102.76
28338.87;-102.69
28341.80;-102.69
28344.73;-102.69
28347.66;-102.84
28350.59;-103.00
28353.52;-102.76
28356.45;-102.76
28359.38;-102.69
28362.30;-102.53
28365.23;-102.76
28368.16;-102.69
28371.09;-102.61
28374.02;-102.84
28376.95;-102.61
28379.88;-102.69
28382.81;-102.69
28385.74;-102.76
28388.67;-102.84
28391.60;-102.76
28394.53;-102.84
28397.46;-102.84
28400.39;-102.84
28403.32;-102.76
28406.25;-102.61
28409.18;-102.76
28412.11;-102.61
28415.04;-102.61
28417.97;-102.45
28420.90;-102.61
28423.83;-103.00
28426.76;-103.16
28429.69;-102.84
28432.62;-102.69
28435.55;-102.76
28438.48;-102.76
28441.41;-102.45
28444.34;-102.61
28447.27;-102.45
28450.20;-102.69
28453.13;-102.84
28456.05;-102.61
28458.98;-102.92
28461.91;-102.92
28464.84;-102.61
28467.77;-102.84
28470.70;-102.84
28473.63;-102.69
28476.56;-102.84
28479.49;-102.76
28482.42;-102.61
28485.35;-102.76
28488.28;-102.69
28491.21;-102.37
28494.14;-102.53
28497.07;-102.69
28500.00;-102.69
28502.93;-102.61
28505.86;-102.37
28508.79;-102.45
28511.72;-102.69
28514.65;-102.69
28517.58;-102.61
28520.51;-102.69
28523.44;-102.69
28526.37;-102.53
28529.30;-102.69
28532.23;-102.53
28535.16;-102.45
28538.09;-102.92
28541.02;-103.08
28543.95;-102.69
28546.88;-102.53
28549.80;-102.69
28552.73;-102.69
28555.66;-102.69
28558.59;-102.69
28561.52;-102.53
28564.45;-102.53
28567.38;-102.76
28570.31;-102.69
28573.24;-102.76
28576.17;-102.76
28579.10;-102.76
28582.03;-102.61
28584.96;-102.76
28587.89;-102.69
28590.82;-102.53
28593.75;-102.69
28596.68;-102.76
28599.61;-102.61
28602.54;-102.45
28605.47;-102.61
28608.40;-102.30
28611.33;-102.30
28614.26;-102.61
28617.19;-102.84
28620.12;-102.61
28623.05;-102.76
28625.98;-102.92
28628.91;-102.53
28631.84;-102.22
28634.77;-102.22
28637.70;-102.37
28640.63;-102.61
28643.55;-102.53
28646.48;-102.61
28649.41;-102.76
28652.34;-102.45
28655.27;-102.69
28658.20;-102.76
28661.13;-102.61
28664.06;-102.61
28666.99;-102.61
28669.92;-102.76
28672.85;-103.00
28675.78;-102.92
28678.71;-102.84
28681.64;-102.76
28684.57;-102.69
28687.50;-102.92
28690.43;-102.69
28693.36;-102.69
28696.29;-102.69
28699.22;-102.61
28702.15;-102.76
28705.08;-102.76
28708.01;-102.76
28710.94;-102.76
28713.87;-102.92
28716.80;-102.76
28719.73;-102.53
28722.66;-102.69
28725.59;-102.45
28728.52;-102.30
28731.45;-102.61
28734.38;-102.45
28737.30;-102.61
28740.23;-102.61
28743.16;-102.84
28746.09;-102.84
28749.02;-102.61
28751.95;-102.53
28754.88;-102.53
28757.81;-102.53
28760.74;-102.37
28763.67;-102.61
28766.60;-102.61
28769.53;-102.69
28772.46;-102.61
28775.39;-102.76
28778.32;-102.84
28781.25;-102.84
28784.18;-102.53
28787.11;-102.45
28790.04;-102.45
28792.97;-102.37
28795.90;-102.37
28798.83;-102.37
28801.76;-102.45
28804.69;-102.45
28807.62;-102.53
28810.55;-102.92
28813.48;-102.76
28816.41;-102.45
28819.34;-102.53
28822.27;-102.30
28825.20;-102.45
28828.13;-102.61
28831.05;-102.69
28833.98;-102.53
28836.91;-102.53
28839.84;-102.37
28842.77;-102.37
28845.70;-102.61
28848.63;-102.53
28851.56;-102.53
28854.49;-102.61
28857.42;-102.53
28860.35;-102.61
28863.28;-102.61
28866.21;-102.84
28869.14;-102.69
28872.07;-102.61
28875.00;-102.69
28877.93;-102.69
28880.86;-102.53
28883.79;-102.45
28886.72;-102.61
28889.65;-102.53
28892.58;-102.53
28895.51;-102.37
28898.44;-102.61
28901.37;-102.53
28904.30;-102.37
28907.23;-102.61
28910.16;-102.84
28913.09;-102.84
28916.02;-102.84
28918.95;-102.84
28921.88;-102.84
28924.80;-102.84
28927.73;-102.69
28930.66;-102.61
28933.59;-102.61
28936.52;-102.45
28939.45;-102.37
28942.38;-102.37
28945.31;-102.76
28948.24;-102.84
28951.17;-102.61
28954.10;-102.45
28957.03;-102.76
28959.96;-102.84
28962.89;-102.30
28965.82;-102.06
28968.75;-102.53
28971.68;-102.69
28974.61;-102.61
28977.54;-102.61
28980.47;-102.61
28983.40;-102.45
28986.33;-102.69
28989.26;-102.69
28992.19;-102.45
28995.12;-102.53
28998.05;-102.37
29000.98;-102.22
29003.91;-102.37
29006.84;-102.61
29009.77;-102.76
29012.70;-102.61
29015.63;-102.53
29018.55;-102.37
29021.48;-102.37
29024.41;-102.69
29027.34;-102.69
29030.27;-102.69
29033.20;-102.61
29036.13;-102.53
29039.06;-102.45
29041.99;-102.53
29044.92;-102.45
29047.85;-102.45
29050.78;-102.69
29053.71;-102.45
29056.64;-102.37
29059.57;-102.53
29062.50;-102.45
29065.43;-102.37
29068.36;-102.53
29071.29;-102.61
29074.22;-102.84
29077.15;-102.76
29080.08;-102.69
29083.01;-102.45
29085.94;-102.53
29088.87;-102.61
29091.80;-102.61
29094.73;-102.92
29097.66;-102.76
29100.59;-102.69
29103.52;-102.69
29106.45;-102.45
29109.38;-102.37
29112.30;-102.69
29115.23;-102.84
29118.16;-102.92
29121.09;-102.76
29124.02;-102.37
29126.95;-102.53
29129.88;-102.69
29132.81;-102.53
29135.74;-102.37
29138.67;-102.14
29141.60;-102.37
29144.53;-102.61
29147.46;-102.61
29150.39;-102.45
29153.32;-102.53
29156.25;-102.61
29159.18;-102.61
29162.11;-102.37
29165.04;-102.37
29167.97;-102.53
29170.90;-102.69
29173.83;-102.76
29176.76;-102.76
29179.69;-102.61
29182.62;-102.61
29185.55;-102.61
29188.48;-102.37
29191.41;-102.61
29194.34;-102.37
29197.27;-102.53
29200.20;-102.84
29203.13;-102.37
29206.05;-102.30
29208.98;-102.61
29211.91;-102.76
29214.84;-102.45
29217.77;-102.37
29220.70;-102.53
29223.63;-102.92
29226.56;-102.84
29229.49;-102.61
29232.42;-102.76
29235.35;-102.69
29238.28;-102.45
29241.21;-102.45
29244.14;-102.45
29247.07;-102.45
29250.00;-102.53
29252.93;-102.53
29255.86;-102.53
29258.79;-102.45
29261.72;-102.30
29264.65;-102.45
29267.58;-102.53
29270.51;-102.53
29273.44;-102.45
29276.37;-102.61
29279.30;-102.53
29282.23;-102.69
29285.16;-102.61
29288.09;-102.76
29291.02;-102.37
29293.95;-102.45
29296.88;-102.45
29299.80;-102.61
29302.73;-102.69
29305.66;-102.53
29308.59;-102.45
29311.52;-102.69
29314.45;-102.69
29317.38;-102.61
29320.31;-102.61
29323.24;-102.22
29326.17;-102.22
29329.10;-102.53
29332.03;-102.61
29334.96;-102.45
29337.89;-102.69
29340.82;-102.69
29343.75;-102.69
29346.68;-102.61
29349.61;-102.30
29352.54;-102.22
29355.47;-102.61
29358.40;-102.61
29361.33;-102.45
29364.26;-102.69
29367.19;-102.53
29370.12;-102.22
29373.05;-102.14
29375.98;-102.22
29378.91;-102.30
29381.84;-102.61
29384.77;-102.53
29387.70;-102.76
29390.63;-102.61
29393.55;-102.53
29396.48;-102.53
29399.41;-102.53
29402.34;-102.45
29405.27;-102.61
29408.20;-102.45
29411.13;-102.30
29414.06;-102.45
29416.99;-102.45
29419.92;-102.53
29422.85;-102.61
29425.78;-102.53
29428.71;-101.98
29431.64;-102.22
29434.57;-102.53
29437.50;-102.45
29440.43;-102.37
29443.36;-102.45
29446.29;-102.69
29449.22;-102.76
29452.15;-102.69
29455.08;-102.53
29458.01;-102.30
29460.94;-102.37
29463.87;-102.61
29466.80;-102.45
29469.73;-102.30
29472.66;-102.37
29475.59;-102.53
29478.52;-102.22
29481.45;-102.30
29484.38;-102.45
29487.30;-102.22
29490.23;-102.06
29493.16;-102.30
29496.09;-102.69
29499.02;-102.76
29501.95;-102.45
29504.88;-102.69
29507.81;-102.69
29510.74;-102.37
29513.67;-102.37
29516.60;-102.22
29519.53;-102.06
29522.46;-102.45
29525.39;-102.69
29528.32;-102.53
29531.25;-102.45
29534.18;-102.22
29537.11;-102.37
29540.04;-102.45
29542.97;-102.61
29545.90;-102.53
29548.83;-102.30
29551.76;-102.30
29554.69;-102.45
29557.62;-102.69
29560.55;-102.45
29563.48;-102.06
29566.41;-102.06
29569.34;-102.61
29572.27;-102.45
29575.20;-102.37
29578.13;-102.45
29581.05;-102.37
29583.98;-102.45
29586.91;-102.53
29589.84;-102.53
29592.77;-102.69
29595.70;-103.00
29598.63;-102.84
29601.56;-102.37
29604.49;-102.37
29607.42;-102.37
29610.35;-102.45
29613.28;-102.37
29616.21;-102.45
29619.14;-102.53
29622.07;-102.45
29625.00;-102.45
29627.93;-102.61
29630.86;-102.45
29633.79;-102.22
29636.72;-102.53
29639.65;-102.92
29642.58;-102.69
29645.51;-102.37
29648.44;-102.45
29651.37;-102.53
29654.30;-102.37
29657.23;-102.37
29660.16;-102.37
29663.09;-102.37
29666.02;-102.53
29668.95;-102.22
29671.88;-102.30
29674.80;-102.53
29677.73;-102.53
29680.66;-102.30
29683.59;-102.37
29686.52;-102.53
29689.45;-102.37
29692.38;-102.37
29695.31;-102.37
29698.24;-102.30
29701.17;-102.45
29704.10;-102.22
29707.03;-102.30
29709.96;-102.53
29712.89;-102.69
29715.82;-102.53
29718.75;-102.45
29721.68;-102.61
29724.61;-102.22
29727.54;-102.14
29730.47;-102.22
29733.40;-102.37
29736.33;-102.14
29739.26;-102.45
29742.19;-102.53
29745.12;-102.61
29748.05;-102.61
29750.98;-102.37
29753.91;-102.37
29756.84;-102.69
29759.77;-102.69
29762.70;-102.61
29765.63;-102.76
29768.55;-102.69
29771.48;-102.30
29774.41;-102.37
29777.34;-102.53
29780.27;-102.45
29783.20;-102.30
29786.13;-102.37
29789.06;-102.45
29791.99;-102.45
29794.92;-102.45
29797.85;-102.45
29800.78;-102.61
29803.71;-102.37
29806.64;-102.30
29809.57;-102.45
29812.50;-102.61
29815.43;-102.61
29818.36;-102.61
29821.29;-102.61
29824.22;-102.76
29827.15;-102.53
29830.08;-102.45
29833.01;-102.45
29835.94;-102.61
29838.87;-102.76
29841.80;-102.69
29844.73;-102.37
29847.66;-102.45
29850.59;-102.61
29853.52;-102.53
29856.45;-102.53
29859.38;-102.53
29862.30;-102.61
29865.23;-102.61
29868.16;-102.22
29871.09;-102.14
29874.02;-102.22
29876.95;-102.30
29879.88;-102.22
29882.81;-102.37
29885.74;-102.45
29888.67;-102.45
29891.60;-102.22
29894.53;-102.30
29897.46;-102.45
29900.39;-102.45
29903.32;-102.37
29906.25;-102.61
29909.18;-102.45
29912.11;-102.53
29915.04;-102.61
29917.97;-102.53
29920.90;-102.53
29923.83;-102.61
29926.76;-102.76
29929.69;-102.53
29932.62;-102.45
29935.55;-102.53
29938.48;-102.53
29941.41;-102.61
29944.34;-102.45
29947.27;-102.45
29950.20;-102.30
29953.13;-102.30
29956.05;-102.37
29958.98;-102.53
29961.91;-102.53
29964.84;-102.37
29967.77;-102.37
29970.70;-102.53
29973.63;-102.22
29976.56;-102.14
29979.49;-102.30
29982.42;-102.37
29985.35;-102.22
29988.28;-102.30
29991.21;-102.45
29994.14;-102.61
29997.07;-102.45
30000.00;-102.61
30002.93;-102.30
30005.86;-102.14
30008.79;-102.14
30011.72;-102.61
30014.65;-102.61
30017.58;-102.45
30020.51;-102.61
30023.44;-102.76
30026.37;-102.69
30029.30;-102.61
30032.23;-102.37
30035.16;-102.22
30038.09;-102.14
30041.02;-101.98
30043.95;-102.45
30046.88;-102.22
30049.80;-102.30
30052.73;-102.37
30055.66;-102.30
30058.59;-102.22
30061.52;-102.76
30064.45;-102.53
30067.38;-102.45
30070.31;-102.30
30073.24;-102.45
30076.17;-102.37
30079.10;-102.06
30082.03;-101.98
30084.96;-102.22
30087.89;-102.30
30090.82;-102.61
30093.75;-102.61
30096.68;-102.45
30099.61;-102.22
30102.54;-102.22
30105.47;-102.14
30108.40;-102.14
30111.33;-102.30
30114.26;-102.37
30117.19;-102.37
30120.12;-102.53
30123.05;-102.14
30125.98;-102.14
30128.91;-102.22
30131.84;-102.30
30134.77;-102.37
30137.70;-102.53
30140.63;-102.37
30143.55;-102.45
30146.48;-102.30
30149.41;-102.22
30152.34;-102.37
30155.27;-102.22
30158.20;-102.14
30161.13;-102.61
30164.06;-102.45
30166.99;-102.45
30169.92;-102.45
30172.85;-102.22
30175.78;-102.45
30178.71;-102.37
30181.64;-102.22
30184.57;-102.22
30187.50;-102.37
30190.43;-102.30
30193.36;-102.53
30196.29;-102.30
30199.22;-102.14
30202.15;-102.22
30205.08;-102.22
30208.01;-102.37
30210.94;-102.53
30213.87;-102.69
30216.80;-102.30
30219.73;-102.22
30222.66;-102.37
30225.59;-102.61
30228.52;-102.53
30231.45;-102.22
30234.38;-102.30
30237.30;-102.53
30240.23;-102.53
30243.16;-102.69
30246.09;-102.53
30249.02;-102.45
30251.95;-102.45
30254.88;-101.98
30257.81;-102.22
30260.74;-102.22
30263.67;-101.98
30266.60;-101.90
30269.53;-102.14
30272.46;-102.30
30275.39;-102.30
30278.32;-102.22
30281.25;-102.22
30284.18;-102.37
30287.11;-102.37
30290.04;-102.45
30292.97;-102.30
30295.90;-102.53
30298.83;-102.53
30301.76;-102.22
30304.69;-102.30
30307.62;-102.37
30310.55;-102.45
30313.48;-102.22
30316.41;-102.30
30319.34;-102.22
30322.27;-102.22
30325.20;-101.98
30328.13;-102.14
30331.05;-102.30
30333.98;-102.37
30336.91;-102.22
30339.84;-102.14
30342.77;-102.30
30345.70;-102.30
30348.63;-102.30
30351.56;-102.45
30354.49;-102.37
30357.42;-102.45
30360.35;-102.37
30363.28;-102.30
30366.21;-102.37
30369.14;-102.37
30372.07;-102.30
30375.00;-102.22
30377.93;-101.98
30380.86;-102.14
30383.79;-102.37
30386.72;-102.45
30389.65;-102.37
30392.58;-102.14
30395.51;-102.14
30398.44;-102.30
30401.37;-102.30
30404.30;-102.45
30407.23;-102.30
30410.16;-102.30
30413.09;-102.37
30416.02;-102.22
30418.95;-102.06
30421.88;-102.30
30424.80;-102.37
30427.73;-102.14
30430.66;-102.14
30433.59;-102.22
30436.52;-102.06
30439.45;-102.14
30442.38;-102.14
30445.31;-102.22
30448.24;-102.22
30451.17;-102.22
30454.10;-102.30
30457.03;-102.45
30459.96;-102.30
30462.89;-102.30
30465.82;-102.06
30468.75;-102.06
30471.68;-102.22
30474.61;-102.22
30477.54;-102.22
30480.47;-102.22
30483.40;-102.14
30486.33;-101.90
30489.26;-101.83
30492.19;-102.30
30495.12;-102.30
30498.05;-102.37
30500.98;-102.14
30503.91;-102.30
30506.84;-102.14
30509.77;-102.06
30512.70;-102.30
30515.63;-102.30
30518.55;-102.22
30521.48;-102.14
30524.41;-102.30
30527.34;-102.30
30530.27;-102.14
30533.20;-102.30
30536.13;-102.45
30539.06;-102.37
30541.99;-102.30
30544.92;-102.30
30547.85;-102.45
30550.78;-102.45
30553.71;-102.37
30556.64;-102.61
30559.57;-102.45
30562.50;-102.06
30565.43;-101.98
30568.36;-101.98
30571.29;-101.83
30574.22;-102.30
30577.15;-102.14
30580.08;-101.83
30583.01;-101.98
30585.94;-102.14
30588.87;-102.37
30591.80;-102.45
30594.73;-102.45
30597.66;-102.14
30600.59;-102.22
30603.52;-102.30
30606.45;-102.14
30609.38;-102.37
30612.30;-102.53
30615.23;-102.37
30618.16;-102.61
30621.09;-102.30
30624.02;-102.37
30626.95;-102.22
30629.88;-102.37
30632.81;-102.53
30635.74;-102.30
30638.67;-102.45
30641.60;-102.30
30644.53;-102.30
30647.46;-102.45
30650.39;-102.45
30653.32;-102.22
30656.25;-101.98
30659.18;-102.14
30662.11;-102.06
30665.04;-102.06
30667.97;-102.30
30670.90;-102.30
30673.83;-102.22
30676.76;-102.37
30679.69;-102.45
30682.62;-102.22
30685.55;-102.14
30688.48;-102.30
30691.41;-102.22
30694.34;-102.37
30697.27;-102.69
30700.20;-102.14
30703.13;-101.83
30706.05;-102.30
30708.98;-102.30
30711.91;-102.06
30714.84;-102.14
30717.77;-102.45
30720.70;-102.30
30723.63;-102.30
30726.56;-102.37
30729.49;-102.14
30732.42;-102.30
30735.35;-102.14
30738.28;-102.14
30741.21;-102.22
30744.14;-102.37
30747.07;-102.06
30750.00;-102.06
30752.93;-102.30
30755.86;-102.30
30758.79;-102.45
30761.72;-102.61
30764.65;-102.53
30767.58;-102.30
30770.51;-102.61
30773.44;-102.45
30776.37;-102.06
30779.30;-102.14
30782.23;-102.37
30785.16;-102.45
30788.09;-102.22
30791.02;-102.14
30793.95;-102.37
30796.88;-102.14
30799.80;-102.22
30802.73;-102.37
30805.66;-102.14
30808.59;-101.90
30811.52;-102.06
30814.45;-102.14
30817.38;-101.98
30820.31;-102.14
30823.24;-102.06
30826.17;-102.30
30829.10;-102.45
30832.03;-102.45
30834.96;-102.45
30837.89;-102.53
30840.82;-102.37
30843.75;-102.06
30846.68;-102.14
30849.61;-102.22
30852.54;-102.06
30855.47;-102.14
30858.40;-102.30
30861.33;-102.30
30864.26;-102.30
30867.19;-102.37
30870.12;-102.14
30873.05;-102.22
30875.98;-102.37
30878.91;-102.37
30881.84;-102.06
30884.77;-102.14
30887.70;-102.14
30890.63;-102.06
30893.55;-102.22
30896.48;-102.14
30899.41;-102.14
30902.34;-102.06
30905.27;-101.98
30908.20;-102.45
30911.13;-102.53
30914.06;-101.98
30916.99;-101.98
30919.92;-102.30
30922.85;-102.37
30925.78;-102.22
30928.71;-102.06
30931.64;-102.06
30934.57;-102.06
30937.50;-102.06
30940.43;-102.22
30943.36;-102.22
30946.29;-102.14
30949.22;-102.22
30952.15;-102.53
30955.08;-102.45
30958.01;-102.45
30960.94;-102.22
30963.87;-102.06
30966.80;-102.06
30969.73;-101.98
30972.66;-101.90
30975.59;-102.06
30978.52;-102.22
30981.45;-102.30
30984.38;-102.45
30987.30;-102.14
30990.23;-102.14
30993.16;-102.14
30996.09;-102.22
30999.02;-101.98
31001.95;-101.98
31004.88;-102.14
31007.81;-102.06
31010.74;-102.14
31013.67;-102.30
31016.60;-102.22
31019.53;-102.06
31022.46;-102.22
31025.39;-102.53
31028.32;-102.37
31031.25;-102.30
31034.18;-102.37
31037.11;-102.14
31040.04;-102.30
31042.97;-102.37
31045.90;-102.14
31048.83;-102.37
31051.76;-102.45
31054.69;-102.06
31057.62;-101.67
31060.55;-101.83
31063.48;-101.90
31066.41;-102.06
31069.34;-102.14
31072.27;-101.98
31075.20;-102.06
31078.13;-102.14
31081.05;-102.22
31083.98;-102.22
31086.91;-102.22
31089.84;-102.14
31092.77;-102.30
31095.70;-102.30
31098.63;-102.22
31101.56;-102.22
31104.49;-102.06
31107.42;-102.22
31110.35;-102.14
31113.28;-102.22
31116.21;-102.22
31119.14;-101.90
31122.07;-102.14
31125.00;-102.37
31127.93;-102.61
31130.86;-102.30
31133.79;-102.22
31136.72;-102.30
31139.65;-102.30
31142.58;-102.30
31145.51;-102.30
31148.44;-102.37
31151.37;-102.53
31154.30;-102.22
31157.23;-102.22
31160.16;-102.30
31163.09;-102.30
31166.02;-102.06
31168.95;-102.06
31171.88;-102.14
31174.80;-101.98
31177.73;-102.06
31180.66;-102.22
31183.59;-102.14
31186.52;-102.06
31189.45;-102.37
31192.38;-102.22
31195.31;-102.14
31198.24;-102.22
31201.17;-102.06
31204.10;-102.06
31207.03;-102.37
31209.96;-102.22
31212.89;-101.98
31215.82;-102.14
31218.75;-102.06
31221.68;-101.98
31224.61;-101.98
31227.54;-101.98
31230.47;-102.06
31233.40;-102.37
31236.33;-102.45
31239.26;-102.22
31242.19;-102.14
31245.12;-102.22
31248.05;-102.22
31250.98;-102.22
31253.91;-101.90
31256.84;-101.98
31259.77;-102.06
31262.70;-102.14
31265.63;-102.37
31268.55;-102.53
31271.48;-102.30
31274.41;-102.37
31277.34;-102.14
31280.27;-101.90
31283.20;-102.06
31286.13;-102.45
31289.06;-102.06
31291.99;-101.98
31294.92;-102.37
31297.85;-102.45
31300.78;-102.14
31303.71;-102.06
31306.64;-102.14
31309.57;-102.45
31312.50;-102.37
31315.43;-102.45
31318.36;-102.53
31321.29;-102.22
31324.22;-101.98
31327.15;-102.06
31330.08;-102.14
31333.01;-102.14
31335.94;-102.22
31338.87;-102.30
31341.80;-101.90
31344.73;-101.83
31347.66;-102.22
31350.59;-102.30
31353.52;-102.14
31356.45;-101.98
31359.38;-101.98
31362.30;-102.30
31365.23;-102.53
31368.16;-102.37
31371.09;-102.37
31374.02;-102.30
31376.95;-102.06
31379.88;-102.06
31382.81;-102.06
31385.74;-101.98
31388.67;-102.06
31391.60;-102.14
31394.53;-102.06
31397.46;-101.98
31400.39;-101.90
31403.32;-102.06
31406.25;-102.14
31409.18;-102.30
31412.11;-102.61
31415.04;-102.37
31417.97;-102.06
31420.90;-102.14
31423.83;-102.37
31426.76;-102.45
31429.69;-102.22
31432.62;-102.30
31435.55;-102.30
31438.48;-102.06
31441.41;-101.83
31444.34;-102.14
31447.27;-102.22
31450.20;-101.90
31453.13;-101.90
31456.05;-102.06
31458.98;-102.06
31461.91;-101.90
31464.84;-102.30
31467.77;-102.22
31470.70;-102.14
31473.63;-102.14
31476.56;-102.22
31479.49;-102.14
31482.42;-102.30
31485.35;-102.45
31488.28;-102.22
31491.21;-102.22
31494.14;-101.98
31497.07;-101.83
31500.00;-102.06
31502.93;-102.14
31505.86;-102.45
31508.79;-102.45
31511.72;-102.37
31514.65;-102.14
31517.58;-102.14
31520.51;-102.61
31523.44;-102.30
31526.37;-102.30
31529.30;-102.22
31532.23;-102.06
31535.16;-102.14
31538.09;-102.22
31541.02;-102.22
31543.95;-101.98
31546.88;-102.06
31549.80;-102.22
31552.73;-102.06
31555.66;-102.14
31558.59;-102.30
31561.52;-102.14
31564.45;-102.22
31567.38;-102.14
31570.31;-102.06
31573.24;-102.22
31576.17;-102.06
31579.10;-102.14
31582.03;-102.14
31584.96;-101.98
31587.89;-102.06
31590.82;-101.98
31593.75;-101.98
31596.68;-102.30
31599.61;-102.14
31602.54;-102.14
31605.47;-101.98
31608.40;-101.90
31611.33;-102.06
31614.26;-102.14
31617.19;-102.22
31620.12;-102.06
31623.05;-102.22
31625.98;-102.22
31628.91;-102.14
31631.84;-102.14
31634.77;-102.30
31637.70;-102.45
31640.63;-102.45
31643.55;-102.30
31646.48;-102.22
31649.41;-102.30
31652.34;-102.22
31655.27;-102.14
31658.20;-102.14
31661.13;-102.06
31664.06;-102.06
31666.99;-102.14
31669.92;-102.14
31672.85;-101.98
31675.78;-101.98
31678.71;-101.98
31681.64;-101.83
31684.57;-101.98
31687.50;-101.98
31690.43;-102.06
31693.36;-102.06
31696.29;-102.06
31699.22;-102.14
31702.15;-102.14
31705.08;-102.30
31708.01;-102.06
31710.94;-101.83
31713.87;-101.83
31716.80;-101.83
31719.73;-101.83
31722.66;-102.06
31725.59;-102.14
31728.52;-102.06
31731.45;-102.06
31734.38;-102.14
31737.30;-102.30
31740.23;-102.06
31743.16;-102.06
31746.09;-101.98
31749.02;-102.14
31751.95;-102.30
31754.88;-102.37
31757.81;-102.06
31760.74;-101.67
31763.67;-101.98
31766.60;-102.22
31769.53;-102.14
31772.46;-101.90
31775.39;-101.75
31778.32;-101.75
31781.25;-101.75
31784.18;-101.75
31787.11;-101.90
31790.04;-102.14
31792.97;-102.30
31795.90;-102.37
31798.83;-101.98
31801.76;-101.98
31804.69;-101.83
31807.62;-101.90
31810.55;-102.30
31813.48;-102.06
31816.41;-102.06
31819.34;-102.37
31822.27;-102.37
31825.20;-102.30
31828.13;-101.98
31831.05;-102.06
31833.98;-102.06
31836.91;-102.22
31839.84;-102.06
31842.77;-102.14
31845.70;-101.98
31848.63;-101.90
31851.56;-102.14
31854.49;-102.06
31857.42;-102.14
31860.35;-102.22
31863.28;-102.30
31866.21;-102.30
31869.14;-102.14
31872.07;-102.06
31875.00;-101.98
31877.93;-102.14
31880.86;-101.98
31883.79;-101.98
31886.72;-101.90
31889.65;-101.98
31892.58;-102.06
31895.51;-102.06
31898.44;-102.14
31901.37;-102.06
31904.30;-101.75
31907.23;-101.75
31910.16;-101.67
31913.09;-101.75
31916.02;-101.90
31918.95;-101.98
31921.88;-102.06
31924.80;-102.22
31927.73;-102.22
31930.66;-102.14
31933.59;-102.14
31936.52;-102.06
31939.45;-102.14
31942.38;-102.06
31945.31;-101.98
31948.24;-101.98
31951.17;-101.98
31954.10;-101.98
31957.03;-102.30
31959.96;-101.83
31962.89;-101.75
31965.82;-102.22
31968.75;-102.30
31971.68;-102.22
31974.61;-101.83
31977.54;-101.59
31980.47;-101.90
31983.40;-102.06
31986.33;-102.06
31989.26;-102.06
31992.19;-101.90
31995.12;-101.90
31998.05;-101.98
32000.98;-102.06
32003.91;-101.83
32006.84;-101.83
32009.77;-101.90
32012.70;-101.83
32015.63;-101.90
32018.55;-102.06
32021.48;-101.98
32024.41;-102.06
32027.34;-102.14
32030.27;-101.90
32033.20;-101.90
32036.13;-101.90
32039.06;-102.14
32041.99;-102.30
32044.92;-102.30
32047.85;-102.22
32050.78;-102.30
32053.71;-102.14
32056.64;-102.22
32059.57;-102.06
32062.50;-101.98
32065.43;-101.83
32068.36;-101.98
32071.29;-101.90
32074.22;-101.90
32077.15;-101.98
32080.08;-102.30
32083.01;-102.37
32085.94;-102.14
32088.87;-102.06
32091.80;-102.06
32094.73;-101.90
32097.66;-101.67
32100.59;-102.22
32103.52;-102.30
32106.45;-102.37
32109.38;-102.22
32112.30;-102.06
32115.23;-101.98
32118.16;-101.90
32121.09;-101.98
32124.02;-102.06
32126.95;-102.14
32129.88;-102.22
32132.81;-101.98
32135.74;-101.90
32138.67;-101.83
32141.60;-101.90
32144.53;-101.90
32147.46;-101.83
32150.39;-101.90
32153.32;-102.22
32156.25;-102.14
32159.18;-102.22
32162.11;-102.37
32165.04;-102.22
32167.97;-102.14
32170.90;-101.98
32173.83;-101.98
32176.76;-102.14
32179.69;-102.06
32182.62;-102.06
32185.55;-101.67
32188.48;-101.90
32191.41;-102.30
32194.34;-101.98
32197.27;-102.06
32200.20;-102.22
32203.13;-102.37
32206.05;-102.06
32208.98;-101.98
32211.91;-102.06
32214.84;-101.98
32217.77;-101.90
32220.70;-101.98
32223.63;-101.90
32226.56;-102.14
32229.49;-102.14
32232.42;-101.67
32235.35;-101.83
32238.28;-101.90
32241.21;-102.06
32244.14;-102.14
32247.07;-102.14
32250.00;-102.22
32252.93;-102.06
32255.86;-102.06
32258.79;-101.90
32261.72;-102.14
32264.65;-102.06
32267.58;-102.06
32270.51;-101.83
32273.44;-101.90
32276.37;-101.98
32279.30;-102.14
32282.23;-102.30
32285.16;-102.14
32288.09;-102.22
32291.02;-102.06
32293.95;-101.75
32296.88;-101.59
32299.80;-101.75
32302.73;-102.06
32305.66;-102.06
32308.59;-102.06
32311.52;-102.06
32314.45;-101.90
32317.38;-101.90
32320.31;-102.06
32323.24;-101.83
32326.17;-101.75
32329.10;-102.22
32332.03;-102.14
32334.96;-101.83
32337.89;-101.90
32340.82;-102.22
32343.75;-102.22
32346.68;-101.75
32349.61;-101.75
32352.54;-101.83
32355.47;-102.14
32358.40;-102.06
32361.33;-101.83
32364.26;-102.14
32367.19;-102.45
32370.12;-102.37
32373.05;-102.22
32375.98;-102.37
32378.91;-102.06
32381.84;-101.83
32384.77;-101.98
32387.70;-101.90
32390.63;-101.75
32393.55;-101.75
32396.48;-101.90
32399.41;-101.67
32402.34;-101.75
32405.27;-101.75
32408.20;-101.83
32411.13;-101.90
32414.06;-102.22
32416.99;-102.14
32419.92;-102.22
32422.85;-102.22
32425.78;-102.06
32428.71;-101.90
32431.64;-101.90
32434.57;-102.14
32437.50;-102.30
32440.43;-102.22
32443.36;-102.30
32446.29;-102.30
32449.22;-102.06
32452.15;-101.98
32455.08;-102.22
32458.01;-101.98
32460.94;-101.90
32463.87;-101.83
32466.80;-102.14
32469.73;-101.98
32472.66;-102.06
32475.59;-101.98
32478.52;-101.83
32481.45;-101.90
32484.38;-101.90
32487.30;-101.83
32490.23;-101.67
32493.16;-101.90
32496.09;-102.14
32499.02;-101.90
32501.95;-101.75
32504.88;-101.98
32507.81;-102.22
32510.74;-101.90
32513.67;-101.98
32516.60;-101.75
32519.53;-101.83
32522.46;-101.90
32525.39;-101.51
32528.32;-101.59
32531.25;-101.75
32534.18;-101.98
32537.11;-101.75
32540.04;-101.75
32542.97;-102.06
32545.90;-102.06
32548.83;-101.83
32551.76;-101.75
32554.69;-101.98
32557.62;-101.75
32560.55;-101.75
32563.48;-102.22
32566.41;-102.06
32569.34;-101.75
32572.27;-101.90
32575.20;-101.75
32578.13;-101.83
32581.05;-101.90
32583.98;-101.90
32586.91;-101.83
32589.84;-101.75
32592.77;-101.75
32595.70;-101.90
32598.63;-101.90
32601.56;-101.90
32604.49;-101.75
32607.42;-101.83
32610.35;-102.22
32613.28;-102.14
32616.21;-102.06
32619.14;-102.06
32622.07;-101.90
32625.00;-101.75
32627.93;-101.90
32630.86;-101.90
32633.79;-101.83
32636.72;-101.75
32639.65;-101.98
32642.58;-102.30
32645.51;-102.22
32648.44;-102.37
32651.37;-102.06
32654.30;-101.90
32657.23;-101.98
32660.16;-101.83
32663.09;-101.83
32666.02;-102.14
32668.95;-102.06
32671.88;-101.75
32674.80;-101.90
32677.73;-102.22
32680.66;-102.14
32683.59;-101.98
32686.52;-101.90
32689.45;-101.90
32692.38;-101.67
32695.31;-101.90
32698.24;-101.98
32701.17;-101.98
32704.10;-101.98
32707.03;-102.06
32709.96;-102.14
32712.89;-102.14
32715.82;-102.06
32718.75;-102.06
32721.68;-102.22
32724.61;-101.90
32727.54;-101.75
32730.47;-101.98
32733.40;-102.06
32736.33;-101.90
32739.26;-101.67
32742.19;-101.67
32745.12;-101.90
32748.05;-101.83
32750.98;-102.06
32753.91;-101.98
32756.84;-101.90
32759.77;-102.06
32762.70;-101.83
32765.63;-101.75
32768.55;-101.90
32771.48;-102.06
32774.41;-101.98
32777.34;-102.14
32780.27;-101.98
32783.20;-101.90
32786.13;-102.14
32789.06;-102.06
32791.99;-101.90
32794.92;-101.98
32797.85;-101.98
32800.78;-101.83
32803.71;-101.83
32806.64;-101.98
32809.57;-101.90
32812.50;-101.83
32815.43;-101.98
32818.36;-102.14
32821.29;-101.98
32824.22;-101.67
32827.15;-101.98
32830.08;-102.22
32833.01;-102.06
32835.94;-101.98
32838.87;-101.90
32841.80;-102.06
32844.73;-101.98
32847.66;-101.90
32850.59;-102.14
32853.52;-102.06
32856.45;-101.83
32859.38;-101.83
32862.30;-101.75
32865.23;-102.06
32868.16;-101.90
32871.09;-101.98
32874.02;-101.90
32876.95;-101.75
32879.88;-101.67
32882.81;-101.90
32885.74;-101.83
32888.67;-101.83
32891.60;-101.98
32894.53;-102.14
32897.46;-102.14
32900.39;-102.14
32903.32;-101.90
32906.25;-101.90
32909.18;-102.06
32912.11;-101.90
32915.04;-101.67
32917.97;-101.75
32920.90;-101.75
32923.83;-101.75
32926.76;-101.59
32929.69;-101.98
32932.62;-101.90
32935.55;-101.98
32938.48;-101.98
32941.41;-102.06
32944.34;-101.98
32947.27;-101.98
32950.20;-101.90
32953.13;-101.83
32956.05;-101.83
32958.98;-101.98
32961.91;-102.14
32964.84;-101.98
32967.77;-101.98
32970.70;-101.83
32973.63;-101.75
32976.56;-101.75
32979.49;-101.75
32982.42;-101.75
32985.35;-101.83
32988.28;-101.51
32991.21;-101.67
32994.14;-101.98
32997.07;-101.90
33000.00;-101.67
33002.93;-101.67
33005.86;-101.75
33008.79;-101.83
33011.72;-101.75
33014.65;-101.67
33017.58;-101.67
33020.51;-101.51
33023.44;-101.83
33026.37;-101.90
33029.30;-101.90
33032.23;-101.75
33035.16;-101.83
33038.09;-101.83
33041.02;-101.67
33043.95;-101.59
33046.88;-101.67
33049.80;-101.59
33052.73;-101.75
33055.66;-101.75
33058.59;-101.83
33061.52;-101.75
33064.45;-101.67
33067.38;-101.67
33070.31;-101.59
33073.24;-101.90
33076.17;-102.22
33079.10;-101.98
33082.03;-101.90
33084.96;-102.14
33087.89;-102.30
33090.82;-102.06
33093.75;-101.98
33096.68;-101.51
33099.61;-101.98
33102.54;-101.98
33105.47;-101.98
33108.40;-102.14
33111.33;-101.83
33114.26;-101.83
33117.19;-101.98
33120.12;-102.06
33123.05;-101.98
33125.98;-101.75
33128.91;-101.67
33131.84;-101.90
33134.77;-102.14
33137.70;-101.67
33140.63;-101.51
33143.55;-101.83
33146.48;-101.67
33149.41;-101.67
33152.34;-101.83
33155.27;-101.83
33158.20;-101.83
33161.13;-101.75
33164.06;-101.75
33166.99;-101.67
33169.92;-101.75
33172.85;-101.75
33175.78;-101.44
33178.71;-101.67
33181.64;-101.83
33184.57;-101.83
33187.50;-101.83
33190.43;-102.06
33193.36;-102.22
33196.29;-101.98
33199.22;-101.90
33202.15;-102.06
33205.08;-102.06
33208.01;-101.83
33210.94;-101.67
33213.87;-101.59
33216.80;-101.59
33219.73;-101.98
33222.66;-101.83
33225.59;-101.67
33228.52;-101.67
33231.45;-101.83
33234.38;-101.90
33237.30;-101.75
33240.23;-101.75
33243.16;-102.06
33246.09;-102.14
33249.02;-101.75
33251.95;-101.67
33254.88;-102.14
33257.81;-101.90
33260.74;-101.83
33263.67;-101.67
33266.60;-101.83
33269.53;-101.90
33272.46;-101.59
33275.39;-101.83
33278.32;-101.90
33281.25;-101.90
33284.18;-102.06
33287.11;-102.14
33290.04;-101.75
33292.97;-101.51
33295.90;-101.90
33298.83;-101.83
33301.76;-101.51
33304.69;-101.83
33307.62;-101.98
33310.55;-102.06
33313.48;-102.14
33316.41;-102.06
33319.34;-101.98
33322.27;-102.22
33325.20;-102.14
33328.13;-102.06
33331.05;-101.90
33333.98;-101.83
33336.91;-101.75
33339.84;-101.75
33342.77;-101.67
33345.70;-101.98
33348.63;-102.06
33351.56;-101.98
33354.49;-101.98
33357.42;-101.83
33360.35;-101.75
33363.28;-101.83
33366.21;-101.67
33369.14;-101.67
33372.07;-101.83
33375.00;-101.90
33377.93;-101.83
33380.86;-101.83
33383.79;-101.90
33386.72;-102.06
33389.65;-102.14
33392.58;-101.90
33395.51;-101.98
33398.44;-101.90
33401.37;-101.90
33404.30;-102.30
33407.23;-101.90
33410.16;-101.59
33413.09;-101.67
33416.02;-102.06
33418.95;-101.83
33421.88;-101.75
33424.80;-101.59
33427.73;-101.59
33430.66;-101.75
33433.59;-101.98
33436.52;-101.90
33439.45;-101.90
33442.38;-101.98
33445.31;-101.90
33448.24;-101.98
33451.17;-101.75
33454.10;-101.67
33457.03;-101.75
33459.96;-101.75
33462.89;-101.75
33465.82;-101.90
33468.75;-101.98
33471.68;-101.75
33474.61;-101.44
33477.54;-101.51
33480.47;-101.67
33483.40;-101.59
33486.33;-101.75
33489.26;-101.83
33492.19;-101.67
33495.12;-101.67
33498.05;-101.83
33500.98;-101.98
33503.91;-101.90
33506.84;-101.90
33509.77;-101.98
33512.70;-101.67
33515.63;-101.67
33518.55;-101.75
33521.48;-101.90
33524.41;-101.75
33527.34;-101.75
33530.27;-101.67
33533.20;-101.83
33536.13;-101.83
33539.06;-101.59
33541.99;-101.75
33544.92;-101.83
33547.85;-101.98
33550.78;-102.06
33553.71;-101.90
33556.64;-101.90
33559.57;-101.75
33562.50;-101.75
33565.43;-101.75
33568.36;-101.83
33571.29;-101.59
33574.22;-101.44
33577.15;-101.59
33580.08;-101.75
33583.01;-101.59
33585.94;-101.44
33588.87;-101.67
33591.80;-101.75
33594.73;-101.75
33597.66;-101.75
33600.59;-101.83
33603.52;-101.98
33606.45;-102.14
33609.38;-101.98
33612.30;-101.67
33615.23;-101.75
33618.16;-101.67
33621.09;-101.67
33624.02;-101.67
33626.95;-101.67
33629.88;-101.83
33632.81;-101.75
33635.74;-101.67
33638.67;-101.90
33641.60;-101.98
33644.53;-102.14
33647.46;-102.30
33650.39;-102.06
33653.32;-101.98
33656.25;-101.90
33659.18;-101.98
33662.11;-101.98
33665.04;-101.83
33667.97;-101.90
33670.90;-102.06
33673.83;-101.98
33676.76;-101.75
33679.69;-101.67
33682.62;-101.75
33685.55;-101.83
33688.48;-101.83
33691.41;-101.51
33694.34;-101.90
33697.27;-102.06
33700.20;-101.83
33703.13;-101.67
33706.05;-101.75
33708.98;-101.90
33711.91;-101.75
33714.84;-101.59
33717.77;-101.75
33720.70;-101.83
33723.63;-101.75
33726.56;-101.44
33729.49;-101.59
33732.42;-101.75
33735.35;-101.67
33738.28;-101.59
33741.21;-101.83
33744.14;-101.67
33747.07;-101.44
33750.00;-101.75
33752.93;-101.83
33755.86;-101.75
33758.79;-101.83
33761.72;-101.90
33764.65;-101.98
33767.58;-101.90
33770.51;-101.83
33773.44;-102.14
33776.37;-102.22
33779.30;-102.06
33782.23;-101.90
33785.16;-101.90
33788.09;-101.67
33791.02;-101.67
33793.95;-101.67
33796.88;-101.59
33799.80;-101.59
33802.73;-101.59
33805.66;-101.51
33808.59;-101.59
33811.52;-101.83
33814.45;-101.90
33817.38;-101.75
33820.31;-101.44
33823.24;-101.67
33826.17;-101.83
33829.10;-101.98
33832.03;-101.59
33834.96;-101.67
33837.89;-101.90
33840.82;-101.83
33843.75;-101.67
33846.68;-101.59
33849.61;-101.51
33852.54;-101.59
33855.47;-101.90
33858.40;-101.83
33861.33;-101.59
33864.26;-101.59
33867.19;-101.67
33870.12;-101.90
33873.05;-101.90
33875.98;-101.59
33878.91;-101.59
33881.84;-101.67
33884.77;-101.75
33887.70;-101.59
33890.63;-101.67
33893.55;-101.59
33896.48;-101.75
33899.41;-101.75
33902.34;-101.75
33905.27;-101.75
33908.20;-101.98
33911.13;-101.98
33914.06;-101.67
33916.99;-101.67
33919.92;-101.83
33922.85;-101.83
33925.78;-101.83
33928.71;-101.90
33931.64;-101.59
33934.57;-101.75
33937.50;-101.83
33940.43;-101.90
33943.36;-101.98
33946.29;-101.90
33949.22;-101.67
33952.15;-101.59
33955.08;-101.83
33958.01;-101.90
33960.94;-101.59
33963.87;-101.51
33966.80;-101.83
33969.73;-101.90
33972.66;-101.98
33975.59;-101.90
33978.52;-101.75
33981.45;-101.75
33984.38;-101.90
33987.30;-101.83
33990.23;-101.59
33993.16;-101.83
33996.09;-101.90
33999.02;-101.75
34001.95;-101.75
34004.88;-101.59
34007.81;-101.59
34010.74;-101.75
34013.67;-101.67
34016.60;-101.83
34019.53;-101.59
34022.46;-101.75
34025.39;-101.75
34028.32;-101.75
34031.25;-101.75
34034.18;-101.98
34037.11;-101.83
34040.04;-101.75
34042.97;-101.83
34045.90;-101.83
34048.83;-101.90
34051.76;-101.83
34054.69;-101.59
34057.62;-101.67
34060.55;-101.67
34063.48;-101.75
34066.41;-101.75
34069.34;-101.90
34072.27;-101.75
34075.20;-101.67
34078.13;-101.67
34081.05;-101.59
34083.98;-101.90
34086.91;-101.67
34089.84;-101.83
34092.77;-101.83
34095.70;-101.98
34098.63;-102.06
34101.56;-101.83
34104.49;-101.75
34107.42;-101.67
34110.35;-101.75
34113.28;-101.59
34116.21;-101.51
34119.14;-101.83
34122.07;-101.98
34125.00;-101.90
34127.93;-101.59
34130.86;-101.44
34133.79;-101.83
34136.72;-101.83
34139.65;-101.83
34142.58;-102.06
34145.51;-101.83
34148.44;-101.75
34151.37;-101.75
34154.30;-101.67
34157.23;-101.83
34160.16;-101.67
34163.09;-101.51
34166.02;-101.51
34168.95;-101.67
34171.88;-101.44
34174.80;-101.44
34177.73;-101.67
34180.66;-101.75
34183.59;-101.83
34186.52;-102.14
34189.45;-101.98
34192.38;-101.67
34195.31;-101.59
34198.24;-101.51
34201.17;-101.51
34204.10;-101.59
34207.03;-101.67
34209.96;-101.44
34212.89;-101.67
34215.82;-101.51
34218.75;-101.75
34221.68;-101.67
34224.61;-101.59
34227.54;-101.59
34230.47;-101.67
34233.40;-101.83
34236.33;-101.51
34239.26;-101.75
34242.19;-101.67
34245.12;-101.67
34248.05;-101.67
34250.98;-101.59
34253.91;-101.75
34256.84;-101.51
34259.77;-101.51
34262.70;-101.75
34265.63;-101.67
34268.55;-101.75
34271.48;-101.36
34274.41;-101.51
34277.34;-101.67
34280.27;-101.36
34283.20;-101.51
34286.13;-101.59
34289.06;-101.75
34291.99;-101.75
34294.92;-101.75
34297.85;-101.51
34300.78;-101.75
34303.71;-101.51
34306.64;-101.59
34309.57;-101.59
34312.50;-101.83
34315.43;-101.67
34318.36;-101.44
34321.29;-101.59
34324.22;-101.90
34327.15;-101.67
34330.08;-101.51
34333.01;-101.90
34335.94;-102.14
34338.87;-101.83
34341.80;-101.67
34344.73;-101.83
34347.66;-101.59
34350.59;-101.51
34353.52;-101.67
34356.45;-101.75
34359.38;-101.75
34362.30;-101.67
34365.23;-101.83
34368.16;-101.98
34371.09;-101.67
34374.02;-101.67
34376.95;-101.44
34379.88;-101.59
34382.81;-101.51
34385.74;-101.59
34388.67;-101.83
34391.60;-101.90
34394.53;-101.83
34397.46;-101.67
34400.39;-101.44
34403.32;-101.59
34406.25;-101.90
34409.18;-101.83
34412.11;-101.75
34415.04;-101.28
34417.97;-101.59
34420.90;-101.75
34423.83;-101.59
34426.76;-101.67
34429.69;-101.59
34432.62;-101.75
34435.55;-101.83
34438.48;-101.67
34441.41;-101.44
34444.34;-101.51
34447.27;-101.51
34450.20;-101.75
34453.13;-101.83
34456.05;-101.90
34458.98;-101.75
34461.91;-101.44
34464.84;-101.36
34467.77;-101.59
34470.70;-101.59
34473.63;-101.67
34476.56;-101.75
34479.49;-101.90
34482.42;-101.75
34485.35;-101.44
34488.28;-101.44
34491.21;-101.51
34494.14;-101.59
34497.07;-101.90
34500.00;-101.59
34502.93;-101.51
34505.86;-101.75
34508.79;-101.51
34511.72;-101.51
34514.65;-101.75
34517.58;-101.83
34520.51;-101.44
34523.44;-101.59
34526.37;-101.59
34529.30;-101.44
34532.23;-101.75
34535.16;-101.75
34538.09;-101.83
34541.02;-101.44
34543.95;-101.36
34546.88;-101.51
34549.80;-101.59
34552.73;-101.83
34555.66;-101.83
34558.59;-101.67
34561.52;-101.67
34564.45;-101.75
34567.38;-101.67
34570.31;-101.51
34573.24;-101.51
34576.17;-101.75
34579.10;-101.51
34582.03;-101.51
34584.96;-101.59
34587.89;-101.36
34590.82;-101.44
34593.75;-101.67
34596.68;-101.59
34599.61;-101.67
34602.54;-101.36
34605.47;-101.36
34608.40;-101.67
34611.33;-101.75
34614.26;-101.67
34617.19;-101.67
34620.12;-101.51
34623.05;-101.59
34625.98;-101.59
34628.91;-101.67
34631.84;-101.59
34634.77;-101.36
34637.70;-101.59
34640.63;-101.67
34643.55;-101.44
34646.48;-101.44
34649.41;-101.67
34652.34;-101.51
34655.27;-101.67
34658.20;-101.44
34661.13;-101.28
34664.06;-101.36
34666.99;-101.20
34669.92;-101.59
34672.85;-101.67
34675.78;-101.51
34678.71;-101.67
34681.64;-101.83
34684.57;-101.83
34687.50;-101.67
34690.43;-101.67
34693.36;-101.59
34696.29;-101.59
34699.22;-101.51
34702.15;-101.51
34705.08;-101.20
34708.01;-101.44
34710.94;-101.59
34713.87;-101.83
34716.80;-101.98
34719.73;-101.59
34722.66;-101.36
34725.59;-101.75
34728.52;-101.51
34731.45;-101.44
34734.38;-101.44
34737.30;-101.59
34740.23;-101.67
34743.16;-101.83
34746.09;-101.67
34749.02;-101.44
34751.95;-101.44
34754.88;-101.36
34757.81;-101.28
34760.74;-101.28
34763.67;-101.44
34766.60;-101.44
34769.53;-101.36
34772.46;-101.44
34775.39;-101.44
34778.32;-101.51
34781.25;-101.59
34784.18;-101.67
34787.11;-101.59
34790.04;-101.44
34792.97;-101.59
34795.90;-101.44
34798.83;-101.59
34801.76;-101.67
34804.69;-101.51
34807.62;-101.28
34810.55;-101.51
34813.48;-101.36
34816.41;-101.36
34819.34;-101.51
34822.27;-101.59
34825.20;-101.75
34828.13;-101.44
34831.05;-101.36
34833.98;-101.36
34836.91;-101.36
34839.84;-101.51
34842.77;-101.44
34845.70;-101.59
34848.63;-101.67
34851.56;-101.51
34854.49;-101.75
34857.42;-101.59
34860.35;-101.44
34863.28;-101.36
34866.21;-101.44
34869.14;-101.44
34872.07;-101.75
34875.00;-101.67
34877.93;-101.51
34880.86;-101.59
34883.79;-101.75
34886.72;-101.67
34889.65;-101.67
34892.58;-101.67
34895.51;-101.75
34898.44;-101.59
34901.37;-101.67
34904.30;-101.67
34907.23;-101.75
34910.16;-101.75
34913.09;-101.67
34916.02;-101.28
34918.95;-101.51
34921.88;-101.59
34924.80;-101.36
34927.73;-101.44
34930.66;-101.28
34933.59;-101.20
34936.52;-101.51
34939.45;-101.44
34942.38;-101.44
34945.31;-101.44
34948.24;-101.44
34951.17;-101.51
34954.10;-101.51
34957.03;-101.83
34959.96;-101.44
34962.89;-101.59
34965.82;-101.67
34968.75;-101.51
34971.68;-101.51
34974.61;-101.51
34977.54;-101.67
34980.47;-101.59
34983.40;-101.51
34986.33;-101.51
34989.26;-101.36
34992.19;-101.44
34995.12;-101.36
34998.05;-101.51
35000.98;-101.44
35003.91;-101.51
35006.84;-101.44
35009.77;-101.44
35012.70;-101.75
35015.63;-101.59
35018.55;-101.36
35021.48;-101.51
35024.41;-101.59
35027.34;-101.36
35030.27;-101.44
35033.20;-101.59
35036.13;-101.51
35039.06;-101.28
35041.99;-101.44
35044.92;-101.83
35047.85;-101.83
35050.78;-101.44
35053.71;-101.51
35056.64;-101.75
35059.57;-101.59
35062.50;-101.51
35065.43;-101.51
35068.36;-101.20
35071.29;-101.28
35074.22;-101.51
35077.15;-101.59
35080.08;-101.51
35083.01;-101.44
35085.94;-101.20
35088.87;-101.44
35091.80;-101.67
35094.73;-101.51
35097.66;-101.51
35100.59;-101.51
35103.52;-101.28
35106.45;-101.20
35109.38;-101.36
35112.30;-101.67
35115.23;-101.51
35118.16;-101.28
35121.09;-101.51
35124.02;-101.59
35126.95;-101.44
35129.88;-101.59
35132.81;-101.75
35135.74;-101.36
35138.67;-101.28
35141.60;-101.75
35144.53;-101.75
35147.46;-101.67
35150.39;-101.59
35153.32;-101.51
35156.25;-101.44
35159.18;-101.44
35162.11;-101.59
35165.04;-101.59
35167.97;-101.75
35170.90;-101.67
35173.83;-101.59
35176.76;-101.75
35179.69;-101.67
35182.62;-101.36
35185.55;-101.20
35188.48;-101.44
35191.41;-101.59
35194.34;-101.59
35197.27;-101.59
35200.20;-101.67
35203.13;-101.67
35206.05;-101.67
35208.98;-101.51
35211.91;-101.44
35214.84;-101.59
35217.77;-101.28
35220.70;-101.36
35223.63;-101.51
35226.56;-101.67
35229.49;-101.51
35232.42;-101.51
35235.35;-101.44
35238.28;-101.59
35241.21;-101.59
35244.14;-101.83
35247.07;-101.75
35250.00;-101.51
35252.93;-101.36
35255.86;-101.59
35258.79;-101.67
35261.72;-101.67
35264.65;-101.51
35267.58;-101.36
35270.51;-101.36
35273.44;-101.28
35276.37;-101.36
35279.30;-101.44
35282.23;-101.36
35285.16;-101.67
35288.09;-101.51
35291.02;-101.51
35293.95;-101.51
35296.88;-101.51
35299.80;-101.51
35302.73;-101.36
35305.66;-101.59
35308.59;-101.59
35311.52;-101.83
35314.45;-101.75
35317.38;-101.51
35320.31;-101.36
35323.24;-101.20
35326.17;-101.28
35329.10;-101.59
35332.03;-101.51
35334.96;-101.51
35337.89;-101.51
35340.82;-101.59
35343.75;-101.44
35346.68;-101.12
35349.61;-101.28
35352.54;-101.36
35355.47;-101.20
35358.40;-101.44
35361.33;-101.51
35364.26;-101.44
35367.19;-101.59
35370.12;-101.83
35373.05;-101.51
35375.98;-101.36
35378.91;-101.51
35381.84;-101.51
35384.77;-101.51
35387.70;-101.28
35390.63;-101.36
35393.55;-101.51
35396.48;-101.51
35399.41;-101.67
35402.34;-101.83
35405.27;-101.44
35408.20;-101.44
35411.13;-101.67
35414.06;-101.44
35416.99;-101.36
35419.92;-101.51
35422.85;-101.51
35425.78;-101.28
35428.71;-101.28
35431.64;-101.51
35434.57;-101.98
35437.50;-101.75
35440.43;-101.90
35443.36;-101.83
35446.29;-101.51
35449.22;-101.51
35452.15;-101.36
35455.08;-101.36
35458.01;-101.67
35460.94;-101.67
35463.87;-101.67
35466.80;-101.75
35469.73;-101.51
35472.66;-101.28
35475.59;-101.20
35478.52;-101.36
35481.45;-101.36
35484.38;-101.51
35487.30;-101.59
35490.23;-101.28
35493.16;-101.28
35496.09;-101.59
35499.02;-101.59
35501.95;-101.59
35504.88;-101.59
35507.81;-101.51
35510.74;-101.67
35513.67;-101.36
35516.60;-101.36
35519.53;-101.51
35522.46;-101.28
35525.39;-101.36
35528.32;-101.51
35531.25;-101.59
35534.18;-101.67
35537.11;-101.51
35540.04;-101.59
35542.97;-101.59
35545.90;-101.51
35548.83;-101.44
35551.76;-101.44
35554.69;-101.28
35557.62;-101.51
35560.55;-101.59
35563.48;-101.59
35566.41;-101.28
35569.34;-101.05
35572.27;-101.44
35575.20;-101.51
35578.13;-101.28
35581.05;-101.28
35583.98;-101.36
35586.91;-101.12
35589.84;-101.20
35592.77;-101.51
35595.70;-101.59
35598.63;-101.59
35601.56;-101.44
35604.49;-101.20
35607.42;-101.12
35610.35;-101.28
35613.28;-101.36
35616.21;-101.28
35619.14;-101.44
35622.07;-101.36
35625.00;-101.20
35627.93;-101.28
35630.86;-101.36
35633.79;-101.20
35636.72;-101.44
35639.65;-101.51
35642.58;-101.51
35645.51;-101.67
35648.44;-101.59
35651.37;-101.67
35654.30;-101.59
35657.23;-101.59
35660.16;-101.28
35663.09;-101.28
35666.02;-101.28
35668.95;-101.36
35671.88;-101.36
35674.80;-101.44
35677.73;-101.51
35680.66;-101.44
35683.59;-101.44
35686.52;-101.36
35689.45;-101.44
35692.38;-101.44
35695.31;-101.59
35698.24;-101.51
35701.17;-101.51
35704.10;-101.59
35707.03;-101.36
35709.96;-101.36
35712.89;-101.36
35715.82;-101.44
35718.75;-101.36
35721.68;-101.28
35724.61;-101.59
35727.54;-101.51
35730.47;-101.36
35733.40;-101.51
35736.33;-101.51
35739.26;-101.44
35742.19;-101.28
35745.12;-101.51
35748.05;-101.51
35750.98;-101.20
35753.91;-101.28
35756.84;-101.59
35759.77;-101.59
35762.70;-101.44
35765.63;-101.67
35768.55;-101.75
35771.48;-101.44
35774.41;-101.51
35777.34;-101.59
35780.27;-101.44
35783.20;-101.59
35786.13;-101.59
35789.06;-101.44
35791.99;-101.51
35794.92;-101.51
35797.85;-101.44
35800.78;-101.51
35803.71;-101.51
35806.64;-101.44
35809.57;-101.44
35812.50;-101.59
35815.43;-101.59
35818.36;-101.51
35821.29;-101.36
35824.22;-101.36
35827.15;-101.12
35830.08;-101.12
35833.01;-101.36
35835.94;-101.36
35838.87;-101.51
35841.80;-101.44
35844.73;-101.51
35847.66;-101.67
35850.59;-101.44
35853.52;-101.51
35856.45;-101.44
35859.38;-101.28
35862.30;-101.59
35865.23;-101.59
35868.16;-101.44
35871.09;-101.51
35874.02;-101.44
35876.95;-101.59
35879.88;-101.44
35882.81;-101.28
35885.74;-101.20
35888.67;-101.20
35891.60;-101.36
35894.53;-101.44
35897.46;-101.44
35900.39;-101.51
35903.32;-101.51
35906.25;-101.28
35909.18;-101.28
35912.11;-101.51
35915.04;-101.59
35917.97;-101.36
35920.90;-101.20
35923.83;-101.44
35926.76;-101.51
35929.69;-101.59
35932.62;-101.36
35935.55;-101.59
35938.48;-101.67
35941.41;-101.67
35944.34;-101.36
35947.27;-101.44
35950.20;-101.51
35953.13;-101.36
35956.05;-101.59
35958.98;-101.36
35961.91;-101.44
35964.84;-101.44
35967.77;-101.44
35970.70;-101.51
35973.63;-101.67
35976.56;-101.75
35979.49;-101.59
35982.42;-101.28
35985.35;-101.44
35988.28;-101.59
35991.21;-101.51
35994.14;-101.75
35997.07;-101.67
36000.00;-101.59
36002.93;-101.36
36005.86;-101.59
36008.79;-101.59
36011.72;-101.67
36014.65;-101.44
36017.58;-101.28
36020.51;-101.36
36023.44;-101.51
36026.37;-101.67
36029.30;-101.44
36032.23;-101.44
36035.16;-101.20
36038.09;-101.28
36041.02;-101.36
36043.95;-101.28
36046.88;-101.44
36049.80;-101.44
36052.73;-101.51
36055.66;-101.75
36058.59;-101.67
36061.52;-101.36
36064.45;-101.44
36067.38;-101.51
36070.31;-101.51
36073.24;-101.59
36076.17;-101.67
36079.10;-101.44
36082.03;-101.59
36084.96;-101.67
36087.89;-101.44
36090.82;-101.36
36093.75;-101.36
36096.68;-101.12
36099.61;-101.36
36102.54;-101.36
36105.47;-101.20
36108.40;-101.28
36111.33;-101.67
36114.26;-101.59
36117.19;-101.44
36120.12;-101.28
36123.05;-101.20
36125.98;-101.51
36128.91;-101.51
36131.84;-101.44
36134.77;-101.44
36137.70;-101.59
36140.63;-101.51
36143.55;-101.28
36146.48;-101.51
36149.41;-101.75
36152.34;-101.36
36155.27;-101.28
36158.20;-101.20
36161.13;-101.36
36164.06;-101.67
36166.99;-101.59
36169.92;-101.28
36172.85;-101.51
36175.78;-101.44
36178.71;-101.28
36181.64;-101.28
36184.57;-101.20
36187.50;-101.44
36190.43;-101.51
36193.36;-101.36
36196.29;-101.44
36199.22;-101.67
36202.15;-101.67
36205.08;-101.20
36208.01;-101.12
36210.94;-101.36
36213.87;-101.28
36216.80;-101.44
36219.73;-101.20
36222.66;-101.28
36225.59;-101.20
36228.52;-101.28
36231.45;-101.36
36234.38;-101.44
36237.30;-101.36
36240.23;-101.44
36243.16;-101.36
36246.09;-101.44
36249.02;-101.20
36251.95;-101.28
36254.88;-101.44
36257.81;-101.44
36260.74;-101.44
36263.67;-101.51
36266.60;-101.51
36269.53;-101.36
36272.46;-101.59
36275.39;-101.36
36278.32;-101.67
36281.25;-101.59
36284.18;-101.28
36287.11;-101.28
36290.04;-101.28
36292.97;-101.12
36295.90;-101.20
36298.83;-101.44
36301.76;-101.51
36304.69;-101.28
36307.62;-101.51
36310.55;-101.59
36313.48;-101.44
36316.41;-101.20
36319.34;-101.28
36322.27;-101.36
36325.20;-101.51
36328.13;-101.36
36331.05;-101.12
36333.98;-101.36
36336.91;-101.05
36339.84;-101.36
36342.77;-101.36
36345.70;-101.28
36348.63;-101.36
36351.56;-101.51
36354.49;-101.44
36357.42;-101.20
36360.35;-101.36
36363.28;-101.28
36366.21;-101.51
36369.14;-101.44
36372.07;-101.59
36375.00;-101.36
36377.93;-101.28
36380.86;-101.20
36383.79;-101.28
36386.72;-101.44
36389.65;-101.44
36392.58;-101.36
36395.51;-101.36
36398.44;-101.36
36401.37;-101.44
36404.30;-101.36
36407.23;-101.44
36410.16;-101.28
36413.09;-101.20
36416.02;-101.36
36418.95;-101.20
36421.88;-101.12
36424.80;-101.44
36427.73;-101.67
36430.66;-101.44
36433.59;-101.44
36436.52;-101.12
36439.45;-101.05
36442.38;-101.28
36445.31;-101.44
36448.24;-101.51
36451.17;-101.36
36454.10;-101.36
36457.03;-101.20
36459.96;-101.20
36462.89;-101.44
36465.82;-101.44
36468.75;-101.51
36471.68;-101.51
36474.61;-101.44
36477.54;-101.36
36480.47;-101.36
36483.40;-101.20
36486.33;-101.36
36489.26;-101.36
36492.19;-101.36
36495.12;-101.36
36498.05;-101.44
36500.98;-101.36
36503.91;-101.05
36506.84;-100.97
36509.77;-101.20
36512.70;-101.36
36515.63;-101.36
36518.55;-101.20
36521.48;-101.28
36524.41;-101.28
36527.34;-101.44
36530.27;-101.20
36533.20;-101.20
36536.13;-101.28
36539.06;-101.12
36541.99;-101.36
36544.92;-101.36
36547.85;-101.12
36550.78;-101.44
36553.71;-101.59
36556.64;-101.51
36559.57;-101.59
36562.50;-101.36
36565.43;-101.20
36568.36;-101.28
36571.29;-101.28
36574.22;-101.20
36577.15;-101.05
36580.08;-101.20
36583.01;-101.44
36585.94;-101.67
36588.87;-101.51
36591.80;-101.44
36594.73;-101.28
36597.66;-101.59
36600.59;-101.59
36603.52;-101.28
36606.45;-101.20
36609.38;-101.28
36612.30;-101.20
36615.23;-101.36
36618.16;-101.44
36621.09;-101.44
36624.02;-101.36
36626.95;-101.44
36629.88;-101.44
36632.81;-101.28
36635.74;-101.20
36638.67;-101.36
36641.60;-101.28
36644.53;-101.36
36647.46;-101.36
36650.39;-101.59
36653.32;-101.44
36656.25;-101.67
36659.18;-101.51
36662.11;-101.28
36665.04;-101.12
36667.97;-101.36
36670.90;-101.51
36673.83;-101.20
36676.76;-101.36
36679.69;-101.20
36682.62;-101.20
36685.55;-101.36
36688.48;-101.28
36691.41;-101.20
36694.34;-101.36
36697.27;-101.28
36700.20;-101.20
36703.13;-101.12
36706.05;-101.12
36708.98;-101.36
36711.91;-101.44
36714.84;-101.36
36717.77;-101.44
36720.70;-101.36
36723.63;-101.12
36726.56;-101.44
36729.49;-101.36
36732.42;-101.12
36735.35;-101.59
36738.28;-101.44
36741.21;-101.51
36744.14;-101.44
36747.07;-101.51
36750.00;-101.59
36752.93;-101.51
36755.86;-101.20
36758.79;-101.12
36761.72;-101.36
36764.65;-101.28
36767.58;-101.44
36770.51;-101.51
36773.44;-101.20
36776.37;-101.28
36779.30;-101.51
36782.23;-101.51
36785.16;-101.28
36788.09;-101.20
36791.02;-101.20
36793.95;-101.20
36796.88;-101.12
36799.80;-101.12
36802.73;-101.20
36805.66;-101.36
36808.59;-101.44
36811.52;-101.51
36814.45;-101.28
36817.38;-101.28
36820.31;-101.59
36823.24;-101.51
36826.17;-101.28
36829.10;-101.20
36832.03;-101.44
36834.96;-101.59
36837.89;-101.59
36840.82;-101.44
36843.75;-101.28
36846.68;-101.28
36849.61;-101.28
36852.54;-101.44
36855.47;-101.36
36858.40;-101.20
36861.33;-101.28
36864.26;-101.44
36867.19;-101.28
36870.12;-101.36
36873.05;-101.28
36875.98;-101.28
36878.91;-101.20
36881.84;-101.12
36884.77;-101.28
36887.70;-101.28
36890.63;-101.44
36893.55;-101.67
36896.48;-101.28
36899.41;-101.28
36902.34;-101.20
36905.27;-101.28
36908.20;-101.28
36911.13;-101.28
36914.06;-101.28
36916.99;-101.05
36919.92;-101.12
36922.85;-101.20
36925.78;-101.44
36928.71;-101.44
36931.64;-101.05
36934.57;-101.12
36937.50;-101.36
36940.43;-101.20
36943.36;-101.05
36946.29;-101.12
36949.22;-101.36
36952.15;-101.36
36955.08;-100.97
36958.01;-101.28
36960.94;-101.44
36963.87;-101.28
36966.80;-101.28
36969.73;-101.05
36972.66;-101.28
36975.59;-101.44
36978.52;-101.59
36981.45;-101.44
36984.38;-101.44
36987.30;-101.67
36990.23;-101.51
36993.16;-101.20
36996.09;-101.44
36999.02;-101.28
37001.95;-101.28
37004.88;-101.12
37007.81;-101.12
37010.74;-101.12
37013.67;-101.28
37016.60;-101.44
37019.53;-101.28
37022.46;-101.20
37025.39;-101.20
37028.32;-101.20
37031.25;-101.44
37034.18;-101.51
37037.11;-101.28
37040.04;-101.28
37042.97;-101.12
37045.90;-101.36
37048.83;-101.51
37051.76;-101.51
37054.69;-101.28
37057.62;-100.97
37060.55;-101.12
37063.48;-101.05
37066.41;-100.89
37069.34;-101.44
37072.27;-101.44
37075.20;-101.44
37078.13;-101.28
37081.05;-101.36
37083.98;-101.28
37086.91;-101.12
37089.84;-101.28
37092.77;-101.28
37095.70;-101.12
37098.63;-101.05
37101.56;-101.05
37104.49;-101.28
37107.42;-101.20
37110.35;-101.36
37113.28;-101.51
37116.21;-101.51
37119.14;-101.28
37122.07;-101.20
37125.00;-101.36
37127.93;-101.59
37130.86;-101.44
37133.79;-101.59
37136.72;-101.28
37139.65;-101.05
37142.58;-101.36
37145.51;-101.51
37148.44;-101.28
37151.37;-101.36
37154.30;-101.28
37157.23;-101.05
37160.16;-100.89
37163.09;-101.12
37166.02;-101.20
37168.95;-101.28
37171.88;-101.44
37174.80;-101.28
37177.73;-101.36
37180.66;-101.28
37183.59;-101.44
37186.52;-101.44
37189.45;-101.20
37192.38;-101.20
37195.31;-100.89
37198.24;-101.20
37201.17;-101.12
37204.10;-101.20
37207.03;-101.20
37209.96;-101.28
37212.89;-101.12
37215.82;-101.12
37218.75;-101.36
37221.68;-101.44
37224.61;-101.28
37227.54;-101.20
37230.47;-101.28
37233.40;-101.36
37236.33;-101.28
37239.26;-101.05
37242.19;-100.97
37245.12;-101.20
37248.05;-101.20
37250.98;-101.36
37253.91;-101.28
37256.84;-101.36
37259.77;-101.12
37262.70;-101.36
37265.63;-101.28
37268.55;-101.36
37271.48;-101.36
37274.41;-101.12
37277.34;-101.12
37280.27;-101.44
37283.20;-101.67
37286.13;-101.28
37289.06;-101.20
37291.99;-101.20
37294.92;-101.36
37297.85;-101.20
37300.78;-101.28
37303.71;-101.20
37306.64;-101.12
37309.57;-101.20
37312.50;-101.12
37315.43;-101.36
37318.36;-101.28
37321.29;-101.20
37324.22;-101.05
37327.15;-101.20
37330.08;-101.36
37333.01;-101.28
37335.94;-101.51
37338.87;-101.44
37341.80;-101.28
37344.73;-101.36
37347.66;-101.20
37350.59;-101.51
37353.52;-101.51
37356.45;-101.12
37359.38;-101.05
37362.30;-101.28
37365.23;-101.05
37368.16;-101.05
37371.09;-100.97
37374.02;-101.20
37376.95;-101.28
37379.88;-101.12
37382.81;-100.97
37385.74;-100.81
37388.67;-100.97
37391.60;-100.81
37394.53;-100.89
37397.46;-101.28
37400.39;-101.12
37403.32;-101.05
37406.25;-101.28
37409.18;-101.59
37412.11;-101.51
37415.04;-101.44
37417.97;-101.20
37420.90;-101.05
37423.83;-101.28
37426.76;-101.36
37429.69;-101.44
37432.62;-101.44
37435.55;-101.20
37438.48;-101.28
37441.41;-101.28
37444.34;-101.20
37447.27;-101.20
37450.20;-101.36
37453.13;-101.51
37456.05;-101.44
37458.98;-101.20
37461.91;-101.12
37464.84;-101.36
37467.77;-101.44
37470.70;-101.36
37473.63;-101.20
37476.56;-101.44
37479.49;-101.20
37482.42;-101.20
37485.35;-101.12
37488.28;-100.81
37491.21;-101.12
37494.14;-101.28
37497.07;-101.20
37500.00;-101.12
37502.93;-101.67
37505.86;-101.44
37508.79;-101.51
37511.72;-101.28
37514.65;-101.12
37517.58;-101.05
37520.51;-101.28
37523.44;-101.28
37526.37;-101.12
37529.30;-101.20
37532.23;-101.20
37535.16;-101.28
37538.09;-101.20
37541.02;-101.28
37543.95;-101.51
37546.88;-101.20
37549.80;-101.12
37552.73;-101.20
37555.66;-100.97
37558.59;-101.12
37561.52;-101.20
37564.45;-101.28
37567.38;-101.12
37570.31;-101.36
37573.24;-101.36
37576.17;-101.28
37579.10;-101.36
37582.03;-101.36
37584.96;-101.36
37587.89;-101.28
37590.82;-101.36
37593.75;-101.36
37596.68;-101.44
37599.61;-101.36
37602.54;-101.44
37605.47;-101.28
37608.40;-101.12
37611.33;-101.12
37614.26;-101.36
37617.19;-101.36
37620.12;-101.51
37623.05;-101.51
37625.98;-101.36
37628.91;-101.20
37631.84;-101.36
37634.77;-101.20
37637.70;-101.20
37640.63;-101.36
37643.55;-101.28
37646.48;-101.44
37649.41;-101.36
37652.34;-101.28
37655.27;-101.28
37658.20;-101.20
37661.13;-101.20
37664.06;-101.12
37666.99;-101.12
37669.92;-101.28
37672.85;-101.28
37675.78;-100.97
37678.71;-101.12
37681.64;-101.36
37684.57;-101.20
37687.50;-101.44
37690.43;-101.28
37693.36;-100.97
37696.29;-100.73
37699.22;-100.73
37702.15;-100.97
37705.08;-101.36
37708.01;-101.28
37710.94;-101.12
37713.87;-101.20
37716.80;-101.05
37719.73;-101.20
37722.66;-101.20
37725.59;-101.12
37728.52;-101.28
37731.45;-101.20
37734.38;-101.28
37737.30;-101.44
37740.23;-101.12
37743.16;-101.05
37746.09;-101.44
37749.02;-101.44
37751.95;-101.28
37754.88;-101.05
37757.81;-100.97
37760.74;-101.05
37763.67;-100.97
37766.60;-101.36
37769.53;-101.28
37772.46;-101.20
37775.39;-101.28
37778.32;-101.28
37781.25;-100.97
37784.18;-101.12
37787.11;-100.89
37790.04;-101.12
37792.97;-101.28
37795.90;-100.89
37798.83;-100.97
37801.76;-101.20
37804.69;-101.36
37807.62;-101.44
37810.55;-101.20
37813.48;-101.12
37816.41;-100.73
37819.34;-100.97
37822.27;-101.44
37825.20;-101.28
37828.13;-101.28
37831.05;-101.20
37833.98;-101.12
37836.91;-101.28
37839.84;-101.51
37842.77;-101.28
37845.70;-101.12
37848.63;-101.05
37851.56;-101.20
37854.49;-101.36
37857.42;-101.12
37860.35;-101.28
37863.28;-101.28
37866.21;-100.97
37869.14;-101.20
37872.07;-101.28
37875.00;-101.36
37877.93;-101.20
37880.86;-101.05
37883.79;-101.12
37886.72;-101.20
37889.65;-101.20
37892.58;-101.05
37895.51;-101.05
37898.44;-101.28
37901.37;-101.12
37904.30;-101.05
37907.23;-100.89
37910.16;-101.20
37913.09;-101.28
37916.02;-101.20
37918.95;-101.51
37921.88;-101.51
37924.80;-101.28
37927.73;-101.36
37930.66;-101.20
37933.59;-101.20
37936.52;-101.05
37939.45;-101.05
37942.38;-101.12
37945.31;-101.12
37948.24;-101.12
37951.17;-101.05
37954.10;-101.12
37957.03;-101.05
37959.96;-101.05
37962.89;-101.20
37965.82;-101.12
37968.75;-101.05
37971.68;-101.12
37974.61;-101.36
37977.54;-101.28
37980.47;-101.12
37983.40;-101.20
37986.33;-101.51
37989.26;-101.20
37992.19;-101.28
37995.12;-101.44
37998.05;-101.20
38000.98;-100.89
38003.91;-101.05
38006.84;-100.97
38009.77;-100.97
38012.70;-101.12
38015.63;-101.28
38018.55;-100.97
38021.48;-101.12
38024.41;-101.20
38027.34;-101.20
38030.27;-101.28
38033.20;-101.28
38036.13;-101.05
38039.06;-101.20
38041.99;-101.05
38044.92;-100.89
38047.85;-101.12
38050.78;-101.36
38053.71;-101.36
38056.64;-101.20
38059.57;-101.36
38062.50;-101.20
38065.43;-100.89
38068.36;-100.89
38071.29;-101.12
38074.22;-101.20
38077.15;-101.28
38080.08;-101.20
38083.01;-101.28
38085.94;-101.20
38088.87;-101.12
38091.80;-101.12
38094.73;-101.20
38097.66;-101.20
38100.59;-101.12
38103.52;-101.12
38106.45;-101.28
38109.38;-101.12
38112.30;-101.12
38115.23;-101.12
38118.16;-101.44
38121.09;-101.51
38124.02;-101.20
38126.95;-101.20
38129.88;-101.20
38132.81;-101.20
38135.74;-101.20
38138.67;-101.28
38141.60;-101.36
38144.53;-101.12
38147.46;-100.97
38150.39;-101.05
38153.32;-101.20
38156.25;-100.97
38159.18;-100.81
38162.11;-100.97
38165.04;-101.12
38167.97;-101.05
38170.90;-101.36
38173.83;-101.51
38176.76;-101.20
38179.69;-101.20
38182.62;-101.28
38185.55;-101.28
38188.48;-101.36
38191.41;-101.36
38194.34;-101.28
38197.27;-101.20
38200.20;-101.59
38203.13;-101.51
38206.05;-101.36
38208.98;-101.36
38211.91;-101.51
38214.84;-101.59
38217.77;-101.20
38220.70;-101.05
38223.63;-100.89
38226.56;-100.97
38229.49;-101.12
38232.42;-101.28
38235.35;-101.20
38238.28;-101.05
38241.21;-100.97
38244.14;-101.20
38247.07;-101.05
38250.00;-101.12
38252.93;-101.05
38255.86;-101.05
38258.79;-101.12
38261.72;-101.12
38264.65;-101.05
38267.58;-101.05
38270.51;-101.12
38273.44;-100.97
38276.37;-101.05
38279.30;-101.12
38282.23;-101.12
38285.16;-101.20
38288.09;-101.44
38291.02;-101.28
38293.95;-101.12
38296.88;-101.05
38299.80;-101.12
38302.73;-101.36
38305.66;-101.44
38308.59;-101.28
38311.52;-101.28
38314.45;-101.20
38317.38;-101.05
38320.31;-101.12
38323.24;-101.28
38326.17;-101.36
38329.10;-101.28
38332.03;-101.05
38334.96;-100.97
38337.89;-101.12
38340.82;-101.12
38343.75;-101.28
38346.68;-101.12
38349.61;-100.89
38352.54;-101.12
38355.47;-101.36
38358.40;-100.97
38361.33;-100.81
38364.26;-100.97
38367.19;-101.28
38370.12;-101.44
38373.05;-101.20
38375.98;-101.12
38378.91;-101.12
38381.84;-101.20
38384.77;-101.20
38387.70;-101.12
38390.63;-100.97
38393.55;-101.20
38396.48;-101.51
38399.41;-101.44
38402.34;-101.28
38405.27;-100.97
38408.20;-101.12
38411.13;-101.12
38414.06;-101.28
38416.99;-101.51
38419.92;-101.28
38422.85;-101.28
38425.78;-101.12
38428.71;-101.28
38431.64;-101.44
38434.57;-101.28
38437.50;-101.44
38440.43;-101.20
38443.36;-101.20
38446.29;-101.12
38449.22;-101.12
38452.15;-101.28
38455.08;-101.12
38458.01;-101.20
38460.94;-101.28
38463.87;-101.20
38466.80;-101.20
38469.73;-101.05
38472.66;-101.05
38475.59;-101.12
38478.52;-101.20
38481.45;-101.20
38484.38;-101.28
38487.30;-101.20
38490.23;-101.12
38493.16;-100.97
38496.09;-101.05
38499.02;-101.20
38501.95;-101.12
38504.88;-101.20
38507.81;-101.44
38510.74;-101.20
38513.67;-101.05
38516.60;-101.12
38519.53;-101.05
38522.46;-100.81
38525.39;-100.97
38528.32;-101.28
38531.25;-101.20
38534.18;-101.12
38537.11;-101.28
38540.04;-101.36
38542.97;-101.36
38545.90;-101.12
38548.83;-100.97
38551.76;-101.20
38554.69;-100.97
38557.62;-100.65
38560.55;-100.89
38563.48;-100.97
38566.41;-101.12
38569.34;-101.28
38572.27;-101.44
38575.20;-101.20
38578.13;-101.28
38581.05;-100.97
38583.98;-100.89
38586.91;-100.89
38589.84;-101.12
38592.77;-101.28
38595.70;-101.20
38598.63;-100.97
38601.56;-100.89
38604.49;-101.05
38607.42;-101.44
38610.35;-101.20
38613.28;-101.12
38616.21;-101.12
38619.14;-101.20
38622.07;-101.20
38625.00;-101.28
38627.93;-101.12
38630.86;-101.12
38633.79;-101.12
38636.72;-100.97
38639.65;-101.28
38642.58;-101.28
38645.51;-101.28
38648.44;-101.28
38651.37;-101.28
38654.30;-101.05
38657.23;-101.28
38660.16;-101.28
38663.09;-100.89
38666.02;-101.05
38668.95;-101.28
38671.88;-101.20
38674.80;-100.97
38677.73;-101.12
38680.66;-101.12
38683.59;-101.05
38686.52;-100.97
38689.45;-101.12
38692.38;-101.28
38695.31;-101.36
38698.24;-101.36
38701.17;-101.28
38704.10;-101.20
38707.03;-101.12
38709.96;-101.28
38712.89;-101.05
38715.82;-100.89
38718.75;-100.97
38721.68;-101.36
38724.61;-101.36
38727.54;-101.05
38730.47;-101.28
38733.40;-101.20
38736.33;-100.73
38739.26;-100.89
38742.19;-101.12
38745.12;-101.28
38748.05;-101.36
38750.98;-101.20
38753.91;-100.81
38756.84;-101.05
38759.77;-101.12
38762.70;-101.20
38765.63;-101.12
38768.55;-101.12
38771.48;-100.97
38774.41;-100.97
38777.34;-101.12
38780.27;-101.05
38783.20;-101.20
38786.13;-101.20
38789.06;-100.97
38791.99;-100.89
38794.92;-100.89
38797.85;-100.97
38800.78;-101.05
38803.71;-101.05
38806.64;-100.73
38809.57;-100.89
38812.50;-101.12
38815.43;-101.28
38818.36;-101.12
38821.29;-100.89
38824.22;-101.20
38827.15;-101.44
38830.08;-101.44
38833.01;-101.05
38835.94;-101.05
38838.87;-101.44
38841.80;-101.20
38844.73;-101.12
38847.66;-100.97
38850.59;-101.05
38853.52;-101.12
38856.45;-101.20
38859.38;-101.12
38862.30;-101.05
38865.23;-101.12
38868.16;-101.28
38871.09;-101.20
38874.02;-101.28
38876.95;-101.28
38879.88;-101.05
38882.81;-101.20
38885.74;-101.20
38888.67;-101.20
38891.60;-101.36
38894.53;-101.28
38897.46;-100.97
38900.39;-100.97
38903.32;-100.89
38906.25;-101.05
38909.18;-100.97
38912.11;-100.97
38915.04;-100.97
38917.97;-100.89
38920.90;-101.05
38923.83;-101.20
38926.76;-101.12
38929.69;-101.36
38932.62;-101.44
38935.55;-101.28
38938.48;-101.20
38941.41;-101.05
38944.34;-101.12
38947.27;-101.20
38950.20;-101.20
38953.13;-100.97
38956.05;-100.81
38958.98;-101.05
38961.91;-100.97
38964.84;-100.81
38967.77;-100.89
38970.70;-100.81
38973.63;-100.97
38976.56;-101.05
38979.49;-101.05
38982.42;-101.05
38985.35;-100.97
38988.28;-101.12
38991.21;-101.05
38994.14;-100.89
38997.07;-100.97
39000.00;-101.12
39002.93;-101.28
39005.86;-101.28
39008.79;-101.28
39011.72;-101.44
39014.65;-100.97
39017.58;-101.05
39020.51;-101.20
39023.44;-101.12
39026.37;-100.97
39029.30;-101.12
39032.23;-101.20
39035.16;-101.12
39038.09;-101.44
39041.02;-101.20
39043.95;-101.36
39046.88;-101.20
39049.80;-100.97
39052.73;-101.12
39055.66;-101.36
39058.59;-101.12
39061.52;-100.89
39064.45;-100.97
39067.38;-100.89
39070.31;-100.89
39073.24;-101.12
39076.17;-101.12
39079.10;-100.97
39082.03;-100.97
39084.96;-100.89
39087.89;-100.81
39090.82;-101.20
39093.75;-101.12
39096.68;-100.97
39099.61;-101.12
39102.54;-101.28
39105.47;-101.12
39108.40;-101.44
39111.33;-101.51
39114.26;-101.36
39117.19;-101.05
39120.12;-100.97
39123.05;-100.97
39125.98;-101.28
39128.91;-101.12
39131.84;-100.97
39134.77;-101.28
39137.70;-101.36
39140.63;-101.05
39143.55;-100.89
39146.48;-100.89
39149.41;-101.20
39152.34;-101.12
39155.27;-101.05
39158.20;-100.81
39161.13;-100.89
39164.06;-101.12
39166.99;-101.20
39169.92;-101.12
39172.85;-101.36
39175.78;-101.36
39178.71;-101.20
39181.64;-100.73
39184.57;-100.81
39187.50;-101.05
39190.43;-101.12
39193.36;-101.12
39196.29;-100.97
39199.22;-101.05
39202.15;-101.12
39205.08;-100.89
39208.01;-101.12
39210.94;-101.20
39213.87;-101.05
39216.80;-101.05
39219.73;-100.97
39222.66;-101.44
39225.59;-101.67
39228.52;-101.28
39231.45;-101.20
39234.38;-101.12
39237.30;-100.73
39240.23;-100.97
39243.16;-101.12
39246.09;-100.89
39249.02;-100.65
39251.95;-100.97
39254.88;-100.89
39257.81;-101.28
39260.74;-101.36
39263.67;-101.28
39266.60;-101.20
39269.53;-101.12
39272.46;-101.05
39275.39;-100.97
39278.32;-101.05
39281.25;-101.12
39284.18;-100.97
39287.11;-100.97
39290.04;-101.05
39292.97;-101.05
39295.90;-100.97
39298.83;-101.28
39301.76;-101.28
39304.69;-101.44
39307.62;-101.12
39310.55;-101.05
39313.48;-101.12
39316.41;-101.36
39319.34;-101.36
39322.27;-101.28
39325.20;-101.20
39328.13;-101.05
39331.05;-100.89
39333.98;-101.05
39336.91;-101.20
39339.84;-101.20
39342.77;-101.28
39345.70;-101.36
39348.63;-101.12
39351.56;-100.89
39354.49;-100.89
39357.42;-101.05
39360.35;-101.12
39363.28;-101.20
39366.21;-101.20
39369.14;-101.28
39372.07;-101.12
39375.00;-101.20
39377.93;-100.89
39380.86;-100.97
39383.79;-101.05
39386.72;-101.12
39389.65;-101.05
39392.58;-100.89
39395.51;-101.20
39398.44;-101.59
39401.37;-101.51
39404.30;-101.28
39407.23;-101.05
39410.16;-100.97
39413.09;-100.81
39416.02;-100.81
39418.95;-100.89
39421.88;-100.97
39424.80;-100.89
39427.73;-100.81
39430.66;-100.89
39433.59;-101.05
39436.52;-101.20
39439.45;-101.36
39442.38;-101.05
39445.31;-101.12
39448.24;-101.12
39451.17;-101.05
39454.10;-101.20
39457.03;-101.05
39459.96;-101.05
39462.89;-101.12
39465.82;-101.05
39468.75;-101.28
39471.68;-101.28
39474.61;-101.05
39477.54;-101.12
39480.47;-101.05
39483.40;-100.97
39486.33;-100.97
39489.26;-101.12
39492.19;-101.20
39495.12;-101.20
39498.05;-101.12
39500.98;-101.20
39503.91;-101.20
39506.84;-100.81
39509.77;-100.89
39512.70;-101.12
39515.63;-101.05
39518.55;-100.89
39521.48;-101.05
39524.41;-100.89
39527.34;-101.12
39530.27;-101.12
39533.20;-101.12
39536.13;-101.12
39539.06;-101.20
39541.99;-101.12
39544.92;-101.05
39547.85;-101.28
39550.78;-101.20
39553.71;-101.05
39556.64;-101.12
39559.57;-100.97
39562.50;-100.73
39565.43;-101.05
39568.36;-101.28
39571.29;-101.12
39574.22;-101.12
39577.15;-101.20
39580.08;-101.05
39583.01;-100.89
39585.94;-101.05
39588.87;-101.12
39591.80;-100.89
39594.73;-100.97
39597.66;-100.97
39600.59;-101.12
39603.52;-101.05
39606.45;-101.05
39609.38;-101.05
39612.30;-101.05
39615.23;-100.97
39618.16;-101.36
39621.09;-101.20
39624.02;-100.97
39626.95;-100.97
39629.88;-100.89
39632.81;-100.97
39635.74;-101.36
39638.67;-101.28
39641.60;-101.05
39644.53;-100.97
39647.46;-100.97
39650.39;-100.97
39653.32;-100.97
39656.25;-100.97
39659.18;-101.12
39662.11;-101.20
39665.04;-101.12
39667.97;-101.28
39670.90;-101.36
39673.83;-101.12
39676.76;-100.89
39679.69;-101.12
39682.62;-101.05
39685.55;-100.81
39688.48;-101.05
39691.41;-101.12
39694.34;-100.89
39697.27;-100.81
39700.20;-101.05
39703.13;-101.05
39706.05;-101.12
39708.98;-101.05
39711.91;-101.20
39714.84;-101.12
39717.77;-101.05
39720.70;-101.05
39723.63;-101.12
39726.56;-100.97
39729.49;-100.97
39732.42;-100.97
39735.35;-100.97
39738.28;-100.97
39741.21;-101.12
39744.14;-101.05
39747.07;-101.05
39750.00;-100.97
39752.93;-100.97
39755.86;-101.20
39758.79;-100.97
39761.72;-100.89
39764.65;-101.05
39767.58;-101.28
39770.51;-101.28
39773.44;-101.20
39776.37;-100.73
39779.30;-100.81
39782.23;-100.89
39785.16;-100.89
39788.09;-100.81
39791.02;-101.12
39793.95;-101.05
39796.88;-100.97
39799.80;-101.20
39802.73;-101.12
39805.66;-100.89
39808.59;-100.89
39811.52;-100.65
39814.45;-100.81
39817.38;-101.12
39820.31;-101.05
39823.24;-100.89
39826.17;-100.97
39829.10;-101.20
39832.03;-101.12
39834.96;-101.12
39837.89;-101.36
39840.82;-101.12
39843.75;-100.97
39846.68;-100.89
39849.61;-100.97
39852.54;-100.81
39855.47;-100.81
39858.40;-100.97
39861.33;-101.05
39864.26;-101.20
39867.19;-100.97
39870.12;-100.81
39873.05;-100.73
39875.98;-100.73
39878.91;-101.20
39881.84;-101.05
39884.77;-101.12
39887.70;-101.12
39890.63;-100.97
39893.55;-100.89
39896.48;-100.97
39899.41;-101.12
39902.34;-101.05
39905.27;-101.05
39908.20;-101.20
39911.13;-101.12
39914.06;-101.12
39916.99;-101.28
39919.92;-101.12
39922.85;-100.81
39925.78;-101.05
39928.71;-101.05
39931.64;-101.12
39934.57;-100.97
39937.50;-101.05
39940.43;-100.97
39943.36;-100.97
39946.29;-101.05
39949.22;-101.12
39952.15;-100.97
39955.08;-100.73
39958.01;-100.73
39960.94;-100.97
39963.87;-101.12
39966.80;-101.20
39969.73;-101.05
39972.66;-100.97
39975.59;-100.97
39978.52;-100.97
39981.45;-101.05
39984.38;-101.05
39987.30;-101.44
39990.23;-101.05
39993.16;-100.89
39996.09;-101.05
39999.02;-101.28
40001.95;-101.05
40004.88;-100.73
40007.81;-100.73
40010.74;-101.20
40013.67;-101.28
40016.60;-100.89
40019.53;-101.05
40022.46;-101.12
40025.39;-101.12
40028.32;-101.28
40031.25;-101.12
40034.18;-100.97
40037.11;-101.28
40040.04;-101.05
40042.97;-100.81
40045.90;-100.81
40048.83;-100.89
40051.76;-100.89
40054.69;-101.12
40057.62;-101.12
40060.55;-101.05
40063.48;-100.81
40066.41;-100.97
40069.34;-101.28
40072.27;-101.05
40075.20;-101.05
40078.13;-101.05
40081.05;-101.12
40083.98;-101.36
40086.91;-101.12
40089.84;-101.05
40092.77;-100.97
40095.70;-101.12
40098.63;-101.12
40101.56;-100.89
40104.49;-101.12
40107.42;-101.05
40110.35;-100.97
40113.28;-100.89
40116.21;-101.12
40119.14;-100.89
40122.07;-100.73
40125.00;-100.97
40127.93;-100.97
40130.86;-100.89
40133.79;-101.05
40136.72;-101.12
40139.65;-100.89
40142.58;-100.65
40145.51;-100.81
40148.44;-100.73
40151.37;-100.73
40154.30;-101.05
40157.23;-101.12
40160.16;-101.20
40163.09;-101.05
40166.02;-100.81
40168.95;-100.73
40171.88;-100.81
40174.80;-100.89
40177.73;-101.12
40180.66;-100.89
40183.59;-100.81
40186.52;-100.73
40189.45;-100.73
40192.38;-100.65
40195.31;-100.89
40198.24;-101.12
40201.17;-100.89
40204.10;-100.81
40207.03;-100.97
40209.96;-100.89
40212.89;-100.89
40215.82;-101.12
40218.75;-101.20
40221.68;-101.05
40224.61;-100.81
40227.54;-100.65
40230.47;-101.05
40233.40;-100.73
40236.33;-100.73
40239.26;-100.73
40242.19;-100.89
40245.12;-101.05
40248.05;-101.20
40250.98;-101.12
40253.91;-100.89
40256.84;-100.89
40259.77;-100.97
40262.70;-100.97
40265.63;-101.12
40268.55;-100.97
40271.48;-100.97
40274.41;-101.20
40277.34;-101.20
40280.27;-101.05
40283.20;-101.05
40286.13;-101.20
40289.06;-101.36
40291.99;-100.81
40294.92;-100.97
40297.85;-101.05
40300.78;-100.97
40303.71;-100.89
40306.64;-100.89
40309.57;-100.73
40312.50;-100.89
40315.43;-100.89
40318.36;-100.81
40321.29;-100.97
40324.22;-101.05
40327.15;-100.89
40330.08;-100.73
40333.01;-100.81
40335.94;-100.81
40338.87;-101.05
40341.80;-101.12
40344.73;-100.89
40347.66;-100.89
40350.59;-100.97
40353.52;-101.36
40356.45;-101.28
40359.38;-100.89
40362.30;-100.73
40365.23;-100.65
40368.16;-100.73
40371.09;-101.05
40374.02;-100.97
40376.95;-100.81
40379.88;-100.65
40382.81;-100.81
40385.74;-101.20
40388.67;-101.12
40391.60;-101.05
40394.53;-101.05
40397.46;-101.05
40400.39;-100.97
40403.32;-100.73
40406.25;-101.05
40409.18;-101.20
40412.11;-101.05
40415.04;-100.73
40417.97;-100.89
40420.90;-101.05
40423.83;-101.05
40426.76;-101.05
40429.69;-101.05
40432.62;-100.81
40435.55;-100.81
40438.48;-100.73
40441.41;-100.73
40444.34;-101.12
40447.27;-101.12
40450.20;-101.05
40453.13;-101.28
40456.05;-101.12
40458.98;-101.12
40461.91;-101.20
40464.84;-101.12
40467.77;-100.89
40470.70;-100.89
40473.63;-100.89
40476.56;-100.97
40479.49;-100.97
40482.42;-100.97
40485.35;-101.05
40488.28;-101.05
40491.21;-101.12
40494.14;-100.97
40497.07;-100.81
40500.00;-100.81
40502.93;-101.05
40505.86;-101.20
40508.79;-101.20
40511.72;-100.89
40514.65;-100.89
40517.58;-100.97
40520.51;-101.05
40523.44;-100.89
40526.37;-101.05
40529.30;-100.97
40532.23;-100.81
40535.16;-100.81
40538.09;-100.89
40541.02;-100.81
40543.95;-100.89
40546.88;-100.97
40549.80;-101.28
40552.73;-101.05
40555.66;-100.73
40558.59;-100.97
40561.52;-100.97
40564.45;-101.05
40567.38;-100.89
40570.31;-100.73
40573.24;-100.73
40576.17;-100.89
40579.10;-101.05
40582.03;-100.73
40584.96;-100.73
40587.89;-100.65
40590.82;-100.89
40593.75;-100.73
40596.68;-100.65
40599.61;-101.05
40602.54;-101.12
40605.47;-101.05
40608.40;-100.97
40611.33;-101.05
40614.26;-101.05
40617.19;-100.89
40620.12;-100.81
40623.05;-100.58
40625.98;-100.58
40628.91;-100.65
40631.84;-100.65
40634.77;-101.05
40637.70;-101.12
40640.63;-101.05
40643.55;-101.28
40646.48;-101.05
40649.41;-100.81
40652.34;-100.73
40655.27;-100.97
40658.20;-100.97
40661.13;-100.81
40664.06;-100.81
40666.99;-100.65
40669.92;-100.65
40672.85;-100.89
40675.78;-100.89
40678.71;-100.97
40681.64;-100.89
40684.57;-100.97
40687.50;-101.12
40690.43;-100.97
40693.36;-101.12
40696.29;-100.89
40699.22;-100.65
40702.15;-100.89
40705.08;-100.89
40708.01;-101.05
40710.94;-100.97
40713.87;-100.73
40716.80;-100.89
40719.73;-100.97
40722.66;-100.73
40725.59;-100.81
40728.52;-100.73
40731.45;-100.65
40734.38;-100.73
40737.30;-100.65
40740.23;-100.65
40743.16;-100.89
40746.09;-101.28
40749.02;-101.05
40751.95;-100.73
40754.88;-101.05
40757.81;-100.89
40760.74;-101.05
40763.67;-101.05
40766.60;-100.89
40769.53;-100.65
40772.46;-100.97
40775.39;-100.81
40778.32;-100.58
40781.25;-100.65
40784.18;-100.97
40787.11;-101.05
40790.04;-100.97
40792.97;-101.05
40795.90;-100.81
40798.83;-100.89
40801.76;-100.81
40804.69;-100.89
40807.62;-101.12
40810.55;-101.05
40813.48;-101.05
40816.41;-100.81
40819.34;-100.58
40822.27;-100.73
40825.20;-100.73
40828.13;-100.89
40831.05;-101.05
40833.98;-100.97
40836.91;-101.20
40839.84;-100.97
40842.77;-100.73
40845.70;-100.89
40848.63;-101.12
40851.56;-100.89
40854.49;-101.05
40857.42;-100.89
40860.35;-100.81
40863.28;-100.65
40866.21;-100.81
40869.14;-100.73
40872.07;-100.73
40875.00;-100.58
40877.93;-100.73
40880.86;-100.65
40883.79;-100.42
40886.72;-100.73
40889.65;-100.97
40892.58;-101.12
40895.51;-101.12
40898.44;-101.05
40901.37;-100.81
40904.30;-100.97
40907.23;-100.81
40910.16;-100.89
40913.09;-100.81
40916.02;-100.50
40918.95;-100.58
40921.88;-100.73
40924.80;-100.97
40927.73;-100.97
40930.66;-100.97
40933.59;-100.89
40936.52;-100.97
40939.45;-100.81
40942.38;-100.65
40945.31;-100.73
40948.24;-101.05
40951.17;-100.97
40954.10;-100.97
40957.03;-100.97
40959.96;-100.89
40962.89;-100.81
40965.82;-100.81
40968.75;-101.05
40971.68;-101.05
40974.61;-101.05
40977.54;-100.89
40980.47;-100.97
40983.40;-101.05
40986.33;-100.73
40989.26;-100.65
40992.19;-100.73
40995.12;-100.81
40998.05;-100.58
41000.98;-100.65
41003.91;-100.73
41006.84;-100.73
41009.77;-100.73
41012.70;-100.81
41015.63;-100.81
41018.55;-100.73
41021.48;-100.65
41024.41;-100.42
41027.34;-100.65
41030.27;-100.97
41033.20;-100.89
41036.13;-100.73
41039.06;-100.73
41041.99;-100.65
41044.92;-100.50
41047.85;-100.73
41050.78;-100.81
41053.71;-100.89
41056.64;-100.97
41059.57;-101.12
41062.50;-100.97
41065.43;-100.81
41068.36;-100.81
41071.29;-100.97
41074.22;-100.81
41077.15;-100.97
41080.08;-100.81
41083.01;-100.65
41085.94;-100.81
41088.87;-100.81
41091.80;-100.97
41094.73;-100.65
41097.66;-100.73
41100.59;-100.89
41103.52;-100.97
41106.45;-100.89
41109.38;-100.73
41112.30;-100.73
41115.23;-100.89
41118.16;-100.97
41121.09;-101.05
41124.02;-101.12
41126.95;-100.73
41129.88;-100.73
41132.81;-100.97
41135.74;-101.12
41138.67;-100.97
41141.60;-100.89
41144.53;-100.73
41147.46;-100.73
41150.39;-100.81
41153.32;-100.89
41156.25;-101.05
41159.18;-100.97
41162.11;-100.89
41165.04;-100.97
41167.97;-101.05
41170.90;-101.05
41173.83;-100.89
41176.76;-100.73
41179.69;-100.73
41182.62;-100.73
41185.55;-100.89
41188.48;-101.12
41191.41;-101.20
41194.34;-100.89
41197.27;-100.73
41200.20;-100.81
41203.13;-100.81
41206.05;-100.81
41208.98;-100.81
41211.91;-101.12
41214.84;-100.97
41217.77;-100.73
41220.70;-100.89
41223.63;-100.89
41226.56;-100.81
41229.49;-100.81
41232.42;-100.89
41235.35;-101.20
41238.28;-100.65
41241.21;-100.50
41244.14;-100.58
41247.07;-100.81
41250.00;-100.89
41252.93;-100.97
41255.86;-101.05
41258.79;-100.81
41261.72;-100.81
41264.65;-100.81
41267.58;-100.89
41270.51;-100.97
41273.44;-101.12
41276.37;-101.05
41279.30;-101.12
41282.23;-101.20
41285.16;-100.89
41288.09;-100.58
41291.02;-100.65
41293.95;-100.97
41296.88;-101.05
41299.80;-101.05
41302.73;-100.73
41305.66;-100.58
41308.59;-100.81
41311.52;-101.05
41314.45;-100.97
41317.38;-100.89
41320.31;-101.05
41323.24;-101.12
41326.17;-101.05
41329.10;-100.89
41332.03;-100.97
41334.96;-100.81
41337.89;-100.73
41340.82;-100.81
41343.75;-100.81
41346.68;-100.73
41349.61;-100.81
41352.54;-100.97
41355.47;-100.97
41358.40;-100.73
41361.33;-100.58
41364.26;-100.50
41367.19;-100.81
41370.12;-100.81
41373.05;-100.97
41375.98;-100.89
41378.91;-100.73
41381.84;-100.73
41384.77;-100.73
41387.70;-100.65
41390.63;-100.73
41393.55;-100.58
41396.48;-100.58
41399.41;-100.89
41402.34;-100.89
41405.27;-100.81
41408.20;-100.65
41411.13;-100.89
41414.06;-100.89
41416.99;-100.89
41419.92;-101.05
41422.85;-101.05
41425.78;-100.81
41428.71;-100.89
41431.64;-100.97
41434.57;-100.89
41437.50;-101.05
41440.43;-100.81
41443.36;-100.89
41446.29;-100.81
41449.22;-100.89
41452.15;-100.73
41455.08;-100.65
41458.01;-100.58
41460.94;-100.81
41463.87;-101.12
41466.80;-101.12
41469.73;-100.65
41472.66;-100.73
41475.59;-100.97
41478.52;-101.12
41481.45;-100.89
41484.38;-100.81
41487.30;-100.73
41490.23;-100.73
41493.16;-100.89
41496.09;-100.89
41499.02;-100.97
41501.95;-100.89
41504.88;-100.58
41507.81;-100.89
41510.74;-100.89
41513.67;-100.97
41516.60;-100.89
41519.53;-100.81
41522.46;-100.97
41525.39;-100.89
41528.32;-100.73
41531.25;-101.05
41534.18;-100.97
41537.11;-100.97
41540.04;-100.89
41542.97;-100.89
41545.90;-101.05
41548.83;-100.97
41551.76;-100.89
41554.69;-100.81
41557.62;-100.58
41560.55;-100.73
41563.48;-100.97
41566.41;-101.05
41569.34;-101.05
41572.27;-100.89
41575.20;-100.73
41578.13;-100.81
41581.05;-100.65
41583.98;-100.58
41586.91;-100.58
41589.84;-100.89
41592.77;-100.81
41595.70;-100.81
41598.63;-100.73
41601.56;-100.65
41604.49;-100.73
41607.42;-100.58
41610.35;-100.50
41613.28;-100.97
41616.21;-101.12
41619.14;-100.97
41622.07;-100.73
41625.00;-100.97
41627.93;-100.81
41630.86;-100.89
41633.79;-100.81
41636.72;-100.73
41639.65;-101.05
41642.58;-101.05
41645.51;-100.97
41648.44;-100.89
41651.37;-100.73
41654.30;-100.97
41657.23;-100.73
41660.16;-100.73
41663.09;-100.89
41666.02;-100.97
41668.95;-101.05
41671.88;-100.89
41674.80;-100.81
41677.73;-101.05
41680.66;-100.97
41683.59;-100.97
41686.52;-100.73
41689.45;-100.97
41692.38;-101.12
41695.31;-100.89
41698.24;-100.97
41701.17;-100.97
41704.10;-100.65
41707.03;-100.65
41709.96;-100.73
41712.89;-100.81
41715.82;-100.65
41718.75;-100.58
41721.68;-100.65
41724.61;-100.73
41727.54;-100.81
41730.47;-100.89
41733.40;-101.12
41736.33;-100.89
41739.26;-100.97
41742.19;-101.20
41745.12;-101.12
41748.05;-100.73
41750.98;-100.58
41753.91;-100.73
41756.84;-100.97
41759.77;-100.81
41762.70;-100.65
41765.63;-101.12
41768.55;-101.05
41771.48;-100.97
41774.41;-101.05
41777.34;-100.89
41780.27;-100.65
41783.20;-100.73
41786.13;-100.89
41789.06;-100.97
41791.99;-100.81
41794.92;-100.97
41797.85;-100.89
41800.78;-100.89
41803.71;-100.81
41806.64;-100.73
41809.57;-100.42
41812.50;-100.97
41815.43;-100.97
41818.36;-101.05
41821.29;-100.58
41824.22;-100.73
41827.15;-100.73
41830.08;-100.58
41833.01;-100.81
41835.94;-100.73
41838.87;-100.81
41841.80;-100.89
41844.73;-101.05
41847.66;-101.05
41850.59;-100.73
41853.52;-100.65
41856.45;-100.50
41859.38;-100.50
41862.30;-100.73
41865.23;-100.89
41868.16;-101.05
41871.09;-100.65
41874.02;-100.89
41876.95;-100.89
41879.88;-100.81
41882.81;-100.73
41885.74;-100.89
41888.67;-100.81
41891.60;-100.65
41894.53;-100.65
41897.46;-100.58
41900.39;-100.73
41903.32;-100.81
41906.25;-100.73
41909.18;-100.50
41912.11;-100.50
41915.04;-100.81
41917.97;-100.81
41920.90;-100.81
41923.83;-100.97
41926.76;-100.73
41929.69;-101.05
41932.62;-101.20
41935.55;-100.73
41938.48;-100.58
41941.41;-100.65
41944.34;-100.73
41947.27;-100.89
41950.20;-100.97
41953.13;-100.81
41956.05;-100.89
41958.98;-100.65
41961.91;-100.81
41964.84;-100.65
41967.77;-100.97
41970.70;-100.89
41973.63;-101.05
41976.56;-100.89
41979.49;-100.73
41982.42;-100.73
41985.35;-100.97
41988.28;-101.05
41991.21;-100.73
41994.14;-100.97
41997.07;-100.65
42000.00;-100.89
42002.93;-100.73
42005.86;-100.58
42008.79;-100.81
42011.72;-100.89
42014.65;-100.97
42017.58;-100.73
42020.51;-100.65
42023.44;-100.73
42026.37;-100.97
42029.30;-100.89
42032.23;-100.73
42035.16;-100.89
42038.09;-100.89
42041.02;-100.65
42043.95;-100.73
42046.88;-100.81
42049.80;-100.50
42052.73;-100.65
42055.66;-100.89
42058.59;-101.12
42061.52;-100.97
42064.45;-100.65
42067.38;-100.65
42070.31;-100.65
42073.24;-100.73
42076.17;-100.58
42079.10;-100.58
42082.03;-100.81
42084.96;-100.89
42087.89;-100.73
42090.82;-100.65
42093.75;-100.65
42096.68;-100.81
42099.61;-100.81
42102.54;-100.73
42105.47;-101.05
42108.40;-100.89
42111.33;-100.65
42114.26;-100.65
42117.19;-100.65
42120.12;-100.65
42123.05;-100.58
42125.98;-100.50
42128.91;-100.81
42131.84;-100.65
42134.77;-100.73
42137.70;-100.65
42140.63;-100.58
42143.55;-100.97
42146.48;-101.05
42149.41;-100.65
42152.34;-100.65
42155.27;-101.12
42158.20;-100.97
42161.13;-100.89
42164.06;-100.97
42166.99;-100.73
42169.92;-100.73
42172.85;-100.89
42175.78;-100.73
42178.71;-100.73
42181.64;-100.65
42184.57;-100.89
42187.50;-100.73
42190.43;-100.34
42193.36;-100.58
42196.29;-100.89
42199.22;-101.05
42202.15;-100.65
42205.08;-100.58
42208.01;-100.58
42210.94;-100.65
42213.87;-100.81
42216.80;-100.81
42219.73;-100.65
42222.66;-100.73
42225.59;-100.97
42228.52;-100.89
42231.45;-100.89
42234.38;-100.81
42237.30;-100.73
42240.23;-100.65
42243.16;-100.50
42246.09;-100.73
42249.02;-100.73
42251.95;-100.81
42254.88;-100.65
42257.81;-100.97
42260.74;-100.89
42263.67;-100.97
42266.60;-100.73
42269.53;-100.97
42272.46;-100.97
42275.39;-100.73
42278.32;-100.50
42281.25;-100.73
42284.18;-100.89
42287.11;-100.81
42290.04;-100.89
42292.97;-100.65
42295.90;-100.58
42298.83;-100.81
42301.76;-100.81
42304.69;-100.50
42307.62;-100.50
42310.55;-100.50
42313.48;-100.50
42316.41;-100.65
42319.34;-100.73
42322.27;-100.81
42325.20;-100.73
42328.13;-100.65
42331.05;-100.73
42333.98;-100.81
42336.91;-100.65
42339.84;-100.65
42342.77;-100.89
42345.70;-100.81
42348.63;-100.97
42351.56;-100.81
42354.49;-100.89
42357.42;-100.89
42360.35;-100.73
42363.28;-100.97
42366.21;-100.81
42369.14;-100.81
42372.07;-100.65
42375.00;-100.65
42377.93;-100.81
42380.86;-100.73
42383.79;-100.42
42386.72;-100.65
42389.65;-100.73
42392.58;-100.81
42395.51;-100.73
42398.44;-100.50
42401.37;-100.34
42404.30;-100.89
42407.23;-100.89
42410.16;-100.89
42413.09;-100.65
42416.02;-100.81
42418.95;-100.73
42421.88;-100.81
42424.80;-100.42
42427.73;-100.42
42430.66;-100.50
42433.59;-100.42
42436.52;-100.42
42439.45;-100.42
42442.38;-100.65
42445.31;-100.58
42448.24;-100.58
42451.17;-100.65
42454.10;-100.58
42457.03;-100.65
42459.96;-100.73
42462.89;-100.73
42465.82;-100.97
42468.75;-100.65
42471.68;-100.50
42474.61;-100.42
42477.54;-100.42
42480.47;-100.34
42483.40;-100.73
42486.33;-100.73
42489.26;-100.50
42492.19;-100.58
42495.12;-100.73
42498.05;-100.65
42500.98;-100.73
42503.91;-100.73
42506.84;-100.65
42509.77;-100.50
42512.70;-100.81
42515.63;-100.73
42518.55;-100.81
42521.48;-100.73
42524.41;-100.65
42527.34;-100.58
42530.27;-100.73
42533.20;-100.73
42536.13;-100.73
42539.06;-100.73
42541.99;-100.65
42544.92;-100.73
42547.85;-100.97
42550.78;-100.89
42553.71;-100.73
42556.64;-100.73
42559.57;-100.65
42562.50;-100.97
42565.43;-100.73
42568.36;-100.58
42571.29;-100.89
42574.22;-100.81
42577.15;-100.65
42580.08;-100.89
42583.01;-100.81
42585.94;-100.89
42588.87;-100.65
42591.80;-100.89
42594.73;-101.05
42597.66;-100.81
42600.59;-100.73
42603.52;-100.81
42606.45;-100.58
42609.38;-100.26
42612.30;-100.50
42615.23;-100.58
42618.16;-100.65
42621.09;-100.58
42624.02;-100.73
42626.95;-100.50
42629.88;-100.34
42632.81;-100.50
42635.74;-100.81
42638.67;-100.81
42641.60;-100.81
42644.53;-100.65
42647.46;-100.65
42650.39;-100.81
42653.32;-100.89
42656.25;-100.89
42659.18;-100.97
42662.11;-100.97
42665.04;-100.73
42667.97;-100.89
42670.90;-100.73
42673.83;-100.65
42676.76;-100.58
42679.69;-100.58
42682.62;-100.50
42685.55;-100.50
42688.48;-100.42
42691.41;-100.65
42694.34;-100.81
42697.27;-100.65
42700.20;-100.58
42703.13;-100.58
42706.05;-100.73
42708.98;-100.81
42711.91;-100.65
42714.84;-100.50
42717.77;-100.34
42720.70;-100.65
42723.63;-100.50
42726.56;-100.50
42729.49;-100.97
42732.42;-100.81
42735.35;-100.97
42738.28;-100.58
42741.21;-100.42
42744.14;-100.58
42747.07;-100.50
42750.00;-100.58
42752.93;-100.81
42755.86;-100.81
42758.79;-100.65
42761.72;-100.42
42764.65;-100.50
42767.58;-100.73
42770.51;-100.81
42773.44;-100.89
42776.37;-100.89
42779.30;-100.81
42782.23;-100.73
42785.16;-100.73
42788.09;-100.50
42791.02;-100.65
42793.95;-100.73
42796.88;-100.42
42799.80;-100.42
42802.73;-100.50
42805.66;-100.65
42808.59;-100.65
42811.52;-100.50
42814.45;-100.58
42817.38;-100.81
42820.31;-100.58
42823.24;-100.50
42826.17;-100.73
42829.10;-100.81
42832.03;-100.73
42834.96;-100.89
42837.89;-100.73
42840.82;-100.89
42843.75;-101.12
42846.68;-100.73
42849.61;-100.58
42852.54;-100.81
42855.47;-100.97
42858.40;-100.97
42861.33;-100.73
42864.26;-100.89
42867.19;-100.81
42870.12;-100.89
42873.05;-100.89
42875.98;-100.73
42878.91;-100.81
42881.84;-100.42
42884.77;-100.58
42887.70;-100.73
42890.63;-100.81
42893.55;-100.65
42896.48;-100.58
42899.41;-100.81
42902.34;-100.97
42905.27;-100.89
42908.20;-100.58
42911.13;-100.65
42914.06;-100.65
42916.99;-100.50
42919.92;-100.50
42922.85;-100.50
42925.78;-100.58
42928.71;-100.73
42931.64;-100.73
42934.57;-100.65
42937.50;-100.65
42940.43;-100.58
42943.36;-100.73
42946.29;-100.73
42949.22;-100.50
42952.15;-100.42
42955.08;-100.73
42958.01;-100.81
42960.94;-100.97
42963.87;-100.89
42966.80;-100.73
42969.73;-100.65
42972.66;-100.58
42975.59;-100.58
42978.52;-100.65
42981.45;-100.65
42984.38;-100.42
42987.30;-100.34
42990.23;-100.58
42993.16;-100.50
42996.09;-100.26
42999.02;-100.73
43001.95;-100.73
43004.88;-100.73
43007.81;-100.50
43010.74;-100.58
43013.67;-100.65
43016.60;-100.50
43019.53;-100.65
43022.46;-100.89
43025.39;-100.89
43028.32;-100.89
43031.25;-100.58
43034.18;-100.34
43037.11;-100.58
43040.04;-100.97
43042.97;-100.65
43045.90;-100.42
43048.83;-100.81
43051.76;-100.89
43054.69;-100.73
43057.62;-100.73
43060.55;-100.58
43063.48;-100.73
43066.41;-100.89
43069.34;-100.73
43072.27;-100.81
43075.20;-100.65
43078.13;-100.65
43081.05;-100.58
43083.98;-100.65
43086.91;-100.65
43089.84;-100.50
43092.77;-100.81
43095.70;-100.58
43098.63;-100.58
43101.56;-100.50
43104.49;-100.50
43107.42;-100.89
43110.35;-100.73
43113.28;-100.73
43116.21;-100.97
43119.14;-100.81
43122.07;-100.89
43125.00;-100.89
43127.93;-100.65
43130.86;-100.34
43133.79;-100.34
43136.72;-100.50
43139.65;-100.73
43142.58;-100.65
43145.51;-100.65
43148.44;-100.81
43151.37;-100.65
43154.30;-100.58
43157.23;-100.73
43160.16;-100.65
43163.09;-100.65
43166.02;-100.73
43168.95;-100.81
43171.88;-100.73
43174.80;-100.73
43177.73;-100.81
43180.66;-100.58
43183.59;-100.65
43186.52;-100.50
43189.45;-100.58
43192.38;-100.65
43195.31;-100.81
43198.24;-100.50
43201.17;-100.65
43204.10;-100.58
43207.03;-100.50
43209.96;-100.73
43212.89;-100.58
43215.82;-100.50
43218.75;-100.34
43221.68;-100.42
43224.61;-100.50
43227.54;-100.65
43230.47;-100.81
43233.40;-100.89
43236.33;-100.50
43239.26;-100.58
43242.19;-100.89
43245.12;-100.73
43248.05;-100.65
43250.98;-100.42
43253.91;-100.65
43256.84;-100.81
43259.77;-100.81
43262.70;-100.89
43265.63;-100.65
43268.55;-100.73
43271.48;-100.73
43274.41;-100.65
43277.34;-100.65
43280.27;-100.58
43283.20;-100.58
43286.13;-100.97
43289.06;-100.97
43291.99;-100.89
43294.92;-100.73
43297.85;-100.65
43300.78;-100.73
43303.71;-100.58
43306.64;-100.50
43309.57;-100.58
43312.50;-100.65
43315.43;-100.58
43318.36;-100.42
43321.29;-100.26
43324.22;-100.73
43327.15;-100.73
43330.08;-100.58
43333.01;-100.73
43335.94;-100.73
43338.87;-100.58
43341.80;-100.65
43344.73;-100.65
43347.66;-100.73
43350.59;-100.81
43353.52;-100.65
43356.45;-100.81
43359.38;-100.50
43362.30;-100.42
43365.23;-100.81
43368.16;-100.73
43371.09;-100.81
43374.02;-100.42
43376.95;-100.42
43379.88;-100.26
43382.81;-100.50
43385.74;-100.73
43388.67;-100.89
43391.60;-100.97
43394.53;-100.81
43397.46;-100.50
43400.39;-100.50
43403.32;-100.65
43406.25;-100.50
43409.18;-100.42
43412.11;-100.42
43415.04;-100.65
43417.97;-100.81
43420.90;-100.50
43423.83;-100.42
43426.76;-100.65
43429.69;-100.81
43432.62;-100.58
43435.55;-100.50
43438.48;-100.65
43441.41;-100.50
43444.34;-100.65
43447.27;-100.89
43450.20;-100.50
43453.13;-100.65
43456.05;-100.81
43458.98;-100.73
43461.91;-100.65
43464.84;-100.65
43467.77;-100.73
43470.70;-100.50
43473.63;-100.50
43476.56;-100.65
43479.49;-100.65
43482.42;-100.50
43485.35;-100.58
43488.28;-100.65
43491.21;-100.89
43494.14;-100.97
43497.07;-100.73
43500.00;-100.81
43502.93;-100.73
43505.86;-100.58
43508.79;-100.65
43511.72;-100.58
43514.65;-100.65
43517.58;-100.65
43520.51;-101.05
43523.44;-100.65
43526.37;-100.50
43529.30;-100.65
43532.23;-100.42
43535.16;-100.50
43538.09;-100.65
43541.02;-100.89
43543.95;-100.89
43546.88;-100.97
43549.80;-100.89
43552.73;-100.65
43555.66;-100.58
43558.59;-100.42
43561.52;-100.42
43564.45;-100.42
43567.38;-100.73
43570.31;-100.65
43573.24;-100.58
43576.17;-100.50
43579.10;-100.58
43582.03;-100.58
43584.96;-100.65
43587.89;-100.42
43590.82;-100.34
43593.75;-100.50
43596.68;-100.65
43599.61;-100.73
43602.54;-100.58
43605.47;-100.34
43608.40;-100.42
43611.33;-100.73
43614.26;-100.58
43617.19;-100.58
43620.12;-100.89
43623.05;-100.97
43625.98;-101.05
43628.91;-100.65
43631.84;-100.73
43634.77;-100.58
43637.70;-100.58
43640.63;-100.50
43643.55;-100.34
43646.48;-100.26
43649.41;-100.58
43652.34;-100.50
43655.27;-100.42
43658.20;-100.73
43661.13;-100.97
43664.06;-100.58
43666.99;-100.26
43669.92;-100.42
43672.85;-100.42
43675.78;-100.26
43678.71;-100.11
43681.64;-100.11
43684.57;-100.34
43687.50;-100.81
43690.43;-100.73
43693.36;-100.65
43696.29;-100.34
43699.22;-100.19
43702.15;-100.58
43705.08;-100.58
43708.01;-100.65
43710.94;-100.65
43713.87;-100.65
43716.80;-100.50
43719.73;-100.73
43722.66;-100.73
43725.59;-101.05
43728.52;-100.73
43731.45;-100.42
43734.38;-100.73
43737.30;-100.58
43740.23;-100.73
43743.16;-100.65
43746.09;-100.42
43749.02;-100.19
43751.95;-100.34
43754.88;-100.58
43757.81;-100.73
43760.74;-100.65
43763.67;-100.58
43766.60;-100.34
43769.53;-100.58
43772.46;-100.42
43775.39;-100.26
43778.32;-100.19
43781.25;-100.42
43784.18;-100.65
43787.11;-100.73
43790.04;-100.73
43792.97;-100.97
43795.90;-100.81
43798.83;-100.65
43801.76;-100.26
43804.69;-100.34
43807.62;-100.34
43810.55;-100.73
43813.48;-100.97
43816.41;-100.81
43819.34;-100.42
43822.27;-100.81
43825.20;-100.89
43828.13;-100.81
43831.05;-100.89
43833.98;-100.81
43836.91;-100.58
43839.84;-100.58
43842.77;-100.65
43845.70;-100.65
43848.63;-100.65
43851.56;-100.50
43854.49;-100.26
43857.42;-100.34
43860.35;-100.58
43863.28;-100.73
43866.21;-100.50
43869.14;-100.50
43872.07;-100.58
43875.00;-100.42
43877.93;-100.34
43880.86;-100.11
43883.79;-100.34
43886.72;-100.50
43889.65;-100.34
43892.58;-100.19
43895.51;-100.50
43898.44;-100.81
43901.37;-100.81
43904.30;-100.65
43907.23;-100.50
43910.16;-100.65
43913.09;-100.73
43916.02;-100.42
43918.95;-100.26
43921.88;-100.50
43924.80;-100.65
43927.73;-100.58
43930.66;-100.73
43933.59;-100.81
43936.52;-100.58
43939.45;-100.42
43942.38;-100.42
43945.31;-100.50
43948.24;-100.65
43951.17;-100.50
43954.10;-100.50
43957.03;-100.65
43959.96;-100.34
43962.89;-100.19
43965.82;-100.42
43968.75;-100.50
43971.68;-100.73
43974.61;-100.73
43977.54;-100.58
43980.47;-100.19
43983.40;-100.11
43986.33;-100.26
43989.26;-100.73
43992.19;-100.65
43995.12;-100.65
43998.05;-100.58
44000.98;-100.34
44003.91;-100.26
44006.84;-100.34
44009.77;-100.34
44012.70;-100.50
44015.63;-100.50
44018.55;-100.50
44021.48;-100.73
44024.41;-100.89
44027.34;-100.65
44030.27;-100.65
44033.20;-100.65
44036.13;-100.58
44039.06;-100.58
44041.99;-100.42
44044.92;-100.42
44047.85;-100.73
44050.78;-100.50
44053.71;-100.50
44056.64;-100.50
44059.57;-100.65
44062.50;-100.73
44065.43;-100.81
44068.36;-100.81
44071.29;-100.50
44074.22;-100.42
44077.15;-100.50
44080.08;-100.26
44083.01;-100.26
44085.94;-100.26
44088.87;-100.50
44091.80;-100.58
44094.73;-100.42
44097.66;-100.65
44100.59;-100.58
44103.52;-100.73
44106.45;-100.81
44109.38;-100.73
44112.30;-100.73
44115.23;-100.58
44118.16;-100.58
44121.09;-100.65
44124.02;-100.58
44126.95;-100.58
44129.88;-100.81
44132.81;-101.12
44135.74;-100.58
44138.67;-100.34
44141.60;-100.42
44144.53;-100.42
44147.46;-100.73
44150.39;-100.58
44153.32;-100.42
44156.25;-100.26
44159.18;-100.50
44162.11;-100.65
44165.04;-100.73
44167.97;-100.81
44170.90;-100.89
44173.83;-100.97
44176.76;-100.73
44179.69;-100.50
44182.62;-100.26
44185.55;-100.58
44188.48;-100.73
44191.41;-100.50
44194.34;-100.81
44197.27;-100.58
44200.20;-100.34
44203.13;-100.34
44206.05;-100.34
44208.98;-100.58
44211.91;-100.65
44214.84;-100.50
44217.77;-100.42
44220.70;-100.58
44223.63;-100.58
44226.56;-100.58
44229.49;-100.58
44232.42;-100.58
44235.35;-100.50
44238.28;-100.50
44241.21;-100.42
44244.14;-100.58
44247.07;-100.58
44250.00;-100.42
44252.93;-100.50
44255.86;-100.65
44258.79;-100.89
44261.72;-100.81
44264.65;-100.73
44267.58;-100.58
44270.51;-100.58
44273.44;-100.50
44276.37;-100.58
44279.30;-100.42
44282.23;-100.34
44285.16;-100.50
44288.09;-100.97
44291.02;-100.97
44293.95;-100.58
44296.88;-100.42
44299.80;-100.42
44302.73;-100.11
44305.66;-100.26
44308.59;-100.65
44311.52;-100.65
44314.45;-100.50
44317.38;-100.42
44320.31;-100.50
44323.24;-100.50
44326.17;-100.26
44329.10;-100.34
44332.03;-100.26
44334.96;-100.50
44337.89;-100.73
44340.82;-100.58
44343.75;-100.34
44346.68;-100.50
44349.61;-100.58
44352.54;-100.58
44355.47;-100.50
44358.40;-100.58
44361.33;-100.42
44364.26;-100.65
44367.19;-100.58
44370.12;-100.26
44373.05;-100.50
44375.98;-100.65
44378.91;-100.65
44381.84;-100.42
44384.77;-100.34
44387.70;-100.42
44390.63;-100.65
44393.55;-100.73
44396.48;-100.58
44399.41;-100.34
44402.34;-100.34
44405.27;-100.34
44408.20;-100.42
44411.13;-100.42
44414.06;-100.42
44416.99;-100.34
44419.92;-100.34
44422.85;-100.34
44425.78;-100.73
44428.71;-100.89
44431.64;-100.73
44434.57;-100.42
44437.50;-100.50
44440.43;-100.58
44443.36;-100.65
44446.29;-100.73
44449.22;-100.81
44452.15;-100.81
44455.08;-100.73
44458.01;-100.58
44460.94;-100.58
44463.87;-100.73
44466.80;-100.58
44469.73;-100.65
44472.66;-100.58
44475.59;-100.34
44478.52;-100.58
44481.45;-100.73
44484.38;-100.73
44487.30;-100.65
44490.23;-100.65
44493.16;-100.42
44496.09;-100.34
44499.02;-100.19
44501.95;-100.58
44504.88;-100.73
44507.81;-100.58
44510.74;-100.34
44513.67;-100.50
44516.60;-100.65
44519.53;-100.58
44522.46;-100.50
44525.39;-100.50
44528.32;-100.34
44531.25;-100.42
44534.18;-100.42
44537.11;-100.42
44540.04;-100.58
44542.97;-100.50
44545.90;-100.34
44548.83;-100.26
44551.76;-100.19
44554.69;-100.42
44557.62;-100.58
44560.55;-100.89
44563.48;-100.58
44566.41;-100.26
44569.34;-100.11
44572.27;-100.19
44575.20;-100.34
44578.13;-100.42
44581.05;-100.19
44583.98;-100.19
44586.91;-100.42
44589.84;-100.34
44592.77;-100.11
44595.70;-100.26
44598.63;-100.73
44601.56;-100.65
44604.49;-100.58
44607.42;-100.81
44610.35;-100.65
44613.28;-100.42
44616.21;-100.58
44619.14;-100.65
44622.07;-100.50
44625.00;-100.42
44627.93;-100.58
44630.86;-100.58
44633.79;-100.50
44636.72;-100.50
44639.65;-100.34
44642.58;-100.26
44645.51;-100.42
44648.44;-100.58
44651.37;-100.42
44654.30;-100.42
44657.23;-100.73
44660.16;-100.89
44663.09;-100.73
44666.02;-100.73
44668.95;-100.42
44671.88;-100.34
44674.80;-100.34
44677.73;-100.26
44680.66;-100.50
44683.59;-100.65
44686.52;-100.73
44689.45;-100.81
44692.38;-100.65
44695.31;-100.42
44698.24;-100.50
44701.17;-100.58
44704.10;-100.58
44707.03;-100.65
44709.96;-100.65
44712.89;-100.65
44715.82;-100.42
44718.75;-100.50
44721.68;-100.42
44724.61;-100.19
44727.54;-100.42
44730.47;-100.50
44733.40;-100.73
44736.33;-100.73
44739.26;-100.89
44742.19;-100.81
44745.12;-100.65
44748.05;-100.58
44750.98;-100.42
44753.91;-100.42
44756.84;-100.26
44759.77;-100.42
44762.70;-100.50
44765.63;-100.65
44768.55;-100.58
44771.48;-100.65
44774.41;-100.65
44777.34;-100.26
44780.27;-100.34
44783.20;-100.50
44786.13;-100.42
44789.06;-100.50
44791.99;-100.73
44794.92;-100.58
44797.85;-100.65
44800.78;-100.50
44803.71;-100.42
44806.64;-100.19
44809.57;-100.34
44812.50;-100.42
44815.43;-100.58
44818.36;-100.58
44821.29;-100.42
44824.22;-100.26
44827.15;-100.42
44830.08;-100.34
44833.01;-100.42
44835.94;-100.81
44838.87;-100.65
44841.80;-100.42
44844.73;-100.50
44847.66;-100.65
44850.59;-100.65
44853.52;-100.65
44856.45;-100.81
44859.38;-100.65
44862.30;-100.34
44865.23;-100.34
44868.16;-100.42
44871.09;-100.42
44874.02;-100.50
44876.95;-100.42
44879.88;-100.34
44882.81;-100.26
44885.74;-100.34
44888.67;-100.50
44891.60;-100.50
44894.53;-100.34
44897.46;-100.26
44900.39;-100.50
44903.32;-100.73
44906.25;-100.42
44909.18;-100.42
44912.11;-100.65
44915.04;-100.65
44917.97;-100.58
44920.90;-100.58
44923.83;-100.65
44926.76;-100.58
44929.69;-100.73
44932.62;-100.50
44935.55;-100.19
44938.48;-100.19
44941.41;-100.34
44944.34;-100.34
44947.27;-100.34
44950.20;-100.65
44953.13;-100.73
44956.05;-100.58
44958.98;-100.42
44961.91;-100.58
44964.84;-100.73
44967.77;-100.65
44970.70;-100.26
44973.63;-100.19
44976.56;-100.26
44979.49;-100.42
44982.42;-100.58
44985.35;-100.65
44988.28;-100.34
44991.21;-100.19
44994.14;-100.34
44997.07;-100.58
45000.00;-100.81
45002.93;-100.50
45005.86;-100.42
45008.79;-100.65
45011.72;-100.42
45014.65;-100.58
45017.58;-100.42
45020.51;-100.50
45023.44;-100.50
45026.37;-100.34
45029.30;-100.26
45032.23;-100.50
45035.16;-100.50
45038.09;-100.65
45041.02;-100.73
45043.95;-100.58
45046.88;-100.34
45049.80;-100.58
45052.73;-100.42
45055.66;-100.11
45058.59;-100.42
45061.52;-100.81
45064.45;-100.42
45067.38;-100.26
45070.31;-100.34
45073.24;-100.34
45076.17;-100.50
45079.10;-100.65
45082.03;-100.73
45084.96;-100.89
45087.89;-100.73
45090.82;-100.50
45093.75;-100.50
45096.68;-100.81
45099.61;-100.50
45102.54;-100.42
45105.47;-100.58
45108.40;-100.65
45111.33;-100.58
45114.26;-100.42
45117.19;-100.26
45120.12;-100.34
45123.05;-100.26
45125.98;-100.26
45128.91;-100.58
45131.84;-100.50
45134.77;-100.42
45137.70;-100.73
45140.63;-100.81
45143.55;-100.58
45146.48;-100.34
45149.41;-100.42
45152.34;-100.34
45155.27;-100.19
45158.20;-100.65
45161.13;-100.81
45164.06;-100.50
45166.99;-100.34
45169.92;-100.42
45172.85;-100.34
45175.78;-100.50
45178.71;-100.73
45181.64;-100.58
45184.57;-100.50
45187.50;-100.58
45190.43;-100.81
45193.36;-100.73
45196.29;-100.42
45199.22;-100.19
45202.15;-100.58
45205.08;-100.58
45208.01;-100.50
45210.94;-100.34
45213.87;-100.42
45216.80;-100.42
45219.73;-100.58
45222.66;-100.50
45225.59;-100.58
45228.52;-100.81
45231.45;-100.73
45234.38;-100.58
45237.30;-100.03
45240.23;-100.19
45243.16;-100.73
45246.09;-100.73
45249.02;-100.58
45251.95;-100.58
45254.88;-100.42
45257.81;-100.42
45260.74;-100.50
45263.67;-100.81
45266.60;-100.73
45269.53;-100.34
45272.46;-100.03
45275.39;-100.50
45278.32;-100.65
45281.25;-100.34
45284.18;-100.26
45287.11;-100.65
45290.04;-100.58
45292.97;-100.42
45295.90;-100.19
45298.83;-99.95
45301.76;-100.19
45304.69;-100.34
45307.62;-100.19
45310.55;-100.42
45313.48;-100.50
45316.41;-100.58
45319.34;-100.26
45322.27;-100.58
45325.20;-100.58
45328.13;-100.42
45331.05;-100.50
45333.98;-100.65
45336.91;-100.42
45339.84;-100.26
45342.77;-100.42
45345.70;-100.26
45348.63;-100.42
45351.56;-100.34
45354.49;-100.42
45357.42;-100.58
45360.35;-100.58
45363.28;-100.42
45366.21;-100.50
45369.14;-100.65
45372.07;-100.65
45375.00;-100.65
45377.93;-100.34
45380.86;-100.42
45383.79;-100.50
45386.72;-100.50
45389.65;-100.50
45392.58;-100.42
45395.51;-100.34
45398.44;-100.19
45401.37;-100.34
45404.30;-100.42
45407.23;-100.50
45410.16;-100.73
45413.09;-100.89
45416.02;-100.34
45418.95;-100.50
45421.88;-100.50
45424.80;-100.19
45427.73;-100.26
45430.66;-100.58
45433.59;-100.50
45436.52;-100.42
45439.45;-100.26
45442.38;-100.50
45445.31;-100.42
45448.24;-100.42
45451.17;-100.58
45454.10;-100.34
45457.03;-100.26
45459.96;-100.19
45462.89;-100.19
45465.82;-100.26
45468.75;-100.42
45471.68;-100.50
45474.61;-100.50
45477.54;-100.19
45480.47;-100.26
45483.40;-100.42
45486.33;-100.50
45489.26;-100.50
45492.19;-100.42
45495.12;-100.73
45498.05;-100.81
45500.98;-100.50
45503.91;-100.34
45506.84;-100.50
45509.77;-100.50
45512.70;-100.26
45515.63;-100.50
45518.55;-100.65
45521.48;-100.42
45524.41;-100.65
45527.34;-100.42
45530.27;-100.26
45533.20;-100.50
45536.13;-100.34
45539.06;-100.50
45541.99;-100.42
45544.92;-100.34
45547.85;-100.81
45550.78;-100.81
45553.71;-100.58
45556.64;-100.42
45559.57;-100.26
45562.50;-100.26
45565.43;-100.50
45568.36;-100.73
45571.29;-100.73
45574.22;-100.58
45577.15;-100.65
45580.08;-100.58
45583.01;-100.50
45585.94;-100.42
45588.87;-100.34
45591.80;-100.19
45594.73;-100.34
45597.66;-100.65
45600.59;-100.58
45603.52;-100.58
45606.45;-100.42
45609.38;-100.50
45612.30;-100.34
45615.23;-100.26
45618.16;-100.42
45621.09;-100.19
45624.02;-100.19
45626.95;-100.19
45629.88;-100.26
45632.81;-100.42
45635.74;-100.34
45638.67;-100.42
45641.60;-100.42
45644.53;-100.26
45647.46;-100.19
45650.39;-100.19
45653.32;-100.19
45656.25;-100.19
45659.18;-100.34
45662.11;-100.34
45665.04;-100.34
45667.97;-100.73
45670.90;-100.65
45673.83;-100.26
45676.76;-100.34
45679.69;-100.50
45682.62;-100.65
45685.55;-100.58
45688.48;-100.58
45691.41;-100.42
45694.34;-100.26
45697.27;-100.34
45700.20;-100.50
45703.13;-100.58
45706.05;-100.50
45708.98;-100.34
45711.91;-100.11
45714.84;-100.26
45717.77;-100.50
45720.70;-100.65
45723.63;-100.65
45726.56;-100.42
45729.49;-100.42
45732.42;-100.42
45735.35;-100.50
45738.28;-100.50
45741.21;-100.50
45744.14;-100.50
45747.07;-100.58
45750.00;-100.42
45752.93;-100.42
45755.86;-100.58
45758.79;-100.65
45761.72;-100.89
45764.65;-100.73
45767.58;-100.58
45770.51;-100.26
45773.44;-100.50
45776.37;-100.34
45779.30;-100.26
45782.23;-100.42
45785.16;-100.34
45788.09;-100.34
45791.02;-100.34
45793.95;-100.34
45796.88;-100.26
45799.80;-100.50
45802.73;-100.42
45805.66;-100.42
45808.59;-100.26
45811.52;-100.26
45814.45;-100.50
45817.38;-100.58
45820.31;-100.65
45823.24;-100.58
45826.17;-100.34
45829.10;-100.42
45832.03;-100.42
45834.96;-100.42
45837.89;-100.58
45840.82;-100.42
45843.75;-100.42
45846.68;-100.58
45849.61;-100.34
45852.54;-100.26
45855.47;-100.26
45858.40;-100.26
45861.33;-100.34
45864.26;-100.58
45867.19;-100.81
45870.12;-100.65
45873.05;-100.50
45875.98;-100.58
45878.91;-100.42
45881.84;-100.42
45884.77;-100.50
45887.70;-100.58
45890.63;-100.34
45893.55;-100.34
45896.48;-100.34
45899.41;-100.42
45902.34;-100.50
45905.27;-100.50
45908.20;-100.26
45911.13;-100.42
45914.06;-100.58
45916.99;-100.42
45919.92;-100.34
45922.85;-100.42
45925.78;-100.42
45928.71;-100.42
45931.64;-100.34
45934.57;-100.50
45937.50;-100.58
45940.43;-100.89
45943.36;-100.81
45946.29;-100.58
45949.22;-100.42
45952.15;-100.42
45955.08;-100.89
45958.01;-100.34
45960.94;-100.11
45963.87;-100.34
45966.80;-100.26
45969.73;-100.50
45972.66;-100.58
45975.59;-100.65
45978.52;-100.50
45981.45;-100.65
45984.38;-100.73
45987.30;-100.58
45990.23;-100.50
45993.16;-100.50
45996.09;-100.50
45999.02;-100.50
46001.95;-100.19
46004.88;-100.34
46007.81;-100.34
46010.74;-100.65
46013.67;-100.81
46016.60;-100.73
46019.53;-100.50
46022.46;-100.34
46025.39;-100.26
46028.32;-100.34
46031.25;-100.11
46034.18;-100.11
46037.11;-100.19
46040.04;-100.26
46042.97;-100.50
46045.90;-100.58
46048.83;-100.50
46051.76;-100.26
46054.69;-100.42
46057.62;-100.42
46060.55;-100.42
46063.48;-100.58
46066.41;-100.58
46069.34;-100.42
46072.27;-100.42
46075.20;-100.50
46078.13;-100.26
46081.05;-100.26
46083.98;-100.19
46086.91;-100.42
46089.84;-100.50
46092.77;-100.50
46095.70;-100.73
46098.63;-100.73
46101.56;-100.73
46104.49;-100.42
46107.42;-100.50
46110.35;-100.50
46113.28;-100.58
46116.21;-100.73
46119.14;-100.50
46122.07;-100.58
46125.00;-100.50
46127.93;-100.42
46130.86;-100.42
46133.79;-100.34
46136.72;-100.34
46139.65;-100.19
46142.58;-100.26
46145.51;-100.50
46148.44;-100.11
46151.37;-100.19
46154.30;-100.19
46157.23;-100.34
46160.16;-100.19
46163.09;-100.11
46166.02;-100.26
46168.95;-100.42
46171.88;-100.42
46174.80;-100.26
46177.73;-100.42
46180.66;-100.50
46183.59;-100.58
46186.52;-100.34
46189.45;-100.42
46192.38;-100.34
46195.31;-100.19
46198.24;-100.26
46201.17;-100.50
46204.10;-100.58
46207.03;-100.26
46209.96;-100.19
46212.89;-100.03
46215.82;-100.42
46218.75;-100.34
46221.68;-100.50
46224.61;-100.42
46227.54;-100.34
46230.47;-100.42
46233.40;-100.50
46236.33;-100.65
46239.26;-100.58
46242.19;-100.50
46245.12;-100.42
46248.05;-100.26
46250.98;-100.19
46253.91;-100.42
46256.84;-100.50
46259.77;-100.34
46262.70;-100.65
46265.63;-100.65
46268.55;-100.34
46271.48;-100.34
46274.41;-100.58
46277.34;-100.42
46280.27;-100.50
46283.20;-100.58
46286.13;-100.26
46289.06;-100.58
46291.99;-100.65
46294.92;-100.50
46297.85;-100.26
46300.78;-100.42
46303.71;-100.50
46306.64;-100.58
46309.57;-100.34
46312.50;-100.26
46315.43;-100.19
46318.36;-100.42
46321.29;-100.26
46324.22;-100.26
46327.15;-100.42
46330.08;-100.42
46333.01;-100.19
46335.94;-100.19
46338.87;-100.34
46341.80;-100.34
46344.73;-100.26
46347.66;-100.42
46350.59;-100.42
46353.52;-100.58
46356.45;-100.42
46359.38;-100.19
46362.30;-100.26
46365.23;-100.19
46368.16;-100.50
46371.09;-100.65
46374.02;-100.65
46376.95;-100.58
46379.88;-100.26
46382.81;-100.34
46385.74;-100.50
46388.67;-100.58
46391.60;-100.34
46394.53;-100.26
46397.46;-100.50
46400.39;-100.50
46403.32;-100.26
46406.25;-100.19
46409.18;-100.34
46412.11;-100.34
46415.04;-100.26
46417.97;-100.58
46420.90;-100.58
46423.83;-100.34
46426.76;-100.42
46429.69;-100.34
46432.62;-100.19
46435.55;-100.34
46438.48;-100.42
46441.41;-100.11
46444.34;-100.19
46447.27;-100.50
46450.20;-100.50
46453.13;-100.65
46456.05;-100.50
46458.98;-100.50
46461.91;-100.65
46464.84;-100.65
46467.77;-100.50
46470.70;-100.42
46473.63;-100.34
46476.56;-100.50
46479.49;-100.26
46482.42;-100.19
46485.35;-100.50
46488.28;-100.58
46491.21;-100.42
46494.14;-100.65
46497.07;-100.42
46500.00;-100.42
46502.93;-100.50
46505.86;-100.50
46508.79;-100.34
46511.72;-100.50
46514.65;-100.58
46517.58;-100.50
46520.51;-100.58
46523.44;-100.50
46526.37;-100.11
46529.30;-100.26
46532.23;-100.34
46535.16;-100.42
46538.09;-100.65
46541.02;-100.58
46543.95;-100.26
46546.88;-100.19
46549.80;-100.42
46552.73;-100.42
46555.66;-100.50
46558.59;-100.34
46561.52;-100.42
46564.45;-100.34
46567.38;-100.42
46570.31;-100.58
46573.24;-100.58
46576.17;-100.65
46579.10;-100.58
46582.03;-100.58
46584.96;-100.81
46587.89;-100.89
46590.82;-100.50
46593.75;-100.19
46596.68;-100.42
46599.61;-100.34
46602.54;-100.19
46605.47;-100.26
46608.40;-100.42
46611.33;-100.26
46614.26;-100.50
46617.19;-100.50
46620.12;-100.34
46623.05;-100.11
46625.98;-100.42
46628.91;-100.42
46631.84;-100.19
46634.77;-100.19
46637.70;-100.50
46640.63;-100.97
46643.55;-100.58
46646.48;-100.50
46649.41;-100.42
46652.34;-100.26
46655.27;-100.26
46658.20;-100.42
46661.13;-100.73
46664.06;-100.73
46666.99;-100.50
46669.92;-100.11
46672.85;-100.03
46675.78;-99.95
46678.71;-99.95
46681.64;-100.34
46684.57;-100.58
46687.50;-100.50
46690.43;-100.26
46693.36;-100.19
46696.29;-100.26
46699.22;-100.34
46702.15;-100.19
46705.08;-100.19
46708.01;-100.42
46710.94;-100.58
46713.87;-100.34
46716.80;-100.34
46719.73;-100.65
46722.66;-100.42
46725.59;-100.19
46728.52;-100.42
46731.45;-100.58
46734.38;-100.58
46737.30;-100.34
46740.23;-100.65
46743.16;-100.73
46746.09;-100.50
46749.02;-100.34
46751.95;-100.34
46754.88;-100.50
46757.81;-100.34
46760.74;-100.19
46763.67;-100.19
46766.60;-100.19
46769.53;-100.26
46772.46;-100.19
46775.39;-100.11
46778.32;-100.19
46781.25;-100.34
46784.18;-100.26
46787.11;-100.34
46790.04;-100.58
46792.97;-100.58
46795.90;-100.34
46798.83;-100.19
46801.76;-100.19
46804.69;-100.34
46807.62;-100.34
46810.55;-100.34
46813.48;-100.26
46816.41;-100.42
46819.34;-100.34
46822.27;-101.05
46825.20;-101.05
46828.13;-100.34
46831.05;-100.34
46833.98;-100.42
46836.91;-100.65
46839.84;-100.42
46842.77;-100.50
46845.70;-100.34
46848.63;-100.34
46851.56;-100.50
46854.49;-100.34
46857.42;-100.42
46860.35;-100.65
46863.28;-100.65
46866.21;-100.34
46869.14;-100.26
46872.07;-100.34
46875.00;-100.58
46877.93;-100.42
46880.86;-100.50
46883.79;-100.42
46886.72;-100.42
46889.65;-100.34
46892.58;-100.58
46895.51;-100.50
46898.44;-100.26
46901.37;-100.34
46904.30;-100.42
46907.23;-100.19
46910.16;-100.34
46913.09;-100.34
46916.02;-100.42
46918.95;-100.34
46921.88;-100.34
46924.80;-100.58
46927.73;-100.50
46930.66;-100.34
46933.59;-100.26
46936.52;-100.26
46939.45;-100.34
46942.38;-100.50
46945.31;-100.58
46948.24;-100.50
46951.17;-100.42
46954.10;-100.34
46957.03;-100.26
46959.96;-100.34
46962.89;-100.73
46965.82;-100.42
46968.75;-100.42
46971.68;-100.34
46974.61;-100.50
46977.54;-100.34
46980.47;-100.11
46983.40;-100.58
46986.33;-100.73
46989.26;-100.26
46992.19;-100.26
46995.12;-100.34
46998.05;-100.50
47000.98;-100.42
47003.91;-100.50
47006.84;-100.34
47009.77;-100.26
47012.70;-100.19
47015.63;-100.19
47018.55;-100.26
47021.48;-100.34
47024.41;-100.19
47027.34;-99.95
47030.27;-100.26
47033.20;-100.42
47036.13;-100.50
47039.06;-100.34
47041.99;-100.26
47044.92;-100.34
47047.85;-100.19
47050.78;-100.34
47053.71;-100.34
47056.64;-100.34
47059.57;-100.26
47062.50;-100.34
47065.43;-100.58
47068.36;-100.81
47071.29;-100.58
47074.22;-100.34
47077.15;-100.19
47080.08;-100.19
47083.01;-100.42
47085.94;-100.34
47088.87;-100.34
47091.80;-100.19
47094.73;-100.03
47097.66;-100.03
47100.59;-100.34
47103.52;-100.50
47106.45;-100.34
47109.38;-100.26
47112.30;-100.26
47115.23;-100.19
47118.16;-100.19
47121.09;-100.50
47124.02;-100.50
47126.95;-100.50
47129.88;-100.34
47132.81;-100.19
47135.74;-100.34
47138.67;-100.34
47141.60;-100.26
47144.53;-100.58
47147.46;-100.34
47150.39;-100.19
47153.32;-100.19
47156.25;-100.34
47159.18;-100.50
47162.11;-100.42
47165.04;-100.26
47167.97;-100.34
47170.90;-100.42
47173.83;-100.42
47176.76;-100.11
47179.69;-100.26
47182.62;-100.26
47185.55;-100.26
47188.48;-100.42
47191.41;-100.34
47194.34;-100.34
47197.27;-100.34
47200.20;-100.26
47203.13;-100.34
47206.05;-100.50
47208.98;-100.42
47211.91;-100.34
47214.84;-100.26
47217.77;-100.42
47220.70;-100.42
47223.63;-100.34
47226.56;-100.34
47229.49;-100.50
47232.42;-100.50
47235.35;-100.42
47238.28;-100.26
47241.21;-100.34
47244.14;-100.65
47247.07;-100.65
47250.00;-100.58
47252.93;-100.42
47255.86;-100.19
47258.79;-100.26
47261.72;-100.34
47264.65;-100.42
47267.58;-100.42
47270.51;-100.26
47273.44;-100.34
47276.37;-100.42
47279.30;-100.50
47282.23;-100.26
47285.16;-100.26
47288.09;-100.11
47291.02;-100.19
47293.95;-100.58
47296.88;-100.34
47299.80;-100.50
47302.73;-100.50
47305.66;-100.26
47308.59;-100.19
47311.52;-100.19
47314.45;-100.26
47317.38;-100.34
47320.31;-100.42
47323.24;-100.50
47326.17;-100.50
47329.10;-100.19
47332.03;-100.34
47334.96;-100.50
47337.89;-100.26
47340.82;-100.11
47343.75;-100.19
47346.68;-100.11
47349.61;-100.19
47352.54;-100.19
47355.47;-100.34
47358.40;-100.19
47361.33;-100.03
47364.26;-100.26
47367.19;-100.50
47370.12;-100.34
47373.05;-100.42
47375.98;-100.42
47378.91;-100.34
47381.84;-100.03
47384.77;-99.95
47387.70;-100.19
47390.63;-100.26
47393.55;-100.11
47396.48;-100.26
47399.41;-100.34
47402.34;-100.26
47405.27;-100.11
47408.20;-100.26
47411.13;-100.50
47414.06;-100.26
47416.99;-100.11
47419.92;-100.19
47422.85;-100.26
47425.78;-100.34
47428.71;-100.50
47431.64;-100.26
47434.57;-100.03
47437.50;-100.34
47440.43;-100.26
47443.36;-100.11
47446.29;-100.19
47449.22;-100.19
47452.15;-100.19
47455.08;-100.19
47458.01;-100.34
47460.94;-100.50
47463.87;-100.26
47466.80;-100.34
47469.73;-100.34
47472.66;-100.26
47475.59;-100.26
47478.52;-100.42
47481.45;-100.50
47484.38;-100.42
47487.30;-100.42
47490.23;-100.50
47493.16;-100.50
47496.09;-100.42
47499.02;-100.34
47501.95;-100.19
47504.88;-100.19
47507.81;-100.26
47510.74;-100.42
47513.67;-100.42
47516.60;-100.50
47519.53;-100.11
47522.46;-100.26
47525.39;-100.34
47528.32;-100.42
47531.25;-100.26
47534.18;-100.03
47537.11;-100.19
47540.04;-100.26
47542.97;-100.26
47545.90;-100.19
47548.83;-100.26
47551.76;-99.95
47554.69;-100.03
47557.62;-100.19
47560.55;-100.26
47563.48;-100.42
47566.41;-100.58
47569.34;-100.26
47572.27;-100.26
47575.20;-100.42
47578.13;-100.65
47581.05;-100.26
47583.98;-100.19
47586.91;-100.50
47589.84;-100.50
47592.77;-100.26
47595.70;-100.34
47598.63;-100.34
47601.56;-100.11
47604.49;-100.26
47607.42;-100.19
47610.35;-100.03
47613.28;-100.03
47616.21;-100.11
47619.14;-100.19
47622.07;-99.95
47625.00;-99.79
47627.93;-99.79
47630.86;-100.26
47633.79;-100.19
47636.72;-100.26
47639.65;-100.34
47642.58;-100.50
47645.51;-100.58
47648.44;-100.26
47651.37;-100.34
47654.30;-100.26
47657.23;-100.50
47660.16;-100.42
47663.09;-100.34
47666.02;-100.50
47668.95;-100.34
47671.88;-99.95
47674.80;-100.19
47677.73;-100.11
47680.66;-100.03
47683.59;-100.34
47686.52;-100.26
47689.45;-100.50
47692.38;-100.26
47695.31;-100.34
47698.24;-100.58
47701.17;-100.26
47704.10;-100.19
47707.03;-100.26
47709.96;-99.87
47712.89;-99.79
47715.82;-99.87
47718.75;-100.19
47721.68;-100.03
47724.61;-99.95
47727.54;-100.11
47730.47;-100.34
47733.40;-100.34
47736.33;-100.50
47739.26;-100.50
47742.19;-100.26
47745.12;-100.34
47748.05;-100.26
47750.98;-100.19
47753.91;-100.34
47756.84;-100.26
47759.77;-100.19
47762.70;-100.26
47765.63;-100.50
47768.55;-100.34
47771.48;-100.34
47774.41;-100.42
47777.34;-100.26
47780.27;-99.95
47783.20;-100.19
47786.13;-100.19
47789.06;-100.19
47791.99;-100.26
47794.92;-100.50
47797.85;-100.42
47800.78;-100.42
47803.71;-100.34
47806.64;-100.26
47809.57;-100.19
47812.50;-100.19
47815.43;-100.26
47818.36;-100.34
47821.29;-100.26
47824.22;-100.11
47827.15;-100.19
47830.08;-100.19
47833.01;-100.42
47835.94;-100.58
47838.87;-100.34
47841.80;-100.34
47844.73;-100.19
47847.66;-100.19
47850.59;-100.03
47853.52;-100.26
47856.45;-100.50
47859.38;-100.26
47862.30;-100.19
47865.23;-100.34
47868.16;-100.11
47871.09;-100.19
47874.02;-100.42
47876.95;-100.34
47879.88;-100.34
47882.81;-100.11
47885.74;-100.19
47888.67;-100.19
47891.60;-100.26
47894.53;-100.42
47897.46;-100.03
47900.39;-100.11
47903.32;-100.58
47906.25;-100.50
47909.18;-100.42
47912.11;-100.19
47915.04;-100.26
47917.97;-100.11
47920.90;-100.19
47923.83;-100.42
47926.76;-100.19
47929.69;-100.03
47932.62;-100.11
47935.55;-100.11
47938.48;-100.03
47941.41;-100.19
47944.34;-100.34
47947.27;-100.11
47950.20;-100.26
47953.13;-100.11
47956.05;-100.26
47958.98;-100.50
47961.91;-100.19
47964.84;-100.11
47967.77;-100.26
47970.70;-100.50
47973.63;-100.11
47976.56;-100.03
47979.49;-99.95
47982.42;-100.26
47985.35;-100.34
47988.28;-100.26
47991.21;-100.11
47994.14;-100.03
47997.07;-99.95
48000.00;-100.11
48002.93;-100.11
48005.86;-100.19
48008.79;-100.50
48011.72;-100.26
48014.65;-100.19
48017.58;-100.03
48020.51;-100.26
48023.44;-100.34
48026.37;-100.50
48029.30;-100.34
48032.23;-100.11
48035.16;-99.87
48038.09;-100.03
48041.02;-100.26
48043.95;-100.26
48046.88;-100.50
48049.80;-100.34
48052.73;-100.34
48055.66;-100.34
48058.59;-100.50
48061.52;-100.42
48064.45;-100.50
48067.38;-100.42
48070.31;-100.42
48073.24;-100.26
48076.17;-100.19
48079.10;-100.19
48082.03;-100.19
48084.96;-100.19
48087.89;-100.26
48090.82;-100.34
48093.75;-100.42
48096.68;-100.19
48099.61;-100.03
48102.54;-100.19
48105.47;-100.58
48108.40;-100.50
48111.33;-100.42
48114.26;-100.34
48117.19;-100.34
48120.12;-100.58
48123.05;-100.42
48125.98;-100.50
48128.91;-100.26
48131.84;-100.19
48134.77;-100.34
48137.70;-99.95
48140.63;-100.19
48143.55;-100.19
48146.48;-100.34
48149.41;-100.26
48152.34;-100.11
48155.27;-100.26
48158.20;-100.26
48161.13;-100.19
48164.06;-100.03
48166.99;-100.11
48169.92;-100.42
48172.85;-100.50
48175.78;-100.50
48178.71;-100.50
48181.64;-100.11
48184.57;-100.26
48187.50;-100.26
48190.43;-100.19
48193.36;-100.19
48196.29;-100.19
48199.22;-100.26
48202.15;-100.26
48205.08;-100.34
48208.01;-100.34
48210.94;-100.26
48213.87;-100.34
48216.80;-100.34
48219.73;-100.34
48222.66;-100.34
48225.59;-100.26
48228.52;-100.34
48231.45;-100.50
48234.38;-100.42
48237.30;-100.50
48240.23;-100.50
48243.16;-100.65
48246.09;-100.73
48249.02;-100.11
48251.95;-100.11
48254.88;-100.42
48257.81;-100.26
48260.74;-100.11
48263.67;-100.42
48266.60;-100.58
48269.53;-100.58
48272.46;-100.50
48275.39;-100.34
48278.32;-100.26
48281.25;-100.26
48284.18;-100.11
48287.11;-99.87
48290.04;-100.19
48292.97;-100.34
48295.90;-100.19
48298.83;-100.26
48301.76;-100.19
48304.69;-100.19
48307.62;-100.11
48310.55;-100.34
48313.48;-100.50
48316.41;-100.50
48319.34;-100.26
48322.27;-100.42
48325.20;-100.34
48328.13;-100.42
48331.05;-100.65
48333.98;-100.42
48336.91;-100.19
48339.84;-100.50
48342.77;-100.42
48345.70;-100.34
48348.63;-100.42
48351.56;-100.34
48354.49;-100.58
48357.42;-100.50
48360.35;-100.50
48363.28;-100.26
48366.21;-100.19
48369.14;-100.34
48372.07;-100.03
48375.00;-100.19
48377.93;-100.26
48380.86;-100.03
48383.79;-100.11
48386.72;-100.03
48389.65;-100.42
48392.58;-100.58
48395.51;-100.34
48398.44;-100.11
48401.37;-100.50
48404.30;-100.65
48407.23;-100.50
48410.16;-100.50
48413.09;-100.58
48416.02;-100.50
48418.95;-100.50
48421.88;-100.34
48424.80;-100.11
48427.73;-100.11
48430.66;-100.42
48433.59;-100.34
48436.52;-100.50
48439.45;-100.50
48442.38;-100.26
48445.31;-100.11
48448.24;-100.26
48451.17;-100.42
48454.10;-100.42
48457.03;-100.50
48459.96;-100.26
48462.89;-100.03
48465.82;-100.42
48468.75;-100.42
48471.68;-100.26
48474.61;-100.26
48477.54;-100.34
48480.47;-100.26
48483.40;-100.26
48486.33;-100.11
48489.26;-100.26
48492.19;-100.42
48495.12;-100.19
48498.05;-100.03
48500.98;-100.11
48503.91;-100.03
48506.84;-100.34
48509.77;-100.58
48512.70;-100.58
48515.63;-100.42
48518.55;-100.50
48521.48;-100.26
48524.41;-100.34
48527.34;-100.26
48530.27;-100.34
48533.20;-100.42
48536.13;-100.34
48539.06;-100.19
48541.99;-100.11
48544.92;-100.26
48547.85;-100.26
48550.78;-100.19
48553.71;-100.42
48556.64;-100.50
48559.57;-100.26
48562.50;-100.11
48565.43;-100.42
48568.36;-100.11
48571.29;-100.03
48574.22;-99.95
48577.15;-100.42
48580.08;-100.42
48583.01;-100.50
48585.94;-100.34
48588.87;-100.42
48591.80;-100.42
48594.73;-100.11
48597.66;-99.95
48600.59;-100.19
48603.52;-100.34
48606.45;-100.34
48609.38;-100.42
48612.30;-100.19
48615.23;-100.19
48618.16;-100.42
48621.09;-100.42
48624.02;-100.58
48626.95;-100.42
48629.88;-100.19
48632.81;-100.19
48635.74;-100.26
48638.67;-100.19
48641.60;-99.95
48644.53;-100.19
48647.46;-100.19
48650.39;-100.11
48653.32;-100.26
48656.25;-100.42
48659.18;-100.58
48662.11;-100.34
48665.04;-100.26
48667.97;-100.50
48670.90;-100.26
48673.83;-100.11
48676.76;-100.50
48679.69;-100.65
48682.62;-100.34
48685.55;-100.34
48688.48;-100.50
48691.41;-100.26
48694.34;-100.26
48697.27;-100.42
48700.20;-100.42
48703.13;-100.26
48706.05;-100.11
48708.98;-100.19
48711.91;-100.19
48714.84;-100.26
48717.77;-100.34
48720.70;-100.42
48723.63;-100.26
48726.56;-99.95
48729.49;-100.03
48732.42;-100.11
48735.35;-100.42
48738.28;-100.19
48741.21;-100.19
48744.14;-100.11
48747.07;-100.11
48750.00;-100.11
48752.93;-100.26
48755.86;-100.50
48758.79;-100.65
48761.72;-100.42
48764.65;-100.19
48767.58;-100.11
48770.51;-100.26
48773.44;-100.42
48776.37;-100.26
48779.30;-100.19
48782.23;-100.34
48785.16;-100.34
48788.09;-100.58
48791.02;-100.34
48793.95;-100.42
48796.88;-100.50
48799.80;-100.34
48802.73;-100.50
48805.66;-100.26
48808.59;-100.19
48811.52;-100.42
48814.45;-100.50
48817.38;-100.50
48820.31;-100.26
48823.24;-100.03
48826.17;-99.95
48829.10;-100.26
48832.03;-100.19
48834.96;-100.03
48837.89;-100.11
48840.82;-100.26
48843.75;-100.19
48846.68;-100.26
48849.61;-100.34
48852.54;-100.42
48855.47;-100.50
48858.40;-100.26
48861.33;-100.19
48864.26;-100.34
48867.19;-100.34
48870.12;-100.34
48873.05;-100.50
48875.98;-100.42
48878.91;-100.42
48881.84;-100.42
48884.77;-100.19
48887.70;-100.34
48890.63;-100.26
48893.55;-100.34
48896.48;-100.50
48899.41;-100.42
48902.34;-100.19
48905.27;-100.50
48908.20;-100.50
48911.13;-100.34
48914.06;-100.11
48916.99;-100.42
48919.92;-100.19
48922.85;-100.19
48925.78;-100.34
48928.71;-100.42
48931.64;-100.50
48934.57;-100.42
48937.50;-100.19
48940.43;-100.26
48943.36;-100.42
48946.29;-100.58
48949.22;-100.19
48952.15;-100.03
48955.08;-100.11
48958.01;-100.26
48960.94;-100.26
48963.87;-100.19
48966.80;-100.34
48969.73;-100.50
48972.66;-100.50
48975.59;-100.50
48978.52;-100.26
48981.45;-100.19
48984.38;-100.26
48987.30;-100.19
48990.23;-99.95
48993.16;-99.95
48996.09;-100.03
48999.02;-100.26
49001.95;-100.26
49004.88;-100.26
49007.81;-100.03
49010.74;-100.26
49013.67;-99.95
49016.60;-100.03
49019.53;-100.26
49022.46;-100.34
49025.39;-100.19
49028.32;-100.11
49031.25;-100.34
49034.18;-100.34
49037.11;-100.11
49040.04;-100.26
49042.97;-100.34
49045.90;-100.26
49048.83;-100.19
49051.76;-100.11
49054.69;-100.34
49057.62;-100.26
49060.55;-100.26
49063.48;-100.11
49066.41;-100.26
49069.34;-100.19
49072.27;-100.03
49075.20;-100.03
49078.13;-100.34
49081.05;-100.26
49083.98;-100.19
49086.91;-100.19
49089.84;-100.11
49092.77;-100.03
49095.70;-100.19
49098.63;-100.19
49101.56;-100.34
49104.49;-100.19
49107.42;-100.26
49110.35;-100.42
49113.28;-100.26
49116.21;-100.34
49119.14;-100.34
49122.07;-100.11
49125.00;-100.19
49127.93;-100.19
49130.86;-100.26
49133.79;-100.19
49136.72;-100.11
49139.65;-100.03
49142.58;-100.11
49145.51;-100.19
49148.44;-100.11
49151.37;-99.95
49154.30;-99.87
49157.23;-100.42
49160.16;-100.26
49163.09;-100.11
49166.02;-100.34
49168.95;-100.34
49171.88;-99.79
49174.80;-99.48
49177.73;-100.11
49180.66;-100.26
49183.59;-100.34
49186.52;-100.26
49189.45;-100.11
49192.38;-100.11
49195.31;-100.11
49198.24;-100.26
49201.17;-100.11
49204.10;-100.26
49207.03;-100.34
49209.96;-100.34
49212.89;-100.19
49215.82;-100.11
49218.75;-100.26
49221.68;-100.42
49224.61;-100.34
49227.54;-100.42
49230.47;-100.11
49233.40;-99.95
49236.33;-100.03
49239.26;-100.03
49242.19;-100.19
49245.12;-100.42
49248.05;-100.42
49250.98;-100.34
49253.91;-100.42
49256.84;-100.58
49259.77;-100.73
49262.70;-100.73
49265.63;-100.42
49268.55;-100.34
49271.48;-100.26
49274.41;-100.26
49277.34;-100.19
49280.27;-100.11
49283.20;-100.26
49286.13;-100.50
49289.06;-100.50
49291.99;-99.95
49294.92;-99.95
49297.85;-100.26
49300.78;-100.26
49303.71;-100.19
49306.64;-100.19
49309.57;-100.34
49312.50;-100.34
49315.43;-100.19
49318.36;-100.11
49321.29;-100.34
49324.22;-100.26
49327.15;-100.26
49330.08;-100.50
49333.01;-100.26
49335.94;-100.34
49338.87;-100.42
49341.80;-100.50
49344.73;-100.34
49347.66;-99.87
49350.59;-100.03
49353.52;-100.42
49356.45;-100.26
49359.38;-100.11
49362.30;-100.11
49365.23;-100.03
49368.16;-100.03
49371.09;-100.03
49374.02;-100.34
49376.95;-100.34
49379.88;-100.11
49382.81;-100.26
49385.74;-100.50
49388.67;-100.26
49391.60;-100.34
49394.53;-100.50
49397.46;-100.58
49400.39;-100.19
49403.32;-99.95
49406.25;-99.87
49409.18;-100.26
49412.11;-100.26
49415.04;-100.11
49417.97;-100.03
49420.90;-99.95
49423.83;-100.03
49426.76;-100.03
49429.69;-100.11
49432.62;-100.11
49435.55;-100.26
49438.48;-100.19
49441.41;-99.95
49444.34;-99.87
49447.27;-99.87
49450.20;-100.03
49453.13;-100.50
49456.05;-100.65
49458.98;-100.42
49461.91;-100.58
49464.84;-100.26
49467.77;-100.19
49470.70;-100.19
49473.63;-100.19
49476.56;-100.26
49479.49;-100.58
49482.42;-100.42
49485.35;-100.11
49488.28;-100.19
49491.21;-100.42
49494.14;-100.58
49497.07;-100.65
49500.00;-100.58
49502.93;-100.42
49505.86;-100.26
49508.79;-100.26
49511.72;-100.19
49514.65;-100.26
49517.58;-100.42
49520.51;-100.26
49523.44;-100.26
49526.37;-100.42
49529.30;-100.34
49532.23;-100.34
49535.16;-100.19
49538.09;-99.95
49541.02;-100.26
49543.95;-100.19
49546.88;-100.03
49549.80;-100.26
49552.73;-100.58
49555.66;-100.42
49558.59;-100.19
49561.52;-100.11
49564.45;-100.19
49567.38;-100.50
49570.31;-100.42
49573.24;-100.26
49576.17;-100.42
49579.10;-100.26
49582.03;-100.42
49584.96;-100.34
49587.89;-100.50
49590.82;-100.42
49593.75;-100.26
49596.68;-100.26
49599.61;-100.19
49602.54;-100.19
49605.47;-100.26
49608.40;-100.19
49611.33;-100.19
49614.26;-100.03
49617.19;-100.03
49620.12;-100.11
49623.05;-100.03
49625.98;-100.03
49628.91;-100.19
49631.84;-99.95
49634.77;-100.19
49637.70;-100.11
49640.63;-100.03
49643.55;-100.03
49646.48;-100.26
49649.41;-100.58
49652.34;-100.42
49655.27;-100.19
49658.20;-100.11
49661.13;-100.26
49664.06;-100.26
49666.99;-100.11
49669.92;-100.11
49672.85;-100.19
49675.78;-100.19
49678.71;-100.19
49681.64;-100.42
49684.57;-100.58
49687.50;-100.34
49690.43;-100.11
49693.36;-100.11
49696.29;-100.03
49699.22;-100.26
49702.15;-100.42
49705.08;-100.26
49708.01;-100.26
49710.94;-100.34
49713.87;-100.26
49716.80;-100.11
49719.73;-100.11
49722.66;-100.19
49725.59;-100.11
49728.52;-100.42
49731.45;-100.26
49734.38;-100.11
49737.30;-100.19
49740.23;-100.26
49743.16;-100.26
49746.09;-100.03
49749.02;-100.19
49751.95;-100.19
49754.88;-100.11
49757.81;-100.03
49760.74;-100.26
49763.67;-100.34
49766.60;-100.34
49769.53;-100.34
49772.46;-100.58
49775.39;-100.50
49778.32;-100.26
49781.25;-99.95
49784.18;-99.95
49787.11;-100.03
49790.04;-100.03
49792.97;-100.11
49795.90;-100.26
49798.83;-100.19
49801.76;-100.19
49804.69;-100.03
49807.62;-100.11
49810.55;-100.42
49813.48;-100.50
49816.41;-100.42
49819.34;-100.19
49822.27;-100.19
49825.20;-100.19
49828.13;-100.11
49831.05;-99.87
49833.98;-99.79
49836.91;-100.19
49839.84;-100.34
49842.77;-100.03
49845.70;-99.95
49848.63;-100.11
49851.56;-99.95
49854.49;-99.95
49857.42;-100.26
49860.35;-100.11
49863.28;-100.11
49866.21;-100.34
49869.14;-100.19
49872.07;-99.87
49875.00;-100.11
49877.93;-100.26
49880.86;-99.95
49883.79;-100.19
49886.72;-100.42
49889.65;-100.65
49892.58;-100.34
49895.51;-100.34
49898.44;-100.34
49901.37;-100.42
49904.30;-100.42
49907.23;-100.19
49910.16;-100.03
49913.09;-99.87
49916.02;-100.11
49918.95;-100.19
49921.88;-100.03
49924.80;-100.19
49927.73;-100.11
49930.66;-100.19
49933.59;-100.26
49936.52;-100.19
49939.45;-99.95
49942.38;-100.11
49945.31;-100.26
49948.24;-100.34
49951.17;-100.03
49954.10;-99.95
49957.03;-100.11
49959.96;-100.19
49962.89;-100.26
49965.82;-100.26
49968.75;-100.26
49971.68;-100.34
49974.61;-100.11
49977.54;-100.34
49980.47;-100.26
49983.40;-100.03
49986.33;-100.11
49989.26;-100.26
49992.19;-99.95
49995.12;-100.19
49998.05;-100.19
50000.98;-100.11
50003.91;-100.03
50006.84;-100.19
50009.77;-100.26
50012.70;-100.19
50015.63;-100.11
50018.55;-100.34
50021.48;-100.19
50024.41;-100.26
50027.34;-100.34
50030.27;-100.26
50033.20;-100.34
50036.13;-100.26
50039.06;-100.19
50041.99;-100.19
50044.92;-99.95
50047.85;-100.11
50050.78;-100.19
50053.71;-99.79
50056.64;-99.79
50059.57;-100.26
50062.50;-100.34
50065.43;-100.19
50068.36;-100.11
50071.29;-100.11
50074.22;-100.11
50077.15;-100.26
50080.08;-100.19
50083.01;-99.95
50085.94;-100.26
50088.87;-100.42
50091.80;-100.34
50094.73;-100.34
50097.66;-100.19
50100.59;-100.11
50103.52;-100.03
50106.45;-100.03
50109.38;-100.11
50112.30;-99.95
50115.23;-100.03
50118.16;-99.95
50121.09;-100.19
50124.02;-100.26
50126.95;-100.19
50129.88;-100.19
50132.81;-100.26
50135.74;-100.19
50138.67;-100.11
50141.60;-100.11
50144.53;-100.03
50147.46;-100.26
50150.39;-100.26
50153.32;-100.19
50156.25;-100.26
50159.18;-100.34
50162.11;-100.26
50165.04;-100.19
50167.97;-100.11
50170.90;-100.34
50173.83;-100.11
50176.76;-100.19
50179.69;-100.26
50182.62;-100.19
50185.55;-100.11
50188.48;-100.11
50191.41;-100.19
50194.34;-100.19
50197.27;-100.19
50200.20;-100.03
50203.13;-100.11
50206.05;-100.11
50208.98;-100.03
50211.91;-100.19
50214.84;-100.26
50217.77;-100.11
50220.70;-99.87
50223.63;-100.03
50226.56;-100.34
50229.49;-100.26
50232.42;-100.11
50235.35;-100.11
50238.28;-100.03
50241.21;-100.03
50244.14;-100.11
50247.07;-100.26
50250.00;-100.19
50252.93;-99.95
50255.86;-100.11
50258.79;-100.42
50261.72;-100.42
50264.65;-100.65
50267.58;-100.42
50270.51;-100.19
50273.44;-100.19
50276.37;-100.03
50279.30;-100.19
50282.23;-100.11
50285.16;-100.11
50288.09;-99.95
50291.02;-100.34
50293.95;-100.42
50296.88;-100.19
50299.80;-100.11
50302.73;-100.26
50305.66;-100.26
50308.59;-100.50
50311.52;-100.11
50314.45;-99.95
50317.38;-100.03
50320.31;-100.03
50323.24;-99.87
50326.17;-100.11
50329.10;-100.26
50332.03;-100.34
50334.96;-100.34
50337.89;-100.11
50340.82;-100.34
50343.75;-100.26
50346.68;-100.03
50349.61;-99.95
50352.54;-99.95
50355.47;-99.87
50358.40;-100.11
50361.33;-100.42
50364.26;-100.26
50367.19;-100.11
50370.12;-100.11
50373.05;-100.26
50375.98;-100.26
50378.91;-100.42
50381.84;-100.26
50384.77;-100.03
50387.70;-100.11
50390.63;-100.03
50393.55;-100.11
50396.48;-100.19
50399.41;-100.11
50402.34;-100.34
50405.27;-100.19
50408.20;-100.11
50411.13;-99.95
50414.06;-100.26
50416.99;-100.26
50419.92;-100.26
50422.85;-100.34
50425.78;-100.50
50428.71;-100.26
50431.64;-99.87
50434.57;-99.95
50437.50;-99.95
50440.43;-99.87
50443.36;-100.19
50446.29;-100.19
50449.22;-100.26
50452.15;-100.34
50455.08;-100.42
50458.01;-100.19
50460.94;-100.26
50463.87;-100.42
50466.80;-100.11
50469.73;-99.72
50472.66;-100.03
50475.59;-100.11
50478.52;-100.58
50481.45;-100.50
50484.38;-100.34
50487.30;-100.50
50490.23;-100.03
50493.16;-99.87
50496.09;-100.26
50499.02;-100.42
50501.95;-100.11
50504.88;-100.11
50507.81;-100.19
50510.74;-100.34
50513.67;-100.34
50516.60;-100.42
50519.53;-100.26
50522.46;-100.26
50525.39;-100.50
50528.32;-100.34
50531.25;-100.26
50534.18;-100.26
50537.11;-100.11
50540.04;-100.26
50542.97;-100.42
50545.90;-100.26
50548.83;-100.34
50551.76;-100.11
50554.69;-100.11
50557.62;-100.11
50560.55;-100.03
50563.48;-100.11
50566.41;-100.26
50569.34;-100.11
50572.27;-99.95
50575.20;-100.19
50578.13;-100.11
50581.05;-100.03
50583.98;-100.19
50586.91;-99.95
50589.84;-100.03
50592.77;-100.26
50595.70;-100.19
50598.63;-100.11
50601.56;-100.26
50604.49;-100.11
50607.42;-99.87
50610.35;-99.95
50613.28;-100.03
50616.21;-100.03
50619.14;-100.19
50622.07;-100.11
50625.00;-100.19
50627.93;-100.26
50630.86;-100.03
50633.79;-100.11
50636.72;-100.03
50639.65;-99.95
50642.58;-99.87
50645.51;-99.87
50648.44;-99.95
50651.37;-100.11
50654.30;-100.19
50657.23;-100.34
50660.16;-100.42
50663.09;-100.26
50666.02;-100.19
50668.95;-100.26
50671.88;-100.03
50674.80;-99.87
50677.73;-100.19
50680.66;-100.11
50683.59;-99.95
50686.52;-100.26
50689.45;-100.19
50692.38;-99.87
50695.31;-100.34
50698.24;-100.34
50701.17;-100.11
50704.10;-100.26
50707.03;-100.03
50709.96;-99.79
50712.89;-99.95
50715.82;-100.11
50718.75;-100.19
50721.68;-100.11
50724.61;-100.03
50727.54;-100.03
50730.47;-100.19
50733.40;-100.03
50736.33;-100.11
50739.26;-100.11
50742.19;-100.03
50745.12;-99.95
50748.05;-100.26
50750.98;-100.42
50753.91;-100.19
50756.84;-100.11
50759.77;-100.11
50762.70;-100.03
50765.63;-100.03
50768.55;-99.87
50771.48;-99.95
50774.41;-100.34
50777.34;-100.26
50780.27;-100.11
50783.20;-100.19
50786.13;-100.26
50789.06;-100.19
50791.99;-100.50
50794.92;-100.42
50797.85;-99.95
50800.78;-100.19
50803.71;-100.50
50806.64;-100.26
50809.57;-100.42
50812.50;-100.42
50815.43;-100.34
50818.36;-99.95
50821.29;-99.95
50824.22;-100.11
50827.15;-100.26
50830.08;-100.03
50833.01;-99.87
50835.94;-100.03
50838.87;-100.26
50841.80;-100.11
50844.73;-100.19
50847.66;-100.34
50850.59;-100.19
50853.52;-99.95
50856.45;-100.03
50859.38;-100.19
50862.30;-100.19
50865.23;-100.19
50868.16;-100.19
50871.09;-100.11
50874.02;-99.95
50876.95;-99.95
50879.88;-99.95
50882.81;-99.87
50885.74;-100.03
50888.67;-99.95
50891.60;-100.11
50894.53;-100.11
50897.46;-100.34
50900.39;-100.42
50903.32;-100.11
50906.25;-100.26
50909.18;-100.58
50912.11;-100.26
50915.04;-100.11
50917.97;-100.19
50920.90;-100.11
50923.83;-100.11
50926.76;-99.87
50929.69;-100.03
50932.62;-100.11
50935.55;-100.26
50938.48;-100.42
50941.41;-100.34
50944.34;-99.95
50947.27;-100.19
50950.20;-100.34
50953.13;-100.19
50956.05;-100.26
50958.98;-100.19
50961.91;-100.26
50964.84;-100.11
50967.77;-100.26
50970.70;-100.34
50973.63;-100.11
50976.56;-100.03
50979.49;-100.19
50982.42;-100.03
50985.35;-100.03
50988.28;-99.72
50991.21;-99.87
50994.14;-100.26
50997.07;-100.34
51000.00;-99.87
51002.93;-99.95
51005.86;-100.03
51008.79;-100.03
51011.72;-100.11
51014.65;-100.11
51017.58;-100.34
51020.51;-100.34
51023.44;-100.11
51026.37;-100.11
51029.30;-100.26
51032.23;-100.34
51035.16;-100.19
51038.09;-100.34
51041.02;-100.26
51043.95;-100.19
51046.88;-100.11
51049.80;-100.26
51052.73;-100.26
51055.66;-100.11
51058.59;-100.19
51061.52;-100.19
51064.45;-100.26
51067.38;-99.95
51070.31;-100.03
51073.24;-100.03
51076.17;-100.19
51079.10;-100.19
51082.03;-100.26
51084.96;-100.26
51087.89;-100.34
51090.82;-100.19
51093.75;-100.19
51096.68;-100.19
51099.61;-99.87
51102.54;-100.03
51105.47;-100.34
51108.40;-100.11
51111.33;-100.11
51114.26;-100.19
51117.19;-100.19
51120.12;-100.19
51123.05;-100.03
51125.98;-100.26
51128.91;-100.26
51131.84;-100.19
51134.77;-100.03
51137.70;-100.34
51140.63;-100.19
51143.55;-100.19
51146.48;-100.11
51149.41;-100.19
51152.34;-100.19
51155.27;-100.26
51158.20;-100.19
51161.13;-100.42
51164.06;-100.26
51166.99;-100.11
51169.92;-100.11
51172.85;-100.03
51175.78;-100.03
51178.71;-100.03
51181.64;-100.19
51184.57;-100.19
51187.50;-100.26
51190.43;-100.19
51193.36;-100.34
51196.29;-100.42
51199.22;-100.19
51202.15;-100.19
51205.08;-100.34
51208.01;-100.42
51210.94;-100.34
51213.87;-100.19
51216.80;-100.34
51219.73;-100.26
51222.66;-100.19
51225.59;-100.26
51228.52;-100.19
51231.45;-100.26
51234.38;-100.19
51237.30;-99.95
51240.23;-100.19
51243.16;-100.19
51246.09;-100.11
51249.02;-99.95
51251.95;-100.19
51254.88;-100.19
51257.81;-100.03
51260.74;-100.03
51263.67;-100.03
51266.60;-99.87
51269.53;-99.95
51272.46;-100.11
51275.39;-100.26
51278.32;-100.42
51281.25;-100.34
51284.18;-100.26
51287.11;-100.03
51290.04;-100.03
51292.97;-99.95
51295.90;-99.64
51298.83;-99.79
51301.76;-100.34
51304.69;-100.42
51307.62;-100.19
51310.55;-100.34
51313.48;-100.34
51316.41;-100.03
51319.34;-100.34
51322.27;-100.42
51325.20;-100.34
51328.13;-100.42
51331.05;-100.11
51333.98;-99.95
51336.91;-99.87
51339.84;-99.87
51342.77;-100.19
51345.70;-100.26
51348.63;-99.87
51351.56;-99.79
51354.49;-100.19
51357.42;-100.34
51360.35;-100.34
51363.28;-100.42
51366.21;-100.26
51369.14;-100.34
51372.07;-100.26
51375.00;-100.19
51377.93;-100.19
51380.86;-100.26
51383.79;-100.42
51386.72;-100.34
51389.65;-100.50
51392.58;-100.73
51395.51;-100.26
51398.44;-100.03
51401.37;-99.95
51404.30;-99.95
51407.23;-99.95
51410.16;-100.19
51413.09;-100.11
51416.02;-100.03
51418.95;-100.26
51421.88;-100.11
51424.80;-100.26
51427.73;-100.26
51430.66;-100.11
51433.59;-100.11
51436.52;-100.26
51439.45;-100.03
51442.38;-99.95
51445.31;-99.95
51448.24;-100.42
51451.17;-100.26
51454.10;-100.34
51457.03;-100.42
51459.96;-100.03
51462.89;-100.03
51465.82;-99.87
51468.75;-99.87
51471.68;-100.11
51474.61;-100.26
51477.54;-100.19
51480.47;-100.03
51483.40;-100.26
51486.33;-100.11
51489.26;-100.26
51492.19;-100.26
51495.12;-100.19
51498.05;-100.26
51500.98;-100.34
51503.91;-100.50
51506.84;-100.26
51509.77;-100.11
51512.70;-100.11
51515.63;-99.79
51518.55;-99.72
51521.48;-100.03
51524.41;-100.19
51527.34;-100.19
51530.27;-99.95
51533.20;-99.95
51536.13;-99.95
51539.06;-100.19
51541.99;-100.26
51544.92;-100.11
51547.85;-100.11
51550.78;-100.03
51553.71;-100.42
51556.64;-100.58
51559.57;-100.50
51562.50;-100.26
51565.43;-100.34
51568.36;-100.34
51571.29;-100.03
51574.22;-99.95
51577.15;-99.79
51580.08;-99.79
51583.01;-99.87
51585.94;-99.87
51588.87;-100.11
51591.80;-100.26
51594.73;-100.11
51597.66;-100.03
51600.59;-100.03
51603.52;-100.19
51606.45;-100.03
51609.38;-100.11
51612.30;-100.03
51615.23;-99.87
51618.16;-100.19
51621.09;-100.11
51624.02;-100.11
51626.95;-100.03
51629.88;-99.95
51632.81;-100.03
51635.74;-100.11
51638.67;-99.95
51641.60;-100.19
51644.53;-100.26
51647.46;-100.19
51650.39;-100.11
51653.32;-99.95
51656.25;-99.95
51659.18;-100.19
51662.11;-100.19
51665.04;-100.03
51667.97;-100.26
51670.90;-100.26
51673.83;-100.26
51676.76;-100.42
51679.69;-100.34
51682.62;-100.19
51685.55;-100.34
51688.48;-100.11
51691.41;-100.19
51694.34;-100.26
51697.27;-100.19
51700.20;-100.11
51703.13;-100.19
51706.05;-100.26
51708.98;-100.19
51711.91;-100.11
51714.84;-100.26
51717.77;-100.26
51720.70;-100.11
51723.63;-99.95
51726.56;-100.19
51729.49;-100.11
51732.42;-100.26
51735.35;-100.34
51738.28;-100.34
51741.21;-100.26
51744.14;-99.95
51747.07;-100.19
51750.00;-100.19
51752.93;-100.19
51755.86;-100.11
51758.79;-100.19
51761.72;-100.34
51764.65;-100.26
51767.58;-99.95
51770.51;-100.19
51773.44;-100.42
51776.37;-100.26
51779.30;-100.19
51782.23;-100.19
51785.16;-100.11
51788.09;-100.19
51791.02;-100.34
51793.95;-100.11
51796.88;-99.95
51799.80;-100.03
51802.73;-100.11
51805.66;-99.87
51808.59;-99.72
51811.52;-100.11
51814.45;-100.11
51817.38;-99.95
51820.31;-100.11
51823.24;-100.19
51826.17;-100.26
51829.10;-100.03
51832.03;-100.03
51834.96;-100.11
51837.89;-100.03
51840.82;-99.95
51843.75;-99.95
51846.68;-100.03
51849.61;-100.03
51852.54;-100.03
51855.47;-100.19
51858.40;-100.34
51861.33;-100.34
51864.26;-100.11
51867.19;-100.11
51870.12;-100.03
51873.05;-100.26
51875.98;-100.19
51878.91;-99.95
51881.84;-100.11
51884.77;-99.87
51887.70;-100.03
51890.63;-100.34
51893.55;-100.26
51896.48;-100.19
51899.41;-100.26
51902.34;-100.34
51905.27;-100.19
51908.20;-100.19
51911.13;-100.03
51914.06;-100.03
51916.99;-100.42
51919.92;-100.50
51922.85;-99.95
51925.78;-99.95
51928.71;-100.11
51931.64;-100.03
51934.57;-100.11
51937.50;-100.11
51940.43;-100.26
51943.36;-100.11
51946.29;-100.34
51949.22;-100.11
51952.15;-100.03
51955.08;-99.87
51958.01;-99.95
51960.94;-100.11
51963.87;-100.11
51966.80;-100.03
51969.73;-100.19
51972.66;-100.19
51975.59;-100.03
51978.52;-99.79
51981.45;-99.79
51984.38;-99.87
51987.30;-100.11
51990.23;-99.95
51993.16;-99.79
51996.09;-99.95
51999.02;-99.87
52001.95;-100.19
52004.88;-100.26
52007.81;-100.11
52010.74;-99.79
52013.67;-99.79
52016.60;-99.95
52019.53;-100.03
52022.46;-100.11
52025.39;-100.03
52028.32;-100.03
52031.25;-99.95
52034.18;-100.03
52037.11;-100.19
52040.04;-99.95
52042.97;-99.87
52045.90;-99.64
52048.83;-99.79
52051.76;-100.03
52054.69;-100.03
52057.62;-100.11
52060.55;-100.19
52063.48;-99.95
52066.41;-99.72
52069.34;-99.87
52072.27;-99.87
52075.20;-99.87
52078.13;-100.26
52081.05;-100.34
52083.98;-100.19
52086.91;-100.11
52089.84;-100.19
52092.77;-100.03
52095.70;-100.11
52098.63;-100.19
52101.56;-100.34
52104.49;-100.26
52107.42;-100.03
52110.35;-100.19
52113.28;-100.03
52116.21;-100.11
52119.14;-100.26
52122.07;-100.34
52125.00;-100.26
52127.93;-99.87
52130.86;-99.95
52133.79;-100.03
52136.72;-100.03
52139.65;-100.03
52142.58;-100.19
52145.51;-100.34
52148.44;-99.87
52151.37;-99.87
52154.30;-100.19
52157.23;-99.95
52160.16;-99.95
52163.09;-99.95
52166.02;-100.11
52168.95;-100.19
52171.88;-99.87
52174.80;-100.03
52177.73;-100.26
52180.66;-100.19
52183.59;-99.95
52186.52;-99.87
52189.45;-100.11
52192.38;-100.26
52195.31;-100.19
52198.24;-100.03
52201.17;-100.11
52204.10;-100.19
52207.03;-100.19
52209.96;-100.19
52212.89;-100.03
52215.82;-100.11
52218.75;-100.34
52221.68;-100.26
52224.61;-100.11
52227.54;-100.19
52230.47;-100.11
52233.40;-100.26
52236.33;-100.19
52239.26;-99.95
52242.19;-100.19
52245.12;-100.26
52248.05;-100.11
52250.98;-99.95
52253.91;-99.87
52256.84;-99.95
52259.77;-100.03
52262.70;-100.19
52265.63;-100.11
52268.55;-100.03
52271.48;-100.19
52274.41;-100.03
52277.34;-99.95
52280.27;-99.95
52283.20;-99.95
52286.13;-100.11
52289.06;-99.87
52291.99;-100.11
52294.92;-100.03
52297.85;-99.95
52300.78;-99.95
52303.71;-100.03
52306.64;-100.19
52309.57;-100.03
52312.50;-99.95
52315.43;-100.11
52318.36;-100.19
52321.29;-100.34
52324.22;-100.34
52327.15;-100.19
52330.08;-99.79
52333.01;-99.72
52335.94;-99.87
52338.87;-100.11
52341.80;-99.95
52344.73;-100.11
52347.66;-100.26
52350.59;-100.26
52353.52;-99.87
52356.45;-99.95
52359.38;-100.11
52362.30;-100.19
52365.23;-100.11
52368.16;-100.19
52371.09;-100.34
52374.02;-100.11
52376.95;-99.79
52379.88;-100.19
52382.81;-100.26
52385.74;-100.19
52388.67;-100.03
52391.60;-100.26
52394.53;-100.42
52397.46;-100.26
52400.39;-100.03
52403.32;-100.03
52406.25;-99.79
52409.18;-99.79
52412.11;-99.95
52415.04;-100.11
52417.97;-100.19
52420.90;-100.11
52423.83;-99.87
52426.76;-99.95
52429.69;-100.11
52432.62;-100.11
52435.55;-100.26
52438.48;-100.11
52441.41;-99.72
52444.34;-100.03
52447.27;-100.26
52450.20;-100.03
52453.13;-100.03
52456.05;-99.79
52458.98;-100.11
52461.91;-100.26
52464.84;-100.11
52467.77;-100.03
52470.70;-100.26
52473.63;-100.19
52476.56;-100.03
52479.49;-100.11
52482.42;-100.03
52485.35;-99.87
52488.28;-100.11
52491.21;-100.19
52494.14;-100.34
52497.07;-100.19
52500.00;-100.03
52502.93;-100.26
52505.86;-100.19
52508.79;-99.95
52511.72;-100.03
52514.65;-99.95
52517.58;-100.19
52520.51;-100.26
52523.44;-100.19
52526.37;-100.26
52529.30;-100.26
52532.23;-100.03
52535.16;-99.79
52538.09;-100.11
52541.02;-100.26
52543.95;-100.19
52546.88;-100.11
52549.80;-99.95
52552.73;-100.11
52555.66;-100.11
52558.59;-100.11
52561.52;-100.03
52564.45;-99.95
52567.38;-100.34
52570.31;-100.19
52573.24;-100.19
52576.17;-100.03
52579.10;-99.95
52582.03;-100.03
52584.96;-99.95
52587.89;-99.95
52590.82;-99.87
52593.75;-100.03
52596.68;-100.19
52599.61;-100.34
52602.54;-100.11
52605.47;-99.95
52608.40;-100.03
52611.33;-100.11
52614.26;-100.34
52617.19;-100.03
52620.12;-99.72
52623.05;-99.79
52625.98;-99.87
52628.91;-99.87
52631.84;-99.87
52634.77;-100.19
52637.70;-100.19
52640.63;-100.19
52643.55;-99.87
52646.48;-100.03
52649.41;-100.03
52652.34;-100.11
52655.27;-100.26
52658.20;-100.11
52661.13;-100.03
52664.06;-100.19
52666.99;-100.42
52669.92;-100.26
52672.85;-99.87
52675.78;-99.87
52678.71;-100.11
52681.64;-100.11
52684.57;-100.03
52687.50;-99.87
52690.43;-99.87
52693.36;-100.26
52696.29;-100.19
52699.22;-100.19
52702.15;-100.19
52705.08;-100.03
52708.01;-99.72
52710.94;-99.95
52713.87;-100.11
52716.80;-100.26
52719.73;-100.19
52722.66;-100.11
52725.59;-100.03
52728.52;-100.11
52731.45;-99.95
52734.38;-100.11
52737.30;-99.95
52740.23;-100.03
52743.16;-100.11
52746.09;-100.26
52749.02;-100.11
52751.95;-100.03
52754.88;-100.26
52757.81;-100.26
52760.74;-99.79
52763.67;-99.72
52766.60;-99.87
52769.53;-99.87
52772.46;-99.95
52775.39;-99.95
52778.32;-100.03
52781.25;-99.95
52784.18;-99.95
52787.11;-99.87
52790.04;-99.95
52792.97;-99.87
52795.90;-99.56
52798.83;-99.87
52801.76;-100.26
52804.69;-100.50
52807.62;-100.34
52810.55;-100.03
52813.48;-100.03
52816.41;-99.87
52819.34;-99.87
52822.27;-99.87
52825.20;-99.87
52828.13;-100.03
52831.05;-100.19
52833.98;-100.19
52836.91;-100.50
52839.84;-100.34
52842.77;-99.87
52845.70;-99.87
52848.63;-99.79
52851.56;-99.72
52854.49;-99.95
52857.42;-100.26
52860.35;-100.19
52863.28;-100.11
52866.21;-99.87
52869.14;-99.87
52872.07;-100.11
52875.00;-100.11
52877.93;-99.95
52880.86;-99.87
52883.79;-99.95
52886.72;-99.79
52889.65;-100.03
52892.58;-100.11
52895.51;-100.03
52898.44;-100.34
52901.37;-100.11
52904.30;-100.11
52907.23;-100.03
52910.16;-99.79
52913.09;-99.72
52916.02;-99.87
52918.95;-99.79
52921.88;-99.87
52924.80;-99.87
52927.73;-99.64
52930.66;-99.87
52933.59;-100.11
52936.52;-100.11
52939.45;-99.87
52942.38;-99.95
52945.31;-100.26
52948.24;-100.03
52951.17;-100.03
52954.10;-100.03
52957.03;-99.87
52959.96;-99.79
52962.89;-99.72
52965.82;-100.19
52968.75;-100.19
52971.68;-100.19
52974.61;-100.19
52977.54;-100.03
52980.47;-100.03
52983.40;-100.03
52986.33;-100.11
52989.26;-100.11
52992.19;-100.19
52995.12;-100.03
52998.05;-100.19
53000.98;-100.19
53003.91;-99.72
53006.84;-99.79
53009.77;-100.19
53012.70;-100.50
53015.63;-100.19
53018.55;-100.03
53021.48;-99.95
53024.41;-100.11
53027.34;-100.03
53030.27;-99.95
53033.20;-100.03
53036.13;-100.03
53039.06;-99.79
53041.99;-100.03
53044.92;-100.11
53047.85;-100.03
53050.78;-100.26
53053.71;-100.26
53056.64;-100.19
53059.57;-100.03
53062.50;-100.03
53065.43;-100.34
53068.36;-100.19
53071.29;-100.03
53074.22;-100.03
53077.15;-100.11
53080.08;-99.95
53083.01;-99.95
53085.94;-99.87
53088.87;-100.11
53091.80;-100.11
53094.73;-100.19
53097.66;-100.11
53100.59;-100.03
53103.52;-100.11
53106.45;-100.03
53109.38;-100.03
53112.30;-100.03
53115.23;-99.95
53118.16;-99.79
53121.09;-100.34
53124.02;-100.34
53126.95;-100.11
53129.88;-100.11
53132.81;-99.87
53135.74;-99.95
53138.67;-100.11
53141.60;-100.19
53144.53;-100.03
53147.46;-100.19
53150.39;-99.95
53153.32;-99.79
53156.25;-100.03
53159.18;-100.03
53162.11;-100.26
53165.04;-99.95
53167.97;-99.95
53170.90;-100.11
53173.83;-99.95
53176.76;-99.79
53179.69;-100.03
53182.62;-99.79
53185.55;-99.79
53188.48;-100.19
53191.41;-100.26
53194.34;-100.19
53197.27;-100.19
53200.20;-99.87
53203.13;-99.79
53206.05;-100.03
53208.98;-100.03
53211.91;-100.03
53214.84;-100.26
53217.77;-100.11
53220.70;-100.11
53223.63;-100.11
53226.56;-99.95
53229.49;-99.95
53232.42;-99.95
53235.35;-100.03
53238.28;-99.72
53241.21;-99.79
53244.14;-100.11
53247.07;-100.11
53250.00;-99.95
53252.93;-100.11
53255.86;-100.34
53258.79;-100.26
53261.72;-100.11
53264.65;-100.26
53267.58;-100.11
53270.51;-99.95
53273.44;-100.11
53276.37;-100.26
53279.30;-100.11
53282.23;-99.79
53285.16;-99.95
53288.09;-100.19
53291.02;-100.11
53293.95;-100.19
53296.88;-99.95
53299.80;-99.95
53302.73;-100.03
53305.66;-100.19
53308.59;-100.11
53311.52;-100.03
53314.45;-100.03
53317.38;-100.03
53320.31;-99.95
53323.24;-99.95
53326.17;-100.03
53329.10;-99.95
53332.03;-100.11
53334.96;-99.95
53337.89;-100.11
53340.82;-100.19
53343.75;-100.03
53346.68;-100.11
53349.61;-100.11
53352.54;-100.19
53355.47;-100.34
53358.40;-100.19
53361.33;-99.95
53364.26;-99.95
53367.19;-100.11
53370.12;-100.26
53373.05;-100.26
53375.98;-100.26
53378.91;-100.11
53381.84;-100.03
53384.77;-100.19
53387.70;-100.34
53390.63;-99.95
53393.55;-100.11
53396.48;-100.11
53399.41;-100.26
53402.34;-100.11
53405.27;-99.95
53408.20;-99.95
53411.13;-100.11
53414.06;-100.19
53416.99;-99.95
53419.92;-100.11
53422.85;-100.11
53425.78;-100.26
53428.71;-100.34
53431.64;-99.87
53434.57;-100.03
53437.50;-100.19
53440.43;-100.19
53443.36;-100.26
53446.29;-100.03
53449.22;-100.19
53452.15;-100.19
53455.08;-99.95
53458.01;-99.87
53460.94;-100.19
53463.87;-100.19
53466.80;-100.03
53469.73;-100.03
53472.66;-100.11
53475.59;-99.95
53478.52;-100.03
53481.45;-99.79
53484.38;-99.72
53487.30;-100.03
53490.23;-100.03
53493.16;-99.87
53496.09;-100.11
53499.02;-100.03
53501.95;-99.87
53504.88;-99.79
53507.81;-99.72
53510.74;-99.95
53513.67;-100.11
53516.60;-100.03
53519.53;-100.26
53522.46;-100.19
53525.39;-100.03
53528.32;-100.26
53531.25;-100.34
53534.18;-100.11
53537.11;-99.87
53540.04;-100.19
53542.97;-100.34
53545.90;-100.19
53548.83;-100.26
53551.76;-100.11
53554.69;-100.03
53557.62;-100.11
53560.55;-100.03
53563.48;-100.11
53566.41;-100.03
53569.34;-100.11
53572.27;-100.03
53575.20;-100.34
53578.13;-100.03
53581.05;-100.03
53583.98;-100.03
53586.91;-100.03
53589.84;-99.72
53592.77;-100.03
53595.70;-100.11
53598.63;-100.03
53601.56;-99.87
53604.49;-99.95
53607.42;-99.95
53610.35;-99.95
53613.28;-99.95
53616.21;-100.03
53619.14;-100.11
53622.07;-100.11
53625.00;-100.11
53627.93;-100.03
53630.86;-100.11
53633.79;-100.03
53636.72;-99.79
53639.65;-99.79
53642.58;-99.87
53645.51;-99.95
53648.44;-100.11
53651.37;-99.95
53654.30;-99.95
53657.23;-99.79
53660.16;-99.72
53663.09;-100.19
53666.02;-100.34
53668.95;-100.11
53671.88;-100.03
53674.80;-100.19
53677.73;-100.11
53680.66;-100.11
53683.59;-100.11
53686.52;-99.95
53689.45;-100.19
53692.38;-99.87
53695.31;-99.95
53698.24;-100.11
53701.17;-100.34
53704.10;-100.34
53707.03;-100.03
53709.96;-100.19
53712.89;-100.11
53715.82;-100.03
53718.75;-99.87
53721.68;-100.03
53724.61;-100.11
53727.54;-100.03
53730.47;-99.79
53733.40;-99.95
53736.33;-100.19
53739.26;-100.34
53742.19;-100.19
53745.12;-99.95
53748.05;-100.03
53750.98;-100.19
53753.91;-100.19
53756.84;-100.11
53759.77;-99.87
53762.70;-99.95
53765.63;-99.79
53768.55;-99.64
53771.48;-99.79
53774.41;-99.95
53777.34;-99.95
53780.27;-99.95
53783.20;-100.03
53786.13;-100.26
53789.06;-100.26
53791.99;-100.26
53794.92;-99.95
53797.85;-99.79
53800.78;-99.87
53803.71;-100.03
53806.64;-99.95
53809.57;-99.79
53812.50;-99.87
53815.43;-100.03
53818.36;-100.19
53821.29;-100.19
53824.22;-100.26
53827.15;-100.26
53830.08;-100.03
53833.01;-99.72
53835.94;-99.79
53838.87;-100.03
53841.80;-100.11
53844.73;-100.03
53847.66;-100.26
53850.59;-100.03
53853.52;-99.95
53856.45;-99.95
53859.38;-99.79
53862.30;-100.03
53865.23;-100.11
53868.16;-100.11
53871.09;-100.19
53874.02;-100.26
53876.95;-100.19
53879.88;-100.03
53882.81;-100.19
53885.74;-99.95
53888.67;-99.87
53891.60;-99.95
53894.53;-100.03
53897.46;-100.03
53900.39;-100.19
53903.32;-100.11
53906.25;-100.11
53909.18;-100.11
53912.11;-100.26
53915.04;-100.19
53917.97;-99.72
53920.90;-100.03
53923.83;-100.19
53926.76;-99.95
53929.69;-100.03
53932.62;-100.03
53935.55;-100.11
53938.48;-100.11
53941.41;-100.34
53944.34;-99.95
53947.27;-99.79
53950.20;-99.95
53953.13;-99.95
53956.05;-100.11
53958.98;-100.19
53961.91;-100.19
53964.84;-100.11
53967.77;-100.11
53970.70;-100.03
53973.63;-99.79
53976.56;-99.87
53979.49;-100.26
53982.42;-100.03
53985.35;-99.64
53988.28;-99.79
53991.21;-100.03
53994.14;-100.26
53997.07;-100.34
54000.00;-100.19
54002.93;-100.03
54005.86;-99.95
54008.79;-100.11
54011.72;-100.11
54014.65;-100.11
54017.58;-99.95
54020.51;-100.11
54023.44;-100.19
54026.37;-100.19
54029.30;-100.11
54032.23;-99.95
54035.16;-100.03
54038.09;-100.19
54041.02;-100.11
54043.95;-100.19
54046.88;-100.03
54049.80;-100.03
54052.73;-100.11
54055.66;-100.19
54058.59;-100.11
54061.52;-99.95
54064.45;-100.03
54067.38;-100.03
54070.31;-100.11
54073.24;-99.79
54076.17;-99.79
54079.10;-100.03
54082.03;-99.95
54084.96;-100.03
54087.89;-100.19
54090.82;-100.11
54093.75;-100.19
54096.68;-100.34
54099.61;-100.11
54102.54;-100.03
54105.47;-100.03
54108.40;-100.11
54111.33;-100.26
54114.26;-100.03
54117.19;-100.03
54120.12;-100.26
54123.05;-99.95
54125.98;-100.03
54128.91;-100.34
54131.84;-100.03
54134.77;-99.87
54137.70;-99.87
54140.63;-100.19
54143.55;-100.26
54146.48;-100.19
54149.41;-100.03
54152.34;-100.03
54155.27;-99.95
54158.20;-100.03
54161.13;-100.19
54164.06;-100.19
54166.99;-99.79
54169.92;-99.79
54172.85;-99.79
54175.78;-99.72
54178.71;-99.95
54181.64;-100.26
54184.57;-100.19
54187.50;-100.11
54190.43;-100.03
54193.36;-100.19
54196.29;-100.11
54199.22;-100.03
54202.15;-100.26
54205.08;-100.11
54208.01;-100.11
54210.94;-100.26
54213.87;-100.11
54216.80;-100.11
54219.73;-100.26
54222.66;-100.11
54225.59;-100.26
54228.52;-100.26
54231.45;-100.26
54234.38;-100.26
54237.30;-100.19
54240.23;-100.26
54243.16;-100.19
54246.09;-99.87
54249.02;-99.95
54251.95;-100.19
54254.88;-100.26
54257.81;-100.34
54260.74;-100.11
54263.67;-100.19
54266.60;-100.34
54269.53;-100.34
54272.46;-100.34
54275.39;-100.34
54278.32;-100.34
54281.25;-100.19
54284.18;-100.11
54287.11;-99.95
54290.04;-99.95
54292.97;-99.95
54295.90;-100.11
54298.83;-100.19
54301.76;-100.03
54304.69;-100.03
54307.62;-100.03
54310.55;-99.95
54313.48;-99.95
54316.41;-99.79
54319.34;-99.79
54322.27;-100.03
54325.20;-100.11
54328.13;-100.03
54331.05;-100.19
54333.98;-99.87
54336.91;-99.95
54339.84;-99.87
54342.77;-99.72
54345.70;-100.03
54348.63;-100.19
54351.56;-100.11
54354.49;-99.95
54357.42;-99.64
54360.35;-99.87
54363.28;-100.11
54366.21;-100.03
54369.14;-100.26
54372.07;-100.19
54375.00;-100.11
54377.93;-99.79
54380.86;-99.64
54383.79;-99.72
54386.72;-100.19
54389.65;-100.34
54392.58;-99.95
54395.51;-99.79
54398.44;-99.95
54401.37;-99.87
54404.30;-99.95
54407.23;-100.03
54410.16;-99.72
54413.09;-99.87
54416.02;-99.95
54418.95;-99.95
54421.88;-100.26
54424.80;-100.26
54427.73;-99.72
54430.66;-99.79
54433.59;-99.95
54436.52;-100.03
54439.45;-100.11
54442.38;-100.03
54445.31;-100.11
54448.24;-100.19
54451.17;-100.11
54454.10;-100.11
54457.03;-99.79
54459.96;-99.56
54462.89;-99.95
54465.82;-100.03
54468.75;-100.11
54471.68;-99.87
54474.61;-99.79
54477.54;-99.87
54480.47;-100.03
54483.40;-100.03
54486.33;-100.11
54489.26;-100.11
54492.19;-100.03
54495.12;-100.11
54498.05;-100.11
54500.98;-99.95
54503.91;-99.72
54506.84;-99.95
54509.77;-100.19
54512.70;-99.95
54515.63;-99.87
54518.55;-99.95
54521.48;-99.79
54524.41;-99.64
54527.34;-99.87
54530.27;-99.95
54533.20;-99.95
54536.13;-100.03
54539.06;-100.11
54541.99;-99.95
54544.92;-100.11
54547.85;-99.95
54550.78;-99.87
54553.71;-100.11
54556.64;-99.95
54559.57;-99.95
54562.50;-99.87
54565.43;-99.87
54568.36;-99.87
54571.29;-100.26
54574.22;-100.03
54577.15;-99.64
54580.08;-99.95
54583.01;-100.19
54585.94;-100.34
54588.87;-100.50
54591.80;-100.19
54594.73;-100.03
54597.66;-99.87
54600.59;-99.64
54603.52;-99.72
54606.45;-100.03
54609.38;-99.95
54612.30;-99.95
54615.23;-99.95
54618.16;-99.95
54621.09;-99.95
54624.02;-100.11
54626.95;-100.03
54629.88;-100.03
54632.81;-100.11
54635.74;-100.11
54638.67;-99.79
54641.60;-99.79
54644.53;-99.72
54647.46;-99.79
54650.39;-99.64
54653.32;-99.64
54656.25;-99.64
54659.18;-99.56
54662.11;-99.79
54665.04;-99.79
54667.97;-99.95
54670.90;-99.95
54673.83;-100.03
54676.76;-100.03
54679.69;-99.87
54682.62;-100.03
54685.55;-100.11
54688.48;-99.95
54691.41;-99.79
54694.34;-99.72
54697.27;-99.87
54700.20;-99.79
54703.13;-99.79
54706.05;-100.19
54708.98;-100.19
54711.91;-99.95
54714.84;-99.87
54717.77;-100.03
54720.70;-100.11
54723.63;-100.03
54726.56;-100.03
54729.49;-100.11
54732.42;-100.26
54735.35;-100.19
54738.28;-99.95
54741.21;-100.11
54744.14;-99.95
54747.07;-99.79
54750.00;-99.87
54752.93;-100.19
54755.86;-100.11
54758.79;-99.87
54761.72;-99.72
54764.65;-99.79
54767.58;-99.72
54770.51;-99.72
54773.44;-99.72
54776.37;-99.95
54779.30;-100.19
54782.23;-100.34
54785.16;-99.64
54788.09;-99.79
54791.02;-100.03
54793.95;-99.72
54796.88;-100.11
54799.80;-100.19
54802.73;-100.34
54805.66;-100.34
54808.59;-99.72
54811.52;-99.79
54814.45;-100.11
54817.38;-100.03
54820.31;-100.03
54823.24;-100.11
54826.17;-100.19
54829.10;-99.95
54832.03;-99.95
54834.96;-99.95
54837.89;-99.95
54840.82;-99.95
54843.75;-99.72
54846.68;-99.56
54849.61;-99.72
54852.54;-99.95
54855.47;-100.11
54858.40;-100.26
54861.33;-100.34
54864.26;-99.95
54867.19;-99.72
54870.12;-99.79
54873.05;-100.03
54875.98;-99.87
54878.91;-99.95
54881.84;-100.19
54884.77;-99.79
54887.70;-99.64
54890.63;-99.95
54893.55;-100.11
54896.48;-100.19
54899.41;-100.19
54902.34;-100.26
54905.27;-100.19
54908.20;-99.79
54911.13;-100.26
54914.06;-100.19
54916.99;-100.19
54919.92;-100.11
54922.85;-99.95
54925.78;-99.95
54928.71;-99.87
54931.64;-99.64
54934.57;-99.79
54937.50;-100.03
54940.43;-100.11
54943.36;-100.11
54946.29;-100.19
54949.22;-99.87
54952.15;-100.11
54955.08;-100.26
54958.01;-99.95
54960.94;-99.79
54963.87;-99.87
54966.80;-100.11
54969.73;-99.87
54972.66;-100.11
54975.59;-99.87
54978.52;-99.79
54981.45;-99.95
54984.38;-100.26
54987.30;-99.87
54990.23;-99.87
54993.16;-99.95
54996.09;-99.79
54999.02;-100.03
55001.95;-100.11
55004.88;-100.26
55007.81;-99.95
55010.74;-100.11
55013.67;-99.87
55016.60;-99.95
55019.53;-100.03
55022.46;-99.79
55025.39;-100.03
55028.32;-100.03
55031.25;-99.87
55034.18;-100.11
55037.11;-100.42
55040.04;-100.26
55042.97;-99.87
55045.90;-99.95
55048.83;-100.19
55051.76;-100.26
55054.69;-100.03
55057.62;-99.64
55060.55;-99.72
55063.48;-100.11
55066.41;-100.11
55069.34;-100.11
55072.27;-99.79
55075.20;-99.72
55078.13;-100.03
55081.05;-100.34
55083.98;-100.26
55086.91;-99.87
55089.84;-100.11
55092.77;-100.03
55095.70;-99.87
55098.63;-99.95
55101.56;-100.03
55104.49;-99.87
55107.42;-99.72
55110.35;-99.72
55113.28;-99.87
55116.21;-100.34
55119.14;-100.19
55122.07;-99.87
55125.00;-99.95
55127.93;-99.95
55130.86;-100.19
55133.79;-100.03
55136.72;-100.03
55139.65;-99.95
55142.58;-99.72
55145.51;-99.79
55148.44;-99.72
55151.37;-99.95
55154.30;-99.79
55157.23;-99.72
55160.16;-100.11
55163.09;-100.19
55166.02;-100.11
55168.95;-100.11
55171.88;-100.11
55174.80;-100.03
55177.73;-100.03
55180.66;-100.03
55183.59;-100.11
55186.52;-100.26
55189.45;-100.03
55192.38;-99.87
55195.31;-99.72
55198.24;-99.64
55201.17;-100.11
55204.10;-99.95
55207.03;-99.79
55209.96;-100.11
55212.89;-99.87
55215.82;-99.79
55218.75;-99.87
55221.68;-99.72
55224.61;-99.87
55227.54;-100.03
55230.47;-99.95
55233.40;-99.79
55236.33;-100.19
55239.26;-100.11
55242.19;-99.79
55245.12;-100.03
55248.05;-100.03
55250.98;-100.03
55253.91;-100.03
55256.84;-99.95
55259.77;-99.79
55262.70;-99.87
55265.63;-99.87
55268.55;-100.03
55271.48;-99.95
55274.41;-99.79
55277.34;-99.87
55280.27;-99.95
55283.20;-99.79
55286.13;-99.87
55289.06;-99.87
55291.99;-100.26
55294.92;-100.34
55297.85;-99.95
55300.78;-99.95
55303.71;-100.11
55306.64;-100.03
55309.57;-100.03
55312.50;-99.79
55315.43;-99.95
55318.36;-100.11
55321.29;-100.11
55324.22;-100.19
55327.15;-99.87
55330.08;-99.79
55333.01;-99.87
55335.94;-99.64
55338.87;-99.79
55341.80;-99.79
55344.73;-99.87
55347.66;-100.11
55350.59;-99.79
55353.52;-99.87
55356.45;-99.87
55359.38;-99.95
55362.30;-100.11
55365.23;-100.19
55368.16;-100.19
55371.09;-99.79
55374.02;-99.56
55376.95;-99.56
55379.88;-99.79
55382.81;-99.87
55385.74;-99.95
55388.67;-99.87
55391.60;-100.11
55394.53;-100.11
55397.46;-99.87
55400.39;-99.87
55403.32;-99.79
55406.25;-99.87
55409.18;-99.95
55412.11;-99.79
55415.04;-99.72
55417.97;-99.79
55420.90;-99.72
55423.83;-99.64
55426.76;-99.79
55429.69;-100.11
55432.62;-100.11
55435.55;-100.26
55438.48;-100.11
55441.41;-99.87
55444.34;-100.03
55447.27;-100.11
55450.20;-100.11
55453.13;-100.19
55456.05;-100.11
55458.98;-100.19
55461.91;-100.26
55464.84;-100.26
55467.77;-100.19
55470.70;-99.87
55473.63;-99.79
55476.56;-99.87
55479.49;-99.79
55482.42;-100.03
55485.35;-100.11
55488.28;-99.95
55491.21;-99.95
55494.14;-100.11
55497.07;-100.03
55500.00;-99.79
55502.93;-100.11
55505.86;-100.11
55508.79;-99.87
55511.72;-99.95
55514.65;-99.95
55517.58;-99.87
55520.51;-99.87
55523.44;-100.11
55526.37;-100.03
55529.30;-100.19
55532.23;-100.26
55535.16;-100.03
55538.09;-100.11
55541.02;-100.34
55543.95;-100.26
55546.88;-99.95
55549.80;-99.87
55552.73;-100.03
55555.66;-99.95
55558.59;-99.95
55561.52;-99.95
55564.45;-99.95
55567.38;-99.64
55570.31;-99.64
55573.24;-99.72
55576.17;-99.72
55579.10;-99.95
55582.03;-99.87
55584.96;-99.79
55587.89;-100.11
55590.82;-100.19
55593.75;-99.95
55596.68;-99.79
55599.61;-99.79
55602.54;-100.11
55605.47;-99.87
55608.40;-99.79
55611.33;-100.19
55614.26;-100.03
55617.19;-99.87
55620.12;-99.95
55623.05;-100.03
55625.98;-100.19
55628.91;-100.19
55631.84;-100.11
55634.77;-100.11
55637.70;-100.03
55640.63;-100.03
55643.55;-100.03
55646.48;-99.87
55649.41;-99.87
55652.34;-99.56
55655.27;-99.72
55658.20;-99.87
55661.13;-99.87
55664.06;-100.03
55666.99;-100.03
55669.92;-99.72
55672.85;-99.95
55675.78;-99.95
55678.71;-99.87
55681.64;-99.87
55684.57;-99.79
55687.50;-100.03
55690.43;-99.95
55693.36;-99.72
55696.29;-99.95
55699.22;-99.95
55702.15;-99.79
55705.08;-99.79
55708.01;-99.95
55710.94;-99.87
55713.87;-100.03
55716.80;-100.11
55719.73;-100.11
55722.66;-100.03
55725.59;-100.11
55728.52;-100.19
55731.45;-100.11
55734.38;-100.03
55737.30;-100.03
55740.23;-100.03
55743.16;-99.95
55746.09;-99.87
55749.02;-99.79
55751.95;-99.95
55754.88;-99.87
55757.81;-99.95
55760.74;-99.95
55763.67;-99.95
55766.60;-99.95
55769.53;-99.87
55772.46;-100.03
55775.39;-100.19
55778.32;-100.03
55781.25;-99.95
55784.18;-99.95
55787.11;-99.95
55790.04;-100.11
55792.97;-99.95
55795.90;-99.79
55798.83;-99.72
55801.76;-99.79
55804.69;-100.03
55807.62;-99.95
55810.55;-99.95
55813.48;-100.03
55816.41;-99.72
55819.34;-99.95
55822.27;-100.03
55825.20;-99.87
55828.13;-100.03
55831.05;-100.03
55833.98;-99.95
55836.91;-100.11
55839.84;-100.42
55842.77;-100.34
55845.70;-99.95
55848.63;-99.87
55851.56;-100.03
55854.49;-100.11
55857.42;-100.11
55860.35;-99.87
55863.28;-99.95
55866.21;-99.64
55869.14;-99.79
55872.07;-100.11
55875.00;-99.95
55877.93;-100.11
55880.86;-100.03
55883.79;-99.87
55886.72;-99.79
55889.65;-99.64
55892.58;-99.64
55895.51;-99.87
55898.44;-99.95
55901.37;-99.79
55904.30;-99.64
55907.23;-99.79
55910.16;-100.03
55913.09;-100.26
55916.02;-100.19
55918.95;-99.95
55921.88;-100.03
55924.80;-99.95
55927.73;-99.79
55930.66;-100.19
55933.59;-100.03
55936.52;-100.11
55939.45;-100.11
55942.38;-99.72
55945.31;-99.64
55948.24;-99.79
55951.17;-99.79
55954.10;-99.87
55957.03;-99.79
55959.96;-99.79
55962.89;-99.79
55965.82;-100.11
55968.75;-100.34
55971.68;-100.26
55974.61;-100.11
55977.54;-99.87
55980.47;-100.03
55983.40;-99.95
55986.33;-99.87
55989.26;-99.95
55992.19;-100.03
55995.12;-100.11
55998.05;-99.87
56000.98;-99.95
56003.91;-99.79
56006.84;-99.72
56009.77;-99.87
56012.70;-99.79
56015.63;-100.03
56018.55;-100.03
56021.48;-99.79
56024.41;-99.95
56027.34;-100.26
56030.27;-100.19
56033.20;-99.95
56036.13;-100.11
56039.06;-100.03
56041.99;-99.95
56044.92;-100.11
56047.85;-100.26
56050.78;-100.34
56053.71;-100.03
56056.64;-99.79
56059.57;-99.87
56062.50;-99.95
56065.43;-100.03
56068.36;-99.95
56071.29;-99.72
56074.22;-99.95
56077.15;-99.95
56080.08;-99.87
56083.01;-99.95
56085.94;-100.19
56088.87;-99.87
56091.80;-99.72
56094.73;-99.79
56097.66;-99.87
56100.59;-99.87
56103.52;-100.03
56106.45;-99.95
56109.38;-100.03
56112.30;-100.11
56115.23;-100.03
56118.16;-99.95
56121.09;-99.95
56124.02;-99.87
56126.95;-99.79
56129.88;-99.79
56132.81;-100.03
56135.74;-100.03
56138.67;-100.03
56141.60;-100.11
56144.53;-99.87
56147.46;-99.95
56150.39;-99.95
56153.32;-99.95
56156.25;-100.19
56159.18;-100.26
56162.11;-99.95
56165.04;-99.95
56167.97;-99.95
56170.90;-99.95
56173.83;-99.95
56176.76;-99.95
56179.69;-99.87
56182.62;-99.87
56185.55;-100.11
56188.48;-99.87
56191.41;-99.95
56194.34;-100.03
56197.27;-100.11
56200.20;-100.11
56203.13;-99.79
56206.05;-99.79
56208.98;-99.95
56211.91;-100.11
56214.84;-100.03
56217.77;-100.19
56220.70;-100.26
56223.63;-100.19
56226.56;-100.03
56229.49;-99.95
56232.42;-100.34
56235.35;-100.34
56238.28;-99.95
56241.21;-99.95
56244.14;-100.11
56247.07;-100.26
56250.00;-100.19
56252.93;-99.95
56255.86;-99.87
56258.79;-99.87
56261.72;-99.95
56264.65;-100.03
56267.58;-100.19
56270.51;-100.26
56273.44;-100.19
56276.37;-99.79
56279.30;-99.87
56282.23;-100.11
56285.16;-99.72
56288.09;-99.79
56291.02;-99.64
56293.95;-99.87
56296.88;-99.95
56299.80;-100.11
56302.73;-100.11
56305.66;-99.87
56308.59;-99.95
56311.52;-99.95
56314.45;-100.03
56317.38;-99.87
56320.31;-99.95
56323.24;-99.87
56326.17;-100.03
56329.10;-100.19
56332.03;-100.19
56334.96;-100.03
56337.89;-99.87
56340.82;-99.79
56343.75;-100.03
56346.68;-100.03
56349.61;-100.03
56352.54;-100.26
56355.47;-100.26
56358.40;-99.72
56361.33;-99.64
56364.26;-99.95
56367.19;-99.95
56370.12;-99.87
56373.05;-99.79
56375.98;-99.87
56378.91;-100.03
56381.84;-100.11
56384.77;-100.11
56387.70;-100.03
56390.63;-99.72
56393.55;-99.79
56396.48;-99.95
56399.41;-100.11
56402.34;-99.95
56405.27;-99.87
56408.20;-99.95
56411.13;-99.87
56414.06;-99.64
56416.99;-99.56
56419.92;-100.03
56422.85;-100.03
56425.78;-99.95
56428.71;-99.79
56431.64;-99.79
56434.57;-100.03
56437.50;-99.95
56440.43;-100.26
56443.36;-100.26
56446.29;-100.03
56449.22;-100.03
56452.15;-99.87
56455.08;-100.03
56458.01;-100.19
56460.94;-100.34
56463.87;-99.95
56466.80;-99.87
56469.73;-99.95
56472.66;-100.11
56475.59;-99.72
56478.52;-99.79
56481.45;-100.26
56484.38;-99.95
56487.30;-99.79
56490.23;-99.87
56493.16;-100.03
56496.09;-99.87
56499.02;-99.87
56501.95;-100.19
56504.88;-100.19
56507.81;-100.11
56510.74;-99.72
56513.67;-99.64
56516.60;-99.79
56519.53;-99.95
56522.46;-100.11
56525.39;-100.11
56528.32;-100.03
56531.25;-100.03
56534.18;-99.95
56537.11;-100.03
56540.04;-100.26
56542.97;-100.42
56545.90;-100.42
56548.83;-100.03
56551.76;-100.11
56554.69;-100.11
56557.62;-99.87
56560.55;-99.72
56563.48;-99.48
56566.41;-99.64
56569.34;-99.79
56572.27;-99.79
56575.20;-99.87
56578.13;-99.95
56581.05;-100.11
56583.98;-100.03
56586.91;-99.95
56589.84;-99.79
56592.77;-99.64
56595.70;-99.72
56598.63;-99.87
56601.56;-99.87
56604.49;-99.87
56607.42;-99.95
56610.35;-99.95
56613.28;-99.95
56616.21;-99.95
56619.14;-99.87
56622.07;-99.72
56625.00;-99.87
56627.93;-99.79
56630.86;-99.87
56633.79;-99.64
56636.72;-99.64
56639.65;-99.95
56642.58;-99.87
56645.51;-99.95
56648.44;-99.95
56651.37;-99.64
56654.30;-99.79
56657.23;-100.03
56660.16;-100.11
56663.09;-100.03
56666.02;-100.03
56668.95;-100.03
56671.88;-100.03
56674.80;-99.87
56677.73;-99.87
56680.66;-99.95
56683.59;-99.87
56686.52;-100.03
56689.45;-100.03
56692.38;-100.11
56695.31;-100.03
56698.24;-99.87
56701.17;-99.79
56704.10;-99.79
56707.03;-99.87
56709.96;-99.95
56712.89;-100.19
56715.82;-100.11
56718.75;-99.72
56721.68;-99.87
56724.61;-99.87
56727.54;-99.87
56730.47;-99.87
56733.40;-99.64
56736.33;-99.56
56739.26;-99.87
56742.19;-99.95
56745.12;-100.11
56748.05;-99.87
56750.98;-99.72
56753.91;-99.87
56756.84;-99.95
56759.77;-99.95
56762.70;-100.19
56765.63;-99.95
56768.55;-100.03
56771.48;-99.87
56774.41;-99.64
56777.34;-99.87
56780.27;-99.72
56783.20;-99.72
56786.13;-99.79
56789.06;-99.64
56791.99;-99.87
56794.92;-99.64
56797.85;-99.72
56800.78;-99.72
56803.71;-100.03
56806.64;-99.95
56809.57;-99.87
56812.50;-99.64
56815.43;-99.87
56818.36;-99.72
56821.29;-99.79
56824.22;-99.87
56827.15;-99.79
56830.08;-99.64
56833.01;-99.79
56835.94;-99.56
56838.87;-99.56
56841.80;-99.72
56844.73;-99.64
56847.66;-99.72
56850.59;-99.72
56853.52;-99.64
56856.45;-99.72
56859.38;-99.87
56862.30;-100.11
56865.23;-100.03
56868.16;-100.19
56871.09;-100.19
56874.02;-100.11
56876.95;-99.79
56879.88;-100.03
56882.81;-100.11
56885.74;-100.26
56888.67;-100.19
56891.60;-100.19
56894.53;-99.72
56897.46;-99.87
56900.39;-99.87
56903.32;-100.11
56906.25;-99.79
56909.18;-99.72
56912.11;-99.79
56915.04;-99.79
56917.97;-100.03
56920.90;-99.95
56923.83;-100.03
56926.76;-100.19
56929.69;-99.87
56932.62;-99.87
56935.55;-100.03
56938.48;-100.03
56941.41;-99.87
56944.34;-99.64
56947.27;-99.79
56950.20;-99.87
56953.13;-99.87
56956.05;-100.11
56958.98;-100.03
56961.91;-100.11
56964.84;-100.26
56967.77;-100.03
56970.70;-99.79
56973.63;-99.87
56976.56;-99.95
56979.49;-99.87
56982.42;-99.72
56985.35;-99.72
56988.28;-100.03
56991.21;-100.11
56994.14;-100.11
56997.07;-99.79
57000.00;-99.64
57002.93;-99.87
57005.86;-100.03
57008.79;-100.26
57011.72;-99.79
57014.65;-99.48
57017.58;-99.64
57020.51;-99.72
57023.44;-99.87
57026.37;-100.03
57029.30;-100.19
57032.23;-99.87
57035.16;-99.64
57038.09;-99.79
57041.02;-99.87
57043.95;-99.95
57046.88;-100.26
57049.80;-99.95
57052.73;-99.64
57055.66;-100.03
57058.59;-100.19
57061.52;-100.11
57064.45;-99.72
57067.38;-99.79
57070.31;-99.87
57073.24;-99.72
57076.17;-99.87
57079.10;-99.79
57082.03;-99.72
57084.96;-99.79
57087.89;-99.95
57090.82;-100.03
57093.75;-100.11
57096.68;-99.72
57099.61;-99.79
57102.54;-100.03
57105.47;-99.87
57108.40;-99.87
57111.33;-100.11
57114.26;-100.03
57117.19;-99.95
57120.12;-100.03
57123.05;-99.95
57125.98;-99.95
57128.91;-100.03
57131.84;-99.72
57134.77;-99.87
57137.70;-99.79
57140.63;-99.87
57143.55;-100.03
57146.48;-100.03
57149.41;-99.56
57152.34;-99.48
57155.27;-99.72
57158.20;-99.87
57161.13;-100.03
57164.06;-100.11
57166.99;-99.64
57169.92;-99.87
57172.85;-100.19
57175.78;-99.95
57178.71;-99.79
57181.64;-99.95
57184.57;-99.87
57187.50;-99.64
57190.43;-99.87
57193.36;-99.95
57196.29;-99.87
57199.22;-99.87
57202.15;-99.95
57205.08;-99.95
57208.01;-99.72
57210.94;-99.79
57213.87;-99.95
57216.80;-100.03
57219.73;-100.03
57222.66;-100.03
57225.59;-100.11
57228.52;-100.03
57231.45;-99.72
57234.38;-100.03
57237.30;-100.19
57240.23;-100.03
57243.16;-99.79
57246.09;-100.03
57249.02;-100.19
57251.95;-100.11
57254.88;-99.95
57257.81;-100.03
57260.74;-100.11
57263.67;-99.95
57266.60;-99.64
57269.53;-99.87
57272.46;-100.03
57275.39;-100.03
57278.32;-99.95
57281.25;-100.03
57284.18;-100.11
57287.11;-100.19
57290.04;-100.03
57292.97;-100.03
57295.90;-100.03
57298.83;-99.87
57301.76;-99.64
57304.69;-99.79
57307.62;-100.03
57310.55;-99.95
57313.48;-100.03
57316.41;-99.95
57319.34;-99.87
57322.27;-100.03
57325.20;-100.03
57328.13;-99.95
57331.05;-99.79
57333.98;-99.79
57336.91;-99.64
57339.84;-99.79
57342.77;-99.95
57345.70;-99.95
57348.63;-99.64
57351.56;-99.40
57354.49;-99.64
57357.42;-99.64
57360.35;-99.79
57363.28;-99.87
57366.21;-100.03
57369.14;-99.95
57372.07;-100.11
57375.00;-99.87
57377.93;-99.72
57380.86;-99.95
57383.79;-99.95
57386.72;-99.79
57389.65;-99.87
57392.58;-100.03
57395.51;-100.03
57398.44;-99.87
57401.37;-99.64
57404.30;-99.72
57407.23;-99.87
57410.16;-99.95
57413.09;-100.03
57416.02;-100.19
57418.95;-99.87
57421.88;-99.72
57424.80;-99.79
57427.73;-100.03
57430.66;-100.19
57433.59;-99.95
57436.52;-99.95
57439.45;-99.79
57442.38;-99.72
57445.31;-100.11
57448.24;-100.19
57451.17;-100.11
57454.10;-99.79
57457.03;-99.95
57459.96;-100.03
57462.89;-99.79
57465.82;-99.87
57468.75;-99.95
57471.68;-99.87
57474.61;-99.95
57477.54;-100.03
57480.47;-100.03
57483.40;-100.03
57486.33;-100.03
57489.26;-100.11
57492.19;-99.95
57495.12;-100.11
57498.05;-99.79
57500.98;-99.79
57503.91;-100.11
57506.84;-99.95
57509.77;-99.87
57512.70;-99.87
57515.63;-99.72
57518.55;-99.79
57521.48;-99.72
57524.41;-99.87
57527.34;-100.19
57530.27;-100.03
57533.20;-100.03
57536.13;-100.03
57539.06;-99.95
57541.99;-100.03
57544.92;-100.11
57547.85;-99.95
57550.78;-100.11
57553.71;-100.03
57556.64;-100.11
57559.57;-100.19
57562.50;-100.03
57565.43;-99.79
57568.36;-99.72
57571.29;-100.11
57574.22;-99.64
57577.15;-99.56
57580.08;-99.79
57583.01;-99.87
57585.94;-99.87
57588.87;-99.87
57591.80;-100.11
57594.73;-100.03
57597.66;-100.19
57600.59;-100.26
57603.52;-100.11
57606.45;-100.19
57609.38;-99.87
57612.30;-99.95
57615.23;-99.87
57618.16;-99.72
57621.09;-99.95
57624.02;-100.19
57626.95;-100.03
57629.88;-99.79
57632.81;-99.87
57635.74;-100.03
57638.67;-99.79
57641.60;-99.87
57644.53;-99.95
57647.46;-99.95
57650.39;-99.95
57653.32;-100.03
57656.25;-99.79
57659.18;-99.95
57662.11;-100.03
57665.04;-100.11
57667.97;-99.79
57670.90;-100.11
57673.83;-100.19
57676.76;-99.72
57679.69;-99.87
57682.62;-99.95
57685.55;-99.95
57688.48;-99.95
57691.41;-99.79
57694.34;-99.87
57697.27;-100.03
57700.20;-100.11
57703.13;-100.11
57706.05;-99.95
57708.98;-99.87
57711.91;-99.79
57714.84;-99.79
57717.77;-99.87
57720.70;-100.03
57723.63;-100.03
57726.56;-100.03
57729.49;-99.95
57732.42;-99.79
57735.35;-99.87
57738.28;-99.87
57741.21;-99.79
57744.14;-99.56
57747.07;-99.87
57750.00;-99.95
57752.93;-99.95
57755.86;-99.87
57758.79;-99.95
57761.72;-100.19
57764.65;-100.11
57767.58;-99.95
57770.51;-100.11
57773.44;-100.03
57776.37;-99.95
57779.30;-100.03
57782.23;-99.87
57785.16;-99.87
57788.09;-100.03
57791.02;-100.19
57793.95;-99.87
57796.88;-99.79
57799.80;-100.03
57802.73;-100.26
57805.66;-99.87
57808.59;-99.95
57811.52;-99.95
57814.45;-99.79
57817.38;-100.11
57820.31;-100.11
57823.24;-99.87
57826.17;-99.95
57829.10;-99.95
57832.03;-99.79
57834.96;-99.48
57837.89;-99.87
57840.82;-100.11
57843.75;-100.11
57846.68;-100.03
57849.61;-99.95
57852.54;-99.79
57855.47;-99.79
57858.40;-99.95
57861.33;-100.03
57864.26;-100.26
57867.19;-100.19
57870.12;-99.87
57873.05;-100.03
57875.98;-100.03
57878.91;-99.79
57881.84;-99.79
57884.77;-100.11
57887.70;-99.95
57890.63;-99.95
57893.55;-100.19
57896.48;-100.03
57899.41;-99.79
57902.34;-99.79
57905.27;-100.11
57908.20;-99.95
57911.13;-99.79
57914.06;-99.95
57916.99;-99.95
57919.92;-99.87
57922.85;-100.03
57925.78;-99.87
57928.71;-99.95
57931.64;-100.03
57934.57;-99.95
57937.50;-99.72
57940.43;-99.72
57943.36;-99.87
57946.29;-100.26
57949.22;-100.11
57952.15;-99.79
57955.08;-99.64
57958.01;-99.72
57960.94;-99.87
57963.87;-100.03
57966.80;-100.03
57969.73;-100.11
57972.66;-99.95
57975.59;-99.79
57978.52;-99.95
57981.45;-100.03
57984.38;-100.11
57987.30;-100.03
57990.23;-99.95
57993.16;-99.87
57996.09;-99.87
57999.02;-99.56
58001.95;-99.64
58004.88;-99.79
58007.81;-99.87
58010.74;-100.03
58013.67;-99.87
58016.60;-99.87
58019.53;-100.03
58022.46;-100.03
58025.39;-99.95
58028.32;-99.95
58031.25;-100.03
58034.18;-100.03
58037.11;-100.11
58040.04;-99.87
58042.97;-99.72
58045.90;-99.95
58048.83;-100.11
58051.76;-99.87
58054.69;-99.79
58057.62;-99.72
58060.55;-99.64
58063.48;-99.87
58066.41;-99.79
58069.34;-99.79
58072.27;-100.19
58075.20;-100.03
58078.13;-100.03
58081.05;-99.87
58083.98;-99.79
58086.91;-99.79
58089.84;-99.79
58092.77;-99.95
58095.70;-100.19
58098.63;-100.19
58101.56;-100.03
58104.49;-100.11
58107.42;-99.95
58110.35;-99.79
58113.28;-99.87
58116.21;-100.11
58119.14;-99.87
58122.07;-99.79
58125.00;-99.79
58127.93;-99.79
58130.86;-99.72
58133.79;-99.56
58136.72;-99.87
58139.65;-99.95
58142.58;-100.03
58145.51;-100.03
58148.44;-99.95
58151.37;-99.79
58154.30;-100.11
58157.23;-100.03
58160.16;-99.72
58163.09;-99.79
58166.02;-99.95
58168.95;-100.03
58171.88;-100.11
58174.80;-99.95
58177.73;-99.87
58180.66;-100.03
58183.59;-100.03
58186.52;-100.26
58189.45;-99.95
58192.38;-99.95
58195.31;-100.03
58198.24;-99.87
58201.17;-99.95
58204.10;-99.87
58207.03;-99.95
58209.96;-100.11
58212.89;-99.95
58215.82;-99.79
58218.75;-99.79
58221.68;-99.87
58224.61;-99.79
58227.54;-99.95
58230.47;-99.79
58233.40;-99.79
58236.33;-100.11
58239.26;-100.11
58242.19;-99.95
58245.12;-100.26
58248.05;-100.26
58250.98;-99.79
58253.91;-99.64
58256.84;-99.95
58259.77;-99.95
58262.70;-99.79
58265.63;-99.95
58268.55;-99.95
58271.48;-99.95
58274.41;-100.19
58277.34;-100.03
58280.27;-100.11
58283.20;-100.03
58286.13;-100.03
58289.06;-99.72
58291.99;-99.87
58294.92;-99.95
58297.85;-99.79
58300.78;-99.79
58303.71;-99.87
58306.64;-100.03
58309.57;-99.95
58312.50;-99.87
58315.43;-99.87
58318.36;-99.72
58321.29;-99.64
58324.22;-99.72
58327.15;-99.64
58330.08;-99.64
58333.01;-99.64
58335.94;-99.48
58338.87;-99.72
58341.80;-99.87
58344.73;-99.95
58347.66;-100.03
58350.59;-99.95
58353.52;-99.87
58356.45;-99.87
58359.38;-99.95
58362.30;-99.95
58365.23;-99.95
58368.16;-100.03
58371.09;-100.03
58374.02;-100.03
58376.95;-99.95
58379.88;-99.79
58382.81;-99.72
58385.74;-99.95
58388.67;-99.79
58391.60;-99.72
58394.53;-100.11
58397.46;-99.95
58400.39;-99.72
58403.32;-99.79
58406.25;-100.03
58409.18;-100.19
58412.11;-99.87
58415.04;-100.03
58417.97;-99.87
58420.90;-99.72
58423.83;-99.72
58426.76;-100.03
58429.69;-99.95
58432.62;-99.79
58435.55;-99.56
58438.48;-99.72
58441.41;-99.72
58444.34;-99.79
58447.27;-99.79
58450.20;-99.87
58453.13;-99.79
58456.05;-99.79
58458.98;-100.03
58461.91;-99.72
58464.84;-99.72
58467.77;-100.03
58470.70;-99.95
58473.63;-99.64
58476.56;-99.79
58479.49;-99.95
58482.42;-99.87
58485.35;-99.79
58488.28;-100.03
58491.21;-100.19
58494.14;-99.87
58497.07;-99.40
58500.00;-99.72
58502.93;-100.11
58505.86;-100.03
58508.79;-99.95
58511.72;-99.64
58514.65;-99.79
58517.58;-99.79
58520.51;-100.11
58523.44;-100.26
58526.37;-100.11
58529.30;-99.79
58532.23;-99.87
58535.16;-100.03
58538.09;-99.87
58541.02;-100.03
58543.95;-100.03
58546.88;-99.72
58549.80;-99.48
58552.73;-99.79
58555.66;-100.03
58558.59;-100.19
58561.52;-99.95
58564.45;-99.87
58567.38;-99.64
58570.31;-99.72
58573.24;-99.87
58576.17;-100.03
58579.10;-99.87
58582.03;-100.11
58584.96;-100.11
58587.89;-99.95
58590.82;-99.95
58593.75;-99.79
58596.68;-100.03
58599.61;-100.26
58602.54;-100.03
58605.47;-99.87
58608.40;-99.95
58611.33;-99.95
58614.26;-99.72
58617.19;-99.87
58620.12;-100.11
58623.05;-99.95
58625.98;-100.11
58628.91;-100.19
58631.84;-99.87
58634.77;-99.79
58637.70;-99.87
58640.63;-99.95
58643.55;-99.87
58646.48;-99.95
58649.41;-99.79
58652.34;-99.87
58655.27;-99.87
58658.20;-99.79
58661.13;-99.72
58664.06;-99.64
58666.99;-99.79
58669.92;-99.87
58672.85;-99.72
58675.78;-99.79
58678.71;-99.87
58681.64;-99.87
58684.57;-99.79
58687.50;-99.87
58690.43;-99.79
58693.36;-99.64
58696.29;-99.40
58699.22;-99.79
58702.15;-99.95
58705.08;-99.79
58708.01;-99.79
58710.94;-100.03
58713.87;-100.26
58716.80;-99.87
58719.73;-99.72
58722.66;-100.03
58725.59;-99.87
58728.52;-99.79
58731.45;-99.95
58734.38;-100.03
58737.30;-100.26
58740.23;-100.19
58743.16;-100.11
58746.09;-99.79
58749.02;-99.56
58751.95;-100.03
58754.88;-99.79
58757.81;-99.79
58760.74;-99.72
58763.67;-99.87
58766.60;-100.11
58769.53;-100.03
58772.46;-100.11
58775.39;-99.72
58778.32;-99.64
58781.25;-99.95
58784.18;-99.79
58787.11;-99.79
58790.04;-99.79
58792.97;-99.95
58795.90;-99.87
58798.83;-99.87
58801.76;-99.87
58804.69;-100.19
58807.62;-99.95
58810.55;-99.56
58813.48;-99.56
58816.41;-99.95
58819.34;-100.11
58822.27;-99.95
58825.20;-99.95
58828.13;-99.72
58831.05;-99.72
58833.98;-99.79
58836.91;-99.72
58839.84;-99.48
58842.77;-99.79
58845.70;-99.87
58848.63;-99.64
58851.56;-99.56
58854.49;-99.72
58857.42;-99.87
58860.35;-99.72
58863.28;-99.79
58866.21;-99.56
58869.14;-99.40
58872.07;-99.56
58875.00;-99.72
58877.93;-99.79
58880.86;-99.72
58883.79;-99.72
58886.72;-99.72
58889.65;-99.72
58892.58;-100.03
58895.51;-99.87
58898.44;-99.95
58901.37;-100.11
58904.30;-99.95
58907.23;-99.64
58910.16;-99.64
58913.09;-99.95
58916.02;-99.72
58918.95;-99.64
58921.88;-99.56
58924.80;-99.87
58927.73;-99.72
58930.66;-99.87
58933.59;-100.03
58936.52;-99.72
58939.45;-99.72
58942.38;-99.87
58945.31;-99.79
58948.24;-99.87
58951.17;-99.79
58954.10;-99.87
58957.03;-99.79
58959.96;-99.64
58962.89;-99.72
58965.82;-99.87
58968.75;-99.95
58971.68;-99.72
58974.61;-99.40
58977.54;-99.48
58980.47;-99.95
58983.40;-100.03
58986.33;-99.87
58989.26;-99.72
58992.19;-99.72
58995.12;-99.64
58998.05;-99.72
59000.98;-99.95
59003.91;-99.95
59006.84;-99.79
59009.77;-99.72
59012.70;-99.72
59015.63;-99.79
59018.55;-99.64
59021.48;-99.56
59024.41;-99.64
59027.34;-99.95
59030.27;-99.95
59033.20;-99.87
59036.13;-100.03
59039.06;-99.72
59041.99;-99.64
59044.92;-99.48
59047.85;-99.72
59050.78;-99.95
59053.71;-100.11
59056.64;-100.19
59059.57;-100.11
59062.50;-99.64
59065.43;-99.40
59068.36;-99.64
59071.29;-99.79
59074.22;-99.79
59077.15;-99.87
59080.08;-100.03
59083.01;-99.95
59085.94;-99.87
59088.87;-99.79
59091.80;-99.64
59094.73;-99.64
59097.66;-99.72
59100.59;-99.87
59103.52;-99.64
59106.45;-99.56
59109.38;-99.95
59112.30;-99.72
59115.23;-99.56
59118.16;-99.95
59121.09;-99.95
59124.02;-99.72
59126.95;-99.72
59129.88;-99.64
59132.81;-99.48
59135.74;-99.64
59138.67;-99.72
59141.60;-99.79
59144.53;-99.64
59147.46;-99.56
59150.39;-99.79
59153.32;-99.56
59156.25;-99.95
59159.18;-99.79
59162.11;-99.79
59165.04;-99.87
59167.97;-99.79
59170.90;-99.79
59173.83;-99.56
59176.76;-99.56
59179.69;-99.40
59182.62;-99.64
59185.55;-99.87
59188.48;-99.56
59191.41;-99.72
59194.34;-99.79
59197.27;-99.87
59200.20;-99.87
59203.13;-99.56
59206.05;-99.56
59208.98;-99.87
59211.91;-99.79
59214.84;-100.19
59217.77;-99.87
59220.70;-99.48
59223.63;-99.56
59226.56;-99.79
59229.49;-99.64
59232.42;-99.56
59235.35;-99.56
59238.28;-99.72
59241.21;-99.64
59244.14;-99.56
59247.07;-99.79
59250.00;-99.64
59252.93;-99.56
59255.86;-99.87
59258.79;-99.87
59261.72;-99.72
59264.65;-99.48
59267.58;-99.72
59270.51;-99.64
59273.44;-99.56
59276.37;-99.64
59279.30;-99.72
59282.23;-99.72
59285.16;-99.79
59288.09;-99.72
59291.02;-99.56
59293.95;-99.64
59296.88;-99.64
59299.80;-99.48
59302.73;-99.64
59305.66;-99.64
59308.59;-99.64
59311.52;-99.72
59314.45;-99.72
59317.38;-99.72
59320.31;-99.40
59323.24;-99.64
59326.17;-99.64
59329.10;-99.64
59332.03;-99.64
59334.96;-99.64
59337.89;-99.64
59340.82;-99.64
59343.75;-99.48
59346.68;-99.48
59349.61;-99.64
59352.54;-99.79
59355.47;-99.72
59358.40;-99.56
59361.33;-99.64
59364.26;-99.56
59367.19;-99.64
59370.12;-99.56
59373.05;-99.72
59375.98;-99.72
59378.91;-99.72
59381.84;-99.72
59384.77;-99.56
59387.70;-99.40
59390.63;-99.48
59393.55;-99.48
59396.48;-99.64
59399.41;-99.95
59402.34;-99.79
59405.27;-99.64
59408.20;-99.56
59411.13;-99.64
59414.06;-99.72
59416.99;-99.72
59419.92;-99.79
59422.85;-99.79
59425.78;-99.56
59428.71;-99.56
59431.64;-99.72
59434.57;-99.40
59437.50;-99.33
59440.43;-99.56
59443.36;-99.72
59446.29;-99.79
59449.22;-100.11
59452.15;-99.87
59455.08;-99.79
59458.01;-99.87
59460.94;-99.72
59463.87;-99.48
59466.80;-99.72
59469.73;-99.72
59472.66;-99.64
59475.59;-99.56
59478.52;-99.40
59481.45;-99.40
59484.38;-99.79
59487.30;-100.03
59490.23;-99.87
59493.16;-99.56
59496.09;-99.87
59499.02;-99.72
59501.95;-99.72
59504.88;-99.95
59507.81;-99.72
59510.74;-99.56
59513.67;-99.48
59516.60;-99.48
59519.53;-99.48
59522.46;-99.56
59525.39;-99.72
59528.32;-99.87
59531.25;-99.72
59534.18;-99.79
59537.11;-99.79
59540.04;-99.87
59542.97;-99.79
59545.90;-99.64
59548.83;-99.72
59551.76;-99.95
59554.69;-100.03
59557.62;-99.64
59560.55;-99.56
59563.48;-99.79
59566.41;-99.79
59569.34;-99.79
59572.27;-99.48
59575.20;-99.48
59578.13;-99.40
59581.05;-99.40
59583.98;-99.33
59586.91;-99.56
59589.84;-99.79
59592.77;-99.79
59595.70;-99.95
59598.63;-99.95
59601.56;-99.72
59604.49;-99.56
59607.42;-99.72
59610.35;-99.87
59613.28;-99.64
59616.21;-99.64
59619.14;-99.72
59622.07;-99.87
59625.00;-99.64
59627.93;-99.64
59630.86;-99.72
59633.79;-99.72
59636.72;-99.33
59639.65;-99.33
59642.58;-99.64
59645.51;-99.56
59648.44;-99.56
59651.37;-99.79
59654.30;-99.79
59657.23;-99.87
59660.16;-99.48
59663.09;-99.48
59666.02;-99.64
59668.95;-99.56
59671.88;-99.48
59674.80;-99.48
59677.73;-99.64
59680.66;-99.72
59683.59;-99.87
59686.52;-100.03
59689.45;-99.79
59692.38;-99.72
59695.31;-99.79
59698.24;-99.64
59701.17;-99.79
59704.10;-99.79
59707.03;-99.64
59709.96;-99.64
59712.89;-99.64
59715.82;-99.40
59718.75;-99.48
59721.68;-99.64
59724.61;-99.64
59727.54;-99.48
59730.47;-99.40
59733.40;-99.95
59736.33;-99.87
59739.26;-99.56
59742.19;-99.79
59745.12;-99.79
59748.05;-99.72
59750.98;-99.87
59753.91;-99.79
59756.84;-99.48
59759.77;-99.48
59762.70;-99.40
59765.63;-99.48
59768.55;-99.72
59771.48;-99.64
59774.41;-99.56
59777.34;-99.72
59780.27;-99.56
59783.20;-99.79
59786.13;-99.79
59789.06;-99.56
59791.99;-99.48
59794.92;-99.64
59797.85;-99.56
59800.78;-99.56
59803.71;-99.72
59806.64;-99.72
59809.57;-99.56
59812.50;-99.64
59815.43;-99.64
59818.36;-99.87
59821.29;-99.64
59824.22;-99.64
59827.15;-99.64
59830.08;-99.40
59833.01;-99.40
59835.94;-99.64
59838.87;-99.64
59841.80;-99.72
59844.73;-99.72
59847.66;-99.79
59850.59;-99.79
59853.52;-100.03
59856.45;-99.72
59859.38;-99.40
59862.30;-99.56
59865.23;-99.72
59868.16;-99.87
59871.09;-99.79
59874.02;-99.87
59876.95;-99.79
59879.88;-99.48
59882.81;-99.72
59885.74;-99.95
59888.67;-99.95
59891.60;-99.79
59894.53;-99.40
59897.46;-99.48
59900.39;-99.40
59903.32;-99.40
59906.25;-99.64
59909.18;-99.56
59912.11;-99.48
59915.04;-99.72
59917.97;-99.64
59920.90;-99.72
59923.83;-99.79
59926.76;-99.56
59929.69;-99.56
59932.62;-99.56
59935.55;-99.72
59938.48;-99.64
59941.41;-99.48
59944.34;-99.48
59947.27;-99.40
59950.20;-99.48
59953.13;-99.95
59956.05;-99.64
59958.98;-99.33
59961.91;-99.48
59964.84;-99.87
59967.77;-99.95
59970.70;-99.64
59973.63;-99.48
59976.56;-99.48
59979.49;-99.48
59982.42;-99.72
59985.35;-99.87
59988.28;-99.95
59991.21;-99.64
59994.14;-99.48
59997.07;-99.72
60000.00;-99.79
60002.93;-99.56
60005.86;-99.56
60008.79;-99.56
60011.72;-99.56
60014.65;-99.64
60017.58;-99.48
60020.51;-99.40
60023.44;-99.48
60026.37;-99.56
60029.30;-99.33
60032.23;-99.48
60035.16;-99.56
60038.09;-99.56
60041.02;-99.40
60043.95;-99.48
60046.88;-99.64
60049.80;-99.64
60052.73;-99.56
60055.66;-99.64
60058.59;-99.72
60061.52;-99.48
60064.45;-99.72
60067.38;-99.64
60070.31;-99.64
60073.24;-99.72
60076.17;-99.64
60079.10;-99.64
60082.03;-99.64
60084.96;-99.79
60087.89;-99.72
60090.82;-99.56
60093.75;-99.72
60096.68;-99.79
60099.61;-99.48
60102.54;-99.48
60105.47;-99.64
60108.40;-99.64
60111.33;-99.64
60114.26;-99.48
60117.19;-99.48
60120.12;-99.72
60123.05;-99.72
60125.98;-99.64
60128.91;-99.33
60131.84;-99.48
60134.77;-99.56
60137.70;-99.40
60140.63;-99.48
60143.55;-99.25
60146.48;-99.33
60149.41;-99.72
60152.34;-99.72
60155.27;-99.40
60158.20;-99.40
60161.13;-99.56
60164.06;-99.64
60166.99;-99.64
60169.92;-99.64
60172.85;-99.48
60175.78;-99.48
60178.71;-99.72
60181.64;-99.72
60184.57;-99.64
60187.50;-99.56
60190.43;-99.64
60193.36;-99.56
60196.29;-99.56
60199.22;-99.48
60202.15;-99.56
60205.08;-99.79
60208.01;-99.95
60210.94;-99.79
60213.87;-99.33
60216.80;-99.40
60219.73;-99.64
60222.66;-99.56
60225.59;-99.56
60228.52;-99.56
60231.45;-99.56
60234.38;-99.72
60237.30;-99.79
60240.23;-99.72
60243.16;-99.79
60246.09;-99.56
60249.02;-99.72
60251.95;-99.64
60254.88;-99.56
60257.81;-99.64
60260.74;-99.40
60263.67;-99.40
60266.60;-99.56
60269.53;-99.72
60272.46;-99.87
60275.39;-99.72
60278.32;-99.56
60281.25;-99.56
60284.18;-99.40
60287.11;-99.40
60290.04;-99.79
60292.97;-99.79
60295.90;-99.48
60298.83;-99.48
60301.76;-99.56
60304.69;-99.33
60307.62;-99.25
60310.55;-99.56
60313.48;-99.56
60316.41;-99.64
60319.34;-99.33
60322.27;-99.40
60325.20;-99.56
60328.13;-99.56
60331.05;-99.56
60333.98;-99.56
60336.91;-99.48
60339.84;-99.48
60342.77;-99.40
60345.70;-99.17
60348.63;-99.33
60351.56;-99.64
60354.49;-99.72
60357.42;-99.48
60360.35;-99.48
60363.28;-99.33
60366.21;-99.33
60369.14;-99.79
60372.07;-99.87
60375.00;-99.72
60377.93;-99.33
60380.86;-99.33
60383.79;-99.33
60386.72;-99.56
60389.65;-99.72
60392.58;-99.40
60395.51;-99.17
60398.44;-99.64
60401.37;-99.72
60404.30;-99.56
60407.23;-99.79
60410.16;-99.72
60413.09;-99.72
60416.02;-99.72
60418.95;-99.64
60421.88;-99.87
60424.80;-99.56
60427.73;-99.79
60430.66;-99.79
60433.59;-99.79
60436.52;-99.79
60439.45;-99.79
60442.38;-99.72
60445.31;-99.64
60448.24;-99.33
60451.17;-99.79
60454.10;-99.56
60457.03;-99.56
60459.96;-99.79
60462.89;-99.48
60465.82;-99.56
60468.75;-99.79
60471.68;-99.56
60474.61;-99.56
60477.54;-99.72
60480.47;-99.48
60483.40;-99.33
60486.33;-99.17
60489.26;-99.48
60492.19;-99.72
60495.12;-99.40
60498.05;-99.33
60500.98;-99.48
60503.91;-99.48
60506.84;-99.56
60509.77;-99.48
60512.70;-99.33
60515.63;-99.56
60518.55;-99.72
60521.48;-99.79
60524.41;-99.87
60527.34;-99.64
60530.27;-99.72
60533.20;-99.72
60536.13;-99.72
60539.06;-99.64
60541.99;-99.64
60544.92;-99.56
60547.85;-99.72
60550.78;-99.48
60553.71;-99.48
60556.64;-99.48
60559.57;-99.87
60562.50;-99.64
60565.43;-99.79
60568.36;-99.72
60571.29;-99.79
60574.22;-99.64
60577.15;-99.33
60580.08;-99.33
60583.01;-99.33
60585.94;-99.40
60588.87;-99.40
60591.80;-99.33
60594.73;-99.48
60597.66;-99.72
60600.59;-99.64
60603.52;-99.64
60606.45;-99.64
60609.38;-99.56
60612.30;-99.56
60615.23;-99.40
60618.16;-99.64
60621.09;-99.64
60624.02;-99.79
60626.95;-99.56
60629.88;-99.33
60632.81;-99.40
60635.74;-99.33
60638.67;-99.33
60641.60;-99.25
60644.53;-99.25
60647.46;-99.40
60650.39;-99.56
60653.32;-99.48
60656.25;-99.64
60659.18;-99.64
60662.11;-99.95
60665.04;-99.79
60667.97;-99.48
60670.90;-99.33
60673.83;-99.33
60676.76;-99.33
60679.69;-99.72
60682.62;-99.56
60685.55;-99.48
60688.48;-99.40
60691.41;-99.56
60694.34;-99.56
60697.27;-99.33
60700.20;-99.48
60703.13;-99.64
60706.05;-99.48
60708.98;-99.56
60711.91;-99.56
60714.84;-99.64
60717.77;-99.48
60720.70;-99.09
60723.63;-99.17
60726.56;-99.25
60729.49;-99.25
60732.42;-99.40
60735.35;-99.33
60738.28;-99.56
60741.21;-99.56
60744.14;-99.40
60747.07;-99.40
60750.00;-99.40
60752.93;-99.25
60755.86;-99.40
60758.79;-99.56
60761.72;-99.64
60764.65;-99.48
60767.58;-99.48
60770.51;-99.72
60773.44;-99.87
60776.37;-99.79
60779.30;-99.56
60782.23;-99.48
60785.16;-99.56
60788.09;-99.64
60791.02;-99.56
60793.95;-99.72
60796.88;-99.64
60799.80;-99.72
60802.73;-99.87
60805.66;-99.64
60808.59;-99.40
60811.52;-99.40
60814.45;-99.56
60817.38;-99.56
60820.31;-99.56
60823.24;-99.48
60826.17;-99.17
60829.10;-99.25
60832.03;-99.48
60834.96;-100.03
60837.89;-99.79
60840.82;-99.48
60843.75;-99.33
60846.68;-99.25
60849.61;-99.33
60852.54;-99.56
60855.47;-99.33
60858.40;-99.25
60861.33;-99.48
60864.26;-99.40
60867.19;-99.17
60870.12;-99.33
60873.05;-99.56
60875.98;-99.33
60878.91;-99.40
60881.84;-99.72
60884.77;-99.64
60887.70;-99.64
60890.63;-99.40
60893.55;-99.48
60896.48;-99.64
60899.41;-99.48
60902.34;-99.64
60905.27;-99.72
60908.20;-99.72
60911.13;-99.33
60914.06;-99.33
60916.99;-99.40
60919.92;-99.56
60922.85;-99.64
60925.78;-99.33
60928.71;-99.33
60931.64;-99.48
60934.57;-99.33
60937.50;-99.56
60940.43;-99.64
60943.36;-99.72
60946.29;-99.56
60949.22;-99.40
60952.15;-99.48
60955.08;-99.64
60958.01;-99.56
60960.94;-99.79
60963.87;-99.40
60966.80;-99.33
60969.73;-99.40
60972.66;-99.33
60975.59;-99.48
60978.52;-99.56
60981.45;-99.72
60984.38;-99.72
60987.30;-99.56
60990.23;-99.33
60993.16;-99.40
60996.09;-99.40
60999.02;-99.48
61001.95;-99.64
61004.88;-99.64
61007.81;-99.64
61010.74;-99.64
61013.67;-99.79
61016.60;-99.79
61019.53;-99.56
61022.46;-99.48
61025.39;-99.56
61028.32;-99.40
61031.25;-99.17
61034.18;-99.40
61037.11;-99.56
61040.04;-99.48
61042.97;-99.56
61045.90;-99.48
61048.83;-99.48
61051.76;-99.72
61054.69;-99.64
61057.62;-99.64
61060.55;-99.40
61063.48;-99.56
61066.41;-99.48
61069.34;-99.72
61072.27;-99.64
61075.20;-99.56
61078.13;-99.56
61081.05;-99.48
61083.98;-99.48
61086.91;-99.64
61089.84;-99.64
61092.77;-99.64
61095.70;-99.56
61098.63;-99.48
61101.56;-99.72
61104.49;-99.56
61107.42;-99.48
61110.35;-99.48
61113.28;-99.72
61116.21;-99.79
61119.14;-99.40
61122.07;-99.33
61125.00;-99.56
61127.93;-99.48
61130.86;-99.64
61133.79;-99.64
61136.72;-99.48
61139.65;-99.48
61142.58;-99.40
61145.51;-99.33
61148.44;-99.48
61151.37;-99.56
61154.30;-99.56
61157.23;-99.64
61160.16;-99.72
61163.09;-99.64
61166.02;-99.48
61168.95;-99.48
61171.88;-99.56
61174.80;-99.40
61177.73;-99.40
61180.66;-99.40
61183.59;-99.64
61186.52;-100.11
61189.45;-99.87
61192.38;-99.79
61195.31;-99.56
61198.24;-99.40
61201.17;-99.48
61204.10;-99.33
61207.03;-99.56
61209.96;-99.56
61212.89;-99.40
61215.82;-99.48
61218.75;-99.56
61221.68;-99.72
61224.61;-99.72
61227.54;-99.48
61230.47;-99.48
61233.40;-99.48
61236.33;-99.79
61239.26;-99.64
61242.19;-99.17
61245.12;-99.40
61248.05;-99.48
61250.98;-99.33
61253.91;-99.40
61256.84;-99.56
61259.77;-99.33
61262.70;-99.40
61265.63;-99.56
61268.55;-99.56
61271.48;-99.48
61274.41;-99.48
61277.34;-99.48
61280.27;-99.56
61283.20;-99.48
61286.13;-99.72
61289.06;-99.72
61291.99;-99.79
61294.92;-99.56
61297.85;-99.17
61300.78;-99.25
61303.71;-99.40
61306.64;-99.56
61309.57;-99.56
61312.50;-99.56
61315.43;-99.72
61318.36;-99.48
61321.29;-99.09
61324.22;-99.17
61327.15;-99.40
61330.08;-99.25
61333.01;-99.25
61335.94;-99.25
61338.87;-99.56
61341.80;-99.72
61344.73;-99.79
61347.66;-99.95
61350.59;-99.64
61353.52;-99.48
61356.45;-99.25
61359.38;-99.33
61362.30;-99.48
61365.23;-99.48
61368.16;-99.40
61371.09;-99.17
61374.02;-99.40
61376.95;-99.48
61379.88;-99.64
61382.81;-99.48
61385.74;-99.33
61388.67;-99.40
61391.60;-99.79
61394.53;-99.79
61397.46;-99.56
61400.39;-99.72
61403.32;-99.87
61406.25;-99.56
61409.18;-99.33
61412.11;-99.56
61415.04;-99.48
61417.97;-99.64
61420.90;-99.95
61423.83;-100.03
61426.76;-99.72
61429.69;-99.48
61432.62;-99.33
61435.55;-99.17
61438.48;-99.40
61441.41;-99.48
61444.34;-99.48
61447.27;-99.48
61450.20;-99.64
61453.13;-99.48
61456.05;-99.48
61458.98;-99.40
61461.91;-99.25
61464.84;-99.40
61467.77;-99.40
61470.70;-99.64
61473.63;-99.48
61476.56;-99.48
61479.49;-99.56
61482.42;-99.64
61485.35;-99.64
61488.28;-99.95
61491.21;-99.64
61494.14;-99.40
61497.07;-99.72
61500.00;-99.72
61502.93;-99.56
61505.86;-99.48
61508.79;-99.56
61511.72;-99.79
61514.65;-99.72
61517.58;-99.79
61520.51;-99.87
61523.44;-99.79
61526.37;-99.72
61529.30;-99.48
61532.23;-99.33
61535.16;-99.33
61538.09;-99.33
61541.02;-99.48
61543.95;-99.56
61546.88;-99.48
61549.80;-99.56
61552.73;-99.64
61555.66;-99.72
61558.59;-99.48
61561.52;-99.09
61564.45;-99.48
61567.38;-99.72
61570.31;-99.48
61573.24;-99.48
61576.17;-99.56
61579.10;-99.64
61582.03;-99.64
61584.96;-99.72
61587.89;-99.79
61590.82;-99.79
61593.75;-99.79
61596.68;-99.48
61599.61;-99.33
61602.54;-99.25
61605.47;-99.56
61608.40;-99.48
61611.33;-99.40
61614.26;-99.56
61617.19;-99.56
61620.12;-99.64
61623.05;-99.48
61625.98;-99.64
61628.91;-99.64
61631.84;-99.64
61634.77;-99.72
61637.70;-99.64
61640.63;-99.40
61643.55;-99.40
61646.48;-99.40
61649.41;-99.72
61652.34;-99.56
61655.27;-99.64
61658.20;-99.72
61661.13;-99.87
61664.06;-99.48
61666.99;-99.48
61669.92;-99.79
61672.85;-99.87
61675.78;-99.79
61678.71;-99.56
61681.64;-99.64
61684.57;-99.48
61687.50;-99.40
61690.43;-99.72
61693.36;-99.64
61696.29;-99.56
61699.22;-99.64
61702.15;-99.64
61705.08;-99.64
61708.01;-99.40
61710.94;-99.48
61713.87;-99.64
61716.80;-99.48
61719.73;-99.48
61722.66;-99.17
61725.59;-99.40
61728.52;-99.40
61731.45;-99.25
61734.38;-99.48
61737.30;-99.48
61740.23;-99.40
61743.16;-99.72
61746.09;-99.64
61749.02;-99.40
61751.95;-99.40
61754.88;-99.56
61757.81;-99.79
61760.74;-99.72
61763.67;-99.64
61766.60;-99.64
61769.53;-99.64
61772.46;-99.56
61775.39;-99.48
61778.32;-99.33
61781.25;-99.25
61784.18;-99.48
61787.11;-99.56
61790.04;-99.48
61792.97;-99.56
61795.90;-99.56
61798.83;-99.72
61801.76;-99.64
61804.69;-99.72
61807.62;-99.79
61810.55;-99.64
61813.48;-99.56
61816.41;-99.48
61819.34;-99.64
61822.27;-99.56
61825.20;-99.33
61828.13;-99.25
61831.05;-99.56
61833.98;-99.56
61836.91;-99.56
61839.84;-99.72
61842.77;-99.79
61845.70;-99.56
61848.63;-99.64
61851.56;-99.87
61854.49;-99.95
61857.42;-99.79
61860.35;-99.79
61863.28;-99.87
61866.21;-99.64
61869.14;-99.33
61872.07;-99.56
61875.00;-99.40
61877.93;-99.48
61880.86;-99.79
61883.79;-99.72
61886.72;-99.56
61889.65;-99.79
61892.58;-99.56
61895.51;-99.40
61898.44;-99.33
61901.37;-99.56
61904.30;-99.56
61907.23;-99.48
61910.16;-99.40
61913.09;-99.25
61916.02;-99.25
61918.95;-99.40
61921.88;-99.56
61924.80;-99.48
61927.73;-99.48
61930.66;-99.79
61933.59;-99.72
61936.52;-99.79
61939.45;-99.79
61942.38;-99.64
61945.31;-99.79
61948.24;-99.72
61951.17;-99.64
61954.10;-99.72
61957.03;-99.64
61959.96;-99.56
61962.89;-99.48
61965.82;-99.64
61968.75;-99.87
61971.68;-99.95
61974.61;-99.64
61977.54;-99.64
61980.47;-99.33
61983.40;-99.48
61986.33;-99.72
61989.26;-99.79
61992.19;-99.87
61995.12;-99.87
61998.05;-99.72
62000.98;-99.64
62003.91;-99.33
62006.84;-99.48
62009.77;-99.33
62012.70;-99.25
62015.63;-99.33
62018.55;-99.40
62021.48;-99.64
62024.41;-99.72
62027.34;-99.48
62030.27;-99.64
62033.20;-99.64
62036.13;-99.64
62039.06;-100.03
62041.99;-99.64
62044.92;-99.48
62047.85;-99.40
62050.78;-99.40
62053.71;-99.48
62056.64;-99.64
62059.57;-99.72
62062.50;-99.40
62065.43;-99.25
62068.36;-99.33
62071.29;-99.48
62074.22;-99.56
62077.15;-99.72
62080.08;-99.87
62083.01;-99.72
62085.94;-99.56
62088.87;-99.87
62091.80;-99.87
62094.73;-99.72
62097.66;-99.72
62100.59;-99.79
62103.52;-99.72
62106.45;-99.48
62109.38;-99.64
62112.30;-99.72
62115.23;-99.40
62118.16;-99.25
62121.09;-99.64
62124.02;-99.64
62126.95;-99.79
62129.88;-99.64
62132.81;-99.64
62135.74;-99.56
62138.67;-99.64
62141.60;-99.87
62144.53;-100.03
62147.46;-99.72
62150.39;-99.72
62153.32;-99.56
62156.25;-99.48
62159.18;-99.56
62162.11;-99.79
62165.04;-99.56
62167.97;-99.40
62170.90;-99.79
62173.83;-99.79
62176.76;-99.56
62179.69;-99.72
62182.62;-99.79
62185.55;-99.95
62188.48;-99.87
62191.41;-99.64
62194.34;-99.79
62197.27;-99.56
62200.20;-99.56
62203.13;-99.79
62206.05;-99.72
62208.98;-99.95
62211.91;-99.87
62214.84;-99.56
62217.77;-99.40
62220.70;-99.40
62223.63;-99.40
62226.56;-99.48
62229.49;-99.56
62232.42;-99.95
62235.35;-99.79
62238.28;-99.72
62241.21;-99.87
62244.14;-99.64
62247.07;-99.72
62250.00;-99.72
62252.93;-99.48
62255.86;-99.56
62258.79;-99.95
62261.72;-99.79
62264.65;-99.48
62267.58;-99.56
62270.51;-99.79
62273.44;-99.72
62276.37;-99.64
62279.30;-99.87
62282.23;-100.03
62285.16;-99.87
62288.09;-99.79
62291.02;-99.64
62293.95;-99.48
62296.88;-99.72
62299.80;-99.64
62302.73;-99.56
62305.66;-99.56
62308.59;-99.56
62311.52;-99.40
62314.45;-99.64
62317.38;-99.48
62320.31;-99.40
62323.24;-99.79
62326.17;-99.79
62329.10;-99.64
62332.03;-99.72
62334.96;-99.95
62337.89;-99.87
62340.82;-99.48
62343.75;-99.56
62346.68;-99.79
62349.61;-99.48
62352.54;-99.72
62355.47;-99.79
62358.40;-99.72
62361.33;-99.79
62364.26;-99.72
62367.19;-99.56
62370.12;-99.72
62373.05;-99.72
62375.98;-100.03
62378.91;-99.87
62381.84;-99.79
62384.77;-99.87
62387.70;-99.72
62390.63;-99.72
62393.55;-99.95
62396.48;-99.79
62399.41;-99.79
62402.34;-99.56
62405.27;-99.64
62408.20;-99.72
62411.13;-99.56
62414.06;-99.48
62416.99;-99.33
62419.92;-99.56
62422.85;-99.56
62425.78;-99.48
62428.71;-99.79
62431.64;-99.87
62434.57;-99.95
62437.50;-99.79
62440.43;-99.48
62443.36;-99.48
62446.29;-99.79
62449.22;-99.79
62452.15;-99.72
62455.08;-99.79
62458.01;-99.87
62460.94;-99.64
62463.87;-99.64
62466.80;-99.48
62469.73;-99.64
62472.66;-99.79
62475.59;-99.56
62478.52;-99.72
62481.45;-99.79
62484.38;-99.79
62487.30;-99.48
62490.23;-99.56
62493.16;-99.40
62496.09;-99.48
62499.02;-99.40
62501.95;-99.40
62504.88;-99.95
62507.81;-99.72
62510.74;-99.72
62513.67;-99.72
62516.60;-99.64
62519.53;-99.64
62522.46;-99.56
62525.39;-99.72
62528.32;-99.64
62531.25;-99.72
62534.18;-99.72
62537.11;-100.11
62540.04;-99.95
62542.97;-99.64
62545.90;-99.87
62548.83;-99.56
62551.76;-99.64
62554.69;-99.87
62557.62;-99.79
62560.55;-99.87
62563.48;-99.95
62566.41;-99.79
62569.34;-99.87
62572.27;-99.64
62575.20;-99.48
62578.13;-99.72
62581.05;-99.64
62583.98;-99.72
62586.91;-99.79
62589.84;-99.79
62592.77;-99.79
62595.70;-99.79
62598.63;-99.79
62601.56;-99.79
62604.49;-99.95
62607.42;-99.79
62610.35;-99.64
62613.28;-99.56
62616.21;-99.56
62619.14;-99.48
62622.07;-99.72
62625.00;-99.64
62627.93;-99.95
62630.86;-99.72
62633.79;-99.72
62636.72;-99.72
62639.65;-100.03
62642.58;-99.79
62645.51;-99.72
62648.44;-99.87
62651.37;-99.64
62654.30;-99.72
62657.23;-99.87
62660.16;-99.87
62663.09;-99.79
62666.02;-99.87
62668.95;-99.48
62671.88;-99.48
62674.80;-99.87
62677.73;-99.95
62680.66;-99.87
62683.59;-99.40
62686.52;-99.25
62689.45;-99.48
62692.38;-99.64
62695.31;-99.56
62698.24;-99.40
62701.17;-99.72
62704.10;-99.64
62707.03;-99.48
62709.96;-99.64
62712.89;-99.79
62715.82;-99.79
62718.75;-99.64
62721.68;-99.56
62724.61;-99.64
62727.54;-99.56
62730.47;-99.56
62733.40;-99.79
62736.33;-99.56
62739.26;-99.64
62742.19;-99.72
62745.12;-99.95
62748.05;-99.79
62750.98;-99.79
62753.91;-99.48
62756.84;-99.64
62759.77;-99.87
62762.70;-99.79
62765.63;-99.95
62768.55;-99.95
62771.48;-99.79
62774.41;-99.79
62777.34;-99.72
62780.27;-99.79
62783.20;-99.79
62786.13;-99.95
62789.06;-99.87
62791.99;-99.72
62794.92;-99.79
62797.85;-99.87
62800.78;-99.87
62803.71;-99.72
62806.64;-99.64
62809.57;-99.79
62812.50;-99.72
62815.43;-99.48
62818.36;-99.72
62821.29;-99.64
62824.22;-99.56
62827.15;-99.40
62830.08;-99.64
62833.01;-99.72
62835.94;-99.72
62838.87;-99.79
62841.80;-99.87
62844.73;-99.95
62847.66;-99.79
62850.59;-99.48
62853.52;-99.48
62856.45;-99.48
62859.38;-99.40
62862.30;-99.48
62865.23;-99.64
62868.16;-99.48
62871.09;-99.72
62874.02;-99.72
62876.95;-99.87
62879.88;-99.72
62882.81;-99.64
62885.74;-99.72
62888.67;-99.95
62891.60;-99.87
62894.53;-100.03
62897.46;-99.72
62900.39;-99.87
62903.32;-99.48
62906.25;-99.48
62909.18;-99.95
62912.11;-99.87
62915.04;-99.87
62917.97;-99.79
62920.90;-99.79
62923.83;-99.72
62926.76;-99.72
62929.69;-100.03
62932.62;-99.87
62935.55;-99.79
62938.48;-99.87
62941.41;-99.95
62944.34;-99.79
62947.27;-99.40
62950.20;-99.56
62953.13;-99.72
62956.05;-99.64
62958.98;-99.56
62961.91;-99.56
62964.84;-99.72
62967.77;-99.64
62970.70;-99.72
62973.63;-99.56
62976.56;-99.56
62979.49;-99.56
62982.42;-99.64
62985.35;-99.87
62988.28;-99.72
62991.21;-99.48
62994.14;-99.72
62997.07;-99.72
63000.00;-99.64
63002.93;-99.56
63005.86;-99.95
63008.79;-99.95
63011.72;-99.95
63014.65;-99.87
63017.58;-99.87
63020.51;-99.72
63023.44;-99.72
63026.37;-99.72
63029.30;-99.72
63032.23;-99.64
63035.16;-99.87
63038.09;-99.72
63041.02;-99.64
63043.95;-99.72
63046.88;-99.72
63049.80;-99.79
63052.73;-99.95
63055.66;-99.95
63058.59;-100.03
63061.52;-99.87
63064.45;-99.48
63067.38;-99.48
63070.31;-99.64
63073.24;-99.72
63076.17;-100.03
63079.10;-99.95
63082.03;-99.87
63084.96;-99.95
63087.89;-99.87
63090.82;-99.56
63093.75;-99.87
63096.68;-99.87
63099.61;-99.79
63102.54;-99.72
63105.47;-99.87
63108.40;-99.95
63111.33;-99.79
63114.26;-99.87
63117.19;-99.87
63120.12;-99.87
63123.05;-99.79
63125.98;-99.79
63128.91;-100.03
63131.84;-100.19
63134.77;-99.95
63137.70;-99.79
63140.63;-99.72
63143.55;-99.87
63146.48;-99.79
63149.41;-99.87
63152.34;-99.79
63155.27;-99.72
63158.20;-99.64
63161.13;-99.64
63164.06;-99.79
63166.99;-99.95
63169.92;-100.11
63172.85;-99.95
63175.78;-99.79
63178.71;-99.64
63181.64;-99.95
63184.57;-99.95
63187.50;-99.48
63190.43;-99.64
63193.36;-99.79
63196.29;-99.72
63199.22;-99.87
63202.15;-99.87
63205.08;-99.72
63208.01;-99.72
63210.94;-99.95
63213.87;-99.95
63216.80;-99.72
63219.73;-99.72
63222.66;-99.56
63225.59;-99.87
63228.52;-99.79
63231.45;-99.64
63234.38;-99.87
63237.30;-99.79
63240.23;-99.87
63243.16;-99.87
63246.09;-99.95
63249.02;-99.79
63251.95;-99.48
63254.88;-99.56
63257.81;-99.56
63260.74;-99.87
63263.67;-99.87
63266.60;-99.72
63269.53;-99.56
63272.46;-99.48
63275.39;-99.72
63278.32;-99.64
63281.25;-99.87
63284.18;-100.03
63287.11;-99.64
63290.04;-99.64
63292.97;-99.79
63295.90;-99.87
63298.83;-99.95
63301.76;-99.72
63304.69;-99.33
63307.62;-99.56
63310.55;-99.79
63313.48;-99.64
63316.41;-99.72
63319.34;-100.03
63322.27;-99.87
63325.20;-99.87
63328.13;-99.95
63331.05;-99.87
63333.98;-99.72
63336.91;-99.79
63339.84;-99.95
63342.77;-99.87
63345.70;-99.95
63348.63;-99.64
63351.56;-99.56
63354.49;-99.72
63357.42;-99.72
63360.35;-99.79
63363.28;-99.79
63366.21;-99.87
63369.14;-100.03
63372.07;-99.87
63375.00;-99.72
63377.93;-99.95
63380.86;-99.87
63383.79;-99.87
63386.72;-99.95
63389.65;-99.87
63392.58;-99.95
63395.51;-99.87
63398.44;-99.95
63401.37;-100.11
63404.30;-99.79
63407.23;-99.87
63410.16;-100.03
63413.09;-100.11
63416.02;-100.11
63418.95;-100.03
63421.88;-100.03
63424.80;-100.03
63427.73;-99.95
63430.66;-99.95
63433.59;-99.95
63436.52;-100.03
63439.45;-99.95
63442.38;-100.11
63445.31;-100.26
63448.24;-100.03
63451.17;-99.87
63454.10;-99.72
63457.03;-99.72
63459.96;-100.11
63462.89;-100.19
63465.82;-99.87
63468.75;-99.79
63471.68;-99.87
63474.61;-100.03
63477.54;-100.03
63480.47;-99.79
63483.40;-99.72
63486.33;-99.72
63489.26;-99.95
63492.19;-99.95
63495.12;-99.87
63498.05;-100.11
63500.98;-100.11
63503.91;-100.19
63506.84;-99.79
63509.77;-99.64
63512.70;-99.87
63515.63;-99.72
63518.55;-99.72
63521.48;-99.79
63524.41;-100.11
63527.34;-99.79
63530.27;-99.79
63533.20;-99.95
63536.13;-99.95
63539.06;-99.95
63541.99;-99.95
63544.92;-99.87
63547.85;-99.79
63550.78;-100.03
63553.71;-100.11
63556.64;-100.11
63559.57;-99.95
63562.50;-99.95
63565.43;-99.33
63568.36;-99.64
63571.29;-99.95
63574.22;-100.03
63577.15;-100.19
63580.08;-99.79
63583.01;-99.87
63585.94;-99.95
63588.87;-99.79
63591.80;-99.87
63594.73;-99.87
63597.66;-99.79
63600.59;-99.95
63603.52;-99.79
63606.45;-99.95
63609.38;-100.34
63612.30;-100.03
63615.23;-99.87
63618.16;-99.87
63621.09;-99.79
63624.02;-99.79
63626.95;-100.03
63629.88;-100.03
63632.81;-99.79
63635.74;-99.72
63638.67;-99.72
63641.60;-99.72
63644.53;-99.79
63647.46;-99.79
63650.39;-100.03
63653.32;-100.19
63656.25;-100.03
63659.18;-100.03
63662.11;-99.95
63665.04;-99.95
63667.97;-100.11
63670.90;-99.72
63673.83;-99.72
63676.76;-99.87
63679.69;-100.11
63682.62;-100.03
63685.55;-99.79
63688.48;-99.48
63691.41;-99.87
63694.34;-99.79
63697.27;-99.56
63700.20;-99.48
63703.13;-99.79
63706.05;-99.72
63708.98;-99.72
63711.91;-99.79
63714.84;-99.79
63717.77;-99.72
63720.70;-99.64
63723.63;-99.79
63726.56;-99.56
63729.49;-99.64
63732.42;-99.95
63735.35;-99.79
63738.28;-99.64
63741.21;-99.56
63744.14;-99.64
63747.07;-99.79
63750.00;-99.95
63752.93;-99.95
63755.86;-100.19
63758.79;-100.03
63761.72;-99.79
63764.65;-100.03
63767.58;-100.11
63770.51;-99.95
63773.44;-99.72
63776.37;-99.87
63779.30;-100.03
63782.23;-100.03
63785.16;-99.95
63788.09;-100.11
63791.02;-100.11
63793.95;-100.11
63796.88;-99.95
63799.80;-99.95
63802.73;-100.03
63805.66;-99.95
63808.59;-99.79
63811.52;-99.95
63814.45;-100.19
63817.38;-100.19
63820.31;-100.03
63823.24;-100.03
63826.17;-99.95
63829.10;-99.79
63832.03;-99.95
63834.96;-100.03
63837.89;-99.87
63840.82;-99.64
63843.75;-99.79
63846.68;-99.64
63849.61;-99.79
63852.54;-100.03
63855.47;-100.11
63858.40;-100.03
63861.33;-99.79
63864.26;-99.72
63867.19;-99.72
63870.12;-99.79
63873.05;-100.03
63875.98;-99.95
63878.91;-99.87
63881.84;-100.03
63884.77;-99.95
63887.70;-100.03
63890.63;-100.11
63893.55;-99.95
63896.48;-100.11
63899.41;-99.79
63902.34;-99.72
63905.27;-99.87
63908.20;-99.79
63911.13;-99.64
63914.06;-99.72
63916.99;-99.87
63919.92;-100.03
63922.85;-99.79
63925.78;-99.79
63928.71;-99.72
63931.64;-99.64
63934.57;-99.72
63937.50;-99.72
63940.43;-99.95
63943.36;-100.03
63946.29;-99.95
63949.22;-100.11
63952.15;-99.95
63955.08;-100.03
63958.01;-99.87
63960.94;-99.79
63963.87;-100.03
63966.80;-99.87
63969.73;-99.72
63972.66;-99.95
63975.59;-99.87
63978.52;-99.87
63981.45;-99.95
63984.38;-99.87
63987.30;-100.03
63990.23;-100.26
63993.16;-99.87
63996.09;-99.79
63999.02;-99.72
64001.95;-99.40
64004.88;-99.64
64007.81;-99.95
64010.74;-99.64
64013.67;-99.56
64016.60;-99.40
64019.53;-99.72
64022.46;-99.79
64025.39;-99.95
64028.32;-99.95
64031.25;-100.03
64034.18;-99.79
64037.11;-99.56
64040.04;-99.72
64042.97;-99.87
64045.90;-99.56
64048.83;-99.56
64051.76;-99.79
64054.69;-99.95
64057.62;-100.03
64060.55;-99.95
64063.48;-99.87
64066.41;-99.72
64069.34;-99.87
64072.27;-99.79
64075.20;-99.95
64078.13;-99.79
64081.05;-99.79
64083.98;-99.79
64086.91;-99.95
64089.84;-100.03
64092.77;-99.87
64095.70;-99.87
64098.63;-100.11
64101.56;-99.64
64104.49;-99.72
64107.42;-99.72
64110.35;-99.87
64113.28;-99.95
64116.21;-99.79
64119.14;-99.79
64122.07;-99.95
64125.00;-99.79
64127.93;-99.40
64130.86;-99.40
64133.79;-99.79
64136.72;-99.87
64139.65;-99.79
64142.58;-99.56
64145.51;-99.48
64148.44;-99.72
64151.37;-99.79
64154.30;-99.87
64157.23;-100.03
64160.16;-99.95
64163.09;-99.87
64166.02;-99.79
64168.95;-99.64
64171.88;-99.87
64174.80;-99.95
64177.73;-100.03
64180.66;-100.19
64183.59;-99.79
64186.52;-99.56
64189.45;-99.79
64192.38;-100.03
64195.31;-99.79
64198.24;-99.72
64201.17;-99.56
64204.10;-99.72
64207.03;-99.87
64209.96;-99.56
64212.89;-99.64
64215.82;-99.64
64218.75;-99.64
64221.68;-99.72
64224.61;-99.87
64227.54;-99.87
64230.47;-99.95
64233.40;-100.03
64236.33;-100.03
64239.26;-99.72
64242.19;-99.87
64245.12;-99.87
64248.05;-99.87
64250.98;-99.40
64253.91;-99.95
64256.84;-100.11
64259.77;-100.03
64262.70;-99.87
64265.63;-99.72
64268.55;-99.95
64271.48;-99.79
64274.41;-99.48
64277.34;-99.64
64280.27;-99.87
64283.20;-99.72
64286.13;-99.87
64289.06;-100.03
64291.99;-99.87
64294.92;-100.03
64297.85;-100.03
64300.78;-99.87
64303.71;-100.03
64306.64;-99.79
64309.57;-100.03
64312.50;-100.11
64315.43;-100.03
64318.36;-100.03
64321.29;-100.03
64324.22;-99.87
64327.15;-99.79
64330.08;-99.72
64333.01;-99.87
64335.94;-99.95
64338.87;-99.95
64341.80;-99.79
64344.73;-100.03
64347.66;-100.03
64350.59;-99.87
64353.52;-99.79
64356.45;-99.56
64359.38;-99.64
64362.30;-99.64
64365.23;-99.95
64368.16;-100.19
64371.09;-100.19
64374.02;-100.03
64376.95;-100.03
64379.88;-99.95
64382.81;-99.72
64385.74;-99.79
64388.67;-100.03
64391.60;-100.11
64394.53;-99.95
64397.46;-99.87
64400.39;-99.72
64403.32;-99.64
64406.25;-99.95
64409.18;-100.03
64412.11;-100.03
64415.04;-99.87
64417.97;-99.87
64420.90;-100.03
64423.83;-100.11
64426.76;-100.11
64429.69;-100.03
64432.62;-99.95
64435.55;-99.87
64438.48;-99.79
64441.41;-99.72
64444.34;-99.72
64447.27;-99.72
64450.20;-99.72
64453.13;-99.79
64456.05;-99.72
64458.98;-99.87
64461.91;-100.03
64464.84;-99.79
64467.77;-99.72
64470.70;-99.79
64473.63;-99.87
64476.56;-99.87
64479.49;-99.79
64482.42;-99.48
64485.35;-99.64
64488.28;-99.72
64491.21;-99.64
64494.14;-99.64
64497.07;-99.79
64500.00;-99.79
64502.93;-99.87
64505.86;-99.87
64508.79;-100.19
64511.72;-100.26
64514.65;-99.87
64517.58;-99.95
64520.51;-99.72
64523.44;-99.79
64526.37;-99.87
64529.30;-99.87
64532.23;-99.95
64535.16;-99.95
64538.09;-99.72
64541.02;-99.95
64543.95;-99.79
64546.88;-99.56
64549.80;-99.72
64552.73;-99.87
64555.66;-99.79
64558.59;-99.79
64561.52;-99.87
64564.45;-100.03
64567.38;-99.87
64570.31;-99.79
64573.24;-99.95
64576.17;-99.87
64579.10;-99.87
64582.03;-99.87
64584.96;-99.40
64587.89;-99.48
64590.82;-99.56
64593.75;-99.72
64596.68;-99.72
64599.61;-99.79
64602.54;-99.87
64605.47;-99.95
64608.40;-99.87
64611.33;-99.87
64614.26;-99.87
64617.19;-100.11
64620.12;-99.87
64623.05;-99.64
64625.98;-99.64
64628.91;-99.56
64631.84;-99.79
64634.77;-99.79
64637.70;-99.79
64640.63;-99.95
64643.55;-99.87
64646.48;-99.64
64649.41;-99.48
64652.34;-99.79
64655.27;-100.03
64658.20;-99.79
64661.13;-99.79
64664.06;-99.95
64666.99;-99.79
64669.92;-99.87
64672.85;-100.03
64675.78;-99.87
64678.71;-99.64
64681.64;-99.72
64684.57;-99.87
64687.50;-100.11
64690.43;-100.03
64693.36;-99.72
64696.29;-99.87
64699.22;-99.95
64702.15;-99.87
64705.08;-99.95
64708.01;-99.64
64710.94;-99.79
64713.87;-100.03
64716.80;-100.03
64719.73;-99.72
64722.66;-99.64
64725.59;-99.79
64728.52;-99.95
64731.45;-99.95
64734.38;-100.03
64737.30;-99.79
64740.23;-99.79
64743.16;-99.64
64746.09;-99.64
64749.02;-99.79
64751.95;-99.87
64754.88;-100.03
64757.81;-99.79
64760.74;-99.79
64763.67;-99.87
64766.60;-99.87
64769.53;-100.03
64772.46;-99.79
64775.39;-99.87
64778.32;-99.79
64781.25;-99.87
64784.18;-99.95
64787.11;-100.34
64790.04;-100.03
64792.97;-99.79
64795.90;-99.87
64798.83;-100.11
64801.76;-100.11
64804.69;-99.72
64807.62;-99.72
64810.55;-99.95
64813.48;-99.87
64816.41;-99.87
64819.34;-99.87
64822.27;-99.87
64825.20;-100.03
64828.13;-99.72
64831.05;-99.79
64833.98;-100.03
64836.91;-100.19
64839.84;-99.87
64842.77;-99.87
64845.70;-99.95
64848.63;-100.03
64851.56;-99.95
64854.49;-99.95
64857.42;-100.03
64860.35;-99.48
64863.28;-99.56
64866.21;-99.72
64869.14;-99.64
64872.07;-99.56
64875.00;-99.79
64877.93;-99.95
64880.86;-99.87
64883.79;-99.72
64886.72;-99.72
64889.65;-99.87
64892.58;-100.11
64895.51;-99.95
64898.44;-99.87
64901.37;-99.87
64904.30;-99.87
64907.23;-99.87
64910.16;-99.64
64913.09;-99.56
64916.02;-99.95
64918.95;-99.87
64921.88;-99.56
64924.80;-99.79
64927.73;-99.95
64930.66;-99.87
64933.59;-100.03
64936.52;-99.79
64939.45;-99.87
64942.38;-99.79
64945.31;-99.72
64948.24;-99.95
64951.17;-99.87
64954.10;-99.79
64957.03;-99.64
64959.96;-99.64
64962.89;-99.95
64965.82;-100.03
64968.75;-99.79
64971.68;-99.87
64974.61;-99.95
64977.54;-100.03
64980.47;-100.03
64983.40;-99.79
64986.33;-99.64
64989.26;-99.64
64992.19;-99.79
64995.12;-99.79
64998.05;-99.87
65000.98;-99.79
65003.91;-99.79
65006.84;-99.87
65009.77;-99.56
65012.70;-99.56
65015.63;-99.72
65018.55;-99.95
65021.48;-100.11
65024.41;-100.03
65027.34;-99.95
65030.27;-99.87
65033.20;-99.95
65036.13;-99.87
65039.06;-99.87
65041.99;-99.72
65044.92;-99.64
65047.85;-99.79
65050.78;-99.79
65053.71;-99.79
65056.64;-100.19
65059.57;-100.19
65062.50;-99.79
65065.43;-99.95
65068.36;-99.87
65071.29;-99.64
65074.22;-99.87
65077.15;-99.95
65080.08;-99.87
65083.01;-99.79
65085.94;-99.87
65088.87;-99.79
65091.80;-99.79
65094.73;-100.11
65097.66;-100.11
65100.59;-99.79
65103.52;-99.87
65106.45;-100.03
65109.38;-99.64
65112.30;-99.48
65115.23;-99.79
65118.16;-99.95
65121.09;-100.03
65124.02;-99.95
65126.95;-99.79
65129.88;-99.79
65132.81;-99.72
65135.74;-99.95
65138.67;-100.03
65141.60;-99.95
65144.53;-99.87
65147.46;-99.95
65150.39;-99.87
65153.32;-99.79
65156.25;-99.56
65159.18;-99.72
65162.11;-100.03
65165.04;-99.87
65167.97;-99.87
65170.90;-99.87
65173.83;-99.79
65176.76;-99.95
65179.69;-99.95
65182.62;-100.03
65185.55;-100.11
65188.48;-100.03
65191.41;-99.79
65194.34;-99.87
65197.27;-99.48
65200.20;-99.56
65203.13;-99.72
65206.05;-99.95
65208.98;-99.87
65211.91;-99.95
65214.84;-99.72
65217.77;-99.72
65220.70;-99.72
65223.63;-99.87
65226.56;-99.87
65229.49;-99.87
65232.42;-99.72
65235.35;-99.79
65238.28;-99.72
65241.21;-99.87
65244.14;-99.87
65247.07;-99.87
65250.00;-99.72
65252.93;-99.72
65255.86;-99.87
65258.79;-99.64
65261.72;-100.11
65264.65;-100.03
65267.58;-99.95
65270.51;-99.87
65273.44;-99.95
65276.37;-99.95
65279.30;-99.87
65282.23;-99.79
65285.16;-99.87
65288.09;-99.87
65291.02;-99.72
65293.95;-99.72
65296.88;-99.79
65299.80;-99.64
65302.73;-99.79
65305.66;-100.26
65308.59;-100.11
65311.52;-99.72
65314.45;-99.79
65317.38;-100.11
65320.31;-100.03
65323.24;-99.87
65326.17;-99.95
65329.10;-100.11
65332.03;-100.11
65334.96;-99.95
65337.89;-99.72
65340.82;-99.95
65343.75;-99.79
65346.68;-99.79
65349.61;-99.87
65352.54;-99.79
65355.47;-99.79
65358.40;-99.64
65361.33;-99.64
65364.26;-99.95
65367.19;-100.26
65370.12;-100.03
65373.05;-99.95
65375.98;-100.26
65378.91;-99.72
65381.84;-99.48
65384.77;-99.95
65387.70;-99.87
65390.63;-100.03
65393.55;-100.03
65396.48;-100.19
65399.41;-100.03
65402.34;-99.79
65405.27;-99.64
65408.20;-100.19
65411.13;-99.95
65414.06;-99.79
65416.99;-99.79
65419.92;-99.87
65422.85;-99.87
65425.78;-99.87
65428.71;-99.95
65431.64;-99.95
65434.57;-99.72
65437.50;-99.72
65440.43;-99.79
65443.36;-99.87
65446.29;-99.72
65449.22;-99.72
65452.15;-99.72
65455.08;-99.87
65458.01;-99.56
65460.94;-99.33
65463.87;-99.72
65466.80;-99.87
65469.73;-99.79
65472.66;-99.87
65475.59;-99.79
65478.52;-100.11
65481.45;-99.79
65484.38;-100.19
65487.30;-100.26
65490.23;-100.03
65493.16;-99.79
65496.09;-99.72
65499.02;-99.72
65501.95;-99.72
65504.88;-99.72
65507.81;-99.64
65510.74;-99.48
65513.67;-99.64
65516.60;-99.56
65519.53;-99.64
65522.46;-100.03
65525.39;-100.03
65528.32;-100.03
65531.25;-100.11
65534.18;-100.11
65537.11;-99.79
65540.04;-99.79
65542.97;-99.79
65545.90;-99.87
65548.83;-99.79
65551.76;-99.87
65554.69;-99.87
65557.62;-99.87
65560.55;-99.95
65563.48;-99.95
65566.41;-99.87
65569.34;-99.95
65572.27;-100.26
65575.20;-99.95
65578.13;-99.72
65581.05;-99.72
65583.98;-99.72
65586.91;-99.79
65589.84;-99.95
65592.77;-99.79
65595.70;-99.64
65598.63;-99.72
65601.56;-99.79
65604.49;-100.03
65607.42;-99.95
65610.35;-99.64
65613.28;-100.11
65616.21;-100.11
65619.14;-99.95
65622.07;-99.95
65625.00;-99.87
65627.93;-99.79
65630.86;-99.79
65633.79;-99.95
65636.72;-99.95
65639.65;-99.95
65642.58;-99.87
65645.51;-99.72
65648.44;-99.64
65651.37;-99.64
65654.30;-99.79
65657.23;-99.79
65660.16;-99.72
65663.09;-99.64
65666.02;-100.03
65668.95;-99.95
65671.88;-99.79
65674.80;-99.64
65677.73;-99.79
65680.66;-99.87
65683.59;-99.79
65686.52;-99.64
65689.45;-99.79
65692.38;-99.87
65695.31;-100.03
65698.24;-100.03
65701.17;-100.26
65704.10;-99.95
65707.03;-100.03
65709.96;-100.03
65712.89;-99.95
65715.82;-99.95
65718.75;-99.87
65721.68;-100.11
65724.61;-100.19
65727.54;-99.79
65730.47;-99.64
65733.40;-99.56
65736.33;-99.64
65739.26;-99.95
65742.19;-99.95
65745.12;-99.87
65748.05;-99.95
65750.98;-100.11
65753.91;-99.95
65756.84;-100.03
65759.77;-99.87
65762.70;-99.79
65765.63;-99.72
65768.55;-99.56
65771.48;-99.87
65774.41;-100.03
65777.34;-99.87
65780.27;-100.03
65783.20;-100.03
65786.13;-100.03
65789.06;-99.95
65791.99;-100.03
65794.92;-99.56
65797.85;-99.64
65800.78;-99.87
65803.71;-99.64
65806.64;-99.64
65809.57;-99.79
65812.50;-99.87
65815.43;-99.72
65818.36;-99.64
65821.29;-99.56
65824.22;-99.64
65827.15;-99.79
65830.08;-99.87
65833.01;-99.72
65835.94;-99.72
65838.87;-99.87
65841.80;-99.87
65844.73;-99.79
65847.66;-99.64
65850.59;-99.87
65853.52;-99.87
65856.45;-99.95
65859.38;-100.11
65862.30;-100.19
65865.23;-99.95
65868.16;-99.95
65871.09;-99.87
65874.02;-99.87
65876.95;-99.72
65879.88;-99.79
65882.81;-99.95
65885.74;-99.79
65888.67;-99.48
65891.60;-99.79
65894.53;-99.72
65897.46;-99.48
65900.39;-99.56
65903.32;-99.64
65906.25;-100.03
65909.18;-99.87
65912.11;-99.95
65915.04;-99.95
65917.97;-99.72
65920.90;-99.79
65923.83;-100.19
65926.76;-100.03
65929.69;-99.64
65932.62;-99.72
65935.55;-100.03
65938.48;-100.03
65941.41;-99.79
65944.34;-99.64
65947.27;-99.56
65950.20;-99.87
65953.13;-99.95
65956.05;-99.87
65958.98;-99.95
65961.91;-100.11
65964.84;-99.87
65967.77;-99.79
65970.70;-99.87
65973.63;-99.87
65976.56;-100.19
65979.49;-99.72
65982.42;-99.64
65985.35;-99.95
65988.28;-100.03
65991.21;-99.87
65994.14;-99.56
65997.07;-99.64
66000.00;-99.72
66002.93;-99.64
66005.86;-99.64
66008.79;-99.79
66011.72;-99.72
66014.65;-99.72
66017.58;-99.72
66020.51;-99.56
66023.44;-99.72
66026.37;-99.64
66029.30;-99.79
66032.23;-99.95
66035.16;-99.72
66038.09;-99.87
66041.02;-100.19
66043.95;-100.34
66046.88;-100.11
66049.80;-99.79
66052.73;-99.56
66055.66;-99.79
66058.59;-99.95
66061.52;-99.95
66064.45;-99.87
66067.38;-99.72
66070.31;-99.79
66073.24;-99.56
66076.17;-99.56
66079.10;-99.79
66082.03;-99.79
66084.96;-99.72
66087.89;-99.95
66090.82;-99.87
66093.75;-99.72
66096.68;-99.72
66099.61;-99.95
66102.54;-99.95
66105.47;-99.95
66108.40;-99.87
66111.33;-99.95
66114.26;-100.11
66117.19;-99.95
66120.12;-99.87
66123.05;-100.03
66125.98;-99.72
66128.91;-99.87
66131.84;-99.79
66134.77;-99.79
66137.70;-100.03
66140.63;-100.03
66143.55;-100.11
66146.48;-99.95
66149.41;-99.79
66152.34;-99.72
66155.27;-99.79
66158.20;-99.79
66161.13;-99.95
66164.06;-100.19
66166.99;-100.11
66169.92;-99.95
66172.85;-99.87
66175.78;-100.03
66178.71;-99.72
66181.64;-99.79
66184.57;-99.95
66187.50;-99.95
66190.43;-99.87
66193.36;-99.79
66196.29;-99.95
66199.22;-99.95
66202.15;-99.87
66205.08;-99.72
66208.01;-99.72
66210.94;-100.03
66213.87;-99.95
66216.80;-99.95
66219.73;-100.03
66222.66;-99.95
66225.59;-100.03
66228.52;-99.95
66231.45;-99.79
66234.38;-99.72
66237.30;-99.87
66240.23;-99.95
66243.16;-99.64
66246.09;-99.64
66249.02;-99.95
66251.95;-99.87
66254.88;-100.11
66257.81;-100.34
66260.74;-100.19
66263.67;-100.11
66266.60;-100.11
66269.53;-99.64
66272.46;-99.56
66275.39;-100.03
66278.32;-99.87
66281.25;-99.79
66284.18;-100.11
66287.11;-100.03
66290.04;-99.87
66292.97;-100.03
66295.90;-100.03
66298.83;-99.72
66301.76;-99.64
66304.69;-99.64
66307.62;-99.79
66310.55;-99.79
66313.48;-99.79
66316.41;-99.72
66319.34;-99.72
66322.27;-99.87
66325.20;-99.87
66328.13;-99.79
66331.05;-99.79
66333.98;-100.11
66336.91;-99.87
66339.84;-99.87
66342.77;-100.11
66345.70;-100.03
66348.63;-99.95
66351.56;-99.87
66354.49;-99.79
66357.42;-100.11
66360.35;-99.95
66363.28;-99.72
66366.21;-99.87
66369.14;-99.79
66372.07;-99.79
66375.00;-99.40
66377.93;-99.56
66380.86;-99.95
66383.79;-99.56
66386.72;-99.72
66389.65;-99.79
66392.58;-99.72
66395.51;-99.56
66398.44;-99.72
66401.37;-100.03
66404.30;-100.26
66407.23;-100.26
66410.16;-100.19
66413.09;-100.03
66416.02;-99.95
66418.95;-100.11
66421.88;-100.19
66424.80;-100.26
66427.73;-99.87
66430.66;-99.79
66433.59;-99.72
66436.52;-99.95
66439.45;-100.03
66442.38;-99.95
66445.31;-99.72
66448.24;-99.56
66451.17;-99.72
66454.10;-99.72
66457.03;-99.87
66459.96;-99.95
66462.89;-100.03
66465.82;-99.87
66468.75;-99.95
66471.68;-99.64
66474.61;-99.72
66477.54;-99.72
66480.47;-99.87
66483.40;-99.95
66486.33;-99.72
66489.26;-99.79
66492.19;-99.72
66495.12;-100.03
66498.05;-100.03
66500.98;-99.95
66503.91;-99.87
66506.84;-99.79
66509.77;-99.64
66512.70;-99.64
66515.63;-99.56
66518.55;-99.72
66521.48;-99.72
66524.41;-99.87
66527.34;-99.95
66530.27;-99.72
66533.20;-99.72
66536.13;-99.72
66539.06;-99.87
66541.99;-99.87
66544.92;-100.19
66547.85;-99.95
66550.78;-99.72
66553.71;-100.11
66556.64;-100.11
66559.57;-99.79
66562.50;-99.87
66565.43;-99.95
66568.36;-99.87
66571.29;-99.72
66574.22;-99.40
66577.15;-99.56
66580.08;-99.72
66583.01;-100.03
66585.94;-100.26
66588.87;-100.11
66591.80;-99.79
66594.73;-99.79
66597.66;-99.87
66600.59;-99.48
66603.52;-99.64
66606.45;-99.87
66609.38;-99.95
66612.30;-99.72
66615.23;-100.03
66618.16;-99.95
66621.09;-99.79
66624.02;-99.72
66626.95;-99.64
66629.88;-99.87
66632.81;-99.87
66635.74;-100.19
66638.67;-100.03
66641.60;-99.79
66644.53;-99.87
66647.46;-100.19
66650.39;-100.03
66653.32;-100.03
66656.25;-99.87
66659.18;-99.64
66662.11;-99.95
66665.04;-99.95
66667.97;-99.79
66670.90;-99.64
66673.83;-99.87
66676.76;-99.87
66679.69;-99.87
66682.62;-99.79
66685.55;-99.79
66688.48;-99.72
66691.41;-99.87
66694.34;-99.72
66697.27;-99.72
66700.20;-99.79
66703.13;-100.03
66706.05;-99.95
66708.98;-99.95
66711.91;-100.03
66714.84;-99.79
66717.77;-99.64
66720.70;-99.79
66723.63;-99.95
66726.56;-100.03
66729.49;-100.26
66732.42;-99.79
66735.35;-99.40
66738.28;-99.64
66741.21;-99.72
66744.14;-99.79
66747.07;-99.95
66750.00;-99.79
66752.93;-99.95
66755.86;-99.87
66758.79;-99.56
66761.72;-99.79
66764.65;-99.87
66767.58;-99.87
66770.51;-99.87
66773.44;-99.79
66776.37;-100.19
66779.30;-99.95
66782.23;-99.79
66785.16;-99.64
66788.09;-99.79
66791.02;-99.64
66793.95;-99.79
66796.88;-99.64
66799.80;-99.95
66802.73;-99.79
66805.66;-99.79
66808.59;-100.03
66811.52;-99.95
66814.45;-99.64
66817.38;-99.87
66820.31;-99.95
66823.24;-99.95
66826.17;-100.03
66829.10;-99.87
66832.03;-99.95
66834.96;-99.95
66837.89;-99.64
66840.82;-99.72
66843.75;-99.79
66846.68;-99.95
66849.61;-100.03
66852.54;-99.72
66855.47;-99.72
66858.40;-99.95
66861.33;-99.95
66864.26;-99.95
66867.19;-99.87
66870.12;-99.64
66873.05;-99.95
66875.98;-100.11
66878.91;-99.87
66881.84;-99.64
66884.77;-99.87
66887.70;-99.64
66890.63;-99.56
66893.55;-99.79
66896.48;-99.72
66899.41;-99.56
66902.34;-99.56
66905.27;-99.72
66908.20;-99.95
66911.13;-99.87
66914.06;-99.87
66916.99;-99.95
66919.92;-100.03
66922.85;-99.72
66925.78;-99.72
66928.71;-99.72
66931.64;-99.64
66934.57;-99.79
66937.50;-99.79
66940.43;-99.72
66943.36;-99.72
66946.29;-99.79
66949.22;-99.95
66952.15;-99.95
66955.08;-99.56
66958.01;-99.72
66960.94;-99.64
66963.87;-99.64
66966.80;-99.79
66969.73;-99.87
66972.66;-99.87
66975.59;-99.95
66978.52;-99.79
66981.45;-100.11
66984.38;-99.79
66987.30;-99.64
66990.23;-99.79
66993.16;-99.79
66996.09;-99.79
66999.02;-100.03
67001.95;-99.87
67004.88;-99.79
67007.81;-99.72
67010.74;-100.03
67013.67;-99.95
67016.60;-99.72
67019.53;-99.87
67022.46;-99.79
67025.39;-99.87
67028.32;-99.87
67031.25;-99.87
67034.18;-99.72
67037.11;-99.79
67040.04;-99.72
67042.97;-99.87
67045.90;-99.95
67048.83;-99.87
67051.76;-99.72
67054.69;-99.72
67057.62;-99.95
67060.55;-99.79
67063.48;-99.87
67066.41;-99.95
67069.34;-100.03
67072.27;-99.72
67075.20;-99.48
67078.13;-99.95
67081.05;-100.11
67083.98;-99.87
67086.91;-99.64
67089.84;-99.79
67092.77;-99.79
67095.70;-100.19
67098.63;-99.87
67101.56;-99.79
67104.49;-99.79
67107.42;-99.95
67110.35;-99.72
67113.28;-99.48
67116.21;-99.33
67119.14;-99.48
67122.07;-99.56
67125.00;-99.72
67127.93;-99.79
67130.86;-99.64
67133.79;-99.64
67136.72;-99.87
67139.65;-100.11
67142.58;-100.11
67145.51;-99.95
67148.44;-99.64
67151.37;-99.87
67154.30;-99.87
67157.23;-99.48
67160.16;-99.79
67163.09;-99.79
67166.02;-99.72
67168.95;-99.72
67171.88;-99.87
67174.80;-99.79
67177.73;-99.87
67180.66;-100.03
67183.59;-99.95
67186.52;-100.11
67189.45;-99.95
67192.38;-100.03
67195.31;-99.95
67198.24;-99.87
67201.17;-99.87
67204.10;-99.87
67207.03;-99.72
67209.96;-99.48
67212.89;-99.48
67215.82;-99.87
67218.75;-100.03
67221.68;-100.03
67224.61;-99.72
67227.54;-99.48
67230.47;-99.79
67233.40;-99.64
67236.33;-99.72
67239.26;-99.79
67242.19;-99.95
67245.12;-99.95
67248.05;-100.03
67250.98;-99.87
67253.91;-99.48
67256.84;-99.64
67259.77;-99.64
67262.70;-99.87
67265.63;-99.72
67268.55;-99.87
67271.48;-100.11
67274.41;-100.03
67277.34;-99.95
67280.27;-99.72
67283.20;-99.56
67286.13;-99.72
67289.06;-99.87
67291.99;-99.72
67294.92;-99.64
67297.85;-100.03
67300.78;-99.87
67303.71;-99.87
67306.64;-99.95
67309.57;-99.87
67312.50;-99.79
67315.43;-99.64
67318.36;-99.64
67321.29;-99.79
67324.22;-100.03
67327.15;-100.11
67330.08;-100.03
67333.01;-99.72
67335.94;-99.79
67338.87;-99.87
67341.80;-99.87
67344.73;-99.87
67347.66;-99.95
67350.59;-99.72
67353.52;-99.64
67356.45;-99.79
67359.38;-99.79
67362.30;-99.72
67365.23;-99.95
67368.16;-99.95
67371.09;-99.87
67374.02;-99.95
67376.95;-99.95
67379.88;-100.19
67382.81;-100.11
67385.74;-99.87
67388.67;-100.03
67391.60;-100.11
67394.53;-99.72
67397.46;-99.79
67400.39;-99.72
67403.32;-99.79
67406.25;-99.79
67409.18;-99.95
67412.11;-99.87
67415.04;-99.72
67417.97;-99.72
67420.90;-99.72
67423.83;-99.56
67426.76;-99.56
67429.69;-99.64
67432.62;-99.72
67435.55;-99.87
67438.48;-100.11
67441.41;-99.95
67444.34;-99.87
67447.27;-99.64
67450.20;-99.56
67453.13;-99.87
67456.05;-99.79
67458.98;-99.56
67461.91;-99.72
67464.84;-100.03
67467.77;-100.03
67470.70;-99.72
67473.63;-99.56
67476.56;-99.72
67479.49;-99.64
67482.42;-99.40
67485.35;-99.64
67488.28;-99.95
67491.21;-100.19
67494.14;-99.95
67497.07;-99.87
67500.00;-100.03
67502.93;-99.87
67505.86;-99.95
67508.79;-99.72
67511.72;-99.79
67514.65;-99.95
67517.58;-100.11
67520.51;-100.11
67523.44;-99.95
67526.37;-99.79
67529.30;-99.87
67532.23;-99.87
67535.16;-99.79
67538.09;-99.64
67541.02;-99.79
67543.95;-99.95
67546.88;-99.72
67549.80;-99.72
67552.73;-99.87
67555.66;-99.87
67558.59;-99.72
67561.52;-99.79
67564.45;-99.87
67567.38;-99.72
67570.31;-99.72
67573.24;-99.87
67576.17;-100.26
67579.10;-100.11
67582.03;-99.95
67584.96;-99.64
67587.89;-99.72
67590.82;-99.64
67593.75;-99.64
67596.68;-99.64
67599.61;-99.79
67602.54;-99.95
67605.47;-99.87
67608.40;-99.87
67611.33;-99.72
67614.26;-99.79
67617.19;-99.87
67620.12;-99.87
67623.05;-99.72
67625.98;-100.03
67628.91;-99.87
67631.84;-99.79
67634.77;-99.56
67637.70;-99.56
67640.63;-99.79
67643.55;-99.72
67646.48;-99.56
67649.41;-99.56
67652.34;-99.72
67655.27;-100.03
67658.20;-99.87
67661.13;-99.64
67664.06;-99.79
67666.99;-99.79
67669.92;-99.95
67672.85;-99.87
67675.78;-99.64
67678.71;-99.79
67681.64;-99.79
67684.57;-99.95
67687.50;-99.79
67690.43;-99.72
67693.36;-99.64
67696.29;-99.64
67699.22;-99.72
67702.15;-99.87
67705.08;-99.64
67708.01;-99.79
67710.94;-99.87
67713.87;-99.87
67716.80;-99.64
67719.73;-99.72
67722.66;-100.19
67725.59;-100.19
67728.52;-99.79
67731.45;-99.72
67734.38;-99.79
67737.30;-99.87
67740.23;-99.72
67743.16;-99.64
67746.09;-99.79
67749.02;-99.87
67751.95;-99.72
67754.88;-99.79
67757.81;-99.79
67760.74;-99.72
67763.67;-99.87
67766.60;-100.03
67769.53;-99.79
67772.46;-99.79
67775.39;-99.79
67778.32;-99.72
67781.25;-99.72
67784.18;-99.87
67787.11;-99.79
67790.04;-99.72
67792.97;-99.64
67795.90;-99.87
67798.83;-99.64
67801.76;-99.72
67804.69;-99.72
67807.62;-99.56
67810.55;-99.64
67813.48;-99.95
67816.41;-99.95
67819.34;-99.64
67822.27;-99.87
67825.20;-100.11
67828.13;-100.11
67831.05;-99.72
67833.98;-99.72
67836.91;-100.11
67839.84;-99.79
67842.77;-99.79
67845.70;-99.72
67848.63;-99.79
67851.56;-100.03
67854.49;-99.87
67857.42;-99.87
67860.35;-99.79
67863.28;-99.95
67866.21;-100.11
67869.14;-99.87
67872.07;-99.79
67875.00;-99.72
67877.93;-99.56
67880.86;-99.87
67883.79;-99.87
67886.72;-99.87
67889.65;-99.95
67892.58;-100.11
67895.51;-99.95
67898.44;-100.03
67901.37;-100.11
67904.30;-99.87
67907.23;-99.87
67910.16;-99.79
67913.09;-99.72
67916.02;-99.56
67918.95;-99.87
67921.88;-99.72
67924.80;-99.87
67927.73;-100.03
67930.66;-100.03
67933.59;-100.03
67936.52;-99.87
67939.45;-99.87
67942.38;-100.03
67945.31;-99.64
67948.24;-99.72
67951.17;-99.79
67954.10;-99.72
67957.03;-99.95
67959.96;-99.95
67962.89;-100.11
67965.82;-99.95
67968.75;-99.95
67971.68;-99.79
67974.61;-99.72
67977.54;-99.95
67980.47;-99.79
67983.40;-99.87
67986.33;-99.87
67989.26;-100.11
67992.19;-100.03
67995.12;-100.03
67998.05;-99.87
68000.98;-99.95
68003.91;-99.87
68006.84;-99.95
68009.77;-100.19
68012.70;-99.79
68015.63;-99.64
68018.55;-99.72
68021.48;-100.11
68024.41;-99.95
68027.34;-99.87
68030.27;-100.11
68033.20;-99.95
68036.13;-99.72
68039.06;-99.79
68041.99;-100.03
68044.92;-100.34
68047.85;-99.79
68050.78;-99.56
68053.71;-99.48
68056.64;-99.64
68059.57;-99.87
68062.50;-99.79
68065.43;-99.79
68068.36;-99.56
68071.29;-99.72
68074.22;-99.64
68077.15;-99.87
68080.08;-99.87
68083.01;-99.64
68085.94;-99.64
68088.87;-99.72
68091.80;-99.79
68094.73;-99.87
68097.66;-99.95
68100.59;-99.95
68103.52;-99.87
68106.45;-99.79
68109.38;-99.64
68112.30;-99.79
68115.23;-99.48
68118.16;-99.79
68121.09;-99.79
68124.02;-99.79
68126.95;-100.03
68129.88;-99.95
68132.81;-99.72
68135.74;-99.87
68138.67;-99.87
68141.60;-99.87
68144.53;-99.72
68147.46;-99.79
68150.39;-99.87
68153.32;-99.79
68156.25;-99.95
68159.18;-99.72
68162.11;-99.95
68165.04;-100.03
68167.97;-100.11
68170.90;-99.87
68173.83;-99.64
68176.76;-99.64
68179.69;-99.95
68182.62;-100.26
68185.55;-100.26
68188.48;-100.19
68191.41;-99.95
68194.34;-99.87
68197.27;-99.79
68200.20;-99.72
68203.13;-100.03
68206.05;-99.95
68208.98;-99.79
68211.91;-99.87
68214.84;-100.03
68217.77;-99.72
68220.70;-99.87
68223.63;-100.03
68226.56;-99.95
68229.49;-99.95
68232.42;-100.26
68235.35;-99.95
68238.28;-99.56
68241.21;-99.64
68244.14;-99.87
68247.07;-99.87
68250.00;-99.79
68252.93;-99.64
68255.86;-99.72
68258.79;-99.79
68261.72;-99.87
68264.65;-99.87
68267.58;-100.03
68270.51;-100.03
68273.44;-99.87
68276.37;-99.79
68279.30;-99.87
68282.23;-99.72
68285.16;-99.56
68288.09;-99.95
68291.02;-100.03
68293.95;-100.11
68296.88;-99.95
68299.80;-99.95
68302.73;-100.03
68305.66;-99.95
68308.59;-100.11
68311.52;-100.11
68314.45;-100.19
68317.38;-99.87
68320.31;-99.79
68323.24;-99.64
68326.17;-99.87
68329.10;-99.79
68332.03;-99.72
68334.96;-99.87
68337.89;-99.64
68340.82;-99.87
68343.75;-100.11
68346.68;-100.03
68349.61;-99.79
68352.54;-99.95
68355.47;-99.95
68358.40;-99.79
68361.33;-99.72
68364.26;-99.72
68367.19;-99.79
68370.12;-99.79
68373.05;-100.03
68375.98;-100.03
68378.91;-100.26
68381.84;-99.72
68384.77;-99.79
68387.70;-100.03
68390.63;-100.11
68393.55;-99.72
68396.48;-99.72
68399.41;-99.95
68402.34;-99.87
68405.27;-99.72
68408.20;-99.95
68411.13;-100.11
68414.06;-99.72
68416.99;-99.64
68419.92;-99.64
68422.85;-99.87
68425.78;-99.87
68428.71;-99.79
68431.64;-99.79
68434.57;-99.87
68437.50;-100.03
68440.43;-99.95
68443.36;-99.95
68446.29;-99.72
68449.22;-99.87
68452.15;-99.87
68455.08;-99.64
68458.01;-99.56
68460.94;-99.72
68463.87;-99.79
68466.80;-99.79
68469.73;-99.72
68472.66;-99.87
68475.59;-99.95
68478.52;-99.95
68481.45;-99.87
68484.38;-99.64
68487.30;-99.79
68490.23;-100.03
68493.16;-99.95
68496.09;-99.87
68499.02;-99.95
68501.95;-99.79
68504.88;-99.56
68507.81;-99.48
68510.74;-99.87
68513.67;-99.95
68516.60;-99.87
68519.53;-100.03
68522.46;-100.19
68525.39;-99.95
68528.32;-99.79
68531.25;-99.79
68534.18;-99.95
68537.11;-100.03
68540.04;-99.64
68542.97;-99.79
68545.90;-99.95
68548.83;-99.95
68551.76;-100.03
68554.69;-99.87
68557.62;-99.72
68560.55;-99.95
68563.48;-99.95
68566.41;-100.11
68569.34;-100.11
68572.27;-100.11
68575.20;-99.95
68578.13;-100.03
68581.05;-99.79
68583.98;-99.72
68586.91;-99.72
68589.84;-99.95
68592.77;-100.11
68595.70;-99.95
68598.63;-99.87
68601.56;-99.72
68604.49;-99.72
68607.42;-99.87
68610.35;-100.03
68613.28;-99.79
68616.21;-100.03
68619.14;-99.87
68622.07;-99.87
68625.00;-99.79
68627.93;-99.64
68630.86;-99.48
68633.79;-99.64
68636.72;-99.72
68639.65;-99.95
68642.58;-99.95
68645.51;-99.87
68648.44;-99.95
68651.37;-100.03
68654.30;-100.11
68657.23;-100.11
68660.16;-100.34
68663.09;-100.11
68666.02;-99.95
68668.95;-100.19
68671.88;-100.34
68674.80;-99.95
68677.73;-99.79
68680.66;-99.95
68683.59;-99.79
68686.52;-99.79
68689.45;-99.95
68692.38;-99.87
68695.31;-99.72
68698.24;-99.95
68701.17;-99.87
68704.10;-99.87
68707.03;-99.95
68709.96;-100.11
68712.89;-99.72
68715.82;-99.25
68718.75;-99.72
68721.68;-99.95
68724.61;-100.03
68727.54;-99.95
68730.47;-99.79
68733.40;-99.87
68736.33;-99.95
68739.26;-99.95
68742.19;-99.79
68745.12;-99.79
68748.05;-99.72
68750.98;-99.64
68753.91;-99.79
68756.84;-99.95
68759.77;-100.03
68762.70;-99.95
68765.63;-99.87
68768.55;-99.79
68771.48;-99.72
68774.41;-99.95
68777.34;-100.03
68780.27;-99.87
68783.20;-99.95
68786.13;-100.03
68789.06;-99.87
68791.99;-99.95
68794.92;-99.48
68797.85;-99.72
68800.78;-99.95
68803.71;-99.64
68806.64;-99.72
68809.57;-99.79
68812.50;-99.79
68815.43;-99.79
68818.36;-99.95
68821.29;-99.95
68824.22;-99.87
68827.15;-99.95
68830.08;-99.87
68833.01;-99.79
68835.94;-99.79
68838.87;-99.79
68841.80;-99.79
68844.73;-100.03
68847.66;-100.11
68850.59;-99.79
68853.52;-99.95
68856.45;-100.11
68859.38;-100.19
68862.30;-99.87
68865.23;-99.72
68868.16;-99.64
68871.09;-99.87
68874.02;-99.87
68876.95;-100.03
68879.88;-99.87
68882.81;-99.95
68885.74;-99.87
68888.67;-99.87
68891.60;-100.19
68894.53;-100.19
68897.46;-100.11
68900.39;-99.79
68903.32;-99.79
68906.25;-99.79
68909.18;-99.72
68912.11;-99.72
68915.04;-99.64
68917.97;-99.72
68920.90;-99.79
68923.83;-99.79
68926.76;-99.95
68929.69;-100.26
68932.62;-99.87
68935.55;-99.64
68938.48;-99.48
68941.41;-99.64
68944.34;-99.95
68947.27;-99.95
68950.20;-99.79
68953.13;-99.79
68956.05;-99.72
68958.98;-99.79
68961.91;-99.64
68964.84;-99.64
68967.77;-99.79
68970.70;-99.79
68973.63;-99.64
68976.56;-99.64
68979.49;-99.72
68982.42;-99.87
68985.35;-99.87
68988.28;-99.87
68991.21;-99.87
68994.14;-99.87
68997.07;-99.95
69000.00;-99.79
69002.93;-99.79
69005.86;-100.03
69008.79;-100.03
69011.72;-99.79
69014.65;-99.72
69017.58;-99.79
69020.51;-100.03
69023.44;-99.95
69026.37;-99.95
69029.30;-99.79
69032.23;-99.87
69035.16;-99.87
69038.09;-99.79
69041.02;-99.72
69043.95;-99.87
69046.88;-99.95
69049.80;-100.03
69052.73;-99.87
69055.66;-99.87
69058.59;-99.87
69061.52;-99.95
69064.45;-99.87
69067.38;-99.95
69070.31;-100.11
69073.24;-99.72
69076.17;-99.40
69079.10;-99.64
69082.03;-99.72
69084.96;-99.64
69087.89;-99.48
69090.82;-100.03
69093.75;-100.26
69096.68;-99.95
69099.61;-99.87
69102.54;-99.95
69105.47;-100.19
69108.40;-100.26
69111.33;-100.11
69114.26;-99.79
69117.19;-99.87
69120.12;-99.87
69123.05;-99.87
69125.98;-100.03
69128.91;-100.03
69131.84;-99.95
69134.77;-99.95
69137.70;-100.03
69140.63;-99.87
69143.55;-99.79
69146.48;-99.95
69149.41;-99.95
69152.34;-99.79
69155.27;-99.72
69158.20;-99.79
69161.13;-99.95
69164.06;-99.87
69166.99;-99.64
69169.92;-99.79
69172.85;-99.95
69175.78;-100.03
69178.71;-99.64
69181.64;-99.56
69184.57;-99.72
69187.50;-99.87
69190.43;-99.95
69193.36;-99.87
69196.29;-99.79
69199.22;-99.95
69202.15;-100.11
69205.08;-100.11
69208.01;-100.03
69210.94;-100.03
69213.87;-99.95
69216.80;-99.72
69219.73;-99.95
69222.66;-100.11
69225.59;-100.03
69228.52;-99.87
69231.45;-99.95
69234.38;-99.87
69237.30;-99.56
69240.23;-99.48
69243.16;-99.79
69246.09;-99.64
69249.02;-99.64
69251.95;-99.64
69254.88;-99.48
69257.81;-99.72
69260.74;-99.95
69263.67;-100.11
69266.60;-100.03
69269.53;-99.95
69272.46;-99.87
69275.39;-99.79
69278.32;-99.79
69281.25;-99.72
69284.18;-99.64
69287.11;-99.64
69290.04;-99.95
69292.97;-99.79
69295.90;-100.19
69298.83;-99.95
69301.76;-99.87
69304.69;-100.03
69307.62;-99.87
69310.55;-99.72
69313.48;-99.87
69316.41;-99.95
69319.34;-100.03
69322.27;-100.19
69325.20;-100.03
69328.13;-99.72
69331.05;-99.48
69333.98;-99.72
69336.91;-99.72
69339.84;-99.56
69342.77;-99.79
69345.70;-99.72
69348.63;-99.56
69351.56;-99.79
69354.49;-100.03
69357.42;-99.95
69360.35;-99.87
69363.28;-99.95
69366.21;-100.03
69369.14;-99.95
69372.07;-99.95
69375.00;-100.03
69377.93;-100.03
69380.86;-100.11
69383.79;-99.79
69386.72;-99.87
69389.65;-99.72
69392.58;-100.11
69395.51;-100.11
69398.44;-99.87
69401.37;-99.95
69404.30;-99.87
69407.23;-99.95
69410.16;-99.95
69413.09;-99.95
69416.02;-100.11
69418.95;-100.11
69421.88;-100.19
69424.80;-100.03
69427.73;-99.79
69430.66;-100.03
69433.59;-99.95
69436.52;-99.79
69439.45;-99.56
69442.38;-99.72
69445.31;-99.79
69448.24;-99.95
69451.17;-100.11
69454.10;-100.03
69457.03;-99.79
69459.96;-99.95
69462.89;-99.79
69465.82;-99.64
69468.75;-99.95
69471.68;-100.11
69474.61;-99.79
69477.54;-99.64
69480.47;-99.64
69483.40;-99.79
69486.33;-99.79
69489.26;-99.56
69492.19;-99.95
69495.12;-99.79
69498.05;-99.79
69500.98;-100.19
69503.91;-100.03
69506.84;-99.79
69509.77;-99.64
69512.70;-99.72
69515.63;-99.79
69518.55;-99.72
69521.48;-99.79
69524.41;-99.95
69527.34;-99.95
69530.27;-100.11
69533.20;-99.87
69536.13;-99.87
69539.06;-99.87
69541.99;-99.72
69544.92;-99.79
69547.85;-99.72
69550.78;-99.72
69553.71;-100.03
69556.64;-100.11
69559.57;-99.48
69562.50;-99.56
69565.43;-99.64
69568.36;-99.87
69571.29;-100.03
69574.22;-99.87
69577.15;-99.95
69580.08;-99.95
69583.01;-99.95
69585.94;-100.26
69588.87;-100.19
69591.80;-99.79
69594.73;-99.72
69597.66;-99.64
69600.59;-99.56
69603.52;-99.48
69606.45;-99.64
69609.38;-99.64
69612.30;-99.48
69615.23;-99.64
69618.16;-99.95
69621.09;-99.72
69624.02;-99.87
69626.95;-100.11
69629.88;-99.87
69632.81;-99.95
69635.74;-99.79
69638.67;-99.64
69641.60;-99.79
69644.53;-99.87
69647.46;-99.87
69650.39;-99.87
69653.32;-100.03
69656.25;-100.03
69659.18;-99.87
69662.11;-100.03
69665.04;-99.95
69667.97;-100.03
69670.90;-99.79
69673.83;-99.79
69676.76;-100.19
69679.69;-100.11
69682.62;-100.03
69685.55;-99.95
69688.48;-99.79
69691.41;-99.87
69694.34;-99.56
69697.27;-99.56
69700.20;-99.56
69703.13;-99.79
69706.05;-99.79
69708.98;-100.03
69711.91;-100.26
69714.84;-100.03
69717.77;-99.95
69720.70;-99.87
69723.63;-99.87
69726.56;-99.87
69729.49;-100.03
69732.42;-100.19
69735.35;-99.87
69738.28;-99.72
69741.21;-100.03
69744.14;-100.19
69747.07;-100.19
69750.00;-100.03
69752.93;-100.03
69755.86;-99.95
69758.79;-99.95
69761.72;-99.79
69764.65;-100.11
69767.58;-99.95
69770.51;-99.79
69773.44;-99.72
69776.37;-99.87
69779.30;-99.72
69782.23;-99.87
69785.16;-99.87
69788.09;-99.79
69791.02;-100.11
69793.95;-99.87
69796.88;-99.87
69799.80;-99.95
69802.73;-99.72
69805.66;-99.56
69808.59;-99.95
69811.52;-99.87
69814.45;-100.11
69817.38;-100.26
69820.31;-99.87
69823.24;-99.79
69826.17;-99.87
69829.10;-99.87
69832.03;-100.11
69834.96;-100.11
69837.89;-100.19
69840.82;-100.19
69843.75;-100.11
69846.68;-100.03
69849.61;-99.79
69852.54;-99.95
69855.47;-100.19
69858.40;-100.03
69861.33;-99.79
69864.26;-99.79
69867.19;-99.72
69870.12;-99.72
69873.05;-99.72
69875.98;-99.72
69878.91;-99.79
69881.84;-99.87
69884.77;-100.11
69887.70;-100.26
69890.63;-100.26
69893.55;-100.19
69896.48;-99.95
69899.41;-99.72
69902.34;-99.79
69905.27;-99.72
69908.20;-99.87
69911.13;-99.72
69914.06;-99.79
69916.99;-100.26
69919.92;-100.26
69922.85;-100.26
69925.78;-99.95
69928.71;-99.87
69931.64;-99.72
69934.57;-99.64
69937.50;-99.95
69940.43;-100.19
69943.36;-100.03
69946.29;-99.87
69949.22;-99.64
69952.15;-99.79
69955.08;-99.79
69958.01;-99.79
69960.94;-99.95
69963.87;-99.87
69966.80;-99.95
69969.73;-99.79
69972.66;-100.11
69975.59;-100.19
69978.52;-100.03
69981.45;-99.72
69984.38;-100.03
69987.30;-100.19
69990.23;-100.03
69993.16;-99.72
69996.09;-99.72
69999.02;-100.03
70001.95;-99.87
70004.88;-99.79
70007.81;-99.72
70010.74;-99.79
70013.67;-100.03
70016.60;-100.03
70019.53;-100.03
70022.46;-99.95
70025.39;-100.03
70028.32;-100.11
70031.25;-99.95
70034.18;-99.48
70037.11;-99.64
70040.04;-99.87
70042.97;-99.87
70045.90;-99.64
70048.83;-99.72
70051.76;-99.95
70054.69;-99.95
70057.62;-99.87
70060.55;-100.03
70063.48;-100.19
70066.41;-100.03
70069.34;-100.03
70072.27;-99.95
70075.20;-99.87
70078.13;-99.95
70081.05;-99.79
70083.98;-99.79
70086.91;-99.95
70089.84;-100.19
70092.77;-100.26
70095.70;-100.11
70098.63;-99.87
70101.56;-100.03
70104.49;-100.19
70107.42;-100.11
70110.35;-99.87
70113.28;-99.87
70116.21;-100.11
70119.14;-99.95
70122.07;-99.72
70125.00;-100.11
70127.93;-99.87
70130.86;-99.48
70133.79;-99.48
70136.72;-99.79
70139.65;-100.03
70142.58;-99.72
70145.51;-99.79
70148.44;-99.87
70151.37;-99.95
70154.30;-100.03
70157.23;-100.03
70160.16;-99.79
70163.09;-99.72
70166.02;-99.79
70168.95;-100.03
70171.88;-100.11
70174.80;-99.87
70177.73;-99.72
70180.66;-99.72
70183.59;-99.72
70186.52;-99.79
70189.45;-99.87
70192.38;-99.87
70195.31;-99.72
70198.24;-100.11
70201.17;-100.03
70204.10;-99.95
70207.03;-99.95
70209.96;-99.87
70212.89;-99.79
70215.82;-99.95
70218.75;-99.72
70221.68;-99.87
70224.61;-100.03
70227.54;-100.03
70230.47;-99.72
70233.40;-99.72
70236.33;-99.95
70239.26;-99.95
70242.19;-99.79
70245.12;-99.72
70248.05;-99.95
70250.98;-100.03
70253.91;-99.79
70256.84;-99.72
70259.77;-99.64
70262.70;-99.64
70265.63;-99.79
70268.55;-99.95
70271.48;-99.79
70274.41;-99.87
70277.34;-99.87
70280.27;-99.87
70283.20;-99.87
70286.13;-99.79
70289.06;-99.72
70291.99;-100.03
70294.92;-99.87
70297.85;-100.03
70300.78;-100.19
70303.71;-100.03
70306.64;-99.72
70309.57;-99.87
70312.50;-99.79
70315.43;-99.79
70318.36;-99.95
70321.29;-99.95
70324.22;-99.87
70327.15;-99.79
70330.08;-99.72
70333.01;-99.87
70335.94;-99.95
70338.87;-99.95
70341.80;-99.64
70344.73;-99.56
70347.66;-99.79
70350.59;-100.03
70353.52;-100.19
70356.45;-99.95
70359.38;-99.64
70362.30;-99.79
70365.23;-99.87
70368.16;-100.03
70371.09;-99.95
70374.02;-100.03
70376.95;-100.11
70379.88;-100.11
70382.81;-99.87
70385.74;-99.79
70388.67;-99.87
70391.60;-100.03
70394.53;-99.87
70397.46;-99.95
70400.39;-100.26
70403.32;-99.87
70406.25;-100.11
70409.18;-100.03
70412.11;-99.87
70415.04;-99.79
70417.97;-99.79
70420.90;-99.87
70423.83;-100.19
70426.76;-99.79
70429.69;-99.72
70432.62;-99.87
70435.55;-99.79
70438.48;-99.64
70441.41;-99.79
70444.34;-100.03
70447.27;-100.03
70450.20;-99.87
70453.13;-99.95
70456.05;-99.95
70458.98;-99.95
70461.91;-100.19
70464.84;-100.19
70467.77;-99.87
70470.70;-100.03
70473.63;-99.87
70476.56;-99.72
70479.49;-99.95
70482.42;-100.03
70485.35;-99.95
70488.28;-100.11
70491.21;-100.19
70494.14;-99.95
70497.07;-99.79
70500.00;-100.03
70502.93;-100.26
70505.86;-100.19
70508.79;-100.03
70511.72;-100.03
70514.65;-100.19
70517.58;-100.03
70520.51;-99.95
70523.44;-100.03
70526.37;-100.11
70529.30;-99.79
70532.23;-99.72
70535.16;-99.79
70538.09;-99.79
70541.02;-99.72
70543.95;-100.03
70546.88;-99.79
70549.80;-99.56
70552.73;-99.56
70555.66;-99.64
70558.59;-99.79
70561.52;-99.95
70564.45;-99.72
70567.38;-99.95
70570.31;-100.03
70573.24;-99.87
70576.17;-99.72
70579.10;-99.64
70582.03;-99.87
70584.96;-100.03
70587.89;-99.72
70590.82;-99.79
70593.75;-99.72
70596.68;-99.79
70599.61;-99.87
70602.54;-99.87
70605.47;-99.87
70608.40;-99.79
70611.33;-99.87
70614.26;-100.19
70617.19;-100.11
70620.12;-99.87
70623.05;-99.72
70625.98;-99.56
70628.91;-99.56
70631.84;-99.56
70634.77;-99.79
70637.70;-99.87
70640.63;-100.03
70643.55;-99.79
70646.48;-99.72
70649.41;-99.79
70652.34;-99.87
70655.27;-99.87
70658.20;-99.79
70661.13;-99.87
70664.06;-100.11
70666.99;-99.87
70669.92;-100.03
70672.85;-99.87
70675.78;-100.03
70678.71;-99.87
70681.64;-100.03
70684.57;-99.79
70687.50;-99.95
70690.43;-100.26
70693.36;-100.11
70696.29;-99.87
70699.22;-99.87
70702.15;-100.11
70705.08;-99.79
70708.01;-99.64
70710.94;-99.79
70713.87;-100.19
70716.80;-100.11
70719.73;-99.95
70722.66;-100.03
70725.59;-100.11
70728.52;-99.87
70731.45;-99.87
70734.38;-99.72
70737.30;-99.79
70740.23;-99.72
70743.16;-99.87
70746.09;-100.42
70749.02;-99.95
70751.95;-99.79
70754.88;-99.87
70757.81;-99.79
70760.74;-99.95
70763.67;-99.79
70766.60;-99.87
70769.53;-100.03
70772.46;-99.95
70775.39;-99.95
70778.32;-100.19
70781.25;-100.26
70784.18;-99.95
70787.11;-99.79
70790.04;-99.95
70792.97;-99.72
70795.90;-99.56
70798.83;-99.40
70801.76;-99.72
70804.69;-100.26
70807.62;-100.11
70810.55;-99.79
70813.48;-99.72
70816.41;-99.72
70819.34;-99.64
70822.27;-99.87
70825.20;-100.03
70828.13;-100.11
70831.05;-99.95
70833.98;-99.72
70836.91;-99.72
70839.84;-99.72
70842.77;-100.03
70845.70;-100.03
70848.63;-99.87
70851.56;-99.87
70854.49;-99.87
70857.42;-99.95
70860.35;-99.87
70863.28;-99.56
70866.21;-99.64
70869.14;-100.03
70872.07;-99.87
70875.00;-99.79
70877.93;-99.79
70880.86;-99.87
70883.79;-99.87
70886.72;-99.79
70889.65;-99.79
70892.58;-99.87
70895.51;-99.79
70898.44;-99.64
70901.37;-100.03
70904.30;-99.95
70907.23;-99.64
70910.16;-99.79
70913.09;-99.87
70916.02;-100.03
70918.95;-100.03
70921.88;-99.87
70924.80;-99.87
70927.73;-100.11
70930.66;-100.11
70933.59;-99.72
70936.52;-99.48
70939.45;-99.72
70942.38;-100.11
70945.31;-100.03
70948.24;-99.87
70951.17;-99.64
70954.10;-99.79
70957.03;-99.95
70959.96;-99.72
70962.89;-99.72
70965.82;-99.64
70968.75;-99.72
70971.68;-99.79
70974.61;-99.87
70977.54;-99.87
70980.47;-100.03
70983.40;-100.03
70986.33;-100.03
70989.26;-100.03
70992.19;-100.03
70995.12;-99.95
70998.05;-99.72
71000.98;-99.95
71003.91;-100.03
71006.84;-99.79
71009.77;-99.79
71012.70;-99.79
71015.63;-99.72
71018.55;-99.79
71021.48;-99.64
71024.41;-99.72
71027.34;-99.79
71030.27;-99.56
71033.20;-99.72
71036.13;-99.79
71039.06;-99.79
71041.99;-99.87
71044.92;-99.48
71047.85;-99.33
71050.78;-99.79
71053.71;-100.03
71056.64;-100.11
71059.57;-99.87
71062.50;-99.79
71065.43;-99.79
71068.36;-99.56
71071.29;-99.72
71074.22;-99.87
71077.15;-99.79
71080.08;-99.95
71083.01;-99.72
71085.94;-99.64
71088.87;-99.56
71091.80;-99.79
71094.73;-99.79
71097.66;-99.95
71100.59;-100.34
71103.52;-100.03
71106.45;-99.79
71109.38;-99.64
71112.30;-99.79
71115.23;-99.95
71118.16;-99.95
71121.09;-100.11
71124.02;-99.95
71126.95;-99.72
71129.88;-99.95
71132.81;-99.95
71135.74;-100.03
71138.67;-100.11
71141.60;-99.95
71144.53;-99.64
71147.46;-99.79
71150.39;-100.11
71153.32;-100.11
71156.25;-100.03
71159.18;-100.11
71162.11;-99.95
71165.04;-99.72
71167.97;-99.95
71170.90;-100.03
71173.83;-99.72
71176.76;-99.72
71179.69;-100.03
71182.62;-100.03
71185.55;-100.11
71188.48;-100.19
71191.41;-100.11
71194.34;-99.79
71197.27;-99.87
71200.20;-100.03
71203.13;-100.11
71206.05;-100.03
71208.98;-100.03
71211.91;-100.11
71214.84;-100.19
71217.77;-99.87
71220.70;-99.56
71223.63;-99.87
71226.56;-100.11
71229.49;-100.03
71232.42;-99.72
71235.35;-99.64
71238.28;-99.79
71241.21;-99.95
71244.14;-99.72
71247.07;-99.72
71250.00;-99.87
71252.93;-100.03
71255.86;-100.03
71258.79;-99.87
71261.72;-100.19
71264.65;-100.34
71267.58;-100.11
71270.51;-99.87
71273.44;-99.95
71276.37;-100.03
71279.30;-99.95
71282.23;-100.19
71285.16;-100.03
71288.09;-100.11
71291.02;-99.95
71293.95;-100.03
71296.88;-100.03
71299.80;-99.79
71302.73;-99.72
71305.66;-100.03
71308.59;-99.95
71311.52;-99.79
71314.45;-99.72
71317.38;-99.95
71320.31;-99.72
71323.24;-99.87
71326.17;-99.95
71329.10;-100.03
71332.03;-99.95
71334.96;-99.87
71337.89;-99.95
71340.82;-100.03
71343.75;-100.03
71346.68;-100.03
71349.61;-100.19
71352.54;-99.79
71355.47;-99.79
71358.40;-99.79
71361.33;-100.03
71364.26;-100.11
71367.19;-99.95
71370.12;-99.95
71373.05;-99.79
71375.98;-99.72
71378.91;-99.87
71381.84;-99.95
71384.77;-99.87
71387.70;-99.95
71390.63;-100.11
71393.55;-99.95
71396.48;-99.87
71399.41;-99.79
71402.34;-99.79
71405.27;-99.87
71408.20;-100.03
71411.13;-99.72
71414.06;-99.64
71416.99;-99.87
71419.92;-99.79
71422.85;-99.79
71425.78;-99.95
71428.71;-100.11
71431.64;-100.03
71434.57;-99.87
71437.50;-99.72
71440.43;-99.72
71443.36;-99.87
71446.29;-99.87
71449.22;-100.11
71452.15;-100.11
71455.08;-100.03
71458.01;-100.19
71460.94;-99.95
71463.87;-99.87
71466.80;-100.03
71469.73;-99.87
71472.66;-100.03
71475.59;-99.87
71478.52;-100.03
71481.45;-100.11
71484.38;-100.11
71487.30;-100.19
71490.23;-100.03
71493.16;-99.95
71496.09;-100.03
71499.02;-99.95
71501.95;-100.26
71504.88;-99.79
71507.81;-99.72
71510.74;-100.03
71513.67;-100.03
71516.60;-99.95
71519.53;-100.11
71522.46;-100.03
71525.39;-99.64
71528.32;-99.64
71531.25;-100.03
71534.18;-99.87
71537.11;-99.95
71540.04;-100.03
71542.97;-100.03
71545.90;-99.95
71548.83;-99.95
71551.76;-99.87
71554.69;-99.87
71557.62;-100.03
71560.55;-99.95
71563.48;-100.03
71566.41;-99.95
71569.34;-99.72
71572.27;-99.56
71575.20;-99.79
71578.13;-99.95
71581.05;-100.19
71583.98;-99.95
71586.91;-100.03
71589.84;-99.87
71592.77;-99.79
71595.70;-99.95
71598.63;-100.11
71601.56;-100.11
71604.49;-100.11
71607.42;-99.95
71610.35;-100.11
71613.28;-100.26
71616.21;-100.03
71619.14;-99.87
71622.07;-100.11
71625.00;-99.95
71627.93;-99.79
71630.86;-100.03
71633.79;-99.95
71636.72;-100.26
71639.65;-100.19
71642.58;-100.11
71645.51;-100.11
71648.44;-100.03
71651.37;-99.87
71654.30;-99.95
71657.23;-100.11
71660.16;-99.87
71663.09;-99.79
71666.02;-99.79
71668.95;-99.95
71671.88;-99.87
71674.80;-99.87
71677.73;-99.95
71680.66;-99.95
71683.59;-99.72
71686.52;-99.79
71689.45;-99.95
71692.38;-100.26
71695.31;-100.03
71698.24;-100.03
71701.17;-100.11
71704.10;-100.34
71707.03;-100.19
71709.96;-100.11
71712.89;-99.87
71715.82;-99.87
71718.75;-99.79
71721.68;-99.95
71724.61;-100.11
71727.54;-100.19
71730.47;-99.95
71733.40;-99.95
71736.33;-99.79
71739.26;-99.79
71742.19;-99.79
71745.12;-99.72
71748.05;-99.95
71750.98;-100.26
71753.91;-100.26
71756.84;-100.11
71759.77;-100.03
71762.70;-99.87
71765.63;-100.11
71768.55;-99.95
71771.48;-100.03
71774.41;-100.03
71777.34;-99.87
71780.27;-99.79
71783.20;-100.11
71786.13;-100.03
71789.06;-99.87
71791.99;-99.95
71794.92;-99.95
71797.85;-99.95
71800.78;-99.87
71803.71;-99.79
71806.64;-99.95
71809.57;-100.03
71812.50;-99.72
71815.43;-99.72
71818.36;-100.03
71821.29;-100.03
71824.22;-99.95
71827.15;-99.87
71830.08;-99.72
71833.01;-99.64
71835.94;-99.56
71838.87;-99.64
71841.80;-99.72
71844.73;-99.87
71847.66;-99.95
71850.59;-99.95
71853.52;-99.79
71856.45;-100.03
71859.38;-99.95
71862.30;-99.79
71865.23;-99.95
71868.16;-100.11
71871.09;-100.26
71874.02;-100.03
71876.95;-99.87
71879.88;-99.87
71882.81;-100.11
71885.74;-100.03
71888.67;-99.87
71891.60;-99.87
71894.53;-99.72
71897.46;-99.79
71900.39;-99.87
71903.32;-99.72
71906.25;-99.95
71909.18;-100.03
71912.11;-99.95
71915.04;-100.03
71917.97;-99.87
71920.90;-99.95
71923.83;-99.87
71926.76;-99.48
71929.69;-99.87
71932.62;-99.95
71935.55;-100.26
71938.48;-100.42
71941.41;-100.26
71944.34;-99.95
71947.27;-100.03
71950.20;-100.11
71953.13;-100.03
71956.05;-100.03
71958.98;-100.19
71961.91;-99.95
71964.84;-99.79
71967.77;-100.11
71970.70;-100.03
71973.63;-99.79
71976.56;-99.87
71979.49;-99.95
71982.42;-99.72
71985.35;-99.72
71988.28;-99.95
71991.21;-99.87
71994.14;-100.11
71997.07;-100.03
72000.00;-99.79
72002.93;-99.87
72005.86;-100.19
72008.79;-100.26
72011.72;-99.72
72014.65;-99.79
72017.58;-99.87
72020.51;-99.95
72023.44;-100.03
72026.37;-100.19
72029.30;-100.11
72032.23;-100.11
72035.16;-100.11
72038.09;-99.95
72041.02;-99.95
72043.95;-99.87
72046.88;-99.87
72049.80;-99.87
72052.73;-100.11
72055.66;-100.03
72058.59;-99.79
72061.52;-99.95
72064.45;-100.11
72067.38;-100.26
72070.31;-100.26
72073.24;-100.03
72076.17;-100.03
72079.10;-100.26
72082.03;-99.95
72084.96;-99.87
72087.89;-99.72
72090.82;-99.64
72093.75;-99.79
72096.68;-99.79
72099.61;-100.11
72102.54;-99.72
72105.47;-99.72
72108.40;-100.03
72111.33;-99.95
72114.26;-99.79
72117.19;-99.95
72120.12;-99.95
72123.05;-99.72
72125.98;-99.64
72128.91;-99.64
72131.84;-99.79
72134.77;-99.72
72137.70;-100.03
72140.63;-99.95
72143.55;-99.79
72146.48;-99.72
72149.41;-99.64
72152.34;-99.95
72155.27;-100.11
72158.20;-100.03
72161.13;-99.79
72164.06;-99.95
72166.99;-99.95
72169.92;-100.03
72172.85;-100.11
72175.78;-99.95
72178.71;-99.87
72181.64;-99.95
72184.57;-99.87
72187.50;-99.95
72190.43;-100.19
72193.36;-100.19
72196.29;-99.87
72199.22;-99.95
72202.15;-99.95
72205.08;-100.19
72208.01;-100.34
72210.94;-100.03
72213.87;-99.79
72216.80;-100.03
72219.73;-100.19
72222.66;-99.95
72225.59;-100.03
72228.52;-100.19
72231.45;-100.19
72234.38;-100.11
72237.30;-100.03
72240.23;-99.87
72243.16;-99.95
72246.09;-99.95
72249.02;-100.26
72251.95;-100.34
72254.88;-100.11
72257.81;-100.03
72260.74;-99.87
72263.67;-99.72
72266.60;-99.87
72269.53;-100.11
72272.46;-99.95
72275.39;-99.87
72278.32;-99.95
72281.25;-99.87
72284.18;-99.79
72287.11;-99.95
72290.04;-100.11
72292.97;-100.11
72295.90;-99.79
72298.83;-99.95
72301.76;-99.95
72304.69;-99.87
72307.62;-99.87
72310.55;-100.19
72313.48;-100.34
72316.41;-99.95
72319.34;-99.87
72322.27;-100.19
72325.20;-100.11
72328.13;-99.79
72331.05;-99.72
72333.98;-99.95
72336.91;-99.87
72339.84;-100.03
72342.77;-100.11
72345.70;-100.11
72348.63;-99.87
72351.56;-99.95
72354.49;-99.79
72357.42;-99.87
72360.35;-100.03
72363.28;-100.19
72366.21;-99.87
72369.14;-100.03
72372.07;-99.79
72375.00;-99.79
72377.93;-99.87
72380.86;-99.87
72383.79;-100.11
72386.72;-100.11
72389.65;-99.95
72392.58;-100.03
72395.51;-99.95
72398.44;-99.87
72401.37;-99.95
72404.30;-100.03
72407.23;-99.79
72410.16;-99.87
72413.09;-100.19
72416.02;-100.03
72418.95;-99.95
72421.88;-99.95
72424.80;-99.72
72427.73;-99.87
72430.66;-100.11
72433.59;-100.03
72436.52;-99.87
72439.45;-99.87
72442.38;-100.19
72445.31;-100.26
72448.24;-99.95
72451.17;-99.95
72454.10;-100.03
72457.03;-99.87
72459.96;-99.87
72462.89;-100.26
72465.82;-100.03
72468.75;-99.79
72471.68;-100.11
72474.61;-99.95
72477.54;-99.95
72480.47;-99.79
72483.40;-99.64
72486.33;-99.87
72489.26;-99.79
72492.19;-99.87
72495.12;-100.11
72498.05;-99.95
72500.98;-100.11
72503.91;-100.11
72506.84;-99.87
72509.77;-99.72
72512.70;-99.87
72515.63;-100.03
72518.55;-99.95
72521.48;-99.87
72524.41;-99.95
72527.34;-100.03
72530.27;-99.79
72533.20;-99.95
72536.13;-99.95
72539.06;-99.87
72541.99;-100.03
72544.92;-100.19
72547.85;-100.03
72550.78;-100.03
72553.71;-100.03
72556.64;-100.03
72559.57;-100.26
72562.50;-100.03
72565.43;-99.87
72568.36;-100.03
72571.29;-100.03
72574.22;-99.95
72577.15;-99.87
72580.08;-99.79
72583.01;-99.87
72585.94;-99.79
72588.87;-99.95
72591.80;-99.95
72594.73;-100.03
72597.66;-99.95
72600.59;-99.87
72603.52;-99.79
72606.45;-100.03
72609.38;-100.03
72612.30;-100.11
72615.23;-100.19
72618.16;-100.03
72621.09;-100.11
72624.02;-100.03
72626.95;-100.11
72629.88;-100.11
72632.81;-99.87
72635.74;-99.87
72638.67;-99.95
72641.60;-99.95
72644.53;-99.87
72647.46;-99.79
72650.39;-99.64
72653.32;-99.72
72656.25;-99.72
72659.18;-99.72
72662.11;-99.87
72665.04;-99.72
72667.97;-99.87
72670.90;-100.03
72673.83;-100.11
72676.76;-99.87
72679.69;-99.95
72682.62;-100.03
72685.55;-100.19
72688.48;-100.34
72691.41;-99.95
72694.34;-100.19
72697.27;-100.34
72700.20;-100.03
72703.13;-100.03
72706.05;-100.03
72708.98;-100.03
72711.91;-100.19
72714.84;-100.03
72717.77;-99.79
72720.70;-100.03
72723.63;-99.87
72726.56;-99.87
72729.49;-100.11
72732.42;-100.19
72735.35;-99.95
72738.28;-99.87
72741.21;-100.19
72744.14;-100.19
72747.07;-99.87
72750.00;-99.79
72752.93;-99.87
72755.86;-99.87
72758.79;-99.79
72761.72;-99.79
72764.65;-99.64
72767.58;-99.64
72770.51;-99.87
72773.44;-100.19
72776.37;-99.87
72779.30;-99.64
72782.23;-99.72
72785.16;-100.26
72788.09;-100.11
72791.02;-99.95
72793.95;-99.87
72796.88;-99.79
72799.80;-99.87
72802.73;-99.79
72805.66;-100.11
72808.59;-99.95
72811.52;-99.72
72814.45;-99.95
72817.38;-99.79
72820.31;-99.64
72823.24;-99.72
72826.17;-100.19
72829.10;-100.19
72832.03;-99.79
72834.96;-99.87
72837.89;-99.72
72840.82;-99.56
72843.75;-99.72
72846.68;-99.95
72849.61;-100.03
72852.54;-100.11
72855.47;-100.03
72858.40;-100.19
72861.33;-99.95
72864.26;-99.72
72867.19;-99.72
72870.12;-99.87
72873.05;-99.79
72875.98;-100.03
72878.91;-100.26
72881.84;-100.19
72884.77;-99.72
72887.70;-99.72
72890.63;-99.87
72893.55;-100.11
72896.48;-100.03
72899.41;-100.03
72902.34;-100.11
72905.27;-100.26
72908.20;-100.19
72911.13;-99.95
72914.06;-99.95
72916.99;-100.19
72919.92;-100.34
72922.85;-100.03
72925.78;-99.64
72928.71;-99.64
72931.64;-99.95
72934.57;-100.19
72937.50;-99.79
72940.43;-99.79
72943.36;-100.03
72946.29;-100.11
72949.22;-100.19
72952.15;-100.19
72955.08;-100.11
72958.01;-99.79
72960.94;-100.03
72963.87;-99.95
72966.80;-99.87
72969.73;-100.11
72972.66;-100.03
72975.59;-100.03
72978.52;-100.03
72981.45;-100.11
72984.38;-99.95
72987.30;-99.79
72990.23;-99.72
72993.16;-100.11
72996.09;-100.11
72999.02;-100.03
73001.95;-100.03
73004.88;-100.26
73007.81;-100.26
73010.74;-100.34
73013.67;-100.11
73016.60;-100.26
73019.53;-100.50
73022.46;-100.19
73025.39;-99.95
73028.32;-99.87
73031.25;-99.95
73034.18;-99.87
73037.11;-100.03
73040.04;-100.19
73042.97;-100.19
73045.90;-100.19
73048.83;-99.95
73051.76;-99.95
73054.69;-99.95
73057.62;-99.79
73060.55;-99.95
73063.48;-100.26
73066.41;-100.34
73069.34;-99.95
73072.27;-99.79
73075.20;-100.11
73078.13;-100.19
73081.05;-99.95
73083.98;-99.79
73086.91;-99.72
73089.84;-99.72
73092.77;-100.11
73095.70;-100.03
73098.63;-99.95
73101.56;-99.95
73104.49;-100.26
73107.42;-100.19
73110.35;-99.95
73113.28;-99.87
73116.21;-99.95
73119.14;-100.03
73122.07;-99.87
73125.00;-99.95
73127.93;-100.11
73130.86;-99.95
73133.79;-100.03
73136.72;-100.03
73139.65;-100.03
73142.58;-100.11
73145.51;-100.19
73148.44;-100.03
73151.37;-100.03
73154.30;-100.03
73157.23;-99.95
73160.16;-99.72
73163.09;-99.79
73166.02;-99.79
73168.95;-99.79
73171.88;-99.95
73174.80;-100.03
73177.73;-100.03
73180.66;-100.03
73183.59;-100.03
73186.52;-100.19
73189.45;-100.11
73192.38;-100.11
73195.31;-99.87
73198.24;-99.95
73201.17;-100.03
73204.10;-100.11
73207.03;-100.11
73209.96;-100.19
73212.89;-100.11
73215.82;-100.03
73218.75;-99.79
73221.68;-100.11
73224.61;-99.95
73227.54;-99.87
73230.47;-99.95
73233.40;-99.72
73236.33;-99.72
73239.26;-99.72
73242.19;-99.95
73245.12;-100.19
73248.05;-100.42
73250.98;-100.19
73253.91;-100.34
73256.84;-100.34
73259.77;-100.19
73262.70;-99.95
73265.63;-99.95
73268.55;-99.87
73271.48;-100.03
73274.41;-100.03
73277.34;-100.03
73280.27;-100.11
73283.20;-100.19
73286.13;-100.11
73289.06;-99.64
73291.99;-99.87
73294.92;-99.79
73297.85;-99.72
73300.78;-99.79
73303.71;-99.79
73306.64;-99.64
73309.57;-99.87
73312.50;-100.03
73315.43;-100.26
73318.36;-100.03
73321.29;-99.87
73324.22;-99.87
73327.15;-100.03
73330.08;-99.79
73333.01;-99.95
73335.94;-99.95
73338.87;-99.79
73341.80;-99.72
73344.73;-99.87
73347.66;-100.03
73350.59;-99.87
73353.52;-99.72
73356.45;-99.87
73359.38;-99.87
73362.30;-100.03
73365.23;-99.87
73368.16;-99.79
73371.09;-99.95
73374.02;-99.79
73376.95;-99.79
73379.88;-99.87
73382.81;-100.34
73385.74;-100.34
73388.67;-100.19
73391.60;-100.19
73394.53;-100.03
73397.46;-100.19
73400.39;-99.87
73403.32;-99.79
73406.25;-100.19
73409.18;-99.95
73412.11;-99.87
73415.04;-99.79
73417.97;-99.72
73420.90;-99.87
73423.83;-100.11
73426.76;-99.95
73429.69;-100.11
73432.62;-100.03
73435.55;-99.95
73438.48;-100.19
73441.41;-100.26
73444.34;-100.11
73447.27;-100.26
73450.20;-99.95
73453.13;-99.72
73456.05;-99.72
73458.98;-99.95
73461.91;-100.03
73464.84;-99.79
73467.77;-99.79
73470.70;-99.87
73473.63;-99.87
73476.56;-100.03
73479.49;-99.87
73482.42;-99.79
73485.35;-99.72
73488.28;-100.11
73491.21;-100.34
73494.14;-100.03
73497.07;-99.87
73500.00;-99.87
73502.93;-99.95
73505.86;-100.19
73508.79;-99.87
73511.72;-99.79
73514.65;-100.19
73517.58;-100.11
73520.51;-100.26
73523.44;-100.19
73526.37;-100.03
73529.30;-99.87
73532.23;-100.19
73535.16;-99.87
73538.09;-99.95
73541.02;-100.03
73543.95;-99.87
73546.88;-99.95
73549.80;-99.95
73552.73;-99.79
73555.66;-99.95
73558.59;-100.03
73561.52;-100.03
73564.45;-100.03
73567.38;-99.64
73570.31;-99.79
73573.24;-100.19
73576.17;-100.34
73579.10;-100.19
73582.03;-99.95
73584.96;-99.87
73587.89;-99.87
73590.82;-99.64
73593.75;-99.87
73596.68;-99.95
73599.61;-99.79
73602.54;-99.64
73605.47;-99.95
73608.40;-100.26
73611.33;-100.26
73614.26;-100.19
73617.19;-100.03
73620.12;-99.79
73623.05;-99.95
73625.98;-99.95
73628.91;-100.03
73631.84;-100.03
73634.77;-99.95
73637.70;-99.79
73640.63;-99.87
73643.55;-100.19
73646.48;-100.11
73649.41;-100.34
73652.34;-100.19
73655.27;-100.11
73658.20;-100.26
73661.13;-100.11
73664.06;-100.03
73666.99;-100.03
73669.92;-100.03
73672.85;-100.03
73675.78;-99.87
73678.71;-99.95
73681.64;-100.11
73684.57;-100.11
73687.50;-100.34
73690.43;-100.26
73693.36;-100.11
73696.29;-100.19
73699.22;-100.03
73702.15;-99.79
73705.08;-99.87
73708.01;-99.79
73710.94;-100.03
73713.87;-99.87
73716.80;-99.72
73719.73;-99.72
73722.66;-100.03
73725.59;-100.03
73728.52;-99.95
73731.45;-99.79
73734.38;-99.95
73737.30;-100.11
73740.23;-100.19
73743.16;-100.11
73746.09;-99.87
73749.02;-100.19
73751.95;-100.34
73754.88;-100.19
73757.81;-100.19
73760.74;-100.34
73763.67;-100.11
73766.60;-100.03
73769.53;-99.95
73772.46;-99.95
73775.39;-100.19
73778.32;-100.42
73781.25;-99.95
73784.18;-99.79
73787.11;-100.03
73790.04;-100.26
73792.97;-99.95
73795.90;-99.95
73798.83;-99.95
73801.76;-99.95
73804.69;-99.95
73807.62;-99.87
73810.55;-99.79
73813.48;-99.72
73816.41;-99.87
73819.34;-99.79
73822.27;-99.95
73825.20;-99.64
73828.13;-99.48
73831.05;-99.79
73833.98;-99.95
73836.91;-99.72
73839.84;-99.79
73842.77;-100.26
73845.70;-100.19
73848.63;-100.03
73851.56;-99.95
73854.49;-100.11
73857.42;-99.79
73860.35;-99.87
73863.28;-100.03
73866.21;-100.19
73869.14;-100.26
73872.07;-100.26
73875.00;-100.03
73877.93;-99.95
73880.86;-99.87
73883.79;-99.79
73886.72;-99.87
73889.65;-99.95
73892.58;-100.11
73895.51;-100.03
73898.44;-100.03
73901.37;-100.03
73904.30;-100.11
73907.23;-100.11
73910.16;-100.03
73913.09;-99.87
73916.02;-100.11
73918.95;-100.11
73921.88;-99.95
73924.80;-100.03
73927.73;-100.03
73930.66;-99.79
73933.59;-99.79
73936.52;-99.95
73939.45;-100.03
73942.38;-100.26
73945.31;-99.72
73948.24;-99.48
73951.17;-100.11
73954.10;-100.26
73957.03;-99.79
73959.96;-99.87
73962.89;-100.19
73965.82;-100.34
73968.75;-99.95
73971.68;-99.79
73974.61;-100.19
73977.54;-100.26
73980.47;-100.03
73983.40;-100.11
73986.33;-99.79
73989.26;-99.64
73992.19;-99.79
73995.12;-99.87
73998.05;-99.87
74000.98;-99.95
74003.91;-99.87
74006.84;-99.79
74009.77;-100.03
74012.70;-100.11
74015.63;-100.11
74018.55;-100.19
74021.48;-100.19
74024.41;-100.03
74027.34;-100.11
74030.27;-100.19
74033.20;-100.26
74036.13;-100.11
74039.06;-99.79
74041.99;-99.95
74044.92;-100.19
74047.85;-100.50
74050.78;-100.26
74053.71;-100.50
74056.64;-100.58
74059.57;-100.11
74062.50;-99.79
74065.43;-99.79
74068.36;-100.11
74071.29;-99.87
74074.22;-99.79
74077.15;-99.95
74080.08;-99.95
74083.01;-99.87
74085.94;-99.87
74088.87;-100.11
74091.80;-100.03
74094.73;-100.03
74097.66;-99.79
74100.59;-99.95
74103.52;-100.03
74106.45;-99.95
74109.38;-99.87
74112.30;-99.79
74115.23;-99.79
74118.16;-100.03
74121.09;-100.26
74124.02;-100.26
74126.95;-100.19
74129.88;-100.03
74132.81;-100.26
74135.74;-100.11
74138.67;-100.03
74141.60;-100.19
74144.53;-100.03
74147.46;-99.87
74150.39;-99.72
74153.32;-99.95
74156.25;-100.03
74159.18;-100.34
74162.11;-100.42
74165.04;-99.95
74167.97;-99.79
74170.90;-100.03
74173.83;-100.19
74176.76;-99.95
74179.69;-100.03
74182.62;-99.87
74185.55;-99.72
74188.48;-99.87
74191.41;-100.11
74194.34;-100.11
74197.27;-99.95
74200.20;-99.87
74203.13;-99.95
74206.05;-100.11
74208.98;-100.03
74211.91;-99.87
74214.84;-100.03
74217.77;-100.03
74220.70;-100.34
74223.63;-100.11
74226.56;-99.72
74229.49;-99.64
74232.42;-99.79
74235.35;-99.72
74238.28;-99.72
74241.21;-99.79
74244.14;-99.87
74247.07;-99.95
74250.00;-100.11
74252.93;-100.11
74255.86;-99.95
74258.79;-99.79
74261.72;-99.95
74264.65;-99.95
74267.58;-100.03
74270.51;-100.26
74273.44;-100.03
74276.37;-99.87
74279.30;-99.87
74282.23;-99.87
74285.16;-99.95
74288.09;-100.19
74291.02;-100.03
74293.95;-100.11
74296.88;-100.19
74299.80;-100.34
74302.73;-100.34
74305.66;-100.26
74308.59;-100.19
74311.52;-100.19
74314.45;-100.11
74317.38;-100.11
74320.31;-100.11
74323.24;-99.95
74326.17;-99.64
74329.10;-99.95
74332.03;-100.11
74334.96;-99.95
74337.89;-100.19
74340.82;-99.87
74343.75;-99.72
74346.68;-100.11
74349.61;-100.03
74352.54;-99.79
74355.47;-99.95
74358.40;-100.03
74361.33;-100.34
74364.26;-100.26
74367.19;-100.03
74370.12;-99.87
74373.05;-99.87
74375.98;-99.95
74378.91;-99.95
74381.84;-99.87
74384.77;-99.95
74387.70;-99.95
74390.63;-99.95
74393.55;-99.87
74396.48;-100.03
74399.41;-99.95
74402.34;-99.95
74405.27;-100.19
74408.20;-100.26
74411.13;-100.26
74414.06;-99.87
74416.99;-99.79
74419.92;-100.03
74422.85;-100.11
74425.78;-100.11
74428.71;-99.95
74431.64;-99.79
74434.57;-99.79
74437.50;-99.87
74440.43;-99.87
74443.36;-99.87
74446.29;-100.11
74449.22;-100.11
74452.15;-100.26
74455.08;-100.19
74458.01;-100.03
74460.94;-99.87
74463.87;-99.72
74466.80;-99.87
74469.73;-100.11
74472.66;-100.19
74475.59;-100.03
74478.52;-99.87
74481.45;-100.11
74484.38;-100.19
74487.30;-99.87
74490.23;-99.64
74493.16;-99.79
74496.09;-100.03
74499.02;-100.11
74501.95;-99.95
74504.88;-99.64
74507.81;-99.87
74510.74;-99.79
74513.67;-99.72
74516.60;-99.95
74519.53;-99.87
74522.46;-99.87
74525.39;-100.19
74528.32;-100.19
74531.25;-99.95
74534.18;-99.95
74537.11;-99.95
74540.04;-99.79
74542.97;-99.79
74545.90;-100.03
74548.83;-99.87
74551.76;-99.87
74554.69;-99.79
74557.62;-100.11
74560.55;-99.87
74563.48;-99.64
74566.41;-99.64
74569.34;-99.87
74572.27;-99.87
74575.20;-99.87
74578.13;-100.11
74581.05;-100.11
74583.98;-100.11
74586.91;-99.95
74589.84;-99.95
74592.77;-99.79
74595.70;-99.95
74598.63;-100.03
74601.56;-99.87
74604.49;-100.11
74607.42;-99.95
74610.35;-99.79
74613.28;-100.03
74616.21;-99.87
74619.14;-99.95
74622.07;-99.95
74625.00;-99.87
74627.93;-99.87
74630.86;-99.95
74633.79;-99.79
74636.72;-99.72
74639.65;-100.03
74642.58;-100.26
74645.51;-100.03
74648.44;-99.79
74651.37;-99.72
74654.30;-100.19
74657.23;-100.11
74660.16;-100.03
74663.09;-100.03
74666.02;-99.87
74668.95;-99.95
74671.88;-99.95
74674.80;-99.79
74677.73;-99.87
74680.66;-100.26
74683.59;-100.11
74686.52;-99.79
74689.45;-99.48
74692.38;-99.87
74695.31;-99.87
74698.24;-99.87
74701.17;-99.79
74704.10;-99.79
74707.03;-99.87
74709.96;-100.11
74712.89;-100.26
74715.82;-100.03
74718.75;-99.87
74721.68;-100.03
74724.61;-100.11
74727.54;-99.87
74730.47;-99.87
74733.40;-99.87
74736.33;-99.72
74739.26;-99.79
74742.19;-99.72
74745.12;-99.79
74748.05;-99.87
74750.98;-99.95
74753.91;-100.03
74756.84;-99.79
74759.77;-99.64
74762.70;-99.95
74765.63;-100.19
74768.55;-99.87
74771.48;-100.11
74774.41;-100.03
74777.34;-100.11
74780.27;-100.19
74783.20;-99.87
74786.13;-99.87
74789.06;-100.11
74791.99;-100.03
74794.92;-99.95
74797.85;-100.19
74800.78;-100.11
74803.71;-100.11
74806.64;-100.11
74809.57;-100.26
74812.50;-100.19
74815.43;-100.19
74818.36;-100.03
74821.29;-99.64
74824.22;-99.87
74827.15;-99.87
74830.08;-100.03
74833.01;-99.95
74835.94;-100.03
74838.87;-100.03
74841.80;-99.87
74844.73;-100.03
74847.66;-99.87
74850.59;-99.79
74853.52;-100.03
74856.45;-100.03
74859.38;-100.11
74862.30;-100.19
74865.23;-100.11
74868.16;-99.72
74871.09;-99.87
74874.02;-100.11
74876.95;-100.34
74879.88;-100.34
74882.81;-100.42
74885.74;-100.19
74888.67;-99.87
74891.60;-99.87
74894.53;-99.87
74897.46;-100.11
74900.39;-100.11
74903.32;-99.87
74906.25;-100.03
74909.18;-99.79
74912.11;-99.79
74915.04;-100.03
74917.97;-99.79
74920.90;-100.03
74923.83;-99.95
74926.76;-99.95
74929.69;-99.95
74932.62;-100.03
74935.55;-99.87
74938.48;-99.95
74941.41;-100.19
74944.34;-100.19
74947.27;-99.95
74950.20;-99.95
74953.13;-100.03
74956.05;-100.19
74958.98;-100.34
74961.91;-100.26
74964.84;-100.42
74967.77;-99.95
74970.70;-99.72
74973.63;-99.87
74976.56;-100.03
74979.49;-99.95
74982.42;-100.26
74985.35;-100.26
74988.28;-100.26
74991.21;-100.03
74994.14;-99.87
74997.07;-99.87
75000.00;-99.87
75002.93;-99.72
75005.86;-99.95
75008.79;-100.11
75011.72;-100.03
75014.65;-99.87
75017.58;-99.87
75020.51;-99.95
75023.44;-100.03
75026.37;-99.87
75029.30;-99.95
75032.23;-100.34
75035.16;-99.95
75038.09;-99.72
75041.02;-100.03
75043.95;-100.03
75046.88;-99.87
75049.80;-100.03
75052.73;-100.26
75055.66;-99.95
75058.59;-99.87
75061.52;-99.87
75064.45;-99.95
75067.38;-99.95
75070.31;-99.87
75073.24;-99.87
75076.17;-100.19
75079.10;-100.03
75082.03;-99.95
75084.96;-100.11
75087.89;-100.11
75090.82;-100.03
75093.75;-100.03
75096.68;-99.79
75099.61;-100.19
75102.54;-100.19
75105.47;-100.11
75108.40;-99.79
75111.33;-100.34
75114.26;-100.19
75117.19;-99.79
75120.12;-99.87
75123.05;-100.19
75125.98;-100.34
75128.91;-100.26
75131.84;-99.87
75134.77;-99.79
75137.70;-100.03
75140.63;-100.26
75143.55;-100.19
75146.48;-100.11
75149.41;-100.11
75152.34;-100.03
75155.27;-100.03
75158.20;-100.11
75161.13;-100.03
75164.06;-100.03
75166.99;-100.03
75169.92;-99.95
75172.85;-99.95
75175.78;-100.19
75178.71;-100.03
75181.64;-99.95
75184.57;-100.11
75187.50;-100.03
75190.43;-100.19
75193.36;-100.11
75196.29;-100.11
75199.22;-100.42
75202.15;-100.34
75205.08;-99.79
75208.01;-99.87
75210.94;-100.26
75213.87;-100.11
75216.80;-100.11
75219.73;-99.95
75222.66;-99.95
75225.59;-100.19
75228.52;-100.19
75231.45;-100.26
75234.38;-100.42
75237.30;-100.11
75240.23;-99.72
75243.16;-99.79
75246.09;-100.19
75249.02;-100.19
75251.95;-100.11
75254.88;-99.79
75257.81;-99.79
75260.74;-99.87
75263.67;-99.95
75266.60;-100.19
75269.53;-99.95
75272.46;-99.87
75275.39;-100.11
75278.32;-99.87
75281.25;-100.26
75284.18;-100.26
75287.11;-100.19
75290.04;-100.19
75292.97;-100.19
75295.90;-100.19
75298.83;-100.03
75301.76;-100.03
75304.69;-100.11
75307.62;-100.11
75310.55;-99.95
75313.48;-99.95
75316.41;-100.03
75319.34;-99.95
75322.27;-99.87
75325.20;-100.03
75328.13;-100.19
75331.05;-100.11
75333.98;-100.19
75336.91;-99.95
75339.84;-100.03
75342.77;-100.03
75345.70;-100.26
75348.63;-100.19
75351.56;-99.87
75354.49;-99.72
75357.42;-100.03
75360.35;-100.03
75363.28;-99.95
75366.21;-100.11
75369.14;-100.34
75372.07;-100.42
75375.00;-100.34
75377.93;-100.34
75380.86;-100.11
75383.79;-100.26
75386.72;-100.11
75389.65;-100.03
75392.58;-100.03
75395.51;-100.03
75398.44;-99.95
75401.37;-100.11
75404.30;-100.26
75407.23;-100.11
75410.16;-99.95
75413.09;-100.11
75416.02;-100.34
75418.95;-100.26
75421.88;-100.03
75424.80;-99.95
75427.73;-100.19
75430.66;-99.95
75433.59;-99.95
75436.52;-100.19
75439.45;-100.26
75442.38;-100.11
75445.31;-100.19
75448.24;-100.26
75451.17;-100.34
75454.10;-100.11
75457.03;-99.87
75459.96;-100.11
75462.89;-100.03
75465.82;-100.11
75468.75;-99.87
75471.68;-100.03
75474.61;-100.26
75477.54;-100.11
75480.47;-100.03
75483.40;-99.95
75486.33;-99.87
75489.26;-99.87
75492.19;-100.03
75495.12;-100.34
75498.05;-100.11
75500.98;-99.95
75503.91;-99.87
75506.84;-100.03
75509.77;-100.11
75512.70;-100.19
75515.63;-99.87
75518.55;-99.72
75521.48;-99.72
75524.41;-99.87
75527.34;-100.11
75530.27;-99.95
75533.20;-99.87
75536.13;-99.56
75539.06;-99.79
75541.99;-100.19
75544.92;-100.19
75547.85;-100.26
75550.78;-100.26
75553.71;-99.87
75556.64;-99.64
75559.57;-100.11
75562.50;-100.34
75565.43;-100.26
75568.36;-100.34
75571.29;-100.11
75574.22;-100.11
75577.15;-100.19
75580.08;-100.03
75583.01;-99.95
75585.94;-100.11
75588.87;-100.11
75591.80;-100.11
75594.73;-99.87
75597.66;-99.72
75600.59;-99.87
75603.52;-99.95
75606.45;-99.87
75609.38;-99.87
75612.30;-100.03
75615.23;-100.19
75618.16;-100.03
75621.09;-99.87
75624.02;-99.95
75626.95;-100.03
75629.88;-99.87
75632.81;-99.79
75635.74;-99.95
75638.67;-100.03
75641.60;-99.87
75644.53;-99.87
75647.46;-100.03
75650.39;-100.03
75653.32;-100.11
75656.25;-99.95
75659.18;-100.03
75662.11;-100.19
75665.04;-100.26
75667.97;-100.11
75670.90;-99.95
75673.83;-100.03
75676.76;-100.03
75679.69;-100.11
75682.62;-100.11
75685.55;-100.26
75688.48;-99.87
75691.41;-100.11
75694.34;-100.11
75697.27;-99.95
75700.20;-99.87
75703.13;-100.26
75706.05;-100.26
75708.98;-100.03
75711.91;-100.11
75714.84;-100.19
75717.77;-100.26
75720.70;-100.11
75723.63;-100.03
75726.56;-100.03
75729.49;-99.95
75732.42;-99.87
75735.35;-100.03
75738.28;-99.95
75741.21;-100.11
75744.14;-100.34
75747.07;-100.19
75750.00;-99.56
75752.93;-99.56
75755.86;-99.87
75758.79;-100.03
75761.72;-100.03
75764.65;-100.03
75767.58;-100.03
75770.51;-100.11
75773.44;-100.03
75776.37;-99.95
75779.30;-99.87
75782.23;-99.72
75785.16;-99.87
75788.09;-100.03
75791.02;-99.95
75793.95;-99.95
75796.88;-99.95
75799.80;-99.87
75802.73;-99.95
75805.66;-100.03
75808.59;-100.19
75811.52;-100.11
75814.45;-99.87
75817.38;-99.79
75820.31;-100.11
75823.24;-100.03
75826.17;-99.79
75829.10;-100.11
75832.03;-100.03
75834.96;-99.95
75837.89;-99.79
75840.82;-99.87
75843.75;-100.03
75846.68;-100.11
75849.61;-100.03
75852.54;-100.11
75855.47;-100.03
75858.40;-100.11
75861.33;-100.34
75864.26;-100.34
75867.19;-100.34
75870.12;-100.19
75873.05;-100.03
75875.98;-99.79
75878.91;-100.11
75881.84;-100.26
75884.77;-100.11
75887.70;-99.72
75890.63;-99.87
75893.55;-100.11
75896.48;-99.95
75899.41;-99.95
75902.34;-100.03
75905.27;-99.95
75908.20;-100.03
75911.13;-100.19
75914.06;-99.87
75916.99;-100.11
75919.92;-99.95
75922.85;-99.79
75925.78;-100.03
75928.71;-99.87
75931.64;-100.03
75934.57;-100.50
75937.50;-100.42
75940.43;-100.11
75943.36;-100.19
75946.29;-100.42
75949.22;-100.11
75952.15;-99.79
75955.08;-99.79
75958.01;-99.72
75960.94;-99.79
75963.87;-99.95
75966.80;-100.19
75969.73;-100.34
75972.66;-99.95
75975.59;-100.03
75978.52;-100.03
75981.45;-100.11
75984.38;-100.19
75987.30;-100.11
75990.23;-100.11
75993.16;-100.19
75996.09;-100.03
75999.02;-99.87
76001.95;-99.87
76004.88;-99.79
76007.81;-99.87
76010.74;-99.95
76013.67;-100.11
76016.60;-100.19
76019.53;-100.03
76022.46;-100.03
76025.39;-100.03
76028.32;-100.03
76031.25;-99.87
76034.18;-100.11
76037.11;-100.11
76040.04;-100.03
76042.97;-100.11
76045.90;-100.11
76048.83;-99.87
76051.76;-100.03
76054.69;-100.03
76057.62;-100.03
76060.55;-100.03
76063.48;-99.95
76066.41;-100.03
76069.34;-99.95
76072.27;-100.03
76075.20;-100.19
76078.13;-100.34
76081.05;-100.03
76083.98;-99.87
76086.91;-99.79
76089.84;-99.72
76092.77;-100.11
76095.70;-100.03
76098.63;-100.03
76101.56;-100.03
76104.49;-100.03
76107.42;-100.34
76110.35;-100.11
76113.28;-99.87
76116.21;-99.64
76119.14;-99.64
76122.07;-99.95
76125.00;-100.11
76127.93;-100.03
76130.86;-100.19
76133.79;-100.34
76136.72;-100.03
76139.65;-99.87
76142.58;-99.87
76145.51;-100.11
76148.44;-100.26
76151.37;-99.95
76154.30;-99.95
76157.23;-100.42
76160.16;-100.11
76163.09;-100.11
76166.02;-100.19
76168.95;-100.11
76171.88;-100.34
76174.80;-100.11
76177.73;-100.03
76180.66;-99.95
76183.59;-100.03
76186.52;-100.19
76189.45;-99.95
76192.38;-100.26
76195.31;-100.34
76198.24;-100.03
76201.17;-99.72
76204.10;-99.87
76207.03;-99.72
76209.96;-99.87
76212.89;-100.03
76215.82;-99.87
76218.75;-99.72
76221.68;-99.95
76224.61;-100.58
76227.54;-100.26
76230.47;-100.03
76233.40;-100.11
76236.33;-99.87
76239.26;-99.95
76242.19;-100.26
76245.12;-100.42
76248.05;-99.95
76250.98;-100.03
76253.91;-99.95
76256.84;-100.03
76259.77;-99.95
76262.70;-100.19
76265.63;-100.19
76268.55;-100.11
76271.48;-100.11
76274.41;-100.11
76277.34;-100.03
76280.27;-99.95
76283.20;-99.79
76286.13;-99.95
76289.06;-100.11
76291.99;-100.03
76294.92;-100.03
76297.85;-100.03
76300.78;-100.03
76303.71;-100.26
76306.64;-100.26
76309.57;-100.19
76312.50;-100.19
76315.43;-100.19
76318.36;-100.11
76321.29;-100.03
76324.22;-99.87
76327.15;-99.95
76330.08;-99.87
76333.01;-99.72
76335.94;-99.95
76338.87;-99.95
76341.80;-99.95
76344.73;-100.03
76347.66;-99.95
76350.59;-99.79
76353.52;-100.03
76356.45;-100.11
76359.38;-100.03
76362.30;-100.19
76365.23;-100.11
76368.16;-100.11
76371.09;-100.11
76374.02;-100.11
76376.95;-99.79
76379.88;-99.64
76382.81;-99.64
76385.74;-99.72
76388.67;-100.19
76391.60;-100.19
76394.53;-99.95
76397.46;-100.03
76400.39;-100.19
76403.32;-100.03
76406.25;-100.03
76409.18;-100.11
76412.11;-100.11
76415.04;-100.11
76417.97;-100.11
76420.90;-100.03
76423.83;-99.87
76426.76;-99.72
76429.69;-99.95
76432.62;-99.87
76435.55;-99.87
76438.48;-99.87
76441.41;-99.79
76444.34;-99.79
76447.27;-99.87
76450.20;-100.11
76453.13;-99.87
76456.05;-99.87
76458.98;-99.87
76461.91;-99.87
76464.84;-99.87
76467.77;-99.79
76470.70;-99.72
76473.63;-99.95
76476.56;-100.03
76479.49;-100.03
76482.42;-99.87
76485.35;-100.19
76488.28;-99.95
76491.21;-100.11
76494.14;-100.11
76497.07;-99.72
76500.00;-99.72
76502.93;-100.03
76505.86;-100.19
76508.79;-100.19
76511.72;-99.95
76514.65;-100.03
76517.58;-99.95
76520.51;-100.03
76523.44;-100.03
76526.37;-99.79
76529.30;-99.64
76532.23;-99.95
76535.16;-99.79
76538.09;-99.87
76541.02;-100.11
76543.95;-100.26
76546.88;-100.19
76549.80;-100.03
76552.73;-99.64
76555.66;-99.64
76558.59;-99.87
76561.52;-100.11
76564.45;-100.11
76567.38;-100.03
76570.31;-99.87
76573.24;-99.95
76576.17;-100.03
76579.10;-100.19
76582.03;-100.03
76584.96;-99.72
76587.89;-99.87
76590.82;-100.11
76593.75;-100.26
76596.68;-100.34
76599.61;-100.03
76602.54;-99.87
76605.47;-99.87
76608.40;-99.95
76611.33;-99.95
76614.26;-99.72
76617.19;-99.56
76620.12;-99.79
76623.05;-99.87
76625.98;-99.87
76628.91;-99.79
76631.84;-99.79
76634.77;-99.87
76637.70;-100.03
76640.63;-100.11
76643.55;-99.95
76646.48;-100.19
76649.41;-99.87
76652.34;-100.03
76655.27;-100.19
76658.20;-100.03
76661.13;-99.87
76664.06;-99.95
76666.99;-99.95
76669.92;-99.87
76672.85;-99.95
76675.78;-99.95
76678.71;-100.11
76681.64;-100.26
76684.57;-100.03
76687.50;-99.87
76690.43;-99.72
76693.36;-99.95
76696.29;-99.87
76699.22;-99.95
76702.15;-99.95
76705.08;-100.26
76708.01;-100.34
76710.94;-99.95
76713.87;-100.03
76716.80;-100.34
76719.73;-100.19
76722.66;-99.87
76725.59;-100.19
76728.52;-99.87
76731.45;-100.03
76734.38;-100.03
76737.30;-100.11
76740.23;-100.03
76743.16;-100.19
76746.09;-99.79
76749.02;-99.79
76751.95;-99.79
76754.88;-99.95
76757.81;-99.87
76760.74;-99.64
76763.67;-99.72
76766.60;-99.72
76769.53;-99.79
76772.46;-100.11
76775.39;-100.34
76778.32;-100.11
76781.25;-99.95
76784.18;-100.03
76787.11;-99.95
76790.04;-100.03
76792.97;-100.03
76795.90;-100.03
76798.83;-100.03
76801.76;-99.95
76804.69;-99.95
76807.62;-100.26
76810.55;-100.34
76813.48;-100.19
76816.41;-100.03
76819.34;-100.03
76822.27;-100.03
76825.20;-99.95
76828.13;-100.03
76831.05;-100.26
76833.98;-100.26
76836.91;-100.11
76839.84;-100.03
76842.77;-100.11
76845.70;-100.26
76848.63;-100.26
76851.56;-99.87
76854.49;-99.72
76857.42;-99.64
76860.35;-100.03
76863.28;-100.26
76866.21;-100.03
76869.14;-100.03
76872.07;-100.03
76875.00;-99.79
76877.93;-99.95
76880.86;-100.19
76883.79;-100.19
76886.72;-100.26
76889.65;-99.95
76892.58;-99.79
76895.51;-100.11
76898.44;-100.19
76901.37;-100.11
76904.30;-100.19
76907.23;-100.03
76910.16;-99.87
76913.09;-99.79
76916.02;-99.79
76918.95;-100.03
76921.88;-100.19
76924.80;-100.26
76927.73;-100.19
76930.66;-100.11
76933.59;-100.03
76936.52;-100.19
76939.45;-100.03
76942.38;-99.87
76945.31;-100.26
76948.24;-100.11
76951.17;-99.95
76954.10;-99.87
76957.03;-99.87
76959.96;-99.95
76962.89;-99.79
76965.82;-99.79
76968.75;-99.95
76971.68;-100.26
76974.61;-100.26
76977.54;-100.03
76980.47;-100.11
76983.40;-99.95
76986.33;-99.87
76989.26;-100.03
76992.19;-99.95
76995.12;-100.03
76998.05;-99.87
77000.98;-100.11
77003.91;-99.87
77006.84;-100.11
77009.77;-100.03
77012.70;-99.87
77015.63;-100.11
77018.55;-100.03
77021.48;-100.03
77024.41;-100.19
77027.34;-100.03
77030.27;-99.87
77033.20;-99.95
77036.13;-100.19
77039.06;-100.03
77041.99;-99.64
77044.92;-99.95
77047.85;-100.34
77050.78;-100.19
77053.71;-100.03
77056.64;-99.87
77059.57;-99.72
77062.50;-99.87
77065.43;-99.95
77068.36;-99.79
77071.29;-100.26
77074.22;-100.34
77077.15;-100.03
77080.08;-100.11
77083.01;-99.95
77085.94;-99.95
77088.87;-99.87
77091.80;-99.64
77094.73;-99.87
77097.66;-99.95
77100.59;-99.95
77103.52;-100.11
77106.45;-100.11
77109.38;-100.19
77112.30;-100.34
77115.23;-100.11
77118.16;-100.11
77121.09;-100.03
77124.02;-99.79
77126.95;-99.87
77129.88;-99.95
77132.81;-100.03
77135.74;-99.95
77138.67;-100.11
77141.60;-100.11
77144.53;-100.19
77147.46;-99.95
77150.39;-99.95
77153.32;-100.03
77156.25;-99.87
77159.18;-100.03
77162.11;-99.95
77165.04;-99.87
77167.97;-99.95
77170.90;-99.87
77173.83;-100.26
77176.76;-100.26
77179.69;-99.95
77182.62;-100.11
77185.55;-100.11
77188.48;-100.11
77191.41;-99.87
77194.34;-100.03
77197.27;-99.87
77200.20;-99.72
77203.13;-99.87
77206.05;-100.11
77208.98;-100.19
77211.91;-100.03
77214.84;-99.72
77217.77;-100.03
77220.70;-100.26
77223.63;-100.03
77226.56;-100.11
77229.49;-100.03
77232.42;-99.87
77235.35;-100.11
77238.28;-100.19
77241.21;-99.87
77244.14;-99.87
77247.07;-100.03
77250.00;-100.34
77252.93;-100.42
77255.86;-100.11
77258.79;-100.11
77261.72;-100.11
77264.65;-100.19
77267.58;-100.03
77270.51;-99.87
77273.44;-99.79
77276.37;-100.19
77279.30;-100.03
77282.23;-99.95
77285.16;-99.95
77288.09;-100.26
77291.02;-100.03
77293.95;-99.79
77296.88;-100.26
77299.80;-100.42
77302.73;-100.11
77305.66;-100.03
77308.59;-100.19
77311.52;-100.11
77314.45;-100.19
77317.38;-99.95
77320.31;-99.79
77323.24;-99.79
77326.17;-100.11
77329.10;-99.87
77332.03;-99.87
77334.96;-99.64
77337.89;-99.79
77340.82;-99.95
77343.75;-100.03
77346.68;-100.19
77349.61;-99.79
77352.54;-99.79
77355.47;-100.03
77358.40;-100.19
77361.33;-99.87
77364.26;-100.03
77367.19;-100.11
77370.12;-100.03
77373.05;-100.11
77375.98;-100.03
77378.91;-100.11
77381.84;-100.26
77384.77;-100.19
77387.70;-100.03
77390.63;-99.95
77393.55;-99.95
77396.48;-100.19
77399.41;-99.95
77402.34;-100.11
77405.27;-100.03
77408.20;-99.95
77411.13;-100.11
77414.06;-100.19
77416.99;-100.26
77419.92;-100.19
77422.85;-100.34
77425.78;-100.19
77428.71;-99.95
77431.64;-100.19
77434.57;-100.03
77437.50;-100.03
77440.43;-100.11
77443.36;-99.95
77446.29;-100.11
77449.22;-99.79
77452.15;-99.95
77455.08;-100.03
77458.01;-100.03
77460.94;-100.03
77463.87;-99.95
77466.80;-100.19
77469.73;-100.26
77472.66;-100.11
77475.59;-99.95
77478.52;-99.87
77481.45;-99.87
77484.38;-99.87
77487.30;-100.03
77490.23;-99.95
77493.16;-100.11
77496.09;-100.03
77499.02;-100.11
77501.95;-100.11
77504.88;-99.87
77507.81;-99.95
77510.74;-99.87
77513.67;-99.95
77516.60;-100.11
77519.53;-100.26
77522.46;-100.19
77525.39;-100.19
77528.32;-100.11
77531.25;-99.87
77534.18;-99.56
77537.11;-99.95
77540.04;-100.11
77542.97;-100.19
77545.90;-100.42
77548.83;-100.03
77551.76;-99.95
77554.69;-99.87
77557.62;-100.03
77560.55;-99.95
77563.48;-99.95
77566.41;-100.19
77569.34;-100.11
77572.27;-100.03
77575.20;-100.11
77578.13;-100.26
77581.05;-100.11
77583.98;-99.87
77586.91;-100.11
77589.84;-100.03
77592.77;-100.26
77595.70;-100.03
77598.63;-99.87
77601.56;-100.11
77604.49;-100.03
77607.42;-99.95
77610.35;-100.03
77613.28;-100.26
77616.21;-100.11
77619.14;-100.03
77622.07;-100.19
77625.00;-100.11
77627.93;-99.95
77630.86;-100.11
77633.79;-100.03
77636.72;-100.11
77639.65;-100.42
77642.58;-100.11
77645.51;-100.03
77648.44;-100.11
77651.37;-99.87
77654.30;-99.95
77657.23;-100.03
77660.16;-99.87
77663.09;-99.87
77666.02;-99.87
77668.95;-100.19
77671.88;-100.11
77674.80;-100.03
77677.73;-99.95
77680.66;-100.19
77683.59;-100.19
77686.52;-100.26
77689.45;-100.03
77692.38;-100.19
77695.31;-100.19
77698.24;-99.87
77701.17;-99.79
77704.10;-99.95
77707.03;-100.19
77709.96;-100.26
77712.89;-100.11
77715.82;-99.87
77718.75;-100.03
77721.68;-100.03
77724.61;-100.11
77727.54;-100.11
77730.47;-100.19
77733.40;-100.34
77736.33;-100.26
77739.26;-100.03
77742.19;-99.72
77745.12;-99.79
77748.05;-100.11
77750.98;-100.11
77753.91;-100.03
77756.84;-100.34
77759.77;-100.19
77762.70;-99.95
77765.63;-99.95
77768.55;-100.19
77771.48;-99.87
77774.41;-99.87
77777.34;-100.19
77780.27;-100.19
77783.20;-100.19
77786.13;-100.11
77789.06;-100.03
77791.99;-100.03
77794.92;-99.95
77797.85;-99.95
77800.78;-100.11
77803.71;-100.19
77806.64;-100.19
77809.57;-99.95
77812.50;-99.95
77815.43;-100.11
77818.36;-100.19
77821.29;-100.11
77824.22;-99.87
77827.15;-99.95
77830.08;-100.03
77833.01;-100.03
77835.94;-100.03
77838.87;-100.26
77841.80;-99.95
77844.73;-99.95
77847.66;-99.87
77850.59;-100.11
77853.52;-100.03
77856.45;-100.03
77859.38;-100.03
77862.30;-100.26
77865.23;-100.11
77868.16;-100.03
77871.09;-100.03
77874.02;-100.19
77876.95;-100.26
77879.88;-100.11
77882.81;-100.11
77885.74;-100.03
77888.67;-99.87
77891.60;-100.11
77894.53;-100.19
77897.46;-100.03
77900.39;-100.19
77903.32;-100.19
77906.25;-100.26
77909.18;-100.19
77912.11;-100.26
77915.04;-100.03
77917.97;-100.11
77920.90;-100.19
77923.83;-100.03
77926.76;-99.95
77929.69;-99.87
77932.62;-100.03
77935.55;-100.19
77938.48;-100.19
77941.41;-100.11
77944.34;-99.87
77947.27;-99.87
77950.20;-100.19
77953.13;-100.26
77956.05;-100.03
77958.98;-100.03
77961.91;-100.26
77964.84;-100.26
77967.77;-100.26
77970.70;-100.03
77973.63;-99.87
77976.56;-100.11
77979.49;-100.11
77982.42;-99.95
77985.35;-99.87
77988.28;-100.11
77991.21;-100.34
77994.14;-99.95
77997.07;-99.79
78000.00;-99.95
78002.93;-99.87
78005.86;-99.79
78008.79;-99.87
78011.72;-100.03
78014.65;-99.95
78017.58;-99.87
78020.51;-100.11
78023.44;-100.11
78026.37;-100.03
78029.30;-100.11
78032.23;-100.19
78035.16;-99.95
78038.09;-99.95
78041.02;-99.79
78043.95;-99.95
78046.88;-100.03
78049.80;-100.19
78052.73;-100.11
78055.66;-99.95
78058.59;-100.03
78061.52;-99.87
78064.45;-100.03
78067.38;-100.34
78070.31;-100.42
78073.24;-100.26
78076.17;-100.11
78079.10;-100.11
78082.03;-100.03
78084.96;-100.03
78087.89;-99.95
78090.82;-100.11
78093.75;-100.34
78096.68;-100.26
78099.61;-100.19
78102.54;-100.26
78105.47;-100.19
78108.40;-100.19
78111.33;-100.11
78114.26;-100.26
78117.19;-100.42
78120.12;-100.19
78123.05;-100.26
78125.98;-100.11
78128.91;-100.03
78131.84;-100.11
78134.77;-100.11
78137.70;-100.26
78140.63;-99.87
78143.55;-99.87
78146.48;-100.11
78149.41;-100.03
78152.34;-99.79
78155.27;-99.95
78158.20;-100.19
78161.13;-100.19
78164.06;-100.11
78166.99;-99.72
78169.92;-99.72
78172.85;-99.95
78175.78;-99.87
78178.71;-100.03
78181.64;-99.95
78184.57;-100.11
78187.50;-100.26
78190.43;-100.19
78193.36;-99.95
78196.29;-100.03
78199.22;-99.95
78202.15;-99.87
78205.08;-99.87
78208.01;-99.95
78210.94;-100.11
78213.87;-100.26
78216.80;-100.42
78219.73;-100.11
78222.66;-100.26
78225.59;-100.42
78228.52;-100.42
78231.45;-100.19
78234.38;-100.19
78237.30;-100.34
78240.23;-100.19
78243.16;-99.87
78246.09;-99.87
78249.02;-99.87
78251.95;-99.87
78254.88;-99.72
78257.81;-99.95
78260.74;-100.03
78263.67;-99.87
78266.60;-100.34
78269.53;-100.03
78272.46;-99.95
78275.39;-100.26
78278.32;-100.19
78281.25;-99.87
78284.18;-99.87
78287.11;-100.19
78290.04;-100.19
78292.97;-100.11
78295.90;-100.03
78298.83;-99.87
78301.76;-99.95
78304.69;-100.19
78307.62;-99.95
78310.55;-99.87
78313.48;-100.03
78316.41;-100.03
78319.34;-100.03
78322.27;-100.19
78325.20;-100.19
78328.13;-100.03
78331.05;-99.95
78333.98;-100.11
78336.91;-100.19
78339.84;-100.34
78342.77;-100.26
78345.70;-100.19
78348.63;-100.03
78351.56;-100.03
78354.49;-100.34
78357.42;-100.26
78360.35;-100.19
78363.28;-100.03
78366.21;-99.87
78369.14;-99.72
78372.07;-99.79
78375.00;-100.03
78377.93;-100.19
78380.86;-100.34
78383.79;-99.87
78386.72;-99.87
78389.65;-100.11
78392.58;-99.95
78395.51;-100.19
78398.44;-100.26
78401.37;-99.72
78404.30;-99.72
78407.23;-99.95
78410.16;-100.03
78413.09;-100.34
78416.02;-100.34
78418.95;-100.19
78421.88;-100.42
78424.80;-100.19
78427.73;-100.03
78430.66;-99.95
78433.59;-100.03
78436.52;-100.11
78439.45;-100.11
78442.38;-100.26
78445.31;-100.19
78448.24;-100.26
78451.17;-100.11
78454.10;-100.11
78457.03;-100.26
78459.96;-100.26
78462.89;-100.26
78465.82;-100.26
78468.75;-100.19
78471.68;-100.11
78474.61;-100.11
78477.54;-100.11
78480.47;-100.34
78483.40;-100.26
78486.33;-100.11
78489.26;-100.19
78492.19;-100.19
78495.12;-99.95
78498.05;-99.72
78500.98;-99.72
78503.91;-99.95
78506.84;-99.87
78509.77;-99.95
78512.70;-100.19
78515.63;-100.19
78518.55;-99.95
78521.48;-100.11
78524.41;-100.26
78527.34;-100.11
78530.27;-100.34
78533.20;-100.26
78536.13;-100.11
78539.06;-100.11
78541.99;-99.87
78544.92;-100.11
78547.85;-100.19
78550.78;-99.87
78553.71;-100.03
78556.64;-99.87
78559.57;-100.03
78562.50;-100.11
78565.43;-100.19
78568.36;-100.19
78571.29;-99.95
78574.22;-100.19
78577.15;-100.26
78580.08;-100.19
78583.01;-100.19
78585.94;-100.11
78588.87;-100.11
78591.80;-100.19
78594.73;-100.11
78597.66;-100.19
78600.59;-100.03
78603.52;-100.03
78606.45;-100.03
78609.38;-100.03
78612.30;-100.19
78615.23;-100.42
78618.16;-100.26
78621.09;-100.11
78624.02;-100.03
78626.95;-100.03
78629.88;-100.19
78632.81;-100.19
78635.74;-100.03
78638.67;-99.72
78641.60;-99.72
78644.53;-99.95
78647.46;-99.95
78650.39;-99.64
78653.32;-100.03
78656.25;-100.03
78659.18;-99.95
78662.11;-99.95
78665.04;-99.95
78667.97;-100.26
78670.90;-100.03
78673.83;-100.11
78676.76;-100.03
78679.69;-100.03
78682.62;-100.34
78685.55;-100.34
78688.48;-100.19
78691.41;-100.26
78694.34;-100.34
78697.27;-100.19
78700.20;-99.95
78703.13;-99.95
78706.05;-99.95
78708.98;-99.95
78711.91;-100.03
78714.84;-99.95
78717.77;-99.95
78720.70;-100.11
78723.63;-99.79
78726.56;-100.03
78729.49;-100.34
78732.42;-100.26
78735.35;-100.03
78738.28;-99.79
78741.21;-99.87
78744.14;-99.95
78747.07;-100.11
78750.00;-100.11
78752.93;-99.95
78755.86;-100.03
78758.79;-99.95
78761.72;-100.03
78764.65;-99.95
78767.58;-100.03
78770.51;-100.26
78773.44;-100.34
78776.37;-100.42
78779.30;-100.26
78782.23;-100.11
78785.16;-99.95
78788.09;-100.34
78791.02;-100.26
78793.95;-100.26
78796.88;-100.19
78799.80;-100.03
78802.73;-99.95
78805.66;-100.03
78808.59;-99.95
78811.52;-100.19
78814.45;-100.26
78817.38;-99.95
78820.31;-100.03
78823.24;-99.87
78826.17;-99.95
78829.10;-99.95
78832.03;-100.19
78834.96;-100.11
78837.89;-100.11
78840.82;-99.95
78843.75;-100.03
78846.68;-100.11
78849.61;-99.79
78852.54;-99.56
78855.47;-99.87
78858.40;-100.19
78861.33;-100.03
78864.26;-100.03
78867.19;-99.87
78870.12;-100.03
78873.05;-100.11
78875.98;-100.03
78878.91;-99.95
78881.84;-100.11
78884.77;-100.19
78887.70;-100.03
78890.63;-100.11
78893.55;-100.03
78896.48;-100.03
78899.41;-100.03
78902.34;-100.03
78905.27;-100.34
78908.20;-100.50
78911.13;-100.03
78914.06;-99.79
78916.99;-100.03
78919.92;-100.19
78922.85;-100.19
78925.78;-100.19
78928.71;-100.11
78931.64;-100.11
78934.57;-99.95
78937.50;-100.11
78940.43;-100.26
78943.36;-100.26
78946.29;-100.34
78949.22;-100.26
78952.15;-100.11
78955.08;-100.19
78958.01;-100.03
78960.94;-100.11
78963.87;-100.03
78966.80;-100.11
78969.73;-100.03
78972.66;-100.19
78975.59;-100.26
78978.52;-100.11
78981.45;-100.11
78984.38;-100.03
78987.30;-99.64
78990.23;-99.79
78993.16;-100.11
78996.09;-100.11
78999.02;-99.95
79001.95;-99.79
79004.88;-99.87
79007.81;-100.03
79010.74;-100.19
79013.67;-99.87
79016.60;-99.95
79019.53;-100.03
79022.46;-99.87
79025.39;-100.11
79028.32;-100.34
79031.25;-100.03
79034.18;-100.03
79037.11;-100.26
79040.04;-100.26
79042.97;-100.50
79045.90;-100.11
79048.83;-99.87
79051.76;-99.95
79054.69;-100.11
79057.62;-100.19
79060.55;-100.11
79063.48;-100.11
79066.41;-100.11
79069.34;-100.11
79072.27;-100.34
79075.20;-100.26
79078.13;-99.95
79081.05;-100.03
79083.98;-100.11
79086.91;-100.11
79089.84;-99.95
79092.77;-99.87
79095.70;-99.87
79098.63;-100.11
79101.56;-100.19
79104.49;-100.03
79107.42;-100.03
79110.35;-100.19
79113.28;-100.03
79116.21;-100.19
79119.14;-100.03
79122.07;-100.11
79125.00;-100.11
79127.93;-100.26
79130.86;-100.19
79133.79;-99.95
79136.72;-100.11
79139.65;-100.19
79142.58;-100.11
79145.51;-100.11
79148.44;-100.19
79151.37;-99.87
79154.30;-100.03
79157.23;-100.03
79160.16;-100.03
79163.09;-100.11
79166.02;-100.19
79168.95;-100.19
79171.88;-100.19
79174.80;-100.03
79177.73;-100.19
79180.66;-100.19
79183.59;-100.26
79186.52;-100.11
79189.45;-99.87
79192.38;-99.95
79195.31;-100.03
79198.24;-100.03
79201.17;-100.19
79204.10;-100.11
79207.03;-99.72
79209.96;-99.79
79212.89;-99.95
79215.82;-99.95
79218.75;-100.11
79221.68;-100.26
79224.61;-100.19
79227.54;-100.34
79230.47;-100.19
79233.40;-100.19
79236.33;-100.42
79239.26;-100.19
79242.19;-100.11
79245.12;-100.19
79248.05;-100.19
79250.98;-100.03
79253.91;-99.87
79256.84;-99.72
79259.77;-99.72
79262.70;-99.95
79265.63;-100.03
79268.55;-100.03
79271.48;-100.03
79274.41;-100.26
79277.34;-100.19
79280.27;-100.03
79283.20;-99.95
79286.13;-100.03
79289.06;-100.26
79291.99;-100.11
79294.92;-100.11
79297.85;-100.34
79300.78;-100.19
79303.71;-99.87
79306.64;-100.03
79309.57;-100.11
79312.50;-99.95
79315.43;-99.95
79318.36;-100.19
79321.29;-100.26
79324.22;-100.42
79327.15;-100.03
79330.08;-100.03
79333.01;-100.03
79335.94;-100.19
79338.87;-99.87
79341.80;-99.87
79344.73;-99.95
79347.66;-100.26
79350.59;-100.11
79353.52;-100.50
79356.45;-100.26
79359.38;-100.11
79362.30;-100.26
79365.23;-100.19
79368.16;-100.19
79371.09;-100.11
79374.02;-99.72
79376.95;-99.95
79379.88;-100.03
79382.81;-100.19
79385.74;-100.19
79388.67;-99.95
79391.60;-100.11
79394.53;-100.03
79397.46;-100.11
79400.39;-100.03
79403.32;-100.03
79406.25;-100.03
79409.18;-99.79
79412.11;-99.79
79415.04;-99.95
79417.97;-99.95
79420.90;-99.87
79423.83;-100.03
79426.76;-99.95
79429.69;-99.87
79432.62;-99.95
79435.55;-100.03
79438.48;-99.79
79441.41;-99.87
79444.34;-99.95
79447.27;-100.19
79450.20;-100.26
79453.13;-100.19
79456.05;-100.34
79458.98;-100.11
79461.91;-100.26
79464.84;-100.34
79467.77;-100.03
79470.70;-100.03
79473.63;-99.95
79476.56;-100.03
79479.49;-100.26
79482.42;-100.19
79485.35;-100.11
79488.28;-100.19
79491.21;-100.11
79494.14;-100.19
79497.07;-100.19
79500.00;-100.19
79502.93;-99.87
79505.86;-100.19
79508.79;-100.50
79511.72;-100.26
79514.65;-100.11
79517.58;-100.03
79520.51;-100.19
79523.44;-100.19
79526.37;-100.11
79529.30;-99.95
79532.23;-100.19
79535.16;-100.19
79538.09;-100.19
79541.02;-100.34
79543.95;-100.26
79546.88;-100.34
79549.80;-100.26
79552.73;-100.11
79555.66;-100.03
79558.59;-99.87
79561.52;-99.95
79564.45;-100.11
79567.38;-100.26
79570.31;-100.34
79573.24;-100.19
79576.17;-100.11
79579.10;-100.11
79582.03;-99.87
79584.96;-99.72
79587.89;-99.87
79590.82;-100.19
79593.75;-100.03
79596.68;-100.03
79599.61;-100.19
79602.54;-100.26
79605.47;-100.19
79608.40;-99.72
79611.33;-99.87
79614.26;-100.26
79617.19;-100.34
79620.12;-100.11
79623.05;-100.03
79625.98;-100.26
79628.91;-100.03
79631.84;-100.19
79634.77;-100.34
79637.70;-100.34
79640.63;-100.34
79643.55;-100.19
79646.48;-100.11
79649.41;-100.11
79652.34;-100.34
79655.27;-100.03
79658.20;-100.03
79661.13;-99.95
79664.06;-100.03
79666.99;-99.87
79669.92;-100.03
79672.85;-100.26
79675.78;-100.26
79678.71;-100.34
79681.64;-100.03
79684.57;-100.11
79687.50;-99.95
79690.43;-100.26
79693.36;-100.42
79696.29;-100.26
79699.22;-100.19
79702.15;-100.03
79705.08;-100.19
79708.01;-100.11
79710.94;-99.79
79713.87;-100.03
79716.80;-100.19
79719.73;-99.95
79722.66;-99.95
79725.59;-99.79
79728.52;-100.03
79731.45;-100.11
79734.38;-100.26
79737.30;-100.50
79740.23;-100.34
79743.16;-100.19
79746.09;-99.87
79749.02;-100.03
79751.95;-100.03
79754.88;-99.95
79757.81;-100.19
79760.74;-100.11
79763.67;-100.11
79766.60;-100.11
79769.53;-100.11
79772.46;-100.03
79775.39;-99.95
79778.32;-100.03
79781.25;-100.03
79784.18;-100.19
79787.11;-99.95
79790.04;-100.03
79792.97;-99.72
79795.90;-99.72
79798.83;-99.95
79801.76;-100.19
79804.69;-99.87
79807.62;-100.11
79810.55;-100.26
79813.48;-100.26
79816.41;-100.19
79819.34;-100.11
79822.27;-100.11
79825.20;-100.11
79828.13;-100.19
79831.05;-100.19
79833.98;-100.34
79836.91;-99.87
79839.84;-99.72
79842.77;-99.79
79845.70;-100.19
79848.63;-100.03
79851.56;-99.79
79854.49;-100.03
79857.42;-100.26
79860.35;-100.11
79863.28;-100.19
79866.21;-100.03
79869.14;-99.87
79872.07;-100.11
79875.00;-100.26
79877.93;-100.03
79880.86;-100.19
79883.79;-100.11
79886.72;-100.19
79889.65;-100.34
79892.58;-100.19
79895.51;-100.11
79898.44;-100.03
79901.37;-99.87
79904.30;-99.95
79907.23;-99.95
79910.16;-100.11
79913.09;-100.34
79916.02;-99.95
79918.95;-100.11
79921.88;-100.19
79924.80;-100.26
79927.73;-100.26
79930.66;-100.19
79933.59;-100.34
79936.52;-100.26
79939.45;-100.11
79942.38;-100.19
79945.31;-100.11
79948.24;-100.19
79951.17;-100.34
79954.10;-100.34
79957.03;-100.26
79959.96;-100.03
79962.89;-100.11
79965.82;-100.19
79968.75;-100.03
79971.68;-100.11
79974.61;-100.11
79977.54;-100.03
79980.47;-100.03
79983.40;-100.11
79986.33;-100.03
79989.26;-100.19
79992.19;-100.03
79995.12;-100.26
79998.05;-99.79
80000.98;-99.79
80003.91;-100.03
80006.84;-99.95
80009.77;-100.19
80012.70;-100.19
80015.63;-100.11
80018.55;-100.34
80021.48;-100.65
80024.41;-100.58
80027.34;-100.11
80030.27;-100.11
80033.20;-100.03
80036.13;-100.26
80039.06;-100.42
80041.99;-100.34
80044.92;-100.26
80047.85;-100.03
80050.78;-100.03
80053.71;-99.79
80056.64;-100.11
80059.57;-100.34
80062.50;-100.26
80065.43;-100.19
80068.36;-100.26
80071.29;-100.26
80074.22;-99.95
80077.15;-99.95
80080.08;-99.79
80083.01;-99.95
80085.94;-100.19
80088.87;-100.19
80091.80;-100.26
80094.73;-100.26
80097.66;-100.11
80100.59;-100.42
80103.52;-100.26
80106.45;-100.11
80109.38;-100.03
80112.30;-99.79
80115.23;-99.87
80118.16;-100.11
80121.09;-100.26
80124.02;-100.03
80126.95;-99.95
80129.88;-99.87
80132.81;-100.11
80135.74;-100.34
80138.67;-100.03
80141.60;-99.95
80144.53;-100.11
80147.46;-100.26
80150.39;-100.03
80153.32;-99.95
80156.25;-99.79
80159.18;-99.72
80162.11;-99.95
80165.04;-100.03
80167.97;-100.11
80170.90;-100.03
80173.83;-99.95
80176.76;-100.11
80179.69;-99.87
80182.62;-99.87
80185.55;-100.03
80188.48;-100.03
80191.41;-99.95
80194.34;-100.11
80197.27;-100.26
80200.20;-100.19
80203.13;-99.87
80206.05;-99.87
80208.98;-99.87
80211.91;-99.95
80214.84;-100.03
80217.77;-100.11
80220.70;-100.19
80223.63;-100.26
80226.56;-100.11
80229.49;-99.87
80232.42;-99.56
80235.35;-99.87
80238.28;-99.87
80241.21;-99.79
80244.14;-99.95
80247.07;-100.26
80250.00;-100.03
80252.93;-99.95
80255.86;-99.95
80258.79;-99.95
80261.72;-99.95
80264.65;-99.95
80267.58;-100.11
80270.51;-100.11
80273.44;-100.11
80276.37;-100.19
80279.30;-100.11
80282.23;-100.34
80285.16;-100.19
80288.09;-100.11
80291.02;-99.95
80293.95;-99.79
80296.88;-99.79
80299.80;-99.95
80302.73;-100.34
80305.66;-100.19
80308.59;-100.42
80311.52;-100.42
80314.45;-100.19
80317.38;-99.72
80320.31;-99.79
80323.24;-100.11
80326.17;-100.34
80329.10;-100.19
80332.03;-100.03
80334.96;-99.79
80337.89;-100.03
80340.82;-99.95
80343.75;-100.11
80346.68;-100.26
80349.61;-100.19
80352.54;-100.03
80355.47;-100.03
80358.40;-100.42
80361.33;-100.26
80364.26;-100.26
80367.19;-100.11
80370.12;-100.03
80373.05;-100.03
80375.98;-99.95
80378.91;-100.11
80381.84;-100.19
80384.77;-100.19
80387.70;-100.03
80390.63;-99.79
80393.55;-100.11
80396.48;-100.19
80399.41;-100.03
80402.34;-100.03
80405.27;-100.11
80408.20;-100.11
80411.13;-99.87
80414.06;-100.11
80416.99;-100.26
80419.92;-100.03
80422.85;-99.95
80425.78;-99.87
80428.71;-99.79
80431.64;-99.87
80434.57;-99.95
80437.50;-99.95
80440.43;-100.19
80443.36;-100.11
80446.29;-99.95
80449.22;-99.95
80452.15;-100.03
80455.08;-100.11
80458.01;-100.11
80460.94;-100.26
80463.87;-100.19
80466.80;-99.87
80469.73;-99.87
80472.66;-99.95
80475.59;-100.11
80478.52;-100.34
80481.45;-99.95
80484.38;-99.87
80487.30;-100.03
80490.23;-100.11
80493.16;-100.11
80496.09;-100.03
80499.02;-100.03
80501.95;-100.03
80504.88;-100.34
80507.81;-100.34
80510.74;-100.26
80513.67;-100.11
80516.60;-99.95
80519.53;-100.11
80522.46;-100.34
80525.39;-100.03
80528.32;-99.95
80531.25;-100.19
80534.18;-100.03
80537.11;-99.72
80540.04;-99.95
80542.97;-99.95
80545.90;-99.87
80548.83;-99.87
80551.76;-100.03
80554.69;-100.50
80557.62;-100.50
80560.55;-100.11
80563.48;-100.03
80566.41;-99.87
80569.34;-100.03
80572.27;-99.87
80575.20;-99.64
80578.13;-99.48
80581.05;-99.64
80583.98;-99.72
80586.91;-99.64
80589.84;-100.26
80592.77;-100.34
80595.70;-100.11
80598.63;-100.03
80601.56;-100.11
80604.49;-100.11
80607.42;-100.19
80610.35;-100.11
80613.28;-100.03
80616.21;-99.95
80619.14;-100.11
80622.07;-99.95
80625.00;-100.11
80627.93;-100.11
80630.86;-100.11
80633.79;-100.03
80636.72;-100.19
80639.65;-100.19
80642.58;-100.11
80645.51;-100.03
80648.44;-99.87
80651.37;-100.42
80654.30;-100.26
80657.23;-99.87
80660.16;-99.87
80663.09;-100.11
80666.02;-100.11
80668.95;-100.26
80671.88;-100.50
80674.80;-100.34
80677.73;-100.26
80680.66;-100.26
80683.59;-100.19
80686.52;-100.11
80689.45;-99.95
80692.38;-99.95
80695.31;-100.11
80698.24;-100.19
80701.17;-100.19
80704.10;-100.34
80707.03;-100.42
80709.96;-100.34
80712.89;-100.26
80715.82;-99.87
80718.75;-99.95
80721.68;-100.11
80724.61;-99.95
80727.54;-100.11
80730.47;-100.26
80733.40;-100.03
80736.33;-100.26
80739.26;-100.34
80742.19;-99.95
80745.12;-100.11
80748.05;-100.19
80750.98;-99.95
80753.91;-99.95
80756.84;-100.03
80759.77;-100.11
80762.70;-100.19
80765.63;-100.26
80768.55;-100.03
80771.48;-100.11
80774.41;-100.11
80777.34;-100.19
80780.27;-100.19
80783.20;-99.87
80786.13;-99.79
80789.06;-100.03
80791.99;-100.26
80794.92;-100.19
80797.85;-100.26
80800.78;-100.11
80803.71;-100.03
80806.64;-100.11
80809.57;-99.95
80812.50;-100.03
80815.43;-100.11
80818.36;-100.11
80821.29;-100.11
80824.22;-100.11
80827.15;-99.95
80830.08;-99.87
80833.01;-100.50
80835.94;-100.34
80838.87;-100.11
80841.80;-100.19
80844.73;-100.26
80847.66;-100.03
80850.59;-99.95
80853.52;-100.19
80856.45;-100.11
80859.38;-99.87
80862.30;-99.72
80865.23;-99.95
80868.16;-100.11
80871.09;-100.11
80874.02;-100.19
80876.95;-100.11
80879.88;-100.11
80882.81;-100.19
80885.74;-100.19
80888.67;-100.50
80891.60;-100.26
80894.53;-99.95
80897.46;-100.03
80900.39;-100.11
80903.32;-100.19
80906.25;-100.26
80909.18;-100.19
80912.11;-100.26
80915.04;-100.19
80917.97;-100.11
80920.90;-100.11
80923.83;-99.87
80926.76;-100.11
80929.69;-100.03
80932.62;-100.03
80935.55;-100.03
80938.48;-100.11
80941.41;-100.03
80944.34;-99.95
80947.27;-100.03
80950.20;-100.19
80953.13;-100.19
80956.05;-100.19
80958.98;-100.19
80961.91;-99.72
80964.84;-100.03
80967.77;-100.26
80970.70;-100.11
80973.63;-100.19
80976.56;-100.19
80979.49;-100.19
80982.42;-100.19
80985.35;-100.42
80988.28;-100.19
80991.21;-99.87
80994.14;-99.87
80997.07;-100.03
81000.00;-100.19
81002.93;-100.11
81005.86;-100.03
81008.79;-99.95
81011.72;-100.11
81014.65;-100.26
81017.58;-100.34
81020.51;-100.19
81023.44;-100.11
81026.37;-99.95
81029.30;-99.95
81032.23;-99.95
81035.16;-100.11
81038.09;-100.26
81041.02;-100.11
81043.95;-100.19
81046.88;-100.34
81049.80;-100.19
81052.73;-100.03
81055.66;-100.42
81058.59;-100.26
81061.52;-100.11
81064.45;-99.87
81067.38;-99.95
81070.31;-100.11
81073.24;-100.11
81076.17;-100.19
81079.10;-100.26
81082.03;-100.26
81084.96;-99.87
81087.89;-99.79
81090.82;-99.87
81093.75;-99.87
81096.68;-99.95
81099.61;-100.19
81102.54;-100.19
81105.47;-100.03
81108.40;-100.11
81111.33;-100.26
81114.26;-100.34
81117.19;-100.42
81120.12;-100.50
81123.05;-99.87
81125.98;-99.95
81128.91;-100.03
81131.84;-100.11
81134.77;-100.03
81137.70;-100.03
81140.63;-100.11
81143.55;-100.03
81146.48;-100.03
81149.41;-100.11
81152.34;-100.34
81155.27;-100.11
81158.20;-99.72
81161.13;-99.79
81164.06;-99.72
81166.99;-99.95
81169.92;-100.11
81172.85;-100.19
81175.78;-100.26
81178.71;-100.26
81181.64;-100.03
81184.57;-100.03
81187.50;-100.11
81190.43;-100.03
81193.36;-100.03
81196.29;-99.95
81199.22;-99.72
81202.15;-100.03
81205.08;-100.11
81208.01;-100.03
81210.94;-100.03
81213.87;-100.03
81216.80;-99.87
81219.73;-100.03
81222.66;-99.87
81225.59;-99.87
81228.52;-100.03
81231.45;-100.34
81234.38;-100.11
81237.30;-100.03
81240.23;-100.26
81243.16;-100.11
81246.09;-100.03
81249.02;-100.11
81251.95;-100.03
81254.88;-100.34
81257.81;-100.19
81260.74;-99.87
81263.67;-99.79
81266.60;-99.95
81269.53;-99.87
81272.46;-99.87
81275.39;-100.19
81278.32;-100.34
81281.25;-100.26
81284.18;-100.11
81287.11;-100.11
81290.04;-99.79
81292.97;-100.11
81295.90;-100.03
81298.83;-100.19
81301.76;-100.26
81304.69;-99.87
81307.62;-99.87
81310.55;-100.11
81313.48;-100.11
81316.41;-100.26
81319.34;-100.42
81322.27;-100.42
81325.20;-99.95
81328.13;-99.87
81331.05;-100.03
81333.98;-100.19
81336.91;-99.95
81339.84;-99.95
81342.77;-100.11
81345.70;-100.03
81348.63;-99.87
81351.56;-100.11
81354.49;-100.19
81357.42;-100.19
81360.35;-100.11
81363.28;-100.03
81366.21;-100.11
81369.14;-100.11
81372.07;-100.19
81375.00;-100.42
81377.93;-100.19
81380.86;-100.19
81383.79;-99.95
81386.72;-100.03
81389.65;-100.34
81392.58;-100.26
81395.51;-100.03
81398.44;-99.87
81401.37;-100.19
81404.30;-100.42
81407.23;-100.26
81410.16;-100.26
81413.09;-100.11
81416.02;-100.03
81418.95;-100.11
81421.88;-100.26
81424.80;-100.42
81427.73;-100.34
81430.66;-100.26
81433.59;-100.19
81436.52;-100.11
81439.45;-100.19
81442.38;-100.11
81445.31;-99.79
81448.24;-99.79
81451.17;-100.19
81454.10;-100.19
81457.03;-100.11
81459.96;-100.26
81462.89;-100.19
81465.82;-99.87
81468.75;-99.87
81471.68;-100.34
81474.61;-100.19
81477.54;-100.26
81480.47;-100.34
81483.40;-100.11
81486.33;-100.11
81489.26;-99.95
81492.19;-99.87
81495.12;-100.03
81498.05;-100.11
81500.98;-100.11
81503.91;-99.79
81506.84;-99.95
81509.77;-100.26
81512.70;-100.42
81515.63;-100.34
81518.55;-100.19
81521.48;-100.26
81524.41;-100.03
81527.34;-99.95
81530.27;-100.11
81533.20;-100.19
81536.13;-99.87
81539.06;-99.79
81541.99;-99.95
81544.92;-100.19
81547.85;-100.03
81550.78;-100.11
81553.71;-100.19
81556.64;-100.11
81559.57;-100.03
81562.50;-100.03
81565.43;-100.11
81568.36;-100.11
81571.29;-99.95
81574.22;-99.95
81577.15;-100.11
81580.08;-100.26
81583.01;-100.34
81585.94;-100.19
81588.87;-100.11
81591.80;-100.26
81594.73;-100.19
81597.66;-100.26
81600.59;-100.03
81603.52;-100.26
81606.45;-100.19
81609.38;-100.19
81612.30;-100.11
81615.23;-99.64
81618.16;-99.95
81621.09;-100.03
81624.02;-99.87
81626.95;-100.34
81629.88;-100.11
81632.81;-100.11
81635.74;-100.42
81638.67;-100.19
81641.60;-100.19
81644.53;-100.19
81647.46;-100.11
81650.39;-100.11
81653.32;-100.19
81656.25;-100.11
81659.18;-100.26
81662.11;-100.11
81665.04;-100.11
81667.97;-100.19
81670.90;-100.34
81673.83;-100.42
81676.76;-100.26
81679.69;-99.87
81682.62;-100.11
81685.55;-100.19
81688.48;-100.19
81691.41;-100.50
81694.34;-100.19
81697.27;-100.11
81700.20;-100.11
81703.13;-100.34
81706.05;-100.26
81708.98;-100.03
81711.91;-100.26
81714.84;-100.26
81717.77;-100.26
81720.70;-100.19
81723.63;-100.03
81726.56;-100.03
81729.49;-100.19
81732.42;-100.26
81735.35;-100.19
81738.28;-100.26
81741.21;-99.95
81744.14;-100.11
81747.07;-100.11
81750.00;-100.26
81752.93;-100.03
81755.86;-100.03
81758.79;-100.11
81761.72;-100.19
81764.65;-100.19
81767.58;-100.19
81770.51;-100.11
81773.44;-100.26
81776.37;-100.11
81779.30;-100.03
81782.23;-100.26
81785.16;-100.42
81788.09;-100.11
81791.02;-100.11
81793.95;-100.26
81796.88;-100.26
81799.80;-100.26
81802.73;-100.03
81805.66;-99.87
81808.59;-99.95
81811.52;-100.03
81814.45;-99.72
81817.38;-99.87
81820.31;-100.11
81823.24;-100.34
81826.17;-100.50
81829.10;-100.42
81832.03;-100.19
81834.96;-100.11
81837.89;-100.34
81840.82;-100.34
81843.75;-100.11
81846.68;-100.03
81849.61;-100.19
81852.54;-100.03
81855.47;-100.26
81858.40;-100.34
81861.33;-100.11
81864.26;-100.03
81867.19;-100.26
81870.12;-100.26
81873.05;-100.26
81875.98;-100.19
81878.91;-100.03
81881.84;-99.95
81884.77;-100.11
81887.70;-100.11
81890.63;-99.95
81893.55;-99.87
81896.48;-100.26
81899.41;-100.26
81902.34;-99.87
81905.27;-100.03
81908.20;-100.19
81911.13;-100.26
81914.06;-99.79
81916.99;-99.72
81919.92;-100.19
81922.85;-100.11
81925.78;-100.19
81928.71;-100.34
81931.64;-100.19
81934.57;-99.95
81937.50;-100.03
81940.43;-100.19
81943.36;-100.19
81946.29;-100.26
81949.22;-100.34
81952.15;-100.19
81955.08;-99.87
81958.01;-99.95
81960.94;-100.03
81963.87;-99.87
81966.80;-100.03
81969.73;-100.34
81972.66;-100.34
81975.59;-100.26
81978.52;-100.03
81981.45;-100.19
81984.38;-100.26
81987.30;-100.26
81990.23;-100.19
81993.16;-99.87
81996.09;-100.19
81999.02;-100.34
82001.95;-100.19
82004.88;-100.03
82007.81;-100.11
82010.74;-99.79
82013.67;-99.72
82016.60;-99.64
82019.53;-99.87
82022.46;-100.11
82025.39;-99.87
82028.32;-100.03
82031.25;-100.11
82034.18;-100.11
82037.11;-99.87
82040.04;-100.03
82042.97;-99.95
82045.90;-100.19
82048.83;-100.03
82051.76;-99.95
82054.69;-100.19
82057.62;-100.03
82060.55;-99.95
82063.48;-99.72
82066.41;-100.11
82069.34;-100.03
82072.27;-99.95
82075.20;-100.19
82078.13;-100.26
82081.05;-100.03
82083.98;-100.11
82086.91;-100.19
82089.84;-100.19
82092.77;-100.11
82095.70;-100.26
82098.63;-100.03
82101.56;-100.11
82104.49;-100.11
82107.42;-100.26
82110.35;-100.26
82113.28;-100.26
82116.21;-100.26
82119.14;-100.19
82122.07;-100.34
82125.00;-100.42
82127.93;-100.11
82130.86;-100.03
82133.79;-100.11
82136.72;-100.19
82139.65;-100.42
82142.58;-100.03
82145.51;-99.79
82148.44;-100.11
82151.37;-100.19
82154.30;-100.11
82157.23;-100.03
82160.16;-100.03
82163.09;-99.95
82166.02;-100.19
82168.95;-100.19
82171.88;-100.26
82174.80;-100.50
82177.73;-100.34
82180.66;-100.34
82183.59;-100.34
82186.52;-100.19
82189.45;-100.03
82192.38;-100.03
82195.31;-100.11
82198.24;-100.26
82201.17;-100.26
82204.10;-100.19
82207.03;-100.34
82209.96;-100.26
82212.89;-100.19
82215.82;-100.11
82218.75;-100.19
82221.68;-100.11
82224.61;-100.11
82227.54;-100.03
82230.47;-99.87
82233.40;-100.34
82236.33;-100.26
82239.26;-100.26
82242.19;-100.03
82245.12;-100.03
82248.05;-100.26
82250.98;-100.26
82253.91;-99.79
82256.84;-99.79
82259.77;-99.87
82262.70;-99.87
82265.63;-100.03
82268.55;-100.19
82271.48;-100.19
82274.41;-100.42
82277.34;-100.26
82280.27;-100.19
82283.20;-100.03
82286.13;-99.95
82289.06;-99.95
82291.99;-100.11
82294.92;-100.19
82297.85;-100.19
82300.78;-100.11
82303.71;-100.50
82306.64;-100.42
82309.57;-100.34
82312.50;-100.03
82315.43;-99.87
82318.36;-99.87
82321.29;-99.87
82324.22;-100.11
82327.15;-100.11
82330.08;-100.19
82333.01;-100.26
82335.94;-100.19
82338.87;-100.26
82341.80;-100.19
82344.73;-100.11
82347.66;-100.11
82350.59;-100.11
82353.52;-100.03
82356.45;-99.95
82359.38;-100.03
82362.30;-100.11
82365.23;-100.19
82368.16;-100.03
82371.09;-100.19
82374.02;-100.34
82376.95;-100.26
82379.88;-100.11
82382.81;-100.26
82385.74;-100.26
82388.67;-100.42
82391.60;-100.19
82394.53;-100.26
82397.46;-100.19
82400.39;-100.11
82403.32;-100.11
82406.25;-100.26
82409.18;-100.11
82412.11;-99.79
82415.04;-100.11
82417.97;-100.26
82420.90;-100.19
82423.83;-100.34
82426.76;-100.26
82429.69;-100.11
82432.62;-100.19
82435.55;-100.34
82438.48;-100.19
82441.41;-100.26
82444.34;-100.34
82447.27;-100.19
82450.20;-100.19
82453.13;-100.19
82456.05;-100.11
82458.98;-100.26
82461.91;-100.26
82464.84;-100.26
82467.77;-100.11
82470.70;-100.11
82473.63;-100.26
82476.56;-100.03
82479.49;-100.03
82482.42;-100.19
82485.35;-100.34
82488.28;-100.34
82491.21;-100.11
82494.14;-100.03
82497.07;-100.03
82500.00;-99.87
82502.93;-100.03
82505.86;-100.26
82508.79;-100.42
82511.72;-100.50
82514.65;-100.42
82517.58;-100.34
82520.51;-100.50
82523.44;-100.19
82526.37;-100.03
82529.30;-100.26
82532.23;-100.19
82535.16;-100.19
82538.09;-100.73
82541.02;-100.26
82543.95;-100.03
82546.88;-100.19
82549.80;-100.19
82552.73;-100.19
82555.66;-100.03
82558.59;-100.11
82561.52;-100.34
82564.45;-100.42
82567.38;-100.34
82570.31;-100.26
82573.24;-100.26
82576.17;-100.19
82579.10;-99.87
82582.03;-100.26
82584.96;-100.19
82587.89;-100.42
82590.82;-100.42
82593.75;-100.50
82596.68;-100.26
82599.61;-100.03
82602.54;-99.95
82605.47;-100.11
82608.40;-99.87
82611.33;-100.03
82614.26;-100.26
82617.19;-100.26
82620.12;-100.26
82623.05;-100.11
82625.98;-100.03
82628.91;-100.19
82631.84;-100.03
82634.77;-99.95
82637.70;-100.19
82640.63;-100.11
82643.55;-100.03
82646.48;-100.11
82649.41;-100.50
82652.34;-100.26
82655.27;-100.26
82658.20;-100.11
82661.13;-100.34
82664.06;-100.11
82666.99;-100.03
82669.92;-100.19
82672.85;-100.11
82675.78;-100.03
82678.71;-99.95
82681.64;-100.03
82684.57;-100.19
82687.50;-100.34
82690.43;-100.26
82693.36;-100.11
82696.29;-100.19
82699.22;-100.42
82702.15;-100.26
82705.08;-100.11
82708.01;-100.03
82710.94;-100.03
82713.87;-100.19
82716.80;-100.26
82719.73;-100.19
82722.66;-100.19
82725.59;-100.19
82728.52;-100.19
82731.45;-100.26
82734.38;-100.34
82737.30;-100.34
82740.23;-100.50
82743.16;-100.11
82746.09;-100.26
82749.02;-100.42
82751.95;-100.34
82754.88;-100.11
82757.81;-100.11
82760.74;-100.19
82763.67;-100.26
82766.60;-99.95
82769.53;-100.11
82772.46;-100.26
82775.39;-100.11
82778.32;-99.95
82781.25;-100.03
82784.18;-100.26
82787.11;-100.34
82790.04;-100.42
82792.97;-100.19
82795.90;-100.19
82798.83;-99.95
82801.76;-99.87
82804.69;-100.03
82807.62;-100.19
82810.55;-100.34
82813.48;-100.58
82816.41;-100.34
82819.34;-100.03
82822.27;-100.03
82825.20;-99.95
82828.13;-100.26
82831.05;-100.34
82833.98;-100.26
82836.91;-100.19
82839.84;-100.26
82842.77;-100.26
82845.70;-100.34
82848.63;-100.26
82851.56;-100.34
82854.49;-100.19
82857.42;-100.19
82860.35;-100.26
82863.28;-100.11
82866.21;-100.26
82869.14;-100.19
82872.07;-100.19
82875.00;-100.34
82877.93;-100.34
82880.86;-100.34
82883.79;-100.26
82886.72;-100.26
82889.65;-100.42
82892.58;-100.34
82895.51;-100.03
82898.44;-100.11
82901.37;-100.26
82904.30;-99.95
82907.23;-100.19
82910.16;-100.42
82913.09;-100.11
82916.02;-100.11
82918.95;-100.26
82921.88;-100.34
82924.80;-100.11
82927.73;-100.03
82930.66;-100.03
82933.59;-100.03
82936.52;-100.03
82939.45;-100.11
82942.38;-100.19
82945.31;-100.34
82948.24;-100.26
82951.17;-100.50
82954.10;-100.19
82957.03;-100.19
82959.96;-100.19
82962.89;-100.42
82965.82;-100.26
82968.75;-100.34
82971.68;-100.11
82974.61;-100.03
82977.54;-100.19
82980.47;-100.26
82983.40;-100.19
82986.33;-100.19
82989.26;-100.26
82992.19;-100.11
82995.12;-99.87
82998.05;-100.19
83000.98;-100.42
83003.91;-100.34
83006.84;-100.26
83009.77;-100.42
83012.70;-100.81
83015.63;-100.42
83018.55;-100.11
83021.48;-100.26
83024.41;-100.19
83027.34;-100.26
83030.27;-100.11
83033.20;-100.11
83036.13;-100.11
83039.06;-100.26
83041.99;-100.03
83044.92;-100.26
83047.85;-100.50
83050.78;-100.34
83053.71;-100.26
83056.64;-100.34
83059.57;-100.26
83062.50;-100.19
83065.43;-100.11
83068.36;-100.11
83071.29;-100.19
83074.22;-100.03
83077.15;-100.11
83080.08;-100.42
83083.01;-100.19
83085.94;-100.19
83088.87;-100.03
83091.80;-100.26
83094.73;-100.34
83097.66;-100.11
83100.59;-100.42
83103.52;-100.34
83106.45;-100.26
83109.38;-100.19
83112.30;-100.19
83115.23;-100.34
83118.16;-100.19
83121.09;-100.19
83124.02;-100.19
83126.95;-100.19
83129.88;-100.19
83132.81;-100.19
83135.74;-100.34
83138.67;-100.42
83141.60;-100.42
83144.53;-100.26
83147.46;-100.19
83150.39;-100.34
83153.32;-100.50
83156.25;-100.42
83159.18;-100.11
83162.11;-100.03
83165.04;-100.11
83167.97;-100.11
83170.90;-100.19
83173.83;-100.11
83176.76;-100.11
83179.69;-100.19
83182.62;-100.19
83185.55;-100.26
83188.48;-100.19
83191.41;-100.19
83194.34;-100.26
83197.27;-100.11
83200.20;-100.19
83203.13;-100.34
83206.05;-100.03
83208.98;-100.03
83211.91;-100.42
83214.84;-100.11
83217.77;-100.34
83220.70;-100.65
83223.63;-100.26
83226.56;-100.11
83229.49;-100.19
83232.42;-100.26
83235.35;-100.03
83238.28;-99.95
83241.21;-100.11
83244.14;-100.26
83247.07;-100.19
83250.00;-100.03
83252.93;-100.11
83255.86;-100.19
83258.79;-100.19
83261.72;-100.19
83264.65;-100.19
83267.58;-100.19
83270.51;-100.11
83273.44;-100.19
83276.37;-100.19
83279.30;-100.11
83282.23;-100.11
83285.16;-100.26
83288.09;-100.19
83291.02;-100.34
83293.95;-100.26
83296.88;-100.19
83299.80;-99.95
83302.73;-100.03
83305.66;-100.26
83308.59;-100.26
83311.52;-99.95
83314.45;-99.95
83317.38;-100.50
83320.31;-100.42
83323.24;-100.11
83326.17;-100.03
83329.10;-100.03
83332.03;-100.19
83334.96;-100.19
83337.89;-100.26
83340.82;-100.26
83343.75;-100.11
83346.68;-100.19
83349.61;-100.03
83352.54;-100.03
83355.47;-100.19
83358.40;-100.34
83361.33;-100.26
83364.26;-100.26
83367.19;-100.11
83370.12;-100.03
83373.05;-100.19
83375.98;-100.26
83378.91;-100.26
83381.84;-100.26
83384.77;-100.19
83387.70;-100.11
83390.63;-100.03
83393.55;-100.11
83396.48;-100.19
83399.41;-100.19
83402.34;-100.34
83405.27;-100.19
83408.20;-100.11
83411.13;-100.19
83414.06;-100.26
83416.99;-100.34
83419.92;-100.19
83422.85;-100.42
83425.78;-100.42
83428.71;-100.34
83431.64;-100.26
83434.57;-100.19
83437.50;-100.11
83440.43;-100.03
83443.36;-100.42
83446.29;-100.34
83449.22;-100.50
83452.15;-100.65
83455.08;-100.26
83458.01;-100.26
83460.94;-100.42
83463.87;-100.19
83466.80;-99.87
83469.73;-100.11
83472.66;-100.26
83475.59;-100.19
83478.52;-100.19
83481.45;-100.19
83484.38;-100.11
83487.30;-100.19
83490.23;-100.34
83493.16;-100.19
83496.09;-100.11
83499.02;-100.03
83501.95;-100.11
83504.88;-100.26
83507.81;-100.34
83510.74;-100.19
83513.67;-100.19
83516.60;-100.03
83519.53;-100.34
83522.46;-100.34
83525.39;-100.19
83528.32;-100.03
83531.25;-100.03
83534.18;-100.11
83537.11;-100.11
83540.04;-100.34
83542.97;-100.11
83545.90;-100.26
83548.83;-100.26
83551.76;-100.03
83554.69;-99.95
83557.62;-100.26
83560.55;-100.11
83563.48;-100.19
83566.41;-100.11
83569.34;-100.03
83572.27;-100.19
83575.20;-100.42
83578.13;-100.34
83581.05;-100.19
83583.98;-100.26
83586.91;-100.26
83589.84;-100.19
83592.77;-100.26
83595.70;-100.19
83598.63;-100.03
83601.56;-100.11
83604.49;-100.26
83607.42;-100.34
83610.35;-100.34
83613.28;-100.19
83616.21;-100.03
83619.14;-100.19
83622.07;-100.19
83625.00;-100.26
83627.93;-100.19
83630.86;-100.03
83633.79;-100.03
83636.72;-100.03
83639.65;-100.03
83642.58;-100.26
83645.51;-100.11
83648.44;-100.19
83651.37;-100.58
83654.30;-100.19
83657.23;-100.11
83660.16;-100.34
83663.09;-100.26
83666.02;-100.26
83668.95;-100.50
83671.88;-100.50
83674.80;-100.11
83677.73;-100.03
83680.66;-99.87
83683.59;-100.11
83686.52;-100.19
83689.45;-100.11
83692.38;-100.26
83695.31;-100.19
83698.24;-100.03
83701.17;-99.95
83704.10;-100.03
83707.03;-100.11
83709.96;-100.03
83712.89;-100.03
83715.82;-100.03
83718.75;-100.34
83721.68;-100.11
83724.61;-99.95
83727.54;-99.95
83730.47;-100.19
83733.40;-100.26
83736.33;-100.11
83739.26;-100.11
83742.19;-100.19
83745.12;-100.34
83748.05;-100.11
83750.98;-100.19
83753.91;-100.42
83756.84;-100.34
83759.77;-100.26
83762.70;-100.26
83765.63;-100.26
83768.55;-100.19
83771.48;-100.03
83774.41;-100.03
83777.34;-100.19
83780.27;-99.95
83783.20;-100.26
83786.13;-100.42
83789.06;-100.11
83791.99;-99.95
83794.92;-100.19
83797.85;-100.19
83800.78;-99.95
83803.71;-99.79
83806.64;-100.11
83809.57;-100.19
83812.50;-100.19
83815.43;-100.11
83818.36;-100.11
83821.29;-100.26
83824.22;-100.42
83827.15;-100.42
83830.08;-100.19
83833.01;-99.95
83835.94;-100.19
83838.87;-100.11
83841.80;-100.19
83844.73;-100.26
83847.66;-100.26
83850.59;-100.26
83853.52;-100.19
83856.45;-100.34
83859.38;-100.34
83862.30;-100.19
83865.23;-100.11
83868.16;-99.95
83871.09;-100.11
83874.02;-100.11
83876.95;-99.95
83879.88;-99.79
83882.81;-99.95
83885.74;-99.87
83888.67;-99.79
83891.60;-100.19
83894.53;-100.26
83897.46;-100.19
83900.39;-100.03
83903.32;-100.26
83906.25;-100.42
83909.18;-100.26
83912.11;-100.11
83915.04;-100.11
83917.97;-100.11
83920.90;-100.19
83923.83;-100.26
83926.76;-100.11
83929.69;-100.11
83932.62;-99.87
83935.55;-99.87
83938.48;-100.34
83941.41;-100.65
83944.34;-100.58
83947.27;-100.19
83950.20;-100.03
83953.13;-100.11
83956.05;-100.19
83958.98;-100.11
83961.91;-100.19
83964.84;-100.03
83967.77;-100.03
83970.70;-100.19
83973.63;-100.19
83976.56;-100.26
83979.49;-100.58
83982.42;-100.42
83985.35;-100.03
83988.28;-100.03
83991.21;-100.11
83994.14;-100.26
83997.07;-100.42
84000.00;-100.50
84002.93;-100.50
84005.86;-100.42
84008.79;-100.42
84011.72;-100.03
84014.65;-100.19
84017.58;-100.50
84020.51;-100.58
84023.44;-100.26
84026.37;-100.26
84029.30;-100.34
84032.23;-100.26
84035.16;-99.95
84038.09;-100.19
84041.02;-99.87
84043.95;-100.11
84046.88;-100.11
84049.80;-100.34
84052.73;-100.42
84055.66;-100.19
84058.59;-100.19
84061.52;-100.26
84064.45;-100.42
84067.38;-100.19
84070.31;-100.42
84073.24;-100.42
84076.17;-100.19
84079.10;-100.26
84082.03;-100.26
84084.96;-100.03
84087.89;-99.95
84090.82;-100.03
84093.75;-100.42
84096.68;-100.26
84099.61;-100.11
84102.54;-100.19
84105.47;-100.42
84108.40;-100.34
84111.33;-100.50
84114.26;-100.58
84117.19;-100.50
84120.12;-100.19
84123.05;-100.11
84125.98;-100.19
84128.91;-100.26
84131.84;-100.26
84134.77;-99.95
84137.70;-99.95
84140.63;-100.11
84143.55;-99.95
84146.48;-99.87
84149.41;-100.19
84152.34;-100.50
84155.27;-100.65
84158.20;-100.11
84161.13;-100.03
84164.06;-100.03
84166.99;-100.19
84169.92;-100.26
84172.85;-100.19
84175.78;-100.03
84178.71;-100.26
84181.64;-100.34
84184.57;-100.19
84187.50;-100.19
84190.43;-100.42
84193.36;-100.26
84196.29;-100.26
84199.22;-100.34
84202.15;-100.19
84205.08;-100.19
84208.01;-100.19
84210.94;-100.34
84213.87;-100.03
84216.80;-100.03
84219.73;-99.95
84222.66;-100.03
84225.59;-100.19
84228.52;-100.34
84231.45;-100.11
84234.38;-100.11
84237.30;-100.19
84240.23;-100.11
84243.16;-100.11
84246.09;-100.11
84249.02;-100.11
84251.95;-100.34
84254.88;-99.95
84257.81;-100.11
84260.74;-100.34
84263.67;-100.34
84266.60;-100.11
84269.53;-100.11
84272.46;-100.26
84275.39;-100.42
84278.32;-100.26
84281.25;-100.19
84284.18;-100.26
84287.11;-100.34
84290.04;-100.50
84292.97;-100.34
84295.90;-100.26
84298.83;-100.34
84301.76;-100.11
84304.69;-99.87
84307.62;-100.19
84310.55;-100.19
84313.48;-100.03
84316.41;-100.11
84319.34;-100.26
84322.27;-100.19
84325.20;-100.26
84328.13;-100.42
84331.05;-100.50
84333.98;-100.42
84336.91;-100.42
84339.84;-100.42
84342.77;-100.11
84345.70;-100.03
84348.63;-100.34
84351.56;-100.26
84354.49;-100.26
84357.42;-100.42
84360.35;-100.34
84363.28;-100.50
84366.21;-100.26
84369.14;-100.26
84372.07;-100.26
84375.00;-100.34
84377.93;-100.42
84380.86;-100.26
84383.79;-100.26
84386.72;-100.19
84389.65;-100.34
84392.58;-100.11
84395.51;-100.03
84398.44;-100.19
84401.37;-100.11
84404.30;-100.11
84407.23;-100.11
84410.16;-100.19
84413.09;-100.19
84416.02;-100.11
84418.95;-99.95
84421.88;-100.34
84424.80;-100.19
84427.73;-100.03
84430.66;-100.19
84433.59;-100.50
84436.52;-100.03
84439.45;-100.19
84442.38;-100.11
84445.31;-100.03
84448.24;-100.11
84451.17;-100.42
84454.10;-100.50
84457.03;-100.42
84459.96;-100.42
84462.89;-100.19
84465.82;-100.11
84468.75;-100.11
84471.68;-100.34
84474.61;-100.11
84477.54;-100.11
84480.47;-100.11
84483.40;-100.11
84486.33;-100.19
84489.26;-100.11
84492.19;-100.19
84495.12;-100.19
84498.05;-100.34
84500.98;-100.11
84503.91;-99.95
84506.84;-100.34
84509.77;-100.19
84512.70;-100.26
84515.63;-100.42
84518.55;-100.58
84521.48;-100.50
84524.41;-100.34
84527.34;-100.34
84530.27;-100.26
84533.20;-100.26
84536.13;-100.26
84539.06;-100.26
84541.99;-100.42
84544.92;-100.26
84547.85;-100.26
84550.78;-100.42
84553.71;-100.50
84556.64;-100.26
84559.57;-100.34
84562.50;-100.65
84565.43;-100.42
84568.36;-100.34
84571.29;-100.26
84574.22;-100.34
84577.15;-100.34
84580.08;-100.26
84583.01;-100.11
84585.94;-100.34
84588.87;-100.26
84591.80;-100.11
84594.73;-100.26
84597.66;-100.58
84600.59;-100.26
84603.52;-100.34
84606.45;-100.65
84609.38;-100.26
84612.30;-100.19
84615.23;-100.26
84618.16;-100.34
84621.09;-100.50
84624.02;-100.34
84626.95;-100.19
84629.88;-100.11
84632.81;-100.26
84635.74;-100.34
84638.67;-100.26
84641.60;-100.19
84644.53;-100.19
84647.46;-100.42
84650.39;-100.50
84653.32;-100.42
84656.25;-100.26
84659.18;-100.26
84662.11;-100.50
84665.04;-100.34
84667.97;-100.11
84670.90;-100.19
84673.83;-100.19
84676.76;-100.19
84679.69;-100.26
84682.62;-100.34
84685.55;-100.03
84688.48;-100.26
84691.41;-100.50
84694.34;-100.26
84697.27;-100.42
84700.20;-100.42
84703.13;-100.26
84706.05;-99.95
84708.98;-100.11
84711.91;-100.26
84714.84;-100.26
84717.77;-100.34
84720.70;-100.34
84723.63;-100.34
84726.56;-100.11
84729.49;-100.26
84732.42;-100.42
84735.35;-100.42
84738.28;-100.26
84741.21;-100.42
84744.14;-100.26
84747.07;-100.19
84750.00;-100.03
84752.93;-100.26
84755.86;-100.26
84758.79;-100.19
84761.72;-100.19
84764.65;-100.11
84767.58;-100.26
84770.51;-100.42
84773.44;-100.34
84776.37;-100.26
84779.30;-100.26
84782.23;-100.34
84785.16;-100.42
84788.09;-100.26
84791.02;-100.19
84793.95;-100.26
84796.88;-100.26
84799.80;-100.11
84802.73;-100.19
84805.66;-100.26
84808.59;-100.42
84811.52;-100.34
84814.45;-100.26
84817.38;-100.19
84820.31;-100.26
84823.24;-100.26
84826.17;-100.42
84829.10;-100.42
84832.03;-100.34
84834.96;-100.19
84837.89;-100.50
84840.82;-100.34
84843.75;-100.19
84846.68;-100.19
84849.61;-100.34
84852.54;-100.34
84855.47;-100.19
84858.40;-100.34
84861.33;-100.34
84864.26;-100.26
84867.19;-100.19
84870.12;-100.26
84873.05;-100.11
84875.98;-99.79
84878.91;-100.11
84881.84;-100.65
84884.77;-100.58
84887.70;-100.42
84890.63;-100.26
84893.55;-100.03
84896.48;-99.87
84899.41;-99.95
84902.34;-99.95
84905.27;-100.03
84908.20;-100.34
84911.13;-100.42
84914.06;-100.34
84916.99;-100.19
84919.92;-100.19
84922.85;-100.26
84925.78;-100.26
84928.71;-100.26
84931.64;-100.11
84934.57;-100.19
84937.50;-100.19
84940.43;-100.03
84943.36;-100.42
84946.29;-100.34
84949.22;-100.19
84952.15;-100.19
84955.08;-100.42
84958.01;-100.42
84960.94;-100.34
84963.87;-100.11
84966.80;-100.42
84969.73;-100.19
84972.66;-99.95
84975.59;-100.03
84978.52;-100.11
84981.45;-100.34
84984.38;-99.95
84987.30;-100.11
84990.23;-100.34
84993.16;-100.34
84996.09;-100.34
84999.02;-100.19
85001.95;-100.50
85004.88;-100.42
85007.81;-100.26
85010.74;-100.19
85013.67;-100.34
85016.60;-100.42
85019.53;-100.26
85022.46;-100.26
85025.39;-100.03
85028.32;-100.11
85031.25;-100.42
85034.18;-99.95
85037.11;-100.03
85040.04;-100.42
85042.97;-100.42
85045.90;-100.42
85048.83;-100.42
85051.76;-100.26
85054.69;-100.11
85057.62;-100.19
85060.55;-100.34
85063.48;-100.19
85066.41;-100.26
85069.34;-100.34
85072.27;-100.11
85075.20;-99.87
85078.13;-99.87
85081.05;-99.95
85083.98;-100.19
85086.91;-100.19
85089.84;-100.34
85092.77;-100.50
85095.70;-100.50
85098.63;-100.26
85101.56;-100.42
85104.49;-100.34
85107.42;-100.26
85110.35;-100.03
85113.28;-100.19
85116.21;-100.58
85119.14;-100.50
85122.07;-100.42
85125.00;-100.34
85127.93;-100.26
85130.86;-100.11
85133.79;-100.26
85136.72;-100.26
85139.65;-100.11
85142.58;-100.03
85145.51;-99.95
85148.44;-100.34
85151.37;-100.34
85154.30;-100.11
85157.23;-100.03
85160.16;-99.95
85163.09;-100.11
85166.02;-100.03
85168.95;-100.03
85171.88;-100.19
85174.80;-100.34
85177.73;-100.19
85180.66;-100.26
85183.59;-100.42
85186.52;-100.19
85189.45;-100.03
85192.38;-100.58
85195.31;-100.42
85198.24;-100.11
85201.17;-100.42
85204.10;-100.34
85207.03;-100.26
85209.96;-100.03
85212.89;-100.19
85215.82;-100.42
85218.75;-100.42
85221.68;-100.19
85224.61;-100.26
85227.54;-100.34
85230.47;-100.34
85233.40;-100.03
85236.33;-100.19
85239.26;-100.34
85242.19;-100.11
85245.12;-100.19
85248.05;-100.42
85250.98;-100.42
85253.91;-100.58
85256.84;-100.34
85259.77;-100.42
85262.70;-100.34
85265.63;-100.03
85268.55;-100.11
85271.48;-100.19
85274.41;-100.58
85277.34;-100.58
85280.27;-100.19
85283.20;-100.03
85286.13;-100.19
85289.06;-100.42
85291.99;-100.58
85294.92;-100.65
85297.85;-100.34
85300.78;-100.11
85303.71;-100.11
85306.64;-100.19
85309.57;-100.11
85312.50;-100.03
85315.43;-100.03
85318.36;-100.34
85321.29;-100.42
85324.22;-100.42
85327.15;-100.03
85330.08;-100.19
85333.01;-100.42
85335.94;-100.34
85338.87;-100.26
85341.80;-100.50
85344.73;-100.34
85347.66;-100.19
85350.59;-100.34
85353.52;-99.87
85356.45;-100.11
85359.38;-100.42
85362.30;-100.11
85365.23;-100.11
85368.16;-100.19
85371.09;-100.34
85374.02;-100.34
85376.95;-100.34
85379.88;-100.42
85382.81;-100.42
85385.74;-100.42
85388.67;-100.19
85391.60;-100.03
85394.53;-100.11
85397.46;-100.34
85400.39;-100.42
85403.32;-100.03
85406.25;-99.87
85409.18;-100.42
85412.11;-100.65
85415.04;-100.34
85417.97;-99.95
85420.90;-100.26
85423.83;-100.58
85426.76;-100.58
85429.69;-100.26
85432.62;-100.19
85435.55;-100.19
85438.48;-100.42
85441.41;-100.26
85444.34;-100.50
85447.27;-100.34
85450.20;-100.19
85453.13;-100.19
85456.05;-100.11
85458.98;-100.26
85461.91;-100.19
85464.84;-100.11
85467.77;-100.34
85470.70;-100.58
85473.63;-100.34
85476.56;-100.34
85479.49;-100.26
85482.42;-100.26
85485.35;-100.19
85488.28;-100.50
85491.21;-100.50
85494.14;-100.42
85497.07;-100.50
85500.00;-100.34
85502.93;-99.95
85505.86;-100.19
85508.79;-100.34
85511.72;-100.26
85514.65;-100.19
85517.58;-100.19
85520.51;-100.26
85523.44;-100.26
85526.37;-100.34
85529.30;-100.19
85532.23;-100.26
85535.16;-100.34
85538.09;-100.19
85541.02;-99.95
85543.95;-100.26
85546.88;-100.19
85549.80;-100.26
85552.73;-100.34
85555.66;-100.19
85558.59;-100.11
85561.52;-100.11
85564.45;-100.26
85567.38;-100.19
85570.31;-100.19
85573.24;-100.42
85576.17;-100.50
85579.10;-100.34
85582.03;-100.42
85584.96;-100.19
85587.89;-100.34
85590.82;-100.26
85593.75;-100.19
85596.68;-100.58
85599.61;-100.65
85602.54;-100.50
85605.47;-100.34
85608.40;-100.34
85611.33;-99.95
85614.26;-100.11
85617.19;-99.95
85620.12;-99.95
85623.05;-99.87
85625.98;-100.11
85628.91;-100.26
85631.84;-100.11
85634.77;-100.34
85637.70;-100.42
85640.63;-100.19
85643.55;-99.95
85646.48;-100.19
85649.41;-100.42
85652.34;-100.34
85655.27;-100.34
85658.20;-100.42
85661.13;-100.19
85664.06;-100.11
85666.99;-100.50
85669.92;-100.42
85672.85;-100.26
85675.78;-100.11
85678.71;-100.11
85681.64;-100.26
85684.57;-100.19
85687.50;-100.03
85690.43;-99.95
85693.36;-100.11
85696.29;-100.19
85699.22;-100.42
85702.15;-100.19
85705.08;-100.26
85708.01;-100.42
85710.94;-100.26
85713.87;-100.19
85716.80;-99.95
85719.73;-100.26
85722.66;-100.19
85725.59;-99.87
85728.52;-100.03
85731.45;-100.11
85734.38;-100.26
85737.30;-100.26
85740.23;-100.26
85743.16;-100.11
85746.09;-100.11
85749.02;-100.11
85751.95;-100.03
85754.88;-100.34
85757.81;-100.58
85760.74;-100.58
85763.67;-100.19
85766.60;-99.95
85769.53;-100.11
85772.46;-100.11
85775.39;-100.26
85778.32;-100.19
85781.25;-99.95
85784.18;-100.03
85787.11;-100.03
85790.04;-100.11
85792.97;-100.42
85795.90;-100.26
85798.83;-100.34
85801.76;-100.50
85804.69;-100.58
85807.62;-100.34
85810.55;-100.42
85813.48;-100.65
85816.41;-100.34
85819.34;-100.11
85822.27;-100.11
85825.20;-100.34
85828.13;-100.50
85831.05;-100.19
85833.98;-100.26
85836.91;-100.50
85839.84;-100.34
85842.77;-100.19
85845.70;-100.34
85848.63;-100.26
85851.56;-100.03
85854.49;-100.19
85857.42;-100.03
85860.35;-100.19
85863.28;-100.42
85866.21;-100.58
85869.14;-100.26
85872.07;-100.19
85875.00;-100.19
85877.93;-100.03
85880.86;-100.03
85883.79;-100.26
85886.72;-100.11
85889.65;-100.03
85892.58;-99.87
85895.51;-100.19
85898.44;-100.34
85901.37;-100.11
85904.30;-100.34
85907.23;-100.65
85910.16;-100.42
85913.09;-100.34
85916.02;-100.42
85918.95;-100.58
85921.88;-100.50
85924.80;-100.03
85927.73;-100.03
85930.66;-100.42
85933.59;-100.50
85936.52;-100.19
85939.45;-100.03
85942.38;-100.11
85945.31;-99.95
85948.24;-100.19
85951.17;-100.11
85954.10;-100.11
85957.03;-100.19
85959.96;-100.34
85962.89;-100.26
85965.82;-100.26
85968.75;-100.19
85971.68;-100.26
85974.61;-100.50
85977.54;-100.58
85980.47;-100.34
85983.40;-100.26
85986.33;-100.03
85989.26;-100.11
85992.19;-100.03
85995.12;-100.19
85998.05;-100.42
86000.98;-100.19
86003.91;-100.26
86006.84;-100.11
86009.77;-99.95
86012.70;-100.19
86015.63;-100.34
86018.55;-100.19
86021.48;-100.11
86024.41;-100.26
86027.34;-100.34
86030.27;-99.95
86033.20;-100.11
86036.13;-100.19
86039.06;-100.11
86041.99;-100.34
86044.92;-100.58
86047.85;-100.42
86050.78;-100.26
86053.71;-100.19
86056.64;-100.26
86059.57;-100.34
86062.50;-100.26
86065.43;-100.19
86068.36;-100.26
86071.29;-100.34
86074.22;-100.50
86077.15;-100.34
86080.08;-100.11
86083.01;-99.95
86085.94;-100.19
86088.87;-100.50
86091.80;-100.42
86094.73;-100.11
86097.66;-100.26
86100.59;-100.11
86103.52;-100.26
86106.45;-100.19
86109.38;-100.19
86112.30;-100.26
86115.23;-100.03
86118.16;-99.87
86121.09;-100.19
86124.02;-100.34
86126.95;-100.42
86129.88;-100.58
86132.81;-100.50
86135.74;-100.50
86138.67;-100.34
86141.60;-100.42
86144.53;-100.26
86147.46;-100.19
86150.39;-100.19
86153.32;-100.26
86156.25;-100.42
86159.18;-100.65
86162.11;-100.50
86165.04;-100.26
86167.97;-100.03
86170.90;-99.95
86173.83;-100.11
86176.76;-100.26
86179.69;-100.34
86182.62;-100.19
86185.55;-100.50
86188.48;-100.26
86191.41;-100.03
86194.34;-100.03
86197.27;-100.26
86200.20;-100.19
86203.13;-100.03
86206.05;-100.26
86208.98;-100.26
86211.91;-100.26
86214.84;-100.03
86217.77;-100.34
86220.70;-100.58
86223.63;-100.58
86226.56;-100.26
86229.49;-100.03
86232.42;-100.11
86235.35;-100.50
86238.28;-100.34
86241.21;-100.11
86244.14;-100.03
86247.07;-99.95
86250.00;-100.03
86252.93;-99.95
86255.86;-100.19
86258.79;-100.58
86261.72;-100.34
86264.65;-100.34
86267.58;-100.42
86270.51;-100.26
86273.44;-100.11
86276.37;-100.19
86279.30;-100.19
86282.23;-100.50
86285.16;-100.50
86288.09;-100.19
86291.02;-100.34
86293.95;-100.19
86296.88;-100.50
86299.80;-100.34
86302.73;-100.34
86305.66;-100.65
86308.59;-100.42
86311.52;-100.26
86314.45;-100.34
86317.38;-100.34
86320.31;-100.42
86323.24;-100.19
86326.17;-100.11
86329.10;-100.19
86332.03;-100.26
86334.96;-100.42
86337.89;-100.58
86340.82;-100.11
86343.75;-99.87
86346.68;-100.11
86349.61;-100.11
86352.54;-100.26
86355.47;-100.58
86358.40;-100.50
86361.33;-100.50
86364.26;-100.42
86367.19;-100.50
86370.12;-100.42
86373.05;-100.34
86375.98;-100.34
86378.91;-100.50
86381.84;-100.19
86384.77;-100.11
86387.70;-100.34
86390.63;-100.26
86393.55;-100.19
86396.48;-100.11
86399.41;-100.19
86402.34;-99.95
86405.27;-100.03
86408.20;-100.19
86411.13;-100.34
86414.06;-100.19
86416.99;-100.26
86419.92;-100.42
86422.85;-100.50
86425.78;-100.58
86428.71;-100.34
86431.64;-100.34
86434.57;-100.42
86437.50;-100.50
86440.43;-100.26
86443.36;-100.19
86446.29;-100.34
86449.22;-100.19
86452.15;-100.26
86455.08;-100.34
86458.01;-99.95
86460.94;-100.26
86463.87;-100.50
86466.80;-100.34
86469.73;-100.34
86472.66;-100.11
86475.59;-100.11
86478.52;-100.03
86481.45;-100.03
86484.38;-100.11
86487.30;-100.19
86490.23;-100.26
86493.16;-100.11
86496.09;-99.95
86499.02;-100.19
86501.95;-100.34
86504.88;-100.26
86507.81;-100.26
86510.74;-100.11
86513.67;-100.11
86516.60;-100.26
86519.53;-100.58
86522.46;-100.50
86525.39;-100.19
86528.32;-100.19
86531.25;-100.50
86534.18;-100.34
86537.11;-100.11
86540.04;-100.03
86542.97;-100.26
86545.90;-100.34
86548.83;-100.26
86551.76;-100.42
86554.69;-100.50
86557.62;-100.42
86560.55;-100.19
86563.48;-100.26
86566.41;-100.34
86569.34;-100.26
86572.27;-100.58
86575.20;-100.50
86578.13;-100.42
86581.05;-100.26
86583.98;-100.26
86586.91;-100.42
86589.84;-100.26
86592.77;-100.26
86595.70;-100.11
86598.63;-99.95
86601.56;-100.03
86604.49;-100.03
86607.42;-100.19
86610.35;-100.34
86613.28;-100.19
86616.21;-100.03
86619.14;-100.19
86622.07;-100.42
86625.00;-100.26
86627.93;-100.42
86630.86;-100.58
86633.79;-100.50
86636.72;-100.34
86639.65;-100.42
86642.58;-100.34
86645.51;-100.42
86648.44;-100.34
86651.37;-100.03
86654.30;-100.26
86657.23;-100.34
86660.16;-100.42
86663.09;-100.34
86666.02;-100.34
86668.95;-100.42
86671.88;-100.58
86674.80;-100.42
86677.73;-99.87
86680.66;-100.03
86683.59;-100.19
86686.52;-100.11
86689.45;-100.03
86692.38;-100.19
86695.31;-100.50
86698.24;-100.34
86701.17;-100.11
86704.10;-100.03
86707.03;-100.11
86709.96;-100.19
86712.89;-100.26
86715.82;-100.34
86718.75;-100.34
86721.68;-100.50
86724.61;-100.50
86727.54;-100.34
86730.47;-100.42
86733.40;-100.26
86736.33;-100.19
86739.26;-100.50
86742.19;-100.42
86745.12;-100.26
86748.05;-100.42
86750.98;-100.26
86753.91;-100.26
86756.84;-100.42
86759.77;-100.58
86762.70;-100.58
86765.63;-100.42
86768.55;-100.11
86771.48;-100.19
86774.41;-100.42
86777.34;-100.50
86780.27;-100.58
86783.20;-100.42
86786.13;-100.03
86789.06;-100.03
86791.99;-100.26
86794.92;-100.34
86797.85;-100.34
86800.78;-100.26
86803.71;-100.50
86806.64;-100.58
86809.57;-100.65
86812.50;-100.42
86815.43;-100.26
86818.36;-100.26
86821.29;-100.50
86824.22;-100.19
86827.15;-100.19
86830.08;-100.34
86833.01;-100.19
86835.94;-100.11
86838.87;-100.11
86841.80;-100.34
86844.73;-100.65
86847.66;-100.58
86850.59;-100.50
86853.52;-100.34
86856.45;-100.42
86859.38;-100.50
86862.30;-100.42
86865.23;-100.26
86868.16;-100.26
86871.09;-100.34
86874.02;-100.26
86876.95;-100.19
86879.88;-100.03
86882.81;-100.03
86885.74;-100.19
86888.67;-100.42
86891.60;-100.50
86894.53;-100.50
86897.46;-100.26
86900.39;-100.19
86903.32;-100.42
86906.25;-100.65
86909.18;-100.34
86912.11;-100.19
86915.04;-100.42
86917.97;-100.26
86920.90;-100.42
86923.83;-100.50
86926.76;-100.50
86929.69;-100.26
86932.62;-100.26
86935.55;-100.11
86938.48;-100.26
86941.41;-100.42
86944.34;-100.34
86947.27;-100.26
86950.20;-100.19
86953.13;-100.19
86956.05;-100.42
86958.98;-100.34
86961.91;-100.34
86964.84;-100.50
86967.77;-100.58
86970.70;-100.26
86973.63;-100.34
86976.56;-100.50
86979.49;-100.50
86982.42;-100.58
86985.35;-100.65
86988.28;-100.34
86991.21;-100.19
86994.14;-100.11
86997.07;-100.03
87000.00;-100.34
87002.93;-100.19
87005.86;-100.11
87008.79;-100.34
87011.72;-100.19
87014.65;-100.42
87017.58;-100.34
87020.51;-100.19
87023.44;-100.42
87026.37;-100.42
87029.30;-100.50
87032.23;-100.34
87035.16;-100.50
87038.09;-100.34
87041.02;-100.50
87043.95;-100.58
87046.88;-100.42
87049.80;-100.42
87052.73;-100.26
87055.66;-100.42
87058.59;-100.26
87061.52;-100.11
87064.45;-100.26
87067.38;-100.34
87070.31;-100.34
87073.24;-100.34
87076.17;-100.26
87079.10;-100.26
87082.03;-100.50
87084.96;-100.58
87087.89;-100.50
87090.82;-100.34
87093.75;-100.34
87096.68;-100.11
87099.61;-100.11
87102.54;-100.50
87105.47;-100.58
87108.40;-100.50
87111.33;-100.42
87114.26;-100.19
87117.19;-100.42
87120.12;-100.19
87123.05;-100.11
87125.98;-100.58
87128.91;-100.65
87131.84;-100.26
87134.77;-100.11
87137.70;-100.42
87140.63;-100.42
87143.55;-100.65
87146.48;-100.58
87149.41;-100.50
87152.34;-100.34
87155.27;-100.50
87158.20;-100.65
87161.13;-100.65
87164.06;-100.58
87166.99;-100.19
87169.92;-100.34
87172.85;-100.19
87175.78;-100.26
87178.71;-100.58
87181.64;-100.58
87184.57;-100.42
87187.50;-100.11
87190.43;-100.19
87193.36;-100.11
87196.29;-100.26
87199.22;-100.26
87202.15;-100.19
87205.08;-100.19
87208.01;-100.26
87210.94;-100.42
87213.87;-100.26
87216.80;-100.34
87219.73;-100.26
87222.66;-100.42
87225.59;-100.42
87228.52;-100.42
87231.45;-100.26
87234.38;-99.95
87237.30;-100.26
87240.23;-100.50
87243.16;-100.42
87246.09;-100.42
87249.02;-100.73
87251.95;-100.81
87254.88;-100.50
87257.81;-100.19
87260.74;-99.95
87263.67;-100.19
87266.60;-100.34
87269.53;-100.42
87272.46;-100.11
87275.39;-100.11
87278.32;-100.19
87281.25;-100.42
87284.18;-100.26
87287.11;-100.11
87290.04;-100.50
87292.97;-100.42
87295.90;-100.26
87298.83;-100.34
87301.76;-100.26
87304.69;-100.19
87307.62;-100.03
87310.55;-100.19
87313.48;-100.11
87316.41;-100.26
87319.34;-100.42
87322.27;-100.50
87325.20;-100.50
87328.13;-100.73
87331.05;-100.65
87333.98;-100.42
87336.91;-100.50
87339.84;-100.58
87342.77;-100.34
87345.70;-100.34
87348.63;-100.42
87351.56;-100.50
87354.49;-100.34
87357.42;-100.26
87360.35;-100.42
87363.28;-100.50
87366.21;-100.42
87369.14;-100.34
87372.07;-100.42
87375.00;-100.50
87377.93;-100.26
87380.86;-100.42
87383.79;-100.19
87386.72;-100.19
87389.65;-100.19
87392.58;-100.03
87395.51;-100.26
87398.44;-100.34
87401.37;-100.42
87404.30;-100.26
87407.23;-100.50
87410.16;-100.34
87413.09;-100.34
87416.02;-100.26
87418.95;-100.34
87421.88;-100.26
87424.80;-100.26
87427.73;-100.03
87430.66;-100.26
87433.59;-100.34
87436.52;-100.11
87439.45;-100.26
87442.38;-100.34
87445.31;-100.42
87448.24;-100.19
87451.17;-100.26
87454.10;-100.58
87457.03;-100.50
87459.96;-100.58
87462.89;-100.58
87465.82;-100.50
87468.75;-100.42
87471.68;-100.19
87474.61;-100.19
87477.54;-100.26
87480.47;-100.19
87483.40;-100.58
87486.33;-100.50
87489.26;-100.34
87492.19;-100.34
87495.12;-100.50
87498.05;-100.26
87500.98;-100.11
87503.91;-100.26
87506.84;-100.42
87509.77;-100.34
87512.70;-100.19
87515.63;-100.11
87518.55;-100.11
87521.48;-100.42
87524.41;-100.42
87527.34;-100.19
87530.27;-100.34
87533.20;-100.50
87536.13;-100.42
87539.06;-100.26
87541.99;-100.58
87544.92;-100.34
87547.85;-100.26
87550.78;-100.11
87553.71;-100.11
87556.64;-100.50
87559.57;-100.42
87562.50;-100.26
87565.43;-100.19
87568.36;-100.26
87571.29;-100.42
87574.22;-100.50
87577.15;-100.19
87580.08;-100.26
87583.01;-100.34
87585.94;-100.26
87588.87;-100.42
87591.80;-100.34
87594.73;-100.11
87597.66;-100.11
87600.59;-100.19
87603.52;-99.95
87606.45;-100.19
87609.38;-100.50
87612.30;-100.58
87615.23;-100.19
87618.16;-100.11
87621.09;-100.26
87624.02;-100.34
87626.95;-100.50
87629.88;-100.42
87632.81;-100.42
87635.74;-100.73
87638.67;-100.58
87641.60;-100.26
87644.53;-100.26
87647.46;-100.19
87650.39;-100.19
87653.32;-100.19
87656.25;-100.42
87659.18;-100.73
87662.11;-100.65
87665.04;-100.81
87667.97;-100.34
87670.90;-100.26
87673.83;-100.26
87676.76;-100.65
87679.69;-100.65
87682.62;-100.65
87685.55;-100.65
87688.48;-100.42
87691.41;-100.26
87694.34;-100.26
87697.27;-100.42
87700.20;-100.34
87703.13;-100.34
87706.05;-100.34
87708.98;-100.26
87711.91;-100.19
87714.84;-100.26
87717.77;-100.42
87720.70;-100.50
87723.63;-100.58
87726.56;-100.50
87729.49;-100.34
87732.42;-100.58
87735.35;-100.50
87738.28;-100.42
87741.21;-100.58
87744.14;-100.58
87747.07;-100.34
87750.00;-100.11
87752.93;-99.87
87755.86;-100.26
87758.79;-100.50
87761.72;-100.65
87764.65;-100.26
87767.58;-100.19
87770.51;-100.65
87773.44;-100.58
87776.37;-100.34
87779.30;-100.34
87782.23;-100.42
87785.16;-100.50
87788.09;-100.19
87791.02;-100.42
87793.95;-100.58
87796.88;-100.34
87799.80;-100.34
87802.73;-100.50
87805.66;-100.58
87808.59;-100.42
87811.52;-100.58
87814.45;-100.42
87817.38;-100.58
87820.31;-100.58
87823.24;-100.42
87826.17;-100.11
87829.10;-100.03
87832.03;-100.26
87834.96;-100.50
87837.89;-100.50
87840.82;-100.26
87843.75;-100.11
87846.68;-100.19
87849.61;-100.19
87852.54;-100.42
87855.47;-100.34
87858.40;-100.19
87861.33;-100.19
87864.26;-100.34
87867.19;-100.65
87870.12;-100.34
87873.05;-100.03
87875.98;-100.42
87878.91;-100.58
87881.84;-100.34
87884.77;-100.26
87887.70;-100.42
87890.63;-100.42
87893.55;-100.26
87896.48;-100.26
87899.41;-100.26
87902.34;-100.50
87905.27;-100.11
87908.20;-100.19
87911.13;-100.34
87914.06;-100.58
87916.99;-100.50
87919.92;-100.26
87922.85;-100.19
87925.78;-100.03
87928.71;-100.34
87931.64;-100.34
87934.57;-100.11
87937.50;-100.19
87940.43;-100.26
87943.36;-100.26
87946.29;-100.42
87949.22;-100.26
87952.15;-100.11
87955.08;-100.50
87958.01;-100.58
87960.94;-100.58
87963.87;-100.34
87966.80;-100.34
87969.73;-100.26
87972.66;-100.65
87975.59;-100.58
87978.52;-100.50
87981.45;-100.58
87984.38;-100.65
87987.30;-100.58
87990.23;-100.26
87993.16;-100.19
87996.09;-100.11
87999.02;-100.11
88001.95;-100.03
88004.88;-100.19
88007.81;-100.65
88010.74;-100.65
88013.67;-100.58
88016.60;-100.65
88019.53;-100.81
88022.46;-100.65
88025.39;-100.42
88028.32;-100.50
88031.25;-100.50
88034.18;-100.65
88037.11;-100.50
88040.04;-100.65
88042.97;-100.26
88045.90;-100.19
88048.83;-100.34
88051.76;-100.26
88054.69;-100.34
88057.62;-100.65
88060.55;-100.42
88063.48;-100.19
88066.41;-100.19
88069.34;-100.65
88072.27;-100.65
88075.20;-100.26
88078.13;-100.58
88081.05;-100.42
88083.98;-100.50
88086.91;-100.42
88089.84;-100.50
88092.77;-100.42
88095.70;-100.50
88098.63;-100.50
88101.56;-100.34
88104.49;-100.26
88107.42;-100.50
88110.35;-100.50
88113.28;-100.50
88116.21;-100.58
88119.14;-100.50
88122.07;-100.42
88125.00;-100.50
88127.93;-100.50
88130.86;-100.26
88133.79;-100.11
88136.72;-100.11
88139.65;-100.42
88142.58;-100.34
88145.51;-100.19
88148.44;-100.34
88151.37;-100.26
88154.30;-100.42
88157.23;-100.58
88160.16;-100.19
88163.09;-100.19
88166.02;-100.34
88168.95;-100.34
88171.88;-100.34
88174.80;-100.26
88177.73;-100.34
88180.66;-100.58
88183.59;-100.34
88186.52;-100.26
88189.45;-100.34
88192.38;-100.26
88195.31;-100.42
88198.24;-100.65
88201.17;-100.42
88204.10;-100.42
88207.03;-100.50
88209.96;-100.58
88212.89;-100.58
88215.82;-100.73
88218.75;-100.65
88221.68;-100.73
88224.61;-100.65
88227.54;-100.50
88230.47;-100.34
88233.40;-100.34
88236.33;-100.50
88239.26;-100.58
88242.19;-100.34
88245.12;-100.26
88248.05;-100.42
88250.98;-100.34
88253.91;-100.34
88256.84;-100.42
88259.77;-100.58
88262.70;-100.42
88265.63;-100.19
88268.55;-100.34
88271.48;-100.42
88274.41;-100.26
88277.34;-100.50
88280.27;-100.42
88283.20;-100.34
88286.13;-100.26
88289.06;-100.11
88291.99;-100.34
88294.92;-100.34
88297.85;-99.95
88300.78;-100.26
88303.71;-100.42
88306.64;-100.42
88309.57;-100.50
88312.50;-100.50
88315.43;-100.34
88318.36;-100.19
88321.29;-100.34
88324.22;-100.26
88327.15;-100.50
88330.08;-100.42
88333.01;-100.50
88335.94;-100.34
88338.87;-100.26
88341.80;-100.11
88344.73;-100.03
88347.66;-100.34
88350.59;-100.58
88353.52;-100.26
88356.45;-100.11
88359.38;-100.11
88362.30;-100.11
88365.23;-100.19
88368.16;-100.34
88371.09;-100.34
88374.02;-100.50
88376.95;-100.73
88379.88;-100.19
88382.81;-100.26
88385.74;-100.26
88388.67;-100.26
88391.60;-100.26
88394.53;-100.19
88397.46;-100.65
88400.39;-100.58
88403.32;-100.19
88406.25;-100.34
88409.18;-100.50
88412.11;-100.50
88415.04;-100.50
88417.97;-100.65
88420.90;-100.50
88423.83;-100.81
88426.76;-100.58
88429.69;-100.58
88432.62;-100.34
88435.55;-100.42
88438.48;-100.50
88441.41;-100.34
88444.34;-100.34
88447.27;-100.42
88450.20;-100.58
88453.13;-100.42
88456.05;-100.50
88458.98;-100.50
88461.91;-100.50
88464.84;-100.42
88467.77;-100.42
88470.70;-100.42
88473.63;-100.26
88476.56;-100.42
88479.49;-100.34
88482.42;-100.65
88485.35;-100.42
88488.28;-100.11
88491.21;-100.26
88494.14;-100.58
88497.07;-100.58
88500.00;-100.42
88502.93;-100.42
88505.86;-100.19
88508.79;-100.42
88511.72;-100.26
88514.65;-100.34
88517.58;-100.50
88520.51;-100.50
88523.44;-100.42
88526.37;-100.34
88529.30;-100.34
88532.23;-100.50
88535.16;-100.34
88538.09;-100.34
88541.02;-100.42
88543.95;-100.34
88546.88;-100.42
88549.80;-100.50
88552.73;-100.42
88555.66;-100.26
88558.59;-100.65
88561.52;-100.50
88564.45;-100.50
88567.38;-100.42
88570.31;-100.26
88573.24;-100.34
88576.17;-100.34
88579.10;-100.42
88582.03;-100.65
88584.96;-100.50
88587.89;-100.26
88590.82;-100.26
88593.75;-100.34
88596.68;-100.42
88599.61;-100.26
88602.54;-100.26
88605.47;-100.26
88608.40;-100.42
88611.33;-100.65
88614.26;-100.50
88617.19;-100.50
88620.12;-100.81
88623.05;-100.81
88625.98;-100.42
88628.91;-100.19
88631.84;-100.19
88634.77;-100.50
88637.70;-100.42
88640.63;-100.42
88643.55;-100.34
88646.48;-100.34
88649.41;-100.50
88652.34;-100.50
88655.27;-100.42
88658.20;-100.50
88661.13;-100.50
88664.06;-100.58
88666.99;-100.50
88669.92;-100.58
88672.85;-100.50
88675.78;-100.50
88678.71;-100.50
88681.64;-100.26
88684.57;-100.42
88687.50;-100.42
88690.43;-100.42
88693.36;-100.34
88696.29;-100.26
88699.22;-100.42
88702.15;-100.58
88705.08;-100.58
88708.01;-100.58
88710.94;-100.58
88713.87;-100.42
88716.80;-100.50
88719.73;-100.58
88722.66;-100.58
88725.59;-100.58
88728.52;-100.34
88731.45;-100.73
88734.38;-100.73
88737.30;-100.42
88740.23;-100.42
88743.16;-100.65
88746.09;-100.73
88749.02;-100.65
88751.95;-100.50
88754.88;-100.42
88757.81;-100.50
88760.74;-100.26
88763.67;-100.26
88766.60;-100.58
88769.53;-100.65
88772.46;-100.65
88775.39;-100.73
88778.32;-100.65
88781.25;-100.19
88784.18;-100.26
88787.11;-100.50
88790.04;-100.58
88792.97;-100.34
88795.90;-99.95
88798.83;-99.95
88801.76;-100.19
88804.69;-100.26
88807.62;-100.50
88810.55;-100.50
88813.48;-100.42
88816.41;-100.65
88819.34;-100.81
88822.27;-100.50
88825.20;-100.50
88828.13;-100.42
88831.05;-100.58
88833.98;-100.65
88836.91;-100.34
88839.84;-100.11
88842.77;-100.26
88845.70;-100.26
88848.63;-100.11
88851.56;-100.26
88854.49;-100.34
88857.42;-100.50
88860.35;-100.58
88863.28;-100.65
88866.21;-100.65
88869.14;-100.73
88872.07;-100.50
88875.00;-100.34
88877.93;-100.34
88880.86;-100.50
88883.79;-100.65
88886.72;-100.42
88889.65;-100.26
88892.58;-100.50
88895.51;-100.50
88898.44;-100.42
88901.37;-100.19
88904.30;-100.19
88907.23;-100.26
88910.16;-100.34
88913.09;-100.26
88916.02;-100.26
88918.95;-100.34
88921.88;-100.11
88924.80;-100.42
88927.73;-100.42
88930.66;-100.50
88933.59;-100.42
88936.52;-100.65
88939.45;-100.42
88942.38;-100.26
88945.31;-100.34
88948.24;-100.42
88951.17;-100.50
88954.10;-100.34
88957.03;-100.11
88959.96;-100.19
88962.89;-100.50
88965.82;-100.58
88968.75;-100.42
88971.68;-100.65
88974.61;-100.50
88977.54;-100.50
88980.47;-100.50
88983.40;-100.26
88986.33;-100.34
88989.26;-100.50
88992.19;-100.50
88995.12;-100.65
88998.05;-100.73
89000.98;-100.81
89003.91;-100.73
89006.84;-100.50
89009.77;-100.34
89012.70;-100.26
89015.63;-100.42
89018.55;-100.34
89021.48;-100.26
89024.41;-100.42
89027.34;-100.26
89030.27;-100.26
89033.20;-100.42
89036.13;-100.26
89039.06;-100.42
89041.99;-100.50
89044.92;-100.50
89047.85;-100.58
89050.78;-100.65
89053.71;-100.50
89056.64;-100.65
89059.57;-100.65
89062.50;-100.58
89065.43;-100.42
89068.36;-100.26
89071.29;-100.34
89074.22;-100.42
89077.15;-100.11
89080.08;-100.26
89083.01;-100.50
89085.94;-100.19
89088.87;-100.19
89091.80;-100.26
89094.73;-100.50
89097.66;-100.42
89100.59;-100.34
89103.52;-100.34
89106.45;-100.34
89109.38;-100.42
89112.30;-100.50
89115.23;-100.58
89118.16;-100.42
89121.09;-100.34
89124.02;-100.26
89126.95;-100.50
89129.88;-100.58
89132.81;-100.19
89135.74;-100.26
89138.67;-100.42
89141.60;-100.50
89144.53;-100.65
89147.46;-100.73
89150.39;-100.42
89153.32;-100.19
89156.25;-100.42
89159.18;-100.42
89162.11;-100.50
89165.04;-100.58
89167.97;-100.58
89170.90;-100.65
89173.83;-100.50
89176.76;-100.65
89179.69;-100.50
89182.62;-100.50
89185.55;-100.50
89188.48;-100.42
89191.41;-100.26
89194.34;-100.26
89197.27;-100.50
89200.20;-100.73
89203.13;-100.65
89206.05;-100.42
89208.98;-100.65
89211.91;-100.81
89214.84;-100.50
89217.77;-100.50
89220.70;-100.58
89223.63;-100.65
89226.56;-100.65
89229.49;-100.73
89232.42;-100.73
89235.35;-100.73
89238.28;-100.89
89241.21;-100.42
89244.14;-100.34
89247.07;-100.50
89250.00;-100.58
89252.93;-100.65
89255.86;-100.50
89258.79;-100.65
89261.72;-100.50
89264.65;-100.26
89267.58;-100.50
89270.51;-100.50
89273.44;-100.50
89276.37;-100.65
89279.30;-100.65
89282.23;-100.73
89285.16;-100.65
89288.09;-100.42
89291.02;-100.26
89293.95;-100.34
89296.88;-100.42
89299.80;-100.34
89302.73;-100.26
89305.66;-100.58
89308.59;-100.50
89311.52;-100.42
89314.45;-100.50
89317.38;-100.58
89320.31;-100.42
89323.24;-100.34
89326.17;-100.34
89329.10;-100.26
89332.03;-100.19
89334.96;-100.26
89337.89;-100.42
89340.82;-100.50
89343.75;-100.42
89346.68;-100.42
89349.61;-100.50
89352.54;-100.50
89355.47;-100.34
89358.40;-100.26
89361.33;-100.19
89364.26;-100.26
89367.19;-100.19
89370.12;-100.34
89373.05;-100.26
89375.98;-100.58
89378.91;-100.50
89381.84;-100.19
89384.77;-100.11
89387.70;-100.73
89390.63;-100.58
89393.55;-100.26
89396.48;-100.58
89399.41;-100.65
89402.34;-100.42
89405.27;-100.58
89408.20;-100.65
89411.13;-100.50
89414.06;-100.65
89416.99;-100.42
89419.92;-100.42
89422.85;-100.26
89425.78;-100.19
89428.71;-100.50
89431.64;-100.73
89434.57;-100.65
89437.50;-100.50
89440.43;-100.26
89443.36;-100.58
89446.29;-100.50
89449.22;-100.42
89452.15;-100.34
89455.08;-100.26
89458.01;-100.42
89460.94;-100.42
89463.87;-100.50
89466.80;-100.50
89469.73;-100.34
89472.66;-100.34
89475.59;-100.26
89478.52;-100.42
89481.45;-100.42
89484.38;-100.42
89487.30;-100.26
89490.23;-100.42
89493.16;-100.19
89496.09;-100.34
89499.02;-100.42
89501.95;-100.42
89504.88;-100.50
89507.81;-100.73
89510.74;-100.65
89513.67;-100.42
89516.60;-100.50
89519.53;-100.34
89522.46;-100.34
89525.39;-100.50
89528.32;-100.58
89531.25;-100.42
89534.18;-100.19
89537.11;-100.42
89540.04;-100.73
89542.97;-100.42
89545.90;-100.26
89548.83;-100.50
89551.76;-100.65
89554.69;-100.65
89557.62;-100.34
89560.55;-100.34
89563.48;-100.65
89566.41;-100.73
89569.34;-100.50
89572.27;-100.65
89575.20;-100.50
89578.13;-100.42
89581.05;-100.26
89583.98;-100.34
89586.91;-100.50
89589.84;-100.34
89592.77;-100.42
89595.70;-100.11
89598.63;-100.19
89601.56;-100.34
89604.49;-100.42
89607.42;-100.26
89610.35;-100.11
89613.28;-100.42
89616.21;-100.50
89619.14;-100.34
89622.07;-100.34
89625.00;-100.42
89627.93;-100.26
89630.86;-100.42
89633.79;-100.58
89636.72;-100.73
89639.65;-100.50
89642.58;-100.65
89645.51;-100.65
89648.44;-100.58
89651.37;-100.73
89654.30;-100.58
89657.23;-100.34
89660.16;-100.42
89663.09;-100.26
89666.02;-100.19
89668.95;-100.58
89671.88;-100.65
89674.80;-100.42
89677.73;-100.26
89680.66;-100.58
89683.59;-100.50
89686.52;-100.34
89689.45;-100.42
89692.38;-100.42
89695.31;-100.50
89698.24;-100.65
89701.17;-100.42
89704.10;-100.11
89707.03;-100.58
89709.96;-100.81
89712.89;-100.65
89715.82;-100.19
89718.75;-100.11
89721.68;-100.26
89724.61;-100.19
89727.54;-100.26
89730.47;-100.42
89733.40;-100.50
89736.33;-100.26
89739.26;-100.34
89742.19;-100.73
89745.12;-100.73
89748.05;-100.34
89750.98;-100.11
89753.91;-100.34
89756.84;-100.81
89759.77;-100.73
89762.70;-100.58
89765.63;-100.58
89768.55;-100.65
89771.48;-100.42
89774.41;-100.19
89777.34;-100.50
89780.27;-100.50
89783.20;-100.50
89786.13;-100.58
89789.06;-100.50
89791.99;-100.26
89794.92;-100.19
89797.85;-100.19
89800.78;-100.11
89803.71;-100.19
89806.64;-100.26
89809.57;-100.42
89812.50;-100.34
89815.43;-100.19
89818.36;-100.11
89821.29;-100.58
89824.22;-100.73
89827.15;-100.58
89830.08;-100.42
89833.01;-100.50
89835.94;-100.58
89838.87;-100.65
89841.80;-100.73
89844.73;-100.65
89847.66;-100.58
89850.59;-100.58
89853.52;-100.34
89856.45;-100.42
89859.38;-100.50
89862.30;-100.65
89865.23;-100.42
89868.16;-100.42
89871.09;-100.58
89874.02;-100.58
89876.95;-100.65
89879.88;-100.65
89882.81;-100.65
89885.74;-100.65
89888.67;-100.58
89891.60;-100.42
89894.53;-100.50
89897.46;-100.42
89900.39;-100.50
89903.32;-100.58
89906.25;-100.42
89909.18;-100.65
89912.11;-100.50
89915.04;-100.50
89917.97;-100.50
89920.90;-100.50
89923.83;-100.26
89926.76;-100.26
89929.69;-100.50
89932.62;-100.73
89935.55;-100.50
89938.48;-100.42
89941.41;-100.34
89944.34;-100.26
89947.27;-100.42
89950.20;-100.26
89953.13;-100.19
89956.05;-100.58
89958.98;-100.42
89961.91;-100.50
89964.84;-100.50
89967.77;-100.58
89970.70;-100.50
89973.63;-100.26
89976.56;-100.42
89979.49;-100.65
89982.42;-100.42
89985.35;-100.34
89988.28;-100.19
89991.21;-100.42
89994.14;-100.73
89997.07;-100.58
90000.00;-100.50
90002.93;-100.50
90005.86;-100.50
90008.79;-100.81
90011.72;-100.89
90014.65;-100.81
90017.58;-100.73
90020.51;-100.50
90023.44;-100.42
90026.37;-100.58
90029.30;-100.42
90032.23;-100.42
90035.16;-100.73
90038.09;-100.81
90041.02;-100.73
90043.95;-100.42
90046.88;-100.73
90049.80;-100.65
90052.73;-100.58
90055.66;-100.81
90058.59;-100.81
90061.52;-100.73
90064.45;-100.58
90067.38;-100.58
90070.31;-100.42
90073.24;-100.50
90076.17;-100.42
90079.10;-100.42
90082.03;-100.50
90084.96;-100.50
90087.89;-100.50
90090.82;-100.58
90093.75;-100.73
90096.68;-100.65
90099.61;-100.26
90102.54;-100.26
90105.47;-100.19
90108.40;-100.26
90111.33;-100.50
90114.26;-100.42
90117.19;-100.42
90120.12;-100.34
90123.05;-100.26
90125.98;-100.34
90128.91;-100.42
90131.84;-100.58
90134.77;-100.58
90137.70;-100.42
90140.63;-100.58
90143.55;-100.50
90146.48;-100.42
90149.41;-100.65
90152.34;-100.50
90155.27;-100.50
90158.20;-100.58
90161.13;-100.50
90164.06;-100.58
90166.99;-100.58
90169.92;-100.50
90172.85;-100.26
90175.78;-100.58
90178.71;-100.65
90181.64;-100.81
90184.57;-100.65
90187.50;-100.58
90190.43;-100.73
90193.36;-100.89
90196.29;-100.81
90199.22;-100.97
90202.15;-100.73
90205.08;-100.58
90208.01;-100.65
90210.94;-100.89
90213.87;-100.58
90216.80;-100.50
90219.73;-100.58
90222.66;-100.73
90225.59;-100.58
90228.52;-100.65
90231.45;-100.73
90234.38;-100.42
90237.30;-100.19
90240.23;-100.26
90243.16;-100.50
90246.09;-100.34
90249.02;-100.34
90251.95;-100.42
90254.88;-100.42
90257.81;-100.34
90260.74;-100.42
90263.67;-100.58
90266.60;-100.42
90269.53;-100.50
90272.46;-100.73
90275.39;-100.73
90278.32;-100.65
90281.25;-100.65
90284.18;-100.89
90287.11;-100.73
90290.04;-100.73
90292.97;-100.58
90295.90;-100.58
90298.83;-100.50
90301.76;-100.58
90304.69;-100.73
90307.62;-100.65
90310.55;-100.65
90313.48;-100.42
90316.41;-100.50
90319.34;-100.65
90322.27;-100.34
90325.20;-100.58
90328.13;-100.89
90331.05;-100.81
90333.98;-100.65
90336.91;-100.81
90339.84;-100.81
90342.77;-100.50
90345.70;-100.50
90348.63;-100.42
90351.56;-100.42
90354.49;-100.42
90357.42;-100.34
90360.35;-100.11
90363.28;-100.42
90366.21;-100.65
90369.14;-100.26
90372.07;-100.34
90375.00;-100.65
90377.93;-100.58
90380.86;-100.26
90383.79;-100.34
90386.72;-100.50
90389.65;-100.34
90392.58;-100.42
90395.51;-100.42
90398.44;-100.50
90401.37;-100.73
90404.30;-100.73
90407.23;-100.58
90410.16;-100.73
90413.09;-100.97
90416.02;-100.81
90418.95;-100.50
90421.88;-100.58
90424.80;-100.58
90427.73;-100.50
90430.66;-100.58
90433.59;-100.58
90436.52;-100.42
90439.45;-100.50
90442.38;-100.65
90445.31;-100.58
90448.24;-100.58
90451.17;-100.65
90454.10;-100.65
90457.03;-100.58
90459.96;-100.50
90462.89;-100.19
90465.82;-100.19
90468.75;-100.42
90471.68;-100.42
90474.61;-100.73
90477.54;-100.81
90480.47;-100.58
90483.40;-100.50
90486.33;-100.42
90489.26;-100.26
90492.19;-100.19
90495.12;-100.26
90498.05;-100.42
90500.98;-100.50
90503.91;-100.50
90506.84;-100.34
90509.77;-100.42
90512.70;-100.42
90515.63;-100.50
90518.55;-100.50
90521.48;-100.34
90524.41;-100.42
90527.34;-100.26
90530.27;-100.34
90533.20;-100.58
90536.13;-100.89
90539.06;-100.65
90541.99;-100.65
90544.92;-100.81
90547.85;-100.81
90550.78;-100.42
90553.71;-100.34
90556.64;-100.65
90559.57;-100.89
90562.50;-100.65
90565.43;-100.42
90568.36;-100.42
90571.29;-100.73
90574.22;-100.73
90577.15;-100.97
90580.08;-100.65
90583.01;-100.50
90585.94;-100.50
90588.87;-100.50
90591.80;-100.34
90594.73;-100.42
90597.66;-100.58
90600.59;-100.50
90603.52;-100.26
90606.45;-100.26
90609.38;-100.26
90612.30;-100.34
90615.23;-100.19
90618.16;-100.50
90621.09;-100.42
90624.02;-100.34
90626.95;-100.42
90629.88;-100.65
90632.81;-100.73
90635.74;-100.26
90638.67;-100.03
90641.60;-100.19
90644.53;-100.65
90647.46;-100.81
90650.39;-100.58
90653.32;-100.19
90656.25;-100.19
90659.18;-100.19
90662.11;-100.34
90665.04;-100.50
90667.97;-100.42
90670.90;-100.73
90673.83;-100.65
90676.76;-100.34
90679.69;-100.50
90682.62;-100.58
90685.55;-100.65
90688.48;-100.81
90691.41;-100.65
90694.34;-100.34
90697.27;-100.50
90700.20;-100.73
90703.13;-100.73
90706.05;-100.50
90708.98;-100.50
90711.91;-100.50
90714.84;-100.58
90717.77;-100.50
90720.70;-100.73
90723.63;-100.34
90726.56;-100.42
90729.49;-100.58
90732.42;-100.65
90735.35;-100.50
90738.28;-100.58
90741.21;-100.58
90744.14;-100.89
90747.07;-100.89
90750.00;-100.73
90752.93;-100.81
90755.86;-100.81
90758.79;-100.65
90761.72;-100.50
90764.65;-100.50
90767.58;-100.50
90770.51;-100.50
90773.44;-100.65
90776.37;-100.58
90779.30;-100.42
90782.23;-100.58
90785.16;-100.73
90788.09;-100.65
90791.02;-100.65
90793.95;-100.65
90796.88;-100.58
90799.80;-100.58
90802.73;-100.50
90805.66;-100.50
90808.59;-100.65
90811.52;-100.58
90814.45;-100.50
90817.38;-100.58
90820.31;-100.50
90823.24;-100.58
90826.17;-100.50
90829.10;-100.58
90832.03;-100.50
90834.96;-100.65
90837.89;-100.73
90840.82;-100.73
90843.75;-100.50
90846.68;-100.34
90849.61;-100.58
90852.54;-100.65
90855.47;-100.81
90858.40;-100.65
90861.33;-100.65
90864.26;-100.34
90867.19;-100.50
90870.12;-100.65
90873.05;-100.65
90875.98;-100.50
90878.91;-100.34
90881.84;-100.34
90884.77;-100.26
90887.70;-100.11
90890.63;-100.26
90893.55;-100.81
90896.48;-100.73
90899.41;-100.50
90902.34;-100.50
90905.27;-100.42
90908.20;-100.42
90911.13;-100.42
90914.06;-100.42
90916.99;-100.58
90919.92;-100.89
90922.85;-100.58
90925.78;-100.42
90928.71;-100.58
90931.64;-100.34
90934.57;-100.58
90937.50;-100.73
90940.43;-100.73
90943.36;-100.58
90946.29;-100.65
90949.22;-100.65
90952.15;-100.19
90955.08;-100.03
90958.01;-100.19
90960.94;-100.19
90963.87;-100.42
90966.80;-100.58
90969.73;-100.65
90972.66;-100.42
90975.59;-100.50
90978.52;-100.58
90981.45;-100.50
90984.38;-100.65
90987.30;-100.65
90990.23;-100.42
90993.16;-100.50
90996.09;-100.65
90999.02;-100.81
91001.95;-100.50
91004.88;-100.50
91007.81;-100.65
91010.74;-100.73
91013.67;-100.89
91016.60;-100.50
91019.53;-100.42
91022.46;-100.19
91025.39;-100.19
91028.32;-100.50
91031.25;-100.34
91034.18;-100.34
91037.11;-100.58
91040.04;-100.58
91042.97;-100.50
91045.90;-100.50
91048.83;-100.34
91051.76;-100.58
91054.69;-100.50
91057.62;-100.42
91060.55;-100.50
91063.48;-100.34
91066.41;-100.58
91069.34;-100.26
91072.27;-100.34
91075.20;-100.65
91078.13;-100.81
91081.05;-100.50
91083.98;-100.50
91086.91;-100.58
91089.84;-100.42
91092.77;-100.34
91095.70;-100.50
91098.63;-100.81
91101.56;-100.65
91104.49;-100.50
91107.42;-100.58
91110.35;-100.65
91113.28;-100.58
91116.21;-100.34
91119.14;-100.50
91122.07;-100.50
91125.00;-100.58
91127.93;-100.81
91130.86;-100.81
91133.79;-100.73
91136.72;-100.50
91139.65;-100.58
91142.58;-100.50
91145.51;-100.58
91148.44;-100.58
91151.37;-100.50
91154.30;-100.65
91157.23;-100.34
91160.16;-100.19
91163.09;-100.11
91166.02;-100.81
91168.95;-100.65
91171.88;-100.58
91174.80;-100.50
91177.73;-100.89
91180.66;-100.73
91183.59;-100.50
91186.52;-100.58
91189.45;-100.65
91192.38;-100.58
91195.31;-100.73
91198.24;-100.58
91201.17;-100.58
91204.10;-100.42
91207.03;-100.42
91209.96;-100.65
91212.89;-100.73
91215.82;-100.58
91218.75;-100.58
91221.68;-100.58
91224.61;-100.50
91227.54;-100.58
91230.47;-100.81
91233.40;-100.89
91236.33;-100.81
91239.26;-100.81
91242.19;-100.65
91245.12;-100.65
91248.05;-100.73
91250.98;-100.58
91253.91;-100.58
91256.84;-100.58
91259.77;-100.58
91262.70;-100.81
91265.63;-100.81
91268.55;-100.58
91271.48;-100.65
91274.41;-100.81
91277.34;-100.65
91280.27;-100.58
91283.20;-100.50
91286.13;-100.58
91289.06;-100.34
91291.99;-100.50
91294.92;-100.65
91297.85;-100.81
91300.78;-100.50
91303.71;-100.42
91306.64;-100.81
91309.57;-100.97
91312.50;-100.34
91315.43;-100.58
91318.36;-100.50
91321.29;-100.73
91324.22;-100.81
91327.15;-100.73
91330.08;-100.65
91333.01;-100.73
91335.94;-100.42
91338.87;-100.42
91341.80;-100.34
91344.73;-100.34
91347.66;-100.50
91350.59;-100.58
91353.52;-100.50
91356.45;-100.58
91359.38;-100.81
91362.30;-100.65
91365.23;-100.58
91368.16;-100.42
91371.09;-100.50
91374.02;-100.19
91376.95;-100.50
91379.88;-100.73
91382.81;-100.58
91385.74;-100.73
91388.67;-100.89
91391.60;-100.58
91394.53;-100.58
91397.46;-100.26
91400.39;-100.42
91403.32;-100.58
91406.25;-100.73
91409.18;-100.73
91412.11;-100.81
91415.04;-100.58
91417.97;-100.42
91420.90;-100.42
91423.83;-100.50
91426.76;-100.58
91429.69;-100.50
91432.62;-100.58
91435.55;-100.58
91438.48;-100.73
91441.41;-100.89
91444.34;-100.81
91447.27;-100.65
91450.20;-100.73
91453.13;-100.81
91456.05;-100.65
91458.98;-100.50
91461.91;-100.42
91464.84;-100.50
91467.77;-100.42
91470.70;-100.42
91473.63;-100.73
91476.56;-100.73
91479.49;-100.65
91482.42;-100.58
91485.35;-100.73
91488.28;-100.73
91491.21;-100.65
91494.14;-100.65
91497.07;-100.26
91500.00;-100.42
91502.93;-100.73
91505.86;-100.50
91508.79;-100.42
91511.72;-100.65
91514.65;-100.50
91517.58;-100.65
91520.51;-100.34
91523.44;-100.42
91526.37;-100.50
91529.30;-100.65
91532.23;-100.73
91535.16;-100.81
91538.09;-100.50
91541.02;-100.73
91543.95;-100.50
91546.88;-100.50
91549.80;-100.50
91552.73;-100.50
91555.66;-100.58
91558.59;-100.65
91561.52;-100.50
91564.45;-100.65
91567.38;-100.58
91570.31;-100.81
91573.24;-100.73
91576.17;-100.58
91579.10;-100.65
91582.03;-100.65
91584.96;-100.97
91587.89;-101.05
91590.82;-100.81
91593.75;-100.81
91596.68;-100.89
91599.61;-100.73
91602.54;-100.58
91605.47;-100.81
91608.40;-100.65
91611.33;-100.58
91614.26;-100.65
91617.19;-100.89
91620.12;-100.89
91623.05;-100.65
91625.98;-100.34
91628.91;-100.42
91631.84;-100.73
91634.77;-100.65
91637.70;-100.58
91640.63;-100.26
91643.55;-100.73
91646.48;-100.89
91649.41;-100.65
91652.34;-100.34
91655.27;-100.34
91658.20;-100.58
91661.13;-100.81
91664.06;-100.73
91666.99;-100.42
91669.92;-100.34
91672.85;-100.65
91675.78;-100.65
91678.71;-100.50
91681.64;-100.58
91684.57;-100.73
91687.50;-100.65
91690.43;-100.65
91693.36;-100.73
91696.29;-100.50
91699.22;-100.73
91702.15;-100.58
91705.08;-100.73
91708.01;-100.73
91710.94;-100.34
91713.87;-100.58
91716.80;-100.81
91719.73;-100.42
91722.66;-100.26
91725.59;-100.42
91728.52;-100.58
91731.45;-100.73
91734.38;-100.73
91737.30;-100.81
91740.23;-100.89
91743.16;-100.81
91746.09;-100.89
91749.02;-100.58
91751.95;-100.26
91754.88;-100.65
91757.81;-100.81
91760.74;-100.81
91763.67;-100.65
91766.60;-100.81
91769.53;-100.58
91772.46;-100.50
91775.39;-100.58
91778.32;-100.50
91781.25;-100.42
91784.18;-100.42
91787.11;-100.73
91790.04;-100.89
91792.97;-100.73
91795.90;-100.34
91798.83;-100.58
91801.76;-100.97
91804.69;-100.81
91807.62;-100.89
91810.55;-101.05
91813.48;-100.81
91816.41;-100.73
91819.34;-100.73
91822.27;-100.97
91825.20;-101.05
91828.13;-100.89
91831.05;-101.20
91833.98;-100.89
91836.91;-100.65
91839.84;-100.65
91842.77;-100.58
91845.70;-100.73
91848.63;-100.65
91851.56;-100.50
91854.49;-100.73
91857.42;-100.89
91860.35;-100.65
91863.28;-100.58
91866.21;-100.65
91869.14;-100.58
91872.07;-100.42
91875.00;-100.42
91877.93;-100.34
91880.86;-100.58
91883.79;-100.50
91886.72;-100.42
91889.65;-100.50
91892.58;-100.65
91895.51;-100.65
91898.44;-100.81
91901.37;-100.81
91904.30;-100.89
91907.23;-100.81
91910.16;-100.73
91913.09;-100.34
91916.02;-100.65
91918.95;-100.50
91921.88;-100.50
91924.80;-100.58
91927.73;-100.58
91930.66;-100.50
91933.59;-100.58
91936.52;-100.73
91939.45;-100.65
91942.38;-100.73
91945.31;-100.65
91948.24;-100.81
91951.17;-100.81
91954.10;-100.73
91957.03;-100.50
91959.96;-100.58
91962.89;-100.58
91965.82;-100.42
91968.75;-100.65
91971.68;-100.97
91974.61;-100.73
91977.54;-100.65
91980.47;-100.58
91983.40;-100.42
91986.33;-100.50
91989.26;-100.81
91992.19;-100.73
91995.12;-100.73
91998.05;-100.73
92000.98;-100.65
92003.91;-100.65
92006.84;-100.97
92009.77;-100.97
92012.70;-100.89
92015.63;-100.97
92018.55;-100.97
92021.48;-100.89
92024.41;-100.81
92027.34;-100.73
92030.27;-100.73
92033.20;-100.50
92036.13;-100.42
92039.06;-100.58
92041.99;-100.89
92044.92;-100.97
92047.85;-100.97
92050.78;-100.73
92053.71;-100.50
92056.64;-100.81
92059.57;-100.73
92062.50;-100.42
92065.43;-100.58
92068.36;-100.73
92071.29;-100.65
92074.22;-100.73
92077.15;-100.73
92080.08;-100.50
92083.01;-100.65
92085.94;-100.73
92088.87;-100.65
92091.80;-100.65
92094.73;-100.89
92097.66;-100.65
92100.59;-100.34
92103.52;-100.65
92106.45;-100.50
92109.38;-100.42
92112.30;-100.58
92115.23;-100.65
92118.16;-100.34
92121.09;-100.50
92124.02;-100.58
92126.95;-100.58
92129.88;-100.58
92132.81;-100.58
92135.74;-100.73
92138.67;-100.81
92141.60;-100.73
92144.53;-100.50
92147.46;-100.34
92150.39;-100.34
92153.32;-100.42
92156.25;-100.50
92159.18;-100.50
92162.11;-100.65
92165.04;-100.73
92167.97;-100.58
92170.90;-100.65
92173.83;-100.58
92176.76;-100.73
92179.69;-100.81
92182.62;-100.42
92185.55;-100.58
92188.48;-100.73
92191.41;-100.58
92194.34;-100.81
92197.27;-100.65
92200.20;-100.73
92203.13;-100.65
92206.05;-100.58
92208.98;-100.65
92211.91;-100.58
92214.84;-100.73
92217.77;-100.73
92220.70;-100.50
92223.63;-100.50
92226.56;-100.65
92229.49;-100.73
92232.42;-100.58
92235.35;-100.58
92238.28;-100.81
92241.21;-100.81
92244.14;-100.65
92247.07;-100.58
92250.00;-100.65
92252.93;-100.73
92255.86;-100.81
92258.79;-100.58
92261.72;-100.73
92264.65;-100.65
92267.58;-100.65
92270.51;-100.65
92273.44;-100.65
92276.37;-100.65
92279.30;-100.58
92282.23;-100.65
92285.16;-100.81
92288.09;-100.58
92291.02;-100.58
92293.95;-100.73
92296.88;-100.26
92299.80;-100.50
92302.73;-100.50
92305.66;-100.34
92308.59;-100.73
92311.52;-100.81
92314.45;-100.73
92317.38;-100.81
92320.31;-100.42
92323.24;-100.34
92326.17;-100.50
92329.10;-100.81
92332.03;-100.65
92334.96;-100.50
92337.89;-100.50
92340.82;-100.50
92343.75;-100.42
92346.68;-100.81
92349.61;-101.05
92352.54;-100.42
92355.47;-100.19
92358.40;-100.65
92361.33;-100.73
92364.26;-100.73
92367.19;-100.65
92370.12;-100.73
92373.05;-100.65
92375.98;-100.50
92378.91;-100.58
92381.84;-100.81
92384.77;-100.89
92387.70;-100.73
92390.63;-100.81
92393.55;-100.73
92396.48;-100.73
92399.41;-100.73
92402.34;-100.89
92405.27;-100.89
92408.20;-100.89
92411.13;-100.81
92414.06;-100.65
92416.99;-100.58
92419.92;-100.81
92422.85;-101.05
92425.78;-100.65
92428.71;-100.58
92431.64;-100.97
92434.57;-101.12
92437.50;-100.97
92440.43;-100.73
92443.36;-100.73
92446.29;-100.73
92449.22;-100.34
92452.15;-100.58
92455.08;-100.73
92458.01;-100.65
92460.94;-100.58
92463.87;-100.65
92466.80;-100.73
92469.73;-100.65
92472.66;-100.58
92475.59;-100.34
92478.52;-100.50
92481.45;-100.81
92484.38;-100.58
92487.30;-100.58
92490.23;-100.81
92493.16;-100.97
92496.09;-100.65
92499.02;-100.50
92501.95;-100.58
92504.88;-100.42
92507.81;-100.89
92510.74;-101.05
92513.67;-100.89
92516.60;-100.97
92519.53;-100.89
92522.46;-100.81
92525.39;-100.65
92528.32;-100.58
92531.25;-100.65
92534.18;-100.58
92537.11;-100.81
92540.04;-100.81
92542.97;-100.81
92545.90;-100.58
92548.83;-100.65
92551.76;-100.81
92554.69;-100.65
92557.62;-100.65
92560.55;-100.65
92563.48;-100.81
92566.41;-100.97
92569.34;-100.81
92572.27;-100.97
92575.20;-100.89
92578.13;-100.65
92581.05;-100.65
92583.98;-100.58
92586.91;-100.50
92589.84;-100.42
92592.77;-100.65
92595.70;-100.65
92598.63;-100.50
92601.56;-100.65
92604.49;-100.58
92607.42;-100.65
92610.35;-100.65
92613.28;-101.05
92616.21;-100.97
92619.14;-100.58
92622.07;-100.73
92625.00;-100.65
92627.93;-100.58
92630.86;-100.50
92633.79;-100.34
92636.72;-100.65
92639.65;-100.65
92642.58;-100.58
92645.51;-100.81
92648.44;-100.81
92651.37;-100.50
92654.30;-100.34
92657.23;-100.42
92660.16;-100.42
92663.09;-100.50
92666.02;-100.58
92668.95;-100.58
92671.88;-100.58
92674.80;-100.58
92677.73;-100.65
92680.66;-100.73
92683.59;-100.65
92686.52;-100.50
92689.45;-100.50
92692.38;-100.81
92695.31;-100.81
92698.24;-100.81
92701.17;-100.89
92704.10;-100.65
92707.03;-100.50
92709.96;-100.58
92712.89;-100.65
92715.82;-100.50
92718.75;-100.65
92721.68;-100.65
92724.61;-100.97
92727.54;-100.81
92730.47;-100.58
92733.40;-100.42
92736.33;-100.26
92739.26;-100.19
92742.19;-100.73
92745.12;-100.58
92748.05;-100.42
92750.98;-100.73
92753.91;-100.65
92756.84;-100.50
92759.77;-100.50
92762.70;-100.58
92765.63;-100.81
92768.55;-100.65
92771.48;-100.65
92774.41;-100.81
92777.34;-100.89
92780.27;-100.89
92783.20;-100.65
92786.13;-100.50
92789.06;-100.81
92791.99;-101.05
92794.92;-100.73
92797.85;-100.65
92800.78;-100.73
92803.71;-100.58
92806.64;-100.65
92809.57;-100.89
92812.50;-100.81
92815.43;-100.58
92818.36;-100.81
92821.29;-100.73
92824.22;-100.50
92827.15;-100.58
92830.08;-100.50
92833.01;-100.65
92835.94;-100.73
92838.87;-100.81
92841.80;-100.81
92844.73;-100.58
92847.66;-100.50
92850.59;-100.65
92853.52;-100.58
92856.45;-100.65
92859.38;-100.50
92862.30;-100.58
92865.23;-100.42
92868.16;-100.42
92871.09;-100.50
92874.02;-100.58
92876.95;-100.81
92879.88;-100.89
92882.81;-100.65
92885.74;-100.58
92888.67;-100.58
92891.60;-100.73
92894.53;-100.81
92897.46;-100.58
92900.39;-100.81
92903.32;-100.73
92906.25;-100.50
92909.18;-100.73
92912.11;-100.42
92915.04;-100.58
92917.97;-100.73
92920.90;-100.58
92923.83;-100.65
92926.76;-100.58
92929.69;-100.50
92932.62;-100.73
92935.55;-101.05
92938.48;-100.89
92941.41;-100.42
92944.34;-100.73
92947.27;-100.89
92950.20;-100.89
92953.13;-100.65
92956.05;-100.73
92958.98;-100.97
92961.91;-100.89
92964.84;-100.65
92967.77;-100.50
92970.70;-100.73
92973.63;-100.89
92976.56;-100.81
92979.49;-100.89
92982.42;-100.89
92985.35;-100.73
92988.28;-100.73
92991.21;-100.81
92994.14;-100.89
92997.07;-100.81
93000.00;-100.58
93002.93;-100.58
93005.86;-100.58
93008.79;-100.50
93011.72;-100.42
93014.65;-100.81
93017.58;-100.97
93020.51;-100.97
93023.44;-100.58
93026.37;-100.26
93029.30;-100.26
93032.23;-100.73
93035.16;-100.81
93038.09;-100.65
93041.02;-100.65
93043.95;-100.58
93046.88;-100.65
93049.80;-100.42
93052.73;-100.50
93055.66;-100.81
93058.59;-100.97
93061.52;-100.73
93064.45;-100.50
93067.38;-100.42
93070.31;-100.65
93073.24;-100.81
93076.17;-100.65
93079.10;-100.65
93082.03;-100.58
93084.96;-100.73
93087.89;-100.73
93090.82;-100.58
93093.75;-100.50
93096.68;-100.42
93099.61;-100.50
93102.54;-100.89
93105.47;-100.97
93108.40;-100.73
93111.33;-100.73
93114.26;-100.89
93117.19;-100.73
93120.12;-100.81
93123.05;-100.73
93125.98;-100.73
93128.91;-100.89
93131.84;-100.81
93134.77;-100.89
93137.70;-100.73
93140.63;-100.65
93143.55;-100.65
93146.48;-100.73
93149.41;-100.65
93152.34;-100.73
93155.27;-100.73
93158.20;-100.65
93161.13;-100.58
93164.06;-100.73
93166.99;-100.73
93169.92;-100.50
93172.85;-100.58
93175.78;-100.50
93178.71;-100.58
93181.64;-100.81
93184.57;-100.81
93187.50;-100.73
93190.43;-100.89
93193.36;-101.05
93196.29;-100.50
93199.22;-100.26
93202.15;-100.73
93205.08;-100.97
93208.01;-100.73
93210.94;-100.89
93213.87;-100.89
93216.80;-100.73
93219.73;-100.58
93222.66;-100.58
93225.59;-100.65
93228.52;-100.58
93231.45;-100.81
93234.38;-100.73
93237.30;-100.81
93240.23;-100.65
93243.16;-100.73
93246.09;-100.73
93249.02;-100.65
93251.95;-100.58
93254.88;-100.65
93257.81;-100.58
93260.74;-100.81
93263.67;-100.81
93266.60;-100.81
93269.53;-100.81
93272.46;-100.89
93275.39;-100.81
93278.32;-100.73
93281.25;-100.73
93284.18;-100.65
93287.11;-100.65
93290.04;-100.81
93292.97;-100.65
93295.90;-100.89
93298.83;-100.73
93301.76;-100.73
93304.69;-100.81
93307.62;-100.89
93310.55;-100.65
93313.48;-100.50
93316.41;-100.50
93319.34;-100.65
93322.27;-100.65
93325.20;-100.58
93328.13;-100.89
93331.05;-100.89
93333.98;-100.65
93336.91;-100.34
93339.84;-100.26
93342.77;-100.65
93345.70;-100.89
93348.63;-100.73
93351.56;-100.34
93354.49;-100.58
93357.42;-100.81
93360.35;-100.73
93363.28;-100.73
93366.21;-100.58
93369.14;-100.65
93372.07;-100.58
93375.00;-100.42
93377.93;-100.73
93380.86;-100.73
93383.79;-100.58
93386.72;-100.58
93389.65;-100.73
93392.58;-100.73
93395.51;-100.73
93398.44;-100.89
93401.37;-101.05
93404.30;-100.81
93407.23;-100.81
93410.16;-100.81
93413.09;-100.81
93416.02;-100.58
93418.95;-100.81
93421.88;-100.97
93424.80;-100.89
93427.73;-100.81
93430.66;-100.65
93433.59;-100.73
93436.52;-100.50
93439.45;-100.73
93442.38;-100.58
93445.31;-100.81
93448.24;-100.65
93451.17;-100.81
93454.10;-101.05
93457.03;-100.89
93459.96;-100.73
93462.89;-100.73
93465.82;-100.65
93468.75;-100.73
93471.68;-100.73
93474.61;-100.34
93477.54;-100.50
93480.47;-100.81
93483.40;-100.89
93486.33;-100.58
93489.26;-100.50
93492.19;-100.81
93495.12;-100.73
93498.05;-100.65
93500.98;-101.05
93503.91;-100.89
93506.84;-100.89
93509.77;-100.81
93512.70;-100.42
93515.63;-100.34
93518.55;-100.58
93521.48;-100.65
93524.41;-100.58
93527.34;-100.58
93530.27;-100.65
93533.20;-100.81
93536.13;-100.89
93539.06;-100.65
93541.99;-100.73
93544.92;-100.73
93547.85;-100.73
93550.78;-100.42
93553.71;-100.50
93556.64;-100.42
93559.57;-100.42
93562.50;-100.97
93565.43;-100.97
93568.36;-100.89
93571.29;-100.81
93574.22;-100.65
93577.15;-100.58
93580.08;-100.65
93583.01;-100.81
93585.94;-100.89
93588.87;-100.65
93591.80;-100.58
93594.73;-100.50
93597.66;-100.73
93600.59;-100.58
93603.52;-100.73
93606.45;-101.05
93609.38;-101.12
93612.30;-101.12
93615.23;-100.81
93618.16;-100.42
93621.09;-100.73
93624.02;-100.81
93626.95;-100.58
93629.88;-100.58
93632.81;-100.65
93635.74;-100.89
93638.67;-100.97
93641.60;-100.58
93644.53;-100.42
93647.46;-100.65
93650.39;-100.97
93653.32;-100.89
93656.25;-100.73
93659.18;-100.81
93662.11;-100.89
93665.04;-100.89
93667.97;-100.81
93670.90;-100.58
93673.83;-100.42
93676.76;-100.65
93679.69;-100.81
93682.62;-100.73
93685.55;-100.73
93688.48;-100.50
93691.41;-100.58
93694.34;-100.34
93697.27;-100.50
93700.20;-100.73
93703.13;-100.65
93706.05;-100.81
93708.98;-100.65
93711.91;-100.58
93714.84;-100.89
93717.77;-101.12
93720.70;-100.81
93723.63;-100.58
93726.56;-100.65
93729.49;-100.65
93732.42;-100.89
93735.35;-101.12
93738.28;-100.97
93741.21;-100.97
93744.14;-100.97
93747.07;-100.97
93750.00;-100.97
93752.93;-100.89
93755.86;-100.81
93758.79;-100.65
93761.72;-100.65
93764.65;-100.65
93767.58;-100.58
93770.51;-100.58
93773.44;-100.58
93776.37;-100.65
93779.30;-100.42
93782.23;-100.42
93785.16;-100.81
93788.09;-100.97
93791.02;-100.97
93793.95;-100.73
93796.88;-100.97
93799.80;-100.81
93802.73;-100.81
93805.66;-101.05
93808.59;-100.97
93811.52;-100.73
93814.45;-100.89
93817.38;-100.89
93820.31;-100.58
93823.24;-100.73
93826.17;-100.81
93829.10;-100.42
93832.03;-100.42
93834.96;-100.81
93837.89;-100.89
93840.82;-100.58
93843.75;-100.26
93846.68;-100.42
93849.61;-100.65
93852.54;-100.73
93855.47;-100.65
93858.40;-100.89
93861.33;-100.97
93864.26;-100.89
93867.19;-100.81
93870.12;-100.65
93873.05;-100.58
93875.98;-100.81
93878.91;-100.73
93881.84;-100.65
93884.77;-100.81
93887.70;-100.73
93890.63;-100.65
93893.55;-100.50
93896.48;-100.42
93899.41;-100.65
93902.34;-100.81
93905.27;-100.73
93908.20;-100.65
93911.13;-100.58
93914.06;-100.65
93916.99;-100.81
93919.92;-100.89
93922.85;-100.81
93925.78;-100.73
93928.71;-100.65
93931.64;-100.81
93934.57;-100.81
93937.50;-100.81
93940.43;-100.89
93943.36;-100.65
93946.29;-100.97
93949.22;-100.89
93952.15;-100.89
93955.08;-100.81
93958.01;-100.73
93960.94;-100.65
93963.87;-100.73
93966.80;-100.65
93969.73;-100.73
93972.66;-100.65
93975.59;-100.65
93978.52;-100.65
93981.45;-100.65
93984.38;-100.73
93987.30;-100.73
93990.23;-100.81
93993.16;-100.97
93996.09;-100.89
93999.02;-100.58
94001.95;-100.73
94004.88;-100.73
94007.81;-100.65
94010.74;-100.81
94013.67;-100.65
94016.60;-100.81
94019.53;-100.81
94022.46;-100.58
94025.39;-100.42
94028.32;-100.58
94031.25;-100.58
94034.18;-100.81
94037.11;-100.81
94040.04;-100.81
94042.97;-100.73
94045.90;-100.42
94048.83;-100.42
94051.76;-100.50
94054.69;-100.58
94057.62;-100.81
94060.55;-100.73
94063.48;-100.81
94066.41;-100.89
94069.34;-100.73
94072.27;-100.97
94075.20;-100.97
94078.13;-100.73
94081.05;-100.50
94083.98;-100.58
94086.91;-100.73
94089.84;-100.65
94092.77;-100.65
94095.70;-100.81
94098.63;-100.73
94101.56;-101.12
94104.49;-100.73
94107.42;-100.65
94110.35;-100.73
94113.28;-101.05
94116.21;-101.05
94119.14;-100.89
94122.07;-100.58
94125.00;-100.58
94127.93;-100.73
94130.86;-100.89
94133.79;-100.97
94136.72;-100.97
94139.65;-100.81
94142.58;-100.97
94145.51;-101.05
94148.44;-100.81
94151.37;-100.65
94154.30;-100.81
94157.23;-100.81
94160.16;-101.12
94163.09;-100.89
94166.02;-100.50
94168.95;-100.73
94171.88;-100.97
94174.80;-100.65
94177.73;-100.58
94180.66;-100.81
94183.59;-100.97
94186.52;-100.97
94189.45;-100.73
94192.38;-100.58
94195.31;-100.50
94198.24;-100.42
94201.17;-100.73
94204.10;-100.89
94207.03;-100.89
94209.96;-100.65
94212.89;-100.58
94215.82;-100.65
94218.75;-100.58
94221.68;-100.34
94224.61;-100.73
94227.54;-100.81
94230.47;-100.65
94233.40;-100.65
94236.33;-100.73
94239.26;-100.81
94242.19;-100.73
94245.12;-100.89
94248.05;-101.05
94250.98;-100.58
94253.91;-100.58
94256.84;-100.73
94259.77;-100.73
94262.70;-100.65
94265.63;-100.65
94268.55;-100.73
94271.48;-100.89
94274.41;-100.89
94277.34;-100.65
94280.27;-100.65
94283.20;-100.81
94286.13;-100.81
94289.06;-100.81
94291.99;-100.97
94294.92;-101.12
94297.85;-100.73
94300.78;-101.05
94303.71;-100.97
94306.64;-100.81
94309.57;-100.89
94312.50;-100.89
94315.43;-100.81
94318.36;-100.81
94321.29;-100.73
94324.22;-100.65
94327.15;-100.65
94330.08;-100.58
94333.01;-100.65
94335.94;-100.73
94338.87;-100.73
94341.80;-100.58
94344.73;-100.50
94347.66;-100.42
94350.59;-100.73
94353.52;-100.65
94356.45;-100.65
94359.38;-100.89
94362.30;-100.89
94365.23;-100.73
94368.16;-100.65
94371.09;-100.65
94374.02;-100.73
94376.95;-100.81
94379.88;-100.97
94382.81;-100.65
94385.74;-100.65
94388.67;-100.73
94391.60;-100.81
94394.53;-101.05
94397.46;-100.89
94400.39;-100.73
94403.32;-100.89
94406.25;-100.42
94409.18;-100.81
94412.11;-100.73
94415.04;-100.65
94417.97;-100.65
94420.90;-100.65
94423.83;-100.42
94426.76;-100.50
94429.69;-100.65
94432.62;-100.73
94435.55;-100.81
94438.48;-100.81
94441.41;-100.42
94444.34;-100.50
94447.27;-100.81
94450.20;-100.73
94453.13;-100.97
94456.05;-100.89
94458.98;-100.89
94461.91;-100.58
94464.84;-100.50
94467.77;-100.50
94470.70;-100.50
94473.63;-100.50
94476.56;-100.97
94479.49;-101.05
94482.42;-100.73
94485.35;-100.73
94488.28;-100.73
94491.21;-100.73
94494.14;-100.58
94497.07;-100.65
94500.00;-100.81
94502.93;-100.73
94505.86;-100.42
94508.79;-100.50
94511.72;-100.73
94514.65;-100.65
94517.58;-100.58
94520.51;-100.65
94523.44;-100.65
94526.37;-100.65
94529.30;-100.97
94532.23;-100.97
94535.16;-100.73
94538.09;-100.89
94541.02;-100.97
94543.95;-100.97
94546.88;-100.73
94549.80;-100.42
94552.73;-100.50
94555.66;-100.42
94558.59;-100.34
94561.52;-100.81
94564.45;-100.81
94567.38;-100.73
94570.31;-100.81
94573.24;-100.97
94576.17;-100.97
94579.10;-100.73
94582.03;-100.50
94584.96;-100.58
94587.89;-100.81
94590.82;-100.89
94593.75;-100.81
94596.68;-100.81
94599.61;-100.81
94602.54;-100.58
94605.47;-100.65
94608.40;-100.81
94611.33;-100.89
94614.26;-100.97
94617.19;-100.81
94620.12;-100.58
94623.05;-100.65
94625.98;-100.65
94628.91;-100.89
94631.84;-100.97
94634.77;-100.81
94637.70;-100.65
94640.63;-100.73
94643.55;-100.58
94646.48;-100.65
94649.41;-100.73
94652.34;-100.65
94655.27;-100.81
94658.20;-100.65
94661.13;-100.73
94664.06;-100.81
94666.99;-100.97
94669.92;-100.89
94672.85;-100.81
94675.78;-100.73
94678.71;-100.50
94681.64;-100.73
94684.57;-100.65
94687.50;-100.89
94690.43;-100.89
94693.36;-100.65
94696.29;-100.65
94699.22;-100.73
94702.15;-100.50
94705.08;-100.73
94708.01;-100.81
94710.94;-101.05
94713.87;-100.89
94716.80;-100.58
94719.73;-100.81
94722.66;-100.97
94725.59;-100.50
94728.52;-100.65
94731.45;-100.73
94734.38;-100.97
94737.30;-100.65
94740.23;-100.73
94743.16;-100.65
94746.09;-100.50
94749.02;-100.50
94751.95;-100.58
94754.88;-100.81
94757.81;-100.81
94760.74;-100.65
94763.67;-100.73
94766.60;-100.89
94769.53;-100.97
94772.46;-100.97
94775.39;-100.89
94778.32;-100.73
94781.25;-100.81
94784.18;-100.73
94787.11;-100.81
94790.04;-100.89
94792.97;-100.58
94795.90;-100.58
94798.83;-100.89
94801.76;-100.73
94804.69;-100.89
94807.62;-101.05
94810.55;-100.42
94813.48;-100.65
94816.41;-100.89
94819.34;-100.73
94822.27;-100.42
94825.20;-100.65
94828.13;-100.89
94831.05;-100.65
94833.98;-100.65
94836.91;-100.65
94839.84;-100.65
94842.77;-100.65
94845.70;-100.73
94848.63;-100.97
94851.56;-100.73
94854.49;-100.73
94857.42;-100.81
94860.35;-100.89
94863.28;-100.73
94866.21;-100.65
94869.14;-100.58
94872.07;-100.73
94875.00;-100.81
94877.93;-100.81
94880.86;-100.89
94883.79;-100.58
94886.72;-100.73
94889.65;-100.65
94892.58;-100.58
94895.51;-100.50
94898.44;-100.58
94901.37;-100.65
94904.30;-100.73
94907.23;-100.81
94910.16;-100.89
94913.09;-100.81
94916.02;-100.81
94918.95;-100.97
94921.88;-100.89
94924.80;-100.50
94927.73;-100.58
94930.66;-100.81
94933.59;-100.81
94936.52;-100.73
94939.45;-100.73
94942.38;-100.89
94945.31;-100.89
94948.24;-100.73
94951.17;-100.65
94954.10;-100.73
94957.03;-100.89
94959.96;-100.89
94962.89;-100.89
94965.82;-100.97
94968.75;-100.81
94971.68;-100.81
94974.61;-100.73
94977.54;-100.81
94980.47;-101.05
94983.40;-100.81
94986.33;-100.89
94989.26;-100.97
94992.19;-100.89
94995.12;-100.81
94998.05;-100.73
95000.98;-100.58
95003.91;-100.58
95006.84;-100.81
95009.77;-100.73
95012.70;-100.65
95015.63;-100.73
95018.55;-100.81
95021.48;-100.81
95024.41;-100.81
95027.34;-100.81
95030.27;-101.05
95033.20;-100.81
95036.13;-100.58
95039.06;-100.34
95041.99;-100.34
95044.92;-100.42
95047.85;-100.89
95050.78;-100.97
95053.71;-100.89
95056.64;-100.97
95059.57;-100.97
95062.50;-101.05
95065.43;-100.89
95068.36;-100.73
95071.29;-100.65
95074.22;-100.58
95077.15;-100.73
95080.08;-101.05
95083.01;-100.97
95085.94;-100.81
95088.87;-100.65
95091.80;-100.58
95094.73;-100.42
95097.66;-100.73
95100.59;-100.65
95103.52;-100.65
95106.45;-100.81
95109.38;-100.81
95112.30;-100.81
95115.23;-100.65
95118.16;-100.81
95121.09;-100.97
95124.02;-100.81
95126.95;-100.73
95129.88;-101.05
95132.81;-100.97
95135.74;-100.81
95138.67;-100.73
95141.60;-100.50
95144.53;-100.42
95147.46;-100.81
95150.39;-100.97
95153.32;-101.05
95156.25;-100.81
95159.18;-100.81
95162.11;-100.81
95165.04;-100.81
95167.97;-100.65
95170.90;-100.65
95173.83;-100.73
95176.76;-100.89
95179.69;-100.65
95182.62;-100.65
95185.55;-100.73
95188.48;-100.65
95191.41;-100.89
95194.34;-100.81
95197.27;-100.89
95200.20;-100.58
95203.13;-100.65
95206.05;-100.81
95208.98;-100.73
95211.91;-100.73
95214.84;-100.65
95217.77;-100.42
95220.70;-100.42
95223.63;-100.50
95226.56;-100.89
95229.49;-100.81
95232.42;-100.89
95235.35;-100.73
95238.28;-100.58
95241.21;-100.58
95244.14;-100.65
95247.07;-100.58
95250.00;-100.81
95252.93;-100.89
95255.86;-100.81
95258.79;-100.73
95261.72;-100.81
95264.65;-100.89
95267.58;-100.58
95270.51;-100.26
95273.44;-100.42
95276.37;-100.58
95279.30;-100.50
95282.23;-100.58
95285.16;-100.73
95288.09;-100.65
95291.02;-100.73
95293.95;-100.73
95296.88;-100.81
95299.80;-100.97
95302.73;-100.89
95305.66;-100.81
95308.59;-100.81
95311.52;-100.81
95314.45;-100.81
95317.38;-100.89
95320.31;-100.65
95323.24;-100.97
95326.17;-100.81
95329.10;-100.34
95332.03;-100.65
95334.96;-100.97
95337.89;-100.81
95340.82;-100.58
95343.75;-100.73
95346.68;-101.05
95349.61;-100.89
95352.54;-100.97
95355.47;-100.97
95358.40;-100.65
95361.33;-100.26
95364.26;-100.50
95367.19;-100.89
95370.12;-100.97
95373.05;-100.89
95375.98;-100.81
95378.91;-100.73
95381.84;-100.73
95384.77;-100.50
95387.70;-100.65
95390.63;-100.73
95393.55;-100.81
95396.48;-100.97
95399.41;-100.97
95402.34;-100.73
95405.27;-100.73
95408.20;-100.81
95411.13;-100.58
95414.06;-100.65
95416.99;-100.89
95419.92;-100.73
95422.85;-100.81
95425.78;-100.89
95428.71;-100.81
95431.64;-100.89
95434.57;-100.65
95437.50;-100.65
95440.43;-100.58
95443.36;-100.65
95446.29;-100.50
95449.22;-100.65
95452.15;-100.65
95455.08;-100.65
95458.01;-100.58
95460.94;-100.50
95463.87;-100.58
95466.80;-100.81
95469.73;-100.97
95472.66;-100.73
95475.59;-100.73
95478.52;-100.89
95481.45;-100.89
95484.38;-100.81
95487.30;-100.81
95490.23;-100.73
95493.16;-100.89
95496.09;-100.89
95499.02;-100.73
95501.95;-100.73
95504.88;-100.81
95507.81;-100.81
95510.74;-100.89
95513.67;-100.81
95516.60;-100.58
95519.53;-100.50
95522.46;-100.58
95525.39;-100.73
95528.32;-100.97
95531.25;-100.73
95534.18;-100.58
95537.11;-100.89
95540.04;-100.81
95542.97;-100.73
95545.90;-100.42
95548.83;-100.58
95551.76;-100.73
95554.69;-100.50
95557.62;-100.50
95560.55;-100.73
95563.48;-100.81
95566.41;-100.81
95569.34;-101.05
95572.27;-101.05
95575.20;-100.65
95578.13;-100.73
95581.05;-101.05
95583.98;-101.05
95586.91;-100.89
95589.84;-100.89
95592.77;-100.73
95595.70;-100.89
95598.63;-100.73
95601.56;-100.73
95604.49;-100.89
95607.42;-100.97
95610.35;-100.97
95613.28;-100.97
95616.21;-100.50
95619.14;-100.58
95622.07;-100.73
95625.00;-100.50
95627.93;-100.73
95630.86;-100.65
95633.79;-100.58
95636.72;-100.65
95639.65;-100.65
95642.58;-100.58
95645.51;-100.42
95648.44;-100.65
95651.37;-100.65
95654.30;-100.65
95657.23;-100.81
95660.16;-101.05
95663.09;-101.05
95666.02;-100.89
95668.95;-100.81
95671.88;-100.65
95674.80;-100.97
95677.73;-100.65
95680.66;-100.58
95683.59;-100.73
95686.52;-100.97
95689.45;-101.12
95692.38;-100.58
95695.31;-100.42
95698.24;-100.65
95701.17;-100.81
95704.10;-100.89
95707.03;-100.81
95709.96;-100.65
95712.89;-100.81
95715.82;-100.97
95718.75;-100.73
95721.68;-100.73
95724.61;-100.50
95727.54;-100.50
95730.47;-100.58
95733.40;-100.58
95736.33;-100.81
95739.26;-100.89
95742.19;-100.65
95745.12;-100.73
95748.05;-100.73
95750.98;-100.58
95753.91;-100.73
95756.84;-100.81
95759.77;-100.81
95762.70;-100.58
95765.63;-100.65
95768.55;-100.97
95771.48;-100.81
95774.41;-100.81
95777.34;-100.58
95780.27;-100.89
95783.20;-100.50
95786.13;-100.65
95789.06;-100.65
95791.99;-100.65
95794.92;-100.81
95797.85;-100.89
95800.78;-100.73
95803.71;-100.50
95806.64;-100.58
95809.57;-100.81
95812.50;-101.05
95815.43;-100.97
95818.36;-100.89
95821.29;-100.58
95824.22;-100.65
95827.15;-100.73
95830.08;-100.81
95833.01;-101.05
95835.94;-100.97
95838.87;-100.81
95841.80;-100.73
95844.73;-100.73
95847.66;-100.73
95850.59;-100.65
95853.52;-100.73
95856.45;-100.89
95859.38;-100.58
95862.30;-100.89
95865.23;-101.05
95868.16;-100.89
95871.09;-100.81
95874.02;-100.73
95876.95;-100.81
95879.88;-100.58
95882.81;-100.65
95885.74;-100.81
95888.67;-100.58
95891.60;-100.73
95894.53;-100.97
95897.46;-100.65
95900.39;-100.42
95903.32;-100.50
95906.25;-100.89
95909.18;-101.05
95912.11;-101.20
95915.04;-100.89
95917.97;-100.65
95920.90;-100.89
95923.83;-100.89
95926.76;-100.89
95929.69;-100.97
95932.62;-100.89
95935.55;-100.73
95938.48;-100.81
95941.41;-100.81
95944.34;-100.89
95947.27;-100.97
95950.20;-100.65
95953.13;-100.89
95956.05;-100.58
95958.98;-100.42
95961.91;-100.50
95964.84;-100.81
95967.77;-100.89
95970.70;-100.73
95973.63;-100.89
95976.56;-100.81
95979.49;-100.58
95982.42;-100.58
95985.35;-100.58
95988.28;-100.81
95991.21;-101.05
95994.14;-100.89
95997.07;-101.12
96000.00;-101.98
