Frequency (Hz);Power (dB);192000.0000;65536;2;125.0039;0;L+R
0.00;-55.72
2.93;-50.95
5.86;-49.16
8.79;-48.61
11.72;-48.06
14.65;-47.99
17.58;-47.99
20.51;-48.14
23.44;-48.06
26.37;-47.99
29.30;-48.06
32.23;-47.83
35.16;-47.83
38.09;-47.99
41.02;-48.06
43.95;-47.75
46.88;-47.67
49.80;-47.99
52.73;-47.83
55.66;-47.83
58.59;-47.91
61.52;-47.99
64.45;-48.06
67.38;-47.91
70.31;-47.91
73.24;-47.83
76.17;-47.83
79.10;-47.75
82.03;-47.59
84.96;-47.67
87.89;-47.99
90.82;-48.06
93.75;-47.99
96.68;-47.91
99.61;-47.75
102.54;-47.75
105.47;-47.75
108.40;-47.83
111.33;-47.91
114.26;-47.67
117.19;-47.67
120.12;-47.59
123.05;-47.67
125.98;-47.59
128.91;-47.91
131.84;-47.75
134.77;-47.67
137.70;-47.67
140.63;-47.83
143.55;-47.67
146.48;-47.99
149.41;-48.22
152.34;-48.06
155.27;-47.75
158.20;-47.75
161.13;-47.59
164.06;-47.52
166.99;-47.67
169.92;-47.83
172.85;-47.67
175.78;-47.52
178.71;-47.83
181.64;-47.99
184.57;-47.75
187.50;-47.91
190.43;-47.91
193.36;-47.91
196.29;-48.06
199.22;-47.91
202.15;-47.67
205.08;-47.83
208.01;-47.91
210.94;-47.91
213.87;-47.83
216.80;-47.75
219.73;-47.83
222.66;-47.99
225.59;-47.91
228.52;-48.14
231.45;-47.91
234.38;-47.75
237.30;-47.67
240.23;-47.52
243.16;-47.67
246.09;-47.83
249.02;-47.67
251.95;-47.75
254.88;-47.67
257.81;-47.83
260.74;-48.06
263.67;-47.99
266.60;-48.22
269.53;-47.99
272.46;-47.75
275.39;-47.83
278.32;-47.59
281.25;-47.59
284.18;-47.75
287.11;-47.91
290.04;-48.06
292.97;-48.06
295.90;-48.06
298.83;-47.99
301.76;-47.99
304.69;-47.99
307.62;-48.22
310.55;-48.45
313.48;-48.06
316.41;-47.83
319.34;-48.14
322.27;-48.06
325.20;-47.91
328.13;-47.75
331.05;-48.06
333.98;-47.91
336.91;-47.91
339.84;-47.99
342.77;-47.91
345.70;-47.91
348.63;-47.91
351.56;-47.67
354.49;-47.99
357.42;-48.14
360.35;-47.91
363.28;-48.06
366.21;-47.99
369.14;-47.99
372.07;-47.99
375.00;-47.91
377.93;-47.83
380.86;-47.75
383.79;-47.67
386.72;-47.67
389.65;-47.83
392.58;-47.83
395.51;-47.75
398.44;-47.83
401.37;-47.75
404.30;-47.59
407.23;-47.52
410.16;-47.91
413.09;-48.14
416.02;-47.83
418.95;-47.91
421.88;-47.91
424.80;-48.22
427.73;-47.91
430.66;-47.91
433.59;-47.91
436.52;-47.75
439.45;-47.91
442.38;-47.91
445.31;-47.91
448.24;-47.67
451.17;-47.67
454.10;-47.83
457.03;-48.14
459.96;-47.91
462.89;-47.83
465.82;-47.99
468.75;-47.91
471.68;-47.83
474.61;-47.75
477.54;-47.99
480.47;-48.14
483.40;-47.83
486.33;-47.83
489.26;-47.83
492.19;-47.83
495.12;-47.75
498.05;-47.99
500.98;-47.99
503.91;-47.99
506.84;-47.91
509.77;-47.67
512.70;-47.75
515.63;-47.75
518.55;-47.75
521.48;-47.83
524.41;-48.06
527.34;-47.91
530.27;-47.83
533.20;-48.22
536.13;-48.14
539.06;-47.83
541.99;-47.91
544.92;-47.67
547.85;-47.44
550.78;-47.59
553.71;-47.83
556.64;-47.67
559.57;-47.52
562.50;-47.91
565.43;-47.99
568.36;-48.14
571.29;-47.91
574.22;-47.52
577.15;-47.83
580.08;-47.91
583.01;-47.91
585.94;-47.83
588.87;-47.91
591.80;-47.99
594.73;-47.83
597.66;-47.75
600.59;-47.91
603.52;-47.99
606.45;-48.14
609.38;-47.99
612.30;-47.99
615.23;-48.14
618.16;-47.83
621.09;-47.83
624.02;-48.06
626.95;-47.83
629.88;-47.67
632.81;-47.99
635.74;-48.14
638.67;-48.14
641.60;-47.99
644.53;-47.91
647.46;-47.99
650.39;-47.91
653.32;-47.91
656.25;-47.83
659.18;-47.67
662.11;-47.75
665.04;-48.22
667.97;-48.22
670.90;-48.06
673.83;-47.91
676.76;-47.75
679.69;-47.75
682.62;-47.91
685.55;-47.91
688.48;-48.22
691.41;-48.38
694.34;-48.14
697.27;-48.14
700.20;-47.59
703.13;-47.67
706.05;-48.06
708.98;-47.99
711.91;-47.83
714.84;-47.99
717.77;-47.99
720.70;-47.83
723.63;-47.75
726.56;-47.91
729.49;-47.91
732.42;-47.99
735.35;-48.14
738.28;-47.91
741.21;-48.06
744.14;-47.83
747.07;-47.59
750.00;-47.91
752.93;-47.99
755.86;-48.06
758.79;-47.75
761.72;-47.83
764.65;-48.06
767.58;-48.14
770.51;-48.22
773.44;-48.22
776.37;-47.99
779.30;-48.22
782.23;-48.30
785.16;-48.14
788.09;-48.22
791.02;-47.99
793.95;-48.22
796.88;-48.22
799.80;-48.06
802.73;-47.99
805.66;-47.91
808.59;-47.99
811.52;-47.99
814.45;-47.83
817.38;-47.75
820.31;-47.99
823.24;-48.06
826.17;-48.06
829.10;-48.22
832.03;-47.83
834.96;-47.52
837.89;-47.91
840.82;-48.06
843.75;-48.22
846.68;-48.14
849.61;-47.75
852.54;-47.91
855.47;-48.22
858.40;-48.14
861.33;-47.99
864.26;-48.14
867.19;-48.30
870.12;-48.30
873.05;-48.14
875.98;-48.14
878.91;-48.22
881.84;-47.91
884.77;-47.75
887.70;-48.06
890.63;-48.22
893.55;-48.06
896.48;-47.99
899.41;-47.91
902.34;-48.14
905.27;-48.53
908.20;-48.38
911.13;-48.06
914.06;-48.38
916.99;-48.14
919.92;-48.22
922.85;-48.06
925.78;-47.99
928.71;-47.91
931.64;-47.99
934.57;-48.14
937.50;-48.45
940.43;-48.14
943.36;-47.75
946.29;-48.06
949.22;-48.38
952.15;-48.06
955.08;-48.06
958.01;-48.45
960.94;-48.22
963.87;-48.22
966.80;-48.30
969.73;-48.14
972.66;-48.30
975.59;-48.30
978.52;-48.53
981.45;-48.30
984.38;-48.14
987.30;-48.06
990.23;-48.14
993.16;-48.22
996.09;-48.14
999.02;-48.14
1001.95;-48.22
1004.88;-48.06
1007.81;-48.06
1010.74;-48.30
1013.67;-48.22
1016.60;-47.99
1019.53;-47.83
1022.46;-48.14
1025.39;-48.53
1028.32;-48.22
1031.25;-48.06
1034.18;-48.06
1037.11;-48.38
1040.04;-48.22
1042.97;-47.99
1045.90;-48.22
1048.83;-48.22
1051.76;-48.30
1054.69;-48.06
1057.62;-48.14
1060.55;-48.06
1063.48;-48.30
1066.41;-48.61
1069.34;-48.45
1072.27;-48.06
1075.20;-48.06
1078.13;-48.14
1081.05;-48.38
1083.98;-48.38
1086.91;-48.14
1089.84;-48.30
1092.77;-48.06
1095.70;-47.83
1098.63;-47.99
1101.56;-48.22
1104.49;-48.30
1107.42;-48.22
1110.35;-47.99
1113.28;-48.06
1116.21;-48.22
1119.14;-48.14
1122.07;-48.06
1125.00;-48.06
1127.93;-48.30
1130.86;-48.38
1133.79;-48.22
1136.72;-48.38
1139.65;-48.06
1142.58;-48.30
1145.51;-48.69
1148.44;-48.53
1151.37;-48.45
1154.30;-48.22
1157.23;-48.06
1160.16;-47.99
1163.09;-48.30
1166.02;-48.45
1168.95;-48.38
1171.88;-48.30
1174.80;-48.22
1177.73;-48.14
1180.66;-48.14
1183.59;-48.22
1186.52;-48.30
1189.45;-48.38
1192.38;-48.14
1195.31;-48.22
1198.24;-48.30
1201.17;-48.30
1204.10;-48.30
1207.03;-48.22
1209.96;-48.22
1212.89;-48.30
1215.82;-48.22
1218.75;-48.53
1221.68;-48.53
1224.61;-48.38
1227.54;-48.38
1230.47;-48.38
1233.40;-48.38
1236.33;-48.53
1239.26;-48.22
1242.19;-48.30
1245.12;-48.38
1248.05;-48.22
1250.98;-48.45
1253.91;-48.45
1256.84;-48.38
1259.77;-48.69
1262.70;-48.45
1265.63;-48.30
1268.55;-48.30
1271.48;-48.38
1274.41;-48.45
1277.34;-48.30
1280.27;-48.38
1283.20;-48.69
1286.13;-48.53
1289.06;-48.38
1291.99;-48.38
1294.92;-48.38
1297.85;-48.61
1300.78;-48.53
1303.71;-48.53
1306.64;-48.22
1309.57;-48.14
1312.50;-48.45
1315.43;-48.38
1318.36;-48.69
1321.29;-48.53
1324.22;-48.38
1327.15;-48.45
1330.08;-48.69
1333.01;-48.45
1335.94;-48.22
1338.87;-48.38
1341.80;-48.53
1344.73;-48.53
1347.66;-48.53
1350.59;-48.53
1353.52;-48.53
1356.45;-48.53
1359.38;-48.53
1362.30;-48.38
1365.23;-48.45
1368.16;-48.61
1371.09;-48.45
1374.02;-48.30
1376.95;-48.69
1379.88;-48.53
1382.81;-48.45
1385.74;-48.45
1388.67;-48.53
1391.60;-48.45
1394.53;-48.53
1397.46;-48.53
1400.39;-48.30
1403.32;-48.45
1406.25;-48.38
1409.18;-48.30
1412.11;-48.61
1415.04;-48.45
1417.97;-48.22
1420.90;-48.38
1423.83;-48.53
1426.76;-48.53
1429.69;-48.61
1432.62;-48.61
1435.55;-48.30
1438.48;-48.45
1441.41;-48.69
1444.34;-48.61
1447.27;-48.45
1450.20;-48.77
1453.13;-48.92
1456.05;-48.61
1458.98;-48.38
1461.91;-48.45
1464.84;-48.22
1467.77;-48.22
1470.70;-48.38
1473.63;-48.53
1476.56;-48.61
1479.49;-48.53
1482.42;-48.45
1485.35;-48.38
1488.28;-48.69
1491.21;-48.77
1494.14;-48.69
1497.07;-48.69
1500.00;-48.69
1502.93;-48.53
1505.86;-48.61
1508.79;-48.84
1511.72;-48.84
1514.65;-48.92
1517.58;-48.61
1520.51;-48.53
1523.44;-48.53
1526.37;-48.53
1529.30;-48.77
1532.23;-48.69
1535.16;-48.53
1538.09;-48.61
1541.02;-48.61
1543.95;-48.53
1546.88;-48.45
1549.80;-48.45
1552.73;-48.38
1555.66;-48.38
1558.59;-48.53
1561.52;-48.45
1564.45;-48.53
1567.38;-48.53
1570.31;-48.77
1573.24;-48.69
1576.17;-48.69
1579.10;-48.69
1582.03;-48.77
1584.96;-48.61
1587.89;-48.38
1590.82;-48.45
1593.75;-48.45
1596.68;-48.53
1599.61;-48.45
1602.54;-48.61
1605.47;-48.84
1608.40;-48.77
1611.33;-48.77
1614.26;-48.84
1617.19;-48.69
1620.12;-48.45
1623.05;-48.61
1625.98;-48.45
1628.91;-48.61
1631.84;-48.69
1634.77;-48.84
1637.70;-48.53
1640.63;-48.92
1643.55;-49.00
1646.48;-49.00
1649.41;-48.92
1652.34;-48.77
1655.27;-48.92
1658.20;-49.00
1661.13;-49.00
1664.06;-48.69
1666.99;-48.84
1669.92;-48.61
1672.85;-48.53
1675.78;-48.61
1678.71;-48.61
1681.64;-48.61
1684.57;-48.69
1687.50;-48.69
1690.43;-48.77
1693.36;-48.84
1696.29;-49.08
1699.22;-49.16
1702.15;-48.92
1705.08;-48.84
1708.01;-48.92
1710.94;-49.00
1713.87;-48.84
1716.80;-48.84
1719.73;-49.00
1722.66;-48.77
1725.59;-48.77
1728.52;-48.84
1731.45;-48.92
1734.38;-48.84
1737.30;-49.00
1740.23;-48.84
1743.16;-48.77
1746.09;-48.77
1749.02;-48.84
1751.95;-48.69
1754.88;-48.92
1757.81;-48.61
1760.74;-48.69
1763.67;-48.69
1766.60;-48.84
1769.53;-48.92
1772.46;-48.77
1775.39;-48.84
1778.32;-48.92
1781.25;-49.16
1784.18;-49.16
1787.11;-48.92
1790.04;-48.69
1792.97;-48.92
1795.90;-49.08
1798.83;-48.92
1801.76;-48.92
1804.69;-49.16
1807.62;-48.84
1810.55;-48.77
1813.48;-48.92
1816.41;-49.00
1819.34;-49.00
1822.27;-49.08
1825.20;-48.84
1828.13;-48.92
1831.05;-48.92
1833.98;-48.77
1836.91;-48.92
1839.84;-48.84
1842.77;-49.08
1845.70;-49.00
1848.63;-49.00
1851.56;-49.24
1854.49;-49.24
1857.42;-48.92
1860.35;-48.92
1863.28;-49.08
1866.21;-48.69
1869.14;-48.84
1872.07;-49.16
1875.00;-49.08
1877.93;-49.08
1880.86;-49.08
1883.79;-49.24
1886.72;-49.00
1889.65;-49.00
1892.58;-49.00
1895.51;-49.24
1898.44;-49.39
1901.37;-49.24
1904.30;-49.31
1907.23;-49.24
1910.16;-49.08
1913.09;-49.16
1916.02;-49.00
1918.95;-49.00
1921.88;-48.92
1924.80;-48.84
1927.73;-49.00
1930.66;-48.92
1933.59;-49.16
1936.52;-49.24
1939.45;-49.00
1942.38;-49.08
1945.31;-49.08
1948.24;-49.16
1951.17;-48.84
1954.10;-48.84
1957.03;-49.08
1959.96;-49.24
1962.89;-49.00
1965.82;-49.24
1968.75;-49.24
1971.68;-49.16
1974.61;-49.24
1977.54;-49.16
1980.47;-49.08
1983.40;-49.16
1986.33;-49.00
1989.26;-49.16
1992.19;-49.24
1995.12;-49.00
1998.05;-49.24
2000.98;-49.31
2003.91;-49.39
2006.84;-49.16
2009.77;-49.24
2012.70;-49.24
2015.63;-49.24
2018.55;-48.92
2021.48;-49.00
2024.41;-49.08
2027.34;-49.16
2030.27;-49.08
2033.20;-49.16
2036.13;-49.39
2039.06;-49.24
2041.99;-49.08
2044.92;-49.16
2047.85;-49.16
2050.78;-49.16
2053.71;-49.00
2056.64;-49.16
2059.57;-49.55
2062.50;-49.63
2065.43;-49.24
2068.36;-49.24
2071.29;-49.24
2074.22;-49.24
2077.15;-49.16
2080.08;-49.24
2083.01;-49.31
2085.94;-49.47
2088.87;-49.63
2091.80;-49.39
2094.73;-49.16
2097.66;-49.08
2100.59;-49.24
2103.52;-49.31
2106.45;-49.24
2109.38;-49.31
2112.30;-49.39
2115.23;-49.31
2118.16;-49.31
2121.09;-49.31
2124.02;-49.47
2126.95;-49.63
2129.88;-49.55
2132.81;-49.39
2135.74;-49.55
2138.67;-49.08
2141.60;-49.24
2144.53;-49.24
2147.46;-49.55
2150.39;-49.47
2153.32;-49.47
2156.25;-49.39
2159.18;-49.47
2162.11;-49.24
2165.04;-49.24
2167.97;-49.31
2170.90;-49.31
2173.83;-49.47
2176.76;-49.55
2179.69;-49.31
2182.62;-49.39
2185.55;-49.39
2188.48;-49.31
2191.41;-49.31
2194.34;-49.39
2197.27;-49.63
2200.20;-49.70
2203.13;-49.16
2206.05;-49.08
2208.98;-49.39
2211.91;-49.24
2214.84;-49.63
2217.77;-49.47
2220.70;-49.24
2223.63;-49.63
2226.56;-49.55
2229.49;-49.39
2232.42;-49.39
2235.35;-49.39
2238.28;-49.55
2241.21;-49.55
2244.14;-49.47
2247.07;-49.63
2250.00;-49.63
2252.93;-49.63
2255.86;-49.55
2258.79;-49.47
2261.72;-49.63
2264.65;-49.47
2267.58;-49.39
2270.51;-49.24
2273.44;-49.39
2276.37;-49.47
2279.30;-49.31
2282.23;-49.47
2285.16;-49.39
2288.09;-49.63
2291.02;-49.63
2293.95;-49.63
2296.88;-49.31
2299.80;-49.47
2302.73;-49.63
2305.66;-49.47
2308.59;-49.47
2311.52;-49.39
2314.45;-49.63
2317.38;-49.55
2320.31;-49.63
2323.24;-49.78
2326.17;-49.70
2329.10;-49.55
2332.03;-49.63
2334.96;-49.63
2337.89;-49.86
2340.82;-49.78
2343.75;-49.78
2346.68;-49.70
2349.61;-50.02
2352.54;-49.86
2355.47;-49.78
2358.40;-49.63
2361.33;-49.70
2364.26;-49.70
2367.19;-49.47
2370.12;-49.31
2373.05;-49.63
2375.98;-49.94
2378.91;-49.78
2381.84;-49.55
2384.77;-49.86
2387.70;-50.17
2390.63;-49.94
2393.55;-49.70
2396.48;-49.55
2399.41;-49.39
2402.34;-49.70
2405.27;-49.94
2408.20;-49.86
2411.13;-49.94
2414.06;-50.02
2416.99;-49.94
2419.92;-49.70
2422.85;-49.70
2425.78;-49.55
2428.71;-49.63
2431.64;-49.63
2434.57;-49.78
2437.50;-49.63
2440.43;-49.55
2443.36;-49.78
2446.29;-49.86
2449.22;-49.86
2452.15;-49.94
2455.08;-49.86
2458.01;-49.78
2460.94;-49.63
2463.87;-49.31
2466.80;-49.31
2469.73;-49.63
2472.66;-49.94
2475.59;-49.78
2478.52;-49.55
2481.45;-49.39
2484.38;-49.63
2487.30;-49.63
2490.23;-49.78
2493.16;-49.70
2496.09;-49.94
2499.02;-49.94
2501.95;-49.94
2504.88;-49.86
2507.81;-49.94
2510.74;-49.86
2513.67;-49.70
2516.60;-49.78
2519.53;-49.86
2522.46;-50.02
2525.39;-49.94
2528.32;-49.86
2531.25;-49.63
2534.18;-49.70
2537.11;-49.63
2540.04;-49.63
2542.97;-49.94
2545.90;-49.86
2548.83;-49.94
2551.76;-50.02
2554.69;-50.02
2557.62;-50.02
2560.55;-50.17
2563.48;-50.25
2566.41;-50.02
2569.34;-50.02
2572.27;-50.10
2575.20;-50.10
2578.13;-50.02
2581.05;-49.78
2583.98;-49.86
2586.91;-50.02
2589.84;-50.02
2592.77;-49.94
2595.70;-50.02
2598.63;-50.02
2601.56;-50.02
2604.49;-49.94
2607.42;-49.78
2610.35;-49.86
2613.28;-50.25
2616.21;-50.02
2619.14;-50.02
2622.07;-49.86
2625.00;-50.02
2627.93;-50.25
2630.86;-49.94
2633.79;-50.02
2636.72;-50.33
2639.65;-50.10
2642.58;-50.10
2645.51;-50.25
2648.44;-50.10
2651.37;-49.94
2654.30;-49.78
2657.23;-49.94
2660.16;-50.10
2663.09;-50.25
2666.02;-50.02
2668.95;-49.86
2671.88;-50.10
2674.80;-50.10
2677.73;-50.10
2680.66;-50.10
2683.59;-50.10
2686.52;-50.33
2689.45;-50.17
2692.38;-49.94
2695.31;-50.10
2698.24;-50.10
2701.17;-50.25
2704.10;-50.33
2707.03;-50.25
2709.96;-50.25
2712.89;-50.33
2715.82;-50.25
2718.75;-50.10
2721.68;-50.10
2724.61;-50.25
2727.54;-50.49
2730.47;-50.25
2733.40;-50.02
2736.33;-50.49
2739.26;-50.33
2742.19;-50.17
2745.12;-50.25
2748.05;-50.33
2750.98;-50.25
2753.91;-50.17
2756.84;-50.25
2759.77;-50.17
2762.70;-50.10
2765.63;-50.49
2768.55;-50.33
2771.48;-50.33
2774.41;-50.33
2777.34;-50.64
2780.27;-50.64
2783.20;-50.33
2786.13;-50.41
2789.06;-50.41
2791.99;-50.56
2794.92;-50.25
2797.85;-50.33
2800.78;-50.25
2803.71;-50.41
2806.64;-50.49
2809.57;-50.41
2812.50;-50.25
2815.43;-50.17
2818.36;-50.25
2821.29;-50.02
2824.22;-50.17
2827.15;-50.10
2830.08;-50.25
2833.01;-50.41
2835.94;-50.64
2838.87;-50.49
2841.80;-50.10
2844.73;-50.41
2847.66;-50.72
2850.59;-50.56
2853.52;-50.56
2856.45;-50.33
2859.38;-50.25
2862.30;-50.49
2865.23;-50.33
2868.16;-50.56
2871.09;-50.56
2874.02;-50.49
2876.95;-50.56
2879.88;-50.49
2882.81;-50.41
2885.74;-50.49
2888.67;-50.72
2891.60;-50.80
2894.53;-50.56
2897.46;-50.49
2900.39;-50.49
2903.32;-50.33
2906.25;-50.41
2909.18;-50.64
2912.11;-50.64
2915.04;-50.41
2917.97;-50.33
2920.90;-50.41
2923.83;-50.64
2926.76;-50.56
2929.69;-50.80
2932.62;-50.64
2935.55;-50.56
2938.48;-50.64
2941.41;-50.49
2944.34;-50.72
2947.27;-50.64
2950.20;-50.72
2953.13;-50.56
2956.05;-50.72
2958.98;-50.80
2961.91;-50.72
2964.84;-50.64
2967.77;-50.80
2970.70;-50.88
2973.63;-50.95
2976.56;-50.88
2979.49;-51.03
2982.42;-50.88
2985.35;-50.72
2988.28;-50.80
2991.21;-50.80
2994.14;-50.56
2997.07;-50.49
3000.00;-50.56
3002.93;-50.72
3005.86;-50.49
3008.79;-50.64
3011.72;-50.72
3014.65;-50.64
3017.58;-50.80
3020.51;-50.64
3023.44;-50.72
3026.37;-50.80
3029.30;-50.64
3032.23;-50.80
3035.16;-51.03
3038.09;-50.88
3041.02;-50.64
3043.95;-50.95
3046.88;-50.88
3049.80;-51.03
3052.73;-50.80
3055.66;-50.80
3058.59;-50.88
3061.52;-50.72
3064.45;-51.11
3067.38;-51.19
3070.31;-51.03
3073.24;-50.80
3076.17;-50.80
3079.10;-50.95
3082.03;-51.03
3084.96;-50.88
3087.89;-50.88
3090.82;-50.72
3093.75;-50.56
3096.68;-50.80
3099.61;-50.72
3102.54;-50.80
3105.47;-51.03
3108.40;-51.19
3111.33;-50.80
3114.26;-51.19
3117.19;-50.95
3120.12;-51.03
3123.05;-50.88
3125.98;-50.80
3128.91;-50.95
3131.84;-51.03
3134.77;-50.95
3137.70;-50.88
3140.63;-50.72
3143.55;-50.64
3146.48;-51.03
3149.41;-51.27
3152.34;-50.80
3155.27;-50.80
3158.20;-51.03
3161.13;-51.19
3164.06;-50.95
3166.99;-51.03
3169.92;-51.11
3172.85;-51.11
3175.78;-50.95
3178.71;-51.11
3181.64;-50.95
3184.57;-51.03
3187.50;-50.95
3190.43;-50.88
3193.36;-50.80
3196.29;-51.11
3199.22;-51.50
3202.15;-51.50
3205.08;-51.27
3208.01;-51.35
3210.94;-51.11
3213.87;-50.88
3216.80;-51.11
3219.73;-51.35
3222.66;-51.11
3225.59;-51.35
3228.52;-51.19
3231.45;-51.11
3234.38;-51.19
3237.30;-51.03
3240.23;-51.03
3243.16;-51.27
3246.09;-51.19
3249.02;-51.27
3251.95;-51.19
3254.88;-51.27
3257.81;-51.11
3260.74;-50.80
3263.67;-50.88
3266.60;-50.95
3269.53;-51.11
3272.46;-51.50
3275.39;-51.35
3278.32;-51.19
3281.25;-51.27
3284.18;-51.19
3287.11;-51.27
3290.04;-51.27
3292.97;-51.50
3295.90;-51.35
3298.83;-51.19
3301.76;-51.35
3304.69;-51.42
3307.62;-50.95
3310.55;-50.88
3313.48;-51.27
3316.41;-51.35
3319.34;-51.11
3322.27;-51.27
3325.20;-51.27
3328.13;-51.11
3331.05;-51.19
3333.98;-51.27
3336.91;-51.11
3339.84;-51.27
3342.77;-51.27
3345.70;-51.50
3348.63;-51.27
3351.56;-50.95
3354.49;-51.11
3357.42;-51.42
3360.35;-51.42
3363.28;-51.50
3366.21;-51.27
3369.14;-51.35
3372.07;-51.42
3375.00;-51.35
3377.93;-51.42
3380.86;-51.50
3383.79;-51.50
3386.72;-51.27
3389.65;-51.19
3392.58;-51.50
3395.51;-51.35
3398.44;-51.50
3401.37;-51.66
3404.30;-51.35
3407.23;-51.42
3410.16;-51.35
3413.09;-51.35
3416.02;-51.66
3418.95;-51.81
3421.88;-51.50
3424.80;-51.27
3427.73;-51.27
3430.66;-51.58
3433.59;-51.50
3436.52;-51.58
3439.45;-51.58
3442.38;-51.42
3445.31;-51.35
3448.24;-51.35
3451.17;-51.42
3454.10;-51.74
3457.03;-51.81
3459.96;-51.74
3462.89;-51.66
3465.82;-51.58
3468.75;-51.50
3471.68;-51.58
3474.61;-51.50
3477.54;-51.58
3480.47;-51.58
3483.40;-51.66
3486.33;-51.74
3489.26;-51.74
3492.19;-51.81
3495.12;-51.66
3498.05;-51.66
3500.98;-51.81
3503.91;-51.50
3506.84;-51.42
3509.77;-51.50
3512.70;-51.58
3515.63;-51.74
3518.55;-51.89
3521.48;-51.66
3524.41;-51.74
3527.34;-51.89
3530.27;-51.97
3533.20;-51.81
3536.13;-51.58
3539.06;-51.89
3541.99;-51.81
3544.92;-51.66
3547.85;-51.89
3550.78;-51.97
3553.71;-51.74
3556.64;-51.58
3559.57;-51.66
3562.50;-51.66
3565.43;-51.66
3568.36;-51.66
3571.29;-51.81
3574.22;-51.97
3577.15;-51.81
3580.08;-51.66
3583.01;-51.74
3585.94;-51.66
3588.87;-51.74
3591.80;-51.97
3594.73;-51.97
3597.66;-51.74
3600.59;-51.97
3603.52;-51.97
3606.45;-52.05
3609.38;-51.97
3612.30;-51.74
3615.23;-51.58
3618.16;-51.58
3621.09;-51.74
3624.02;-52.28
3626.95;-52.21
3629.88;-51.97
3632.81;-51.97
3635.74;-51.81
3638.67;-51.50
3641.60;-51.81
3644.53;-51.97
3647.46;-52.13
3650.39;-52.28
3653.32;-52.21
3656.25;-51.66
3659.18;-51.74
3662.11;-51.66
3665.04;-51.81
3667.97;-51.89
3670.90;-51.89
3673.83;-51.97
3676.76;-51.74
3679.69;-51.81
3682.62;-52.21
3685.55;-51.97
3688.48;-51.81
3691.41;-51.97
3694.34;-52.28
3697.27;-52.28
3700.20;-52.05
3703.13;-52.13
3706.05;-52.05
3708.98;-51.97
3711.91;-52.05
3714.84;-51.97
3717.77;-51.89
3720.70;-51.74
3723.63;-51.81
3726.56;-51.89
3729.49;-52.05
3732.42;-52.21
3735.35;-51.81
3738.28;-51.81
3741.21;-52.13
3744.14;-52.28
3747.07;-52.13
3750.00;-52.13
3752.93;-52.21
3755.86;-52.13
3758.79;-52.13
3761.72;-52.05
3764.65;-52.13
3767.58;-52.36
3770.51;-52.36
3773.44;-52.36
3776.37;-52.52
3779.30;-52.44
3782.23;-52.36
3785.16;-52.52
3788.09;-52.36
3791.02;-52.21
3793.95;-52.28
3796.88;-51.97
3799.80;-51.81
3802.73;-52.05
3805.66;-52.05
3808.59;-52.36
3811.52;-52.36
3814.45;-52.13
3817.38;-52.21
3820.31;-52.13
3823.24;-51.97
3826.17;-52.28
3829.10;-52.52
3832.03;-52.52
3834.96;-52.36
3837.89;-52.28
3840.82;-52.44
3843.75;-52.28
3846.68;-52.36
3849.61;-52.36
3852.54;-52.52
3855.47;-52.44
3858.40;-52.44
3861.33;-51.97
3864.26;-52.21
3867.19;-52.36
3870.12;-52.28
3873.05;-52.21
3875.98;-52.13
3878.91;-52.44
3881.84;-52.52
3884.77;-52.36
3887.70;-52.44
3890.63;-52.36
3893.55;-52.05
3896.48;-52.21
3899.41;-52.21
3902.34;-52.36
3905.27;-52.44
3908.20;-52.75
3911.13;-52.75
3914.06;-52.28
3916.99;-52.28
3919.92;-52.28
3922.85;-52.60
3925.78;-52.67
3928.71;-52.75
3931.64;-52.75
3934.57;-52.67
3937.50;-52.28
3940.43;-52.60
3943.36;-52.60
3946.29;-52.67
3949.22;-52.36
3952.15;-52.36
3955.08;-52.28
3958.01;-52.21
3960.94;-52.60
3963.87;-52.60
3966.80;-52.52
3969.73;-52.52
3972.66;-52.60
3975.59;-52.67
3978.52;-52.52
3981.45;-52.52
3984.38;-52.60
3987.30;-52.75
3990.23;-52.83
3993.16;-52.83
3996.09;-52.75
3999.02;-52.67
4001.95;-52.75
4004.88;-52.67
4007.81;-52.28
4010.74;-52.83
4013.67;-52.83
4016.60;-52.52
4019.53;-52.52
4022.46;-52.67
4025.39;-52.52
4028.32;-52.52
4031.25;-52.67
4034.18;-52.52
4037.11;-52.44
4040.04;-52.52
4042.97;-52.52
4045.90;-52.91
4048.83;-53.06
4051.76;-52.75
4054.69;-52.91
4057.62;-52.99
4060.55;-52.67
4063.48;-52.67
4066.41;-52.99
4069.34;-52.99
4072.27;-52.83
4075.20;-52.83
4078.13;-52.99
4081.05;-53.06
4083.98;-53.06
4086.91;-52.83
4089.84;-52.75
4092.77;-52.75
4095.70;-52.75
4098.63;-52.60
4101.56;-52.60
4104.49;-52.83
4107.42;-52.91
4110.35;-52.60
4113.28;-52.75
4116.21;-52.83
4119.14;-52.99
4122.07;-53.06
4125.00;-52.83
4127.93;-52.83
4130.86;-52.83
4133.79;-53.06
4136.72;-53.14
4139.65;-52.83
4142.58;-53.14
4145.51;-53.22
4148.44;-52.91
4151.37;-53.06
4154.30;-53.38
4157.23;-53.46
4160.16;-53.14
4163.09;-53.14
4166.02;-53.22
4168.95;-53.14
4171.88;-52.91
4174.80;-52.83
4177.73;-52.99
4180.66;-52.91
4183.59;-52.83
4186.52;-52.91
4189.45;-53.22
4192.38;-53.22
4195.31;-53.06
4198.24;-53.06
4201.17;-52.67
4204.10;-52.99
4207.03;-53.46
4209.96;-53.22
4212.89;-53.14
4215.82;-53.22
4218.75;-53.14
4221.68;-53.06
4224.61;-53.30
4227.54;-53.30
4230.47;-52.99
4233.40;-52.91
4236.33;-52.67
4239.26;-52.67
4242.19;-53.22
4245.12;-53.22
4248.05;-53.22
4250.98;-53.22
4253.91;-53.30
4256.84;-53.14
4259.77;-53.22
4262.70;-53.22
4265.63;-53.14
4268.55;-52.99
4271.48;-53.22
4274.41;-53.38
4277.34;-53.30
4280.27;-53.30
4283.20;-53.14
4286.13;-53.46
4289.06;-53.46
4291.99;-53.14
4294.92;-53.22
4297.85;-53.38
4300.78;-53.22
4303.71;-53.06
4306.64;-53.14
4309.57;-53.61
4312.50;-53.53
4315.43;-53.53
4318.36;-53.38
4321.29;-53.30
4324.22;-53.22
4327.15;-53.30
4330.08;-53.46
4333.01;-53.53
4335.94;-53.22
4338.87;-52.99
4341.80;-53.30
4344.73;-53.61
4347.66;-53.61
4350.59;-53.61
4353.52;-53.69
4356.45;-53.85
4359.38;-53.61
4362.30;-53.30
4365.23;-53.46
4368.16;-53.69
4371.09;-53.61
4374.02;-53.30
4376.95;-53.38
4379.88;-53.53
4382.81;-53.38
4385.74;-53.69
4388.67;-53.92
4391.60;-53.53
4394.53;-53.38
4397.46;-53.38
4400.39;-53.38
4403.32;-53.46
4406.25;-53.38
4409.18;-53.38
4412.11;-53.14
4415.04;-53.38
4417.97;-53.53
4420.90;-53.46
4423.83;-53.46
4426.76;-53.69
4429.69;-53.46
4432.62;-53.53
4435.55;-53.69
4438.48;-53.69
4441.41;-53.77
4444.34;-53.77
4447.27;-53.92
4450.20;-53.46
4453.13;-53.46
4456.05;-53.85
4458.98;-53.69
4461.91;-53.61
4464.84;-53.38
4467.77;-53.46
4470.70;-53.61
4473.63;-53.77
4476.56;-53.85
4479.49;-54.00
4482.42;-53.69
4485.35;-53.85
4488.28;-54.08
4491.21;-53.92
4494.14;-53.61
4497.07;-53.77
4500.00;-53.69
4502.93;-53.61
4505.86;-53.61
4508.79;-54.00
4511.72;-53.85
4514.65;-53.61
4517.58;-53.61
4520.51;-53.69
4523.44;-53.85
4526.37;-53.69
4529.30;-53.69
4532.23;-53.77
4535.16;-53.69
4538.09;-53.53
4541.02;-53.53
4543.95;-53.46
4546.88;-53.92
4549.80;-53.92
4552.73;-53.69
4555.66;-53.69
4558.59;-53.53
4561.52;-53.77
4564.45;-53.92
4567.38;-54.24
4570.31;-54.08
4573.24;-53.77
4576.17;-53.92
4579.10;-54.00
4582.03;-54.16
4584.96;-54.32
4587.89;-54.55
4590.82;-54.32
4593.75;-54.08
4596.68;-53.77
4599.61;-53.77
4602.54;-53.92
4605.47;-54.08
4608.40;-54.00
4611.33;-53.92
4614.26;-54.00
4617.19;-54.16
4620.12;-54.08
4623.05;-54.08
4625.98;-54.24
4628.91;-54.16
4631.84;-54.00
4634.77;-53.85
4637.70;-54.24
4640.63;-54.16
4643.55;-54.16
4646.48;-54.00
4649.41;-53.92
4652.34;-53.92
4655.27;-53.85
4658.20;-54.08
4661.13;-54.08
4664.06;-53.92
4666.99;-53.85
4669.92;-53.77
4672.85;-53.85
4675.78;-54.16
4678.71;-54.24
4681.64;-54.24
4684.57;-54.24
4687.50;-54.32
4690.43;-54.47
4693.36;-54.39
4696.29;-54.32
4699.22;-54.39
4702.15;-54.16
4705.08;-54.32
4708.01;-54.39
4710.94;-54.00
4713.87;-54.32
4716.80;-54.39
4719.73;-54.32
4722.66;-54.16
4725.59;-53.92
4728.52;-54.16
4731.45;-54.39
4734.38;-54.24
4737.30;-54.32
4740.23;-54.24
4743.16;-54.39
4746.09;-54.32
4749.02;-54.24
4751.95;-54.24
4754.88;-54.32
4757.81;-54.39
4760.74;-54.55
4763.67;-54.71
4766.60;-54.63
4769.53;-54.55
4772.46;-54.55
4775.39;-54.47
4778.32;-54.24
4781.25;-54.47
4784.18;-54.32
4787.11;-54.47
4790.04;-54.63
4792.97;-54.47
4795.90;-54.32
4798.83;-54.32
4801.76;-54.32
4804.69;-54.55
4807.62;-54.63
4810.55;-54.47
4813.48;-54.32
4816.41;-54.16
4819.34;-54.47
4822.27;-54.39
4825.20;-54.24
4828.13;-54.32
4831.05;-54.32
4833.98;-54.39
4836.91;-54.47
4839.84;-54.39
4842.77;-54.71
4845.70;-54.47
4848.63;-54.63
4851.56;-54.55
4854.49;-54.32
4857.42;-54.71
4860.35;-54.71
4863.28;-54.55
4866.21;-54.32
4869.14;-54.55
4872.07;-54.71
4875.00;-54.78
4877.93;-54.63
4880.86;-54.39
4883.79;-54.32
4886.72;-54.63
4889.65;-54.78
4892.58;-54.55
4895.51;-54.32
4898.44;-54.32
4901.37;-54.47
4904.30;-54.71
4907.23;-55.02
4910.16;-54.78
4913.09;-54.71
4916.02;-54.71
4918.95;-54.86
4921.88;-54.63
4924.80;-54.47
4927.73;-54.55
4930.66;-54.71
4933.59;-54.86
4936.52;-54.94
4939.45;-54.71
4942.38;-54.71
4945.31;-54.71
4948.24;-54.71
4951.17;-54.63
4954.10;-54.71
4957.03;-54.78
4959.96;-54.86
4962.89;-54.78
4965.82;-54.86
4968.75;-55.02
4971.68;-55.02
4974.61;-54.86
4977.54;-54.71
4980.47;-54.63
4983.40;-54.78
4986.33;-54.78
4989.26;-54.86
4992.19;-54.86
4995.12;-54.86
4998.05;-54.94
5000.98;-54.78
5003.91;-54.71
5006.84;-54.71
5009.77;-55.02
5012.70;-55.10
5015.63;-55.02
5018.55;-54.86
5021.48;-54.78
5024.41;-54.78
5027.34;-54.94
5030.27;-54.78
5033.20;-54.94
5036.13;-55.17
5039.06;-55.02
5041.99;-54.78
5044.92;-54.78
5047.85;-54.71
5050.78;-54.94
5053.71;-55.17
5056.64;-55.02
5059.57;-54.78
5062.50;-54.78
5065.43;-55.10
5068.36;-55.02
5071.29;-54.94
5074.22;-55.10
5077.15;-55.17
5080.08;-55.17
5083.01;-55.10
5085.94;-54.94
5088.87;-55.02
5091.80;-54.86
5094.73;-55.02
5097.66;-55.41
5100.59;-55.25
5103.52;-55.17
5106.45;-55.02
5109.38;-54.94
5112.30;-55.02
5115.23;-55.02
5118.16;-55.33
5121.09;-55.41
5124.02;-55.33
5126.95;-55.25
5129.88;-55.10
5132.81;-55.17
5135.74;-55.02
5138.67;-55.02
5141.60;-55.25
5144.53;-55.17
5147.46;-55.02
5150.39;-55.10
5153.32;-55.17
5156.25;-55.17
5159.18;-55.25
5162.11;-55.33
5165.04;-55.33
5167.97;-55.25
5170.90;-55.25
5173.83;-55.25
5176.76;-55.25
5179.69;-55.41
5182.62;-55.33
5185.55;-55.17
5188.48;-55.25
5191.41;-55.17
5194.34;-55.25
5197.27;-55.49
5200.20;-55.10
5203.13;-55.17
5206.05;-55.49
5208.98;-55.41
5211.91;-55.49
5214.84;-55.49
5217.77;-55.33
5220.70;-55.49
5223.63;-55.33
5226.56;-55.57
5229.49;-55.57
5232.42;-55.41
5235.35;-55.25
5238.28;-55.33
5241.21;-55.64
5244.14;-55.72
5247.07;-55.33
5250.00;-55.49
5252.93;-55.33
5255.86;-55.41
5258.79;-55.49
5261.72;-55.57
5264.65;-55.57
5267.58;-55.72
5270.51;-55.72
5273.44;-55.64
5276.37;-55.41
5279.30;-55.33
5282.23;-55.49
5285.16;-55.57
5288.09;-55.57
5291.02;-55.72
5293.95;-55.57
5296.88;-55.57
5299.80;-55.64
5302.73;-55.88
5305.66;-55.80
5308.59;-55.80
5311.52;-55.57
5314.45;-55.72
5317.38;-55.57
5320.31;-55.41
5323.24;-55.49
5326.17;-55.64
5329.10;-55.57
5332.03;-55.49
5334.96;-55.49
5337.89;-55.33
5340.82;-55.17
5343.75;-55.72
5346.68;-55.64
5349.61;-55.72
5352.54;-55.88
5355.47;-55.80
5358.40;-55.57
5361.33;-55.33
5364.26;-55.72
5367.19;-56.03
5370.12;-56.03
5373.05;-55.88
5375.98;-55.88
5378.91;-56.03
5381.84;-56.19
5384.77;-55.88
5387.70;-55.80
5390.63;-55.80
5393.55;-55.88
5396.48;-55.96
5399.41;-55.64
5402.34;-55.80
5405.27;-55.80
5408.20;-55.57
5411.13;-55.64
5414.06;-55.72
5416.99;-55.72
5419.92;-55.88
5422.85;-55.96
5425.78;-55.80
5428.71;-55.72
5431.64;-55.96
5434.57;-55.80
5437.50;-55.88
5440.43;-55.72
5443.36;-55.72
5446.29;-55.96
5449.22;-56.11
5452.15;-56.11
5455.08;-56.03
5458.01;-56.19
5460.94;-56.27
5463.87;-56.19
5466.80;-56.11
5469.73;-55.96
5472.66;-56.03
5475.59;-56.03
5478.52;-56.19
5481.45;-55.80
5484.38;-55.64
5487.30;-55.96
5490.23;-55.96
5493.16;-56.03
5496.09;-55.96
5499.02;-56.03
5501.95;-56.19
5504.88;-56.03
5507.81;-56.03
5510.74;-56.03
5513.67;-55.88
5516.60;-55.88
5519.53;-56.11
5522.46;-56.19
5525.39;-56.03
5528.32;-55.96
5531.25;-55.96
5534.18;-56.03
5537.11;-56.19
5540.04;-55.96
5542.97;-56.11
5545.90;-56.27
5548.83;-56.19
5551.76;-56.35
5554.69;-56.35
5557.62;-56.19
5560.55;-55.96
5563.48;-55.96
5566.41;-56.42
5569.34;-56.27
5572.27;-55.88
5575.20;-56.27
5578.13;-56.42
5581.05;-56.42
5583.98;-56.27
5586.91;-56.19
5589.84;-56.27
5592.77;-56.19
5595.70;-56.19
5598.63;-56.11
5601.56;-56.35
5604.49;-56.50
5607.42;-56.35
5610.35;-56.19
5613.28;-56.27
5616.21;-56.03
5619.14;-56.35
5622.07;-56.27
5625.00;-56.35
5627.93;-56.58
5630.86;-56.58
5633.79;-56.58
5636.72;-56.42
5639.65;-56.27
5642.58;-56.27
5645.51;-56.19
5648.44;-56.19
5651.37;-56.42
5654.30;-56.74
5657.23;-56.50
5660.16;-56.58
5663.09;-56.42
5666.02;-56.50
5668.95;-56.42
5671.88;-56.42
5674.80;-56.50
5677.73;-56.50
5680.66;-56.50
5683.59;-56.50
5686.52;-56.82
5689.45;-56.58
5692.38;-56.58
5695.31;-56.66
5698.24;-56.66
5701.17;-56.58
5704.10;-56.58
5707.03;-56.66
5709.96;-56.66
5712.89;-56.74
5715.82;-56.82
5718.75;-56.82
5721.68;-56.58
5724.61;-56.50
5727.54;-56.58
5730.47;-56.58
5733.40;-56.66
5736.33;-56.50
5739.26;-56.58
5742.19;-56.82
5745.12;-56.58
5748.05;-56.58
5750.98;-56.50
5753.91;-56.66
5756.84;-56.82
5759.77;-56.74
5762.70;-56.82
5765.63;-56.58
5768.55;-56.58
5771.48;-56.82
5774.41;-56.74
5777.34;-56.42
5780.27;-56.42
5783.20;-56.58
5786.13;-56.66
5789.06;-56.82
5791.99;-56.66
5794.92;-56.82
5797.85;-57.05
5800.78;-56.97
5803.71;-56.89
5806.64;-56.82
5809.57;-56.66
5812.50;-56.50
5815.43;-56.74
5818.36;-56.66
5821.29;-56.74
5824.22;-57.05
5827.15;-56.82
5830.08;-56.66
5833.01;-56.50
5835.94;-56.89
5838.87;-56.74
5841.80;-56.82
5844.73;-56.58
5847.66;-56.58
5850.59;-56.74
5853.52;-56.89
5856.45;-56.97
5859.38;-56.82
5862.30;-56.89
5865.23;-57.05
5868.16;-57.13
5871.09;-57.05
5874.02;-56.97
5876.95;-57.05
5879.88;-56.89
5882.81;-57.13
5885.74;-57.13
5888.67;-56.82
5891.60;-56.58
5894.53;-56.82
5897.46;-57.05
5900.39;-57.13
5903.32;-57.13
5906.25;-57.13
5909.18;-56.97
5912.11;-57.05
5915.04;-57.36
5917.97;-57.28
5920.90;-57.21
5923.83;-57.05
5926.76;-56.97
5929.69;-57.21
5932.62;-57.05
5935.55;-57.28
5938.48;-57.21
5941.41;-57.05
5944.34;-57.52
5947.27;-57.68
5950.20;-57.36
5953.13;-57.05
5956.05;-57.13
5958.98;-57.05
5961.91;-56.74
5964.84;-56.97
5967.77;-57.21
5970.70;-57.21
5973.63;-57.28
5976.56;-57.05
5979.49;-57.36
5982.42;-57.60
5985.35;-56.97
5988.28;-57.21
5991.21;-57.36
5994.14;-57.36
5997.07;-57.21
6000.00;-57.05
6002.93;-57.13
6005.86;-57.28
6008.79;-57.44
6011.72;-57.13
6014.65;-57.21
6017.58;-57.05
6020.51;-57.60
6023.44;-57.52
6026.37;-57.36
6029.30;-57.28
6032.23;-57.52
6035.16;-57.60
6038.09;-57.68
6041.02;-57.36
6043.95;-57.05
6046.88;-57.36
6049.80;-57.36
6052.73;-57.60
6055.66;-57.36
6058.59;-57.21
6061.52;-57.21
6064.45;-57.44
6067.38;-57.44
6070.31;-57.52
6073.24;-57.44
6076.17;-57.52
6079.10;-57.44
6082.03;-57.52
6084.96;-57.36
6087.89;-57.05
6090.82;-57.28
6093.75;-57.36
6096.68;-57.36
6099.61;-57.44
6102.54;-57.44
6105.47;-57.36
6108.40;-57.60
6111.33;-57.60
6114.26;-57.68
6117.19;-57.68
6120.12;-57.52
6123.05;-57.60
6125.98;-57.36
6128.91;-57.44
6131.84;-57.52
6134.77;-57.52
6137.70;-57.60
6140.63;-57.52
6143.55;-57.52
6146.48;-57.52
6149.41;-57.68
6152.34;-57.68
6155.27;-57.75
6158.20;-57.52
6161.13;-57.52
6164.06;-57.52
6166.99;-57.75
6169.92;-57.99
6172.85;-57.91
6175.78;-57.99
6178.71;-58.07
6181.64;-57.83
6184.57;-57.52
6187.50;-57.60
6190.43;-57.91
6193.36;-57.60
6196.29;-57.60
6199.22;-57.83
6202.15;-57.52
6205.08;-57.75
6208.01;-58.14
6210.94;-57.91
6213.87;-57.75
6216.80;-57.83
6219.73;-57.91
6222.66;-58.14
6225.59;-58.07
6228.52;-57.99
6231.45;-57.91
6234.38;-57.83
6237.30;-57.75
6240.23;-57.83
6243.16;-58.14
6246.09;-58.30
6249.02;-57.91
6251.95;-57.75
6254.88;-57.99
6257.81;-58.07
6260.74;-58.14
6263.67;-58.07
6266.60;-58.07
6269.53;-57.99
6272.46;-57.99
6275.39;-57.83
6278.32;-57.75
6281.25;-57.83
6284.18;-58.14
6287.11;-57.99
6290.04;-57.75
6292.97;-57.91
6295.90;-57.91
6298.83;-58.07
6301.76;-57.68
6304.69;-57.75
6307.62;-58.07
6310.55;-57.91
6313.48;-57.75
6316.41;-57.83
6319.34;-57.75
6322.27;-57.91
6325.20;-58.22
6328.13;-58.38
6331.05;-58.22
6333.98;-57.83
6336.91;-57.75
6339.84;-58.14
6342.77;-58.22
6345.70;-58.07
6348.63;-57.91
6351.56;-58.22
6354.49;-58.07
6357.42;-58.38
6360.35;-58.14
6363.28;-58.07
6366.21;-58.22
6369.14;-58.53
6372.07;-58.22
6375.00;-58.22
6377.93;-58.53
6380.86;-58.07
6383.79;-58.07
6386.72;-58.14
6389.65;-58.07
6392.58;-58.22
6395.51;-58.38
6398.44;-58.38
6401.37;-58.38
6404.30;-58.30
6407.23;-58.07
6410.16;-58.14
6413.09;-58.22
6416.02;-58.14
6418.95;-58.30
6421.88;-58.38
6424.80;-58.22
6427.73;-58.53
6430.66;-58.53
6433.59;-58.46
6436.52;-58.46
6439.45;-58.53
6442.38;-58.38
6445.31;-58.61
6448.24;-58.46
6451.17;-58.46
6454.10;-58.38
6457.03;-58.30
6459.96;-58.14
6462.89;-58.22
6465.82;-58.46
6468.75;-58.61
6471.68;-58.53
6474.61;-58.46
6477.54;-58.38
6480.47;-58.30
6483.40;-58.61
6486.33;-58.93
6489.26;-58.77
6492.19;-58.61
6495.12;-58.30
6498.05;-58.46
6500.98;-58.46
6503.91;-58.30
6506.84;-58.61
6509.77;-58.69
6512.70;-58.38
6515.63;-58.22
6518.55;-58.22
6521.48;-58.46
6524.41;-58.22
6527.34;-58.38
6530.27;-58.77
6533.20;-58.85
6536.13;-58.69
6539.06;-58.38
6541.99;-58.38
6544.92;-58.61
6547.85;-58.69
6550.78;-58.53
6553.71;-58.61
6556.64;-58.46
6559.57;-58.46
6562.50;-58.69
6565.43;-58.61
6568.36;-58.38
6571.29;-58.30
6574.22;-58.53
6577.15;-58.77
6580.08;-59.00
6583.01;-58.77
6585.94;-58.30
6588.87;-58.53
6591.80;-58.77
6594.73;-58.85
6597.66;-58.85
6600.59;-58.61
6603.52;-58.53
6606.45;-58.69
6609.38;-59.00
6612.30;-58.85
6615.23;-58.85
6618.16;-58.85
6621.09;-58.93
6624.02;-58.69
6626.95;-58.77
6629.88;-58.93
6632.81;-58.85
6635.74;-58.85
6638.67;-58.85
6641.60;-58.85
6644.53;-59.00
6647.46;-59.00
6650.39;-58.93
6653.32;-58.93
6656.25;-59.08
6659.18;-58.69
6662.11;-58.69
6665.04;-58.77
6667.97;-58.85
6670.90;-58.85
6673.83;-58.85
6676.76;-58.93
6679.69;-59.16
6682.62;-58.93
6685.55;-58.85
6688.48;-58.93
6691.41;-58.93
6694.34;-58.85
6697.27;-58.85
6700.20;-58.93
6703.13;-58.77
6706.05;-58.93
6708.98;-59.16
6711.91;-59.16
6714.84;-59.16
6717.77;-59.24
6720.70;-59.16
6723.63;-59.16
6726.56;-58.93
6729.49;-59.00
6732.42;-59.16
6735.35;-59.32
6738.28;-59.39
6741.21;-59.16
6744.14;-58.93
6747.07;-58.93
6750.00;-59.00
6752.93;-59.00
6755.86;-59.00
6758.79;-59.00
6761.72;-58.85
6764.65;-58.93
6767.58;-59.16
6770.51;-59.32
6773.44;-59.16
6776.37;-59.16
6779.30;-59.16
6782.23;-59.00
6785.16;-59.16
6788.09;-59.16
6791.02;-58.93
6793.95;-59.08
6796.88;-59.16
6799.80;-59.16
6802.73;-59.16
6805.66;-59.00
6808.59;-59.00
6811.52;-59.39
6814.45;-59.39
6817.38;-59.08
6820.31;-59.08
6823.24;-59.16
6826.17;-59.39
6829.10;-59.55
6832.03;-59.16
6834.96;-59.16
6837.89;-59.39
6840.82;-59.47
6843.75;-59.08
6846.68;-59.24
6849.61;-59.32
6852.54;-59.24
6855.47;-59.24
6858.40;-59.47
6861.33;-59.47
6864.26;-59.39
6867.19;-59.47
6870.12;-59.39
6873.05;-59.32
6875.98;-59.39
6878.91;-59.39
6881.84;-59.47
6884.77;-59.55
6887.70;-59.39
6890.63;-59.55
6893.55;-59.47
6896.48;-59.16
6899.41;-59.39
6902.34;-59.63
6905.27;-59.63
6908.20;-59.32
6911.13;-59.47
6914.06;-59.63
6916.99;-59.47
6919.92;-59.32
6922.85;-59.63
6925.78;-59.55
6928.71;-59.32
6931.64;-59.32
6934.57;-59.47
6937.50;-59.55
6940.43;-59.47
6943.36;-59.47
6946.29;-59.32
6949.22;-59.39
6952.15;-59.47
6955.08;-59.71
6958.01;-60.02
6960.94;-59.79
6963.87;-59.79
6966.80;-59.63
6969.73;-59.79
6972.66;-59.71
6975.59;-59.63
6978.52;-59.71
6981.45;-59.71
6984.38;-59.71
6987.30;-59.71
6990.23;-60.02
6993.16;-59.79
6996.09;-59.63
6999.02;-59.79
7001.95;-59.86
7004.88;-59.86
7007.81;-60.02
7010.74;-59.94
7013.67;-59.55
7016.60;-59.79
7019.53;-59.71
7022.46;-59.79
7025.39;-60.18
7028.32;-60.18
7031.25;-59.71
7034.18;-59.55
7037.11;-59.79
7040.04;-59.71
7042.97;-59.71
7045.90;-59.71
7048.83;-59.94
7051.76;-59.94
7054.69;-60.25
7057.62;-60.33
7060.55;-59.79
7063.48;-59.79
7066.41;-60.18
7069.34;-59.71
7072.27;-59.94
7075.20;-60.10
7078.13;-59.86
7081.05;-59.86
7083.98;-59.94
7086.91;-59.79
7089.84;-59.86
7092.77;-59.94
7095.70;-59.94
7098.63;-59.94
7101.56;-60.10
7104.49;-59.94
7107.42;-59.71
7110.35;-59.79
7113.28;-60.02
7116.21;-59.94
7119.14;-59.94
7122.07;-60.10
7125.00;-59.94
7127.93;-59.71
7130.86;-59.79
7133.79;-60.25
7136.72;-60.02
7139.65;-60.02
7142.58;-60.18
7145.51;-60.02
7148.44;-59.94
7151.37;-60.02
7154.30;-60.10
7157.23;-60.33
7160.16;-60.33
7163.09;-60.18
7166.02;-60.25
7168.95;-60.33
7171.88;-60.33
7174.80;-60.41
7177.73;-60.33
7180.66;-60.25
7183.59;-60.33
7186.52;-60.18
7189.45;-60.25
7192.38;-60.02
7195.31;-60.25
7198.24;-60.33
7201.17;-60.02
7204.10;-59.94
7207.03;-60.25
7209.96;-60.57
7212.89;-60.41
7215.82;-60.18
7218.75;-60.41
7221.68;-60.18
7224.61;-60.18
7227.54;-60.41
7230.47;-60.33
7233.40;-60.41
7236.33;-60.33
7239.26;-60.49
7242.19;-60.33
7245.12;-60.57
7248.05;-60.49
7250.98;-60.33
7253.91;-60.33
7256.84;-60.49
7259.77;-60.72
7262.70;-60.49
7265.63;-60.49
7268.55;-60.49
7271.48;-60.33
7274.41;-60.02
7277.34;-60.02
7280.27;-60.25
7283.20;-60.57
7286.13;-60.64
7289.06;-60.64
7291.99;-60.64
7294.92;-60.64
7297.85;-60.64
7300.78;-60.49
7303.71;-60.33
7306.64;-60.49
7309.57;-60.64
7312.50;-60.33
7315.43;-60.25
7318.36;-60.64
7321.29;-60.96
7324.22;-60.96
7327.15;-60.88
7330.08;-60.64
7333.01;-60.41
7335.94;-60.80
7338.87;-60.88
7341.80;-60.64
7344.73;-60.18
7347.66;-60.57
7350.59;-60.64
7353.52;-60.64
7356.45;-60.72
7359.38;-60.72
7362.30;-60.57
7365.23;-60.57
7368.16;-60.49
7371.09;-60.49
7374.02;-60.49
7376.95;-60.57
7379.88;-60.88
7382.81;-60.80
7385.74;-60.64
7388.67;-60.88
7391.60;-61.04
7394.53;-61.04
7397.46;-60.96
7400.39;-60.80
7403.32;-60.64
7406.25;-61.11
7409.18;-61.11
7412.11;-61.04
7415.04;-60.96
7417.97;-61.27
7420.90;-60.96
7423.83;-60.49
7426.76;-60.96
7429.69;-60.80
7432.62;-60.57
7435.55;-60.72
7438.48;-60.64
7441.41;-60.72
7444.34;-60.80
7447.27;-60.64
7450.20;-60.72
7453.13;-60.72
7456.05;-60.64
7458.98;-60.88
7461.91;-61.19
7464.84;-60.88
7467.77;-60.88
7470.70;-60.72
7473.63;-60.64
7476.56;-60.64
7479.49;-60.49
7482.42;-60.80
7485.35;-61.04
7488.28;-60.96
7491.21;-60.80
7494.14;-60.88
7497.07;-60.88
7500.00;-60.80
7502.93;-60.96
7505.86;-61.27
7508.79;-61.04
7511.72;-61.04
7514.65;-60.88
7517.58;-60.96
7520.51;-61.19
7523.44;-61.35
7526.37;-61.35
7529.30;-61.11
7532.23;-61.43
7535.16;-61.35
7538.09;-61.04
7541.02;-61.11
7543.95;-61.04
7546.88;-61.11
7549.80;-61.35
7552.73;-61.19
7555.66;-60.96
7558.59;-61.19
7561.52;-61.35
7564.45;-61.27
7567.38;-61.27
7570.31;-61.27
7573.24;-61.19
7576.17;-61.27
7579.10;-61.27
7582.03;-61.11
7584.96;-61.35
7587.89;-61.19
7590.82;-61.19
7593.75;-61.35
7596.68;-61.35
7599.61;-61.35
7602.54;-61.11
7605.47;-61.04
7608.40;-60.88
7611.33;-61.11
7614.26;-61.27
7617.19;-61.27
7620.12;-61.35
7623.05;-61.19
7625.98;-61.35
7628.91;-61.43
7631.84;-60.96
7634.77;-61.19
7637.70;-61.27
7640.63;-61.11
7643.55;-61.04
7646.48;-61.43
7649.41;-61.58
7652.34;-61.27
7655.27;-61.19
7658.20;-61.19
7661.13;-60.96
7664.06;-61.19
7666.99;-61.58
7669.92;-61.35
7672.85;-61.35
7675.78;-61.27
7678.71;-61.19
7681.64;-61.58
7684.57;-61.58
7687.50;-61.35
7690.43;-61.43
7693.36;-61.58
7696.29;-61.43
7699.22;-61.19
7702.15;-61.27
7705.08;-61.43
7708.01;-61.27
7710.94;-61.35
7713.87;-61.43
7716.80;-61.43
7719.73;-61.43
7722.66;-61.19
7725.59;-61.27
7728.52;-61.58
7731.45;-61.58
7734.38;-61.50
7737.30;-61.82
7740.23;-61.58
7743.16;-61.35
7746.09;-61.35
7749.02;-61.66
7751.95;-61.58
7754.88;-61.43
7757.81;-61.58
7760.74;-61.43
7763.67;-61.50
7766.60;-61.66
7769.53;-61.66
7772.46;-61.66
7775.39;-61.50
7778.32;-61.50
7781.25;-61.66
7784.18;-61.74
7787.11;-61.50
7790.04;-61.50
7792.97;-61.82
7795.90;-61.74
7798.83;-61.66
7801.76;-61.74
7804.69;-61.58
7807.62;-61.50
7810.55;-61.43
7813.48;-61.58
7816.41;-61.82
7819.34;-61.50
7822.27;-61.74
7825.20;-62.05
7828.13;-61.89
7831.05;-61.66
7833.98;-61.89
7836.91;-61.82
7839.84;-61.50
7842.77;-61.74
7845.70;-61.89
7848.63;-61.74
7851.56;-61.74
7854.49;-61.89
7857.42;-61.89
7860.35;-61.82
7863.28;-61.89
7866.21;-61.82
7869.14;-61.89
7872.07;-62.05
7875.00;-62.05
7877.93;-61.66
7880.86;-61.58
7883.79;-61.82
7886.72;-61.89
7889.65;-61.97
7892.58;-61.82
7895.51;-61.89
7898.44;-62.13
7901.37;-62.21
7904.30;-62.05
7907.23;-61.82
7910.16;-61.89
7913.09;-62.05
7916.02;-61.97
7918.95;-62.05
7921.88;-62.21
7924.80;-61.89
7927.73;-61.82
7930.66;-61.74
7933.59;-61.97
7936.52;-62.13
7939.45;-62.36
7942.38;-62.29
7945.31;-61.97
7948.24;-61.97
7951.17;-62.13
7954.10;-61.89
7957.03;-61.74
7959.96;-61.82
7962.89;-61.97
7965.82;-61.97
7968.75;-62.05
7971.68;-62.05
7974.61;-62.05
7977.54;-62.13
7980.47;-62.29
7983.40;-62.36
7986.33;-62.29
7989.26;-62.13
7992.19;-61.97
7995.12;-62.13
7998.05;-62.29
8000.98;-62.29
8003.91;-62.05
8006.84;-62.21
8009.77;-62.29
8012.70;-62.60
8015.63;-62.29
8018.55;-62.05
8021.48;-62.13
8024.41;-62.21
8027.34;-62.36
8030.27;-62.44
8033.20;-62.13
8036.13;-62.05
8039.06;-62.05
8041.99;-62.21
8044.92;-61.97
8047.85;-61.97
8050.78;-62.36
8053.71;-62.68
8056.64;-62.52
8059.57;-62.36
8062.50;-62.36
8065.43;-62.29
8068.36;-62.29
8071.29;-62.36
8074.22;-62.36
8077.15;-62.21
8080.08;-62.29
8083.01;-62.29
8085.94;-62.52
8088.87;-62.44
8091.80;-62.75
8094.73;-62.68
8097.66;-62.44
8100.59;-62.52
8103.52;-62.44
8106.45;-62.44
8109.38;-62.29
8112.30;-62.36
8115.23;-62.52
8118.16;-62.44
8121.09;-62.60
8124.02;-62.75
8126.95;-62.75
8129.88;-62.52
8132.81;-62.29
8135.74;-62.05
8138.67;-62.13
8141.60;-62.44
8144.53;-62.60
8147.46;-62.68
8150.39;-62.52
8153.32;-62.60
8156.25;-62.68
8159.18;-62.68
8162.11;-62.75
8165.04;-62.68
8167.97;-62.60
8170.90;-62.52
8173.83;-62.52
8176.76;-62.36
8179.69;-62.68
8182.62;-62.83
8185.55;-62.75
8188.48;-62.83
8191.41;-62.83
8194.34;-62.60
8197.27;-62.75
8200.20;-62.75
8203.13;-62.68
8206.05;-62.68
8208.98;-62.68
8211.91;-62.68
8214.84;-62.91
8217.77;-62.91
8220.70;-62.83
8223.63;-62.99
8226.56;-63.15
8229.49;-62.75
8232.42;-62.91
8235.35;-62.91
8238.28;-62.99
8241.21;-62.99
8244.14;-62.91
8247.07;-62.99
8250.00;-62.91
8252.93;-62.91
8255.86;-62.91
8258.79;-62.91
8261.72;-62.75
8264.65;-62.91
8267.58;-63.15
8270.51;-62.99
8273.44;-63.07
8276.37;-62.99
8279.30;-63.07
8282.23;-62.83
8285.16;-62.83
8288.09;-62.91
8291.02;-62.83
8293.95;-62.75
8296.88;-62.91
8299.80;-63.15
8302.73;-62.91
8305.66;-62.75
8308.59;-62.83
8311.52;-62.99
8314.45;-62.75
8317.38;-62.91
8320.31;-63.30
8323.24;-63.30
8326.17;-63.30
8329.10;-63.30
8332.03;-63.15
8334.96;-62.99
8337.89;-63.30
8340.82;-63.22
8343.75;-62.91
8346.68;-62.60
8349.61;-62.83
8352.54;-63.38
8355.47;-63.07
8358.40;-62.99
8361.33;-62.99
8364.26;-63.15
8367.19;-63.30
8370.12;-62.99
8373.05;-62.75
8375.98;-62.99
8378.91;-63.30
8381.84;-63.22
8384.77;-63.30
8387.70;-63.07
8390.63;-63.22
8393.55;-63.30
8396.48;-63.61
8399.41;-63.77
8402.34;-63.54
8405.27;-63.38
8408.20;-63.22
8411.13;-63.15
8414.06;-63.22
8416.99;-63.07
8419.92;-63.30
8422.85;-63.15
8425.78;-63.30
8428.71;-63.54
8431.64;-63.61
8434.57;-63.54
8437.50;-63.46
8440.43;-63.30
8443.36;-63.15
8446.29;-63.30
8449.22;-63.22
8452.15;-63.22
8455.08;-63.30
8458.01;-63.46
8460.94;-63.38
8463.87;-63.15
8466.80;-63.46
8469.73;-63.46
8472.66;-63.30
8475.59;-63.54
8478.52;-63.46
8481.45;-63.77
8484.38;-63.85
8487.30;-63.30
8490.23;-63.30
8493.16;-63.54
8496.09;-63.38
8499.02;-63.69
8501.95;-63.61
8504.88;-63.30
8507.81;-63.22
8510.74;-63.38
8513.67;-63.54
8516.60;-63.69
8519.53;-63.77
8522.46;-63.38
8525.39;-63.54
8528.32;-63.61
8531.25;-63.54
8534.18;-63.46
8537.11;-63.46
8540.04;-63.22
8542.97;-63.22
8545.90;-63.38
8548.83;-63.46
8551.76;-63.30
8554.69;-63.54
8557.62;-63.77
8560.55;-63.61
8563.48;-63.61
8566.41;-63.46
8569.34;-63.46
8572.27;-63.61
8575.20;-63.61
8578.13;-63.54
8581.05;-63.54
8583.98;-63.85
8586.91;-64.00
8589.84;-63.77
8592.77;-63.69
8595.70;-63.77
8598.63;-63.61
8601.56;-63.69
8604.49;-63.93
8607.42;-64.08
8610.35;-63.69
8613.28;-63.77
8616.21;-63.69
8619.14;-63.77
8622.07;-63.93
8625.00;-63.93
8627.93;-63.93
8630.86;-63.77
8633.79;-63.85
8636.72;-63.69
8639.65;-63.77
8642.58;-64.32
8645.51;-64.40
8648.44;-64.08
8651.37;-63.85
8654.30;-63.69
8657.23;-63.77
8660.16;-63.77
8663.09;-63.85
8666.02;-63.85
8668.95;-63.85
8671.88;-63.85
8674.80;-64.00
8677.73;-64.00
8680.66;-64.00
8683.59;-64.00
8686.52;-64.16
8689.45;-63.93
8692.38;-64.08
8695.31;-64.08
8698.24;-64.16
8701.17;-64.08
8704.10;-63.85
8707.03;-64.08
8709.96;-64.08
8712.89;-63.85
8715.82;-63.77
8718.75;-63.93
8721.68;-64.08
8724.61;-64.00
8727.54;-64.08
8730.47;-63.93
8733.40;-64.08
8736.33;-64.40
8739.26;-64.08
8742.19;-63.93
8745.12;-64.08
8748.05;-64.24
8750.98;-63.85
8753.91;-63.93
8756.84;-64.16
8759.77;-64.16
8762.70;-64.24
8765.63;-64.16
8768.55;-64.24
8771.48;-64.00
8774.41;-64.00
8777.34;-64.08
8780.27;-64.08
8783.20;-64.16
8786.13;-64.32
8789.06;-64.40
8791.99;-64.24
8794.92;-64.00
8797.85;-63.93
8800.78;-63.93
8803.71;-64.40
8806.64;-64.32
8809.57;-64.24
8812.50;-64.08
8815.43;-64.00
8818.36;-64.00
8821.29;-64.24
8824.22;-64.55
8827.15;-64.63
8830.08;-64.32
8833.01;-64.40
8835.94;-63.93
8838.87;-64.00
8841.80;-64.24
8844.73;-64.24
8847.66;-63.93
8850.59;-63.93
8853.52;-64.24
8856.45;-64.32
8859.38;-64.40
8862.30;-64.47
8865.23;-64.47
8868.16;-64.47
8871.09;-64.40
8874.02;-64.24
8876.95;-64.24
8879.88;-64.24
8882.81;-64.40
8885.74;-64.40
8888.67;-64.40
8891.60;-64.32
8894.53;-64.40
8897.46;-64.55
8900.39;-64.55
8903.32;-64.47
8906.25;-64.79
8909.18;-64.79
8912.11;-64.40
8915.04;-64.40
8917.97;-64.40
8920.90;-64.47
8923.83;-64.40
8926.76;-64.47
8929.69;-64.47
8932.62;-64.63
8935.55;-64.79
8938.48;-64.71
8941.41;-64.55
8944.34;-64.40
8947.27;-64.47
8950.20;-64.63
8953.13;-64.79
8956.05;-64.55
8958.98;-64.63
8961.91;-64.55
8964.84;-64.24
8967.77;-64.40
8970.70;-64.79
8973.63;-64.55
8976.56;-64.63
8979.49;-64.63
8982.42;-64.94
8985.35;-64.71
8988.28;-64.32
8991.21;-64.40
8994.14;-64.71
8997.07;-65.02
9000.00;-64.79
9002.93;-64.71
9005.86;-64.79
9008.79;-64.86
9011.72;-64.94
9014.65;-65.10
9017.58;-64.86
9020.51;-64.86
9023.44;-64.79
9026.37;-64.71
9029.30;-64.86
9032.23;-65.18
9035.16;-65.02
9038.09;-64.71
9041.02;-64.63
9043.95;-64.79
9046.88;-64.79
9049.80;-64.94
9052.73;-64.94
9055.66;-64.86
9058.59;-64.86
9061.52;-65.10
9064.45;-65.10
9067.38;-64.71
9070.31;-64.79
9073.24;-64.79
9076.17;-64.79
9079.10;-64.86
9082.03;-64.86
9084.96;-64.86
9087.89;-64.71
9090.82;-64.79
9093.75;-65.10
9096.68;-65.26
9099.61;-65.26
9102.54;-65.10
9105.47;-64.94
9108.40;-64.71
9111.33;-65.18
9114.26;-65.26
9117.19;-65.02
9120.12;-64.86
9123.05;-65.02
9125.98;-65.10
9128.91;-65.18
9131.84;-64.94
9134.77;-64.86
9137.70;-65.02
9140.63;-65.18
9143.55;-65.18
9146.48;-64.94
9149.41;-65.10
9152.34;-65.26
9155.27;-65.02
9158.20;-64.79
9161.13;-65.02
9164.06;-65.18
9166.99;-64.86
9169.92;-64.79
9172.85;-64.94
9175.78;-64.71
9178.71;-64.86
9181.64;-65.18
9184.57;-65.02
9187.50;-65.18
9190.43;-65.49
9193.36;-65.10
9196.29;-64.86
9199.22;-65.18
9202.15;-65.18
9205.08;-65.26
9208.01;-65.26
9210.94;-65.02
9213.87;-64.94
9216.80;-65.18
9219.73;-65.18
9222.66;-65.26
9225.59;-65.41
9228.52;-65.26
9231.45;-65.26
9234.38;-65.10
9237.30;-65.18
9240.23;-65.33
9243.16;-65.18
9246.09;-65.18
9249.02;-65.26
9251.95;-65.41
9254.88;-65.26
9257.81;-65.26
9260.74;-65.26
9263.67;-65.18
9266.60;-65.33
9269.53;-65.49
9272.46;-65.26
9275.39;-65.26
9278.32;-65.33
9281.25;-65.33
9284.18;-65.41
9287.11;-65.26
9290.04;-65.02
9292.97;-65.18
9295.90;-65.33
9298.83;-65.49
9301.76;-65.49
9304.69;-65.49
9307.62;-65.72
9310.55;-65.49
9313.48;-65.41
9316.41;-65.80
9319.34;-65.57
9322.27;-65.49
9325.20;-65.49
9328.13;-65.49
9331.05;-65.49
9333.98;-65.33
9336.91;-65.41
9339.84;-65.18
9342.77;-65.26
9345.70;-65.33
9348.63;-65.41
9351.56;-65.49
9354.49;-65.65
9357.42;-65.80
9360.35;-65.65
9363.28;-65.49
9366.21;-65.41
9369.14;-65.49
9372.07;-65.49
9375.00;-65.41
9377.93;-65.49
9380.86;-65.57
9383.79;-65.57
9386.72;-65.49
9389.65;-65.49
9392.58;-65.72
9395.51;-65.57
9398.44;-65.65
9401.37;-65.72
9404.30;-65.57
9407.23;-65.65
9410.16;-65.72
9413.09;-65.57
9416.02;-65.41
9418.95;-65.72
9421.88;-65.72
9424.80;-65.49
9427.73;-65.57
9430.66;-65.57
9433.59;-65.65
9436.52;-65.72
9439.45;-65.72
9442.38;-65.72
9445.31;-65.65
9448.24;-65.57
9451.17;-65.80
9454.10;-65.72
9457.03;-65.72
9459.96;-65.80
9462.89;-65.65
9465.82;-65.57
9468.75;-65.49
9471.68;-65.49
9474.61;-65.80
9477.54;-65.80
9480.47;-65.72
9483.40;-65.72
9486.33;-65.57
9489.26;-65.80
9492.19;-66.11
9495.12;-66.19
9498.05;-65.96
9500.98;-65.96
9503.91;-65.72
9506.84;-65.88
9509.77;-65.96
9512.70;-65.80
9515.63;-65.96
9518.55;-66.04
9521.48;-66.04
9524.41;-66.11
9527.34;-66.04
9530.27;-65.80
9533.20;-65.72
9536.13;-65.72
9539.06;-65.72
9541.99;-65.72
9544.92;-65.88
9547.85;-66.19
9550.78;-65.96
9553.71;-65.80
9556.64;-66.04
9559.57;-66.04
9562.50;-65.96
9565.43;-66.27
9568.36;-66.27
9571.29;-66.11
9574.22;-66.04
9577.15;-65.72
9580.08;-65.88
9583.01;-66.11
9585.94;-66.04
9588.87;-66.11
9591.80;-65.96
9594.73;-65.80
9597.66;-65.96
9600.59;-66.11
9603.52;-66.58
9606.45;-66.43
9609.38;-66.11
9612.30;-66.04
9615.23;-65.80
9618.16;-65.96
9621.09;-66.19
9624.02;-66.58
9626.95;-66.58
9629.88;-66.35
9632.81;-66.27
9635.74;-66.19
9638.67;-66.51
9641.60;-66.27
9644.53;-66.04
9647.46;-66.27
9650.39;-66.04
9653.32;-66.11
9656.25;-66.35
9659.18;-66.51
9662.11;-66.51
9665.04;-66.43
9667.97;-66.43
9670.90;-66.43
9673.83;-66.27
9676.76;-66.35
9679.69;-66.51
9682.62;-66.43
9685.55;-66.19
9688.48;-66.43
9691.41;-66.43
9694.34;-66.11
9697.27;-66.04
9700.20;-66.04
9703.13;-66.19
9706.05;-66.19
9708.98;-66.35
9711.91;-66.35
9714.84;-66.35
9717.77;-66.19
9720.70;-66.43
9723.63;-66.35
9726.56;-66.58
9729.49;-66.58
9732.42;-66.82
9735.35;-66.74
9738.28;-66.43
9741.21;-66.51
9744.14;-66.58
9747.07;-66.58
9750.00;-66.51
9752.93;-66.51
9755.86;-66.43
9758.79;-66.35
9761.72;-66.51
9764.65;-66.51
9767.58;-66.74
9770.51;-66.58
9773.44;-66.66
9776.37;-66.35
9779.30;-66.51
9782.23;-66.58
9785.16;-66.51
9788.09;-66.66
9791.02;-66.66
9793.95;-66.74
9796.88;-66.58
9799.80;-66.51
9802.73;-66.58
9805.66;-66.66
9808.59;-66.82
9811.52;-66.90
9814.45;-66.74
9817.38;-66.90
9820.31;-66.74
9823.24;-66.58
9826.17;-66.97
9829.10;-66.82
9832.03;-66.82
9834.96;-66.82
9837.89;-66.74
9840.82;-66.82
9843.75;-66.82
9846.68;-66.51
9849.61;-66.74
9852.54;-66.74
9855.47;-66.74
9858.40;-66.90
9861.33;-66.74
9864.26;-66.82
9867.19;-66.74
9870.12;-66.66
9873.05;-66.66
9875.98;-66.66
9878.91;-66.74
9881.84;-66.90
9884.77;-67.13
9887.70;-67.13
9890.63;-67.05
9893.55;-67.05
9896.48;-66.90
9899.41;-66.58
9902.34;-66.74
9905.27;-66.90
9908.20;-66.97
9911.13;-66.90
9914.06;-66.90
9916.99;-66.82
9919.92;-67.13
9922.85;-67.05
9925.78;-66.90
9928.71;-66.74
9931.64;-66.82
9934.57;-66.74
9937.50;-66.90
9940.43;-66.90
9943.36;-66.90
9946.29;-67.13
9949.22;-67.05
9952.15;-66.97
9955.08;-67.05
9958.01;-66.97
9960.94;-66.97
9963.87;-67.05
9966.80;-66.90
9969.73;-66.82
9972.66;-67.05
9975.59;-66.90
9978.52;-66.74
9981.45;-66.90
9984.38;-66.90
9987.30;-67.13
9990.23;-67.21
9993.16;-67.13
9996.09;-66.97
9999.02;-66.90
10001.95;-67.05
10004.88;-67.13
10007.81;-67.05
10010.74;-67.13
10013.67;-67.05
10016.60;-67.13
10019.53;-67.21
10022.46;-67.13
10025.39;-66.97
10028.32;-67.21
10031.25;-67.05
10034.18;-66.97
10037.11;-67.21
10040.04;-67.37
10042.97;-67.21
10045.90;-67.29
10048.83;-67.13
10051.76;-67.05
10054.69;-67.21
10057.62;-67.52
10060.55;-67.29
10063.48;-67.21
10066.41;-67.13
10069.34;-67.37
10072.27;-67.60
10075.20;-67.44
10078.13;-67.13
10081.05;-67.21
10083.98;-67.44
10086.91;-67.60
10089.84;-67.44
10092.77;-67.29
10095.70;-67.29
10098.63;-67.29
10101.56;-67.21
10104.49;-67.29
10107.42;-67.44
10110.35;-67.37
10113.28;-67.21
10116.21;-67.13
10119.14;-67.05
10122.07;-67.29
10125.00;-67.44
10127.93;-67.44
10130.86;-67.52
10133.79;-67.44
10136.72;-67.37
10139.65;-67.21
10142.58;-67.21
10145.51;-67.29
10148.44;-67.37
10151.37;-67.37
10154.30;-67.29
10157.23;-67.44
10160.16;-67.29
10163.09;-67.60
10166.02;-67.37
10168.95;-67.37
10171.88;-67.60
10174.80;-67.44
10177.73;-67.60
10180.66;-67.52
10183.59;-67.52
10186.52;-67.37
10189.45;-67.37
10192.38;-67.52
10195.31;-67.52
10198.24;-67.68
10201.17;-67.68
10204.10;-67.68
10207.03;-67.52
10209.96;-67.44
10212.89;-67.60
10215.82;-67.76
10218.75;-67.68
10221.68;-67.76
10224.61;-67.76
10227.54;-67.60
10230.47;-67.37
10233.40;-67.52
10236.33;-67.68
10239.26;-67.68
10242.19;-67.68
10245.12;-67.76
10248.05;-67.52
10250.98;-67.44
10253.91;-67.76
10256.84;-67.91
10259.77;-67.83
10262.70;-67.68
10265.63;-67.60
10268.55;-67.91
10271.48;-67.91
10274.41;-67.83
10277.34;-67.76
10280.27;-67.60
10283.20;-67.52
10286.13;-67.60
10289.06;-67.52
10291.99;-67.52
10294.92;-67.83
10297.85;-67.76
10300.78;-67.83
10303.71;-67.60
10306.64;-67.76
10309.57;-67.83
10312.50;-67.68
10315.43;-67.68
10318.36;-67.91
10321.29;-67.91
10324.22;-67.76
10327.15;-67.76
10330.08;-67.68
10333.01;-67.68
10335.94;-67.60
10338.87;-67.68
10341.80;-67.91
10344.73;-67.99
10347.66;-68.07
10350.59;-68.07
10353.52;-67.99
10356.45;-67.83
10359.38;-67.83
10362.30;-68.07
10365.23;-68.07
10368.16;-68.07
10371.09;-67.99
10374.02;-68.07
10376.95;-68.07
10379.88;-68.07
10382.81;-67.99
10385.74;-68.07
10388.67;-68.07
10391.60;-68.07
10394.53;-68.07
10397.46;-68.07
10400.39;-67.83
10403.32;-67.91
10406.25;-68.22
10409.18;-68.30
10412.11;-68.22
10415.04;-67.99
10417.97;-68.15
10420.90;-68.22
10423.83;-68.30
10426.76;-68.22
10429.69;-68.07
10432.62;-68.15
10435.55;-68.22
10438.48;-67.91
10441.41;-67.99
10444.34;-68.22
10447.27;-68.15
10450.20;-68.15
10453.13;-67.83
10456.05;-67.91
10458.98;-67.91
10461.91;-68.07
10464.84;-67.99
10467.77;-68.15
10470.70;-68.22
10473.63;-68.07
10476.56;-68.22
10479.49;-67.91
10482.42;-67.83
10485.35;-67.83
10488.28;-68.15
10491.21;-68.30
10494.14;-68.22
10497.07;-68.22
10500.00;-68.46
10502.93;-68.54
10505.86;-68.38
10508.79;-68.22
10511.72;-68.07
10514.65;-68.22
10517.58;-68.30
10520.51;-68.38
10523.44;-68.77
10526.37;-68.54
10529.30;-68.30
10532.23;-68.30
10535.16;-68.62
10538.09;-68.77
10541.02;-68.46
10543.95;-68.38
10546.88;-68.30
10549.80;-68.15
10552.73;-68.22
10555.66;-68.38
10558.59;-68.30
10561.52;-68.54
10564.45;-68.46
10567.38;-68.22
10570.31;-68.30
10573.24;-68.30
10576.17;-68.38
10579.10;-68.22
10582.03;-68.30
10584.96;-68.30
10587.89;-68.30
10590.82;-68.46
10593.75;-68.38
10596.68;-68.30
10599.61;-68.22
10602.54;-68.15
10605.47;-68.46
10608.40;-68.54
10611.33;-68.46
10614.26;-68.38
10617.19;-68.30
10620.12;-68.54
10623.05;-68.62
10625.98;-68.62
10628.91;-68.46
10631.84;-68.38
10634.77;-68.69
10637.70;-68.62
10640.63;-68.46
10643.55;-68.54
10646.48;-68.46
10649.41;-68.22
10652.34;-68.46
10655.27;-68.46
10658.20;-68.69
10661.13;-68.69
10664.06;-68.46
10666.99;-68.38
10669.92;-68.38
10672.85;-68.54
10675.78;-68.69
10678.71;-68.69
10681.64;-68.46
10684.57;-68.54
10687.50;-68.46
10690.43;-68.77
10693.36;-68.85
10696.29;-68.69
10699.22;-68.69
10702.15;-69.08
10705.08;-68.85
10708.01;-68.62
10710.94;-68.46
10713.87;-68.46
10716.80;-68.46
10719.73;-68.62
10722.66;-68.46
10725.59;-68.46
10728.52;-68.69
10731.45;-69.01
10734.38;-68.93
10737.30;-68.85
10740.23;-68.62
10743.16;-68.69
10746.09;-68.85
10749.02;-68.93
10751.95;-68.93
10754.88;-68.93
10757.81;-68.85
10760.74;-68.69
10763.67;-68.85
10766.60;-68.77
10769.53;-68.77
10772.46;-68.54
10775.39;-68.54
10778.32;-68.85
10781.25;-69.08
10784.18;-68.93
10787.11;-68.85
10790.04;-68.85
10792.97;-68.85
10795.90;-68.93
10798.83;-68.85
10801.76;-68.93
10804.69;-69.24
10807.62;-69.08
10810.55;-69.08
10813.48;-69.16
10816.41;-68.93
10819.34;-68.77
10822.27;-69.08
10825.20;-69.24
10828.13;-69.08
10831.05;-68.77
10833.98;-68.85
10836.91;-68.77
10839.84;-68.77
10842.77;-68.77
10845.70;-68.93
10848.63;-68.85
10851.56;-68.85
10854.49;-68.77
10857.42;-68.85
10860.35;-69.01
10863.28;-69.08
10866.21;-69.24
10869.14;-69.32
10872.07;-69.08
10875.00;-68.77
10877.93;-69.01
10880.86;-69.08
10883.79;-69.24
10886.72;-69.01
10889.65;-68.93
10892.58;-68.93
10895.51;-69.08
10898.44;-69.08
10901.37;-69.01
10904.30;-69.24
10907.23;-69.24
10910.16;-69.40
10913.09;-69.40
10916.02;-69.32
10918.95;-69.24
10921.88;-69.40
10924.80;-69.32
10927.73;-69.16
10930.66;-69.24
10933.59;-69.55
10936.52;-69.32
10939.45;-69.16
10942.38;-69.32
10945.31;-69.32
10948.24;-69.24
10951.17;-69.47
10954.10;-69.32
10957.03;-69.40
10959.96;-69.32
10962.89;-69.32
10965.82;-69.55
10968.75;-69.55
10971.68;-69.47
10974.61;-69.63
10977.54;-69.55
10980.47;-69.63
10983.40;-69.40
10986.33;-69.24
10989.26;-69.16
10992.19;-69.24
10995.12;-69.40
10998.05;-69.63
11000.98;-69.79
11003.91;-69.47
11006.84;-69.55
11009.77;-69.71
11012.70;-69.47
11015.63;-69.32
11018.55;-69.24
11021.48;-69.24
11024.41;-69.47
11027.34;-69.47
11030.27;-69.40
11033.20;-69.32
11036.13;-69.47
11039.06;-69.55
11041.99;-69.71
11044.92;-69.55
11047.85;-69.47
11050.78;-69.32
11053.71;-69.24
11056.64;-69.24
11059.57;-69.24
11062.50;-69.24
11065.43;-69.40
11068.36;-69.55
11071.29;-69.55
11074.22;-69.40
11077.15;-69.32
11080.08;-69.40
11083.01;-69.55
11085.94;-69.40
11088.87;-69.47
11091.80;-69.63
11094.73;-69.87
11097.66;-69.71
11100.59;-69.63
11103.52;-69.47
11106.45;-69.47
11109.38;-69.47
11112.30;-69.32
11115.23;-69.63
11118.16;-69.71
11121.09;-69.63
11124.02;-69.71
11126.95;-69.87
11129.88;-69.94
11132.81;-69.79
11135.74;-69.47
11138.67;-69.79
11141.60;-69.63
11144.53;-69.32
11147.46;-69.24
11150.39;-69.32
11153.32;-69.55
11156.25;-69.94
11159.18;-69.79
11162.11;-69.55
11165.04;-69.71
11167.97;-69.71
11170.90;-69.71
11173.83;-69.55
11176.76;-69.71
11179.69;-69.79
11182.62;-69.79
11185.55;-70.02
11188.48;-70.10
11191.41;-69.79
11194.34;-69.79
11197.27;-69.94
11200.20;-69.79
11203.13;-69.55
11206.05;-69.55
11208.98;-69.55
11211.91;-69.71
11214.84;-70.02
11217.77;-69.94
11220.70;-70.10
11223.63;-69.87
11226.56;-69.79
11229.49;-69.71
11232.42;-69.63
11235.35;-69.55
11238.28;-69.71
11241.21;-69.79
11244.14;-69.87
11247.07;-69.94
11250.00;-69.71
11252.93;-69.55
11255.86;-69.79
11258.79;-69.63
11261.72;-69.79
11264.65;-70.02
11267.58;-70.10
11270.51;-69.87
11273.44;-70.18
11276.37;-70.10
11279.30;-70.02
11282.23;-70.26
11285.16;-70.33
11288.09;-70.02
11291.02;-70.02
11293.95;-70.18
11296.88;-70.10
11299.80;-70.02
11302.73;-69.94
11305.66;-69.87
11308.59;-69.87
11311.52;-70.18
11314.45;-70.26
11317.38;-70.02
11320.31;-70.18
11323.24;-70.33
11326.17;-70.10
11329.10;-70.02
11332.03;-69.94
11334.96;-70.10
11337.89;-70.18
11340.82;-70.18
11343.75;-70.18
11346.68;-70.26
11349.61;-70.33
11352.54;-70.26
11355.47;-70.33
11358.40;-70.26
11361.33;-70.26
11364.26;-70.33
11367.19;-70.18
11370.12;-70.02
11373.05;-70.18
11375.98;-70.33
11378.91;-70.02
11381.84;-70.26
11384.77;-70.26
11387.70;-70.18
11390.63;-69.94
11393.55;-70.18
11396.48;-70.49
11399.41;-70.49
11402.34;-70.49
11405.27;-70.57
11408.20;-70.49
11411.13;-70.41
11414.06;-70.57
11416.99;-70.49
11419.92;-70.26
11422.85;-70.26
11425.78;-70.49
11428.71;-70.26
11431.64;-70.10
11434.57;-70.26
11437.50;-70.26
11440.43;-70.41
11443.36;-70.65
11446.29;-70.73
11449.22;-70.41
11452.15;-70.49
11455.08;-70.33
11458.01;-70.26
11460.94;-70.33
11463.87;-70.33
11466.80;-70.41
11469.73;-70.41
11472.66;-70.49
11475.59;-70.88
11478.52;-70.80
11481.45;-70.18
11484.38;-70.18
11487.30;-70.73
11490.23;-70.49
11493.16;-70.57
11496.09;-70.73
11499.02;-70.80
11501.95;-70.57
11504.88;-70.18
11507.81;-70.33
11510.74;-70.41
11513.67;-70.41
11516.60;-70.26
11519.53;-70.18
11522.46;-70.26
11525.39;-70.49
11528.32;-70.57
11531.25;-70.49
11534.18;-70.80
11537.11;-70.57
11540.04;-70.57
11542.97;-70.41
11545.90;-70.57
11548.83;-70.33
11551.76;-70.57
11554.69;-70.88
11557.62;-70.73
11560.55;-70.41
11563.48;-70.57
11566.41;-70.49
11569.34;-70.49
11572.27;-70.41
11575.20;-70.41
11578.13;-70.57
11581.05;-70.41
11583.98;-70.41
11586.91;-70.73
11589.84;-70.80
11592.77;-70.80
11595.70;-70.73
11598.63;-71.04
11601.56;-70.96
11604.49;-70.73
11607.42;-70.57
11610.35;-70.65
11613.28;-70.88
11616.21;-70.80
11619.14;-70.49
11622.07;-70.96
11625.00;-71.12
11627.93;-70.73
11630.86;-70.80
11633.79;-70.73
11636.72;-70.65
11639.65;-70.73
11642.58;-71.04
11645.51;-70.88
11648.44;-70.49
11651.37;-70.80
11654.30;-71.12
11657.23;-71.04
11660.16;-71.04
11663.09;-70.73
11666.02;-70.96
11668.95;-70.88
11671.88;-70.88
11674.80;-70.65
11677.73;-70.88
11680.66;-71.19
11683.59;-70.96
11686.52;-70.65
11689.45;-70.80
11692.38;-70.88
11695.31;-71.04
11698.24;-70.80
11701.17;-70.96
11704.10;-71.12
11707.03;-71.04
11709.96;-71.04
11712.89;-71.04
11715.82;-71.12
11718.75;-71.12
11721.68;-70.96
11724.61;-71.04
11727.54;-71.04
11730.47;-71.12
11733.40;-71.12
11736.33;-71.12
11739.26;-71.43
11742.19;-71.12
11745.12;-70.96
11748.05;-70.96
11750.98;-71.12
11753.91;-71.19
11756.84;-71.12
11759.77;-71.04
11762.70;-71.04
11765.63;-70.88
11768.55;-70.88
11771.48;-71.12
11774.41;-71.12
11777.34;-70.96
11780.27;-71.12
11783.20;-70.96
11786.13;-70.96
11789.06;-71.04
11791.99;-71.12
11794.92;-71.27
11797.85;-71.12
11800.78;-71.12
11803.71;-71.12
11806.64;-70.80
11809.57;-71.12
11812.50;-71.27
11815.43;-71.04
11818.36;-71.12
11821.29;-71.04
11824.22;-71.04
11827.15;-71.27
11830.08;-71.27
11833.01;-71.04
11835.94;-71.19
11838.87;-70.96
11841.80;-70.73
11844.73;-70.88
11847.66;-70.88
11850.59;-71.04
11853.52;-71.19
11856.45;-71.19
11859.38;-71.19
11862.30;-71.04
11865.23;-71.35
11868.16;-71.66
11871.09;-71.35
11874.02;-71.27
11876.95;-71.27
11879.88;-71.43
11882.81;-71.27
11885.74;-71.35
11888.67;-71.27
11891.60;-71.35
11894.53;-71.27
11897.46;-71.43
11900.39;-71.74
11903.32;-71.74
11906.25;-71.51
11909.18;-71.58
11912.11;-71.51
11915.04;-71.58
11917.97;-71.58
11920.90;-71.58
11923.83;-71.51
11926.76;-71.82
11929.69;-71.58
11932.62;-71.27
11935.55;-71.51
11938.48;-71.51
11941.41;-71.43
11944.34;-71.43
11947.27;-71.43
11950.20;-71.74
11953.13;-71.66
11956.05;-71.43
11958.98;-71.51
11961.91;-71.35
11964.84;-71.58
11967.77;-71.35
11970.70;-71.27
11973.63;-71.51
11976.56;-71.51
11979.49;-71.74
11982.42;-71.82
11985.35;-71.51
11988.28;-71.66
11991.21;-71.66
11994.14;-71.51
11997.07;-71.43
12000.00;-71.82
12002.93;-71.74
12005.86;-71.58
12008.79;-71.82
12011.72;-72.05
12014.65;-71.82
12017.58;-71.66
12020.51;-71.58
12023.44;-71.82
12026.37;-71.58
12029.30;-71.66
12032.23;-71.74
12035.16;-71.43
12038.09;-71.58
12041.02;-71.90
12043.95;-71.74
12046.88;-71.90
12049.80;-71.98
12052.73;-72.05
12055.66;-71.90
12058.59;-71.74
12061.52;-71.66
12064.45;-71.43
12067.38;-71.51
12070.31;-71.82
12073.24;-71.74
12076.17;-71.58
12079.10;-71.74
12082.03;-71.74
12084.96;-72.05
12087.89;-71.98
12090.82;-71.90
12093.75;-72.13
12096.68;-71.90
12099.61;-71.90
12102.54;-71.90
12105.47;-71.90
12108.40;-71.90
12111.33;-71.82
12114.26;-71.82
12117.19;-71.66
12120.12;-71.74
12123.05;-71.82
12125.98;-72.05
12128.91;-71.90
12131.84;-71.82
12134.77;-71.74
12137.70;-71.90
12140.63;-72.05
12143.55;-71.82
12146.48;-72.05
12149.41;-71.82
12152.34;-71.82
12155.27;-71.74
12158.20;-71.98
12161.13;-71.98
12164.06;-71.66
12166.99;-72.05
12169.92;-72.13
12172.85;-71.90
12175.78;-71.74
12178.71;-71.98
12181.64;-71.98
12184.57;-71.82
12187.50;-72.21
12190.43;-71.98
12193.36;-72.13
12196.29;-72.13
12199.22;-72.21
12202.15;-72.44
12205.08;-72.37
12208.01;-72.05
12210.94;-72.05
12213.87;-72.05
12216.80;-72.37
12219.73;-72.60
12222.66;-72.37
12225.59;-72.05
12228.52;-71.66
12231.45;-72.05
12234.38;-72.21
12237.30;-71.98
12240.23;-71.82
12243.16;-72.05
12246.09;-72.05
12249.02;-72.21
12251.95;-72.44
12254.88;-72.37
12257.81;-72.29
12260.74;-72.37
12263.67;-72.44
12266.60;-72.52
12269.53;-72.60
12272.46;-72.29
12275.39;-72.37
12278.32;-72.44
12281.25;-72.21
12284.18;-72.37
12287.11;-72.52
12290.04;-72.44
12292.97;-72.44
12295.90;-72.52
12298.83;-72.37
12301.76;-72.13
12304.69;-72.29
12307.62;-72.29
12310.55;-72.37
12313.48;-72.37
12316.41;-72.21
12319.34;-72.21
12322.27;-72.37
12325.20;-72.29
12328.13;-72.21
12331.05;-72.13
12333.98;-72.05
12336.91;-72.13
12339.84;-72.68
12342.77;-72.52
12345.70;-72.29
12348.63;-72.37
12351.56;-72.37
12354.49;-72.44
12357.42;-72.91
12360.35;-72.76
12363.28;-72.76
12366.21;-72.52
12369.14;-72.44
12372.07;-72.37
12375.00;-72.29
12377.93;-72.37
12380.86;-72.60
12383.79;-72.76
12386.72;-72.60
12389.65;-72.44
12392.58;-72.60
12395.51;-72.60
12398.44;-72.21
12401.37;-72.44
12404.30;-72.52
12407.23;-72.52
12410.16;-72.68
12413.09;-72.68
12416.02;-72.60
12418.95;-72.60
12421.88;-72.68
12424.80;-72.52
12427.73;-72.68
12430.66;-72.91
12433.59;-72.52
12436.52;-72.29
12439.45;-72.37
12442.38;-72.29
12445.31;-72.29
12448.24;-72.44
12451.17;-72.44
12454.10;-72.44
12457.03;-72.60
12459.96;-72.68
12462.89;-72.76
12465.82;-72.68
12468.75;-72.60
12471.68;-72.76
12474.61;-72.68
12477.54;-72.44
12480.47;-72.68
12483.40;-72.68
12486.33;-72.68
12489.26;-72.60
12492.19;-72.91
12495.12;-72.76
12498.05;-72.76
12500.98;-72.68
12503.91;-72.76
12506.84;-72.84
12509.77;-72.60
12512.70;-72.68
12515.63;-72.76
12518.55;-72.91
12521.48;-72.84
12524.41;-72.84
12527.34;-72.91
12530.27;-72.99
12533.20;-72.99
12536.13;-73.23
12539.06;-72.91
12541.99;-72.84
12544.92;-72.76
12547.85;-72.76
12550.78;-72.84
12553.71;-73.07
12556.64;-72.91
12559.57;-72.84
12562.50;-72.91
12565.43;-72.99
12568.36;-72.76
12571.29;-72.68
12574.22;-72.91
12577.15;-72.91
12580.08;-72.44
12583.01;-72.60
12585.94;-72.76
12588.87;-72.99
12591.80;-73.07
12594.73;-72.91
12597.66;-73.07
12600.59;-72.91
12603.52;-72.76
12606.45;-72.68
12609.38;-72.68
12612.30;-72.84
12615.23;-73.15
12618.16;-72.84
12621.09;-73.30
12624.02;-73.30
12626.95;-73.15
12629.88;-73.07
12632.81;-73.15
12635.74;-73.15
12638.67;-73.07
12641.60;-72.91
12644.53;-72.91
12647.46;-72.99
12650.39;-72.99
12653.32;-72.99
12656.25;-72.99
12659.18;-72.91
12662.11;-73.46
12665.04;-73.30
12667.97;-73.23
12670.90;-73.15
12673.83;-73.15
12676.76;-73.15
12679.69;-72.99
12682.62;-73.15
12685.55;-73.07
12688.48;-73.30
12691.41;-73.46
12694.34;-73.38
12697.27;-73.30
12700.20;-73.46
12703.13;-73.38
12706.05;-73.07
12708.98;-73.23
12711.91;-73.54
12714.84;-73.30
12717.77;-72.99
12720.70;-73.07
12723.63;-73.30
12726.56;-73.23
12729.49;-73.07
12732.42;-73.15
12735.35;-73.30
12738.28;-73.15
12741.21;-73.07
12744.14;-73.30
12747.07;-73.30
12750.00;-73.23
12752.93;-73.07
12755.86;-73.30
12758.79;-73.38
12761.72;-73.38
12764.65;-73.54
12767.58;-73.38
12770.51;-73.46
12773.44;-73.62
12776.37;-73.54
12779.30;-73.30
12782.23;-73.15
12785.16;-73.23
12788.09;-73.23
12791.02;-73.23
12793.95;-73.30
12796.88;-73.23
12799.80;-73.23
12802.73;-73.54
12805.66;-73.38
12808.59;-73.15
12811.52;-73.23
12814.45;-73.30
12817.38;-73.38
12820.31;-73.38
12823.24;-73.54
12826.17;-73.38
12829.10;-73.46
12832.03;-73.62
12834.96;-73.38
12837.89;-73.54
12840.82;-73.46
12843.75;-73.46
12846.68;-73.54
12849.61;-73.54
12852.54;-73.46
12855.47;-73.30
12858.40;-73.46
12861.33;-73.62
12864.26;-73.77
12867.19;-73.54
12870.12;-73.46
12873.05;-73.38
12875.98;-73.38
12878.91;-73.38
12881.84;-73.23
12884.77;-73.46
12887.70;-73.46
12890.63;-73.69
12893.55;-73.62
12896.48;-73.54
12899.41;-73.30
12902.34;-73.46
12905.27;-73.62
12908.20;-73.23
12911.13;-73.38
12914.06;-73.38
12916.99;-73.38
12919.92;-73.62
12922.85;-73.62
12925.78;-73.62
12928.71;-73.54
12931.64;-73.30
12934.57;-73.07
12937.50;-73.07
12940.43;-73.54
12943.36;-73.62
12946.29;-73.77
12949.22;-74.09
12952.15;-73.93
12955.08;-73.69
12958.01;-73.69
12960.94;-73.77
12963.87;-73.54
12966.80;-73.77
12969.73;-73.77
12972.66;-73.77
12975.59;-73.46
12978.52;-73.54
12981.45;-73.69
12984.38;-73.54
12987.30;-73.77
12990.23;-73.62
12993.16;-73.85
12996.09;-74.09
12999.02;-73.85
13001.95;-73.77
13004.88;-73.85
13007.81;-73.85
13010.74;-73.77
13013.67;-73.54
13016.60;-73.62
13019.53;-73.54
13022.46;-73.77
13025.39;-73.85
13028.32;-73.77
13031.25;-74.01
13034.18;-74.24
13037.11;-73.93
13040.04;-73.77
13042.97;-73.93
13045.90;-74.01
13048.83;-73.85
13051.76;-74.01
13054.69;-74.16
13057.62;-74.16
13060.55;-74.01
13063.48;-74.01
13066.41;-74.09
13069.34;-73.69
13072.27;-73.93
13075.20;-74.01
13078.13;-74.01
13081.05;-74.09
13083.98;-73.93
13086.91;-74.01
13089.84;-74.01
13092.77;-73.85
13095.70;-73.77
13098.63;-73.77
13101.56;-73.69
13104.49;-73.62
13107.42;-73.77
13110.35;-73.85
13113.28;-73.77
13116.21;-73.85
13119.14;-73.93
13122.07;-74.01
13125.00;-74.16
13127.93;-74.16
13130.86;-74.01
13133.79;-74.01
13136.72;-73.93
13139.65;-74.01
13142.58;-73.85
13145.51;-73.85
13148.44;-73.93
13151.37;-74.01
13154.30;-74.09
13157.23;-73.93
13160.16;-74.01
13163.09;-74.09
13166.02;-74.24
13168.95;-74.16
13171.88;-74.40
13174.80;-74.40
13177.73;-74.32
13180.66;-74.24
13183.59;-74.16
13186.52;-74.16
13189.45;-74.09
13192.38;-74.24
13195.31;-74.24
13198.24;-74.16
13201.17;-74.32
13204.10;-74.32
13207.03;-74.24
13209.96;-73.93
13212.89;-74.01
13215.82;-74.32
13218.75;-74.48
13221.68;-74.40
13224.61;-74.16
13227.54;-74.16
13230.47;-74.09
13233.40;-74.24
13236.33;-74.32
13239.26;-74.32
13242.19;-74.32
13245.12;-74.24
13248.05;-74.55
13250.98;-74.32
13253.91;-74.09
13256.84;-74.40
13259.77;-74.55
13262.70;-74.24
13265.63;-74.32
13268.55;-74.48
13271.48;-74.55
13274.41;-74.48
13277.34;-74.48
13280.27;-74.40
13283.20;-74.63
13286.13;-74.79
13289.06;-74.48
13291.99;-74.63
13294.92;-74.63
13297.85;-74.48
13300.78;-74.48
13303.71;-74.32
13306.64;-74.40
13309.57;-74.32
13312.50;-74.55
13315.43;-74.48
13318.36;-74.09
13321.29;-74.24
13324.22;-74.48
13327.15;-74.32
13330.08;-74.24
13333.01;-74.48
13335.94;-74.48
13338.87;-74.40
13341.80;-74.24
13344.73;-74.24
13347.66;-74.63
13350.59;-74.32
13353.52;-74.24
13356.45;-74.40
13359.38;-74.32
13362.30;-74.24
13365.23;-74.48
13368.16;-74.48
13371.09;-74.79
13374.02;-74.55
13376.95;-74.32
13379.88;-74.71
13382.81;-74.79
13385.74;-74.71
13388.67;-74.79
13391.60;-74.87
13394.53;-74.79
13397.46;-74.48
13400.39;-74.55
13403.32;-74.87
13406.25;-74.87
13409.18;-74.87
13412.11;-74.79
13415.04;-74.71
13417.97;-74.63
13420.90;-74.48
13423.83;-74.48
13426.76;-74.48
13429.69;-74.48
13432.62;-74.55
13435.55;-74.79
13438.48;-74.63
13441.41;-75.02
13444.34;-75.18
13447.27;-74.71
13450.20;-74.40
13453.13;-74.71
13456.05;-74.79
13458.98;-74.79
13461.91;-74.71
13464.84;-74.79
13467.77;-74.95
13470.70;-74.87
13473.63;-74.71
13476.56;-74.87
13479.49;-74.79
13482.42;-74.95
13485.35;-75.02
13488.28;-75.10
13491.21;-75.10
13494.14;-75.10
13497.07;-74.79
13500.00;-74.71
13502.93;-74.95
13505.86;-74.95
13508.79;-75.10
13511.72;-75.02
13514.65;-74.71
13517.58;-74.79
13520.51;-75.02
13523.44;-74.79
13526.37;-74.55
13529.30;-74.63
13532.23;-74.63
13535.16;-74.71
13538.09;-74.79
13541.02;-74.71
13543.95;-74.87
13546.88;-75.10
13549.80;-74.79
13552.73;-74.71
13555.66;-74.79
13558.59;-74.87
13561.52;-74.95
13564.45;-74.87
13567.38;-74.79
13570.31;-74.87
13573.24;-74.95
13576.17;-75.10
13579.10;-74.79
13582.03;-75.02
13584.96;-74.87
13587.89;-74.87
13590.82;-75.02
13593.75;-75.18
13596.68;-75.02
13599.61;-74.87
13602.54;-74.87
13605.47;-74.95
13608.40;-74.79
13611.33;-75.02
13614.26;-75.10
13617.19;-75.02
13620.12;-75.02
13623.05;-75.10
13625.98;-75.10
13628.91;-75.41
13631.84;-75.41
13634.77;-75.18
13637.70;-74.95
13640.63;-75.02
13643.55;-75.18
13646.48;-75.10
13649.41;-75.10
13652.34;-75.34
13655.27;-75.41
13658.20;-75.49
13661.13;-75.26
13664.06;-75.26
13666.99;-75.26
13669.92;-75.49
13672.85;-75.10
13675.78;-74.79
13678.71;-74.95
13681.64;-75.18
13684.57;-75.02
13687.50;-74.79
13690.43;-75.18
13693.36;-75.34
13696.29;-75.34
13699.22;-75.34
13702.15;-75.65
13705.08;-75.49
13708.01;-75.26
13710.94;-75.10
13713.87;-75.02
13716.80;-75.26
13719.73;-75.26
13722.66;-74.95
13725.59;-75.10
13728.52;-75.34
13731.45;-75.41
13734.38;-75.57
13737.30;-75.49
13740.23;-75.10
13743.16;-75.10
13746.09;-75.18
13749.02;-75.26
13751.95;-75.34
13754.88;-75.10
13757.81;-75.10
13760.74;-75.49
13763.67;-75.49
13766.60;-75.49
13769.53;-75.41
13772.46;-75.41
13775.39;-75.41
13778.32;-75.57
13781.25;-75.96
13784.18;-75.73
13787.11;-75.57
13790.04;-75.49
13792.97;-75.49
13795.90;-75.65
13798.83;-75.65
13801.76;-75.41
13804.69;-75.49
13807.62;-75.65
13810.55;-75.49
13813.48;-75.41
13816.41;-75.49
13819.34;-75.41
13822.27;-75.41
13825.20;-75.34
13828.13;-75.26
13831.05;-75.57
13833.98;-75.65
13836.91;-75.41
13839.84;-75.41
13842.77;-75.18
13845.70;-75.49
13848.63;-75.73
13851.56;-75.26
13854.49;-75.34
13857.42;-75.65
13860.35;-75.57
13863.28;-75.26
13866.21;-75.41
13869.14;-75.57
13872.07;-75.49
13875.00;-75.65
13877.93;-75.80
13880.86;-75.88
13883.79;-75.65
13886.72;-75.57
13889.65;-75.96
13892.58;-75.65
13895.51;-75.49
13898.44;-75.41
13901.37;-75.41
13904.30;-75.73
13907.23;-75.41
13910.16;-75.73
13913.09;-75.73
13916.02;-75.57
13918.95;-75.80
13921.88;-75.88
13924.80;-75.65
13927.73;-75.73
13930.66;-75.57
13933.59;-75.73
13936.52;-75.73
13939.45;-75.73
13942.38;-75.65
13945.31;-75.73
13948.24;-75.65
13951.17;-75.80
13954.10;-75.80
13957.03;-75.80
13959.96;-75.73
13962.89;-75.65
13965.82;-75.57
13968.75;-75.57
13971.68;-75.80
13974.61;-76.04
13977.54;-75.96
13980.47;-75.80
13983.40;-75.88
13986.33;-75.73
13989.26;-75.57
13992.19;-76.04
13995.12;-76.04
13998.05;-75.96
14000.98;-75.88
14003.91;-75.80
14006.84;-75.65
14009.77;-75.88
14012.70;-76.12
14015.63;-75.88
14018.55;-75.88
14021.48;-75.80
14024.41;-75.96
14027.34;-75.88
14030.27;-76.12
14033.20;-76.04
14036.13;-75.57
14039.06;-75.65
14041.99;-75.88
14044.92;-75.88
14047.85;-76.27
14050.78;-76.20
14053.71;-76.04
14056.64;-75.96
14059.57;-76.04
14062.50;-75.80
14065.43;-75.57
14068.36;-75.65
14071.29;-75.96
14074.22;-76.27
14077.15;-76.04
14080.08;-75.80
14083.01;-75.80
14085.94;-75.96
14088.87;-75.88
14091.80;-75.73
14094.73;-75.96
14097.66;-76.12
14100.59;-76.20
14103.52;-76.04
14106.45;-76.04
14109.38;-75.88
14112.30;-75.80
14115.23;-76.12
14118.16;-76.04
14121.09;-76.04
14124.02;-76.27
14126.95;-76.04
14129.88;-75.96
14132.81;-76.04
14135.74;-75.88
14138.67;-75.73
14141.60;-75.96
14144.53;-76.20
14147.46;-76.20
14150.39;-75.96
14153.32;-76.12
14156.25;-75.96
14159.18;-76.04
14162.11;-76.35
14165.04;-76.12
14167.97;-75.96
14170.90;-76.04
14173.83;-76.20
14176.76;-76.12
14179.69;-76.04
14182.62;-76.12
14185.55;-76.12
14188.48;-76.12
14191.41;-76.51
14194.34;-76.43
14197.27;-76.12
14200.20;-76.12
14203.13;-76.43
14206.05;-76.35
14208.98;-76.35
14211.91;-76.43
14214.84;-76.35
14217.77;-76.43
14220.70;-76.43
14223.63;-76.35
14226.56;-76.43
14229.49;-76.12
14232.42;-75.96
14235.35;-76.20
14238.28;-76.66
14241.21;-76.35
14244.14;-76.27
14247.07;-76.27
14250.00;-76.43
14252.93;-76.35
14255.86;-76.43
14258.79;-76.59
14261.72;-76.51
14264.65;-76.51
14267.58;-76.35
14270.51;-76.27
14273.44;-76.12
14276.37;-76.35
14279.30;-76.43
14282.23;-76.12
14285.16;-76.27
14288.09;-76.59
14291.02;-76.35
14293.95;-76.43
14296.88;-76.43
14299.80;-76.35
14302.73;-76.35
14305.66;-76.43
14308.59;-76.51
14311.52;-76.51
14314.45;-76.59
14317.38;-76.66
14320.31;-76.90
14323.24;-76.59
14326.17;-76.51
14329.10;-76.59
14332.03;-76.43
14334.96;-76.51
14337.89;-76.35
14340.82;-76.35
14343.75;-76.27
14346.68;-76.35
14349.61;-76.43
14352.54;-76.66
14355.47;-76.74
14358.40;-76.51
14361.33;-76.35
14364.26;-76.51
14367.19;-76.66
14370.12;-76.66
14373.05;-76.59
14375.98;-76.35
14378.91;-76.59
14381.84;-76.59
14384.77;-76.66
14387.70;-76.82
14390.63;-76.90
14393.55;-76.66
14396.48;-76.51
14399.41;-76.59
14402.34;-76.90
14405.27;-76.74
14408.20;-76.98
14411.13;-77.13
14414.06;-76.98
14416.99;-76.98
14419.92;-76.82
14422.85;-76.51
14425.78;-76.51
14428.71;-76.59
14431.64;-76.74
14434.57;-76.66
14437.50;-76.74
14440.43;-76.74
14443.36;-76.74
14446.29;-76.82
14449.22;-76.90
14452.15;-76.74
14455.08;-76.74
14458.01;-76.66
14460.94;-76.90
14463.87;-76.82
14466.80;-76.66
14469.73;-77.05
14472.66;-77.05
14475.59;-76.74
14478.52;-76.66
14481.45;-76.90
14484.38;-76.98
14487.30;-76.98
14490.23;-76.74
14493.16;-77.13
14496.09;-77.13
14499.02;-76.98
14501.95;-76.90
14504.88;-76.82
14507.81;-76.90
14510.74;-77.05
14513.67;-76.82
14516.60;-76.74
14519.53;-76.74
14522.46;-76.98
14525.39;-76.74
14528.32;-77.05
14531.25;-76.98
14534.18;-76.90
14537.11;-76.82
14540.04;-76.98
14542.97;-77.05
14545.90;-76.82
14548.83;-77.05
14551.76;-76.98
14554.69;-76.98
14557.62;-76.74
14560.55;-77.13
14563.48;-77.05
14566.41;-77.05
14569.34;-76.98
14572.27;-76.98
14575.20;-77.13
14578.13;-77.05
14581.05;-76.98
14583.98;-77.13
14586.91;-77.29
14589.84;-77.21
14592.77;-77.05
14595.70;-77.05
14598.63;-77.13
14601.56;-77.05
14604.49;-76.98
14607.42;-77.37
14610.35;-77.29
14613.28;-77.13
14616.21;-77.05
14619.14;-77.21
14622.07;-76.98
14625.00;-76.98
14627.93;-77.21
14630.86;-77.13
14633.79;-76.66
14636.72;-76.82
14639.65;-77.05
14642.58;-77.21
14645.51;-77.37
14648.44;-77.45
14651.37;-77.45
14654.30;-77.37
14657.23;-77.21
14660.16;-77.21
14663.09;-77.29
14666.02;-77.45
14668.95;-77.13
14671.88;-77.13
14674.80;-77.21
14677.73;-77.45
14680.66;-77.45
14683.59;-77.45
14686.52;-77.21
14689.45;-77.05
14692.38;-77.37
14695.31;-77.13
14698.24;-77.13
14701.17;-77.37
14704.10;-77.21
14707.03;-77.21
14709.96;-77.45
14712.89;-77.45
14715.82;-77.29
14718.75;-77.21
14721.68;-77.29
14724.61;-77.45
14727.54;-77.45
14730.47;-77.21
14733.40;-77.29
14736.33;-77.29
14739.26;-77.52
14742.19;-77.68
14745.12;-77.52
14748.05;-77.21
14750.98;-77.05
14753.91;-77.37
14756.84;-77.45
14759.77;-77.52
14762.70;-77.45
14765.63;-77.52
14768.55;-77.29
14771.48;-77.60
14774.41;-77.60
14777.34;-77.52
14780.27;-77.37
14783.20;-77.60
14786.13;-77.76
14789.06;-77.37
14791.99;-77.37
14794.92;-77.76
14797.85;-77.45
14800.78;-77.21
14803.71;-77.45
14806.64;-77.60
14809.57;-77.37
14812.50;-77.29
14815.43;-77.52
14818.36;-77.68
14821.29;-77.37
14824.22;-77.21
14827.15;-77.37
14830.08;-77.37
14833.01;-77.52
14835.94;-77.68
14838.87;-77.52
14841.80;-77.52
14844.73;-77.45
14847.66;-77.45
14850.59;-77.45
14853.52;-77.52
14856.45;-77.60
14859.38;-77.60
14862.30;-77.29
14865.23;-77.60
14868.16;-77.52
14871.09;-77.37
14874.02;-77.52
14876.95;-77.76
14879.88;-77.76
14882.81;-77.60
14885.74;-77.60
14888.67;-77.68
14891.60;-77.91
14894.53;-77.91
14897.46;-77.68
14900.39;-77.84
14903.32;-77.91
14906.25;-78.07
14909.18;-77.76
14912.11;-77.60
14915.04;-77.76
14917.97;-77.68
14920.90;-77.60
14923.83;-77.68
14926.76;-77.68
14929.69;-77.84
14932.62;-77.99
14935.55;-77.68
14938.48;-77.45
14941.41;-77.45
14944.34;-77.68
14947.27;-77.68
14950.20;-77.52
14953.13;-77.68
14956.05;-77.99
14958.98;-78.07
14961.91;-78.07
14964.84;-77.91
14967.77;-77.60
14970.70;-77.68
14973.63;-77.68
14976.56;-77.68
14979.49;-77.84
14982.42;-77.84
14985.35;-77.76
14988.28;-77.76
14991.21;-77.76
14994.14;-77.52
14997.07;-77.52
15000.00;-77.84
15002.93;-77.91
15005.86;-77.99
15008.79;-77.99
15011.72;-77.84
15014.65;-77.84
15017.58;-77.91
15020.51;-77.60
15023.44;-77.60
15026.37;-77.91
15029.30;-77.99
15032.23;-77.91
15035.16;-77.91
15038.09;-78.07
15041.02;-77.76
15043.95;-77.84
15046.88;-77.99
15049.80;-78.23
15052.73;-78.31
15055.66;-78.23
15058.59;-78.07
15061.52;-77.84
15064.45;-77.68
15067.38;-77.52
15070.31;-77.99
15073.24;-78.15
15076.17;-78.31
15079.10;-78.31
15082.03;-78.38
15084.96;-78.23
15087.89;-78.07
15090.82;-78.07
15093.75;-77.84
15096.68;-77.91
15099.61;-77.91
15102.54;-77.76
15105.47;-78.07
15108.40;-78.07
15111.33;-77.84
15114.26;-77.99
15117.19;-78.23
15120.12;-78.15
15123.05;-77.91
15125.98;-77.99
15128.91;-78.07
15131.84;-78.15
15134.77;-78.23
15137.70;-78.15
15140.63;-77.91
15143.55;-77.99
15146.48;-77.99
15149.41;-77.99
15152.34;-78.15
15155.27;-78.31
15158.20;-78.07
15161.13;-78.15
15164.06;-78.31
15166.99;-78.23
15169.92;-78.31
15172.85;-78.38
15175.78;-78.15
15178.71;-78.15
15181.64;-78.23
15184.57;-78.31
15187.50;-78.23
15190.43;-78.38
15193.36;-78.38
15196.29;-78.23
15199.22;-78.23
15202.15;-78.15
15205.08;-77.76
15208.01;-77.99
15210.94;-78.15
15213.87;-78.31
15216.80;-78.46
15219.73;-78.15
15222.66;-78.15
15225.59;-78.38
15228.52;-78.38
15231.45;-78.38
15234.38;-78.38
15237.30;-78.38
15240.23;-78.38
15243.16;-78.23
15246.09;-78.23
15249.02;-78.54
15251.95;-78.38
15254.88;-78.07
15257.81;-78.15
15260.74;-78.23
15263.67;-78.31
15266.60;-78.38
15269.53;-78.54
15272.46;-78.62
15275.39;-78.62
15278.32;-78.23
15281.25;-78.15
15284.18;-78.15
15287.11;-78.07
15290.04;-78.31
15292.97;-78.54
15295.90;-78.54
15298.83;-78.38
15301.76;-78.38
15304.69;-78.46
15307.62;-78.54
15310.55;-78.38
15313.48;-78.62
15316.41;-78.85
15319.34;-78.70
15322.27;-78.46
15325.20;-78.38
15328.13;-78.62
15331.05;-78.93
15333.98;-78.77
15336.91;-78.70
15339.84;-78.46
15342.77;-78.38
15345.70;-78.46
15348.63;-78.62
15351.56;-78.62
15354.49;-78.54
15357.42;-78.70
15360.35;-78.54
15363.28;-78.31
15366.21;-78.54
15369.14;-78.31
15372.07;-78.38
15375.00;-78.54
15377.93;-78.54
15380.86;-78.54
15383.79;-78.46
15386.72;-78.46
15389.65;-78.70
15392.58;-78.70
15395.51;-78.70
15398.44;-78.62
15401.37;-78.31
15404.30;-78.46
15407.23;-78.62
15410.16;-78.62
15413.09;-78.54
15416.02;-78.31
15418.95;-78.46
15421.88;-78.70
15424.80;-78.70
15427.73;-78.77
15430.66;-78.85
15433.59;-79.01
15436.52;-78.93
15439.45;-78.70
15442.38;-78.70
15445.31;-78.77
15448.24;-78.77
15451.17;-78.46
15454.10;-78.93
15457.03;-78.85
15459.96;-78.70
15462.89;-78.70
15465.82;-78.77
15468.75;-78.85
15471.68;-78.93
15474.61;-79.01
15477.54;-78.46
15480.47;-78.77
15483.40;-79.01
15486.33;-78.85
15489.26;-78.70
15492.19;-78.70
15495.12;-78.62
15498.05;-78.77
15500.98;-78.93
15503.91;-78.85
15506.84;-78.85
15509.77;-78.85
15512.70;-79.01
15515.63;-79.16
15518.55;-79.09
15521.48;-79.09
15524.41;-78.85
15527.34;-78.93
15530.27;-78.93
15533.20;-79.09
15536.13;-79.24
15539.06;-79.01
15541.99;-78.70
15544.92;-78.70
15547.85;-78.77
15550.78;-78.62
15553.71;-78.77
15556.64;-78.93
15559.57;-78.93
15562.50;-79.01
15565.43;-78.85
15568.36;-78.93
15571.29;-79.16
15574.22;-79.09
15577.15;-78.77
15580.08;-78.93
15583.01;-78.85
15585.94;-78.85
15588.87;-78.70
15591.80;-78.77
15594.73;-78.77
15597.66;-79.09
15600.59;-79.40
15603.52;-79.16
15606.45;-78.77
15609.38;-78.62
15612.30;-78.85
15615.23;-78.77
15618.16;-78.85
15621.09;-79.09
15624.02;-79.09
15626.95;-79.40
15629.88;-79.48
15632.81;-79.16
15635.74;-78.93
15638.67;-79.16
15641.60;-79.01
15644.53;-79.32
15647.46;-79.32
15650.39;-79.16
15653.32;-79.24
15656.25;-78.85
15659.18;-79.16
15662.11;-79.24
15665.04;-78.85
15667.97;-78.85
15670.90;-79.01
15673.83;-79.24
15676.76;-79.01
15679.69;-79.09
15682.62;-79.16
15685.55;-79.16
15688.48;-79.16
15691.41;-78.85
15694.34;-79.16
15697.27;-79.32
15700.20;-79.16
15703.13;-79.16
15706.05;-79.40
15708.98;-79.16
15711.91;-79.09
15714.84;-79.09
15717.77;-79.24
15720.70;-79.48
15723.63;-79.32
15726.56;-79.32
15729.49;-79.32
15732.42;-79.24
15735.35;-79.32
15738.28;-79.32
15741.21;-79.40
15744.14;-79.32
15747.07;-79.32
15750.00;-79.24
15752.93;-79.24
15755.86;-79.16
15758.79;-79.09
15761.72;-79.01
15764.65;-79.09
15767.58;-79.32
15770.51;-79.24
15773.44;-79.32
15776.37;-79.32
15779.30;-79.40
15782.23;-79.40
15785.16;-79.24
15788.09;-79.01
15791.02;-79.01
15793.95;-79.32
15796.88;-79.48
15799.80;-79.48
15802.73;-79.40
15805.66;-79.32
15808.59;-79.71
15811.52;-79.63
15814.45;-79.32
15817.38;-79.32
15820.31;-79.48
15823.24;-79.24
15826.17;-79.24
15829.10;-79.32
15832.03;-79.56
15834.96;-79.32
15837.89;-79.16
15840.82;-79.24
15843.75;-79.48
15846.68;-79.63
15849.61;-79.63
15852.54;-79.56
15855.47;-79.48
15858.40;-79.48
15861.33;-79.40
15864.26;-79.56
15867.19;-79.40
15870.12;-79.63
15873.05;-79.63
15875.98;-79.40
15878.91;-79.63
15881.84;-79.95
15884.77;-79.63
15887.70;-79.48
15890.63;-79.56
15893.55;-79.56
15896.48;-79.56
15899.41;-79.87
15902.34;-79.87
15905.27;-79.63
15908.20;-79.48
15911.13;-79.40
15914.06;-79.63
15916.99;-79.79
15919.92;-79.56
15922.85;-79.40
15925.78;-79.71
15928.71;-79.87
15931.64;-79.63
15934.57;-79.71
15937.50;-79.79
15940.43;-79.79
15943.36;-79.79
15946.29;-79.63
15949.22;-79.48
15952.15;-79.56
15955.08;-79.56
15958.01;-79.48
15960.94;-79.40
15963.87;-79.40
15966.80;-79.48
15969.73;-79.48
15972.66;-79.95
15975.59;-80.10
15978.52;-80.02
15981.45;-79.71
15984.38;-79.79
15987.30;-79.87
15990.23;-79.95
15993.16;-79.79
15996.09;-79.79
15999.02;-79.79
16001.95;-79.63
16004.88;-79.95
16007.81;-79.95
16010.74;-79.95
16013.67;-79.95
16016.60;-79.87
16019.53;-79.95
16022.46;-80.18
16025.39;-80.02
16028.32;-79.95
16031.25;-79.87
16034.18;-79.79
16037.11;-80.18
16040.04;-79.95
16042.97;-79.87
16045.90;-80.18
16048.83;-80.02
16051.76;-79.79
16054.69;-79.95
16057.62;-80.18
16060.55;-79.95
16063.48;-79.79
16066.41;-79.95
16069.34;-79.95
16072.27;-79.95
16075.20;-80.02
16078.13;-79.95
16081.05;-79.79
16083.98;-79.87
16086.91;-79.87
16089.84;-79.71
16092.77;-80.02
16095.70;-80.10
16098.63;-79.95
16101.56;-79.95
16104.49;-80.02
16107.42;-79.95
16110.35;-79.87
16113.28;-80.02
16116.21;-79.95
16119.14;-80.10
16122.07;-79.95
16125.00;-79.95
16127.93;-80.10
16130.86;-80.10
16133.79;-79.95
16136.72;-79.95
16139.65;-80.18
16142.58;-80.26
16145.51;-80.10
16148.44;-80.10
16151.37;-80.10
16154.30;-79.95
16157.23;-80.18
16160.16;-80.10
16163.09;-79.87
16166.02;-79.87
16168.95;-79.95
16171.88;-80.10
16174.80;-80.10
16177.73;-80.26
16180.66;-80.18
16183.59;-80.26
16186.52;-80.18
16189.45;-79.87
16192.38;-79.87
16195.31;-80.02
16198.24;-80.02
16201.17;-80.42
16204.10;-80.18
16207.03;-80.18
16209.96;-80.10
16212.89;-80.26
16215.82;-80.26
16218.75;-80.34
16221.68;-80.02
16224.61;-79.79
16227.54;-79.95
16230.47;-80.26
16233.40;-80.18
16236.33;-80.18
16239.26;-80.26
16242.19;-80.26
16245.12;-80.26
16248.05;-80.34
16250.98;-80.34
16253.91;-80.26
16256.84;-80.26
16259.77;-80.26
16262.70;-80.10
16265.63;-80.18
16268.55;-80.57
16271.48;-80.57
16274.41;-80.26
16277.34;-80.26
16280.27;-80.57
16283.20;-80.42
16286.13;-80.26
16289.06;-80.26
16291.99;-80.10
16294.92;-80.18
16297.85;-80.34
16300.78;-80.42
16303.71;-80.49
16306.64;-80.57
16309.57;-80.49
16312.50;-80.18
16315.43;-80.34
16318.36;-80.34
16321.29;-80.26
16324.22;-80.10
16327.15;-80.34
16330.08;-80.57
16333.01;-80.49
16335.94;-80.42
16338.87;-80.34
16341.80;-80.49
16344.73;-80.42
16347.66;-80.34
16350.59;-80.26
16353.52;-80.34
16356.45;-80.18
16359.38;-80.34
16362.30;-80.42
16365.23;-80.49
16368.16;-80.34
16371.09;-80.42
16374.02;-80.73
16376.95;-80.73
16379.88;-80.81
16382.81;-80.49
16385.74;-80.57
16388.67;-80.34
16391.60;-80.34
16394.53;-80.65
16397.46;-80.81
16400.39;-80.65
16403.32;-80.49
16406.25;-80.42
16409.18;-80.49
16412.11;-80.81
16415.04;-80.49
16417.97;-80.34
16420.90;-80.49
16423.83;-80.65
16426.76;-80.81
16429.69;-80.57
16432.62;-80.81
16435.55;-80.65
16438.48;-80.49
16441.41;-80.49
16444.34;-80.73
16447.27;-80.65
16450.20;-80.49
16453.13;-80.57
16456.05;-80.49
16458.98;-80.49
16461.91;-80.57
16464.84;-80.88
16467.77;-80.81
16470.70;-80.81
16473.63;-80.81
16476.56;-80.73
16479.49;-80.49
16482.42;-80.73
16485.35;-80.81
16488.28;-80.81
16491.21;-80.65
16494.14;-80.73
16497.07;-81.04
16500.00;-81.12
16502.93;-80.65
16505.86;-80.65
16508.79;-80.65
16511.72;-80.49
16514.65;-80.49
16517.58;-80.65
16520.51;-80.42
16523.44;-80.57
16526.37;-80.81
16529.30;-80.88
16532.23;-80.81
16535.16;-80.42
16538.09;-80.73
16541.02;-80.96
16543.95;-80.88
16546.88;-80.73
16549.80;-80.57
16552.73;-80.65
16555.66;-80.73
16558.59;-80.73
16561.52;-80.73
16564.45;-81.04
16567.38;-81.12
16570.31;-80.81
16573.24;-80.65
16576.17;-80.88
16579.10;-80.96
16582.03;-80.96
16584.96;-80.81
16587.89;-80.81
16590.82;-80.96
16593.75;-80.81
16596.68;-80.57
16599.61;-80.81
16602.54;-80.96
16605.47;-80.96
16608.40;-80.88
16611.33;-81.12
16614.26;-81.20
16617.19;-81.12
16620.12;-81.04
16623.05;-80.96
16625.98;-80.96
16628.91;-81.04
16631.84;-81.27
16634.77;-80.96
16637.70;-80.81
16640.63;-80.88
16643.55;-81.12
16646.48;-81.12
16649.41;-81.12
16652.34;-80.96
16655.27;-80.88
16658.20;-80.96
16661.13;-81.04
16664.06;-80.88
16666.99;-80.96
16669.92;-81.04
16672.85;-81.20
16675.78;-81.12
16678.71;-81.20
16681.64;-80.96
16684.57;-80.96
16687.50;-81.20
16690.43;-81.12
16693.36;-80.96
16696.29;-81.04
16699.22;-81.12
16702.15;-80.96
16705.08;-81.04
16708.01;-80.88
16710.94;-80.81
16713.87;-81.12
16716.80;-81.12
16719.73;-81.20
16722.66;-81.27
16725.59;-81.20
16728.52;-80.96
16731.45;-80.96
16734.38;-80.96
16737.30;-81.12
16740.23;-81.20
16743.16;-81.35
16746.09;-81.43
16749.02;-81.27
16751.95;-81.04
16754.88;-81.35
16757.81;-81.35
16760.74;-81.20
16763.67;-81.27
16766.60;-81.20
16769.53;-81.20
16772.46;-81.04
16775.39;-81.04
16778.32;-81.20
16781.25;-81.20
16784.18;-81.04
16787.11;-81.04
16790.04;-81.12
16792.97;-81.51
16795.90;-81.27
16798.83;-81.27
16801.76;-81.35
16804.69;-81.20
16807.62;-81.35
16810.55;-81.35
16813.48;-81.20
16816.41;-81.20
16819.34;-81.27
16822.27;-81.43
16825.20;-81.27
16828.13;-81.35
16831.05;-81.51
16833.98;-81.20
16836.91;-81.43
16839.84;-81.51
16842.77;-81.35
16845.70;-81.35
16848.63;-81.20
16851.56;-81.27
16854.49;-81.04
16857.42;-81.43
16860.35;-81.59
16863.28;-81.59
16866.21;-81.51
16869.14;-81.43
16872.07;-81.51
16875.00;-81.51
16877.93;-81.43
16880.86;-81.27
16883.79;-81.51
16886.72;-81.51
16889.65;-81.35
16892.58;-81.51
16895.51;-81.67
16898.44;-81.67
16901.37;-81.67
16904.30;-81.67
16907.23;-81.51
16910.16;-81.59
16913.09;-81.51
16916.02;-81.27
16918.95;-81.27
16921.88;-81.35
16924.80;-81.35
16927.73;-81.35
16930.66;-81.35
16933.59;-81.51
16936.52;-81.43
16939.45;-81.51
16942.38;-81.12
16945.31;-80.96
16948.24;-81.51
16951.17;-81.43
16954.10;-81.43
16957.03;-81.43
16959.96;-81.35
16962.89;-81.59
16965.82;-81.74
16968.75;-81.67
16971.68;-81.51
16974.61;-81.51
16977.54;-81.67
16980.47;-81.67
16983.40;-81.67
16986.33;-81.74
16989.26;-81.67
16992.19;-81.43
16995.12;-81.51
16998.05;-81.59
17000.98;-81.67
17003.91;-81.43
17006.84;-81.51
17009.77;-81.82
17012.70;-81.74
17015.63;-81.59
17018.55;-81.74
17021.48;-81.51
17024.41;-81.51
17027.34;-81.67
17030.27;-81.74
17033.20;-81.67
17036.13;-81.59
17039.06;-81.82
17041.99;-81.90
17044.92;-81.67
17047.85;-81.59
17050.78;-81.67
17053.71;-81.74
17056.64;-81.59
17059.57;-81.74
17062.50;-81.67
17065.43;-81.74
17068.36;-81.90
17071.29;-81.98
17074.22;-81.82
17077.15;-81.74
17080.08;-81.74
17083.01;-81.74
17085.94;-81.90
17088.87;-81.90
17091.80;-81.90
17094.73;-82.13
17097.66;-82.13
17100.59;-81.82
17103.52;-81.90
17106.45;-81.98
17109.38;-82.06
17112.30;-81.98
17115.23;-81.74
17118.16;-81.90
17121.09;-81.82
17124.02;-81.82
17126.95;-81.90
17129.88;-81.67
17132.81;-81.90
17135.74;-82.06
17138.67;-81.74
17141.60;-81.74
17144.53;-81.82
17147.46;-81.67
17150.39;-81.67
17153.32;-81.82
17156.25;-81.82
17159.18;-81.98
17162.11;-82.37
17165.04;-82.21
17167.97;-81.82
17170.90;-81.82
17173.83;-82.06
17176.76;-82.06
17179.69;-82.21
17182.62;-81.98
17185.55;-81.98
17188.48;-81.98
17191.41;-81.82
17194.34;-81.74
17197.27;-81.82
17200.20;-81.98
17203.13;-82.21
17206.05;-82.13
17208.98;-81.98
17211.91;-81.82
17214.84;-81.90
17217.77;-82.13
17220.70;-82.13
17223.63;-81.90
17226.56;-81.98
17229.49;-81.98
17232.42;-81.98
17235.35;-81.82
17238.28;-81.82
17241.21;-81.98
17244.14;-82.21
17247.07;-82.13
17250.00;-82.21
17252.93;-82.45
17255.86;-82.45
17258.79;-82.21
17261.72;-81.90
17264.65;-81.98
17267.58;-82.21
17270.51;-82.37
17273.44;-82.29
17276.37;-82.06
17279.30;-81.98
17282.23;-81.98
17285.16;-82.21
17288.09;-81.98
17291.02;-81.67
17293.95;-82.06
17296.88;-82.13
17299.80;-82.06
17302.73;-82.13
17305.66;-82.29
17308.59;-82.21
17311.52;-82.13
17314.45;-82.45
17317.38;-82.45
17320.31;-82.37
17323.24;-82.21
17326.17;-82.21
17329.10;-82.13
17332.03;-82.13
17334.96;-82.06
17337.89;-82.06
17340.82;-82.06
17343.75;-82.37
17346.68;-82.53
17349.61;-82.21
17352.54;-82.13
17355.47;-82.29
17358.40;-82.21
17361.33;-81.98
17364.26;-81.98
17367.19;-82.29
17370.12;-82.21
17373.05;-82.60
17375.98;-82.37
17378.91;-82.37
17381.84;-82.45
17384.77;-82.53
17387.70;-82.37
17390.63;-82.29
17393.55;-82.60
17396.48;-82.37
17399.41;-82.29
17402.34;-82.37
17405.27;-82.21
17408.20;-82.37
17411.13;-82.29
17414.06;-82.13
17416.99;-81.98
17419.92;-82.29
17422.85;-82.53
17425.78;-82.37
17428.71;-82.37
17431.64;-82.45
17434.57;-82.45
17437.50;-82.21
17440.43;-82.45
17443.36;-82.37
17446.29;-82.06
17449.22;-82.45
17452.15;-82.45
17455.08;-82.37
17458.01;-82.45
17460.94;-82.37
17463.87;-82.37
17466.80;-82.37
17469.73;-82.53
17472.66;-82.60
17475.59;-82.68
17478.52;-82.60
17481.45;-82.37
17484.38;-82.13
17487.30;-82.21
17490.23;-82.60
17493.16;-82.53
17496.09;-82.53
17499.02;-82.53
17501.95;-82.53
17504.88;-82.68
17507.81;-82.45
17510.74;-82.37
17513.67;-82.60
17516.60;-82.84
17519.53;-82.68
17522.46;-82.53
17525.39;-82.53
17528.32;-82.60
17531.25;-82.53
17534.18;-82.68
17537.11;-82.68
17540.04;-82.53
17542.97;-82.60
17545.90;-82.53
17548.83;-82.53
17551.76;-82.68
17554.69;-82.76
17557.62;-82.76
17560.55;-82.45
17563.48;-82.53
17566.41;-82.68
17569.34;-82.68
17572.27;-82.60
17575.20;-82.45
17578.13;-82.60
17581.05;-82.76
17583.98;-82.60
17586.91;-82.45
17589.84;-82.60
17592.77;-82.92
17595.70;-82.84
17598.63;-82.53
17601.56;-82.45
17604.49;-82.37
17607.42;-82.60
17610.35;-82.76
17613.28;-82.68
17616.21;-82.99
17619.14;-82.92
17622.07;-82.60
17625.00;-82.84
17627.93;-83.07
17630.86;-82.84
17633.79;-82.76
17636.72;-82.76
17639.65;-82.92
17642.58;-82.68
17645.51;-82.76
17648.44;-82.76
17651.37;-82.68
17654.30;-82.76
17657.23;-82.68
17660.16;-82.92
17663.09;-83.07
17666.02;-82.99
17668.95;-82.99
17671.88;-82.76
17674.80;-82.53
17677.73;-82.68
17680.66;-83.07
17683.59;-82.92
17686.52;-82.84
17689.45;-82.76
17692.38;-82.92
17695.31;-82.84
17698.24;-82.92
17701.17;-83.15
17704.10;-82.99
17707.03;-82.99
17709.96;-82.84
17712.89;-82.84
17715.82;-82.76
17718.75;-82.99
17721.68;-83.23
17724.61;-82.99
17727.54;-82.92
17730.47;-82.84
17733.40;-82.76
17736.33;-82.84
17739.26;-82.92
17742.19;-82.53
17745.12;-82.60
17748.05;-82.92
17750.98;-83.23
17753.91;-82.92
17756.84;-82.92
17759.77;-83.15
17762.70;-82.99
17765.63;-83.07
17768.55;-83.46
17771.48;-83.15
17774.41;-83.15
17777.34;-83.07
17780.27;-82.76
17783.20;-82.92
17786.13;-82.99
17789.06;-83.07
17791.99;-82.76
17794.92;-82.68
17797.85;-82.84
17800.78;-83.07
17803.71;-82.99
17806.64;-82.84
17809.57;-82.92
17812.50;-82.84
17815.43;-82.76
17818.36;-82.76
17821.29;-82.99
17824.22;-83.15
17827.15;-83.07
17830.08;-83.31
17833.01;-83.54
17835.94;-83.15
17838.87;-82.84
17841.80;-82.84
17844.73;-83.23
17847.66;-83.38
17850.59;-83.31
17853.52;-82.99
17856.45;-83.23
17859.38;-83.23
17862.30;-83.15
17865.23;-83.15
17868.16;-83.23
17871.09;-83.07
17874.02;-83.15
17876.95;-83.23
17879.88;-82.92
17882.81;-83.15
17885.74;-83.38
17888.67;-83.38
17891.60;-83.31
17894.53;-83.07
17897.46;-83.23
17900.39;-83.15
17903.32;-83.15
17906.25;-83.15
17909.18;-83.38
17912.11;-83.23
17915.04;-83.46
17917.97;-83.54
17920.90;-83.15
17923.83;-82.92
17926.76;-82.99
17929.69;-83.31
17932.62;-83.15
17935.55;-83.31
17938.48;-83.15
17941.41;-83.15
17944.34;-83.15
17947.27;-83.07
17950.20;-83.31
17953.13;-83.54
17956.05;-83.62
17958.98;-83.70
17961.91;-83.54
17964.84;-83.31
17967.77;-83.54
17970.70;-83.15
17973.63;-83.23
17976.56;-83.46
17979.49;-83.54
17982.42;-83.23
17985.35;-82.84
17988.28;-83.15
17991.21;-83.31
17994.14;-83.38
17997.07;-83.31
18000.00;-83.54
18002.93;-83.54
18005.86;-83.23
18008.79;-83.23
18011.72;-83.38
18014.65;-83.70
18017.58;-83.38
18020.51;-83.15
18023.44;-83.46
18026.37;-83.54
18029.30;-83.38
18032.23;-83.31
18035.16;-83.38
18038.09;-83.54
18041.02;-83.46
18043.95;-83.46
18046.88;-83.70
18049.80;-83.62
18052.73;-83.62
18055.66;-83.62
18058.59;-83.38
18061.52;-83.62
18064.45;-83.85
18067.38;-83.38
18070.31;-83.38
18073.24;-83.38
18076.17;-83.62
18079.10;-83.62
18082.03;-83.46
18084.96;-83.46
18087.89;-83.23
18090.82;-83.54
18093.75;-83.78
18096.68;-83.78
18099.61;-83.93
18102.54;-83.78
18105.47;-83.78
18108.40;-83.78
18111.33;-83.62
18114.26;-83.54
18117.19;-83.38
18120.12;-83.54
18123.05;-83.62
18125.98;-83.38
18128.91;-83.62
18131.84;-83.70
18134.77;-83.54
18137.70;-83.54
18140.63;-83.62
18143.55;-83.78
18146.48;-83.78
18149.41;-83.85
18152.34;-83.85
18155.27;-83.70
18158.20;-83.62
18161.13;-83.93
18164.06;-83.93
18166.99;-83.93
18169.92;-83.85
18172.85;-83.62
18175.78;-83.46
18178.71;-83.85
18181.64;-83.85
18184.57;-83.85
18187.50;-83.70
18190.43;-83.46
18193.36;-83.70
18196.29;-83.62
18199.22;-83.54
18202.15;-83.70
18205.08;-83.85
18208.01;-83.85
18210.94;-83.85
18213.87;-83.93
18216.80;-83.85
18219.73;-83.62
18222.66;-83.62
18225.59;-83.70
18228.52;-83.70
18231.45;-83.78
18234.38;-83.70
18237.30;-83.85
18240.23;-83.78
18243.16;-83.62
18246.09;-83.70
18249.02;-83.78
18251.95;-83.78
18254.88;-83.70
18257.81;-83.78
18260.74;-83.93
18263.67;-84.01
18266.60;-83.78
18269.53;-83.70
18272.46;-83.85
18275.39;-84.01
18278.32;-83.93
18281.25;-83.93
18284.18;-84.01
18287.11;-84.17
18290.04;-84.17
18292.97;-83.93
18295.90;-84.09
18298.83;-84.09
18301.76;-84.09
18304.69;-83.85
18307.62;-84.01
18310.55;-84.17
18313.48;-84.09
18316.41;-84.09
18319.34;-84.17
18322.27;-84.17
18325.20;-84.09
18328.13;-83.78
18331.05;-83.78
18333.98;-83.93
18336.91;-83.85
18339.84;-84.09
18342.77;-84.09
18345.70;-84.01
18348.63;-84.09
18351.56;-83.93
18354.49;-84.09
18357.42;-84.09
18360.35;-84.40
18363.28;-84.09
18366.21;-83.85
18369.14;-84.09
18372.07;-84.09
18375.00;-84.17
18377.93;-84.24
18380.86;-84.01
18383.79;-84.09
18386.72;-84.17
18389.65;-84.24
18392.58;-84.40
18395.51;-84.09
18398.44;-83.93
18401.37;-84.24
18404.30;-84.32
18407.23;-84.09
18410.16;-84.17
18413.09;-84.09
18416.02;-84.09
18418.95;-84.17
18421.88;-84.17
18424.80;-83.85
18427.73;-84.17
18430.66;-84.09
18433.59;-84.17
18436.52;-84.40
18439.45;-84.24
18442.38;-84.17
18445.31;-84.24
18448.24;-84.24
18451.17;-84.32
18454.10;-84.24
18457.03;-84.32
18459.96;-84.48
18462.89;-84.32
18465.82;-84.24
18468.75;-84.09
18471.68;-84.24
18474.61;-84.40
18477.54;-84.56
18480.47;-84.40
18483.40;-84.32
18486.33;-84.17
18489.26;-84.32
18492.19;-84.32
18495.12;-84.32
18498.05;-84.24
18500.98;-84.17
18503.91;-84.32
18506.84;-84.17
18509.77;-84.32
18512.70;-84.32
18515.63;-84.40
18518.55;-84.40
18521.48;-84.40
18524.41;-84.24
18527.34;-84.01
18530.27;-84.32
18533.20;-84.32
18536.13;-84.40
18539.06;-84.32
18541.99;-84.63
18544.92;-84.56
18547.85;-84.32
18550.78;-84.32
18553.71;-84.32
18556.64;-84.17
18559.57;-84.17
18562.50;-84.17
18565.43;-84.09
18568.36;-84.09
18571.29;-84.48
18574.22;-84.24
18577.15;-84.40
18580.08;-84.79
18583.01;-84.40
18585.94;-84.32
18588.87;-84.32
18591.80;-84.32
18594.73;-84.32
18597.66;-84.40
18600.59;-84.48
18603.52;-84.40
18606.45;-84.32
18609.38;-84.32
18612.30;-84.48
18615.23;-84.32
18618.16;-84.32
18621.09;-84.79
18624.02;-84.79
18626.95;-84.40
18629.88;-84.63
18632.81;-84.56
18635.74;-84.56
18638.67;-84.56
18641.60;-84.56
18644.53;-84.48
18647.46;-84.48
18650.39;-84.48
18653.32;-84.56
18656.25;-84.56
18659.18;-84.56
18662.11;-84.79
18665.04;-84.63
18667.97;-84.32
18670.90;-84.32
18673.83;-84.24
18676.76;-84.32
18679.69;-84.56
18682.62;-84.56
18685.55;-84.71
18688.48;-84.56
18691.41;-84.56
18694.34;-84.63
18697.27;-84.79
18700.20;-84.79
18703.13;-84.63
18706.05;-84.71
18708.98;-84.79
18711.91;-84.63
18714.84;-84.71
18717.77;-84.79
18720.70;-84.71
18723.63;-84.63
18726.56;-84.71
18729.49;-84.56
18732.42;-84.56
18735.35;-84.79
18738.28;-84.71
18741.21;-84.71
18744.14;-84.63
18747.07;-84.56
18750.00;-84.56
18752.93;-84.79
18755.86;-84.63
18758.79;-84.48
18761.72;-84.56
18764.65;-84.79
18767.58;-84.79
18770.51;-84.71
18773.44;-84.71
18776.37;-84.63
18779.30;-84.71
18782.23;-84.63
18785.16;-84.40
18788.09;-84.56
18791.02;-84.63
18793.95;-84.56
18796.88;-84.56
18799.80;-84.87
18802.73;-85.03
18805.66;-84.71
18808.59;-84.63
18811.52;-84.56
18814.45;-84.87
18817.38;-84.95
18820.31;-84.95
18823.24;-84.87
18826.17;-84.79
18829.10;-84.71
18832.03;-85.10
18834.96;-85.10
18837.89;-84.95
18840.82;-84.87
18843.75;-85.03
18846.68;-85.03
18849.61;-84.79
18852.54;-85.03
18855.47;-84.95
18858.40;-84.95
18861.33;-84.71
18864.26;-84.95
18867.19;-84.71
18870.12;-84.71
18873.05;-84.87
18875.98;-84.79
18878.91;-84.79
18881.84;-84.79
18884.77;-84.87
18887.70;-84.87
18890.63;-84.95
18893.55;-85.18
18896.48;-85.10
18899.41;-84.95
18902.34;-84.63
18905.27;-84.63
18908.20;-85.03
18911.13;-85.03
18914.06;-85.18
18916.99;-85.26
18919.92;-85.26
18922.85;-84.87
18925.78;-84.87
18928.71;-85.10
18931.64;-84.95
18934.57;-84.87
18937.50;-85.10
18940.43;-85.10
18943.36;-85.34
18946.29;-85.34
18949.22;-84.79
18952.15;-84.87
18955.08;-85.03
18958.01;-85.03
18960.94;-85.26
18963.87;-85.18
18966.80;-84.87
18969.73;-85.26
18972.66;-85.34
18975.59;-85.34
18978.52;-85.34
18981.45;-85.18
18984.38;-84.95
18987.30;-85.26
18990.23;-85.18
18993.16;-85.49
18996.09;-85.18
18999.02;-85.03
19001.95;-85.10
19004.88;-84.87
19007.81;-84.95
19010.74;-85.03
19013.67;-85.03
19016.60;-85.34
19019.53;-85.34
19022.46;-85.42
19025.39;-85.18
19028.32;-85.10
19031.25;-85.26
19034.18;-85.26
19037.11;-85.03
19040.04;-84.79
19042.97;-84.95
19045.90;-85.18
19048.83;-85.42
19051.76;-85.10
19054.69;-85.03
19057.62;-85.34
19060.55;-85.10
19063.48;-84.95
19066.41;-85.10
19069.34;-85.10
19072.27;-85.03
19075.20;-85.18
19078.13;-85.26
19081.05;-84.95
19083.98;-85.10
19086.91;-85.34
19089.84;-85.26
19092.77;-85.34
19095.70;-85.42
19098.63;-85.10
19101.56;-85.03
19104.49;-85.18
19107.42;-85.10
19110.35;-85.26
19113.28;-85.49
19116.21;-85.34
19119.14;-85.10
19122.07;-85.10
19125.00;-85.26
19127.93;-85.34
19130.86;-85.26
19133.79;-85.26
19136.72;-85.34
19139.65;-85.18
19142.58;-85.26
19145.51;-85.18
19148.44;-85.26
19151.37;-85.18
19154.30;-85.26
19157.23;-85.10
19160.16;-85.42
19163.09;-85.57
19166.02;-85.42
19168.95;-85.10
19171.88;-85.10
19174.80;-85.65
19177.73;-85.57
19180.66;-85.26
19183.59;-85.57
19186.52;-85.65
19189.45;-85.65
19192.38;-85.42
19195.31;-85.57
19198.24;-85.57
19201.17;-85.73
19204.10;-85.65
19207.03;-85.26
19209.96;-85.65
19212.89;-85.81
19215.82;-85.73
19218.75;-85.81
19221.68;-85.73
19224.61;-85.42
19227.54;-85.34
19230.47;-85.34
19233.40;-85.03
19236.33;-85.34
19239.26;-85.49
19242.19;-85.49
19245.12;-85.42
19248.05;-85.42
19250.98;-85.65
19253.91;-85.73
19256.84;-85.73
19259.77;-85.49
19262.70;-85.42
19265.63;-85.49
19268.55;-85.49
19271.48;-85.57
19274.41;-85.57
19277.34;-85.57
19280.27;-85.65
19283.20;-85.73
19286.13;-85.73
19289.06;-85.65
19291.99;-85.65
19294.92;-85.89
19297.85;-85.65
19300.78;-85.73
19303.71;-85.89
19306.64;-85.57
19309.57;-85.65
19312.50;-85.73
19315.43;-85.65
19318.36;-85.57
19321.29;-85.65
19324.22;-85.65
19327.15;-85.73
19330.08;-85.73
19333.01;-85.57
19335.94;-85.73
19338.87;-85.89
19341.80;-85.81
19344.73;-85.57
19347.66;-85.65
19350.59;-85.65
19353.52;-85.49
19356.45;-85.65
19359.38;-85.81
19362.30;-85.73
19365.23;-85.89
19368.16;-85.81
19371.09;-85.73
19374.02;-85.81
19376.95;-85.65
19379.88;-85.73
19382.81;-85.81
19385.74;-85.81
19388.67;-85.89
19391.60;-85.96
19394.53;-85.89
19397.46;-85.81
19400.39;-85.81
19403.32;-85.73
19406.25;-85.89
19409.18;-86.04
19412.11;-86.04
19415.04;-85.65
19417.97;-85.65
19420.90;-85.65
19423.83;-85.73
19426.76;-85.96
19429.69;-86.12
19432.62;-85.81
19435.55;-85.57
19438.48;-85.73
19441.41;-85.73
19444.34;-85.81
19447.27;-85.96
19450.20;-85.89
19453.13;-85.96
19456.05;-86.04
19458.98;-86.04
19461.91;-85.96
19464.84;-86.04
19467.77;-86.12
19470.70;-85.81
19473.63;-85.81
19476.56;-86.12
19479.49;-85.89
19482.42;-85.73
19485.35;-85.81
19488.28;-85.89
19491.21;-85.96
19494.14;-85.81
19497.07;-85.57
19500.00;-85.96
19502.93;-86.04
19505.86;-86.04
19508.79;-86.12
19511.72;-85.89
19514.65;-85.89
19517.58;-85.96
19520.51;-85.96
19523.44;-85.89
19526.37;-86.12
19529.30;-86.20
19532.23;-86.28
19535.16;-86.04
19538.09;-85.81
19541.02;-85.96
19543.95;-86.12
19546.88;-86.20
19549.80;-86.12
19552.73;-86.28
19555.66;-86.20
19558.59;-85.96
19561.52;-85.89
19564.45;-85.73
19567.38;-85.89
19570.31;-86.12
19573.24;-85.89
19576.17;-85.73
19579.10;-85.89
19582.03;-85.81
19584.96;-85.96
19587.89;-86.04
19590.82;-85.96
19593.75;-85.89
19596.68;-85.89
19599.61;-85.96
19602.54;-85.96
19605.47;-86.35
19608.40;-86.12
19611.33;-86.04
19614.26;-86.04
19617.19;-86.20
19620.12;-86.04
19623.05;-85.81
19625.98;-86.28
19628.91;-86.20
19631.84;-86.04
19634.77;-86.12
19637.70;-86.35
19640.63;-86.04
19643.55;-86.12
19646.48;-86.20
19649.41;-86.28
19652.34;-86.12
19655.27;-86.20
19658.20;-86.28
19661.13;-86.43
19664.06;-86.28
19666.99;-86.04
19669.92;-86.12
19672.85;-86.59
19675.78;-86.51
19678.71;-86.28
19681.64;-86.20
19684.57;-86.20
19687.50;-86.28
19690.43;-86.35
19693.36;-86.43
19696.29;-86.20
19699.22;-86.12
19702.15;-86.35
19705.08;-86.35
19708.01;-86.20
19710.94;-86.28
19713.87;-86.51
19716.80;-86.59
19719.73;-86.51
19722.66;-86.35
19725.59;-86.43
19728.52;-86.43
19731.45;-86.20
19734.38;-86.28
19737.30;-86.43
19740.23;-86.35
19743.16;-86.12
19746.09;-86.20
19749.02;-86.20
19751.95;-86.28
19754.88;-86.59
19757.81;-86.28
19760.74;-86.20
19763.67;-86.35
19766.60;-86.28
19769.53;-86.28
19772.46;-86.43
19775.39;-86.43
19778.32;-86.28
19781.25;-86.59
19784.18;-86.35
19787.11;-86.28
19790.04;-86.28
19792.97;-86.43
19795.90;-86.67
19798.83;-86.51
19801.76;-86.43
19804.69;-86.59
19807.62;-86.59
19810.55;-86.20
19813.48;-85.96
19816.41;-86.20
19819.34;-86.59
19822.27;-86.51
19825.20;-86.43
19828.13;-86.59
19831.05;-86.43
19833.98;-86.67
19836.91;-86.51
19839.84;-86.43
19842.77;-86.43
19845.70;-86.28
19848.63;-86.59
19851.56;-86.74
19854.49;-86.59
19857.42;-86.67
19860.35;-86.59
19863.28;-86.20
19866.21;-86.20
19869.14;-86.20
19872.07;-86.43
19875.00;-86.67
19877.93;-86.74
19880.86;-86.59
19883.79;-86.43
19886.72;-86.67
19889.65;-86.59
19892.58;-86.59
19895.51;-86.90
19898.44;-86.67
19901.37;-86.59
19904.30;-86.74
19907.23;-86.59
19910.16;-86.43
19913.09;-86.51
19916.02;-86.74
19918.95;-86.82
19921.88;-86.67
19924.80;-86.74
19927.73;-86.74
19930.66;-86.59
19933.59;-86.82
19936.52;-86.74
19939.45;-86.67
19942.38;-86.74
19945.31;-86.67
19948.24;-86.67
19951.17;-86.67
19954.10;-86.51
19957.03;-86.67
19959.96;-86.51
19962.89;-86.35
19965.82;-86.59
19968.75;-86.74
19971.68;-86.82
19974.61;-86.74
19977.54;-86.82
19980.47;-86.59
19983.40;-86.67
19986.33;-86.67
19989.26;-86.74
19992.19;-86.59
19995.12;-86.59
19998.05;-86.82
20000.98;-86.67
20003.91;-86.82
20006.84;-86.82
20009.77;-86.74
20012.70;-86.90
20015.63;-86.74
20018.55;-86.43
20021.48;-86.59
20024.41;-86.82
20027.34;-86.98
20030.27;-86.67
20033.20;-86.98
20036.13;-86.90
20039.06;-87.06
20041.99;-87.06
20044.92;-86.98
20047.85;-86.74
20050.78;-86.82
20053.71;-86.98
20056.64;-86.74
20059.57;-86.74
20062.50;-86.98
20065.43;-86.67
20068.36;-86.74
20071.29;-86.74
20074.22;-86.74
20077.15;-86.98
20080.08;-86.82
20083.01;-87.06
20085.94;-86.98
20088.87;-86.98
20091.80;-86.98
20094.73;-86.74
20097.66;-86.98
20100.59;-87.06
20103.52;-86.74
20106.45;-86.67
20109.38;-86.90
20112.30;-86.90
20115.23;-86.90
20118.16;-86.90
20121.09;-86.67
20124.02;-86.90
20126.95;-87.21
20129.88;-87.21
20132.81;-86.82
20135.74;-86.74
20138.67;-86.90
20141.60;-87.14
20144.53;-87.06
20147.46;-86.90
20150.39;-86.98
20153.32;-87.06
20156.25;-86.90
20159.18;-87.14
20162.11;-87.14
20165.04;-87.14
20167.97;-86.90
20170.90;-86.98
20173.83;-87.37
20176.76;-87.06
20179.69;-86.90
20182.62;-86.98
20185.55;-86.90
20188.48;-86.74
20191.41;-86.74
20194.34;-87.21
20197.27;-87.37
20200.20;-87.06
20203.13;-86.98
20206.05;-86.98
20208.98;-87.14
20211.91;-87.14
20214.84;-87.21
20217.77;-87.29
20220.70;-87.37
20223.63;-87.21
20226.56;-87.06
20229.49;-87.14
20232.42;-86.98
20235.35;-87.06
20238.28;-87.14
20241.21;-87.14
20244.14;-86.90
20247.07;-86.82
20250.00;-87.37
20252.93;-87.14
20255.86;-87.14
20258.79;-87.37
20261.72;-87.21
20264.65;-87.06
20267.58;-87.21
20270.51;-87.29
20273.44;-87.21
20276.37;-87.21
20279.30;-87.29
20282.23;-87.06
20285.16;-87.29
20288.09;-87.14
20291.02;-87.21
20293.95;-87.21
20296.88;-86.98
20299.80;-87.06
20302.73;-87.06
20305.66;-87.21
20308.59;-87.06
20311.52;-87.06
20314.45;-86.98
20317.38;-87.06
20320.31;-87.45
20323.24;-87.29
20326.17;-87.37
20329.10;-87.37
20332.03;-87.21
20334.96;-87.29
20337.89;-87.29
20340.82;-87.21
20343.75;-87.21
20346.68;-87.37
20349.61;-87.53
20352.54;-87.68
20355.47;-87.37
20358.40;-87.29
20361.33;-87.53
20364.26;-87.37
20367.19;-87.45
20370.12;-87.29
20373.05;-87.14
20375.98;-87.14
20378.91;-87.53
20381.84;-87.37
20384.77;-87.45
20387.70;-87.45
20390.63;-87.29
20393.55;-87.37
20396.48;-87.37
20399.41;-87.37
20402.34;-87.37
20405.27;-87.37
20408.20;-87.37
20411.13;-87.37
20414.06;-87.53
20416.99;-87.45
20419.92;-87.29
20422.85;-87.37
20425.78;-87.45
20428.71;-87.37
20431.64;-87.37
20434.57;-87.37
20437.50;-87.14
20440.43;-87.29
20443.36;-87.45
20446.29;-87.60
20449.22;-87.76
20452.15;-87.53
20455.08;-87.37
20458.01;-87.76
20460.94;-87.92
20463.87;-87.53
20466.80;-87.60
20469.73;-87.37
20472.66;-87.29
20475.59;-87.29
20478.52;-87.21
20481.45;-87.45
20484.38;-87.45
20487.30;-87.45
20490.23;-87.68
20493.16;-87.68
20496.09;-87.37
20499.02;-87.53
20501.95;-87.60
20504.88;-87.37
20507.81;-87.68
20510.74;-87.60
20513.67;-87.37
20516.60;-87.45
20519.53;-87.76
20522.46;-87.68
20525.39;-87.45
20528.32;-87.53
20531.25;-87.84
20534.18;-87.84
20537.11;-87.68
20540.04;-87.53
20542.97;-87.37
20545.90;-87.53
20548.83;-87.68
20551.76;-87.68
20554.69;-87.84
20557.62;-87.60
20560.55;-87.68
20563.48;-87.60
20566.41;-87.60
20569.34;-87.76
20572.27;-87.53
20575.20;-87.45
20578.13;-87.60
20581.05;-87.68
20583.98;-87.53
20586.91;-87.60
20589.84;-87.60
20592.77;-87.60
20595.70;-87.60
20598.63;-87.68
20601.56;-87.76
20604.49;-87.45
20607.42;-87.76
20610.35;-87.92
20613.28;-87.92
20616.21;-87.76
20619.14;-87.84
20622.07;-87.92
20625.00;-87.76
20627.93;-87.68
20630.86;-87.68
20633.79;-87.68
20636.72;-87.60
20639.65;-87.76
20642.58;-87.76
20645.51;-87.84
20648.44;-88.00
20651.37;-88.00
20654.30;-87.92
20657.23;-87.84
20660.16;-87.68
20663.09;-88.00
20666.02;-87.68
20668.95;-87.60
20671.88;-87.76
20674.80;-87.84
20677.73;-87.76
20680.66;-87.76
20683.59;-87.76
20686.52;-87.76
20689.45;-87.92
20692.38;-88.00
20695.31;-87.92
20698.24;-88.39
20701.17;-88.15
20704.10;-88.00
20707.03;-88.00
20709.96;-87.84
20712.89;-87.84
20715.82;-88.00
20718.75;-88.15
20721.68;-88.00
20724.61;-88.00
20727.54;-88.00
20730.47;-87.92
20733.40;-87.68
20736.33;-87.60
20739.26;-87.84
20742.19;-88.00
20745.12;-87.92
20748.05;-88.07
20750.98;-88.07
20753.91;-88.31
20756.84;-87.84
20759.77;-87.84
20762.70;-88.07
20765.63;-87.92
20768.55;-87.84
20771.48;-87.76
20774.41;-87.68
20777.34;-87.84
20780.27;-88.00
20783.20;-88.07
20786.13;-88.00
20789.06;-88.00
20791.99;-88.00
20794.92;-88.31
20797.85;-88.15
20800.78;-87.68
20803.71;-87.84
20806.64;-88.23
20809.57;-88.15
20812.50;-88.00
20815.43;-88.23
20818.36;-88.31
20821.29;-88.23
20824.22;-88.15
20827.15;-88.07
20830.08;-88.00
20833.01;-87.84
20835.94;-88.00
20838.87;-88.15
20841.80;-88.07
20844.73;-88.39
20847.66;-88.31
20850.59;-88.23
20853.52;-88.07
20856.45;-88.15
20859.38;-88.07
20862.30;-88.15
20865.23;-88.15
20868.16;-88.07
20871.09;-88.15
20874.02;-88.23
20876.95;-88.39
20879.88;-88.46
20882.81;-88.15
20885.74;-88.07
20888.67;-88.07
20891.60;-88.15
20894.53;-88.31
20897.46;-88.15
20900.39;-88.15
20903.32;-88.00
20906.25;-87.92
20909.18;-88.15
20912.11;-88.23
20915.04;-88.31
20917.97;-88.31
20920.90;-88.23
20923.83;-88.31
20926.76;-88.00
20929.69;-88.23
20932.62;-88.31
20935.55;-88.23
20938.48;-88.23
20941.41;-88.31
20944.34;-88.39
20947.27;-88.46
20950.20;-88.39
20953.13;-88.46
20956.05;-88.15
20958.98;-88.15
20961.91;-88.23
20964.84;-88.39
20967.77;-88.54
20970.70;-88.54
20973.63;-88.46
20976.56;-88.15
20979.49;-88.15
20982.42;-88.07
20985.35;-88.07
20988.28;-88.39
20991.21;-88.46
20994.14;-88.46
20997.07;-88.39
21000.00;-88.23
21002.93;-88.23
21005.86;-88.23
21008.79;-88.54
21011.72;-88.54
21014.65;-88.46
21017.58;-88.70
21020.51;-88.70
21023.44;-88.39
21026.37;-88.46
21029.30;-88.70
21032.23;-88.23
21035.16;-88.15
21038.09;-88.23
21041.02;-88.23
21043.95;-88.23
21046.88;-88.00
21049.80;-88.39
21052.73;-88.62
21055.66;-88.46
21058.59;-88.46
21061.52;-88.39
21064.45;-88.46
21067.38;-88.54
21070.31;-88.39
21073.24;-88.39
21076.17;-88.39
21079.10;-88.46
21082.03;-88.70
21084.96;-88.78
21087.89;-88.70
21090.82;-88.46
21093.75;-88.31
21096.68;-88.39
21099.61;-88.46
21102.54;-88.39
21105.47;-88.39
21108.40;-88.31
21111.33;-88.39
21114.26;-88.46
21117.19;-88.62
21120.12;-88.39
21123.05;-88.31
21125.98;-88.31
21128.91;-88.23
21131.84;-88.39
21134.77;-88.46
21137.70;-88.39
21140.63;-88.62
21143.55;-88.54
21146.48;-88.62
21149.41;-88.78
21152.34;-88.62
21155.27;-88.54
21158.20;-88.70
21161.13;-88.54
21164.06;-88.62
21166.99;-88.62
21169.92;-88.62
21172.85;-88.54
21175.78;-88.85
21178.71;-88.85
21181.64;-88.54
21184.57;-88.39
21187.50;-88.62
21190.43;-88.39
21193.36;-88.70
21196.29;-88.78
21199.22;-88.54
21202.15;-88.78
21205.08;-88.93
21208.01;-88.78
21210.94;-88.62
21213.87;-88.78
21216.80;-88.78
21219.73;-88.62
21222.66;-88.70
21225.59;-88.93
21228.52;-88.85
21231.45;-88.85
21234.38;-88.46
21237.30;-88.70
21240.23;-88.62
21243.16;-88.62
21246.09;-88.85
21249.02;-88.85
21251.95;-88.62
21254.88;-88.54
21257.81;-88.54
21260.74;-88.46
21263.67;-88.70
21266.60;-88.78
21269.53;-88.78
21272.46;-88.93
21275.39;-88.93
21278.32;-88.62
21281.25;-88.70
21284.18;-89.01
21287.11;-88.78
21290.04;-88.54
21292.97;-88.70
21295.90;-88.93
21298.83;-88.93
21301.76;-88.70
21304.69;-88.93
21307.62;-89.01
21310.55;-88.78
21313.48;-88.93
21316.41;-89.01
21319.34;-88.93
21322.27;-88.70
21325.20;-88.85
21328.13;-88.70
21331.05;-88.78
21333.98;-88.62
21336.91;-88.70
21339.84;-88.62
21342.77;-88.70
21345.70;-88.93
21348.63;-88.93
21351.56;-89.09
21354.49;-89.01
21357.42;-89.01
21360.35;-89.17
21363.28;-89.09
21366.21;-89.01
21369.14;-89.01
21372.07;-89.09
21375.00;-89.01
21377.93;-88.78
21380.86;-88.62
21383.79;-88.70
21386.72;-89.01
21389.65;-88.85
21392.58;-88.85
21395.51;-89.17
21398.44;-88.93
21401.37;-89.01
21404.30;-89.09
21407.23;-89.09
21410.16;-88.93
21413.09;-88.78
21416.02;-88.85
21418.95;-89.01
21421.88;-88.85
21424.80;-89.01
21427.73;-89.25
21430.66;-89.17
21433.59;-89.25
21436.52;-89.09
21439.45;-88.70
21442.38;-88.54
21445.31;-89.17
21448.24;-89.48
21451.17;-89.48
21454.10;-89.17
21457.03;-89.01
21459.96;-88.93
21462.89;-88.70
21465.82;-88.93
21468.75;-89.09
21471.68;-89.09
21474.61;-89.01
21477.54;-89.01
21480.47;-89.17
21483.40;-89.25
21486.33;-89.32
21489.26;-89.09
21492.19;-89.17
21495.12;-89.17
21498.05;-89.25
21500.98;-89.17
21503.91;-88.93
21506.84;-89.17
21509.77;-89.40
21512.70;-89.09
21515.63;-88.93
21518.55;-88.93
21521.48;-89.01
21524.41;-89.01
21527.34;-88.85
21530.27;-89.09
21533.20;-89.32
21536.13;-89.17
21539.06;-89.09
21541.99;-88.85
21544.92;-89.01
21547.85;-89.09
21550.78;-89.09
21553.71;-88.93
21556.64;-88.93
21559.57;-89.32
21562.50;-89.32
21565.43;-89.32
21568.36;-89.01
21571.29;-89.17
21574.22;-89.40
21577.15;-89.32
21580.08;-89.32
21583.01;-89.01
21585.94;-88.85
21588.87;-89.01
21591.80;-89.17
21594.73;-89.09
21597.66;-89.09
21600.59;-89.25
21603.52;-89.40
21606.45;-89.48
21609.38;-89.40
21612.30;-89.25
21615.23;-89.17
21618.16;-89.25
21621.09;-89.17
21624.02;-89.01
21626.95;-89.09
21629.88;-89.32
21632.81;-89.32
21635.74;-89.48
21638.67;-89.79
21641.60;-89.40
21644.53;-89.09
21647.46;-89.40
21650.39;-89.79
21653.32;-89.64
21656.25;-89.32
21659.18;-89.40
21662.11;-89.25
21665.04;-89.17
21667.97;-89.48
21670.90;-89.48
21673.83;-89.56
21676.76;-89.56
21679.69;-89.64
21682.62;-89.32
21685.55;-89.25
21688.48;-89.25
21691.41;-89.48
21694.34;-89.56
21697.27;-89.40
21700.20;-89.40
21703.13;-89.40
21706.05;-89.48
21708.98;-89.32
21711.91;-89.25
21714.84;-89.56
21717.77;-89.40
21720.70;-89.40
21723.63;-89.48
21726.56;-89.40
21729.49;-89.40
21732.42;-89.48
21735.35;-89.40
21738.28;-89.32
21741.21;-89.32
21744.14;-89.40
21747.07;-89.71
21750.00;-89.64
21752.93;-89.64
21755.86;-89.48
21758.79;-89.25
21761.72;-89.48
21764.65;-89.56
21767.58;-89.48
21770.51;-89.71
21773.44;-89.56
21776.37;-89.48
21779.30;-89.48
21782.23;-89.48
21785.16;-89.32
21788.09;-89.40
21791.02;-89.48
21793.95;-89.56
21796.88;-89.56
21799.80;-89.64
21802.73;-89.32
21805.66;-89.32
21808.59;-89.64
21811.52;-89.56
21814.45;-89.56
21817.38;-89.56
21820.31;-89.64
21823.24;-89.79
21826.17;-89.56
21829.10;-89.32
21832.03;-89.64
21834.96;-89.71
21837.89;-89.79
21840.82;-89.64
21843.75;-89.64
21846.68;-89.71
21849.61;-89.71
21852.54;-89.71
21855.47;-89.79
21858.40;-89.87
21861.33;-90.11
21864.26;-89.87
21867.19;-89.71
21870.12;-89.56
21873.05;-89.87
21875.98;-89.71
21878.91;-89.56
21881.84;-89.71
21884.77;-89.56
21887.70;-89.64
21890.63;-89.95
21893.55;-89.71
21896.48;-89.48
21899.41;-89.79
21902.34;-89.87
21905.27;-89.95
21908.20;-89.71
21911.13;-89.79
21914.06;-89.95
21916.99;-89.79
21919.92;-89.71
21922.85;-89.64
21925.78;-89.56
21928.71;-89.48
21931.64;-89.79
21934.57;-89.48
21937.50;-89.48
21940.43;-89.64
21943.36;-89.48
21946.29;-89.56
21949.22;-89.48
21952.15;-89.87
21955.08;-89.87
21958.01;-89.79
21960.94;-89.95
21963.87;-89.87
21966.80;-89.95
21969.73;-89.79
21972.66;-89.71
21975.59;-89.79
21978.52;-89.87
21981.45;-89.87
21984.38;-89.71
21987.30;-89.64
21990.23;-89.95
21993.16;-89.71
21996.09;-89.95
21999.02;-90.18
22001.95;-90.03
22004.88;-89.87
22007.81;-89.79
22010.74;-89.64
22013.67;-89.64
22016.60;-89.87
22019.53;-89.79
22022.46;-89.64
22025.39;-89.87
22028.32;-90.03
22031.25;-90.03
22034.18;-89.87
22037.11;-89.71
22040.04;-89.95
22042.97;-90.03
22045.90;-90.03
22048.83;-90.03
22051.76;-90.03
22054.69;-90.18
22057.62;-89.71
22060.55;-89.95
22063.48;-90.18
22066.41;-90.18
22069.34;-89.95
22072.27;-89.79
22075.20;-89.79
22078.13;-90.03
22081.05;-90.03
22083.98;-89.87
22086.91;-90.03
22089.84;-90.11
22092.77;-90.03
22095.70;-89.71
22098.63;-89.48
22101.56;-89.64
22104.49;-89.87
22107.42;-90.03
22110.35;-89.87
22113.28;-90.18
22116.21;-90.18
22119.14;-90.18
22122.07;-90.42
22125.00;-90.34
22127.93;-90.26
22130.86;-90.11
22133.79;-89.95
22136.72;-90.11
22139.65;-90.50
22142.58;-90.26
22145.51;-90.34
22148.44;-90.03
22151.37;-89.79
22154.30;-89.95
22157.23;-89.87
22160.16;-90.11
22163.09;-90.11
22166.02;-90.11
22168.95;-90.11
22171.88;-90.11
22174.80;-90.11
22177.73;-90.11
22180.66;-89.79
22183.59;-89.87
22186.52;-90.11
22189.45;-90.11
22192.38;-90.26
22195.31;-90.50
22198.24;-90.42
22201.17;-90.26
22204.10;-90.26
22207.03;-90.34
22209.96;-90.03
22212.89;-89.95
22215.82;-90.03
22218.75;-90.11
22221.68;-90.26
22224.61;-90.11
22227.54;-90.18
22230.47;-90.26
22233.40;-90.42
22236.33;-90.42
22239.26;-90.18
22242.19;-89.95
22245.12;-90.18
22248.05;-90.50
22250.98;-90.26
22253.91;-90.11
22256.84;-90.11
22259.77;-90.03
22262.70;-90.26
22265.63;-90.42
22268.55;-90.03
22271.48;-90.11
22274.41;-90.34
22277.34;-90.34
22280.27;-90.18
22283.20;-90.11
22286.13;-90.18
22289.06;-90.34
22291.99;-90.42
22294.92;-90.42
22297.85;-90.26
22300.78;-90.42
22303.71;-90.42
22306.64;-90.26
22309.57;-90.26
22312.50;-90.34
22315.43;-90.18
22318.36;-90.42
22321.29;-90.26
22324.22;-90.11
22327.15;-90.26
22330.08;-90.34
22333.01;-90.42
22335.94;-90.42
22338.87;-90.65
22341.80;-90.57
22344.73;-90.57
22347.66;-90.50
22350.59;-90.34
22353.52;-90.26
22356.45;-90.42
22359.38;-90.57
22362.30;-90.57
22365.23;-90.57
22368.16;-90.26
22371.09;-90.03
22374.02;-90.18
22376.95;-90.34
22379.88;-90.50
22382.81;-90.57
22385.74;-90.50
22388.67;-90.65
22391.60;-90.73
22394.53;-90.50
22397.46;-90.34
22400.39;-90.42
22403.32;-90.42
22406.25;-90.50
22409.18;-90.50
22412.11;-90.73
22415.04;-90.73
22417.97;-90.81
22420.90;-90.65
22423.83;-90.57
22426.76;-90.42
22429.69;-90.26
22432.62;-90.42
22435.55;-90.42
22438.48;-90.65
22441.41;-90.73
22444.34;-90.42
22447.27;-90.42
22450.20;-90.26
22453.13;-90.57
22456.05;-90.57
22458.98;-90.73
22461.91;-90.89
22464.84;-90.73
22467.77;-90.65
22470.70;-90.73
22473.63;-90.65
22476.56;-90.81
22479.49;-90.65
22482.42;-90.73
22485.35;-90.81
22488.28;-90.65
22491.21;-90.57
22494.14;-90.65
22497.07;-90.89
22500.00;-90.73
22502.93;-90.57
22505.86;-90.57
22508.79;-90.65
22511.72;-90.73
22514.65;-90.65
22517.58;-90.65
22520.51;-90.65
22523.44;-90.50
22526.37;-90.65
22529.30;-90.81
22532.23;-90.89
22535.16;-90.57
22538.09;-90.57
22541.02;-90.65
22543.95;-90.73
22546.88;-90.89
22549.80;-90.81
22552.73;-90.65
22555.66;-90.65
22558.59;-90.73
22561.52;-90.81
22564.45;-90.89
22567.38;-90.89
22570.31;-91.04
22573.24;-90.73
22576.17;-90.96
22579.10;-90.89
22582.03;-90.42
22584.96;-90.65
22587.89;-90.81
22590.82;-90.81
22593.75;-90.73
22596.68;-90.73
22599.61;-90.81
22602.54;-90.73
22605.47;-90.89
22608.40;-90.89
22611.33;-90.81
22614.26;-90.65
22617.19;-90.81
22620.12;-90.96
22623.05;-90.65
22625.98;-90.81
22628.91;-90.89
22631.84;-90.96
22634.77;-90.96
22637.70;-90.96
22640.63;-90.96
22643.55;-90.57
22646.48;-90.50
22649.41;-90.81
22652.34;-90.96
22655.27;-90.89
22658.20;-91.04
22661.13;-90.89
22664.06;-90.65
22666.99;-90.73
22669.92;-90.89
22672.85;-90.81
22675.78;-91.04
22678.71;-91.04
22681.64;-90.65
22684.57;-90.73
22687.50;-91.04
22690.43;-90.89
22693.36;-90.89
22696.29;-91.04
22699.22;-90.96
22702.15;-91.04
22705.08;-91.04
22708.01;-90.81
22710.94;-90.81
22713.87;-91.12
22716.80;-90.81
22719.73;-90.81
22722.66;-90.96
22725.59;-90.81
22728.52;-90.89
22731.45;-90.89
22734.38;-91.20
22737.30;-91.12
22740.23;-90.96
22743.16;-90.96
22746.09;-90.96
22749.02;-90.89
22751.95;-90.81
22754.88;-91.12
22757.81;-91.04
22760.74;-91.04
22763.67;-91.20
22766.60;-91.12
22769.53;-91.12
22772.46;-91.12
22775.39;-91.20
22778.32;-91.04
22781.25;-90.96
22784.18;-91.12
22787.11;-91.12
22790.04;-91.12
22792.97;-91.20
22795.90;-90.96
22798.83;-91.04
22801.76;-90.81
22804.69;-90.96
22807.62;-91.04
22810.55;-91.20
22813.48;-91.12
22816.41;-91.04
22819.34;-90.89
22822.27;-91.04
22825.20;-91.36
22828.13;-91.12
22831.05;-91.12
22833.98;-91.04
22836.91;-90.96
22839.84;-91.20
22842.77;-91.28
22845.70;-91.36
22848.63;-91.28
22851.56;-91.20
22854.49;-90.89
22857.42;-91.04
22860.35;-91.04
22863.28;-91.20
22866.21;-91.20
22869.14;-91.12
22872.07;-91.28
22875.00;-91.20
22877.93;-91.12
22880.86;-91.12
22883.79;-91.20
22886.72;-90.96
22889.65;-91.28
22892.58;-91.36
22895.51;-91.20
22898.44;-91.12
22901.37;-91.12
22904.30;-91.04
22907.23;-91.28
22910.16;-91.20
22913.09;-91.12
22916.02;-91.12
22918.95;-91.36
22921.88;-91.36
22924.80;-91.36
22927.73;-91.43
22930.66;-91.36
22933.59;-91.28
22936.52;-91.20
22939.45;-91.12
22942.38;-91.20
22945.31;-91.20
22948.24;-91.43
22951.17;-91.43
22954.10;-91.28
22957.03;-91.12
22959.96;-90.96
22962.89;-91.04
22965.82;-91.04
22968.75;-91.04
22971.68;-91.36
22974.61;-91.43
22977.54;-91.36
22980.47;-91.04
22983.40;-91.12
22986.33;-91.43
22989.26;-91.28
22992.19;-91.28
22995.12;-91.20
22998.05;-91.36
23000.98;-91.20
23003.91;-91.20
23006.84;-91.28
23009.77;-91.20
23012.70;-91.36
23015.63;-91.20
23018.55;-91.28
23021.48;-91.43
23024.41;-91.59
23027.34;-91.82
23030.27;-91.51
23033.20;-91.59
23036.13;-91.51
23039.06;-91.43
23041.99;-91.67
23044.92;-91.51
23047.85;-91.43
23050.78;-91.36
23053.71;-91.43
23056.64;-91.28
23059.57;-91.12
23062.50;-91.28
23065.43;-91.20
23068.36;-91.43
23071.29;-91.59
23074.22;-91.43
23077.15;-91.51
23080.08;-91.75
23083.01;-91.36
23085.94;-91.43
23088.87;-91.20
23091.80;-91.43
23094.73;-91.28
23097.66;-91.36
23100.59;-91.51
23103.52;-91.75
23106.45;-91.75
23109.38;-91.28
23112.30;-91.20
23115.23;-91.51
23118.16;-91.75
23121.09;-91.59
23124.02;-91.75
23126.95;-91.51
23129.88;-91.67
23132.81;-91.67
23135.74;-91.51
23138.67;-91.67
23141.60;-91.51
23144.53;-91.36
23147.46;-91.67
23150.39;-91.59
23153.32;-91.43
23156.25;-91.59
23159.18;-91.43
23162.11;-91.36
23165.04;-91.43
23167.97;-91.51
23170.90;-91.51
23173.83;-91.67
23176.76;-91.75
23179.69;-91.36
23182.62;-91.20
23185.55;-91.59
23188.48;-91.67
23191.41;-91.67
23194.34;-91.67
23197.27;-91.51
23200.20;-91.43
23203.13;-91.51
23206.05;-91.43
23208.98;-91.36
23211.91;-91.43
23214.84;-91.36
23217.77;-91.59
23220.70;-91.75
23223.63;-91.43
23226.56;-91.75
23229.49;-91.59
23232.42;-91.67
23235.35;-91.82
23238.28;-91.59
23241.21;-91.59
23244.14;-91.51
23247.07;-91.59
23250.00;-91.82
23252.93;-91.82
23255.86;-91.82
23258.79;-91.51
23261.72;-91.82
23264.65;-91.90
23267.58;-91.75
23270.51;-91.67
23273.44;-91.67
23276.37;-91.67
23279.30;-91.82
23282.23;-91.51
23285.16;-91.59
23288.09;-91.82
23291.02;-91.98
23293.95;-91.98
23296.88;-91.82
23299.80;-91.75
23302.73;-91.51
23305.66;-91.67
23308.59;-91.90
23311.52;-91.98
23314.45;-91.98
23317.38;-92.06
23320.31;-91.90
23323.24;-91.67
23326.17;-91.59
23329.10;-91.90
23332.03;-91.98
23334.96;-91.67
23337.89;-91.59
23340.82;-91.75
23343.75;-91.82
23346.68;-91.82
23349.61;-91.67
23352.54;-91.75
23355.47;-91.82
23358.40;-91.75
23361.33;-91.90
23364.26;-91.82
23367.19;-91.82
23370.12;-91.67
23373.05;-91.98
23375.98;-91.82
23378.91;-91.67
23381.84;-91.90
23384.77;-92.14
23387.70;-91.75
23390.63;-91.82
23393.55;-91.98
23396.48;-92.06
23399.41;-92.14
23402.34;-92.14
23405.27;-91.98
23408.20;-91.90
23411.13;-92.14
23414.06;-91.98
23416.99;-91.82
23419.92;-92.21
23422.85;-92.21
23425.78;-92.21
23428.71;-92.29
23431.64;-92.14
23434.57;-92.06
23437.50;-91.98
23440.43;-91.90
23443.36;-91.98
23446.29;-91.67
23449.22;-91.82
23452.15;-92.14
23455.08;-91.90
23458.01;-92.06
23460.94;-92.14
23463.87;-91.98
23466.80;-92.14
23469.73;-92.06
23472.66;-92.06
23475.59;-92.14
23478.52;-92.06
23481.45;-91.82
23484.38;-91.75
23487.30;-91.98
23490.23;-91.98
23493.16;-92.21
23496.09;-92.14
23499.02;-92.14
23501.95;-92.29
23504.88;-92.21
23507.81;-91.82
23510.74;-91.98
23513.67;-92.21
23516.60;-92.14
23519.53;-91.90
23522.46;-91.90
23525.39;-92.06
23528.32;-91.90
23531.25;-91.98
23534.18;-92.29
23537.11;-92.14
23540.04;-92.29
23542.97;-92.06
23545.90;-91.98
23548.83;-91.82
23551.76;-92.06
23554.69;-92.14
23557.62;-92.14
23560.55;-91.90
23563.48;-91.67
23566.41;-92.21
23569.34;-92.21
23572.27;-92.06
23575.20;-91.98
23578.13;-92.06
23581.05;-92.06
23583.98;-92.06
23586.91;-92.14
23589.84;-92.06
23592.77;-92.21
23595.70;-92.29
23598.63;-92.37
23601.56;-92.29
23604.49;-92.37
23607.42;-92.29
23610.35;-92.21
23613.28;-92.37
23616.21;-92.29
23619.14;-92.29
23622.07;-92.29
23625.00;-92.45
23627.93;-92.45
23630.86;-92.37
23633.79;-92.06
23636.72;-92.21
23639.65;-92.14
23642.58;-92.14
23645.51;-92.29
23648.44;-92.21
23651.37;-92.06
23654.30;-92.06
23657.23;-92.06
23660.16;-91.98
23663.09;-92.29
23666.02;-92.21
23668.95;-91.98
23671.88;-92.14
23674.80;-92.37
23677.73;-92.21
23680.66;-91.98
23683.59;-92.14
23686.52;-91.98
23689.45;-92.06
23692.38;-92.21
23695.31;-92.21
23698.24;-92.45
23701.17;-92.37
23704.10;-92.45
23707.03;-92.45
23709.96;-92.45
23712.89;-92.61
23715.82;-92.37
23718.75;-92.29
23721.68;-92.45
23724.61;-92.37
23727.54;-92.21
23730.47;-92.29
23733.40;-92.06
23736.33;-92.21
23739.26;-92.14
23742.19;-92.29
23745.12;-92.45
23748.05;-92.21
23750.98;-92.45
23753.91;-92.29
23756.84;-92.29
23759.77;-92.29
23762.70;-92.21
23765.63;-92.21
23768.55;-92.29
23771.48;-92.29
23774.41;-92.29
23777.34;-92.45
23780.27;-92.68
23783.20;-92.61
23786.13;-92.53
23789.06;-92.21
23791.99;-92.29
23794.92;-92.37
23797.85;-92.29
23800.78;-92.37
23803.71;-92.61
23806.64;-92.68
23809.57;-92.45
23812.50;-92.45
23815.43;-92.61
23818.36;-92.84
23821.29;-92.76
23824.22;-92.61
23827.15;-92.37
23830.08;-92.45
23833.01;-92.45
23835.94;-92.37
23838.87;-92.45
23841.80;-92.53
23844.73;-92.45
23847.66;-92.45
23850.59;-92.37
23853.52;-92.53
23856.45;-92.61
23859.38;-92.68
23862.30;-92.68
23865.23;-92.68
23868.16;-92.76
23871.09;-92.61
23874.02;-92.68
23876.95;-92.61
23879.88;-92.37
23882.81;-92.37
23885.74;-92.45
23888.67;-92.53
23891.60;-92.68
23894.53;-92.68
23897.46;-92.68
23900.39;-92.61
23903.32;-92.68
23906.25;-92.68
23909.18;-92.61
23912.11;-92.68
23915.04;-92.68
23917.97;-92.53
23920.90;-92.21
23923.83;-92.37
23926.76;-92.45
23929.69;-92.61
23932.62;-92.61
23935.55;-92.45
23938.48;-92.37
23941.41;-92.68
23944.34;-92.68
23947.27;-92.68
23950.20;-92.84
23953.13;-92.61
23956.05;-92.68
23958.98;-92.68
23961.91;-92.76
23964.84;-93.00
23967.77;-92.84
23970.70;-92.68
23973.63;-92.53
23976.56;-92.68
23979.49;-92.61
23982.42;-92.61
23985.35;-92.68
23988.28;-92.76
23991.21;-92.92
23994.14;-92.92
23997.07;-92.76
24000.00;-92.76
24002.93;-92.76
24005.86;-92.53
24008.79;-92.76
24011.72;-92.76
24014.65;-92.53
24017.58;-92.37
24020.51;-92.61
24023.44;-92.92
24026.37;-93.00
24029.30;-92.84
24032.23;-92.61
24035.16;-92.84
24038.09;-92.84
24041.02;-92.53
24043.95;-92.61
24046.88;-92.61
24049.80;-93.00
24052.73;-93.00
24055.66;-92.76
24058.59;-92.84
24061.52;-92.92
24064.45;-92.92
24067.38;-92.84
24070.31;-92.68
24073.24;-92.68
24076.17;-92.76
24079.10;-92.76
24082.03;-93.00
24084.96;-92.84
24087.89;-92.92
24090.82;-92.92
24093.75;-92.53
24096.68;-92.76
24099.61;-92.84
24102.54;-92.84
24105.47;-93.07
24108.40;-93.07
24111.33;-93.07
24114.26;-93.07
24117.19;-92.84
24120.12;-92.68
24123.05;-92.68
24125.98;-92.84
24128.91;-92.76
24131.84;-92.76
24134.77;-92.92
24137.70;-92.76
24140.63;-92.76
24143.55;-93.00
24146.48;-92.68
24149.41;-93.00
24152.34;-93.15
24155.27;-93.00
24158.20;-92.92
24161.13;-92.84
24164.06;-92.84
24166.99;-93.07
24169.92;-92.92
24172.85;-92.84
24175.78;-93.00
24178.71;-93.23
24181.64;-92.92
24184.57;-92.84
24187.50;-92.92
24190.43;-93.15
24193.36;-93.15
24196.29;-92.84
24199.22;-92.84
24202.15;-92.92
24205.08;-93.15
24208.01;-92.92
24210.94;-92.84
24213.87;-93.07
24216.80;-93.07
24219.73;-93.07
24222.66;-93.31
24225.59;-93.23
24228.52;-93.00
24231.45;-93.07
24234.38;-93.07
24237.30;-93.07
24240.23;-93.15
24243.16;-93.15
24246.09;-93.15
24249.02;-93.15
24251.95;-93.15
24254.88;-92.92
24257.81;-92.84
24260.74;-93.00
24263.67;-93.15
24266.60;-93.31
24269.53;-93.31
24272.46;-93.23
24275.39;-93.23
24278.32;-93.39
24281.25;-93.47
24284.18;-93.15
24287.11;-93.07
24290.04;-93.15
24292.97;-93.31
24295.90;-93.54
24298.83;-93.15
24301.76;-93.15
24304.69;-93.07
24307.62;-93.15
24310.55;-93.31
24313.48;-93.31
24316.41;-93.23
24319.34;-93.15
24322.27;-93.00
24325.20;-93.31
24328.13;-93.07
24331.05;-93.07
24333.98;-93.31
24336.91;-93.15
24339.84;-93.23
24342.77;-93.39
24345.70;-93.23
24348.63;-93.15
24351.56;-93.07
24354.49;-93.15
24357.42;-93.23
24360.35;-93.15
24363.28;-93.31
24366.21;-93.54
24369.14;-93.31
24372.07;-93.07
24375.00;-93.15
24377.93;-93.31
24380.86;-93.23
24383.79;-93.47
24386.72;-93.54
24389.65;-93.54
24392.58;-93.39
24395.51;-93.23
24398.44;-92.84
24401.37;-93.07
24404.30;-93.31
24407.23;-93.07
24410.16;-93.00
24413.09;-93.47
24416.02;-93.47
24418.95;-93.47
24421.88;-93.39
24424.80;-93.47
24427.73;-93.39
24430.66;-93.39
24433.59;-93.54
24436.52;-93.70
24439.45;-93.62
24442.38;-93.23
24445.31;-93.31
24448.24;-93.07
24451.17;-93.31
24454.10;-93.62
24457.03;-93.54
24459.96;-93.47
24462.89;-93.62
24465.82;-93.54
24468.75;-93.62
24471.68;-93.39
24474.61;-93.23
24477.54;-93.39
24480.47;-93.78
24483.40;-93.86
24486.33;-93.70
24489.26;-93.54
24492.19;-93.31
24495.12;-93.31
24498.05;-93.47
24500.98;-93.47
24503.91;-93.39
24506.84;-93.47
24509.77;-93.39
24512.70;-93.54
24515.63;-93.47
24518.55;-93.47
24521.48;-93.31
24524.41;-93.47
24527.34;-93.78
24530.27;-93.47
24533.20;-93.39
24536.13;-93.23
24539.06;-93.54
24541.99;-93.62
24544.92;-93.39
24547.85;-93.39
24550.78;-93.62
24553.71;-93.62
24556.64;-93.31
24559.57;-93.31
24562.50;-93.62
24565.43;-93.70
24568.36;-93.47
24571.29;-93.39
24574.22;-93.78
24577.15;-93.70
24580.08;-93.70
24583.01;-93.70
24585.94;-93.47
24588.87;-93.31
24591.80;-93.54
24594.73;-93.70
24597.66;-93.70
24600.59;-93.86
24603.52;-93.78
24606.45;-93.39
24609.38;-93.31
24612.30;-93.47
24615.23;-93.54
24618.16;-93.62
24621.09;-93.62
24624.02;-93.70
24626.95;-93.62
24629.88;-93.62
24632.81;-93.78
24635.74;-93.70
24638.67;-93.70
24641.60;-93.70
24644.53;-94.01
24647.46;-93.78
24650.39;-93.62
24653.32;-93.78
24656.25;-93.78
24659.18;-93.70
24662.11;-93.54
24665.04;-93.54
24667.97;-93.54
24670.90;-93.62
24673.83;-93.78
24676.76;-93.70
24679.69;-93.47
24682.62;-93.70
24685.55;-93.62
24688.48;-93.86
24691.41;-94.01
24694.34;-93.86
24697.27;-93.54
24700.20;-93.39
24703.13;-93.70
24706.05;-93.47
24708.98;-93.31
24711.91;-93.39
24714.84;-93.62
24717.77;-93.54
24720.70;-93.47
24723.63;-93.54
24726.56;-93.70
24729.49;-93.62
24732.42;-93.62
24735.35;-93.86
24738.28;-93.70
24741.21;-93.78
24744.14;-93.93
24747.07;-93.70
24750.00;-93.70
24752.93;-93.62
24755.86;-93.78
24758.79;-93.93
24761.72;-93.93
24764.65;-93.70
24767.58;-93.70
24770.51;-94.01
24773.44;-93.86
24776.37;-93.78
24779.30;-94.01
24782.23;-93.70
24785.16;-93.78
24788.09;-93.70
24791.02;-93.62
24793.95;-93.86
24796.88;-93.78
24799.80;-93.54
24802.73;-93.70
24805.66;-93.78
24808.59;-93.70
24811.52;-93.70
24814.45;-93.86
24817.38;-94.17
24820.31;-94.09
24823.24;-93.93
24826.17;-94.17
24829.10;-94.17
24832.03;-93.86
24834.96;-93.93
24837.89;-93.78
24840.82;-93.62
24843.75;-94.01
24846.68;-94.25
24849.61;-94.09
24852.54;-93.86
24855.47;-94.01
24858.40;-94.32
24861.33;-94.01
24864.26;-93.93
24867.19;-94.01
24870.12;-93.93
24873.05;-93.93
24875.98;-93.86
24878.91;-93.78
24881.84;-93.78
24884.77;-93.93
24887.70;-94.01
24890.63;-93.93
24893.55;-93.93
24896.48;-93.93
24899.41;-94.01
24902.34;-93.93
24905.27;-93.86
24908.20;-93.78
24911.13;-93.70
24914.06;-93.70
24916.99;-93.93
24919.92;-93.93
24922.85;-94.01
24925.78;-94.17
24928.71;-93.93
24931.64;-93.86
24934.57;-94.09
24937.50;-94.17
24940.43;-94.01
24943.36;-94.09
24946.29;-94.32
24949.22;-94.25
24952.15;-93.86
24955.08;-93.93
24958.01;-94.09
24960.94;-94.17
24963.87;-94.17
24966.80;-94.25
24969.73;-94.32
24972.66;-94.17
24975.59;-93.78
24978.52;-93.86
24981.45;-94.17
24984.38;-94.01
24987.30;-93.70
24990.23;-93.70
24993.16;-94.09
24996.09;-94.09
24999.02;-94.17
25001.95;-94.25
25004.88;-94.40
25007.81;-94.25
25010.74;-94.17
25013.67;-94.09
25016.60;-94.09
25019.53;-94.17
25022.46;-94.17
25025.39;-94.09
25028.32;-93.78
25031.25;-93.62
25034.18;-93.78
25037.11;-93.93
25040.04;-94.01
25042.97;-94.25
25045.90;-94.01
25048.83;-93.93
25051.76;-94.09
25054.69;-94.09
25057.62;-94.09
25060.55;-94.32
25063.48;-93.93
25066.41;-93.78
25069.34;-93.86
25072.27;-94.09
25075.20;-94.01
25078.13;-94.09
25081.05;-93.86
25083.98;-94.09
25086.91;-94.25
25089.84;-94.48
25092.77;-94.32
25095.70;-94.17
25098.63;-94.32
25101.56;-94.25
25104.49;-94.32
25107.42;-94.32
25110.35;-94.40
25113.28;-94.40
25116.21;-94.17
25119.14;-94.09
25122.07;-94.17
25125.00;-94.32
25127.93;-94.40
25130.86;-94.25
25133.79;-94.40
25136.72;-94.40
25139.65;-94.09
25142.58;-94.25
25145.51;-94.40
25148.44;-94.09
25151.37;-93.93
25154.30;-94.17
25157.23;-94.48
25160.16;-94.40
25163.09;-94.25
25166.02;-94.25
25168.95;-94.09
25171.88;-93.93
25174.80;-94.09
25177.73;-94.40
25180.66;-94.64
25183.59;-94.25
25186.52;-94.25
25189.45;-94.40
25192.38;-94.17
25195.31;-94.01
25198.24;-94.25
25201.17;-94.56
25204.10;-94.56
25207.03;-94.25
25209.96;-94.32
25212.89;-94.17
25215.82;-94.09
25218.75;-94.40
25221.68;-94.25
25224.61;-94.32
25227.54;-94.48
25230.47;-94.32
25233.40;-94.32
25236.33;-94.48
25239.26;-94.56
25242.19;-94.01
25245.12;-94.17
25248.05;-94.64
25250.98;-94.48
25253.91;-94.32
25256.84;-94.48
25259.77;-94.32
25262.70;-94.09
25265.63;-94.32
25268.55;-94.48
25271.48;-94.40
25274.41;-94.48
25277.34;-94.40
25280.27;-94.40
25283.20;-94.40
25286.13;-94.32
25289.06;-94.32
25291.99;-94.32
25294.92;-94.48
25297.85;-94.64
25300.78;-94.64
25303.71;-94.32
25306.64;-94.17
25309.57;-94.48
25312.50;-94.64
25315.43;-94.64
25318.36;-94.79
25321.29;-95.11
25324.22;-94.95
25327.15;-94.56
25330.08;-94.48
25333.01;-94.40
25335.94;-94.48
25338.87;-94.64
25341.80;-94.56
25344.73;-94.40
25347.66;-94.56
25350.59;-94.56
25353.52;-94.64
25356.45;-94.32
25359.38;-94.25
25362.30;-94.48
25365.23;-94.32
25368.16;-94.48
25371.09;-94.56
25374.02;-94.64
25376.95;-94.64
25379.88;-94.72
25382.81;-94.56
25385.74;-94.56
25388.67;-94.56
25391.60;-94.79
25394.53;-94.48
25397.46;-94.48
25400.39;-94.56
25403.32;-94.48
25406.25;-94.48
25409.18;-94.56
25412.11;-94.48
25415.04;-94.64
25417.97;-94.72
25420.90;-94.32
25423.83;-94.40
25426.76;-94.72
25429.69;-94.56
25432.62;-94.56
25435.55;-94.72
25438.48;-94.56
25441.41;-94.56
25444.34;-94.72
25447.27;-94.64
25450.20;-94.64
25453.13;-94.72
25456.05;-94.64
25458.98;-94.48
25461.91;-94.40
25464.84;-94.48
25467.77;-94.72
25470.70;-94.64
25473.63;-94.72
25476.56;-94.79
25479.49;-94.79
25482.42;-94.79
25485.35;-94.79
25488.28;-94.64
25491.21;-94.79
25494.14;-94.79
25497.07;-94.87
25500.00;-94.95
25502.93;-94.87
25505.86;-94.56
25508.79;-94.48
25511.72;-94.79
25514.65;-94.79
25517.58;-94.64
25520.51;-94.64
25523.44;-94.79
25526.37;-94.64
25529.30;-94.87
25532.23;-94.95
25535.16;-94.72
25538.09;-94.64
25541.02;-94.79
25543.95;-94.87
25546.88;-94.79
25549.80;-95.03
25552.73;-94.95
25555.66;-94.95
25558.59;-94.95
25561.52;-94.72
25564.45;-94.79
25567.38;-95.11
25570.31;-95.03
25573.24;-94.95
25576.17;-94.72
25579.10;-94.56
25582.03;-94.79
25584.96;-94.64
25587.89;-94.87
25590.82;-95.03
25593.75;-94.72
25596.68;-94.72
25599.61;-94.72
25602.54;-94.87
25605.47;-94.95
25608.40;-94.72
25611.33;-94.95
25614.26;-94.87
25617.19;-95.11
25620.12;-94.95
25623.05;-94.95
25625.98;-94.56
25628.91;-94.48
25631.84;-94.79
25634.77;-94.95
25637.70;-95.03
25640.63;-94.95
25643.55;-95.03
25646.48;-94.79
25649.41;-94.87
25652.34;-95.11
25655.27;-94.95
25658.20;-95.03
25661.13;-95.11
25664.06;-95.03
25666.99;-94.95
25669.92;-95.18
25672.85;-95.03
25675.78;-95.11
25678.71;-95.11
25681.64;-94.79
25684.57;-94.95
25687.50;-94.95
25690.43;-94.72
25693.36;-94.56
25696.29;-94.72
25699.22;-94.87
25702.15;-95.18
25705.08;-95.26
25708.01;-95.18
25710.94;-95.26
25713.87;-95.03
25716.80;-94.87
25719.73;-95.03
25722.66;-95.11
25725.59;-95.18
25728.52;-95.03
25731.45;-95.03
25734.38;-94.79
25737.30;-95.03
25740.23;-95.18
25743.16;-94.95
25746.09;-94.95
25749.02;-94.95
25751.95;-95.11
25754.88;-94.79
25757.81;-94.72
25760.74;-94.87
25763.67;-94.95
25766.60;-95.18
25769.53;-95.18
25772.46;-94.95
25775.39;-95.11
25778.32;-95.11
25781.25;-95.34
25784.18;-95.42
25787.11;-95.03
25790.04;-94.87
25792.97;-94.87
25795.90;-94.79
25798.83;-94.95
25801.76;-95.11
25804.69;-95.42
25807.62;-95.42
25810.55;-95.26
25813.48;-95.26
25816.41;-95.11
25819.34;-95.11
25822.27;-95.11
25825.20;-95.03
25828.13;-95.18
25831.05;-95.26
25833.98;-94.87
25836.91;-95.03
25839.84;-95.18
25842.77;-95.26
25845.70;-95.18
25848.63;-95.11
25851.56;-94.95
25854.49;-95.26
25857.42;-95.34
25860.35;-95.34
25863.28;-95.26
25866.21;-95.18
25869.14;-95.11
25872.07;-95.18
25875.00;-95.26
25877.93;-95.50
25880.86;-95.34
25883.79;-95.34
25886.72;-95.50
25889.65;-95.18
25892.58;-95.03
25895.51;-95.34
25898.44;-95.34
25901.37;-95.34
25904.30;-95.34
25907.23;-95.26
25910.16;-95.11
25913.09;-95.18
25916.02;-95.26
25918.95;-95.26
25921.88;-95.18
25924.80;-95.18
25927.73;-95.18
25930.66;-95.42
25933.59;-95.18
25936.52;-95.26
25939.45;-95.26
25942.38;-95.18
25945.31;-95.34
25948.24;-95.26
25951.17;-95.42
25954.10;-95.42
25957.03;-95.34
25959.96;-95.50
25962.89;-95.50
25965.82;-95.34
25968.75;-95.26
25971.68;-95.34
25974.61;-95.34
25977.54;-95.58
25980.47;-95.50
25983.40;-95.34
25986.33;-95.50
25989.26;-95.58
25992.19;-95.26
25995.12;-95.34
25998.05;-95.26
26000.98;-95.03
26003.91;-95.11
26006.84;-95.11
26009.77;-95.26
26012.70;-95.50
26015.63;-95.34
26018.55;-95.50
26021.48;-95.26
26024.41;-95.18
26027.34;-95.18
26030.27;-95.34
26033.20;-95.26
26036.13;-95.42
26039.06;-95.58
26041.99;-95.42
26044.92;-95.34
26047.85;-95.42
26050.78;-95.81
26053.71;-95.58
26056.64;-95.65
26059.57;-95.58
26062.50;-95.58
26065.43;-95.50
26068.36;-95.26
26071.29;-95.65
26074.22;-95.42
26077.15;-95.26
26080.08;-95.42
26083.01;-95.73
26085.94;-95.50
26088.87;-95.65
26091.80;-95.73
26094.73;-95.81
26097.66;-95.81
26100.59;-95.58
26103.52;-95.65
26106.45;-95.65
26109.38;-95.42
26112.30;-95.42
26115.23;-95.65
26118.16;-95.73
26121.09;-95.81
26124.02;-95.81
26126.95;-95.42
26129.88;-95.18
26132.81;-95.42
26135.74;-95.34
26138.67;-95.18
26141.60;-95.34
26144.53;-95.34
26147.46;-95.42
26150.39;-95.34
26153.32;-95.65
26156.25;-95.50
26159.18;-95.65
26162.11;-95.65
26165.04;-95.34
26167.97;-95.42
26170.90;-95.42
26173.83;-95.50
26176.76;-95.81
26179.69;-95.65
26182.62;-95.50
26185.55;-95.50
26188.48;-95.50
26191.41;-95.73
26194.34;-95.89
26197.27;-95.81
26200.20;-95.73
26203.13;-95.50
26206.05;-95.58
26208.98;-95.73
26211.91;-95.65
26214.84;-95.50
26217.77;-95.58
26220.70;-95.42
26223.63;-95.65
26226.56;-95.65
26229.49;-95.73
26232.42;-95.50
26235.35;-95.42
26238.28;-95.97
26241.21;-95.81
26244.14;-95.58
26247.07;-95.58
26250.00;-95.65
26252.93;-95.73
26255.86;-95.65
26258.79;-95.73
26261.72;-95.81
26264.65;-95.73
26267.58;-95.89
26270.51;-95.89
26273.44;-95.81
26276.37;-95.73
26279.30;-95.81
26282.23;-95.58
26285.16;-95.58
26288.09;-95.81
26291.02;-95.81
26293.95;-95.89
26296.88;-95.81
26299.80;-95.81
26302.73;-95.65
26305.66;-95.65
26308.59;-95.89
26311.52;-95.89
26314.45;-95.89
26317.38;-95.81
26320.31;-95.50
26323.24;-95.89
26326.17;-95.89
26329.10;-95.73
26332.03;-95.97
26334.96;-95.73
26337.89;-95.89
26340.82;-95.65
26343.75;-95.50
26346.68;-95.73
26349.61;-95.65
26352.54;-95.81
26355.47;-95.89
26358.40;-95.81
26361.33;-95.65
26364.26;-95.81
26367.19;-95.89
26370.12;-95.81
26373.05;-95.89
26375.98;-96.04
26378.91;-96.12
26381.84;-96.12
26384.77;-96.12
26387.70;-95.89
26390.63;-95.81
26393.55;-95.81
26396.48;-95.65
26399.41;-95.73
26402.34;-95.97
26405.27;-96.12
26408.20;-95.89
26411.13;-95.89
26414.06;-95.89
26416.99;-95.89
26419.92;-95.81
26422.85;-95.89
26425.78;-95.89
26428.71;-95.73
26431.64;-95.97
26434.57;-96.12
26437.50;-95.73
26440.43;-95.81
26443.36;-95.65
26446.29;-95.89
26449.22;-95.89
26452.15;-95.89
26455.08;-95.89
26458.01;-95.89
26460.94;-96.04
26463.87;-96.28
26466.80;-96.12
26469.73;-95.97
26472.66;-95.97
26475.59;-95.89
26478.52;-95.81
26481.45;-95.73
26484.38;-96.12
26487.30;-96.04
26490.23;-95.97
26493.16;-95.97
26496.09;-95.89
26499.02;-95.89
26501.95;-95.97
26504.88;-95.81
26507.81;-95.89
26510.74;-95.89
26513.67;-95.89
26516.60;-95.89
26519.53;-95.97
26522.46;-95.89
26525.39;-96.12
26528.32;-96.12
26531.25;-95.89
26534.18;-95.89
26537.11;-96.28
26540.04;-96.20
26542.97;-96.12
26545.90;-96.04
26548.83;-96.12
26551.76;-95.73
26554.69;-95.89
26557.62;-95.97
26560.55;-96.12
26563.48;-96.12
26566.41;-95.97
26569.34;-96.04
26572.27;-96.04
26575.20;-96.28
26578.13;-96.12
26581.05;-95.97
26583.98;-96.12
26586.91;-96.28
26589.84;-96.28
26592.77;-96.28
26595.70;-96.20
26598.63;-96.04
26601.56;-95.89
26604.49;-95.81
26607.42;-96.04
26610.35;-95.81
26613.28;-95.89
26616.21;-96.04
26619.14;-96.28
26622.07;-96.04
26625.00;-96.12
26627.93;-96.20
26630.86;-96.28
26633.79;-96.43
26636.72;-96.28
26639.65;-96.04
26642.58;-96.12
26645.51;-96.36
26648.44;-96.04
26651.37;-96.12
26654.30;-96.36
26657.23;-96.12
26660.16;-96.28
26663.09;-96.43
26666.02;-96.51
26668.95;-96.28
26671.88;-96.12
26674.80;-96.28
26677.73;-96.59
26680.66;-96.28
26683.59;-95.89
26686.52;-96.12
26689.45;-96.28
26692.38;-96.36
26695.31;-96.20
26698.24;-96.12
26701.17;-95.97
26704.10;-95.81
26707.03;-95.97
26709.96;-96.36
26712.89;-96.43
26715.82;-96.36
26718.75;-96.12
26721.68;-96.20
26724.61;-96.20
26727.54;-96.36
26730.47;-96.36
26733.40;-96.36
26736.33;-96.36
26739.26;-96.43
26742.19;-96.36
26745.12;-96.28
26748.05;-96.28
26750.98;-96.20
26753.91;-96.28
26756.84;-96.28
26759.77;-95.97
26762.70;-95.97
26765.63;-96.20
26768.55;-96.20
26771.48;-96.36
26774.41;-96.43
26777.34;-96.43
26780.27;-96.28
26783.20;-96.36
26786.13;-96.36
26789.06;-96.43
26791.99;-96.51
26794.92;-96.51
26797.85;-96.20
26800.78;-96.04
26803.71;-96.36
26806.64;-96.36
26809.57;-96.28
26812.50;-96.43
26815.43;-96.59
26818.36;-96.36
26821.29;-96.36
26824.22;-96.36
26827.15;-96.28
26830.08;-96.04
26833.01;-96.28
26835.94;-96.12
26838.87;-96.20
26841.80;-96.51
26844.73;-96.67
26847.66;-96.28
26850.59;-96.43
26853.52;-96.36
26856.45;-96.36
26859.38;-96.51
26862.30;-96.36
26865.23;-96.04
26868.16;-96.12
26871.09;-96.36
26874.02;-96.36
26876.95;-96.36
26879.88;-96.59
26882.81;-96.28
26885.74;-96.28
26888.67;-96.12
26891.60;-96.28
26894.53;-96.43
26897.46;-96.36
26900.39;-96.28
26903.32;-96.67
26906.25;-96.51
26909.18;-96.51
26912.11;-96.59
26915.04;-96.36
26917.97;-96.20
26920.90;-96.28
26923.83;-96.51
26926.76;-96.59
26929.69;-96.59
26932.62;-96.51
26935.55;-96.59
26938.48;-96.59
26941.41;-96.51
26944.34;-96.43
26947.27;-96.51
26950.20;-96.59
26953.13;-96.67
26956.05;-96.51
26958.98;-96.51
26961.91;-96.59
26964.84;-96.51
26967.77;-96.36
26970.70;-96.43
26973.63;-96.43
26976.56;-96.28
26979.49;-96.67
26982.42;-96.83
26985.35;-96.83
26988.28;-96.67
26991.21;-96.28
26994.14;-96.43
26997.07;-96.36
27000.00;-96.51
27002.93;-96.43
27005.86;-96.43
27008.79;-96.36
27011.72;-96.51
27014.65;-96.59
27017.58;-96.51
27020.51;-96.36
27023.44;-96.43
27026.37;-96.67
27029.30;-96.75
27032.23;-96.83
27035.16;-96.67
27038.09;-96.51
27041.02;-96.83
27043.95;-96.67
27046.88;-96.59
27049.80;-96.83
27052.73;-96.90
27055.66;-96.75
27058.59;-96.75
27061.52;-96.75
27064.45;-96.67
27067.38;-96.67
27070.31;-96.67
27073.24;-96.51
27076.17;-96.51
27079.10;-96.51
27082.03;-96.43
27084.96;-96.59
27087.89;-96.59
27090.82;-96.51
27093.75;-96.59
27096.68;-96.83
27099.61;-96.75
27102.54;-96.98
27105.47;-96.83
27108.40;-96.83
27111.33;-96.75
27114.26;-96.51
27117.19;-96.51
27120.12;-96.98
27123.05;-97.06
27125.98;-97.06
27128.91;-97.22
27131.84;-97.06
27134.77;-97.06
27137.70;-96.83
27140.63;-96.43
27143.55;-96.67
27146.48;-96.90
27149.41;-96.51
27152.34;-96.67
27155.27;-96.98
27158.20;-96.83
27161.13;-96.59
27164.06;-96.67
27166.99;-96.67
27169.92;-96.59
27172.85;-97.06
27175.78;-96.98
27178.71;-96.67
27181.64;-96.75
27184.57;-96.90
27187.50;-96.75
27190.43;-96.67
27193.36;-96.83
27196.29;-96.75
27199.22;-96.59
27202.15;-96.98
27205.08;-97.06
27208.01;-96.67
27210.94;-96.98
27213.87;-96.98
27216.80;-96.83
27219.73;-96.83
27222.66;-97.06
27225.59;-97.14
27228.52;-96.98
27231.45;-97.06
27234.38;-96.98
27237.30;-96.98
27240.23;-96.90
27243.16;-97.14
27246.09;-97.06
27249.02;-96.90
27251.95;-96.83
27254.88;-96.83
27257.81;-96.98
27260.74;-96.98
27263.67;-96.83
27266.60;-96.83
27269.53;-97.06
27272.46;-97.29
27275.39;-97.22
27278.32;-96.83
27281.25;-96.59
27284.18;-96.67
27287.11;-96.75
27290.04;-96.98
27292.97;-97.06
27295.90;-96.98
27298.83;-97.06
27301.76;-96.90
27304.69;-96.75
27307.62;-96.83
27310.55;-96.98
27313.48;-96.98
27316.41;-97.06
27319.34;-96.90
27322.27;-96.75
27325.20;-96.98
27328.13;-97.06
27331.05;-96.98
27333.98;-96.90
27336.91;-97.06
27339.84;-97.14
27342.77;-96.98
27345.70;-96.98
27348.63;-96.90
27351.56;-96.59
27354.49;-96.75
27357.42;-96.98
27360.35;-96.98
27363.28;-96.98
27366.21;-96.98
27369.14;-97.06
27372.07;-96.90
27375.00;-97.22
27377.93;-97.29
27380.86;-97.06
27383.79;-96.83
27386.72;-96.98
27389.65;-97.06
27392.58;-97.14
27395.51;-96.83
27398.44;-96.67
27401.37;-96.75
27404.30;-97.14
27407.23;-97.22
27410.16;-97.14
27413.09;-97.06
27416.02;-96.90
27418.95;-97.06
27421.88;-97.14
27424.80;-97.14
27427.73;-97.29
27430.66;-97.06
27433.59;-97.06
27436.52;-97.06
27439.45;-96.98
27442.38;-97.22
27445.31;-97.14
27448.24;-96.98
27451.17;-96.98
27454.10;-96.75
27457.03;-97.06
27459.96;-97.22
27462.89;-97.22
27465.82;-97.06
27468.75;-97.29
27471.68;-97.37
27474.61;-97.22
27477.54;-97.37
27480.47;-97.37
27483.40;-97.22
27486.33;-97.06
27489.26;-97.22
27492.19;-97.06
27495.12;-96.90
27498.05;-96.98
27500.98;-97.22
27503.91;-97.45
27506.84;-97.29
27509.77;-97.29
27512.70;-97.45
27515.63;-97.53
27518.55;-97.53
27521.48;-97.22
27524.41;-96.98
27527.34;-96.98
27530.27;-97.14
27533.20;-97.14
27536.13;-97.06
27539.06;-97.37
27541.99;-97.37
27544.92;-97.06
27547.85;-97.06
27550.78;-97.29
27553.71;-97.14
27556.64;-97.22
27559.57;-97.22
27562.50;-97.14
27565.43;-97.29
27568.36;-97.29
27571.29;-97.37
27574.22;-97.37
27577.15;-97.22
27580.08;-97.14
27583.01;-97.29
27585.94;-97.37
27588.87;-97.45
27591.80;-97.22
27594.73;-97.14
27597.66;-97.29
27600.59;-97.61
27603.52;-97.53
27606.45;-97.53
27609.38;-97.45
27612.30;-97.14
27615.23;-97.37
27618.16;-97.22
27621.09;-97.06
27624.02;-97.29
27626.95;-97.22
27629.88;-97.29
27632.81;-97.22
27635.74;-97.14
27638.67;-97.45
27641.60;-97.53
27644.53;-97.14
27647.46;-97.37
27650.39;-97.37
27653.32;-97.29
27656.25;-97.53
27659.18;-97.22
27662.11;-97.22
27665.04;-97.45
27667.97;-97.45
27670.90;-97.22
27673.83;-97.22
27676.76;-97.45
27679.69;-97.53
27682.62;-97.29
27685.55;-97.22
27688.48;-97.37
27691.41;-97.37
27694.34;-97.29
27697.27;-97.14
27700.20;-97.06
27703.13;-97.37
27706.05;-97.29
27708.98;-97.22
27711.91;-97.53
27714.84;-97.37
27717.77;-97.53
27720.70;-97.37
27723.63;-97.37
27726.56;-97.76
27729.49;-97.61
27732.42;-97.29
27735.35;-97.29
27738.28;-97.29
27741.21;-97.37
27744.14;-97.45
27747.07;-97.37
27750.00;-97.45
27752.93;-97.68
27755.86;-97.45
27758.79;-97.68
27761.72;-97.68
27764.65;-97.22
27767.58;-97.53
27770.51;-97.68
27773.44;-97.45
27776.37;-97.45
27779.30;-97.45
27782.23;-97.37
27785.16;-97.61
27788.09;-97.37
27791.02;-97.29
27793.95;-97.61
27796.88;-97.53
27799.80;-97.61
27802.73;-97.84
27805.66;-97.61
27808.59;-97.53
27811.52;-97.29
27814.45;-97.45
27817.38;-97.37
27820.31;-97.37
27823.24;-97.68
27826.17;-97.53
27829.10;-97.29
27832.03;-97.37
27834.96;-97.45
27837.89;-97.37
27840.82;-97.45
27843.75;-97.61
27846.68;-97.61
27849.61;-97.76
27852.54;-97.61
27855.47;-97.68
27858.40;-97.61
27861.33;-97.68
27864.26;-97.92
27867.19;-97.61
27870.12;-97.61
27873.05;-97.61
27875.98;-97.61
27878.91;-97.53
27881.84;-97.76
27884.77;-97.45
27887.70;-97.37
27890.63;-97.68
27893.55;-97.84
27896.48;-97.68
27899.41;-97.53
27902.34;-97.45
27905.27;-97.61
27908.20;-97.61
27911.13;-97.53
27914.06;-97.68
27916.99;-97.61
27919.92;-97.61
27922.85;-97.68
27925.78;-97.61
27928.71;-97.68
27931.64;-97.68
27934.57;-97.53
27937.50;-97.76
27940.43;-97.76
27943.36;-97.45
27946.29;-97.53
27949.22;-97.84
27952.15;-97.76
27955.08;-97.53
27958.01;-97.68
27960.94;-98.00
27963.87;-98.08
27966.80;-97.84
27969.73;-97.29
27972.66;-97.22
27975.59;-97.45
27978.52;-97.61
27981.45;-97.68
27984.38;-97.68
27987.30;-97.53
27990.23;-97.68
27993.16;-97.68
27996.09;-97.68
27999.02;-97.84
28001.95;-98.00
28004.88;-98.08
28007.81;-97.92
28010.74;-97.76
28013.67;-97.92
28016.60;-98.08
28019.53;-98.08
28022.46;-97.76
28025.39;-97.76
28028.32;-97.92
28031.25;-97.76
28034.18;-97.84
28037.11;-97.84
28040.04;-97.84
28042.97;-98.00
28045.90;-97.84
28048.83;-97.84
28051.76;-97.61
28054.69;-97.37
28057.62;-97.61
28060.55;-97.84
28063.48;-97.76
28066.41;-97.84
28069.34;-97.76
28072.27;-97.68
28075.20;-97.76
28078.13;-98.00
28081.05;-98.08
28083.98;-97.84
28086.91;-97.68
28089.84;-97.84
28092.77;-97.92
28095.70;-98.00
28098.63;-98.08
28101.56;-97.45
28104.49;-97.61
28107.42;-97.76
28110.35;-97.92
28113.28;-97.76
28116.21;-97.84
28119.14;-97.92
28122.07;-98.00
28125.00;-97.84
28127.93;-97.76
28130.86;-97.76
28133.79;-97.92
28136.72;-97.84
28139.65;-97.84
28142.58;-97.92
28145.51;-98.00
28148.44;-97.68
28151.37;-97.61
28154.30;-97.61
28157.23;-97.92
28160.16;-98.00
28163.09;-97.92
28166.02;-98.00
28168.95;-98.15
28171.88;-98.00
28174.80;-97.84
28177.73;-98.08
28180.66;-98.08
28183.59;-97.84
28186.52;-98.00
28189.45;-98.08
28192.38;-98.08
28195.31;-97.84
28198.24;-97.92
28201.17;-98.15
28204.10;-97.92
28207.03;-97.84
28209.96;-97.84
28212.89;-98.15
28215.82;-98.23
28218.75;-97.84
28221.68;-97.84
28224.61;-98.08
28227.54;-98.47
28230.47;-98.31
28233.40;-98.39
28236.33;-98.08
28239.26;-97.68
28242.19;-97.76
28245.12;-98.00
28248.05;-98.15
28250.98;-97.92
28253.91;-97.84
28256.84;-98.00
28259.77;-98.15
28262.70;-98.15
28265.63;-98.00
28268.55;-98.08
28271.48;-98.15
28274.41;-98.39
28277.34;-98.15
28280.27;-97.92
28283.20;-97.92
28286.13;-98.15
28289.06;-97.84
28291.99;-97.76
28294.92;-97.92
28297.85;-97.92
28300.78;-98.39
28303.71;-98.23
28306.64;-98.15
28309.57;-98.23
28312.50;-98.31
28315.43;-98.15
28318.36;-97.84
28321.29;-97.84
28324.22;-98.08
28327.15;-97.92
28330.08;-97.84
28333.01;-98.00
28335.94;-98.15
28338.87;-98.47
28341.80;-98.15
28344.73;-98.00
28347.66;-98.00
28350.59;-98.08
28353.52;-98.00
28356.45;-98.00
28359.38;-98.08
28362.30;-97.92
28365.23;-98.08
28368.16;-98.15
28371.09;-98.31
28374.02;-98.08
28376.95;-97.76
28379.88;-97.68
28382.81;-97.92
28385.74;-98.31
28388.67;-98.23
28391.60;-98.00
28394.53;-98.15
28397.46;-98.08
28400.39;-98.08
28403.32;-98.15
28406.25;-98.23
28409.18;-97.92
28412.11;-98.08
28415.04;-98.31
28417.97;-98.31
28420.90;-98.23
28423.83;-97.92
28426.76;-97.84
28429.69;-98.08
28432.62;-98.23
28435.55;-98.15
28438.48;-98.39
28441.41;-98.47
28444.34;-98.23
28447.27;-98.47
28450.20;-98.47
28453.13;-98.54
28456.05;-98.39
28458.98;-98.23
28461.91;-98.47
28464.84;-98.31
28467.77;-98.23
28470.70;-98.78
28473.63;-98.62
28476.56;-98.31
28479.49;-98.23
28482.42;-98.47
28485.35;-98.23
28488.28;-98.31
28491.21;-98.31
28494.14;-98.31
28497.07;-98.31
28500.00;-98.15
28502.93;-98.31
28505.86;-98.62
28508.79;-98.47
28511.72;-98.23
28514.65;-98.15
28517.58;-98.15
28520.51;-97.92
28523.44;-98.23
28526.37;-98.47
28529.30;-98.47
28532.23;-98.00
28535.16;-98.31
28538.09;-98.23
28541.02;-97.92
28543.95;-98.00
28546.88;-98.23
28549.80;-98.31
28552.73;-98.23
28555.66;-98.31
28558.59;-98.70
28561.52;-98.78
28564.45;-98.31
28567.38;-98.39
28570.31;-98.31
28573.24;-98.23
28576.17;-98.23
28579.10;-98.31
28582.03;-98.31
28584.96;-98.39
28587.89;-98.47
28590.82;-98.31
28593.75;-98.31
28596.68;-98.54
28599.61;-98.70
28602.54;-98.31
28605.47;-98.47
28608.40;-98.62
28611.33;-98.70
28614.26;-98.31
28617.19;-98.31
28620.12;-98.47
28623.05;-98.62
28625.98;-98.39
28628.91;-98.39
28631.84;-98.15
28634.77;-98.15
28637.70;-98.31
28640.63;-98.39
28643.55;-98.47
28646.48;-98.39
28649.41;-98.31
28652.34;-98.47
28655.27;-98.54
28658.20;-98.39
28661.13;-98.47
28664.06;-98.62
28666.99;-98.78
28669.92;-98.62
28672.85;-98.39
28675.78;-98.47
28678.71;-98.31
28681.64;-98.39
28684.57;-98.39
28687.50;-98.47
28690.43;-98.47
28693.36;-98.78
28696.29;-98.78
28699.22;-98.86
28702.15;-98.62
28705.08;-98.70
28708.01;-98.70
28710.94;-98.31
28713.87;-98.54
28716.80;-98.70
28719.73;-98.70
28722.66;-98.62
28725.59;-98.54
28728.52;-98.54
28731.45;-98.70
28734.38;-98.62
28737.30;-98.54
28740.23;-98.39
28743.16;-98.54
28746.09;-98.47
28749.02;-98.47
28751.95;-98.62
28754.88;-98.62
28757.81;-98.47
28760.74;-98.31
28763.67;-98.70
28766.60;-98.78
28769.53;-98.86
28772.46;-98.62
28775.39;-98.47
28778.32;-98.62
28781.25;-98.62
28784.18;-98.62
28787.11;-98.15
28790.04;-98.31
28792.97;-98.70
28795.90;-98.62
28798.83;-98.62
28801.76;-98.54
28804.69;-98.39
28807.62;-98.47
28810.55;-98.70
28813.48;-98.78
28816.41;-98.23
28819.34;-98.54
28822.27;-98.78
28825.20;-98.86
28828.13;-98.70
28831.05;-98.78
28833.98;-98.78
28836.91;-98.86
28839.84;-98.78
28842.77;-98.39
28845.70;-98.54
28848.63;-98.62
28851.56;-98.54
28854.49;-98.78
28857.42;-98.86
28860.35;-98.78
28863.28;-98.70
28866.21;-98.62
28869.14;-98.78
28872.07;-98.62
28875.00;-98.39
28877.93;-98.31
28880.86;-98.62
28883.79;-98.62
28886.72;-98.70
28889.65;-98.54
28892.58;-98.62
28895.51;-98.54
28898.44;-98.86
28901.37;-98.70
28904.30;-98.62
28907.23;-98.62
28910.16;-98.54
28913.09;-98.54
28916.02;-98.47
28918.95;-98.62
28921.88;-98.78
28924.80;-98.78
28927.73;-98.78
28930.66;-98.78
28933.59;-98.78
28936.52;-98.47
28939.45;-98.70
28942.38;-98.78
28945.31;-98.62
28948.24;-98.86
28951.17;-98.94
28954.10;-98.94
28957.03;-98.47
28959.96;-98.47
28962.89;-98.86
28965.82;-98.70
28968.75;-98.70
28971.68;-98.94
28974.61;-98.86
28977.54;-98.54
28980.47;-98.78
28983.40;-98.86
28986.33;-98.62
28989.26;-98.70
28992.19;-98.86
28995.12;-98.86
28998.05;-99.01
29000.98;-98.86
29003.91;-99.09
29006.84;-98.78
29009.77;-98.94
29012.70;-98.86
29015.63;-98.94
29018.55;-98.94
29021.48;-98.62
29024.41;-98.62
29027.34;-98.94
29030.27;-98.86
29033.20;-98.78
29036.13;-98.86
29039.06;-98.86
29041.99;-98.70
29044.92;-98.86
29047.85;-99.09
29050.78;-99.09
29053.71;-98.78
29056.64;-98.78
29059.57;-98.94
29062.50;-98.78
29065.43;-98.78
29068.36;-98.94
29071.29;-98.78
29074.22;-98.86
29077.15;-98.78
29080.08;-98.62
29083.01;-98.86
29085.94;-98.94
29088.87;-98.70
29091.80;-98.86
29094.73;-99.09
29097.66;-98.78
29100.59;-98.78
29103.52;-99.01
29106.45;-98.94
29109.38;-99.01
29112.30;-98.86
29115.23;-99.01
29118.16;-99.09
29121.09;-99.01
29124.02;-98.78
29126.95;-98.94
29129.88;-98.94
29132.81;-99.09
29135.74;-99.17
29138.67;-99.33
29141.60;-99.17
29144.53;-99.09
29147.46;-99.01
29150.39;-99.01
29153.32;-99.40
29156.25;-99.40
29159.18;-99.25
29162.11;-99.09
29165.04;-99.25
29167.97;-99.09
29170.90;-98.70
29173.83;-98.94
29176.76;-99.25
29179.69;-99.17
29182.62;-99.01
29185.55;-98.94
29188.48;-98.86
29191.41;-98.86
29194.34;-98.86
29197.27;-99.09
29200.20;-98.86
29203.13;-98.78
29206.05;-98.94
29208.98;-98.94
29211.91;-99.33
29214.84;-99.17
29217.77;-99.01
29220.70;-99.09
29223.63;-99.01
29226.56;-99.17
29229.49;-99.17
29232.42;-98.94
29235.35;-98.94
29238.28;-98.94
29241.21;-99.17
29244.14;-99.17
29247.07;-99.17
29250.00;-99.01
29252.93;-98.94
29255.86;-98.94
29258.79;-98.94
29261.72;-99.09
29264.65;-99.01
29267.58;-99.17
29270.51;-98.94
29273.44;-98.86
29276.37;-98.94
29279.30;-98.94
29282.23;-98.78
29285.16;-99.09
29288.09;-99.25
29291.02;-99.09
29293.95;-99.17
29296.88;-99.09
29299.80;-99.01
29302.73;-98.94
29305.66;-99.17
29308.59;-99.25
29311.52;-99.01
29314.45;-99.17
29317.38;-99.33
29320.31;-99.40
29323.24;-99.17
29326.17;-99.09
29329.10;-99.09
29332.03;-98.94
29334.96;-98.94
29337.89;-98.94
29340.82;-99.09
29343.75;-99.33
29346.68;-99.33
29349.61;-99.25
29352.54;-99.01
29355.47;-99.01
29358.40;-99.33
29361.33;-99.01
29364.26;-99.17
29367.19;-99.33
29370.12;-99.33
29373.05;-99.40
29375.98;-99.17
29378.91;-98.86
29381.84;-99.33
29384.77;-99.64
29387.70;-99.25
29390.63;-99.01
29393.55;-99.01
29396.48;-99.09
29399.41;-99.25
29402.34;-99.09
29405.27;-99.33
29408.20;-99.40
29411.13;-99.33
29414.06;-99.33
29416.99;-99.25
29419.92;-99.33
29422.85;-99.09
29425.78;-99.25
29428.71;-99.09
29431.64;-99.17
29434.57;-99.17
29437.50;-99.40
29440.43;-99.09
29443.36;-99.09
29446.29;-99.09
29449.22;-99.09
29452.15;-99.40
29455.08;-99.48
29458.01;-99.40
29460.94;-99.25
29463.87;-99.40
29466.80;-99.40
29469.73;-99.40
29472.66;-99.56
29475.59;-99.33
29478.52;-99.40
29481.45;-99.33
29484.38;-99.56
29487.30;-99.56
29490.23;-99.48
29493.16;-99.17
29496.09;-99.25
29499.02;-99.40
29501.95;-99.40
29504.88;-99.17
29507.81;-99.25
29510.74;-99.33
29513.67;-99.25
29516.60;-99.40
29519.53;-99.48
29522.46;-99.40
29525.39;-99.40
29528.32;-99.48
29531.25;-99.56
29534.18;-99.25
29537.11;-99.40
29540.04;-99.48
29542.97;-99.09
29545.90;-99.17
29548.83;-99.09
29551.76;-99.01
29554.69;-99.25
29557.62;-99.33
29560.55;-99.40
29563.48;-99.48
29566.41;-99.25
29569.34;-99.25
29572.27;-99.33
29575.20;-99.56
29578.13;-99.40
29581.05;-99.25
29583.98;-99.01
29586.91;-99.09
29589.84;-99.17
29592.77;-99.48
29595.70;-99.72
29598.63;-99.56
29601.56;-99.48
29604.49;-99.48
29607.42;-99.17
29610.35;-99.25
29613.28;-99.48
29616.21;-99.56
29619.14;-99.09
29622.07;-98.94
29625.00;-99.33
29627.93;-99.33
29630.86;-99.33
29633.79;-99.33
29636.72;-99.56
29639.65;-99.40
29642.58;-99.25
29645.51;-99.72
29648.44;-99.48
29651.37;-99.33
29654.30;-99.56
29657.23;-99.64
29660.16;-99.64
29663.09;-99.56
29666.02;-99.56
29668.95;-99.64
29671.88;-99.64
29674.80;-99.56
29677.73;-99.40
29680.66;-99.40
29683.59;-99.48
29686.52;-99.48
29689.45;-99.25
29692.38;-99.40
29695.31;-99.40
29698.24;-99.48
29701.17;-99.56
29704.10;-99.56
29707.03;-99.72
29709.96;-99.95
29712.89;-100.11
29715.82;-99.79
29718.75;-99.87
29721.68;-99.72
29724.61;-99.79
29727.54;-99.64
29730.47;-99.56
29733.40;-99.79
29736.33;-99.79
29739.26;-99.48
29742.19;-99.48
29745.12;-99.40
29748.05;-99.64
29750.98;-99.56
29753.91;-99.64
29756.84;-99.64
29759.77;-99.87
29762.70;-99.64
29765.63;-99.56
29768.55;-99.72
29771.48;-99.79
29774.41;-99.72
29777.34;-99.48
29780.27;-99.56
29783.20;-99.48
29786.13;-99.72
29789.06;-99.79
29791.99;-99.72
29794.92;-99.48
29797.85;-99.79
29800.78;-99.79
29803.71;-99.72
29806.64;-99.64
29809.57;-99.79
29812.50;-99.87
29815.43;-99.87
29818.36;-99.72
29821.29;-99.64
29824.22;-99.72
29827.15;-99.87
29830.08;-99.64
29833.01;-99.79
29835.94;-99.79
29838.87;-99.72
29841.80;-99.56
29844.73;-99.72
29847.66;-99.95
29850.59;-99.64
29853.52;-99.79
29856.45;-99.79
29859.38;-99.79
29862.30;-99.79
29865.23;-99.72
29868.16;-99.56
29871.09;-99.48
29874.02;-99.56
29876.95;-99.64
29879.88;-99.79
29882.81;-100.03
29885.74;-100.03
29888.67;-100.03
29891.60;-99.79
29894.53;-99.72
29897.46;-99.87
29900.39;-99.87
29903.32;-99.87
29906.25;-99.72
29909.18;-99.48
29912.11;-99.64
29915.04;-99.72
29917.97;-99.56
29920.90;-99.64
29923.83;-99.95
29926.76;-99.87
29929.69;-99.95
29932.62;-99.79
29935.55;-99.56
29938.48;-99.72
29941.41;-99.87
29944.34;-99.79
29947.27;-99.79
29950.20;-99.87
29953.13;-99.87
29956.05;-99.79
29958.98;-99.79
29961.91;-99.79
29964.84;-99.79
29967.77;-100.03
29970.70;-100.03
29973.63;-100.11
29976.56;-99.72
29979.49;-99.87
29982.42;-100.03
29985.35;-99.64
29988.28;-99.79
29991.21;-100.11
29994.14;-99.95
29997.07;-99.79
30000.00;-99.64
30002.93;-99.72
30005.86;-99.87
30008.79;-99.79
30011.72;-99.87
30014.65;-100.03
30017.58;-99.72
30020.51;-99.87
30023.44;-99.79
30026.37;-99.64
30029.30;-99.64
30032.23;-99.64
30035.16;-99.95
30038.09;-99.95
30041.02;-99.87
30043.95;-99.87
30046.88;-99.79
30049.80;-99.87
30052.73;-99.64
30055.66;-99.79
30058.59;-99.95
30061.52;-99.87
30064.45;-99.48
30067.38;-99.64
30070.31;-99.79
30073.24;-99.95
30076.17;-100.03
30079.10;-99.87
30082.03;-100.19
30084.96;-100.03
30087.89;-100.03
30090.82;-99.95
30093.75;-99.79
30096.68;-99.95
30099.61;-100.19
30102.54;-100.11
30105.47;-99.87
30108.40;-99.95
30111.33;-99.95
30114.26;-99.72
30117.19;-99.79
30120.12;-99.72
30123.05;-99.87
30125.98;-100.11
30128.91;-100.03
30131.84;-99.95
30134.77;-99.95
30137.70;-99.79
30140.63;-100.11
30143.55;-100.11
30146.48;-99.79
30149.41;-99.87
30152.34;-99.87
30155.27;-99.95
30158.20;-100.26
30161.13;-100.19
30164.06;-99.95
30166.99;-99.79
30169.92;-99.95
30172.85;-100.11
30175.78;-99.95
30178.71;-100.19
30181.64;-99.87
30184.57;-99.79
30187.50;-100.03
30190.43;-100.26
30193.36;-100.26
30196.29;-100.03
30199.22;-99.95
30202.15;-99.87
30205.08;-99.87
30208.01;-100.03
30210.94;-100.11
30213.87;-100.11
30216.80;-100.11
30219.73;-99.95
30222.66;-100.03
30225.59;-99.95
30228.52;-100.03
30231.45;-100.26
30234.38;-100.11
30237.30;-100.19
30240.23;-100.50
30243.16;-100.26
30246.09;-100.03
30249.02;-100.26
30251.95;-100.19
30254.88;-100.11
30257.81;-100.34
30260.74;-100.26
30263.67;-100.03
30266.60;-100.03
30269.53;-100.19
30272.46;-100.11
30275.39;-99.95
30278.32;-99.87
30281.25;-100.03
30284.18;-99.87
30287.11;-99.87
30290.04;-99.87
30292.97;-100.03
30295.90;-100.42
30298.83;-100.34
30301.76;-100.26
30304.69;-100.26
30307.62;-100.03
30310.55;-100.11
30313.48;-100.11
30316.41;-100.03
30319.34;-100.03
30322.27;-100.03
30325.20;-100.03
30328.13;-99.95
30331.05;-99.95
30333.98;-100.03
30336.91;-99.87
30339.84;-99.87
30342.77;-100.03
30345.70;-100.11
30348.63;-100.11
30351.56;-100.11
30354.49;-100.03
30357.42;-100.11
30360.35;-100.26
30363.28;-100.42
30366.21;-100.26
30369.14;-99.95
30372.07;-100.11
30375.00;-100.19
30377.93;-99.87
30380.86;-100.11
30383.79;-100.19
30386.72;-100.19
30389.65;-100.03
30392.58;-99.95
30395.51;-99.87
30398.44;-99.72
30401.37;-100.19
30404.30;-100.19
30407.23;-100.03
30410.16;-99.95
30413.09;-100.03
30416.02;-100.34
30418.95;-100.34
30421.88;-100.26
30424.80;-100.34
30427.73;-100.26
30430.66;-100.34
30433.59;-99.87
30436.52;-100.03
30439.45;-100.03
30442.38;-100.26
30445.31;-100.26
30448.24;-100.42
30451.17;-100.34
30454.10;-100.26
30457.03;-100.26
30459.96;-100.26
30462.89;-100.11
30465.82;-100.11
30468.75;-100.34
30471.68;-100.42
30474.61;-100.42
30477.54;-100.19
30480.47;-100.26
30483.40;-100.26
30486.33;-100.11
30489.26;-100.26
30492.19;-100.34
30495.12;-100.34
30498.05;-100.11
30500.98;-100.26
30503.91;-100.26
30506.84;-100.19
30509.77;-100.11
30512.70;-100.19
30515.63;-100.34
30518.55;-100.50
30521.48;-100.42
30524.41;-100.50
30527.34;-100.42
30530.27;-100.34
30533.20;-100.26
30536.13;-100.11
30539.06;-100.19
30541.99;-100.42
30544.92;-100.34
30547.85;-100.34
30550.78;-100.34
30553.71;-100.58
30556.64;-100.42
30559.57;-100.42
30562.50;-100.34
30565.43;-100.50
30568.36;-100.58
30571.29;-100.65
30574.22;-100.50
30577.15;-100.26
30580.08;-100.26
30583.01;-100.03
30585.94;-100.11
30588.87;-100.34
30591.80;-100.34
30594.73;-100.26
30597.66;-100.50
30600.59;-100.34
30603.52;-100.42
30606.45;-100.34
30609.38;-100.34
30612.30;-100.50
30615.23;-100.34
30618.16;-100.26
30621.09;-100.03
30624.02;-100.11
30626.95;-100.19
30629.88;-100.11
30632.81;-100.19
30635.74;-100.34
30638.67;-100.26
30641.60;-100.50
30644.53;-100.42
30647.46;-100.19
30650.39;-100.11
30653.32;-100.58
30656.25;-100.42
30659.18;-100.42
30662.11;-100.50
30665.04;-100.42
30667.97;-100.34
30670.90;-100.34
30673.83;-100.58
30676.76;-100.34
30679.69;-100.50
30682.62;-100.65
30685.55;-100.42
30688.48;-100.58
30691.41;-100.34
30694.34;-99.87
30697.27;-100.26
30700.20;-100.34
30703.13;-100.34
30706.05;-100.26
30708.98;-100.73
30711.91;-100.73
30714.84;-100.50
30717.77;-100.26
30720.70;-100.19
30723.63;-100.34
30726.56;-100.65
30729.49;-100.73
30732.42;-100.34
30735.35;-100.42
30738.28;-100.34
30741.21;-100.58
30744.14;-100.58
30747.07;-100.50
30750.00;-100.50
30752.93;-100.73
30755.86;-100.50
30758.79;-100.34
30761.72;-100.34
30764.65;-100.50
30767.58;-100.50
30770.51;-100.50
30773.44;-100.50
30776.37;-100.34
30779.30;-100.34
30782.23;-100.65
30785.16;-100.73
30788.09;-100.81
30791.02;-100.73
30793.95;-100.50
30796.88;-100.65
30799.80;-100.50
30802.73;-100.26
30805.66;-100.26
30808.59;-100.26
30811.52;-100.50
30814.45;-100.81
30817.38;-100.73
30820.31;-100.50
30823.24;-100.42
30826.17;-100.58
30829.10;-100.50
30832.03;-100.34
30834.96;-100.50
30837.89;-100.50
30840.82;-100.34
30843.75;-100.65
30846.68;-100.65
30849.61;-100.65
30852.54;-100.42
30855.47;-100.26
30858.40;-100.58
30861.33;-100.58
30864.26;-100.58
30867.19;-100.73
30870.12;-100.73
30873.05;-100.58
30875.98;-100.81
30878.91;-100.58
30881.84;-100.34
30884.77;-100.73
30887.70;-100.81
30890.63;-100.81
30893.55;-100.65
30896.48;-100.65
30899.41;-100.73
30902.34;-100.73
30905.27;-100.50
30908.20;-100.50
30911.13;-100.50
30914.06;-100.50
30916.99;-100.58
30919.92;-100.42
30922.85;-100.42
30925.78;-100.50
30928.71;-100.58
30931.64;-100.50
30934.57;-100.73
30937.50;-100.65
30940.43;-100.81
30943.36;-100.81
30946.29;-100.58
30949.22;-100.42
30952.15;-100.73
30955.08;-100.73
30958.01;-100.50
30960.94;-100.58
30963.87;-100.65
30966.80;-100.73
30969.73;-100.73
30972.66;-100.65
30975.59;-100.65
30978.52;-100.58
30981.45;-100.11
30984.38;-100.50
30987.30;-100.50
30990.23;-100.65
30993.16;-100.65
30996.09;-100.81
30999.02;-100.89
31001.95;-100.97
31004.88;-100.81
31007.81;-100.73
31010.74;-100.81
31013.67;-100.65
31016.60;-100.73
31019.53;-100.65
31022.46;-100.81
31025.39;-100.81
31028.32;-100.73
31031.25;-100.65
31034.18;-100.73
31037.11;-100.65
31040.04;-100.89
31042.97;-100.89
31045.90;-100.73
31048.83;-100.58
31051.76;-100.81
31054.69;-100.73
31057.62;-100.73
31060.55;-100.65
31063.48;-100.65
31066.41;-100.42
31069.34;-100.58
31072.27;-100.73
31075.20;-100.73
31078.13;-100.73
31081.05;-100.97
31083.98;-100.89
31086.91;-100.81
31089.84;-101.12
31092.77;-100.73
31095.70;-100.65
31098.63;-100.65
31101.56;-100.89
31104.49;-100.65
31107.42;-100.73
31110.35;-100.89
31113.28;-100.89
31116.21;-101.05
31119.14;-100.89
31122.07;-100.58
31125.00;-100.65
31127.93;-100.97
31130.86;-101.05
31133.79;-101.05
31136.72;-100.97
31139.65;-101.05
31142.58;-100.73
31145.51;-100.73
31148.44;-100.73
31151.37;-100.89
31154.30;-100.81
31157.23;-100.89
31160.16;-100.89
31163.09;-100.97
31166.02;-100.81
31168.95;-100.97
31171.88;-100.81
31174.80;-100.65
31177.73;-100.81
31180.66;-100.73
31183.59;-100.89
31186.52;-101.05
31189.45;-100.89
31192.38;-100.81
31195.31;-100.81
31198.24;-100.97
31201.17;-101.05
31204.10;-101.12
31207.03;-101.36
31209.96;-100.97
31212.89;-100.73
31215.82;-100.97
31218.75;-100.81
31221.68;-100.89
31224.61;-101.05
31227.54;-100.97
31230.47;-100.89
31233.40;-101.12
31236.33;-100.89
31239.26;-100.65
31242.19;-100.97
31245.12;-101.12
31248.05;-100.89
31250.98;-100.73
31253.91;-100.73
31256.84;-100.73
31259.77;-100.73
31262.70;-100.65
31265.63;-100.81
31268.55;-100.89
31271.48;-100.73
31274.41;-100.89
31277.34;-100.73
31280.27;-100.58
31283.20;-100.97
31286.13;-101.05
31289.06;-100.97
31291.99;-100.89
31294.92;-101.05
31297.85;-100.97
31300.78;-100.73
31303.71;-100.73
31306.64;-100.89
31309.57;-101.05
31312.50;-100.89
31315.43;-100.89
31318.36;-101.05
31321.29;-100.97
31324.22;-101.05
31327.15;-100.89
31330.08;-100.65
31333.01;-100.73
31335.94;-100.97
31338.87;-101.05
31341.80;-101.12
31344.73;-101.12
31347.66;-101.05
31350.59;-100.89
31353.52;-100.89
31356.45;-101.20
31359.38;-101.05
31362.30;-101.12
31365.23;-101.12
31368.16;-100.89
31371.09;-100.89
31374.02;-101.12
31376.95;-100.81
31379.88;-100.97
31382.81;-101.05
31385.74;-100.97
31388.67;-100.97
31391.60;-100.97
31394.53;-101.20
31397.46;-101.36
31400.39;-101.28
31403.32;-101.12
31406.25;-100.81
31409.18;-101.12
31412.11;-100.97
31415.04;-100.89
31417.97;-101.05
31420.90;-101.05
31423.83;-101.05
31426.76;-100.97
31429.69;-101.05
31432.62;-101.20
31435.55;-101.05
31438.48;-101.20
31441.41;-101.20
31444.34;-101.05
31447.27;-100.97
31450.20;-101.05
31453.13;-100.97
31456.05;-100.89
31458.98;-101.20
31461.91;-101.12
31464.84;-101.12
31467.77;-101.12
31470.70;-101.20
31473.63;-101.12
31476.56;-101.12
31479.49;-101.20
31482.42;-100.89
31485.35;-100.89
31488.28;-101.05
31491.21;-101.12
31494.14;-100.97
31497.07;-100.89
31500.00;-101.05
31502.93;-101.28
31505.86;-101.20
31508.79;-101.05
31511.72;-101.12
31514.65;-101.12
31517.58;-101.36
31520.51;-101.44
31523.44;-101.36
31526.37;-101.20
31529.30;-101.28
31532.23;-101.20
31535.16;-101.36
31538.09;-101.51
31541.02;-101.28
31543.95;-101.12
31546.88;-101.20
31549.80;-101.05
31552.73;-100.89
31555.66;-101.12
31558.59;-101.28
31561.52;-100.97
31564.45;-100.97
31567.38;-101.36
31570.31;-101.20
31573.24;-100.97
31576.17;-100.89
31579.10;-101.20
31582.03;-101.28
31584.96;-101.12
31587.89;-101.05
31590.82;-101.28
31593.75;-101.20
31596.68;-101.05
31599.61;-101.05
31602.54;-101.05
31605.47;-101.12
31608.40;-101.05
31611.33;-101.28
31614.26;-101.36
31617.19;-101.44
31620.12;-101.44
31623.05;-100.97
31625.98;-101.12
31628.91;-101.20
31631.84;-101.12
31634.77;-101.20
31637.70;-101.36
31640.63;-101.67
31643.55;-101.44
31646.48;-101.12
31649.41;-101.05
31652.34;-101.05
31655.27;-100.89
31658.20;-101.20
31661.13;-101.36
31664.06;-101.36
31666.99;-101.28
31669.92;-101.44
31672.85;-101.28
31675.78;-101.28
31678.71;-101.05
31681.64;-101.20
31684.57;-101.20
31687.50;-101.12
31690.43;-101.28
31693.36;-101.44
31696.29;-101.36
31699.22;-101.20
31702.15;-101.05
31705.08;-100.97
31708.01;-101.20
31710.94;-101.36
31713.87;-101.05
31716.80;-101.12
31719.73;-101.44
31722.66;-101.51
31725.59;-101.12
31728.52;-101.36
31731.45;-101.28
31734.38;-101.05
31737.30;-100.97
31740.23;-101.20
31743.16;-101.36
31746.09;-101.67
31749.02;-101.44
31751.95;-101.59
31754.88;-101.51
31757.81;-101.28
31760.74;-101.59
31763.67;-101.44
31766.60;-101.51
31769.53;-101.67
31772.46;-101.67
31775.39;-101.51
31778.32;-101.51
31781.25;-101.59
31784.18;-101.36
31787.11;-101.20
31790.04;-101.51
31792.97;-101.59
31795.90;-101.51
31798.83;-101.28
31801.76;-101.05
31804.69;-100.97
31807.62;-101.20
31810.55;-101.20
31813.48;-101.05
31816.41;-101.51
31819.34;-101.51
31822.27;-101.51
31825.20;-101.44
31828.13;-101.59
31831.05;-101.44
31833.98;-101.36
31836.91;-101.59
31839.84;-101.44
31842.77;-101.44
31845.70;-101.44
31848.63;-101.36
31851.56;-101.44
31854.49;-101.51
31857.42;-101.51
31860.35;-101.44
31863.28;-101.44
31866.21;-101.44
31869.14;-101.51
31872.07;-101.51
31875.00;-101.36
31877.93;-101.51
31880.86;-101.44
31883.79;-101.36
31886.72;-101.28
31889.65;-101.28
31892.58;-101.36
31895.51;-101.28
31898.44;-101.67
31901.37;-101.67
31904.30;-101.59
31907.23;-101.59
31910.16;-101.44
31913.09;-101.44
31916.02;-101.51
31918.95;-101.44
31921.88;-101.44
31924.80;-101.44
31927.73;-101.51
31930.66;-101.67
31933.59;-101.44
31936.52;-101.28
31939.45;-101.51
31942.38;-101.59
31945.31;-101.75
31948.24;-101.59
31951.17;-101.51
31954.10;-101.59
31957.03;-101.44
31959.96;-101.59
31962.89;-101.67
31965.82;-101.51
31968.75;-101.44
31971.68;-101.44
31974.61;-101.75
31977.54;-101.59
31980.47;-101.36
31983.40;-101.20
31986.33;-101.36
31989.26;-101.44
31992.19;-101.51
31995.12;-101.59
31998.05;-101.51
32000.98;-101.51
32003.91;-101.20
32006.84;-101.12
32009.77;-101.51
32012.70;-101.67
32015.63;-101.59
32018.55;-101.36
32021.48;-101.36
32024.41;-101.75
32027.34;-101.51
32030.27;-101.51
32033.20;-101.67
32036.13;-101.59
32039.06;-101.51
32041.99;-101.75
32044.92;-101.90
32047.85;-101.59
32050.78;-101.59
32053.71;-101.36
32056.64;-101.59
32059.57;-101.44
32062.50;-101.67
32065.43;-101.59
32068.36;-101.59
32071.29;-101.36
32074.22;-101.20
32077.15;-101.36
32080.08;-101.51
32083.01;-101.67
32085.94;-101.67
32088.87;-101.67
32091.80;-101.67
32094.73;-101.67
32097.66;-101.67
32100.59;-101.83
32103.52;-101.83
32106.45;-101.83
32109.38;-101.75
32112.30;-101.67
32115.23;-101.67
32118.16;-101.67
32121.09;-101.59
32124.02;-101.98
32126.95;-101.75
32129.88;-101.44
32132.81;-101.67
32135.74;-101.59
32138.67;-101.28
32141.60;-101.20
32144.53;-101.59
32147.46;-101.44
32150.39;-101.67
32153.32;-101.83
32156.25;-101.90
32159.18;-101.83
32162.11;-101.59
32165.04;-101.67
32167.97;-101.36
32170.90;-101.36
32173.83;-101.75
32176.76;-101.59
32179.69;-101.51
32182.62;-101.36
32185.55;-101.44
32188.48;-101.67
32191.41;-101.67
32194.34;-101.44
32197.27;-101.59
32200.20;-101.75
32203.13;-101.90
32206.05;-101.83
32208.98;-101.75
32211.91;-101.90
32214.84;-101.83
32217.77;-101.59
32220.70;-101.59
32223.63;-101.75
32226.56;-101.67
32229.49;-101.67
32232.42;-101.67
32235.35;-101.59
32238.28;-101.51
32241.21;-101.44
32244.14;-101.44
32247.07;-101.75
32250.00;-101.83
32252.93;-101.75
32255.86;-101.51
32258.79;-101.36
32261.72;-101.44
32264.65;-101.36
32267.58;-101.75
32270.51;-101.83
32273.44;-101.90
32276.37;-101.83
32279.30;-101.59
32282.23;-101.59
32285.16;-101.67
32288.09;-101.75
32291.02;-101.83
32293.95;-101.83
32296.88;-102.14
32299.80;-102.06
32302.73;-101.67
32305.66;-101.51
32308.59;-101.75
32311.52;-101.90
32314.45;-101.83
32317.38;-101.59
32320.31;-101.75
32323.24;-101.44
32326.17;-101.83
32329.10;-101.83
32332.03;-101.98
32334.96;-102.14
32337.89;-101.83
32340.82;-101.90
32343.75;-101.83
32346.68;-101.51
32349.61;-101.59
32352.54;-101.83
32355.47;-101.83
32358.40;-101.90
32361.33;-101.83
32364.26;-101.75
32367.19;-101.67
32370.12;-101.67
32373.05;-102.14
32375.98;-102.22
32378.91;-102.06
32381.84;-101.98
32384.77;-101.90
32387.70;-102.14
32390.63;-101.98
32393.55;-101.98
32396.48;-101.67
32399.41;-101.67
32402.34;-101.59
32405.27;-101.59
32408.20;-101.83
32411.13;-101.98
32414.06;-101.75
32416.99;-101.67
32419.92;-101.98
32422.85;-101.59
32425.78;-101.75
32428.71;-101.83
32431.64;-101.59
32434.57;-101.59
32437.50;-101.83
32440.43;-101.75
32443.36;-101.90
32446.29;-102.06
32449.22;-101.98
32452.15;-101.98
32455.08;-101.83
32458.01;-101.83
32460.94;-101.90
32463.87;-101.90
32466.80;-101.83
32469.73;-101.59
32472.66;-101.75
32475.59;-101.75
32478.52;-101.98
32481.45;-101.75
32484.38;-101.67
32487.30;-101.98
32490.23;-101.83
32493.16;-101.83
32496.09;-102.06
32499.02;-102.14
32501.95;-102.14
32504.88;-101.83
32507.81;-101.75
32510.74;-101.90
32513.67;-101.98
32516.60;-102.06
32519.53;-101.90
32522.46;-101.90
32525.39;-101.83
32528.32;-101.59
32531.25;-101.59
32534.18;-101.59
32537.11;-101.83
32540.04;-101.98
32542.97;-101.90
32545.90;-101.90
32548.83;-101.83
32551.76;-102.06
32554.69;-102.06
32557.62;-102.14
32560.55;-101.90
32563.48;-101.90
32566.41;-102.14
32569.34;-102.14
32572.27;-101.67
32575.20;-101.83
32578.13;-102.14
32581.05;-101.98
32583.98;-101.83
32586.91;-101.75
32589.84;-101.90
32592.77;-101.98
32595.70;-102.06
32598.63;-101.98
32601.56;-101.75
32604.49;-101.90
32607.42;-102.06
32610.35;-101.75
32613.28;-101.44
32616.21;-101.59
32619.14;-101.59
32622.07;-101.59
32625.00;-101.83
32627.93;-101.90
32630.86;-102.06
32633.79;-101.83
32636.72;-101.90
32639.65;-101.67
32642.58;-101.75
32645.51;-102.22
32648.44;-102.22
32651.37;-101.98
32654.30;-101.83
32657.23;-101.90
32660.16;-101.98
32663.09;-101.59
32666.02;-101.75
32668.95;-101.90
32671.88;-101.98
32674.80;-101.90
32677.73;-102.14
32680.66;-102.22
32683.59;-102.14
32686.52;-101.98
32689.45;-101.83
32692.38;-101.83
32695.31;-101.83
32698.24;-102.06
32701.17;-101.98
32704.10;-101.83
32707.03;-101.90
32709.96;-101.90
32712.89;-101.75
32715.82;-101.83
32718.75;-101.83
32721.68;-101.90
32724.61;-101.98
32727.54;-101.98
32730.47;-101.90
32733.40;-102.06
32736.33;-101.98
32739.26;-102.22
32742.19;-102.06
32745.12;-102.14
32748.05;-101.98
32750.98;-101.83
32753.91;-101.75
32756.84;-101.90
32759.77;-102.30
32762.70;-102.37
32765.63;-101.98
32768.55;-101.98
32771.48;-101.67
32774.41;-101.67
32777.34;-101.75
32780.27;-101.75
32783.20;-101.83
32786.13;-102.06
32789.06;-102.14
32791.99;-101.98
32794.92;-102.14
32797.85;-102.22
32800.78;-102.14
32803.71;-101.83
32806.64;-101.90
32809.57;-102.06
32812.50;-101.98
32815.43;-102.06
32818.36;-101.90
32821.29;-102.14
32824.22;-102.22
32827.15;-102.22
32830.08;-102.30
32833.01;-102.22
32835.94;-102.14
32838.87;-102.14
32841.80;-102.14
32844.73;-102.30
32847.66;-101.98
32850.59;-101.83
32853.52;-101.83
32856.45;-102.06
32859.38;-102.37
32862.30;-102.22
32865.23;-102.22
32868.16;-102.22
32871.09;-101.83
32874.02;-101.67
32876.95;-101.90
32879.88;-102.37
32882.81;-102.30
32885.74;-102.22
32888.67;-102.37
32891.60;-102.22
32894.53;-102.22
32897.46;-101.98
32900.39;-101.98
32903.32;-101.98
32906.25;-102.14
32909.18;-102.14
32912.11;-101.90
32915.04;-101.98
32917.97;-102.53
32920.90;-102.22
32923.83;-101.98
32926.76;-102.06
32929.69;-102.06
32932.62;-102.06
32935.55;-101.90
32938.48;-102.30
32941.41;-102.14
32944.34;-102.06
32947.27;-102.30
32950.20;-102.06
32953.13;-102.06
32956.05;-102.37
32958.98;-102.30
32961.91;-102.06
32964.84;-101.98
32967.77;-102.06
32970.70;-102.22
32973.63;-102.22
32976.56;-102.06
32979.49;-101.98
32982.42;-101.90
32985.35;-102.30
32988.28;-102.14
32991.21;-101.98
32994.14;-102.06
32997.07;-102.22
33000.00;-102.14
33002.93;-102.06
33005.86;-102.14
33008.79;-102.22
33011.72;-102.45
33014.65;-102.37
33017.58;-102.06
33020.51;-102.30
33023.44;-102.37
33026.37;-102.30
33029.30;-102.22
33032.23;-102.45
33035.16;-102.14
33038.09;-102.30
33041.02;-102.30
33043.95;-102.45
33046.88;-102.30
33049.80;-102.30
33052.73;-102.37
33055.66;-102.14
33058.59;-101.90
33061.52;-102.30
33064.45;-102.37
33067.38;-102.30
33070.31;-102.37
33073.24;-102.37
33076.17;-102.37
33079.10;-102.06
33082.03;-102.14
33084.96;-102.37
33087.89;-102.22
33090.82;-102.22
33093.75;-102.22
33096.68;-102.22
33099.61;-102.14
33102.54;-102.14
33105.47;-102.14
33108.40;-102.30
33111.33;-102.45
33114.26;-102.45
33117.19;-102.37
33120.12;-102.37
33123.05;-102.37
33125.98;-102.30
33128.91;-102.30
33131.84;-102.14
33134.77;-102.37
33137.70;-102.61
33140.63;-102.61
33143.55;-102.22
33146.48;-102.22
33149.41;-102.14
33152.34;-102.06
33155.27;-102.22
33158.20;-102.30
33161.13;-102.53
33164.06;-102.14
33166.99;-102.06
33169.92;-102.14
33172.85;-102.30
33175.78;-102.22
33178.71;-102.14
33181.64;-102.22
33184.57;-102.45
33187.50;-102.22
33190.43;-102.06
33193.36;-102.45
33196.29;-102.53
33199.22;-101.98
33202.15;-102.14
33205.08;-102.37
33208.01;-102.53
33210.94;-102.22
33213.87;-102.37
33216.80;-102.53
33219.73;-102.45
33222.66;-102.37
33225.59;-102.14
33228.52;-102.14
33231.45;-102.30
33234.38;-102.37
33237.30;-102.22
33240.23;-102.45
33243.16;-102.45
33246.09;-102.37
33249.02;-102.37
33251.95;-102.22
33254.88;-101.98
33257.81;-102.22
33260.74;-102.30
33263.67;-102.30
33266.60;-102.45
33269.53;-102.37
33272.46;-102.14
33275.39;-102.30
33278.32;-102.53
33281.25;-102.61
33284.18;-102.53
33287.11;-102.45
33290.04;-102.30
33292.97;-102.53
33295.90;-102.53
33298.83;-102.30
33301.76;-102.45
33304.69;-102.53
33307.62;-102.30
33310.55;-102.53
33313.48;-102.61
33316.41;-102.53
33319.34;-102.61
33322.27;-102.45
33325.20;-102.14
33328.13;-101.98
33331.05;-102.22
33333.98;-102.61
33336.91;-102.45
33339.84;-102.30
33342.77;-102.37
33345.70;-102.37
33348.63;-102.45
33351.56;-102.22
33354.49;-102.30
33357.42;-102.45
33360.35;-102.53
33363.28;-102.61
33366.21;-102.53
33369.14;-102.14
33372.07;-102.14
33375.00;-102.22
33377.93;-102.37
33380.86;-102.45
33383.79;-102.61
33386.72;-102.61
33389.65;-102.61
33392.58;-102.61
33395.51;-102.53
33398.44;-102.61
33401.37;-102.61
33404.30;-102.45
33407.23;-102.45
33410.16;-102.30
33413.09;-102.37
33416.02;-102.69
33418.95;-102.37
33421.88;-102.22
33424.80;-102.37
33427.73;-102.30
33430.66;-102.30
33433.59;-102.53
33436.52;-102.76
33439.45;-102.61
33442.38;-102.37
33445.31;-102.76
33448.24;-102.69
33451.17;-102.69
33454.10;-102.61
33457.03;-102.30
33459.96;-102.22
33462.89;-102.37
33465.82;-102.45
33468.75;-102.69
33471.68;-102.84
33474.61;-102.84
33477.54;-102.69
33480.47;-102.45
33483.40;-102.37
33486.33;-102.30
33489.26;-102.53
33492.19;-102.76
33495.12;-102.76
33498.05;-102.45
33500.98;-102.45
33503.91;-102.45
33506.84;-102.53
33509.77;-102.76
33512.70;-102.84
33515.63;-102.61
33518.55;-102.45
33521.48;-102.30
33524.41;-102.22
33527.34;-102.45
33530.27;-102.22
33533.20;-102.14
33536.13;-102.37
33539.06;-102.37
33541.99;-102.37
33544.92;-102.30
33547.85;-102.45
33550.78;-102.37
33553.71;-102.45
33556.64;-102.61
33559.57;-102.37
33562.50;-102.22
33565.43;-102.45
33568.36;-102.61
33571.29;-102.37
33574.22;-102.45
33577.15;-102.76
33580.08;-102.61
33583.01;-102.45
33585.94;-102.45
33588.87;-102.53
33591.80;-102.53
33594.73;-102.45
33597.66;-102.37
33600.59;-102.61
33603.52;-102.45
33606.45;-102.61
33609.38;-102.61
33612.30;-102.61
33615.23;-102.76
33618.16;-102.84
33621.09;-102.61
33624.02;-102.61
33626.95;-102.61
33629.88;-102.61
33632.81;-102.84
33635.74;-102.84
33638.67;-102.53
33641.60;-102.45
33644.53;-102.61
33647.46;-102.53
33650.39;-102.69
33653.32;-102.69
33656.25;-102.69
33659.18;-102.53
33662.11;-102.69
33665.04;-102.84
33667.97;-102.76
33670.90;-102.84
33673.83;-102.61
33676.76;-102.45
33679.69;-102.61
33682.62;-102.61
33685.55;-102.53
33688.48;-102.76
33691.41;-102.84
33694.34;-102.76
33697.27;-102.61
33700.20;-102.53
33703.13;-102.53
33706.05;-102.53
33708.98;-102.37
33711.91;-102.61
33714.84;-102.61
33717.77;-102.53
33720.70;-102.53
33723.63;-102.45
33726.56;-102.61
33729.49;-102.61
33732.42;-102.76
33735.35;-102.45
33738.28;-102.53
33741.21;-102.61
33744.14;-102.84
33747.07;-102.69
33750.00;-102.53
33752.93;-102.76
33755.86;-102.84
33758.79;-102.84
33761.72;-102.53
33764.65;-102.69
33767.58;-102.69
33770.51;-102.61
33773.44;-102.69
33776.37;-102.45
33779.30;-102.61
33782.23;-102.84
33785.16;-102.61
33788.09;-102.76
33791.02;-102.61
33793.95;-102.37
33796.88;-102.61
33799.80;-102.76
33802.73;-102.53
33805.66;-102.76
33808.59;-102.76
33811.52;-102.84
33814.45;-102.69
33817.38;-102.45
33820.31;-102.61
33823.24;-102.76
33826.17;-102.76
33829.10;-102.76
33832.03;-102.69
33834.96;-102.69
33837.89;-102.61
33840.82;-102.45
33843.75;-102.53
33846.68;-102.76
33849.61;-103.00
33852.54;-102.84
33855.47;-102.76
33858.40;-102.76
33861.33;-103.00
33864.26;-102.76
33867.19;-102.53
33870.12;-102.61
33873.05;-102.84
33875.98;-102.76
33878.91;-102.76
33881.84;-102.84
33884.77;-102.92
33887.70;-102.69
33890.63;-102.61
33893.55;-102.53
33896.48;-102.69
33899.41;-102.84
33902.34;-102.69
33905.27;-102.61
33908.20;-102.76
33911.13;-103.00
33914.06;-103.00
33916.99;-102.76
33919.92;-102.76
33922.85;-102.61
33925.78;-102.69
33928.71;-102.53
33931.64;-102.53
33934.57;-102.45
33937.50;-102.45
33940.43;-102.69
33943.36;-102.76
33946.29;-102.92
33949.22;-103.00
33952.15;-102.69
33955.08;-102.69
33958.01;-102.69
33960.94;-102.53
33963.87;-102.69
33966.80;-102.76
33969.73;-102.76
33972.66;-102.69
33975.59;-102.69
33978.52;-102.61
33981.45;-102.69
33984.38;-102.69
33987.30;-102.84
33990.23;-102.84
33993.16;-102.76
33996.09;-102.92
33999.02;-103.00
34001.95;-102.61
34004.88;-102.61
34007.81;-103.00
34010.74;-102.92
34013.67;-102.69
34016.60;-102.76
34019.53;-103.00
34022.46;-103.23
34025.39;-103.08
34028.32;-102.76
34031.25;-103.00
34034.18;-103.00
34037.11;-102.84
34040.04;-102.84
34042.97;-102.69
34045.90;-102.84
34048.83;-102.92
34051.76;-102.84
34054.69;-102.76
34057.62;-102.69
34060.55;-102.69
34063.48;-102.69
34066.41;-102.61
34069.34;-102.92
34072.27;-102.84
34075.20;-102.76
34078.13;-102.84
34081.05;-102.76
34083.98;-102.84
34086.91;-102.92
34089.84;-102.84
34092.77;-103.00
34095.70;-102.84
34098.63;-102.76
34101.56;-102.92
34104.49;-102.69
34107.42;-102.84
34110.35;-103.08
34113.28;-102.92
34116.21;-102.69
34119.14;-102.84
34122.07;-103.00
34125.00;-102.92
34127.93;-103.08
34130.86;-102.92
34133.79;-103.00
34136.72;-102.92
34139.65;-102.76
34142.58;-102.84
34145.51;-102.92
34148.44;-102.76
34151.37;-102.76
34154.30;-102.69
34157.23;-102.84
34160.16;-103.00
34163.09;-103.16
34166.02;-103.16
34168.95;-102.84
34171.88;-102.45
34174.80;-102.69
34177.73;-103.00
34180.66;-103.00
34183.59;-102.92
34186.52;-103.08
34189.45;-102.92
34192.38;-102.92
34195.31;-102.92
34198.24;-103.16
34201.17;-103.16
34204.10;-102.84
34207.03;-102.84
34209.96;-102.84
34212.89;-102.84
34215.82;-102.92
34218.75;-102.92
34221.68;-102.84
34224.61;-102.84
34227.54;-103.08
34230.47;-103.00
34233.40;-102.84
34236.33;-102.92
34239.26;-102.84
34242.19;-102.92
34245.12;-103.16
34248.05;-102.76
34250.98;-102.76
34253.91;-102.69
34256.84;-102.84
34259.77;-103.16
34262.70;-103.08
34265.63;-102.92
34268.55;-102.92
34271.48;-102.84
34274.41;-102.92
34277.34;-102.76
34280.27;-102.76
34283.20;-102.61
34286.13;-102.53
34289.06;-102.92
34291.99;-103.16
34294.92;-103.00
34297.85;-102.92
34300.78;-102.84
34303.71;-103.08
34306.64;-103.08
34309.57;-103.00
34312.50;-103.00
34315.43;-102.84
34318.36;-102.76
34321.29;-102.84
34324.22;-102.69
34327.15;-102.92
34330.08;-102.92
34333.01;-102.92
34335.94;-103.16
34338.87;-103.31
34341.80;-103.23
34344.73;-103.08
34347.66;-103.00
34350.59;-102.92
34353.52;-102.84
34356.45;-102.92
34359.38;-102.76
34362.30;-102.92
34365.23;-103.08
34368.16;-103.00
34371.09;-103.08
34374.02;-103.16
34376.95;-102.69
34379.88;-102.76
34382.81;-103.00
34385.74;-103.16
34388.67;-103.08
34391.60;-102.92
34394.53;-102.69
34397.46;-102.61
34400.39;-102.76
34403.32;-103.23
34406.25;-103.00
34409.18;-102.84
34412.11;-102.92
34415.04;-103.00
34417.97;-103.08
34420.90;-102.84
34423.83;-102.69
34426.76;-102.84
34429.69;-103.08
34432.62;-103.31
34435.55;-103.23
34438.48;-103.08
34441.41;-103.23
34444.34;-103.16
34447.27;-103.23
34450.20;-103.23
34453.13;-103.00
34456.05;-103.23
34458.98;-103.23
34461.91;-103.16
34464.84;-103.00
34467.77;-103.00
34470.70;-102.92
34473.63;-102.92
34476.56;-103.08
34479.49;-103.00
34482.42;-103.00
34485.35;-103.23
34488.28;-103.39
34491.21;-103.31
34494.14;-103.39
34497.07;-103.16
34500.00;-103.08
34502.93;-103.16
34505.86;-102.92
34508.79;-102.92
34511.72;-102.84
34514.65;-103.00
34517.58;-103.16
34520.51;-103.16
34523.44;-103.55
34526.37;-103.55
34529.30;-103.16
34532.23;-103.00
34535.16;-103.16
34538.09;-103.16
34541.02;-103.23
34543.95;-103.23
34546.88;-102.92
34549.80;-102.61
34552.73;-103.00
34555.66;-102.92
34558.59;-103.08
34561.52;-103.08
34564.45;-103.31
34567.38;-103.39
34570.31;-103.31
34573.24;-102.84
34576.17;-102.84
34579.10;-102.92
34582.03;-102.92
34584.96;-103.08
34587.89;-103.08
34590.82;-103.08
34593.75;-102.92
34596.68;-103.08
34599.61;-103.00
34602.54;-102.92
34605.47;-102.92
34608.40;-103.00
34611.33;-103.16
34614.26;-103.23
34617.19;-103.39
34620.12;-103.31
34623.05;-103.31
34625.98;-103.31
34628.91;-103.23
34631.84;-103.00
34634.77;-103.08
34637.70;-103.08
34640.63;-103.00
34643.55;-103.16
34646.48;-103.08
34649.41;-102.92
34652.34;-102.84
34655.27;-102.84
34658.20;-102.92
34661.13;-103.16
34664.06;-103.08
34666.99;-103.23
34669.92;-103.39
34672.85;-103.08
34675.78;-103.08
34678.71;-103.62
34681.64;-103.55
34684.57;-103.47
34687.50;-103.08
34690.43;-103.00
34693.36;-103.08
34696.29;-103.31
34699.22;-103.39
34702.15;-103.23
34705.08;-103.31
34708.01;-103.23
34710.94;-103.47
34713.87;-103.47
34716.80;-103.23
34719.73;-103.00
34722.66;-103.08
34725.59;-103.31
34728.52;-103.16
34731.45;-103.23
34734.38;-103.16
34737.30;-103.39
34740.23;-103.39
34743.16;-103.08
34746.09;-103.08
34749.02;-103.23
34751.95;-103.31
34754.88;-103.16
34757.81;-103.00
34760.74;-103.16
34763.67;-103.08
34766.60;-102.92
34769.53;-103.08
34772.46;-103.31
34775.39;-103.47
34778.32;-103.31
34781.25;-103.31
34784.18;-103.31
34787.11;-103.16
34790.04;-103.16
34792.97;-103.00
34795.90;-103.00
34798.83;-103.23
34801.76;-103.31
34804.69;-103.39
34807.62;-103.39
34810.55;-103.16
34813.48;-103.16
34816.41;-103.31
34819.34;-103.16
34822.27;-103.31
34825.20;-103.39
34828.13;-103.47
34831.05;-103.39
34833.98;-103.23
34836.91;-103.08
34839.84;-103.39
34842.77;-103.39
34845.70;-103.23
34848.63;-103.08
34851.56;-103.08
34854.49;-102.92
34857.42;-103.31
34860.35;-103.00
34863.28;-103.00
34866.21;-103.16
34869.14;-103.39
34872.07;-103.23
34875.00;-103.55
34877.93;-103.55
34880.86;-103.47
34883.79;-103.31
34886.72;-103.31
34889.65;-103.31
34892.58;-103.31
34895.51;-103.62
34898.44;-103.47
34901.37;-103.39
34904.30;-103.08
34907.23;-103.23
34910.16;-103.55
34913.09;-103.39
34916.02;-103.47
34918.95;-103.23
34921.88;-103.00
34924.80;-103.47
34927.73;-103.55
34930.66;-103.39
34933.59;-103.39
34936.52;-103.23
34939.45;-103.00
34942.38;-103.31
34945.31;-103.31
34948.24;-103.47
34951.17;-103.47
34954.10;-103.39
34957.03;-103.55
34959.96;-103.39
34962.89;-103.08
34965.82;-102.92
34968.75;-103.08
34971.68;-103.31
34974.61;-103.23
34977.54;-103.31
34980.47;-103.16
34983.40;-103.08
34986.33;-103.47
34989.26;-103.39
34992.19;-103.47
34995.12;-103.47
34998.05;-103.39
35000.98;-103.55
35003.91;-103.47
35006.84;-103.47
35009.77;-103.39
35012.70;-103.39
35015.63;-103.39
35018.55;-103.39
35021.48;-103.55
35024.41;-103.47
35027.34;-103.47
35030.27;-103.39
35033.20;-103.16
35036.13;-103.39
35039.06;-103.08
35041.99;-103.23
35044.92;-103.23
35047.85;-103.23
35050.78;-103.23
35053.71;-103.23
35056.64;-103.23
35059.57;-103.31
35062.50;-103.16
35065.43;-103.08
35068.36;-103.31
35071.29;-103.47
35074.22;-103.47
35077.15;-103.47
35080.08;-103.55
35083.01;-103.47
35085.94;-103.39
35088.87;-103.00
35091.80;-103.16
35094.73;-103.47
35097.66;-103.31
35100.59;-103.55
35103.52;-103.55
35106.45;-103.39
35109.38;-103.39
35112.30;-103.31
35115.23;-103.31
35118.16;-103.31
35121.09;-103.23
35124.02;-103.31
35126.95;-103.47
35129.88;-103.31
35132.81;-103.39
35135.74;-103.23
35138.67;-103.31
35141.60;-103.47
35144.53;-103.47
35147.46;-103.39
35150.39;-103.47
35153.32;-103.47
35156.25;-103.39
35159.18;-103.39
35162.11;-103.23
35165.04;-103.23
35167.97;-103.39
35170.90;-103.55
35173.83;-103.47
35176.76;-103.31
35179.69;-103.39
35182.62;-103.23
35185.55;-103.31
35188.48;-103.62
35191.41;-103.31
35194.34;-103.16
35197.27;-103.31
35200.20;-103.23
35203.13;-103.55
35206.05;-103.78
35208.98;-103.94
35211.91;-103.55
35214.84;-103.39
35217.77;-103.55
35220.70;-103.55
35223.63;-103.55
35226.56;-103.62
35229.49;-103.39
35232.42;-103.00
35235.35;-103.47
35238.28;-103.55
35241.21;-103.47
35244.14;-103.47
35247.07;-103.70
35250.00;-103.47
35252.93;-103.70
35255.86;-103.86
35258.79;-103.31
35261.72;-103.39
35264.65;-103.70
35267.58;-103.55
35270.51;-103.55
35273.44;-103.47
35276.37;-103.55
35279.30;-103.62
35282.23;-103.55
35285.16;-103.55
35288.09;-103.16
35291.02;-102.92
35293.95;-103.31
35296.88;-103.39
35299.80;-103.47
35302.73;-103.23
35305.66;-103.39
35308.59;-103.31
35311.52;-103.16
35314.45;-103.47
35317.38;-103.62
35320.31;-103.55
35323.24;-103.47
35326.17;-103.62
35329.10;-103.55
35332.03;-103.39
35334.96;-103.31
35337.89;-103.31
35340.82;-103.23
35343.75;-103.31
35346.68;-103.47
35349.61;-103.55
35352.54;-103.47
35355.47;-103.47
35358.40;-103.47
35361.33;-103.31
35364.26;-103.23
35367.19;-103.23
35370.12;-103.39
35373.05;-103.47
35375.98;-103.39
35378.91;-103.39
35381.84;-103.55
35384.77;-103.78
35387.70;-103.70
35390.63;-103.78
35393.55;-103.78
35396.48;-103.78
35399.41;-103.70
35402.34;-103.47
35405.27;-103.39
35408.20;-103.55
35411.13;-103.55
35414.06;-103.70
35416.99;-103.62
35419.92;-103.47
35422.85;-103.55
35425.78;-103.47
35428.71;-103.62
35431.64;-103.70
35434.57;-103.39
35437.50;-103.47
35440.43;-103.55
35443.36;-103.31
35446.29;-103.31
35449.22;-103.31
35452.15;-103.47
35455.08;-103.70
35458.01;-103.78
35460.94;-103.86
35463.87;-103.70
35466.80;-103.47
35469.73;-103.55
35472.66;-103.55
35475.59;-103.47
35478.52;-103.31
35481.45;-103.31
35484.38;-103.23
35487.30;-103.47
35490.23;-104.01
35493.16;-103.70
35496.09;-103.62
35499.02;-103.78
35501.95;-103.78
35504.88;-103.39
35507.81;-103.47
35510.74;-103.47
35513.67;-103.55
35516.60;-103.47
35519.53;-103.47
35522.46;-103.47
35525.39;-103.70
35528.32;-103.86
35531.25;-103.78
35534.18;-103.62
35537.11;-103.55
35540.04;-103.70
35542.97;-103.62
35545.90;-103.47
35548.83;-103.39
35551.76;-103.55
35554.69;-103.39
35557.62;-103.39
35560.55;-103.62
35563.48;-103.55
35566.41;-103.94
35569.34;-103.94
35572.27;-103.70
35575.20;-103.62
35578.13;-103.70
35581.05;-103.62
35583.98;-103.62
35586.91;-103.55
35589.84;-103.39
35592.77;-103.47
35595.70;-103.55
35598.63;-103.62
35601.56;-103.70
35604.49;-103.55
35607.42;-103.62
35610.35;-103.70
35613.28;-103.55
35616.21;-103.39
35619.14;-103.47
35622.07;-103.31
35625.00;-103.39
35627.93;-103.78
35630.86;-103.62
35633.79;-103.70
35636.72;-103.62
35639.65;-103.62
35642.58;-103.78
35645.51;-103.62
35648.44;-103.39
35651.37;-103.31
35654.30;-103.47
35657.23;-103.78
35660.16;-103.78
35663.09;-103.47
35666.02;-103.39
35668.95;-103.55
35671.88;-103.31
35674.80;-103.39
35677.73;-103.70
35680.66;-103.78
35683.59;-103.70
35686.52;-103.94
35689.45;-103.70
35692.38;-103.62
35695.31;-103.78
35698.24;-103.62
35701.17;-103.39
35704.10;-103.31
35707.03;-103.39
35709.96;-103.47
35712.89;-103.23
35715.82;-103.55
35718.75;-103.70
35721.68;-103.86
35724.61;-103.78
35727.54;-103.55
35730.47;-103.62
35733.40;-103.47
35736.33;-103.39
35739.26;-103.39
35742.19;-103.70
35745.12;-103.94
35748.05;-104.01
35750.98;-103.62
35753.91;-103.62
35756.84;-103.70
35759.77;-103.86
35762.70;-103.47
35765.63;-103.47
35768.55;-103.47
35771.48;-103.62
35774.41;-103.78
35777.34;-103.70
35780.27;-103.70
35783.20;-103.55
35786.13;-103.47
35789.06;-103.31
35791.99;-103.55
35794.92;-103.55
35797.85;-103.94
35800.78;-103.94
35803.71;-103.55
35806.64;-103.16
35809.57;-103.31
35812.50;-103.47
35815.43;-103.47
35818.36;-103.78
35821.29;-103.86
35824.22;-103.78
35827.15;-103.47
35830.08;-103.78
35833.01;-104.01
35835.94;-103.86
35838.87;-103.78
35841.80;-103.86
35844.73;-103.70
35847.66;-103.78
35850.59;-103.94
35853.52;-103.86
35856.45;-103.55
35859.38;-103.31
35862.30;-103.39
35865.23;-103.70
35868.16;-103.78
35871.09;-103.70
35874.02;-103.62
35876.95;-103.47
35879.88;-103.70
35882.81;-103.86
35885.74;-103.62
35888.67;-103.62
35891.60;-103.62
35894.53;-103.62
35897.46;-103.86
35900.39;-103.70
35903.32;-103.55
35906.25;-103.55
35909.18;-103.55
35912.11;-103.55
35915.04;-103.55
35917.97;-103.78
35920.90;-103.78
35923.83;-103.70
35926.76;-103.70
35929.69;-103.70
35932.62;-103.62
35935.55;-103.55
35938.48;-103.55
35941.41;-103.62
35944.34;-103.55
35947.27;-103.47
35950.20;-103.55
35953.13;-103.78
35956.05;-103.86
35958.98;-103.55
35961.91;-103.55
35964.84;-103.86
35967.77;-103.78
35970.70;-103.55
35973.63;-103.62
35976.56;-103.78
35979.49;-104.01
35982.42;-103.86
35985.35;-103.86
35988.28;-103.55
35991.21;-103.47
35994.14;-103.70
35997.07;-103.62
36000.00;-103.47
36002.93;-103.39
36005.86;-103.55
36008.79;-103.70
36011.72;-103.55
36014.65;-103.55
36017.58;-103.47
36020.51;-103.39
36023.44;-103.70
36026.37;-103.86
36029.30;-103.78
36032.23;-103.78
36035.16;-103.86
36038.09;-103.86
36041.02;-103.78
36043.95;-103.78
36046.88;-104.01
36049.80;-103.70
36052.73;-103.78
36055.66;-103.78
36058.59;-103.78
36061.52;-103.94
36064.45;-103.94
36067.38;-103.86
36070.31;-103.94
36073.24;-103.78
36076.17;-103.70
36079.10;-103.55
36082.03;-103.70
36084.96;-103.86
36087.89;-103.86
36090.82;-103.86
36093.75;-103.86
36096.68;-103.94
36099.61;-103.86
36102.54;-103.86
36105.47;-103.94
36108.40;-104.01
36111.33;-103.86
36114.26;-103.78
36117.19;-104.09
36120.12;-103.94
36123.05;-103.78
36125.98;-103.70
36128.91;-103.39
36131.84;-103.55
36134.77;-103.70
36137.70;-103.55
36140.63;-103.55
36143.55;-103.70
36146.48;-103.62
36149.41;-103.62
36152.34;-103.78
36155.27;-103.86
36158.20;-103.78
36161.13;-103.86
36164.06;-103.62
36166.99;-103.62
36169.92;-103.62
36172.85;-103.78
36175.78;-103.70
36178.71;-103.62
36181.64;-103.55
36184.57;-103.86
36187.50;-104.09
36190.43;-104.09
36193.36;-103.78
36196.29;-103.78
36199.22;-103.94
36202.15;-103.86
36205.08;-103.62
36208.01;-103.62
36210.94;-103.78
36213.87;-103.78
36216.80;-103.62
36219.73;-103.62
36222.66;-103.86
36225.59;-104.01
36228.52;-103.86
36231.45;-103.86
36234.38;-103.94
36237.30;-103.78
36240.23;-104.01
36243.16;-103.94
36246.09;-103.78
36249.02;-103.70
36251.95;-103.70
36254.88;-103.78
36257.81;-103.78
36260.74;-103.86
36263.67;-103.70
36266.60;-103.47
36269.53;-103.62
36272.46;-103.62
36275.39;-103.62
36278.32;-103.86
36281.25;-103.70
36284.18;-103.78
36287.11;-104.17
36290.04;-104.17
36292.97;-104.09
36295.90;-104.01
36298.83;-103.78
36301.76;-103.62
36304.69;-103.86
36307.62;-103.70
36310.55;-103.78
36313.48;-103.86
36316.41;-104.09
36319.34;-103.70
36322.27;-103.70
36325.20;-104.17
36328.13;-103.94
36331.05;-103.94
36333.98;-103.86
36336.91;-103.94
36339.84;-104.01
36342.77;-104.01
36345.70;-103.94
36348.63;-103.70
36351.56;-103.86
36354.49;-103.78
36357.42;-103.70
36360.35;-103.62
36363.28;-103.62
36366.21;-103.86
36369.14;-103.94
36372.07;-104.09
36375.00;-103.70
36377.93;-103.86
36380.86;-104.01
36383.79;-104.01
36386.72;-104.01
36389.65;-104.01
36392.58;-103.94
36395.51;-103.62
36398.44;-103.86
36401.37;-103.62
36404.30;-103.94
36407.23;-103.86
36410.16;-103.94
36413.09;-103.78
36416.02;-103.62
36418.95;-103.70
36421.88;-103.94
36424.80;-103.86
36427.73;-103.86
36430.66;-104.17
36433.59;-104.33
36436.52;-104.17
36439.45;-104.01
36442.38;-104.01
36445.31;-104.01
36448.24;-104.01
36451.17;-103.94
36454.10;-103.86
36457.03;-103.78
36459.96;-103.94
36462.89;-103.78
36465.82;-103.94
36468.75;-103.62
36471.68;-103.55
36474.61;-103.70
36477.54;-103.62
36480.47;-103.62
36483.40;-103.70
36486.33;-103.94
36489.26;-103.94
36492.19;-103.86
36495.12;-104.09
36498.05;-103.70
36500.98;-103.86
36503.91;-103.78
36506.84;-103.86
36509.77;-103.94
36512.70;-103.86
36515.63;-104.17
36518.55;-104.01
36521.48;-103.78
36524.41;-104.09
36527.34;-103.86
36530.27;-103.86
36533.20;-104.01
36536.13;-104.01
36539.06;-104.25
36541.99;-104.09
36544.92;-104.25
36547.85;-104.01
36550.78;-104.01
36553.71;-103.86
36556.64;-103.86
36559.57;-104.09
36562.50;-104.17
36565.43;-104.17
36568.36;-104.09
36571.29;-103.94
36574.22;-103.94
36577.15;-104.01
36580.08;-104.01
36583.01;-103.86
36585.94;-103.94
36588.87;-104.09
36591.80;-104.01
36594.73;-104.01
36597.66;-103.94
36600.59;-103.94
36603.52;-103.86
36606.45;-103.70
36609.38;-103.70
36612.30;-103.78
36615.23;-103.70
36618.16;-103.86
36621.09;-103.94
36624.02;-104.01
36626.95;-104.17
36629.88;-104.09
36632.81;-104.09
36635.74;-103.94
36638.67;-103.86
36641.60;-104.01
36644.53;-104.01
36647.46;-103.94
36650.39;-103.78
36653.32;-104.09
36656.25;-104.01
36659.18;-103.78
36662.11;-103.94
36665.04;-104.17
36667.97;-103.94
36670.90;-103.94
36673.83;-104.09
36676.76;-103.70
36679.69;-103.78
36682.62;-104.17
36685.55;-103.94
36688.48;-104.01
36691.41;-103.70
36694.34;-103.78
36697.27;-103.86
36700.20;-103.94
36703.13;-104.01
36706.05;-103.94
36708.98;-104.01
36711.91;-103.94
36714.84;-103.70
36717.77;-104.01
36720.70;-104.17
36723.63;-104.17
36726.56;-104.17
36729.49;-103.94
36732.42;-103.86
36735.35;-103.78
36738.28;-103.86
36741.21;-103.70
36744.14;-104.09
36747.07;-104.25
36750.00;-104.01
36752.93;-104.17
36755.86;-104.09
36758.79;-104.17
36761.72;-104.09
36764.65;-103.86
36767.58;-103.94
36770.51;-104.01
36773.44;-104.01
36776.37;-103.94
36779.30;-103.94
36782.23;-103.78
36785.16;-103.78
36788.09;-104.01
36791.02;-104.09
36793.95;-103.94
36796.88;-103.78
36799.80;-103.78
36802.73;-103.62
36805.66;-104.17
36808.59;-104.09
36811.52;-104.01
36814.45;-103.70
36817.38;-103.55
36820.31;-103.86
36823.24;-104.01
36826.17;-104.01
36829.10;-103.94
36832.03;-104.01
36834.96;-103.94
36837.89;-104.17
36840.82;-104.17
36843.75;-103.94
36846.68;-104.09
36849.61;-104.25
36852.54;-104.09
36855.47;-103.86
36858.40;-103.86
36861.33;-104.01
36864.26;-104.33
36867.19;-104.01
36870.12;-103.94
36873.05;-104.01
36875.98;-103.86
36878.91;-103.94
36881.84;-103.94
36884.77;-103.78
36887.70;-104.01
36890.63;-103.86
36893.55;-104.17
36896.48;-104.09
36899.41;-104.17
36902.34;-104.09
36905.27;-104.01
36908.20;-104.01
36911.13;-104.09
36914.06;-104.33
36916.99;-104.01
36919.92;-104.01
36922.85;-104.17
36925.78;-104.17
36928.71;-103.94
36931.64;-103.86
36934.57;-103.78
36937.50;-103.62
36940.43;-103.86
36943.36;-104.09
36946.29;-104.17
36949.22;-104.09
36952.15;-104.09
36955.08;-104.17
36958.01;-104.09
36960.94;-104.09
36963.87;-103.94
36966.80;-104.01
36969.73;-104.33
36972.66;-104.09
36975.59;-103.94
36978.52;-104.09
36981.45;-104.01
36984.38;-104.17
36987.30;-104.33
36990.23;-104.33
36993.16;-104.09
36996.09;-104.25
36999.02;-104.41
37001.95;-104.09
37004.88;-104.01
37007.81;-104.09
37010.74;-104.01
37013.67;-104.09
37016.60;-103.94
37019.53;-103.86
37022.46;-103.86
37025.39;-103.86
37028.32;-103.94
37031.25;-104.33
37034.18;-104.25
37037.11;-104.01
37040.04;-104.17
37042.97;-104.17
37045.90;-103.86
37048.83;-104.33
37051.76;-104.25
37054.69;-104.25
37057.62;-103.94
37060.55;-104.09
37063.48;-104.01
37066.41;-103.78
37069.34;-103.86
37072.27;-103.70
37075.20;-104.09
37078.13;-104.17
37081.05;-104.17
37083.98;-104.17
37086.91;-104.17
37089.84;-104.01
37092.77;-104.01
37095.70;-104.09
37098.63;-103.86
37101.56;-103.78
37104.49;-104.17
37107.42;-104.41
37110.35;-104.25
37113.28;-103.94
37116.21;-103.86
37119.14;-103.94
37122.07;-103.70
37125.00;-103.94
37127.93;-104.25
37130.86;-104.17
37133.79;-104.25
37136.72;-103.94
37139.65;-103.78
37142.58;-103.78
37145.51;-104.09
37148.44;-104.09
37151.37;-104.01
37154.30;-103.94
37157.23;-104.09
37160.16;-104.17
37163.09;-104.09
37166.02;-104.09
37168.95;-104.01
37171.88;-104.01
37174.80;-104.09
37177.73;-103.86
37180.66;-103.94
37183.59;-104.17
37186.52;-104.25
37189.45;-104.17
37192.38;-103.94
37195.31;-104.17
37198.24;-104.41
37201.17;-104.25
37204.10;-104.17
37207.03;-104.09
37209.96;-104.17
37212.89;-104.17
37215.82;-104.09
37218.75;-104.17
37221.68;-104.01
37224.61;-103.86
37227.54;-103.94
37230.47;-104.09
37233.40;-104.01
37236.33;-104.01
37239.26;-104.33
37242.19;-104.41
37245.12;-104.09
37248.05;-104.09
37250.98;-104.33
37253.91;-104.17
37256.84;-104.41
37259.77;-104.33
37262.70;-104.09
37265.63;-104.01
37268.55;-104.17
37271.48;-104.09
37274.41;-103.78
37277.34;-104.01
37280.27;-104.25
37283.20;-104.25
37286.13;-103.94
37289.06;-103.86
37291.99;-103.70
37294.92;-103.94
37297.85;-104.09
37300.78;-104.25
37303.71;-104.41
37306.64;-104.48
37309.57;-104.33
37312.50;-103.94
37315.43;-104.01
37318.36;-104.09
37321.29;-104.01
37324.22;-104.33
37327.15;-103.94
37330.08;-104.09
37333.01;-104.48
37335.94;-104.33
37338.87;-104.17
37341.80;-104.17
37344.73;-104.09
37347.66;-104.01
37350.59;-104.17
37353.52;-104.25
37356.45;-104.25
37359.38;-104.17
37362.30;-104.09
37365.23;-104.25
37368.16;-104.17
37371.09;-104.09
37374.02;-104.25
37376.95;-104.48
37379.88;-104.17
37382.81;-104.17
37385.74;-104.09
37388.67;-104.33
37391.60;-104.25
37394.53;-104.25
37397.46;-104.17
37400.39;-104.25
37403.32;-104.17
37406.25;-104.09
37409.18;-104.25
37412.11;-104.25
37415.04;-104.17
37417.97;-104.41
37420.90;-104.33
37423.83;-103.94
37426.76;-103.70
37429.69;-103.86
37432.62;-104.01
37435.55;-104.41
37438.48;-104.09
37441.41;-103.86
37444.34;-104.17
37447.27;-104.56
37450.20;-104.41
37453.13;-104.09
37456.05;-104.17
37458.98;-104.17
37461.91;-104.01
37464.84;-104.25
37467.77;-104.33
37470.70;-104.48
37473.63;-104.48
37476.56;-104.33
37479.49;-104.17
37482.42;-104.09
37485.35;-104.17
37488.28;-103.86
37491.21;-103.86
37494.14;-104.09
37497.07;-104.41
37500.00;-104.33
37502.93;-104.25
37505.86;-104.09
37508.79;-104.01
37511.72;-104.01
37514.65;-104.09
37517.58;-104.17
37520.51;-104.09
37523.44;-104.09
37526.37;-104.17
37529.30;-104.33
37532.23;-104.17
37535.16;-104.17
37538.09;-104.33
37541.02;-104.25
37543.95;-104.41
37546.88;-104.09
37549.80;-104.09
37552.73;-104.01
37555.66;-104.25
37558.59;-104.09
37561.52;-103.86
37564.45;-103.94
37567.38;-103.94
37570.31;-103.94
37573.24;-104.17
37576.17;-104.09
37579.10;-104.17
37582.03;-104.01
37584.96;-103.94
37587.89;-103.94
37590.82;-103.94
37593.75;-104.09
37596.68;-104.48
37599.61;-104.41
37602.54;-104.17
37605.47;-104.25
37608.40;-104.17
37611.33;-104.17
37614.26;-104.33
37617.19;-104.48
37620.12;-104.01
37623.05;-103.78
37625.98;-104.09
37628.91;-104.25
37631.84;-104.48
37634.77;-104.41
37637.70;-104.09
37640.63;-104.17
37643.55;-104.33
37646.48;-104.33
37649.41;-104.33
37652.34;-104.01
37655.27;-104.01
37658.20;-104.09
37661.13;-104.25
37664.06;-104.25
37666.99;-104.25
37669.92;-104.09
37672.85;-104.09
37675.78;-104.25
37678.71;-104.17
37681.64;-103.94
37684.57;-103.70
37687.50;-104.01
37690.43;-104.25
37693.36;-104.48
37696.29;-104.48
37699.22;-104.17
37702.15;-104.48
37705.08;-104.56
37708.01;-104.25
37710.94;-104.25
37713.87;-104.17
37716.80;-104.33
37719.73;-104.33
37722.66;-104.17
37725.59;-104.25
37728.52;-104.25
37731.45;-104.09
37734.38;-104.01
37737.30;-104.09
37740.23;-104.09
37743.16;-104.09
37746.09;-104.25
37749.02;-104.09
37751.95;-104.01
37754.88;-104.17
37757.81;-104.01
37760.74;-104.09
37763.67;-104.33
37766.60;-104.41
37769.53;-104.25
37772.46;-104.33
37775.39;-104.25
37778.32;-104.25
37781.25;-104.41
37784.18;-104.41
37787.11;-104.41
37790.04;-104.33
37792.97;-104.25
37795.90;-104.09
37798.83;-104.17
37801.76;-104.25
37804.69;-104.25
37807.62;-104.33
37810.55;-104.41
37813.48;-104.09
37816.41;-104.25
37819.34;-104.64
37822.27;-104.64
37825.20;-104.25
37828.13;-104.17
37831.05;-104.33
37833.98;-104.33
37836.91;-104.56
37839.84;-104.17
37842.77;-104.09
37845.70;-104.17
37848.63;-104.33
37851.56;-104.48
37854.49;-104.48
37857.42;-104.41
37860.35;-104.33
37863.28;-104.33
37866.21;-104.41
37869.14;-104.33
37872.07;-104.17
37875.00;-104.25
37877.93;-104.25
37880.86;-104.17
37883.79;-104.17
37886.72;-104.25
37889.65;-104.25
37892.58;-104.33
37895.51;-104.17
37898.44;-104.09
37901.37;-104.33
37904.30;-104.41
37907.23;-104.41
37910.16;-104.56
37913.09;-104.33
37916.02;-104.17
37918.95;-104.09
37921.88;-104.33
37924.80;-104.09
37927.73;-104.25
37930.66;-104.33
37933.59;-104.33
37936.52;-104.41
37939.45;-104.41
37942.38;-104.33
37945.31;-104.17
37948.24;-104.25
37951.17;-104.17
37954.10;-104.17
37957.03;-104.25
37959.96;-104.33
37962.89;-104.25
37965.82;-104.41
37968.75;-104.41
37971.68;-104.41
37974.61;-104.25
37977.54;-104.41
37980.47;-104.33
37983.40;-104.25
37986.33;-104.33
37989.26;-104.25
37992.19;-104.33
37995.12;-104.25
37998.05;-104.09
38000.98;-104.17
38003.91;-104.41
38006.84;-104.25
38009.77;-104.48
38012.70;-104.25
38015.63;-104.01
38018.55;-104.25
38021.48;-104.41
38024.41;-104.56
38027.34;-104.33
38030.27;-104.41
38033.20;-104.64
38036.13;-104.41
38039.06;-104.09
38041.99;-104.25
38044.92;-104.41
38047.85;-104.33
38050.78;-104.17
38053.71;-104.09
38056.64;-104.09
38059.57;-104.09
38062.50;-104.01
38065.43;-104.17
38068.36;-104.48
38071.29;-104.41
38074.22;-104.41
38077.15;-104.25
38080.08;-104.09
38083.01;-104.25
38085.94;-104.41
38088.87;-103.94
38091.80;-103.94
38094.73;-104.17
38097.66;-104.48
38100.59;-104.33
38103.52;-104.33
38106.45;-104.33
38109.38;-104.41
38112.30;-104.25
38115.23;-104.25
38118.16;-104.41
38121.09;-104.25
38124.02;-104.33
38126.95;-104.33
38129.88;-104.41
38132.81;-104.56
38135.74;-104.56
38138.67;-104.25
38141.60;-104.17
38144.53;-104.25
38147.46;-104.25
38150.39;-104.25
38153.32;-104.25
38156.25;-104.25
38159.18;-104.17
38162.11;-104.41
38165.04;-104.09
38167.97;-104.17
38170.90;-104.33
38173.83;-104.25
38176.76;-104.48
38179.69;-104.41
38182.62;-104.33
38185.55;-104.33
38188.48;-104.56
38191.41;-104.56
38194.34;-104.56
38197.27;-104.17
38200.20;-103.94
38203.13;-104.01
38206.05;-104.33
38208.98;-104.25
38211.91;-104.33
38214.84;-104.17
38217.77;-104.01
38220.70;-104.17
38223.63;-104.33
38226.56;-104.33
38229.49;-104.41
38232.42;-104.41
38235.35;-104.41
38238.28;-104.41
38241.21;-104.41
38244.14;-104.41
38247.07;-104.17
38250.00;-104.48
38252.93;-104.25
38255.86;-104.33
38258.79;-104.48
38261.72;-104.33
38264.65;-104.09
38267.58;-103.70
38270.51;-103.94
38273.44;-104.09
38276.37;-104.17
38279.30;-104.33
38282.23;-104.48
38285.16;-104.64
38288.09;-104.33
38291.02;-104.33
38293.95;-104.48
38296.88;-104.48
38299.80;-104.17
38302.73;-104.25
38305.66;-104.09
38308.59;-104.17
38311.52;-104.25
38314.45;-104.17
38317.38;-104.64
38320.31;-104.48
38323.24;-104.17
38326.17;-104.41
38329.10;-104.56
38332.03;-104.41
38334.96;-104.25
38337.89;-104.25
38340.82;-104.41
38343.75;-104.48
38346.68;-104.48
38349.61;-104.01
38352.54;-104.17
38355.47;-104.48
38358.40;-104.48
38361.33;-104.25
38364.26;-104.33
38367.19;-104.48
38370.12;-104.33
38373.05;-104.33
38375.98;-104.48
38378.91;-104.33
38381.84;-104.09
38384.77;-104.01
38387.70;-104.25
38390.63;-104.41
38393.55;-104.41
38396.48;-104.64
38399.41;-104.41
38402.34;-104.25
38405.27;-104.33
38408.20;-104.41
38411.13;-104.48
38414.06;-104.48
38416.99;-104.25
38419.92;-104.41
38422.85;-104.56
38425.78;-104.64
38428.71;-104.48
38431.64;-104.33
38434.57;-104.17
38437.50;-104.01
38440.43;-104.25
38443.36;-104.41
38446.29;-104.56
38449.22;-104.48
38452.15;-104.56
38455.08;-104.41
38458.01;-104.25
38460.94;-104.09
38463.87;-104.09
38466.80;-104.25
38469.73;-104.17
38472.66;-104.25
38475.59;-104.25
38478.52;-104.33
38481.45;-104.48
38484.38;-104.64
38487.30;-104.64
38490.23;-104.33
38493.16;-104.48
38496.09;-104.80
38499.02;-104.80
38501.95;-104.41
38504.88;-104.33
38507.81;-104.25
38510.74;-104.33
38513.67;-104.48
38516.60;-104.33
38519.53;-104.25
38522.46;-104.09
38525.39;-104.17
38528.32;-104.17
38531.25;-104.56
38534.18;-104.48
38537.11;-104.72
38540.04;-104.41
38542.97;-104.41
38545.90;-104.41
38548.83;-104.41
38551.76;-104.25
38554.69;-104.41
38557.62;-104.48
38560.55;-104.41
38563.48;-104.56
38566.41;-104.48
38569.34;-104.25
38572.27;-104.41
38575.20;-104.95
38578.13;-104.48
38581.05;-104.48
38583.98;-104.41
38586.91;-104.41
38589.84;-104.64
38592.77;-104.72
38595.70;-104.80
38598.63;-104.48
38601.56;-104.48
38604.49;-104.56
38607.42;-104.56
38610.35;-104.33
38613.28;-104.41
38616.21;-104.64
38619.14;-104.64
38622.07;-104.48
38625.00;-104.33
38627.93;-104.25
38630.86;-104.33
38633.79;-104.25
38636.72;-104.41
38639.65;-104.80
38642.58;-104.56
38645.51;-104.56
38648.44;-104.48
38651.37;-104.48
38654.30;-104.48
38657.23;-104.56
38660.16;-104.48
38663.09;-104.25
38666.02;-104.48
38668.95;-104.80
38671.88;-104.56
38674.80;-104.56
38677.73;-104.56
38680.66;-104.56
38683.59;-104.17
38686.52;-104.25
38689.45;-104.48
38692.38;-104.48
38695.31;-104.64
38698.24;-104.48
38701.17;-104.48
38704.10;-104.41
38707.03;-104.48
38709.96;-104.48
38712.89;-104.48
38715.82;-104.33
38718.75;-104.80
38721.68;-104.48
38724.61;-104.17
38727.54;-104.17
38730.47;-104.33
38733.40;-104.41
38736.33;-104.17
38739.26;-104.09
38742.19;-104.41
38745.12;-104.72
38748.05;-104.41
38750.98;-104.48
38753.91;-104.48
38756.84;-104.56
38759.77;-104.41
38762.70;-104.17
38765.63;-104.41
38768.55;-104.33
38771.48;-104.41
38774.41;-104.56
38777.34;-104.48
38780.27;-104.25
38783.20;-104.01
38786.13;-104.17
38789.06;-104.25
38791.99;-104.48
38794.92;-104.41
38797.85;-104.41
38800.78;-104.56
38803.71;-104.64
38806.64;-104.48
38809.57;-104.41
38812.50;-104.56
38815.43;-104.64
38818.36;-104.48
38821.29;-104.33
38824.22;-104.33
38827.15;-104.41
38830.08;-104.25
38833.01;-104.41
38835.94;-104.56
38838.87;-104.56
38841.80;-104.64
38844.73;-104.64
38847.66;-104.41
38850.59;-104.48
38853.52;-104.56
38856.45;-104.41
38859.38;-104.41
38862.30;-104.48
38865.23;-104.33
38868.16;-104.56
38871.09;-104.56
38874.02;-104.41
38876.95;-104.33
38879.88;-104.33
38882.81;-104.48
38885.74;-104.33
38888.67;-104.41
38891.60;-104.48
38894.53;-104.48
38897.46;-104.33
38900.39;-104.17
38903.32;-104.41
38906.25;-104.56
38909.18;-104.33
38912.11;-104.33
38915.04;-104.25
38917.97;-104.41
38920.90;-104.80
38923.83;-104.80
38926.76;-104.48
38929.69;-104.48
38932.62;-104.17
38935.55;-104.48
38938.48;-104.64
38941.41;-104.56
38944.34;-104.41
38947.27;-104.33
38950.20;-104.25
38953.13;-104.33
38956.05;-104.33
38958.98;-104.64
38961.91;-104.48
38964.84;-104.48
38967.77;-104.72
38970.70;-104.72
38973.63;-104.56
38976.56;-104.80
38979.49;-104.80
38982.42;-104.48
38985.35;-104.80
38988.28;-104.56
38991.21;-104.25
38994.14;-104.64
38997.07;-104.56
39000.00;-104.48
39002.93;-104.33
39005.86;-104.25
39008.79;-104.41
39011.72;-104.87
39014.65;-104.64
39017.58;-104.41
39020.51;-104.56
39023.44;-104.48
39026.37;-104.56
39029.30;-104.56
39032.23;-104.09
39035.16;-104.25
39038.09;-104.33
39041.02;-104.25
39043.95;-104.25
39046.88;-104.41
39049.80;-104.48
39052.73;-104.25
39055.66;-104.25
39058.59;-104.41
39061.52;-104.80
39064.45;-104.72
39067.38;-104.48
39070.31;-104.64
39073.24;-104.48
39076.17;-104.41
39079.10;-104.80
39082.03;-104.72
39084.96;-104.56
39087.89;-104.64
39090.82;-104.56
39093.75;-104.80
39096.68;-104.87
39099.61;-104.48
39102.54;-104.48
39105.47;-104.48
39108.40;-104.41
39111.33;-104.48
39114.26;-104.48
39117.19;-104.56
39120.12;-104.64
39123.05;-104.41
39125.98;-104.41
39128.91;-104.33
39131.84;-104.41
39134.77;-104.48
39137.70;-104.48
39140.63;-104.48
39143.55;-104.33
39146.48;-104.25
39149.41;-104.33
39152.34;-104.56
39155.27;-104.56
39158.20;-104.56
39161.13;-104.41
39164.06;-104.33
39166.99;-104.41
39169.92;-104.80
39172.85;-104.87
39175.78;-104.64
39178.71;-104.41
39181.64;-104.64
39184.57;-104.25
39187.50;-104.33
39190.43;-104.48
39193.36;-104.48
39196.29;-104.33
39199.22;-104.33
39202.15;-104.56
39205.08;-104.48
39208.01;-104.56
39210.94;-104.56
39213.87;-104.33
39216.80;-104.33
39219.73;-104.72
39222.66;-104.64
39225.59;-104.72
39228.52;-104.56
39231.45;-104.64
39234.38;-104.64
39237.30;-104.72
39240.23;-104.56
39243.16;-104.48
39246.09;-104.41
39249.02;-104.41
39251.95;-104.56
39254.88;-104.64
39257.81;-104.87
39260.74;-104.80
39263.67;-104.72
39266.60;-104.41
39269.53;-104.48
39272.46;-104.64
39275.39;-104.25
39278.32;-104.09
39281.25;-104.17
39284.18;-104.41
39287.11;-104.56
39290.04;-104.48
39292.97;-104.17
39295.90;-104.41
39298.83;-104.64
39301.76;-105.19
39304.69;-105.03
39307.62;-104.56
39310.55;-104.33
39313.48;-104.25
39316.41;-104.48
39319.34;-104.64
39322.27;-104.56
39325.20;-104.48
39328.13;-104.48
39331.05;-104.80
39333.98;-104.72
39336.91;-104.48
39339.84;-104.48
39342.77;-104.64
39345.70;-104.48
39348.63;-104.48
39351.56;-104.41
39354.49;-104.48
39357.42;-104.41
39360.35;-104.80
39363.28;-104.87
39366.21;-104.48
39369.14;-104.41
39372.07;-104.56
39375.00;-104.33
39377.93;-104.41
39380.86;-104.48
39383.79;-104.41
39386.72;-104.48
39389.65;-104.48
39392.58;-104.72
39395.51;-104.64
39398.44;-104.56
39401.37;-104.41
39404.30;-104.56
39407.23;-104.56
39410.16;-104.56
39413.09;-104.72
39416.02;-104.56
39418.95;-104.56
39421.88;-104.56
39424.80;-104.41
39427.73;-104.64
39430.66;-104.64
39433.59;-104.80
39436.52;-104.56
39439.45;-104.17
39442.38;-104.41
39445.31;-104.48
39448.24;-104.48
39451.17;-104.72
39454.10;-104.56
39457.03;-104.33
39459.96;-104.17
39462.89;-104.33
39465.82;-104.48
39468.75;-104.64
39471.68;-104.72
39474.61;-104.56
39477.54;-104.56
39480.47;-104.48
39483.40;-104.41
39486.33;-104.41
39489.26;-104.33
39492.19;-104.33
39495.12;-104.41
39498.05;-104.56
39500.98;-104.64
39503.91;-104.41
39506.84;-104.41
39509.77;-104.64
39512.70;-104.72
39515.63;-104.87
39518.55;-104.72
39521.48;-104.72
39524.41;-104.95
39527.34;-104.64
39530.27;-104.72
39533.20;-104.87
39536.13;-104.48
39539.06;-104.41
39541.99;-104.48
39544.92;-104.48
39547.85;-104.48
39550.78;-104.64
39553.71;-104.48
39556.64;-104.56
39559.57;-104.64
39562.50;-104.72
39565.43;-104.48
39568.36;-104.09
39571.29;-104.25
39574.22;-104.41
39577.15;-104.33
39580.08;-104.56
39583.01;-104.48
39585.94;-104.41
39588.87;-104.48
39591.80;-104.41
39594.73;-104.48
39597.66;-104.33
39600.59;-104.33
39603.52;-104.25
39606.45;-104.48
39609.38;-104.87
39612.30;-104.72
39615.23;-104.64
39618.16;-104.64
39621.09;-104.64
39624.02;-104.80
39626.95;-104.64
39629.88;-104.72
39632.81;-104.87
39635.74;-104.87
39638.67;-104.56
39641.60;-104.48
39644.53;-104.64
39647.46;-104.80
39650.39;-104.80
39653.32;-104.72
39656.25;-104.56
39659.18;-104.48
39662.11;-104.41
39665.04;-104.17
39667.97;-104.25
39670.90;-104.41
39673.83;-104.48
39676.76;-104.64
39679.69;-104.56
39682.62;-104.25
39685.55;-104.33
39688.48;-104.80
39691.41;-104.80
39694.34;-104.56
39697.27;-104.72
39700.20;-104.72
39703.13;-104.56
39706.05;-104.56
39708.98;-104.64
39711.91;-104.80
39714.84;-104.48
39717.77;-104.41
39720.70;-104.48
39723.63;-104.41
39726.56;-104.72
39729.49;-104.80
39732.42;-104.64
39735.35;-104.72
39738.28;-104.72
39741.21;-104.48
39744.14;-104.56
39747.07;-104.64
39750.00;-104.80
39752.93;-104.87
39755.86;-104.87
39758.79;-104.56
39761.72;-104.64
39764.65;-104.72
39767.58;-104.80
39770.51;-104.64
39773.44;-104.56
39776.37;-104.64
39779.30;-104.56
39782.23;-104.56
39785.16;-104.56
39788.09;-104.64
39791.02;-104.33
39793.95;-104.41
39796.88;-104.48
39799.80;-104.48
39802.73;-104.64
39805.66;-104.64
39808.59;-104.72
39811.52;-104.80
39814.45;-104.80
39817.38;-104.64
39820.31;-104.41
39823.24;-104.56
39826.17;-104.48
39829.10;-104.56
39832.03;-104.64
39834.96;-104.56
39837.89;-104.41
39840.82;-104.64
39843.75;-104.56
39846.68;-104.48
39849.61;-104.64
39852.54;-104.56
39855.47;-104.25
39858.40;-104.48
39861.33;-104.80
39864.26;-104.56
39867.19;-104.48
39870.12;-104.56
39873.05;-104.56
39875.98;-104.87
39878.91;-104.64
39881.84;-104.48
39884.77;-104.33
39887.70;-104.48
39890.63;-104.64
39893.55;-104.41
39896.48;-104.41
39899.41;-104.64
39902.34;-104.56
39905.27;-104.41
39908.20;-104.33
39911.13;-104.41
39914.06;-104.48
39916.99;-104.80
39919.92;-104.95
39922.85;-104.72
39925.78;-104.48
39928.71;-104.56
39931.64;-104.80
39934.57;-104.87
39937.50;-104.72
39940.43;-104.56
39943.36;-104.48
39946.29;-104.64
39949.22;-104.87
39952.15;-104.64
39955.08;-104.56
39958.01;-104.48
39960.94;-104.25
39963.87;-104.41
39966.80;-104.72
39969.73;-104.72
39972.66;-104.41
39975.59;-104.48
39978.52;-104.72
39981.45;-104.72
39984.38;-104.64
39987.30;-104.80
39990.23;-104.64
39993.16;-104.87
39996.09;-104.48
39999.02;-104.80
40001.95;-104.87
40004.88;-104.48
40007.81;-104.48
40010.74;-104.80
40013.67;-104.64
40016.60;-104.41
40019.53;-104.33
40022.46;-104.72
40025.39;-104.80
40028.32;-104.48
40031.25;-104.41
40034.18;-104.64
40037.11;-104.64
40040.04;-104.80
40042.97;-104.95
40045.90;-104.64
40048.83;-104.56
40051.76;-104.64
40054.69;-104.87
40057.62;-104.80
40060.55;-104.80
40063.48;-104.80
40066.41;-104.72
40069.34;-104.72
40072.27;-104.72
40075.20;-104.80
40078.13;-104.72
40081.05;-104.64
40083.98;-104.72
40086.91;-104.72
40089.84;-104.56
40092.77;-104.48
40095.70;-104.56
40098.63;-104.64
40101.56;-104.87
40104.49;-104.72
40107.42;-104.64
40110.35;-104.56
40113.28;-104.48
40116.21;-104.41
40119.14;-104.64
40122.07;-104.87
40125.00;-104.64
40127.93;-104.41
40130.86;-104.72
40133.79;-104.48
40136.72;-104.33
40139.65;-104.48
40142.58;-104.72
40145.51;-104.56
40148.44;-104.56
40151.37;-104.64
40154.30;-104.33
40157.23;-104.17
40160.16;-104.25
40163.09;-104.48
40166.02;-104.72
40168.95;-104.80
40171.88;-104.56
40174.80;-104.48
40177.73;-104.56
40180.66;-104.48
40183.59;-104.64
40186.52;-104.80
40189.45;-104.41
40192.38;-104.41
40195.31;-104.56
40198.24;-104.56
40201.17;-104.41
40204.10;-104.41
40207.03;-104.56
40209.96;-104.64
40212.89;-104.56
40215.82;-104.56
40218.75;-104.64
40221.68;-104.64
40224.61;-104.48
40227.54;-104.64
40230.47;-104.72
40233.40;-104.72
40236.33;-104.41
40239.26;-104.87
40242.19;-104.72
40245.12;-104.56
40248.05;-104.41
40250.98;-104.72
40253.91;-105.03
40256.84;-104.64
40259.77;-104.48
40262.70;-104.56
40265.63;-104.80
40268.55;-104.56
40271.48;-104.87
40274.41;-104.87
40277.34;-104.80
40280.27;-104.41
40283.20;-104.41
40286.13;-104.64
40289.06;-104.80
40291.99;-104.80
40294.92;-104.72
40297.85;-104.72
40300.78;-104.72
40303.71;-104.72
40306.64;-104.64
40309.57;-104.80
40312.50;-104.72
40315.43;-104.72
40318.36;-104.72
40321.29;-104.48
40324.22;-104.48
40327.15;-104.56
40330.08;-104.64
40333.01;-104.64
40335.94;-104.56
40338.87;-104.80
40341.80;-104.72
40344.73;-104.72
40347.66;-104.80
40350.59;-104.64
40353.52;-104.64
40356.45;-104.72
40359.38;-104.95
40362.30;-104.87
40365.23;-105.03
40368.16;-104.87
40371.09;-104.64
40374.02;-104.72
40376.95;-104.64
40379.88;-104.48
40382.81;-104.48
40385.74;-104.56
40388.67;-104.80
40391.60;-104.64
40394.53;-104.56
40397.46;-104.48
40400.39;-104.48
40403.32;-104.56
40406.25;-104.87
40409.18;-104.95
40412.11;-104.87
40415.04;-104.64
40417.97;-104.80
40420.90;-104.95
40423.83;-104.80
40426.76;-104.80
40429.69;-104.95
40432.62;-104.80
40435.55;-104.56
40438.48;-104.33
40441.41;-104.64
40444.34;-104.80
40447.27;-104.56
40450.20;-104.56
40453.13;-104.72
40456.05;-104.64
40458.98;-104.56
40461.91;-104.41
40464.84;-104.41
40467.77;-104.64
40470.70;-104.56
40473.63;-104.48
40476.56;-104.64
40479.49;-104.80
40482.42;-104.64
40485.35;-104.56
40488.28;-104.33
40491.21;-104.48
40494.14;-104.72
40497.07;-105.03
40500.00;-104.95
40502.93;-104.72
40505.86;-104.87
40508.79;-104.72
40511.72;-104.56
40514.65;-104.72
40517.58;-104.56
40520.51;-104.72
40523.44;-104.64
40526.37;-104.64
40529.30;-104.41
40532.23;-104.33
40535.16;-104.56
40538.09;-104.48
40541.02;-104.48
40543.95;-104.64
40546.88;-104.56
40549.80;-104.64
40552.73;-104.72
40555.66;-104.64
40558.59;-104.64
40561.52;-104.80
40564.45;-104.95
40567.38;-104.72
40570.31;-104.80
40573.24;-104.64
40576.17;-104.48
40579.10;-104.48
40582.03;-104.64
40584.96;-104.87
40587.89;-104.64
40590.82;-104.56
40593.75;-104.72
40596.68;-104.64
40599.61;-104.56
40602.54;-104.64
40605.47;-104.64
40608.40;-104.80
40611.33;-104.80
40614.26;-104.80
40617.19;-104.72
40620.12;-104.64
40623.05;-104.72
40625.98;-104.80
40628.91;-104.64
40631.84;-104.80
40634.77;-104.87
40637.70;-104.87
40640.63;-104.87
40643.55;-104.80
40646.48;-104.56
40649.41;-104.56
40652.34;-104.64
40655.27;-104.56
40658.20;-104.72
40661.13;-104.72
40664.06;-104.72
40666.99;-104.48
40669.92;-104.72
40672.85;-104.80
40675.78;-104.56
40678.71;-104.41
40681.64;-104.64
40684.57;-104.56
40687.50;-104.80
40690.43;-104.80
40693.36;-104.56
40696.29;-104.72
40699.22;-104.95
40702.15;-104.64
40705.08;-104.48
40708.01;-104.87
40710.94;-104.64
40713.87;-104.25
40716.80;-104.48
40719.73;-104.80
40722.66;-104.48
40725.59;-104.72
40728.52;-104.80
40731.45;-104.80
40734.38;-104.72
40737.30;-104.87
40740.23;-105.03
40743.16;-104.56
40746.09;-104.72
40749.02;-104.95
40751.95;-104.72
40754.88;-104.72
40757.81;-104.80
40760.74;-104.87
40763.67;-104.95
40766.60;-104.95
40769.53;-105.03
40772.46;-104.72
40775.39;-104.80
40778.32;-104.56
40781.25;-104.72
40784.18;-104.64
40787.11;-104.64
40790.04;-104.56
40792.97;-104.56
40795.90;-104.64
40798.83;-104.48
40801.76;-104.72
40804.69;-104.72
40807.62;-104.56
40810.55;-104.72
40813.48;-104.72
40816.41;-104.80
40819.34;-104.72
40822.27;-104.72
40825.20;-104.87
40828.13;-104.80
40831.05;-104.48
40833.98;-104.87
40836.91;-104.95
40839.84;-104.64
40842.77;-104.56
40845.70;-104.48
40848.63;-104.56
40851.56;-104.72
40854.49;-104.80
40857.42;-104.64
40860.35;-104.48
40863.28;-104.80
40866.21;-104.64
40869.14;-104.48
40872.07;-104.48
40875.00;-104.41
40877.93;-104.41
40880.86;-104.64
40883.79;-104.41
40886.72;-104.56
40889.65;-104.72
40892.58;-104.80
40895.51;-104.56
40898.44;-104.64
40901.37;-104.64
40904.30;-104.80
40907.23;-104.72
40910.16;-104.72
40913.09;-104.87
40916.02;-105.03
40918.95;-105.11
40921.88;-104.95
40924.80;-104.80
40927.73;-104.64
40930.66;-104.80
40933.59;-104.80
40936.52;-104.87
40939.45;-104.87
40942.38;-104.80
40945.31;-104.72
40948.24;-104.72
40951.17;-104.80
40954.10;-104.80
40957.03;-104.80
40959.96;-104.80
40962.89;-105.11
40965.82;-105.11
40968.75;-104.95
40971.68;-104.80
40974.61;-104.72
40977.54;-104.80
40980.47;-104.64
40983.40;-104.56
40986.33;-104.72
40989.26;-104.72
40992.19;-104.72
40995.12;-104.64
40998.05;-104.56
41000.98;-104.72
41003.91;-104.56
41006.84;-104.72
41009.77;-104.87
41012.70;-104.72
41015.63;-104.80
41018.55;-105.11
41021.48;-104.80
41024.41;-104.80
41027.34;-104.87
41030.27;-105.19
41033.20;-104.95
41036.13;-104.56
41039.06;-104.41
41041.99;-104.72
41044.92;-104.72
41047.85;-104.48
41050.78;-104.41
41053.71;-104.56
41056.64;-104.64
41059.57;-104.95
41062.50;-104.80
41065.43;-104.64
41068.36;-104.87
41071.29;-104.95
41074.22;-104.87
41077.15;-104.80
41080.08;-104.80
41083.01;-104.80
41085.94;-104.72
41088.87;-105.03
41091.80;-105.03
41094.73;-104.72
41097.66;-104.64
41100.59;-104.56
41103.52;-104.80
41106.45;-104.95
41109.38;-104.64
41112.30;-104.64
41115.23;-104.64
41118.16;-104.87
41121.09;-105.03
41124.02;-104.72
41126.95;-104.56
41129.88;-104.48
41132.81;-104.56
41135.74;-104.56
41138.67;-104.95
41141.60;-104.95
41144.53;-104.48
41147.46;-104.41
41150.39;-104.41
41153.32;-104.64
41156.25;-104.64
41159.18;-104.56
41162.11;-104.56
41165.04;-104.41
41167.97;-104.48
41170.90;-104.56
41173.83;-104.56
41176.76;-104.80
41179.69;-104.80
41182.62;-104.72
41185.55;-104.56
41188.48;-104.56
41191.41;-104.80
41194.34;-104.72
41197.27;-104.48
41200.20;-104.56
41203.13;-104.72
41206.05;-104.87
41208.98;-104.80
41211.91;-104.80
41214.84;-104.80
41217.77;-104.48
41220.70;-104.48
41223.63;-104.72
41226.56;-104.64
41229.49;-104.80
41232.42;-105.11
41235.35;-104.72
41238.28;-104.48
41241.21;-104.72
41244.14;-104.64
41247.07;-104.72
41250.00;-104.72
41252.93;-104.72
41255.86;-105.03
41258.79;-105.11
41261.72;-105.03
41264.65;-104.80
41267.58;-104.72
41270.51;-104.80
41273.44;-104.87
41276.37;-104.80
41279.30;-104.95
41282.23;-104.72
41285.16;-104.72
41288.09;-105.03
41291.02;-104.87
41293.95;-104.95
41296.88;-104.80
41299.80;-104.41
41302.73;-104.56
41305.66;-104.72
41308.59;-104.95
41311.52;-104.80
41314.45;-104.95
41317.38;-104.80
41320.31;-104.80
41323.24;-104.95
41326.17;-105.03
41329.10;-104.87
41332.03;-104.80
41334.96;-104.64
41337.89;-104.80
41340.82;-104.64
41343.75;-104.72
41346.68;-104.72
41349.61;-104.80
41352.54;-104.95
41355.47;-104.56
41358.40;-104.64
41361.33;-104.33
41364.26;-104.48
41367.19;-104.87
41370.12;-104.56
41373.05;-104.87
41375.98;-104.80
41378.91;-104.48
41381.84;-104.56
41384.77;-104.48
41387.70;-104.64
41390.63;-104.87
41393.55;-105.03
41396.48;-104.80
41399.41;-104.56
41402.34;-104.64
41405.27;-104.72
41408.20;-104.72
41411.13;-104.64
41414.06;-104.72
41416.99;-104.64
41419.92;-104.64
41422.85;-104.80
41425.78;-104.95
41428.71;-104.80
41431.64;-104.80
41434.57;-104.87
41437.50;-104.95
41440.43;-104.64
41443.36;-104.80
41446.29;-104.72
41449.22;-104.80
41452.15;-104.95
41455.08;-104.64
41458.01;-104.72
41460.94;-104.80
41463.87;-104.80
41466.80;-104.64
41469.73;-104.56
41472.66;-104.48
41475.59;-104.64
41478.52;-104.64
41481.45;-104.64
41484.38;-104.72
41487.30;-104.80
41490.23;-105.03
41493.16;-104.95
41496.09;-104.87
41499.02;-104.95
41501.95;-104.87
41504.88;-104.72
41507.81;-104.64
41510.74;-104.64
41513.67;-104.72
41516.60;-104.80
41519.53;-104.64
41522.46;-104.64
41525.39;-104.80
41528.32;-104.64
41531.25;-104.56
41534.18;-104.72
41537.11;-104.64
41540.04;-104.64
41542.97;-104.80
41545.90;-104.56
41548.83;-104.72
41551.76;-104.80
41554.69;-104.48
41557.62;-104.41
41560.55;-104.41
41563.48;-104.64
41566.41;-104.80
41569.34;-104.64
41572.27;-104.64
41575.20;-105.03
41578.13;-104.80
41581.05;-104.80
41583.98;-104.56
41586.91;-104.48
41589.84;-104.64
41592.77;-104.72
41595.70;-104.87
41598.63;-104.87
41601.56;-104.95
41604.49;-104.95
41607.42;-104.72
41610.35;-104.56
41613.28;-104.80
41616.21;-104.64
41619.14;-104.56
41622.07;-104.95
41625.00;-104.80
41627.93;-104.64
41630.86;-104.95
41633.79;-105.03
41636.72;-104.80
41639.65;-104.72
41642.58;-104.80
41645.51;-104.64
41648.44;-104.87
41651.37;-104.80
41654.30;-104.41
41657.23;-104.33
41660.16;-104.41
41663.09;-104.72
41666.02;-104.95
41668.95;-105.03
41671.88;-104.80
41674.80;-104.72
41677.73;-104.95
41680.66;-105.03
41683.59;-104.80
41686.52;-104.64
41689.45;-104.56
41692.38;-104.72
41695.31;-104.80
41698.24;-104.80
41701.17;-104.80
41704.10;-104.80
41707.03;-104.80
41709.96;-104.87
41712.89;-104.95
41715.82;-104.72
41718.75;-104.80
41721.68;-104.48
41724.61;-104.48
41727.54;-104.80
41730.47;-105.03
41733.40;-104.87
41736.33;-104.87
41739.26;-104.56
41742.19;-104.64
41745.12;-104.72
41748.05;-104.72
41750.98;-104.72
41753.91;-104.80
41756.84;-104.64
41759.77;-104.25
41762.70;-104.56
41765.63;-104.56
41768.55;-104.72
41771.48;-104.95
41774.41;-104.80
41777.34;-104.72
41780.27;-104.87
41783.20;-105.03
41786.13;-104.95
41789.06;-105.03
41791.99;-104.80
41794.92;-104.64
41797.85;-104.72
41800.78;-104.64
41803.71;-104.72
41806.64;-104.95
41809.57;-104.95
41812.50;-105.03
41815.43;-104.72
41818.36;-104.87
41821.29;-104.87
41824.22;-104.80
41827.15;-104.64
41830.08;-104.80
41833.01;-104.64
41835.94;-104.56
41838.87;-104.56
41841.80;-104.56
41844.73;-104.72
41847.66;-104.56
41850.59;-104.72
41853.52;-104.95
41856.45;-104.72
41859.38;-104.72
41862.30;-104.64
41865.23;-104.87
41868.16;-104.95
41871.09;-104.80
41874.02;-104.72
41876.95;-104.56
41879.88;-104.64
41882.81;-104.80
41885.74;-104.72
41888.67;-104.64
41891.60;-104.56
41894.53;-104.64
41897.46;-104.80
41900.39;-104.80
41903.32;-104.87
41906.25;-104.72
41909.18;-104.64
41912.11;-104.72
41915.04;-104.80
41917.97;-105.03
41920.90;-104.64
41923.83;-104.48
41926.76;-104.48
41929.69;-104.64
41932.62;-104.64
41935.55;-104.72
41938.48;-104.72
41941.41;-104.87
41944.34;-104.80
41947.27;-104.56
41950.20;-104.56
41953.13;-104.64
41956.05;-104.48
41958.98;-104.64
41961.91;-104.95
41964.84;-104.95
41967.77;-104.64
41970.70;-104.72
41973.63;-104.72
41976.56;-104.56
41979.49;-104.41
41982.42;-104.80
41985.35;-105.26
41988.28;-104.87
41991.21;-104.64
41994.14;-104.64
41997.07;-104.87
42000.00;-104.95
42002.93;-104.72
42005.86;-104.80
42008.79;-104.80
42011.72;-104.95
42014.65;-104.95
42017.58;-104.72
42020.51;-104.87
42023.44;-105.03
42026.37;-104.72
42029.30;-104.56
42032.23;-105.03
42035.16;-104.80
42038.09;-104.41
42041.02;-104.48
42043.95;-104.80
42046.88;-104.95
42049.80;-104.95
42052.73;-104.80
42055.66;-104.72
42058.59;-104.56
42061.52;-104.56
42064.45;-104.72
42067.38;-104.87
42070.31;-104.72
42073.24;-104.48
42076.17;-104.72
42079.10;-104.56
42082.03;-104.48
42084.96;-104.72
42087.89;-104.56
42090.82;-104.72
42093.75;-104.72
42096.68;-104.64
42099.61;-104.80
42102.54;-104.95
42105.47;-105.11
42108.40;-104.80
42111.33;-104.64
42114.26;-104.64
42117.19;-104.72
42120.12;-104.80
42123.05;-104.72
42125.98;-104.80
42128.91;-104.80
42131.84;-104.72
42134.77;-104.56
42137.70;-104.80
42140.63;-104.95
42143.55;-105.03
42146.48;-104.87
42149.41;-104.95
42152.34;-104.87
42155.27;-104.64
42158.20;-104.72
42161.13;-104.87
42164.06;-104.72
42166.99;-104.87
42169.92;-105.03
42172.85;-104.72
42175.78;-104.72
42178.71;-104.95
42181.64;-104.87
42184.57;-104.72
42187.50;-104.95
42190.43;-104.95
42193.36;-104.80
42196.29;-104.72
42199.22;-104.95
42202.15;-104.87
42205.08;-104.72
42208.01;-104.72
42210.94;-104.80
42213.87;-104.72
42216.80;-104.80
42219.73;-104.80
42222.66;-104.48
42225.59;-104.56
42228.52;-104.87
42231.45;-104.87
42234.38;-104.87
42237.30;-104.64
42240.23;-104.72
42243.16;-104.72
42246.09;-105.11
42249.02;-104.80
42251.95;-104.56
42254.88;-104.95
42257.81;-105.11
42260.74;-104.95
42263.67;-105.11
42266.60;-104.95
42269.53;-105.11
42272.46;-104.80
42275.39;-104.72
42278.32;-104.72
42281.25;-104.56
42284.18;-104.80
42287.11;-105.11
42290.04;-104.95
42292.97;-104.80
42295.90;-104.64
42298.83;-104.64
42301.76;-104.64
42304.69;-104.64
42307.62;-104.33
42310.55;-104.56
42313.48;-104.72
42316.41;-104.87
42319.34;-104.95
42322.27;-104.95
42325.20;-104.87
42328.13;-104.95
42331.05;-104.95
42333.98;-104.95
42336.91;-105.03
42339.84;-104.72
42342.77;-104.80
42345.70;-104.72
42348.63;-104.87
42351.56;-105.19
42354.49;-105.19
42357.42;-104.72
42360.35;-104.64
42363.28;-104.72
42366.21;-104.87
42369.14;-104.72
42372.07;-104.64
42375.00;-104.80
42377.93;-104.87
42380.86;-104.80
42383.79;-104.80
42386.72;-104.80
42389.65;-104.95
42392.58;-104.87
42395.51;-104.41
42398.44;-104.41
42401.37;-104.56
42404.30;-104.64
42407.23;-104.64
42410.16;-104.80
42413.09;-104.72
42416.02;-104.56
42418.95;-104.64
42421.88;-104.64
42424.80;-104.72
42427.73;-104.80
42430.66;-104.72
42433.59;-104.64
42436.52;-104.87
42439.45;-105.03
42442.38;-105.03
42445.31;-104.95
42448.24;-104.80
42451.17;-104.80
42454.10;-104.80
42457.03;-104.72
42459.96;-104.80
42462.89;-104.80
42465.82;-104.72
42468.75;-104.25
42471.68;-104.41
42474.61;-104.87
42477.54;-104.80
42480.47;-104.95
42483.40;-104.72
42486.33;-104.64
42489.26;-104.95
42492.19;-104.72
42495.12;-104.56
42498.05;-104.87
42500.98;-104.80
42503.91;-104.72
42506.84;-104.80
42509.77;-104.80
42512.70;-104.48
42515.63;-104.48
42518.55;-104.72
42521.48;-104.64
42524.41;-104.64
42527.34;-104.80
42530.27;-104.80
42533.20;-104.80
42536.13;-104.95
42539.06;-104.72
42541.99;-104.80
42544.92;-104.80
42547.85;-104.64
42550.78;-104.72
42553.71;-104.80
42556.64;-104.80
42559.57;-104.95
42562.50;-104.87
42565.43;-104.56
42568.36;-104.56
42571.29;-104.80
42574.22;-104.64
42577.15;-104.56
42580.08;-104.48
42583.01;-104.72
42585.94;-104.80
42588.87;-104.87
42591.80;-104.87
42594.73;-104.41
42597.66;-104.72
42600.59;-104.87
42603.52;-104.64
42606.45;-104.72
42609.38;-104.72
42612.30;-104.56
42615.23;-104.56
42618.16;-104.87
42621.09;-104.64
42624.02;-104.64
42626.95;-104.87
42629.88;-104.87
42632.81;-104.87
42635.74;-104.95
42638.67;-105.03
42641.60;-105.19
42644.53;-104.95
42647.46;-105.03
42650.39;-105.11
42653.32;-105.03
42656.25;-104.87
42659.18;-104.80
42662.11;-105.19
42665.04;-105.11
42667.97;-104.64
42670.90;-104.80
42673.83;-104.64
42676.76;-104.80
42679.69;-105.03
42682.62;-104.80
42685.55;-104.33
42688.48;-104.17
42691.41;-104.64
42694.34;-105.11
42697.27;-104.87
42700.20;-104.80
42703.13;-105.03
42706.05;-104.80
42708.98;-104.64
42711.91;-104.56
42714.84;-104.80
42717.77;-104.87
42720.70;-104.64
42723.63;-104.72
42726.56;-104.72
42729.49;-104.41
42732.42;-104.64
42735.35;-104.87
42738.28;-104.87
42741.21;-105.03
42744.14;-104.80
42747.07;-104.41
42750.00;-104.72
42752.93;-104.87
42755.86;-105.03
42758.79;-105.19
42761.72;-105.03
42764.65;-104.87
42767.58;-104.87
42770.51;-104.64
42773.44;-104.87
42776.37;-104.87
42779.30;-104.64
42782.23;-104.80
42785.16;-104.80
42788.09;-105.03
42791.02;-105.03
42793.95;-104.80
42796.88;-104.80
42799.80;-104.87
42802.73;-104.95
42805.66;-104.72
42808.59;-105.03
42811.52;-105.26
42814.45;-104.80
42817.38;-104.64
42820.31;-104.87
42823.24;-105.03
42826.17;-104.95
42829.10;-105.03
42832.03;-104.87
42834.96;-105.03
42837.89;-104.72
42840.82;-104.72
42843.75;-104.72
42846.68;-104.72
42849.61;-104.80
42852.54;-105.19
42855.47;-105.11
42858.40;-104.87
42861.33;-104.56
42864.26;-104.64
42867.19;-104.64
42870.12;-104.87
42873.05;-104.87
42875.98;-104.72
42878.91;-104.80
42881.84;-104.87
42884.77;-104.95
42887.70;-104.64
42890.63;-104.80
42893.55;-104.95
42896.48;-105.03
42899.41;-105.11
42902.34;-104.95
42905.27;-104.72
42908.20;-105.03
42911.13;-105.03
42914.06;-104.80
42916.99;-104.80
42919.92;-104.72
42922.85;-104.56
42925.78;-104.72
42928.71;-104.80
42931.64;-104.72
42934.57;-104.64
42937.50;-104.80
42940.43;-104.95
42943.36;-105.03
42946.29;-105.11
42949.22;-105.03
42952.15;-104.87
42955.08;-104.64
42958.01;-104.72
42960.94;-105.11
42963.87;-105.19
42966.80;-104.87
42969.73;-104.80
42972.66;-104.87
42975.59;-105.03
42978.52;-104.87
42981.45;-104.64
42984.38;-104.80
42987.30;-104.87
42990.23;-105.11
42993.16;-105.11
42996.09;-105.03
42999.02;-104.87
43001.95;-104.64
43004.88;-104.64
43007.81;-104.48
43010.74;-104.80
43013.67;-104.80
43016.60;-104.87
43019.53;-104.72
43022.46;-104.64
43025.39;-104.87
43028.32;-104.87
43031.25;-104.87
43034.18;-104.64
43037.11;-104.87
43040.04;-104.95
43042.97;-104.80
43045.90;-104.87
43048.83;-104.87
43051.76;-104.72
43054.69;-104.64
43057.62;-104.48
43060.55;-104.56
43063.48;-104.72
43066.41;-104.87
43069.34;-104.80
43072.27;-104.56
43075.20;-104.64
43078.13;-104.72
43081.05;-104.95
43083.98;-104.95
43086.91;-104.87
43089.84;-104.87
43092.77;-104.56
43095.70;-104.95
43098.63;-105.19
43101.56;-104.95
43104.49;-104.87
43107.42;-105.03
43110.35;-105.03
43113.28;-104.87
43116.21;-104.56
43119.14;-104.64
43122.07;-104.95
43125.00;-104.87
43127.93;-104.72
43130.86;-104.72
43133.79;-104.56
43136.72;-104.87
43139.65;-104.80
43142.58;-104.56
43145.51;-104.72
43148.44;-105.03
43151.37;-105.03
43154.30;-104.80
43157.23;-104.87
43160.16;-104.87
43163.09;-105.11
43166.02;-104.80
43168.95;-104.72
43171.88;-104.64
43174.80;-104.64
43177.73;-104.80
43180.66;-104.72
43183.59;-104.80
43186.52;-104.87
43189.45;-105.03
43192.38;-104.72
43195.31;-104.64
43198.24;-104.56
43201.17;-104.80
43204.10;-104.87
43207.03;-104.64
43209.96;-104.48
43212.89;-104.87
43215.82;-104.80
43218.75;-104.64
43221.68;-104.56
43224.61;-104.80
43227.54;-104.87
43230.47;-104.72
43233.40;-104.72
43236.33;-104.95
43239.26;-104.87
43242.19;-104.80
43245.12;-104.80
43248.05;-104.80
43250.98;-104.95
43253.91;-105.03
43256.84;-104.64
43259.77;-104.56
43262.70;-104.72
43265.63;-104.64
43268.55;-104.64
43271.48;-104.64
43274.41;-104.56
43277.34;-104.80
43280.27;-104.87
43283.20;-105.11
43286.13;-104.87
43289.06;-104.87
43291.99;-105.19
43294.92;-105.11
43297.85;-104.80
43300.78;-104.80
43303.71;-104.87
43306.64;-105.19
43309.57;-104.95
43312.50;-104.72
43315.43;-104.72
43318.36;-104.87
43321.29;-104.80
43324.22;-105.03
43327.15;-104.95
43330.08;-104.64
43333.01;-104.72
43335.94;-104.87
43338.87;-104.64
43341.80;-104.87
43344.73;-104.80
43347.66;-104.56
43350.59;-104.80
43353.52;-104.87
43356.45;-104.95
43359.38;-104.80
43362.30;-104.87
43365.23;-104.72
43368.16;-104.72
43371.09;-104.87
43374.02;-104.80
43376.95;-104.72
43379.88;-104.80
43382.81;-104.72
43385.74;-104.80
43388.67;-104.64
43391.60;-104.80
43394.53;-104.95
43397.46;-105.03
43400.39;-104.80
43403.32;-104.80
43406.25;-104.80
43409.18;-104.72
43412.11;-105.11
43415.04;-104.80
43417.97;-104.64
43420.90;-105.03
43423.83;-105.03
43426.76;-104.87
43429.69;-104.64
43432.62;-104.56
43435.55;-104.56
43438.48;-104.95
43441.41;-104.95
43444.34;-105.11
43447.27;-105.19
43450.20;-105.26
43453.13;-104.80
43456.05;-104.64
43458.98;-104.80
43461.91;-104.87
43464.84;-104.87
43467.77;-105.03
43470.70;-104.80
43473.63;-104.64
43476.56;-104.33
43479.49;-104.33
43482.42;-104.64
43485.35;-104.87
43488.28;-104.80
43491.21;-104.64
43494.14;-104.80
43497.07;-104.64
43500.00;-104.80
43502.93;-104.87
43505.86;-104.80
43508.79;-104.80
43511.72;-104.56
43514.65;-104.72
43517.58;-105.11
43520.51;-104.87
43523.44;-104.87
43526.37;-105.11
43529.30;-104.95
43532.23;-105.11
43535.16;-104.87
43538.09;-104.56
43541.02;-104.56
43543.95;-104.72
43546.88;-104.87
43549.80;-104.72
43552.73;-104.72
43555.66;-104.95
43558.59;-104.72
43561.52;-104.72
43564.45;-104.80
43567.38;-104.95
43570.31;-105.03
43573.24;-104.87
43576.17;-104.95
43579.10;-104.80
43582.03;-104.80
43584.96;-104.72
43587.89;-104.41
43590.82;-104.80
43593.75;-105.03
43596.68;-104.72
43599.61;-104.80
43602.54;-105.11
43605.47;-105.11
43608.40;-105.03
43611.33;-105.19
43614.26;-104.95
43617.19;-104.56
43620.12;-104.72
43623.05;-104.87
43625.98;-104.64
43628.91;-104.80
43631.84;-104.72
43634.77;-104.64
43637.70;-104.64
43640.63;-104.56
43643.55;-104.64
43646.48;-104.87
43649.41;-105.11
43652.34;-104.64
43655.27;-104.56
43658.20;-104.80
43661.13;-104.80
43664.06;-104.72
43666.99;-104.95
43669.92;-104.95
43672.85;-104.72
43675.78;-104.56
43678.71;-104.48
43681.64;-104.56
43684.57;-105.03
43687.50;-104.72
43690.43;-104.64
43693.36;-104.87
43696.29;-104.87
43699.22;-104.87
43702.15;-104.72
43705.08;-104.80
43708.01;-104.72
43710.94;-104.87
43713.87;-104.95
43716.80;-104.80
43719.73;-104.80
43722.66;-104.56
43725.59;-104.56
43728.52;-104.80
43731.45;-104.87
43734.38;-104.87
43737.30;-104.72
43740.23;-104.80
43743.16;-104.80
43746.09;-104.95
43749.02;-104.95
43751.95;-104.80
43754.88;-104.87
43757.81;-104.80
43760.74;-104.87
43763.67;-104.87
43766.60;-104.87
43769.53;-104.87
43772.46;-104.95
43775.39;-104.72
43778.32;-104.95
43781.25;-105.11
43784.18;-104.87
43787.11;-104.72
43790.04;-104.72
43792.97;-104.87
43795.90;-104.87
43798.83;-104.72
43801.76;-104.64
43804.69;-104.80
43807.62;-105.03
43810.55;-104.80
43813.48;-104.95
43816.41;-104.56
43819.34;-104.41
43822.27;-104.80
43825.20;-104.80
43828.13;-105.03
43831.05;-105.11
43833.98;-104.87
43836.91;-104.48
43839.84;-104.33
43842.77;-104.64
43845.70;-104.64
43848.63;-104.64
43851.56;-104.72
43854.49;-104.80
43857.42;-104.80
43860.35;-104.87
43863.28;-104.80
43866.21;-104.80
43869.14;-104.80
43872.07;-104.87
43875.00;-104.72
43877.93;-104.95
43880.86;-105.19
43883.79;-105.11
43886.72;-104.80
43889.65;-104.72
43892.58;-104.72
43895.51;-104.87
43898.44;-104.80
43901.37;-104.80
43904.30;-104.80
43907.23;-104.56
43910.16;-104.64
43913.09;-104.64
43916.02;-104.95
43918.95;-105.19
43921.88;-105.19
43924.80;-105.11
43927.73;-104.87
43930.66;-104.95
43933.59;-105.11
43936.52;-105.03
43939.45;-104.80
43942.38;-104.80
43945.31;-104.80
43948.24;-104.56
43951.17;-104.56
43954.10;-104.80
43957.03;-105.03
43959.96;-104.95
43962.89;-104.72
43965.82;-104.80
43968.75;-105.03
43971.68;-104.95
43974.61;-104.87
43977.54;-105.03
43980.47;-104.87
43983.40;-105.03
43986.33;-104.95
43989.26;-104.72
43992.19;-104.56
43995.12;-104.64
43998.05;-104.95
44000.98;-104.87
44003.91;-104.56
44006.84;-104.72
44009.77;-104.80
44012.70;-105.03
44015.63;-104.95
44018.55;-104.64
44021.48;-104.72
44024.41;-104.80
44027.34;-104.80
44030.27;-104.56
44033.20;-104.80
44036.13;-104.87
44039.06;-104.80
44041.99;-105.03
44044.92;-104.87
44047.85;-104.64
44050.78;-104.95
44053.71;-105.03
44056.64;-104.48
44059.57;-104.41
44062.50;-104.56
44065.43;-104.64
44068.36;-104.48
44071.29;-104.72
44074.22;-104.95
44077.15;-104.72
44080.08;-104.72
44083.01;-104.95
44085.94;-105.11
44088.87;-104.95
44091.80;-104.72
44094.73;-104.72
44097.66;-104.87
44100.59;-104.95
44103.52;-104.87
44106.45;-104.87
44109.38;-104.87
44112.30;-104.87
44115.23;-104.80
44118.16;-104.87
44121.09;-104.95
44124.02;-104.87
44126.95;-104.87
44129.88;-104.95
44132.81;-104.80
44135.74;-104.64
44138.67;-104.41
44141.60;-104.33
44144.53;-104.56
44147.46;-104.56
44150.39;-104.72
44153.32;-104.95
44156.25;-104.48
44159.18;-104.64
44162.11;-104.80
44165.04;-105.03
44167.97;-104.87
44170.90;-104.72
44173.83;-104.72
44176.76;-104.48
44179.69;-104.72
44182.62;-104.87
44185.55;-104.80
44188.48;-105.03
44191.41;-104.95
44194.34;-104.80
44197.27;-104.64
44200.20;-104.80
44203.13;-104.64
44206.05;-104.64
44208.98;-105.03
44211.91;-105.19
44214.84;-104.87
44217.77;-104.95
44220.70;-105.19
44223.63;-105.03
44226.56;-104.80
44229.49;-104.64
44232.42;-104.64
44235.35;-104.72
44238.28;-104.64
44241.21;-104.64
44244.14;-104.72
44247.07;-104.95
44250.00;-104.87
44252.93;-104.72
44255.86;-104.80
44258.79;-104.64
44261.72;-104.56
44264.65;-104.80
44267.58;-104.80
44270.51;-104.95
44273.44;-104.80
44276.37;-104.41
44279.30;-104.72
44282.23;-104.80
44285.16;-105.03
44288.09;-104.72
44291.02;-104.72
44293.95;-104.95
44296.88;-104.87
44299.80;-104.72
44302.73;-104.87
44305.66;-104.87
44308.59;-104.72
44311.52;-104.80
44314.45;-104.87
44317.38;-105.11
44320.31;-104.87
44323.24;-104.72
44326.17;-104.80
44329.10;-104.95
44332.03;-105.03
44334.96;-104.95
44337.89;-104.95
44340.82;-104.80
44343.75;-104.87
44346.68;-104.64
44349.61;-104.80
44352.54;-104.72
44355.47;-104.80
44358.40;-104.87
44361.33;-104.80
44364.26;-104.64
44367.19;-104.80
44370.12;-104.87
44373.05;-104.72
44375.98;-104.72
44378.91;-104.95
44381.84;-105.11
44384.77;-105.03
44387.70;-104.56
44390.63;-104.64
44393.55;-104.80
44396.48;-104.87
44399.41;-104.87
44402.34;-104.87
44405.27;-104.95
44408.20;-104.80
44411.13;-105.11
44414.06;-105.11
44416.99;-104.87
44419.92;-104.72
44422.85;-104.80
44425.78;-104.95
44428.71;-104.87
44431.64;-104.80
44434.57;-104.72
44437.50;-104.72
44440.43;-104.64
44443.36;-104.64
44446.29;-104.80
44449.22;-105.03
44452.15;-104.87
44455.08;-104.64
44458.01;-104.95
44460.94;-104.80
44463.87;-104.64
44466.80;-104.95
44469.73;-104.87
44472.66;-104.80
44475.59;-104.95
44478.52;-104.95
44481.45;-104.72
44484.38;-104.80
44487.30;-104.87
44490.23;-104.87
44493.16;-105.03
44496.09;-105.19
44499.02;-104.87
44501.95;-104.72
44504.88;-104.80
44507.81;-104.72
44510.74;-104.72
44513.67;-104.80
44516.60;-104.80
44519.53;-104.56
44522.46;-104.56
44525.39;-104.72
44528.32;-104.72
44531.25;-104.72
44534.18;-104.87
44537.11;-104.64
44540.04;-104.64
44542.97;-104.87
44545.90;-104.72
44548.83;-104.64
44551.76;-104.72
44554.69;-104.80
44557.62;-104.87
44560.55;-104.72
44563.48;-104.80
44566.41;-104.64
44569.34;-104.72
44572.27;-104.80
44575.20;-104.87
44578.13;-104.95
44581.05;-104.87
44583.98;-105.03
44586.91;-104.95
44589.84;-104.72
44592.77;-104.72
44595.70;-104.72
44598.63;-104.72
44601.56;-104.56
44604.49;-104.64
44607.42;-104.72
44610.35;-104.72
44613.28;-104.72
44616.21;-104.64
44619.14;-104.41
44622.07;-104.56
44625.00;-104.56
44627.93;-104.72
44630.86;-104.87
44633.79;-104.80
44636.72;-104.80
44639.65;-104.87
44642.58;-104.95
44645.51;-104.95
44648.44;-105.11
44651.37;-105.03
44654.30;-104.72
44657.23;-104.48
44660.16;-104.72
44663.09;-104.95
44666.02;-104.95
44668.95;-104.80
44671.88;-104.87
44674.80;-104.95
44677.73;-104.87
44680.66;-104.95
44683.59;-104.95
44686.52;-104.95
44689.45;-105.19
44692.38;-105.03
44695.31;-104.72
44698.24;-104.80
44701.17;-104.72
44704.10;-104.56
44707.03;-104.64
44709.96;-104.80
44712.89;-104.80
44715.82;-105.03
44718.75;-105.19
44721.68;-104.72
44724.61;-104.56
44727.54;-104.95
44730.47;-104.80
44733.40;-104.80
44736.33;-104.95
44739.26;-104.80
44742.19;-104.56
44745.12;-104.72
44748.05;-104.72
44750.98;-104.56
44753.91;-104.72
44756.84;-104.64
44759.77;-104.95
44762.70;-105.03
44765.63;-104.87
44768.55;-104.87
44771.48;-104.87
44774.41;-104.64
44777.34;-104.80
44780.27;-104.95
44783.20;-104.87
44786.13;-105.03
44789.06;-105.11
44791.99;-104.64
44794.92;-104.80
44797.85;-104.95
44800.78;-105.03
44803.71;-104.87
44806.64;-104.72
44809.57;-104.87
44812.50;-104.95
44815.43;-104.72
44818.36;-104.80
44821.29;-105.03
44824.22;-105.11
44827.15;-104.80
44830.08;-104.87
44833.01;-104.56
44835.94;-104.48
44838.87;-104.56
44841.80;-104.72
44844.73;-104.72
44847.66;-104.95
44850.59;-104.95
44853.52;-104.80
44856.45;-104.56
44859.38;-104.87
44862.30;-105.11
44865.23;-105.11
44868.16;-104.95
44871.09;-104.72
44874.02;-104.87
44876.95;-104.95
44879.88;-104.64
44882.81;-104.64
44885.74;-104.72
44888.67;-104.64
44891.60;-104.80
44894.53;-104.80
44897.46;-104.72
44900.39;-104.56
44903.32;-104.80
44906.25;-104.87
44909.18;-105.11
44912.11;-105.19
44915.04;-104.87
44917.97;-104.80
44920.90;-104.64
44923.83;-104.95
44926.76;-104.87
44929.69;-104.95
44932.62;-105.19
44935.55;-105.11
44938.48;-104.87
44941.41;-105.03
44944.34;-104.87
44947.27;-104.87
44950.20;-104.95
44953.13;-104.87
44956.05;-104.80
44958.98;-104.80
44961.91;-104.72
44964.84;-104.72
44967.77;-104.95
44970.70;-105.11
44973.63;-104.72
44976.56;-104.80
44979.49;-104.80
44982.42;-104.72
44985.35;-104.95
44988.28;-105.11
44991.21;-104.95
44994.14;-104.56
44997.07;-104.48
45000.00;-104.80
45002.93;-105.11
45005.86;-104.87
45008.79;-104.72
45011.72;-104.48
45014.65;-104.41
45017.58;-104.72
45020.51;-104.87
45023.44;-105.03
45026.37;-105.26
45029.30;-104.87
45032.23;-104.56
45035.16;-104.80
45038.09;-104.80
45041.02;-104.56
45043.95;-104.56
45046.88;-104.64
45049.80;-104.64
45052.73;-104.64
45055.66;-104.80
45058.59;-104.87
45061.52;-104.95
45064.45;-104.72
45067.38;-104.72
45070.31;-104.95
45073.24;-104.80
45076.17;-104.95
45079.10;-105.11
45082.03;-104.87
45084.96;-105.03
45087.89;-104.80
45090.82;-104.95
45093.75;-104.80
45096.68;-104.72
45099.61;-104.87
45102.54;-105.03
45105.47;-104.87
45108.40;-104.87
45111.33;-104.87
45114.26;-104.87
45117.19;-104.72
45120.12;-105.03
45123.05;-105.03
45125.98;-104.80
45128.91;-104.80
45131.84;-104.95
45134.77;-105.03
45137.70;-105.11
45140.63;-105.19
45143.55;-105.11
45146.48;-104.80
45149.41;-104.56
45152.34;-104.56
45155.27;-104.56
45158.20;-104.41
45161.13;-104.56
45164.06;-104.64
45166.99;-104.80
45169.92;-104.95
45172.85;-104.95
45175.78;-104.80
45178.71;-104.80
45181.64;-104.95
45184.57;-105.11
45187.50;-105.19
45190.43;-104.80
45193.36;-104.64
45196.29;-104.64
45199.22;-104.87
45202.15;-105.03
45205.08;-104.95
45208.01;-104.80
45210.94;-104.87
45213.87;-104.95
45216.80;-105.11
45219.73;-105.11
45222.66;-105.03
45225.59;-105.11
45228.52;-105.03
45231.45;-104.72
45234.38;-104.64
45237.30;-104.87
45240.23;-104.95
45243.16;-104.95
45246.09;-104.87
45249.02;-104.72
45251.95;-104.72
45254.88;-104.72
45257.81;-104.87
45260.74;-104.72
45263.67;-104.64
45266.60;-104.72
45269.53;-104.80
45272.46;-104.87
45275.39;-104.72
45278.32;-104.72
45281.25;-105.03
45284.18;-104.95
45287.11;-104.87
45290.04;-104.95
45292.97;-105.11
45295.90;-104.95
45298.83;-105.11
45301.76;-104.95
45304.69;-104.87
45307.62;-104.80
45310.55;-104.80
45313.48;-104.80
45316.41;-104.72
45319.34;-104.80
45322.27;-104.80
45325.20;-104.87
45328.13;-104.72
45331.05;-104.80
45333.98;-104.80
45336.91;-104.64
45339.84;-104.56
45342.77;-104.64
45345.70;-104.80
45348.63;-104.64
45351.56;-104.56
45354.49;-104.56
45357.42;-104.80
45360.35;-104.64
45363.28;-104.72
45366.21;-104.87
45369.14;-104.72
45372.07;-104.48
45375.00;-104.72
45377.93;-104.72
45380.86;-104.80
45383.79;-104.80
45386.72;-104.72
45389.65;-104.72
45392.58;-104.80
45395.51;-104.72
45398.44;-104.72
45401.37;-104.64
45404.30;-104.87
45407.23;-105.34
45410.16;-104.95
45413.09;-104.64
45416.02;-105.11
45418.95;-105.26
45421.88;-104.95
45424.80;-104.80
45427.73;-104.72
45430.66;-104.56
45433.59;-104.72
45436.52;-104.56
45439.45;-104.64
45442.38;-104.80
45445.31;-104.95
45448.24;-104.56
45451.17;-104.56
45454.10;-104.87
45457.03;-104.87
45459.96;-104.80
45462.89;-104.64
45465.82;-104.64
45468.75;-104.72
45471.68;-104.95
45474.61;-104.95
45477.54;-104.64
45480.47;-104.72
45483.40;-104.72
45486.33;-104.64
45489.26;-104.56
45492.19;-104.87
45495.12;-105.03
45498.05;-104.72
45500.98;-104.87
45503.91;-105.11
45506.84;-104.80
45509.77;-104.64
45512.70;-104.48
45515.63;-104.64
45518.55;-104.80
45521.48;-104.87
45524.41;-104.72
45527.34;-104.80
45530.27;-104.80
45533.20;-104.80
45536.13;-104.87
45539.06;-104.41
45541.99;-104.56
45544.92;-104.48
45547.85;-104.41
45550.78;-104.56
45553.71;-105.03
45556.64;-104.95
45559.57;-104.72
45562.50;-104.80
45565.43;-104.64
45568.36;-104.64
45571.29;-105.03
45574.22;-105.19
45577.15;-104.95
45580.08;-104.80
45583.01;-104.56
45585.94;-104.72
45588.87;-104.80
45591.80;-104.64
45594.73;-104.64
45597.66;-104.95
45600.59;-105.19
45603.52;-105.26
45606.45;-104.87
45609.38;-104.80
45612.30;-104.80
45615.23;-104.56
45618.16;-104.64
45621.09;-104.64
45624.02;-104.80
45626.95;-104.64
45629.88;-104.72
45632.81;-104.87
45635.74;-104.80
45638.67;-104.64
45641.60;-104.72
45644.53;-104.80
45647.46;-104.80
45650.39;-104.87
45653.32;-104.87
45656.25;-104.80
45659.18;-104.72
45662.11;-104.64
45665.04;-104.80
45667.97;-104.72
45670.90;-104.72
45673.83;-104.64
45676.76;-104.72
45679.69;-104.87
45682.62;-104.95
45685.55;-104.80
45688.48;-105.11
45691.41;-104.95
45694.34;-104.80
45697.27;-104.64
45700.20;-104.72
45703.13;-104.72
45706.05;-104.87
45708.98;-105.03
45711.91;-104.80
45714.84;-104.48
45717.77;-104.72
45720.70;-104.87
45723.63;-104.80
45726.56;-104.64
45729.49;-104.64
45732.42;-104.72
45735.35;-104.87
45738.28;-104.64
45741.21;-104.72
45744.14;-104.80
45747.07;-104.95
45750.00;-104.95
45752.93;-104.87
45755.86;-104.72
45758.79;-104.72
45761.72;-104.48
45764.65;-104.56
45767.58;-104.72
45770.51;-104.48
45773.44;-104.48
45776.37;-104.80
45779.30;-104.87
45782.23;-104.87
45785.16;-104.72
45788.09;-104.72
45791.02;-104.72
45793.95;-104.72
45796.88;-104.56
45799.80;-104.72
45802.73;-104.64
45805.66;-104.64
45808.59;-104.56
45811.52;-104.95
45814.45;-105.03
45817.38;-104.80
45820.31;-104.72
45823.24;-104.48
45826.17;-104.48
45829.10;-104.72
45832.03;-104.64
45834.96;-104.72
45837.89;-104.80
45840.82;-104.80
45843.75;-104.80
45846.68;-104.95
45849.61;-104.95
45852.54;-104.64
45855.47;-104.72
45858.40;-104.87
45861.33;-104.87
45864.26;-104.87
45867.19;-104.80
45870.12;-104.64
45873.05;-104.87
45875.98;-105.03
45878.91;-104.95
45881.84;-104.87
45884.77;-104.87
45887.70;-104.80
45890.63;-104.72
45893.55;-104.56
45896.48;-104.41
45899.41;-104.33
45902.34;-104.64
45905.27;-104.48
45908.20;-104.72
45911.13;-104.95
45914.06;-104.80
45916.99;-104.87
45919.92;-104.72
45922.85;-104.72
45925.78;-104.80
45928.71;-104.87
45931.64;-104.80
45934.57;-104.64
45937.50;-104.87
45940.43;-104.72
45943.36;-104.48
45946.29;-104.64
45949.22;-104.95
45952.15;-104.80
45955.08;-104.72
45958.01;-104.64
45960.94;-104.64
45963.87;-104.56
45966.80;-104.41
45969.73;-104.56
45972.66;-104.87
45975.59;-104.95
45978.52;-104.72
45981.45;-104.56
45984.38;-104.87
45987.30;-104.87
45990.23;-104.87
45993.16;-104.80
45996.09;-104.87
45999.02;-104.87
46001.95;-105.03
46004.88;-104.72
46007.81;-104.64
46010.74;-104.48
46013.67;-104.48
46016.60;-104.56
46019.53;-104.80
46022.46;-104.80
46025.39;-104.56
46028.32;-104.64
46031.25;-104.72
46034.18;-104.72
46037.11;-104.48
46040.04;-104.72
46042.97;-104.72
46045.90;-104.87
46048.83;-104.64
46051.76;-104.64
46054.69;-104.80
46057.62;-104.87
46060.55;-104.80
46063.48;-104.64
46066.41;-104.87
46069.34;-104.95
46072.27;-104.95
46075.20;-104.80
46078.13;-104.72
46081.05;-104.95
46083.98;-104.87
46086.91;-104.87
46089.84;-104.48
46092.77;-104.48
46095.70;-104.48
46098.63;-104.72
46101.56;-104.87
46104.49;-104.95
46107.42;-104.80
46110.35;-104.72
46113.28;-104.72
46116.21;-104.56
46119.14;-104.64
46122.07;-104.72
46125.00;-104.80
46127.93;-105.03
46130.86;-104.95
46133.79;-104.87
46136.72;-104.95
46139.65;-105.03
46142.58;-104.80
46145.51;-104.87
46148.44;-104.87
46151.37;-104.48
46154.30;-104.72
46157.23;-104.87
46160.16;-104.87
46163.09;-104.87
46166.02;-104.72
46168.95;-104.80
46171.88;-104.56
46174.80;-104.80
46177.73;-104.87
46180.66;-104.87
46183.59;-104.87
46186.52;-104.87
46189.45;-104.80
46192.38;-104.80
46195.31;-104.56
46198.24;-104.64
46201.17;-104.72
46204.10;-104.72
46207.03;-104.72
46209.96;-104.80
46212.89;-104.72
46215.82;-104.80
46218.75;-105.03
46221.68;-105.11
46224.61;-104.95
46227.54;-104.80
46230.47;-104.41
46233.40;-104.56
46236.33;-104.64
46239.26;-104.48
46242.19;-104.48
46245.12;-104.64
46248.05;-104.72
46250.98;-104.64
46253.91;-104.64
46256.84;-104.87
46259.77;-104.80
46262.70;-104.64
46265.63;-104.48
46268.55;-104.72
46271.48;-104.87
46274.41;-104.48
46277.34;-104.41
46280.27;-104.41
46283.20;-104.87
46286.13;-104.80
46289.06;-104.72
46291.99;-104.87
46294.92;-105.03
46297.85;-104.87
46300.78;-104.72
46303.71;-104.64
46306.64;-104.64
46309.57;-104.64
46312.50;-104.95
46315.43;-105.03
46318.36;-105.03
46321.29;-104.87
46324.22;-104.87
46327.15;-104.87
46330.08;-104.72
46333.01;-104.72
46335.94;-104.87
46338.87;-104.80
46341.80;-104.72
46344.73;-105.03
46347.66;-104.87
46350.59;-104.56
46353.52;-104.56
46356.45;-104.95
46359.38;-104.80
46362.30;-104.72
46365.23;-104.56
46368.16;-104.80
46371.09;-105.19
46374.02;-105.03
46376.95;-104.80
46379.88;-104.87
46382.81;-105.19
46385.74;-105.11
46388.67;-104.95
46391.60;-105.03
46394.53;-104.87
46397.46;-104.80
46400.39;-104.80
46403.32;-104.80
46406.25;-104.87
46409.18;-104.80
46412.11;-104.72
46415.04;-104.80
46417.97;-104.56
46420.90;-104.41
46423.83;-104.72
46426.76;-104.80
46429.69;-104.87
46432.62;-105.03
46435.55;-104.87
46438.48;-104.80
46441.41;-104.72
46444.34;-104.87
46447.27;-104.80
46450.20;-104.64
46453.13;-104.80
46456.05;-104.95
46458.98;-104.64
46461.91;-104.64
46464.84;-104.95
46467.77;-104.95
46470.70;-104.72
46473.63;-104.48
46476.56;-104.56
46479.49;-104.64
46482.42;-104.80
46485.35;-104.95
46488.28;-105.11
46491.21;-104.95
46494.14;-104.95
46497.07;-104.80
46500.00;-105.03
46502.93;-105.03
46505.86;-104.87
46508.79;-104.87
46511.72;-104.95
46514.65;-104.95
46517.58;-104.95
46520.51;-104.87
46523.44;-104.87
46526.37;-104.80
46529.30;-105.11
46532.23;-104.87
46535.16;-104.64
46538.09;-104.72
46541.02;-104.80
46543.95;-104.56
46546.88;-104.48
46549.80;-104.80
46552.73;-104.80
46555.66;-104.95
46558.59;-104.95
46561.52;-104.80
46564.45;-104.95
46567.38;-104.95
46570.31;-104.87
46573.24;-104.80
46576.17;-104.80
46579.10;-104.72
46582.03;-104.80
46584.96;-104.80
46587.89;-104.80
46590.82;-104.64
46593.75;-104.72
46596.68;-104.64
46599.61;-104.56
46602.54;-104.72
46605.47;-104.80
46608.40;-104.72
46611.33;-104.64
46614.26;-104.56
46617.19;-104.72
46620.12;-104.48
46623.05;-104.72
46625.98;-104.72
46628.91;-104.56
46631.84;-104.72
46634.77;-104.56
46637.70;-104.80
46640.63;-104.87
46643.55;-104.72
46646.48;-104.64
46649.41;-104.64
46652.34;-104.80
46655.27;-104.56
46658.20;-104.33
46661.13;-104.80
46664.06;-104.87
46666.99;-104.80
46669.92;-104.80
46672.85;-104.80
46675.78;-104.87
46678.71;-104.64
46681.64;-104.72
46684.57;-104.64
46687.50;-104.80
46690.43;-104.87
46693.36;-104.80
46696.29;-104.87
46699.22;-104.87
46702.15;-104.72
46705.08;-104.64
46708.01;-104.87
46710.94;-104.80
46713.87;-104.80
46716.80;-104.87
46719.73;-104.72
46722.66;-104.72
46725.59;-104.72
46728.52;-104.87
46731.45;-104.64
46734.38;-104.72
46737.30;-104.80
46740.23;-104.87
46743.16;-104.56
46746.09;-104.72
46749.02;-104.87
46751.95;-105.11
46754.88;-104.87
46757.81;-104.87
46760.74;-104.56
46763.67;-104.41
46766.60;-104.80
46769.53;-105.11
46772.46;-104.95
46775.39;-104.64
46778.32;-104.48
46781.25;-104.72
46784.18;-104.95
46787.11;-104.87
46790.04;-104.80
46792.97;-104.80
46795.90;-104.64
46798.83;-104.64
46801.76;-104.72
46804.69;-104.80
46807.62;-104.48
46810.55;-104.41
46813.48;-104.64
46816.41;-104.64
46819.34;-104.48
46822.27;-104.64
46825.20;-104.72
46828.13;-104.72
46831.05;-104.87
46833.98;-104.95
46836.91;-104.72
46839.84;-104.56
46842.77;-104.48
46845.70;-104.48
46848.63;-104.87
46851.56;-105.19
46854.49;-104.72
46857.42;-104.72
46860.35;-104.64
46863.28;-104.80
46866.21;-104.64
46869.14;-104.64
46872.07;-104.56
46875.00;-104.80
46877.93;-104.64
46880.86;-104.48
46883.79;-104.72
46886.72;-104.95
46889.65;-104.87
46892.58;-104.87
46895.51;-104.72
46898.44;-104.72
46901.37;-104.80
46904.30;-104.64
46907.23;-104.56
46910.16;-104.80
46913.09;-104.87
46916.02;-104.95
46918.95;-104.87
46921.88;-104.72
46924.80;-104.72
46927.73;-105.03
46930.66;-104.95
46933.59;-104.87
46936.52;-104.95
46939.45;-104.72
46942.38;-104.80
46945.31;-104.80
46948.24;-104.72
46951.17;-104.48
46954.10;-104.48
46957.03;-104.33
46959.96;-104.33
46962.89;-104.48
46965.82;-104.64
46968.75;-104.64
46971.68;-104.64
46974.61;-104.87
46977.54;-104.87
46980.47;-104.95
46983.40;-104.72
46986.33;-104.41
46989.26;-104.48
46992.19;-104.87
46995.12;-105.03
46998.05;-104.80
47000.98;-104.72
47003.91;-104.48
47006.84;-104.41
47009.77;-104.64
47012.70;-104.72
47015.63;-104.64
47018.55;-104.72
47021.48;-104.95
47024.41;-104.87
47027.34;-104.72
47030.27;-104.64
47033.20;-104.56
47036.13;-104.87
47039.06;-104.87
47041.99;-104.72
47044.92;-104.56
47047.85;-104.56
47050.78;-104.80
47053.71;-104.64
47056.64;-104.64
47059.57;-104.64
47062.50;-104.72
47065.43;-104.64
47068.36;-104.56
47071.29;-104.56
47074.22;-104.56
47077.15;-105.03
47080.08;-104.80
47083.01;-104.80
47085.94;-105.03
47088.87;-105.03
47091.80;-104.72
47094.73;-104.56
47097.66;-104.64
47100.59;-104.72
47103.52;-104.80
47106.45;-104.80
47109.38;-104.87
47112.30;-104.56
47115.23;-104.72
47118.16;-104.95
47121.09;-104.87
47124.02;-104.95
47126.95;-104.56
47129.88;-104.64
47132.81;-104.64
47135.74;-104.64
47138.67;-104.64
47141.60;-104.64
47144.53;-105.03
47147.46;-104.87
47150.39;-104.87
47153.32;-104.95
47156.25;-104.95
47159.18;-104.72
47162.11;-104.72
47165.04;-104.64
47167.97;-104.64
47170.90;-104.56
47173.83;-104.80
47176.76;-104.95
47179.69;-104.80
47182.62;-104.64
47185.55;-104.87
47188.48;-104.64
47191.41;-104.95
47194.34;-104.95
47197.27;-104.56
47200.20;-104.64
47203.13;-104.56
47206.05;-104.56
47208.98;-104.72
47211.91;-104.48
47214.84;-104.64
47217.77;-104.80
47220.70;-104.95
47223.63;-104.87
47226.56;-104.80
47229.49;-104.64
47232.42;-104.64
47235.35;-104.80
47238.28;-104.87
47241.21;-104.72
47244.14;-104.72
47247.07;-104.64
47250.00;-104.80
47252.93;-104.80
47255.86;-104.80
47258.79;-104.72
47261.72;-104.72
47264.65;-104.80
47267.58;-104.80
47270.51;-104.80
47273.44;-104.80
47276.37;-104.80
47279.30;-104.56
47282.23;-104.48
47285.16;-104.72
47288.09;-104.87
47291.02;-104.56
47293.95;-104.64
47296.88;-104.72
47299.80;-104.48
47302.73;-104.80
47305.66;-105.03
47308.59;-104.80
47311.52;-104.95
47314.45;-104.80
47317.38;-104.72
47320.31;-104.56
47323.24;-104.72
47326.17;-104.80
47329.10;-104.64
47332.03;-104.72
47334.96;-104.64
47337.89;-104.64
47340.82;-104.48
47343.75;-104.56
47346.68;-104.72
47349.61;-104.72
47352.54;-104.64
47355.47;-104.80
47358.40;-104.80
47361.33;-104.72
47364.26;-104.80
47367.19;-104.95
47370.12;-104.87
47373.05;-104.72
47375.98;-104.72
47378.91;-104.72
47381.84;-104.72
47384.77;-104.72
47387.70;-104.48
47390.63;-104.56
47393.55;-104.72
47396.48;-104.64
47399.41;-104.72
47402.34;-104.72
47405.27;-104.64
47408.20;-104.72
47411.13;-104.56
47414.06;-104.72
47416.99;-104.64
47419.92;-104.56
47422.85;-104.80
47425.78;-104.64
47428.71;-104.72
47431.64;-104.64
47434.57;-104.80
47437.50;-104.95
47440.43;-104.72
47443.36;-104.72
47446.29;-104.72
47449.22;-104.87
47452.15;-104.64
47455.08;-104.72
47458.01;-104.72
47460.94;-104.72
47463.87;-104.80
47466.80;-104.87
47469.73;-104.56
47472.66;-104.64
47475.59;-104.64
47478.52;-104.87
47481.45;-105.03
47484.38;-104.72
47487.30;-104.72
47490.23;-104.72
47493.16;-104.87
47496.09;-104.64
47499.02;-104.72
47501.95;-104.80
47504.88;-104.87
47507.81;-104.80
47510.74;-104.80
47513.67;-104.72
47516.60;-104.64
47519.53;-104.72
47522.46;-104.80
47525.39;-104.56
47528.32;-104.56
47531.25;-104.72
47534.18;-104.80
47537.11;-104.80
47540.04;-104.56
47542.97;-104.72
47545.90;-104.64
47548.83;-104.56
47551.76;-104.80
47554.69;-104.72
47557.62;-104.64
47560.55;-104.56
47563.48;-104.64
47566.41;-104.80
47569.34;-104.80
47572.27;-104.64
47575.20;-104.56
47578.13;-104.56
47581.05;-104.80
47583.98;-104.72
47586.91;-104.80
47589.84;-104.72
47592.77;-104.95
47595.70;-105.03
47598.63;-105.03
47601.56;-104.87
47604.49;-105.11
47607.42;-104.87
47610.35;-104.64
47613.28;-104.80
47616.21;-104.80
47619.14;-104.95
47622.07;-104.87
47625.00;-104.48
47627.93;-104.48
47630.86;-104.80
47633.79;-105.11
47636.72;-104.95
47639.65;-104.80
47642.58;-104.95
47645.51;-104.95
47648.44;-104.72
47651.37;-104.41
47654.30;-104.87
47657.23;-104.87
47660.16;-104.87
47663.09;-104.95
47666.02;-104.95
47668.95;-104.80
47671.88;-104.56
47674.80;-104.56
47677.73;-104.41
47680.66;-104.48
47683.59;-104.56
47686.52;-104.41
47689.45;-104.48
47692.38;-104.80
47695.31;-104.80
47698.24;-104.80
47701.17;-104.56
47704.10;-104.72
47707.03;-104.72
47709.96;-104.87
47712.89;-104.87
47715.82;-104.64
47718.75;-104.72
47721.68;-104.95
47724.61;-104.87
47727.54;-104.41
47730.47;-104.56
47733.40;-104.56
47736.33;-104.56
47739.26;-104.56
47742.19;-104.64
47745.12;-104.72
47748.05;-104.72
47750.98;-104.72
47753.91;-104.64
47756.84;-104.80
47759.77;-105.11
47762.70;-104.87
47765.63;-104.95
47768.55;-104.72
47771.48;-104.80
47774.41;-104.87
47777.34;-104.87
47780.27;-104.87
47783.20;-104.95
47786.13;-104.64
47789.06;-104.87
47791.99;-104.95
47794.92;-104.80
47797.85;-104.87
47800.78;-105.03
47803.71;-105.03
47806.64;-104.95
47809.57;-104.72
47812.50;-104.80
47815.43;-104.72
47818.36;-104.72
47821.29;-104.87
47824.22;-105.03
47827.15;-104.95
47830.08;-104.80
47833.01;-104.87
47835.94;-104.87
47838.87;-104.72
47841.80;-104.95
47844.73;-104.87
47847.66;-104.72
47850.59;-104.72
47853.52;-104.95
47856.45;-104.64
47859.38;-104.56
47862.30;-104.56
47865.23;-104.72
47868.16;-104.87
47871.09;-105.19
47874.02;-105.03
47876.95;-104.87
47879.88;-104.48
47882.81;-104.64
47885.74;-105.03
47888.67;-104.72
47891.60;-104.87
47894.53;-104.80
47897.46;-105.26
47900.39;-105.03
47903.32;-104.80
47906.25;-104.72
47909.18;-104.72
47912.11;-104.80
47915.04;-104.80
47917.97;-104.72
47920.90;-104.56
47923.83;-104.41
47926.76;-104.72
47929.69;-104.72
47932.62;-104.33
47935.55;-104.56
47938.48;-105.11
47941.41;-104.72
47944.34;-104.64
47947.27;-105.19
47950.20;-105.19
47953.13;-105.03
47956.05;-104.87
47958.98;-104.56
47961.91;-104.64
47964.84;-104.95
47967.77;-104.72
47970.70;-104.64
47973.63;-104.56
47976.56;-104.56
47979.49;-104.80
47982.42;-104.87
47985.35;-104.80
47988.28;-104.80
47991.21;-104.95
47994.14;-104.80
47997.07;-104.64
48000.00;-104.33
48002.93;-104.72
48005.86;-104.87
48008.79;-105.03
48011.72;-105.11
48014.65;-105.11
48017.58;-104.87
48020.51;-104.48
48023.44;-104.48
48026.37;-104.48
48029.30;-104.56
48032.23;-104.72
48035.16;-104.64
48038.09;-104.72
48041.02;-104.72
48043.95;-104.48
48046.88;-104.64
48049.80;-104.87
48052.73;-104.72
48055.66;-104.80
48058.59;-104.87
48061.52;-104.80
48064.45;-104.64
48067.38;-104.80
48070.31;-104.87
48073.24;-104.72
48076.17;-104.56
48079.10;-104.41
48082.03;-104.56
48084.96;-104.56
48087.89;-104.56
48090.82;-104.72
48093.75;-104.72
48096.68;-104.72
48099.61;-104.56
48102.54;-104.72
48105.47;-104.80
48108.40;-104.72
48111.33;-104.72
48114.26;-104.72
48117.19;-104.80
48120.12;-104.80
48123.05;-104.80
48125.98;-104.56
48128.91;-104.33
48131.84;-104.48
48134.77;-104.48
48137.70;-104.95
48140.63;-104.87
48143.55;-104.80
48146.48;-104.72
48149.41;-104.80
48152.34;-104.87
48155.27;-104.56
48158.20;-104.48
48161.13;-104.56
48164.06;-104.87
48166.99;-105.03
48169.92;-105.11
48172.85;-104.80
48175.78;-104.64
48178.71;-104.80
48181.64;-104.41
48184.57;-104.25
48187.50;-104.41
48190.43;-104.48
48193.36;-104.56
48196.29;-104.64
48199.22;-104.56
48202.15;-104.48
48205.08;-104.56
48208.01;-104.72
48210.94;-104.87
48213.87;-104.87
48216.80;-104.95
48219.73;-104.72
48222.66;-104.56
48225.59;-104.87
48228.52;-104.87
48231.45;-104.80
48234.38;-104.87
48237.30;-104.48
48240.23;-104.41
48243.16;-105.03
48246.09;-105.11
48249.02;-105.11
48251.95;-104.72
48254.88;-104.56
48257.81;-104.41
48260.74;-104.56
48263.67;-104.87
48266.60;-104.72
48269.53;-104.48
48272.46;-104.64
48275.39;-104.80
48278.32;-104.64
48281.25;-104.80
48284.18;-105.03
48287.11;-104.95
48290.04;-104.80
48292.97;-104.64
48295.90;-104.64
48298.83;-104.56
48301.76;-104.64
48304.69;-104.80
48307.62;-104.95
48310.55;-104.72
48313.48;-104.72
48316.41;-104.95
48319.34;-105.03
48322.27;-105.03
48325.20;-104.72
48328.13;-104.87
48331.05;-104.80
48333.98;-104.80
48336.91;-104.56
48339.84;-104.80
48342.77;-104.87
48345.70;-104.95
48348.63;-104.87
48351.56;-105.03
48354.49;-104.95
48357.42;-104.80
48360.35;-104.80
48363.28;-104.95
48366.21;-104.87
48369.14;-105.11
48372.07;-105.11
48375.00;-105.11
48377.93;-104.80
48380.86;-104.72
48383.79;-104.87
48386.72;-104.72
48389.65;-104.80
48392.58;-104.87
48395.51;-104.56
48398.44;-104.64
48401.37;-104.80
48404.30;-104.80
48407.23;-104.80
48410.16;-104.80
48413.09;-104.64
48416.02;-104.64
48418.95;-104.64
48421.88;-104.56
48424.80;-104.87
48427.73;-105.03
48430.66;-104.87
48433.59;-104.80
48436.52;-105.03
48439.45;-104.80
48442.38;-104.72
48445.31;-104.87
48448.24;-104.56
48451.17;-104.33
48454.10;-104.25
48457.03;-104.64
48459.96;-104.80
48462.89;-104.80
48465.82;-104.80
48468.75;-104.95
48471.68;-104.80
48474.61;-105.11
48477.54;-104.95
48480.47;-104.87
48483.40;-104.80
48486.33;-104.80
48489.26;-105.03
48492.19;-104.87
48495.12;-104.41
48498.05;-104.56
48500.98;-104.64
48503.91;-104.56
48506.84;-104.64
48509.77;-104.72
48512.70;-104.95
48515.63;-105.03
48518.55;-104.87
48521.48;-104.72
48524.41;-104.64
48527.34;-104.64
48530.27;-104.72
48533.20;-104.80
48536.13;-104.72
48539.06;-104.72
48541.99;-104.95
48544.92;-104.64
48547.85;-104.64
48550.78;-105.03
48553.71;-105.03
48556.64;-105.11
48559.57;-105.03
48562.50;-104.95
48565.43;-104.56
48568.36;-104.64
48571.29;-104.72
48574.22;-104.48
48577.15;-104.56
48580.08;-104.72
48583.01;-104.64
48585.94;-104.80
48588.87;-104.87
48591.80;-104.64
48594.73;-104.48
48597.66;-104.80
48600.59;-104.95
48603.52;-104.72
48606.45;-104.64
48609.38;-104.56
48612.30;-104.80
48615.23;-104.56
48618.16;-104.72
48621.09;-104.80
48624.02;-104.80
48626.95;-104.56
48629.88;-104.41
48632.81;-104.64
48635.74;-104.80
48638.67;-104.64
48641.60;-104.72
48644.53;-104.87
48647.46;-104.95
48650.39;-104.64
48653.32;-104.87
48656.25;-105.11
48659.18;-105.19
48662.11;-105.03
48665.04;-104.72
48667.97;-104.80
48670.90;-104.56
48673.83;-104.56
48676.76;-104.80
48679.69;-104.64
48682.62;-104.48
48685.55;-104.64
48688.48;-104.87
48691.41;-104.72
48694.34;-104.72
48697.27;-104.64
48700.20;-104.64
48703.13;-104.80
48706.05;-104.56
48708.98;-104.56
48711.91;-104.48
48714.84;-104.56
48717.77;-104.56
48720.70;-104.87
48723.63;-104.64
48726.56;-104.41
48729.49;-104.48
48732.42;-104.80
48735.35;-104.48
48738.28;-104.56
48741.21;-104.87
48744.14;-104.80
48747.07;-104.80
48750.00;-104.64
48752.93;-104.64
48755.86;-104.80
48758.79;-104.80
48761.72;-104.56
48764.65;-104.56
48767.58;-104.80
48770.51;-104.87
48773.44;-104.72
48776.37;-104.72
48779.30;-104.72
48782.23;-104.80
48785.16;-104.72
48788.09;-104.56
48791.02;-104.72
48793.95;-104.64
48796.88;-104.72
48799.80;-104.80
48802.73;-104.64
48805.66;-104.72
48808.59;-104.80
48811.52;-105.19
48814.45;-105.03
48817.38;-104.87
48820.31;-104.87
48823.24;-104.48
48826.17;-104.48
48829.10;-104.41
48832.03;-104.64
48834.96;-105.03
48837.89;-104.87
48840.82;-104.95
48843.75;-105.19
48846.68;-104.87
48849.61;-104.64
48852.54;-104.56
48855.47;-104.56
48858.40;-104.95
48861.33;-104.80
48864.26;-104.56
48867.19;-104.64
48870.12;-104.95
48873.05;-104.80
48875.98;-104.80
48878.91;-104.87
48881.84;-104.95
48884.77;-104.80
48887.70;-104.72
48890.63;-104.64
48893.55;-104.80
48896.48;-104.72
48899.41;-104.80
48902.34;-104.56
48905.27;-104.56
48908.20;-104.72
48911.13;-104.64
48914.06;-104.64
48916.99;-104.64
48919.92;-104.87
48922.85;-104.95
48925.78;-104.87
48928.71;-104.87
48931.64;-104.80
48934.57;-104.72
48937.50;-104.72
48940.43;-104.95
48943.36;-104.80
48946.29;-104.56
48949.22;-104.64
48952.15;-104.48
48955.08;-104.56
48958.01;-104.80
48960.94;-104.41
48963.87;-104.33
48966.80;-104.87
48969.73;-105.03
48972.66;-104.72
48975.59;-104.95
48978.52;-105.11
48981.45;-104.95
48984.38;-104.95
48987.30;-104.87
48990.23;-104.87
48993.16;-104.72
48996.09;-104.56
48999.02;-104.72
49001.95;-104.95
49004.88;-104.64
49007.81;-104.72
49010.74;-104.64
49013.67;-104.56
49016.60;-104.72
49019.53;-104.95
49022.46;-104.72
49025.39;-104.56
49028.32;-104.72
49031.25;-104.64
49034.18;-104.72
49037.11;-104.64
49040.04;-104.95
49042.97;-104.72
49045.90;-104.48
49048.83;-104.56
49051.76;-104.64
49054.69;-104.64
49057.62;-104.48
49060.55;-104.41
49063.48;-104.48
49066.41;-104.64
49069.34;-104.80
49072.27;-104.64
49075.20;-104.56
49078.13;-104.80
49081.05;-104.48
49083.98;-104.33
49086.91;-104.48
49089.84;-104.95
49092.77;-104.95
49095.70;-104.80
49098.63;-104.48
49101.56;-104.80
49104.49;-104.87
49107.42;-104.80
49110.35;-104.80
49113.28;-104.72
49116.21;-104.48
49119.14;-104.80
49122.07;-104.80
49125.00;-104.80
49127.93;-104.87
49130.86;-104.64
49133.79;-104.56
49136.72;-104.95
49139.65;-104.87
49142.58;-104.72
49145.51;-104.95
49148.44;-104.80
49151.37;-104.48
49154.30;-104.48
49157.23;-104.56
49160.16;-104.87
49163.09;-104.80
49166.02;-104.87
49168.95;-104.80
49171.88;-104.95
49174.80;-104.87
49177.73;-104.64
49180.66;-104.56
49183.59;-104.72
49186.52;-104.87
49189.45;-104.72
49192.38;-104.64
49195.31;-104.48
49198.24;-104.56
49201.17;-104.80
49204.10;-104.72
49207.03;-104.64
49209.96;-104.87
49212.89;-104.80
49215.82;-104.64
49218.75;-104.80
49221.68;-104.64
49224.61;-104.80
49227.54;-104.72
49230.47;-104.72
49233.40;-104.64
49236.33;-104.95
49239.26;-105.03
49242.19;-104.87
49245.12;-104.87
49248.05;-104.72
49250.98;-104.64
49253.91;-104.72
49256.84;-104.87
49259.77;-104.80
49262.70;-104.64
49265.63;-104.48
49268.55;-104.41
49271.48;-104.72
49274.41;-104.95
49277.34;-104.64
49280.27;-104.41
49283.20;-104.56
49286.13;-104.64
49289.06;-104.80
49291.99;-104.72
49294.92;-104.95
49297.85;-104.72
49300.78;-104.56
49303.71;-104.56
49306.64;-104.56
49309.57;-104.41
49312.50;-104.72
49315.43;-104.87
49318.36;-104.87
49321.29;-104.95
49324.22;-105.03
49327.15;-104.72
49330.08;-104.64
49333.01;-104.80
49335.94;-104.72
49338.87;-104.64
49341.80;-104.72
49344.73;-104.95
49347.66;-104.72
49350.59;-104.72
49353.52;-104.48
49356.45;-104.48
49359.38;-104.64
49362.30;-104.72
49365.23;-104.72
49368.16;-104.64
49371.09;-104.72
49374.02;-104.80
49376.95;-104.64
49379.88;-104.72
49382.81;-104.56
49385.74;-104.56
49388.67;-104.87
49391.60;-104.87
49394.53;-104.72
49397.46;-104.64
49400.39;-104.80
49403.32;-104.64
49406.25;-104.41
49409.18;-104.72
49412.11;-104.64
49415.04;-104.64
49417.97;-104.80
49420.90;-104.80
49423.83;-104.64
49426.76;-104.64
49429.69;-104.72
49432.62;-104.56
49435.55;-104.56
49438.48;-104.95
49441.41;-104.80
49444.34;-104.64
49447.27;-104.64
49450.20;-104.48
49453.13;-104.80
49456.05;-104.80
49458.98;-104.72
49461.91;-104.72
49464.84;-104.64
49467.77;-104.64
49470.70;-104.80
49473.63;-104.72
49476.56;-104.80
49479.49;-104.95
49482.42;-104.87
49485.35;-104.56
49488.28;-104.72
49491.21;-104.72
49494.14;-104.72
49497.07;-104.72
49500.00;-104.64
49502.93;-104.56
49505.86;-104.56
49508.79;-104.95
49511.72;-104.80
49514.65;-104.56
49517.58;-104.80
49520.51;-104.80
49523.44;-104.72
49526.37;-104.48
49529.30;-104.72
49532.23;-104.80
49535.16;-104.56
49538.09;-105.03
49541.02;-104.95
49543.95;-104.64
49546.88;-104.56
49549.80;-104.87
49552.73;-104.64
49555.66;-104.87
49558.59;-104.95
49561.52;-104.64
49564.45;-104.72
49567.38;-104.48
49570.31;-104.48
49573.24;-104.72
49576.17;-104.72
49579.10;-104.56
49582.03;-104.48
49584.96;-104.72
49587.89;-104.64
49590.82;-104.48
49593.75;-104.48
49596.68;-104.41
49599.61;-104.33
49602.54;-104.72
49605.47;-104.72
49608.40;-104.64
49611.33;-105.03
49614.26;-104.95
49617.19;-104.72
49620.12;-104.64
49623.05;-104.72
49625.98;-104.64
49628.91;-104.72
49631.84;-104.87
49634.77;-105.03
49637.70;-104.80
49640.63;-104.48
49643.55;-104.64
49646.48;-104.80
49649.41;-104.72
49652.34;-104.41
49655.27;-104.56
49658.20;-104.33
49661.13;-104.33
49664.06;-104.17
49666.99;-104.48
49669.92;-104.48
49672.85;-104.56
49675.78;-104.56
49678.71;-104.80
49681.64;-104.80
49684.57;-104.64
49687.50;-104.48
49690.43;-104.64
49693.36;-104.87
49696.29;-104.80
49699.22;-104.72
49702.15;-104.64
49705.08;-104.80
49708.01;-104.95
49710.94;-104.87
49713.87;-104.56
49716.80;-104.64
49719.73;-104.64
49722.66;-104.56
49725.59;-104.87
49728.52;-104.72
49731.45;-104.87
49734.38;-104.80
49737.30;-104.72
49740.23;-104.41
49743.16;-104.48
49746.09;-104.56
49749.02;-104.80
49751.95;-104.56
49754.88;-104.48
49757.81;-104.56
49760.74;-104.80
49763.67;-104.64
49766.60;-104.48
49769.53;-104.56
49772.46;-104.80
49775.39;-104.80
49778.32;-104.72
49781.25;-104.95
49784.18;-104.95
49787.11;-104.87
49790.04;-104.87
49792.97;-104.80
49795.90;-104.56
49798.83;-104.56
49801.76;-104.80
49804.69;-104.80
49807.62;-104.56
49810.55;-104.87
49813.48;-104.87
49816.41;-104.80
49819.34;-104.64
49822.27;-104.41
49825.20;-104.80
49828.13;-104.95
49831.05;-104.87
49833.98;-104.72
49836.91;-104.95
49839.84;-104.72
49842.77;-104.72
49845.70;-104.48
49848.63;-104.64
49851.56;-104.64
49854.49;-104.64
49857.42;-104.87
49860.35;-104.95
49863.28;-105.03
49866.21;-105.11
49869.14;-104.87
49872.07;-104.56
49875.00;-104.64
49877.93;-104.64
49880.86;-104.64
49883.79;-104.33
49886.72;-104.56
49889.65;-104.64
49892.58;-104.80
49895.51;-104.64
49898.44;-104.64
49901.37;-104.87
49904.30;-104.72
49907.23;-104.95
49910.16;-104.87
49913.09;-104.64
49916.02;-104.87
49918.95;-104.80
49921.88;-104.72
49924.80;-104.48
49927.73;-104.64
49930.66;-104.72
49933.59;-104.87
49936.52;-104.95
49939.45;-104.95
49942.38;-104.87
49945.31;-104.87
49948.24;-105.03
49951.17;-104.95
49954.10;-104.80
49957.03;-104.80
49959.96;-104.72
49962.89;-104.72
49965.82;-104.64
49968.75;-104.64
49971.68;-104.33
49974.61;-104.64
49977.54;-104.72
49980.47;-104.64
49983.40;-104.64
49986.33;-104.41
49989.26;-104.64
49992.19;-104.80
49995.12;-104.80
49998.05;-104.80
50000.98;-104.56
50003.91;-104.48
50006.84;-104.64
50009.77;-105.03
50012.70;-104.95
50015.63;-104.87
50018.55;-104.87
50021.48;-104.72
50024.41;-104.56
50027.34;-104.80
50030.27;-104.80
50033.20;-104.72
50036.13;-104.87
50039.06;-104.80
50041.99;-104.87
50044.92;-104.80
50047.85;-104.64
50050.78;-104.64
50053.71;-104.72
50056.64;-104.72
50059.57;-104.72
50062.50;-104.87
50065.43;-104.72
50068.36;-104.56
50071.29;-104.87
50074.22;-104.95
50077.15;-104.80
50080.08;-104.72
50083.01;-104.80
50085.94;-104.87
50088.87;-104.80
50091.80;-104.64
50094.73;-104.72
50097.66;-104.80
50100.59;-104.72
50103.52;-104.56
50106.45;-104.64
50109.38;-104.56
50112.30;-104.72
50115.23;-104.56
50118.16;-104.72
50121.09;-104.64
50124.02;-104.72
50126.95;-104.72
50129.88;-104.80
50132.81;-104.87
50135.74;-104.72
50138.67;-104.87
50141.60;-105.03
50144.53;-104.72
50147.46;-104.72
50150.39;-104.87
50153.32;-104.80
50156.25;-104.72
50159.18;-104.72
50162.11;-104.41
50165.04;-104.56
50167.97;-104.72
50170.90;-104.64
50173.83;-104.56
50176.76;-104.48
50179.69;-104.80
50182.62;-104.72
50185.55;-104.72
50188.48;-104.64
50191.41;-104.56
50194.34;-104.64
50197.27;-104.72
50200.20;-104.87
50203.13;-104.80
50206.05;-104.56
50208.98;-104.80
50211.91;-104.95
50214.84;-104.80
50217.77;-104.64
50220.70;-104.41
50223.63;-104.48
50226.56;-104.41
50229.49;-104.64
50232.42;-104.56
50235.35;-104.72
50238.28;-104.64
50241.21;-104.64
50244.14;-104.64
50247.07;-104.56
50250.00;-104.41
50252.93;-104.48
50255.86;-104.64
50258.79;-104.64
50261.72;-104.87
50264.65;-104.95
50267.58;-104.64
50270.51;-104.48
50273.44;-104.56
50276.37;-104.48
50279.30;-104.80
50282.23;-104.72
50285.16;-104.72
50288.09;-104.80
50291.02;-104.72
50293.95;-104.72
50296.88;-104.64
50299.80;-104.56
50302.73;-104.72
50305.66;-104.72
50308.59;-104.72
50311.52;-104.87
50314.45;-104.72
50317.38;-104.80
50320.31;-104.64
50323.24;-104.56
50326.17;-104.64
50329.10;-104.87
50332.03;-104.80
50334.96;-104.64
50337.89;-104.72
50340.82;-104.64
50343.75;-104.41
50346.68;-104.56
50349.61;-104.87
50352.54;-104.80
50355.47;-104.80
50358.40;-104.87
50361.33;-104.56
50364.26;-104.56
50367.19;-104.87
50370.12;-104.80
50373.05;-104.72
50375.98;-104.72
50378.91;-104.87
50381.84;-104.95
50384.77;-104.64
50387.70;-104.87
50390.63;-104.87
50393.55;-104.72
50396.48;-104.80
50399.41;-104.72
50402.34;-104.56
50405.27;-104.64
50408.20;-104.72
50411.13;-104.80
50414.06;-104.87
50416.99;-104.72
50419.92;-104.72
50422.85;-104.64
50425.78;-104.48
50428.71;-104.56
50431.64;-104.64
50434.57;-104.41
50437.50;-104.64
50440.43;-104.80
50443.36;-104.64
50446.29;-104.87
50449.22;-104.64
50452.15;-104.64
50455.08;-104.87
50458.01;-104.64
50460.94;-104.56
50463.87;-104.80
50466.80;-104.72
50469.73;-104.64
50472.66;-104.95
50475.59;-104.87
50478.52;-104.72
50481.45;-104.64
50484.38;-104.80
50487.30;-104.72
50490.23;-104.80
50493.16;-104.72
50496.09;-104.48
50499.02;-104.64
50501.95;-104.64
50504.88;-104.72
50507.81;-104.80
50510.74;-104.64
50513.67;-104.95
50516.60;-105.03
50519.53;-104.48
50522.46;-104.56
50525.39;-104.80
50528.32;-104.72
50531.25;-104.64
50534.18;-104.56
50537.11;-104.64
50540.04;-104.87
50542.97;-104.95
50545.90;-104.72
50548.83;-104.80
50551.76;-104.48
50554.69;-104.41
50557.62;-104.56
50560.55;-104.64
50563.48;-104.87
50566.41;-104.72
50569.34;-104.41
50572.27;-104.41
50575.20;-104.56
50578.13;-104.64
50581.05;-104.64
50583.98;-104.64
50586.91;-104.56
50589.84;-104.80
50592.77;-104.56
50595.70;-104.41
50598.63;-104.56
50601.56;-104.95
50604.49;-104.80
50607.42;-104.33
50610.35;-104.48
50613.28;-104.56
50616.21;-104.64
50619.14;-104.64
50622.07;-104.48
50625.00;-104.56
50627.93;-104.56
50630.86;-104.56
50633.79;-104.64
50636.72;-104.64
50639.65;-104.87
50642.58;-104.72
50645.51;-104.72
50648.44;-104.72
50651.37;-104.64
50654.30;-104.56
50657.23;-104.72
50660.16;-104.80
50663.09;-104.72
50666.02;-104.95
50668.95;-105.11
50671.88;-104.87
50674.80;-104.72
50677.73;-104.72
50680.66;-104.72
50683.59;-104.48
50686.52;-104.48
50689.45;-104.72
50692.38;-104.80
50695.31;-104.80
50698.24;-104.72
50701.17;-104.48
50704.10;-104.64
50707.03;-104.87
50709.96;-104.87
50712.89;-104.64
50715.82;-104.72
50718.75;-104.72
50721.68;-104.80
50724.61;-104.64
50727.54;-104.41
50730.47;-104.72
50733.40;-104.41
50736.33;-104.48
50739.26;-104.87
50742.19;-104.87
50745.12;-104.72
50748.05;-104.64
50750.98;-104.56
50753.91;-104.56
50756.84;-104.80
50759.77;-104.64
50762.70;-104.41
50765.63;-104.72
50768.55;-104.95
50771.48;-104.64
50774.41;-104.64
50777.34;-104.72
50780.27;-104.64
50783.20;-104.56
50786.13;-104.64
50789.06;-104.72
50791.99;-104.80
50794.92;-104.64
50797.85;-104.56
50800.78;-104.64
50803.71;-104.80
50806.64;-104.56
50809.57;-104.64
50812.50;-104.33
50815.43;-104.48
50818.36;-104.72
50821.29;-104.80
50824.22;-104.80
50827.15;-104.56
50830.08;-104.64
50833.01;-104.72
50835.94;-104.64
50838.87;-104.80
50841.80;-105.03
50844.73;-104.80
50847.66;-104.95
50850.59;-104.72
50853.52;-104.64
50856.45;-104.64
50859.38;-104.80
50862.30;-105.03
50865.23;-105.03
50868.16;-104.87
50871.09;-104.72
50874.02;-104.72
50876.95;-104.64
50879.88;-104.72
50882.81;-104.72
50885.74;-104.56
50888.67;-104.80
50891.60;-104.87
50894.53;-104.72
50897.46;-104.64
50900.39;-104.72
50903.32;-104.80
50906.25;-105.11
50909.18;-104.95
50912.11;-104.72
50915.04;-104.48
50917.97;-104.41
50920.90;-104.48
50923.83;-104.56
50926.76;-104.87
50929.69;-104.72
50932.62;-104.72
50935.55;-104.87
50938.48;-104.95
50941.41;-104.87
50944.34;-104.72
50947.27;-104.95
50950.20;-104.95
50953.13;-104.56
50956.05;-104.41
50958.98;-104.33
50961.91;-104.41
50964.84;-104.33
50967.77;-104.41
50970.70;-104.80
50973.63;-104.95
50976.56;-104.72
50979.49;-104.72
50982.42;-104.95
50985.35;-104.64
50988.28;-104.56
50991.21;-104.72
50994.14;-104.72
50997.07;-104.87
51000.00;-104.87
51002.93;-104.80
51005.86;-104.64
51008.79;-104.33
51011.72;-104.80
51014.65;-104.80
51017.58;-104.80
51020.51;-104.72
51023.44;-104.80
51026.37;-104.72
51029.30;-104.72
51032.23;-104.64
51035.16;-104.33
51038.09;-104.41
51041.02;-104.56
51043.95;-104.56
51046.88;-104.72
51049.80;-104.64
51052.73;-104.41
51055.66;-104.56
51058.59;-104.48
51061.52;-104.56
51064.45;-104.64
51067.38;-104.64
51070.31;-104.64
51073.24;-104.56
51076.17;-104.56
51079.10;-104.56
51082.03;-104.64
51084.96;-104.87
51087.89;-104.80
51090.82;-104.80
51093.75;-104.95
51096.68;-104.80
51099.61;-104.56
51102.54;-104.41
51105.47;-104.64
51108.40;-104.80
51111.33;-104.56
51114.26;-104.72
51117.19;-105.03
51120.12;-104.87
51123.05;-104.80
51125.98;-104.87
51128.91;-104.87
51131.84;-104.87
51134.77;-104.64
51137.70;-104.41
51140.63;-104.41
51143.55;-104.41
51146.48;-104.48
51149.41;-104.64
51152.34;-104.87
51155.27;-104.87
51158.20;-104.87
51161.13;-104.72
51164.06;-104.95
51166.99;-104.87
51169.92;-104.64
51172.85;-104.48
51175.78;-104.64
51178.71;-104.72
51181.64;-104.64
51184.57;-104.64
51187.50;-104.80
51190.43;-104.80
51193.36;-104.56
51196.29;-104.48
51199.22;-104.56
51202.15;-104.56
51205.08;-104.56
51208.01;-104.87
51210.94;-104.72
51213.87;-104.64
51216.80;-104.72
51219.73;-104.56
51222.66;-104.72
51225.59;-104.56
51228.52;-104.41
51231.45;-104.64
51234.38;-104.56
51237.30;-104.56
51240.23;-104.41
51243.16;-104.80
51246.09;-105.03
51249.02;-104.80
51251.95;-104.56
51254.88;-104.41
51257.81;-104.56
51260.74;-104.41
51263.67;-104.41
51266.60;-104.48
51269.53;-104.64
51272.46;-104.80
51275.39;-104.80
51278.32;-104.80
51281.25;-104.80
51284.18;-104.72
51287.11;-104.56
51290.04;-104.64
51292.97;-104.48
51295.90;-104.80
51298.83;-104.64
51301.76;-104.72
51304.69;-104.64
51307.62;-104.80
51310.55;-104.87
51313.48;-104.87
51316.41;-104.95
51319.34;-104.64
51322.27;-104.48
51325.20;-104.64
51328.13;-104.72
51331.05;-104.56
51333.98;-104.48
51336.91;-104.56
51339.84;-104.80
51342.77;-104.64
51345.70;-104.56
51348.63;-104.41
51351.56;-104.64
51354.49;-104.72
51357.42;-104.64
51360.35;-104.72
51363.28;-104.80
51366.21;-104.64
51369.14;-104.64
51372.07;-104.48
51375.00;-104.80
51377.93;-104.64
51380.86;-104.64
51383.79;-104.56
51386.72;-104.80
51389.65;-104.87
51392.58;-104.48
51395.51;-104.41
51398.44;-104.64
51401.37;-104.56
51404.30;-104.72
51407.23;-104.80
51410.16;-104.80
51413.09;-104.56
51416.02;-104.72
51418.95;-104.72
51421.88;-104.80
51424.80;-104.80
51427.73;-104.48
51430.66;-104.48
51433.59;-104.56
51436.52;-104.80
51439.45;-104.80
51442.38;-104.80
51445.31;-104.56
51448.24;-104.64
51451.17;-104.64
51454.10;-104.64
51457.03;-104.72
51459.96;-104.56
51462.89;-104.80
51465.82;-104.80
51468.75;-104.56
51471.68;-104.64
51474.61;-104.80
51477.54;-104.48
51480.47;-104.64
51483.40;-104.80
51486.33;-104.95
51489.26;-104.41
51492.19;-104.48
51495.12;-104.64
51498.05;-104.56
51500.98;-104.56
51503.91;-104.64
51506.84;-104.72
51509.77;-104.48
51512.70;-104.87
51515.63;-104.72
51518.55;-104.56
51521.48;-104.64
51524.41;-104.48
51527.34;-104.72
51530.27;-104.72
51533.20;-104.87
51536.13;-105.19
51539.06;-104.95
51541.99;-104.41
51544.92;-104.72
51547.85;-104.87
51550.78;-104.80
51553.71;-104.56
51556.64;-104.64
51559.57;-104.48
51562.50;-104.64
51565.43;-104.72
51568.36;-104.64
51571.29;-104.48
51574.22;-104.72
51577.15;-104.64
51580.08;-104.48
51583.01;-104.64
51585.94;-104.72
51588.87;-104.56
51591.80;-104.48
51594.73;-104.72
51597.66;-104.56
51600.59;-104.87
51603.52;-104.87
51606.45;-104.56
51609.38;-104.56
51612.30;-104.80
51615.23;-104.72
51618.16;-104.56
51621.09;-104.56
51624.02;-104.64
51626.95;-104.72
51629.88;-104.48
51632.81;-104.56
51635.74;-104.64
51638.67;-104.64
51641.60;-104.64
51644.53;-104.56
51647.46;-104.17
51650.39;-104.33
51653.32;-104.48
51656.25;-104.56
51659.18;-104.48
51662.11;-104.72
51665.04;-104.64
51667.97;-104.64
51670.90;-104.80
51673.83;-104.72
51676.76;-104.87
51679.69;-104.87
51682.62;-104.80
51685.55;-104.56
51688.48;-104.56
51691.41;-104.64
51694.34;-104.48
51697.27;-104.64
51700.20;-104.95
51703.13;-104.56
51706.05;-104.41
51708.98;-104.72
51711.91;-104.72
51714.84;-104.72
51717.77;-104.48
51720.70;-104.41
51723.63;-104.56
51726.56;-104.48
51729.49;-104.48
51732.42;-104.80
51735.35;-104.72
51738.28;-104.80
51741.21;-104.87
51744.14;-104.80
51747.07;-104.80
51750.00;-104.56
51752.93;-104.56
51755.86;-104.48
51758.79;-104.41
51761.72;-104.41
51764.65;-104.56
51767.58;-104.80
51770.51;-104.72
51773.44;-104.41
51776.37;-104.56
51779.30;-104.48
51782.23;-104.48
51785.16;-104.80
51788.09;-104.80
51791.02;-104.80
51793.95;-104.56
51796.88;-104.72
51799.80;-104.64
51802.73;-104.56
51805.66;-104.56
51808.59;-104.64
51811.52;-104.33
51814.45;-104.48
51817.38;-104.72
51820.31;-104.64
51823.24;-104.64
51826.17;-104.56
51829.10;-104.72
51832.03;-104.72
51834.96;-104.87
51837.89;-104.80
51840.82;-104.80
51843.75;-104.80
51846.68;-104.72
51849.61;-104.72
51852.54;-104.72
51855.47;-104.72
51858.40;-104.80
51861.33;-104.56
51864.26;-104.64
51867.19;-104.80
51870.12;-104.80
51873.05;-104.64
51875.98;-104.64
51878.91;-104.56
51881.84;-104.56
51884.77;-104.72
51887.70;-104.87
51890.63;-104.72
51893.55;-104.72
51896.48;-104.72
51899.41;-104.87
51902.34;-105.03
51905.27;-104.72
51908.20;-104.64
51911.13;-104.80
51914.06;-104.56
51916.99;-104.72
51919.92;-104.72
51922.85;-104.41
51925.78;-104.56
51928.71;-104.87
51931.64;-104.87
51934.57;-104.56
51937.50;-104.64
51940.43;-104.72
51943.36;-104.56
51946.29;-104.56
51949.22;-104.95
51952.15;-104.56
51955.08;-104.56
51958.01;-104.80
51960.94;-104.80
51963.87;-104.80
51966.80;-104.64
51969.73;-104.72
51972.66;-104.80
51975.59;-104.56
51978.52;-104.56
51981.45;-104.80
51984.38;-104.87
51987.30;-104.87
51990.23;-104.48
51993.16;-104.48
51996.09;-104.87
51999.02;-104.87
52001.95;-104.72
52004.88;-104.87
52007.81;-104.80
52010.74;-104.64
52013.67;-104.56
52016.60;-104.56
52019.53;-104.41
52022.46;-104.56
52025.39;-104.48
52028.32;-104.64
52031.25;-104.87
52034.18;-104.72
52037.11;-104.64
52040.04;-104.56
52042.97;-104.17
52045.90;-104.41
52048.83;-104.56
52051.76;-104.95
52054.69;-104.87
52057.62;-104.72
52060.55;-104.95
52063.48;-104.48
52066.41;-104.25
52069.34;-104.41
52072.27;-104.48
52075.20;-104.80
52078.13;-105.03
52081.05;-104.95
52083.98;-104.80
52086.91;-104.87
52089.84;-104.64
52092.77;-104.56
52095.70;-104.48
52098.63;-104.72
52101.56;-104.80
52104.49;-104.80
52107.42;-104.56
52110.35;-104.48
52113.28;-104.80
52116.21;-105.11
52119.14;-104.80
52122.07;-104.56
52125.00;-104.80
52127.93;-104.95
52130.86;-104.72
52133.79;-104.48
52136.72;-104.64
52139.65;-104.64
52142.58;-104.64
52145.51;-104.72
52148.44;-104.72
52151.37;-104.64
52154.30;-104.41
52157.23;-104.95
52160.16;-105.03
52163.09;-104.95
52166.02;-105.03
52168.95;-104.87
52171.88;-104.80
52174.80;-104.64
52177.73;-104.64
52180.66;-104.72
52183.59;-104.72
52186.52;-104.72
52189.45;-104.87
52192.38;-105.03
52195.31;-104.72
52198.24;-104.64
52201.17;-104.64
52204.10;-104.56
52207.03;-104.87
52209.96;-104.87
52212.89;-104.72
52215.82;-104.80
52218.75;-104.87
52221.68;-104.72
52224.61;-104.72
52227.54;-104.72
52230.47;-104.80
52233.40;-104.64
52236.33;-104.56
52239.26;-104.56
52242.19;-104.56
52245.12;-104.87
52248.05;-104.64
52250.98;-104.72
52253.91;-104.87
52256.84;-104.41
52259.77;-104.25
52262.70;-104.33
52265.63;-104.87
52268.55;-104.64
52271.48;-104.33
52274.41;-104.56
52277.34;-104.87
52280.27;-104.80
52283.20;-104.80
52286.13;-104.48
52289.06;-104.25
52291.99;-104.64
52294.92;-104.41
52297.85;-104.41
52300.78;-104.56
52303.71;-104.64
52306.64;-104.72
52309.57;-104.72
52312.50;-104.48
52315.43;-104.64
52318.36;-104.87
52321.29;-104.64
52324.22;-104.72
52327.15;-104.72
52330.08;-104.87
52333.01;-104.80
52335.94;-104.80
52338.87;-104.64
52341.80;-104.72
52344.73;-104.56
52347.66;-104.56
52350.59;-104.56
52353.52;-104.72
52356.45;-104.72
52359.38;-104.56
52362.30;-104.56
52365.23;-104.72
52368.16;-104.64
52371.09;-104.72
52374.02;-104.48
52376.95;-104.64
52379.88;-104.56
52382.81;-104.87
52385.74;-104.80
52388.67;-104.48
52391.60;-104.48
52394.53;-104.72
52397.46;-104.56
52400.39;-104.48
52403.32;-104.48
52406.25;-104.48
52409.18;-104.56
52412.11;-104.64
52415.04;-104.48
52417.97;-104.56
52420.90;-104.48
52423.83;-104.48
52426.76;-104.80
52429.69;-104.95
52432.62;-104.72
52435.55;-104.72
52438.48;-104.80
52441.41;-104.64
52444.34;-104.48
52447.27;-104.48
52450.20;-104.64
52453.13;-104.72
52456.05;-104.95
52458.98;-104.95
52461.91;-104.80
52464.84;-104.64
52467.77;-104.72
52470.70;-104.80
52473.63;-104.80
52476.56;-104.72
52479.49;-104.80
52482.42;-104.95
52485.35;-104.72
52488.28;-104.64
52491.21;-104.64
52494.14;-104.48
52497.07;-104.64
52500.00;-104.56
52502.93;-104.56
52505.86;-104.95
52508.79;-104.87
52511.72;-104.64
52514.65;-104.64
52517.58;-104.56
52520.51;-104.48
52523.44;-104.56
52526.37;-104.33
52529.30;-104.48
52532.23;-104.64
52535.16;-104.72
52538.09;-104.80
52541.02;-104.64
52543.95;-104.72
52546.88;-104.80
52549.80;-104.80
52552.73;-104.72
52555.66;-104.64
52558.59;-104.64
52561.52;-104.87
52564.45;-104.72
52567.38;-104.72
52570.31;-104.64
52573.24;-104.72
52576.17;-104.80
52579.10;-104.56
52582.03;-104.48
52584.96;-104.41
52587.89;-104.41
52590.82;-104.41
52593.75;-104.41
52596.68;-104.56
52599.61;-104.80
52602.54;-104.64
52605.47;-104.72
52608.40;-104.72
52611.33;-104.64
52614.26;-104.56
52617.19;-104.25
52620.12;-104.56
52623.05;-104.87
52625.98;-104.95
52628.91;-104.64
52631.84;-104.41
52634.77;-104.56
52637.70;-104.72
52640.63;-104.56
52643.55;-104.56
52646.48;-104.72
52649.41;-104.56
52652.34;-104.41
52655.27;-104.72
52658.20;-104.64
52661.13;-104.80
52664.06;-104.80
52666.99;-104.95
52669.92;-104.87
52672.85;-104.64
52675.78;-104.41
52678.71;-104.80
52681.64;-104.72
52684.57;-104.72
52687.50;-104.72
52690.43;-104.87
52693.36;-104.80
52696.29;-104.48
52699.22;-104.48
52702.15;-104.48
52705.08;-104.56
52708.01;-104.64
52710.94;-104.72
52713.87;-104.41
52716.80;-104.56
52719.73;-104.72
52722.66;-104.64
52725.59;-104.48
52728.52;-104.17
52731.45;-104.33
52734.38;-104.41
52737.30;-104.64
52740.23;-104.64
52743.16;-104.72
52746.09;-104.87
52749.02;-104.72
52751.95;-104.87
52754.88;-104.56
52757.81;-104.56
52760.74;-104.72
52763.67;-104.95
52766.60;-105.11
52769.53;-104.72
52772.46;-104.80
52775.39;-104.87
52778.32;-104.80
52781.25;-104.56
52784.18;-104.48
52787.11;-104.72
52790.04;-104.87
52792.97;-104.80
52795.90;-104.64
52798.83;-104.41
52801.76;-104.48
52804.69;-104.80
52807.62;-104.80
52810.55;-104.72
52813.48;-104.64
52816.41;-104.56
52819.34;-104.64
52822.27;-104.72
52825.20;-104.64
52828.13;-104.72
52831.05;-104.25
52833.98;-104.48
52836.91;-104.56
52839.84;-104.64
52842.77;-104.72
52845.70;-104.80
52848.63;-104.72
52851.56;-104.41
52854.49;-104.56
52857.42;-104.56
52860.35;-104.56
52863.28;-104.80
52866.21;-104.95
52869.14;-104.80
52872.07;-104.56
52875.00;-104.41
52877.93;-104.41
52880.86;-104.56
52883.79;-104.64
52886.72;-104.56
52889.65;-104.80
52892.58;-104.80
52895.51;-105.03
52898.44;-104.80
52901.37;-104.56
52904.30;-104.56
52907.23;-104.48
52910.16;-104.56
52913.09;-104.64
52916.02;-104.64
52918.95;-104.72
52921.88;-104.48
52924.80;-104.48
52927.73;-104.64
52930.66;-104.64
52933.59;-104.64
52936.52;-104.72
52939.45;-104.56
52942.38;-104.41
52945.31;-104.33
52948.24;-104.33
52951.17;-104.56
52954.10;-104.64
52957.03;-104.56
52959.96;-104.87
52962.89;-104.87
52965.82;-104.72
52968.75;-104.56
52971.68;-104.64
52974.61;-104.64
52977.54;-104.80
52980.47;-104.80
52983.40;-104.56
52986.33;-104.56
52989.26;-104.64
52992.19;-104.87
52995.12;-104.80
52998.05;-104.64
53000.98;-104.87
53003.91;-104.80
53006.84;-104.64
53009.77;-104.95
53012.70;-104.87
53015.63;-104.87
53018.55;-104.80
53021.48;-104.80
53024.41;-104.95
53027.34;-104.72
53030.27;-104.64
53033.20;-104.56
53036.13;-104.72
53039.06;-104.95
53041.99;-104.56
53044.92;-104.56
53047.85;-104.48
53050.78;-104.64
53053.71;-104.80
53056.64;-104.64
53059.57;-104.48
53062.50;-104.56
53065.43;-104.80
53068.36;-104.80
53071.29;-104.95
53074.22;-104.95
53077.15;-104.72
53080.08;-104.72
53083.01;-104.72
53085.94;-104.41
53088.87;-104.56
53091.80;-104.56
53094.73;-104.41
53097.66;-104.41
53100.59;-104.48
53103.52;-104.48
53106.45;-104.41
53109.38;-104.56
53112.30;-104.56
53115.23;-104.56
53118.16;-104.56
53121.09;-104.33
53124.02;-104.72
53126.95;-104.80
53129.88;-104.87
53132.81;-104.80
53135.74;-104.80
53138.67;-104.72
53141.60;-104.87
53144.53;-104.64
53147.46;-104.56
53150.39;-104.41
53153.32;-104.41
53156.25;-104.64
53159.18;-104.41
53162.11;-104.33
53165.04;-104.41
53167.97;-104.64
53170.90;-104.56
53173.83;-104.80
53176.76;-104.72
53179.69;-104.48
53182.62;-104.56
53185.55;-104.56
53188.48;-104.48
53191.41;-104.95
53194.34;-104.87
53197.27;-104.72
53200.20;-104.56
53203.13;-104.56
53206.05;-104.64
53208.98;-104.80
53211.91;-104.72
53214.84;-104.48
53217.77;-104.41
53220.70;-104.56
53223.63;-104.48
53226.56;-104.72
53229.49;-104.95
53232.42;-104.87
53235.35;-104.80
53238.28;-105.03
53241.21;-104.80
53244.14;-104.56
53247.07;-104.56
53250.00;-104.56
53252.93;-104.56
53255.86;-104.56
53258.79;-104.95
53261.72;-104.72
53264.65;-104.48
53267.58;-104.56
53270.51;-104.64
53273.44;-104.72
53276.37;-104.64
53279.30;-104.64
53282.23;-104.64
53285.16;-104.64
53288.09;-104.56
53291.02;-104.48
53293.95;-104.64
53296.88;-104.87
53299.80;-104.80
53302.73;-104.41
53305.66;-104.56
53308.59;-104.72
53311.52;-104.56
53314.45;-104.72
53317.38;-104.95
53320.31;-105.11
53323.24;-104.56
53326.17;-104.48
53329.10;-104.41
53332.03;-104.87
53334.96;-104.95
53337.89;-104.80
53340.82;-104.64
53343.75;-104.72
53346.68;-104.64
53349.61;-104.56
53352.54;-104.95
53355.47;-104.87
53358.40;-104.56
53361.33;-104.48
53364.26;-104.72
53367.19;-104.72
53370.12;-104.56
53373.05;-104.72
53375.98;-104.87
53378.91;-104.80
53381.84;-104.72
53384.77;-104.80
53387.70;-105.03
53390.63;-104.95
53393.55;-104.64
53396.48;-104.80
53399.41;-104.80
53402.34;-104.72
53405.27;-104.80
53408.20;-104.72
53411.13;-104.64
53414.06;-104.72
53416.99;-104.64
53419.92;-104.64
53422.85;-104.72
53425.78;-104.41
53428.71;-104.48
53431.64;-104.56
53434.57;-104.72
53437.50;-104.80
53440.43;-104.48
53443.36;-104.41
53446.29;-104.80
53449.22;-104.72
53452.15;-104.41
53455.08;-104.48
53458.01;-104.56
53460.94;-104.41
53463.87;-104.41
53466.80;-104.41
53469.73;-104.41
53472.66;-104.56
53475.59;-104.64
53478.52;-104.56
53481.45;-104.41
53484.38;-104.48
53487.30;-104.64
53490.23;-104.56
53493.16;-104.72
53496.09;-104.72
53499.02;-104.72
53501.95;-104.72
53504.88;-104.72
53507.81;-104.72
53510.74;-104.95
53513.67;-104.64
53516.60;-104.56
53519.53;-104.56
53522.46;-104.64
53525.39;-104.48
53528.32;-104.56
53531.25;-104.64
53534.18;-104.64
53537.11;-104.41
53540.04;-104.33
53542.97;-104.33
53545.90;-104.41
53548.83;-104.33
53551.76;-104.25
53554.69;-104.48
53557.62;-104.72
53560.55;-104.72
53563.48;-104.64
53566.41;-104.72
53569.34;-104.72
53572.27;-104.72
53575.20;-104.64
53578.13;-104.72
53581.05;-104.72
53583.98;-104.72
53586.91;-104.41
53589.84;-104.48
53592.77;-104.56
53595.70;-104.48
53598.63;-104.41
53601.56;-104.48
53604.49;-104.72
53607.42;-104.72
53610.35;-104.56
53613.28;-104.87
53616.21;-105.03
53619.14;-104.95
53622.07;-104.87
53625.00;-104.87
53627.93;-104.48
53630.86;-104.41
53633.79;-104.48
53636.72;-104.72
53639.65;-104.80
53642.58;-104.56
53645.51;-104.56
53648.44;-104.48
53651.37;-104.56
53654.30;-104.64
53657.23;-104.87
53660.16;-104.64
53663.09;-104.56
53666.02;-104.48
53668.95;-104.41
53671.88;-104.41
53674.80;-104.48
53677.73;-104.33
53680.66;-104.41
53683.59;-104.48
53686.52;-104.41
53689.45;-104.33
53692.38;-104.64
53695.31;-104.72
53698.24;-104.80
53701.17;-104.95
53704.10;-104.56
53707.03;-104.72
53709.96;-104.80
53712.89;-104.72
53715.82;-104.80
53718.75;-104.64
53721.68;-104.56
53724.61;-104.64
53727.54;-104.80
53730.47;-104.80
53733.40;-104.64
53736.33;-104.64
53739.26;-104.80
53742.19;-104.87
53745.12;-104.95
53748.05;-104.87
53750.98;-105.11
53753.91;-105.03
53756.84;-104.80
53759.77;-104.48
53762.70;-104.25
53765.63;-104.48
53768.55;-104.72
53771.48;-104.72
53774.41;-104.64
53777.34;-104.41
53780.27;-104.48
53783.20;-104.72
53786.13;-104.64
53789.06;-104.48
53791.99;-104.64
53794.92;-104.48
53797.85;-104.41
53800.78;-104.56
53803.71;-104.56
53806.64;-104.64
53809.57;-104.72
53812.50;-104.64
53815.43;-104.72
53818.36;-104.87
53821.29;-104.80
53824.22;-104.72
53827.15;-104.64
53830.08;-104.41
53833.01;-104.56
53835.94;-104.64
53838.87;-104.64
53841.80;-104.48
53844.73;-104.80
53847.66;-104.80
53850.59;-104.56
53853.52;-104.64
53856.45;-104.48
53859.38;-104.87
53862.30;-105.11
53865.23;-105.03
53868.16;-104.64
53871.09;-104.87
53874.02;-104.72
53876.95;-104.64
53879.88;-104.80
53882.81;-104.87
53885.74;-104.87
53888.67;-104.72
53891.60;-104.64
53894.53;-104.56
53897.46;-104.41
53900.39;-104.64
53903.32;-104.95
53906.25;-104.87
53909.18;-104.64
53912.11;-104.72
53915.04;-104.48
53917.97;-104.48
53920.90;-104.48
53923.83;-104.56
53926.76;-104.72
53929.69;-104.72
53932.62;-104.41
53935.55;-104.33
53938.48;-104.56
53941.41;-104.48
53944.34;-104.41
53947.27;-104.64
53950.20;-104.80
53953.13;-104.80
53956.05;-104.80
53958.98;-104.56
53961.91;-104.56
53964.84;-104.56
53967.77;-104.41
53970.70;-104.56
53973.63;-104.41
53976.56;-104.56
53979.49;-104.64
53982.42;-104.64
53985.35;-104.87
53988.28;-104.72
53991.21;-104.87
53994.14;-104.80
53997.07;-104.72
54000.00;-104.72
54002.93;-104.80
54005.86;-104.48
54008.79;-104.48
54011.72;-104.33
54014.65;-104.41
54017.58;-104.41
54020.51;-104.64
54023.44;-104.64
54026.37;-104.56
54029.30;-104.48
54032.23;-104.56
54035.16;-104.56
54038.09;-104.41
54041.02;-104.33
54043.95;-104.48
54046.88;-104.64
54049.80;-104.72
54052.73;-104.64
54055.66;-104.80
54058.59;-104.48
54061.52;-104.80
54064.45;-104.87
54067.38;-104.72
54070.31;-104.64
54073.24;-104.80
54076.17;-104.80
54079.10;-105.03
54082.03;-104.56
54084.96;-104.48
54087.89;-104.33
54090.82;-104.64
54093.75;-104.56
54096.68;-104.48
54099.61;-104.64
54102.54;-104.87
54105.47;-105.19
54108.40;-104.64
54111.33;-104.56
54114.26;-104.64
54117.19;-104.41
54120.12;-104.48
54123.05;-104.56
54125.98;-104.56
54128.91;-104.56
54131.84;-104.41
54134.77;-104.56
54137.70;-104.80
54140.63;-104.72
54143.55;-104.41
54146.48;-104.64
54149.41;-104.64
54152.34;-104.33
54155.27;-104.56
54158.20;-104.72
54161.13;-104.64
54164.06;-104.80
54166.99;-104.64
54169.92;-104.41
54172.85;-104.80
54175.78;-104.80
54178.71;-104.72
54181.64;-104.64
54184.57;-104.48
54187.50;-104.72
54190.43;-104.72
54193.36;-104.64
54196.29;-104.48
54199.22;-104.56
54202.15;-104.72
54205.08;-104.56
54208.01;-104.48
54210.94;-104.64
54213.87;-104.72
54216.80;-104.80
54219.73;-104.87
54222.66;-104.72
54225.59;-104.64
54228.52;-104.64
54231.45;-104.64
54234.38;-104.64
54237.30;-104.41
54240.23;-104.33
54243.16;-104.48
54246.09;-104.48
54249.02;-104.56
54251.95;-104.80
54254.88;-104.48
54257.81;-104.48
54260.74;-104.56
54263.67;-104.48
54266.60;-104.64
54269.53;-104.80
54272.46;-104.64
54275.39;-104.72
54278.32;-104.87
54281.25;-104.87
54284.18;-104.72
54287.11;-104.72
54290.04;-104.87
54292.97;-104.64
54295.90;-104.33
54298.83;-104.48
54301.76;-104.64
54304.69;-104.80
54307.62;-104.72
54310.55;-104.33
54313.48;-104.48
54316.41;-104.48
54319.34;-104.41
54322.27;-104.48
54325.20;-104.64
54328.13;-104.72
54331.05;-104.72
54333.98;-104.64
54336.91;-104.41
54339.84;-104.72
54342.77;-104.64
54345.70;-104.41
54348.63;-104.64
54351.56;-104.64
54354.49;-104.48
54357.42;-104.48
54360.35;-104.80
54363.28;-104.80
54366.21;-104.56
54369.14;-104.48
54372.07;-104.48
54375.00;-104.87
54377.93;-104.48
54380.86;-104.41
54383.79;-104.64
54386.72;-104.64
54389.65;-104.72
54392.58;-104.56
54395.51;-104.80
54398.44;-104.95
54401.37;-104.80
54404.30;-104.80
54407.23;-104.48
54410.16;-104.64
54413.09;-104.72
54416.02;-104.64
54418.95;-104.64
54421.88;-104.80
54424.80;-104.72
54427.73;-104.48
54430.66;-104.56
54433.59;-104.64
54436.52;-104.41
54439.45;-104.64
54442.38;-104.95
54445.31;-104.87
54448.24;-104.56
54451.17;-104.48
54454.10;-104.72
54457.03;-104.72
54459.96;-104.64
54462.89;-104.41
54465.82;-104.48
54468.75;-104.64
54471.68;-104.56
54474.61;-104.72
54477.54;-104.72
54480.47;-104.72
54483.40;-104.64
54486.33;-104.64
54489.26;-104.72
54492.19;-104.80
54495.12;-104.48
54498.05;-104.64
54500.98;-104.64
54503.91;-104.95
54506.84;-104.87
54509.77;-104.87
54512.70;-104.64
54515.63;-104.41
54518.55;-104.64
54521.48;-104.95
54524.41;-104.95
54527.34;-104.87
54530.27;-104.87
54533.20;-104.64
54536.13;-104.64
54539.06;-104.72
54541.99;-104.72
54544.92;-104.56
54547.85;-104.56
54550.78;-104.95
54553.71;-104.64
54556.64;-104.56
54559.57;-104.95
54562.50;-104.87
54565.43;-104.48
54568.36;-104.56
54571.29;-104.64
54574.22;-104.56
54577.15;-104.72
54580.08;-104.56
54583.01;-104.64
54585.94;-104.33
54588.87;-104.41
54591.80;-104.48
54594.73;-104.41
54597.66;-104.64
54600.59;-104.72
54603.52;-104.48
54606.45;-104.64
54609.38;-104.33
54612.30;-104.33
54615.23;-104.48
54618.16;-104.41
54621.09;-104.33
54624.02;-104.48
54626.95;-104.64
54629.88;-104.72
54632.81;-105.03
54635.74;-104.72
54638.67;-104.48
54641.60;-104.56
54644.53;-104.33
54647.46;-104.56
54650.39;-104.87
54653.32;-104.48
54656.25;-104.41
54659.18;-104.48
54662.11;-104.33
54665.04;-104.33
54667.97;-104.25
54670.90;-104.56
54673.83;-104.72
54676.76;-104.33
54679.69;-104.41
54682.62;-104.64
54685.55;-104.56
54688.48;-104.80
54691.41;-104.87
54694.34;-104.80
54697.27;-104.87
54700.20;-104.56
54703.13;-104.33
54706.05;-104.48
54708.98;-104.64
54711.91;-104.64
54714.84;-104.56
54717.77;-104.64
54720.70;-104.56
54723.63;-104.64
54726.56;-104.56
54729.49;-104.48
54732.42;-104.33
54735.35;-104.64
54738.28;-104.80
54741.21;-104.95
54744.14;-104.72
54747.07;-104.48
54750.00;-104.72
54752.93;-104.56
54755.86;-104.72
54758.79;-104.64
54761.72;-104.72
54764.65;-104.48
54767.58;-104.64
54770.51;-104.64
54773.44;-104.56
54776.37;-104.48
54779.30;-104.33
54782.23;-104.33
54785.16;-104.48
54788.09;-104.64
54791.02;-104.64
54793.95;-104.48
54796.88;-104.56
54799.80;-104.48
54802.73;-104.48
54805.66;-104.72
54808.59;-104.72
54811.52;-104.41
54814.45;-104.48
54817.38;-104.64
54820.31;-104.64
54823.24;-104.56
54826.17;-104.56
54829.10;-104.56
54832.03;-104.48
54834.96;-104.56
54837.89;-104.41
54840.82;-104.64
54843.75;-104.87
54846.68;-104.72
54849.61;-104.72
54852.54;-104.64
54855.47;-104.48
54858.40;-104.64
54861.33;-104.48
54864.26;-104.56
54867.19;-104.64
54870.12;-104.87
54873.05;-105.11
54875.98;-104.95
54878.91;-104.72
54881.84;-104.56
54884.77;-104.56
54887.70;-104.41
54890.63;-104.48
54893.55;-104.72
54896.48;-104.41
54899.41;-104.33
54902.34;-104.72
54905.27;-104.64
54908.20;-104.72
54911.13;-104.72
54914.06;-104.56
54916.99;-104.48
54919.92;-104.48
54922.85;-104.64
54925.78;-104.64
54928.71;-104.56
54931.64;-104.72
54934.57;-104.56
54937.50;-104.72
54940.43;-104.87
54943.36;-104.48
54946.29;-104.64
54949.22;-104.87
54952.15;-104.95
54955.08;-104.80
54958.01;-104.48
54960.94;-104.48
54963.87;-104.48
54966.80;-104.41
54969.73;-104.48
54972.66;-104.64
54975.59;-104.56
54978.52;-104.41
54981.45;-104.48
54984.38;-104.41
54987.30;-104.25
54990.23;-104.80
54993.16;-104.56
54996.09;-104.48
54999.02;-104.48
55001.95;-104.64
55004.88;-104.72
55007.81;-104.48
55010.74;-104.41
55013.67;-104.48
55016.60;-104.41
55019.53;-104.48
55022.46;-104.56
55025.39;-104.48
55028.32;-104.80
55031.25;-104.64
55034.18;-104.64
55037.11;-104.33
55040.04;-104.25
55042.97;-104.33
55045.90;-104.48
55048.83;-104.95
55051.76;-104.80
55054.69;-104.48
55057.62;-104.56
55060.55;-104.33
55063.48;-104.64
55066.41;-104.41
55069.34;-104.56
55072.27;-104.41
55075.20;-104.41
55078.13;-104.64
55081.05;-104.48
55083.98;-104.41
55086.91;-104.80
55089.84;-104.33
55092.77;-104.33
55095.70;-104.41
55098.63;-104.56
55101.56;-104.48
55104.49;-104.33
55107.42;-104.64
55110.35;-104.48
55113.28;-104.48
55116.21;-104.41
55119.14;-104.41
55122.07;-104.48
55125.00;-104.48
55127.93;-104.56
55130.86;-104.48
55133.79;-104.72
55136.72;-104.64
55139.65;-104.64
55142.58;-104.64
55145.51;-104.48
55148.44;-104.56
55151.37;-104.56
55154.30;-104.72
55157.23;-104.33
55160.16;-104.48
55163.09;-104.72
55166.02;-104.80
55168.95;-104.41
55171.88;-104.41
55174.80;-104.95
55177.73;-104.80
55180.66;-104.48
55183.59;-104.56
55186.52;-104.56
55189.45;-104.72
55192.38;-104.95
55195.31;-104.48
55198.24;-104.33
55201.17;-104.25
55204.10;-104.25
55207.03;-104.48
55209.96;-104.56
55212.89;-104.72
55215.82;-104.48
55218.75;-104.56
55221.68;-104.48
55224.61;-104.33
55227.54;-104.33
55230.47;-104.80
55233.40;-104.56
55236.33;-104.56
55239.26;-104.64
55242.19;-104.56
55245.12;-104.41
55248.05;-104.56
55250.98;-104.64
55253.91;-104.87
55256.84;-104.95
55259.77;-104.72
55262.70;-104.72
55265.63;-104.80
55268.55;-104.87
55271.48;-104.72
55274.41;-104.87
55277.34;-104.95
55280.27;-104.56
55283.20;-104.48
55286.13;-104.56
55289.06;-104.56
55291.99;-104.56
55294.92;-104.56
55297.85;-104.33
55300.78;-104.41
55303.71;-104.64
55306.64;-104.80
55309.57;-104.41
55312.50;-104.25
55315.43;-104.48
55318.36;-104.41
55321.29;-104.72
55324.22;-104.72
55327.15;-104.64
55330.08;-104.56
55333.01;-104.48
55335.94;-104.56
55338.87;-104.56
55341.80;-104.56
55344.73;-104.64
55347.66;-104.72
55350.59;-104.72
55353.52;-104.56
55356.45;-104.33
55359.38;-104.25
55362.30;-104.48
55365.23;-104.56
55368.16;-104.87
55371.09;-104.80
55374.02;-104.33
55376.95;-104.33
55379.88;-104.56
55382.81;-104.72
55385.74;-104.87
55388.67;-104.95
55391.60;-104.56
55394.53;-104.25
55397.46;-104.72
55400.39;-104.64
55403.32;-104.41
55406.25;-104.56
55409.18;-104.64
55412.11;-104.64
55415.04;-104.48
55417.97;-104.80
55420.90;-104.87
55423.83;-104.56
55426.76;-104.72
55429.69;-104.64
55432.62;-104.25
55435.55;-104.56
55438.48;-104.64
55441.41;-104.41
55444.34;-104.64
55447.27;-104.72
55450.20;-104.64
55453.13;-104.87
55456.05;-104.72
55458.98;-104.41
55461.91;-104.41
55464.84;-104.95
55467.77;-104.80
55470.70;-104.56
55473.63;-104.72
55476.56;-104.72
55479.49;-104.48
55482.42;-104.56
55485.35;-104.72
55488.28;-104.64
55491.21;-104.72
55494.14;-104.72
55497.07;-104.33
55500.00;-104.48
55502.93;-104.41
55505.86;-104.17
55508.79;-104.25
55511.72;-104.56
55514.65;-104.56
55517.58;-104.72
55520.51;-104.80
55523.44;-104.64
55526.37;-104.41
55529.30;-104.80
55532.23;-104.87
55535.16;-104.56
55538.09;-104.33
55541.02;-104.41
55543.95;-104.72
55546.88;-104.95
55549.80;-104.56
55552.73;-104.33
55555.66;-104.80
55558.59;-104.72
55561.52;-104.48
55564.45;-104.25
55567.38;-104.01
55570.31;-104.25
55573.24;-104.56
55576.17;-104.72
55579.10;-104.41
55582.03;-104.48
55584.96;-104.41
55587.89;-104.48
55590.82;-104.56
55593.75;-104.64
55596.68;-104.48
55599.61;-104.33
55602.54;-104.41
55605.47;-104.41
55608.40;-104.33
55611.33;-104.41
55614.26;-104.41
55617.19;-104.41
55620.12;-104.56
55623.05;-104.48
55625.98;-104.09
55628.91;-104.25
55631.84;-104.64
55634.77;-104.56
55637.70;-104.64
55640.63;-104.48
55643.55;-104.41
55646.48;-104.48
55649.41;-104.56
55652.34;-104.41
55655.27;-104.25
55658.20;-104.33
55661.13;-104.56
55664.06;-104.87
55666.99;-104.64
55669.92;-104.41
55672.85;-104.33
55675.78;-104.33
55678.71;-104.56
55681.64;-104.48
55684.57;-104.72
55687.50;-104.64
55690.43;-104.64
55693.36;-104.56
55696.29;-104.72
55699.22;-104.64
55702.15;-104.72
55705.08;-104.87
55708.01;-104.56
55710.94;-104.56
55713.87;-104.25
55716.80;-104.41
55719.73;-104.41
55722.66;-104.33
55725.59;-104.56
55728.52;-104.33
55731.45;-104.33
55734.38;-104.64
55737.30;-104.56
55740.23;-104.48
55743.16;-104.80
55746.09;-104.80
55749.02;-104.56
55751.95;-104.56
55754.88;-104.64
55757.81;-104.41
55760.74;-104.56
55763.67;-104.72
55766.60;-104.64
55769.53;-104.56
55772.46;-104.48
55775.39;-104.64
55778.32;-104.87
55781.25;-104.95
55784.18;-104.80
55787.11;-104.56
55790.04;-104.48
55792.97;-104.41
55795.90;-104.25
55798.83;-104.56
55801.76;-104.72
55804.69;-104.80
55807.62;-104.72
55810.55;-104.72
55813.48;-104.48
55816.41;-104.41
55819.34;-104.56
55822.27;-104.56
55825.20;-104.41
55828.13;-104.48
55831.05;-104.64
55833.98;-104.64
55836.91;-104.56
55839.84;-104.72
55842.77;-104.72
55845.70;-104.64
55848.63;-104.48
55851.56;-104.56
55854.49;-104.64
55857.42;-104.41
55860.35;-104.48
55863.28;-104.64
55866.21;-104.72
55869.14;-104.64
55872.07;-104.48
55875.00;-104.56
55877.93;-104.72
55880.86;-104.64
55883.79;-104.33
55886.72;-104.33
55889.65;-104.33
55892.58;-104.56
55895.51;-104.64
55898.44;-104.41
55901.37;-104.41
55904.30;-104.64
55907.23;-104.72
55910.16;-104.56
55913.09;-104.64
55916.02;-104.72
55918.95;-104.80
55921.88;-104.87
55924.80;-104.56
55927.73;-104.56
55930.66;-104.33
55933.59;-104.41
55936.52;-104.80
55939.45;-104.64
55942.38;-104.64
55945.31;-104.56
55948.24;-104.56
55951.17;-104.56
55954.10;-104.56
55957.03;-104.56
55959.96;-104.56
55962.89;-104.80
55965.82;-104.64
55968.75;-104.80
55971.68;-104.72
55974.61;-104.48
55977.54;-104.48
55980.47;-104.41
55983.40;-104.56
55986.33;-104.48
55989.26;-104.48
55992.19;-104.72
55995.12;-104.56
55998.05;-104.48
56000.98;-104.64
56003.91;-104.56
56006.84;-104.48
56009.77;-104.64
56012.70;-104.17
56015.63;-104.17
56018.55;-104.41
56021.48;-104.48
56024.41;-104.64
56027.34;-104.56
56030.27;-104.48
56033.20;-104.41
56036.13;-104.80
56039.06;-104.64
56041.99;-104.48
56044.92;-104.64
56047.85;-104.87
56050.78;-104.72
56053.71;-104.48
56056.64;-104.33
56059.57;-104.48
56062.50;-104.56
56065.43;-104.56
56068.36;-104.41
56071.29;-104.41
56074.22;-104.41
56077.15;-104.56
56080.08;-104.48
56083.01;-104.41
56085.94;-104.33
56088.87;-104.72
56091.80;-104.56
56094.73;-104.64
56097.66;-104.56
56100.59;-104.64
56103.52;-104.87
56106.45;-104.80
56109.38;-104.56
56112.30;-104.56
56115.23;-104.64
56118.16;-104.64
56121.09;-104.72
56124.02;-104.80
56126.95;-104.72
56129.88;-104.64
56132.81;-104.87
56135.74;-104.95
56138.67;-104.64
56141.60;-104.64
56144.53;-104.80
56147.46;-104.64
56150.39;-104.80
56153.32;-104.72
56156.25;-104.48
56159.18;-104.33
56162.11;-104.41
56165.04;-104.48
56167.97;-104.64
56170.90;-104.64
56173.83;-104.56
56176.76;-104.25
56179.69;-104.33
56182.62;-104.41
56185.55;-104.33
56188.48;-104.56
56191.41;-104.48
56194.34;-104.33
56197.27;-104.41
56200.20;-104.48
56203.13;-104.64
56206.05;-104.87
56208.98;-104.80
56211.91;-104.95
56214.84;-104.95
56217.77;-104.87
56220.70;-104.48
56223.63;-104.33
56226.56;-104.25
56229.49;-104.64
56232.42;-104.80
56235.35;-104.87
56238.28;-104.72
56241.21;-104.48
56244.14;-104.56
56247.07;-104.48
56250.00;-104.56
56252.93;-104.64
56255.86;-104.72
56258.79;-104.80
56261.72;-104.72
56264.65;-104.64
56267.58;-104.72
56270.51;-104.41
56273.44;-104.25
56276.37;-104.48
56279.30;-104.87
56282.23;-104.80
56285.16;-104.80
56288.09;-104.64
56291.02;-104.56
56293.95;-104.64
56296.88;-104.80
56299.80;-104.48
56302.73;-104.56
56305.66;-104.41
56308.59;-104.48
56311.52;-104.41
56314.45;-104.48
56317.38;-104.72
56320.31;-104.87
56323.24;-104.72
56326.17;-104.64
56329.10;-104.48
56332.03;-104.25
56334.96;-104.48
56337.89;-104.56
56340.82;-104.56
56343.75;-104.72
56346.68;-104.72
56349.61;-104.48
56352.54;-104.64
56355.47;-104.64
56358.40;-104.41
56361.33;-104.41
56364.26;-104.48
56367.19;-104.56
56370.12;-104.56
56373.05;-104.64
56375.98;-104.56
56378.91;-104.41
56381.84;-104.48
56384.77;-104.41
56387.70;-104.72
56390.63;-104.87
56393.55;-104.80
56396.48;-104.64
56399.41;-104.56
56402.34;-104.56
56405.27;-104.80
56408.20;-104.80
56411.13;-104.56
56414.06;-104.80
56416.99;-104.48
56419.92;-104.33
56422.85;-104.41
56425.78;-104.64
56428.71;-104.64
56431.64;-104.48
56434.57;-104.41
56437.50;-104.48
56440.43;-104.33
56443.36;-104.72
56446.29;-104.72
56449.22;-104.17
56452.15;-104.56
56455.08;-104.80
56458.01;-104.48
56460.94;-104.64
56463.87;-104.80
56466.80;-104.72
56469.73;-104.56
56472.66;-104.48
56475.59;-104.56
56478.52;-104.56
56481.45;-104.56
56484.38;-104.33
56487.30;-104.41
56490.23;-104.64
56493.16;-104.56
56496.09;-104.56
56499.02;-104.25
56501.95;-104.17
56504.88;-104.25
56507.81;-104.41
56510.74;-104.64
56513.67;-104.48
56516.60;-104.48
56519.53;-104.48
56522.46;-104.56
56525.39;-104.48
56528.32;-104.33
56531.25;-104.48
56534.18;-104.48
56537.11;-104.48
56540.04;-104.41
56542.97;-104.56
56545.90;-104.33
56548.83;-104.33
56551.76;-104.64
56554.69;-104.64
56557.62;-104.72
56560.55;-104.41
56563.48;-104.41
56566.41;-104.41
56569.34;-104.25
56572.27;-104.33
56575.20;-104.33
56578.13;-104.41
56581.05;-104.56
56583.98;-104.56
56586.91;-104.56
56589.84;-104.48
56592.77;-104.64
56595.70;-104.56
56598.63;-104.41
56601.56;-104.41
56604.49;-104.56
56607.42;-104.72
56610.35;-104.48
56613.28;-104.33
56616.21;-104.56
56619.14;-104.80
56622.07;-104.64
56625.00;-104.01
56627.93;-104.33
56630.86;-104.41
56633.79;-104.48
56636.72;-104.41
56639.65;-104.64
56642.58;-104.72
56645.51;-104.48
56648.44;-104.72
56651.37;-104.48
56654.30;-104.25
56657.23;-104.33
56660.16;-104.56
56663.09;-104.64
56666.02;-104.64
56668.95;-104.64
56671.88;-104.56
56674.80;-104.64
56677.73;-104.72
56680.66;-104.64
56683.59;-104.33
56686.52;-104.33
56689.45;-104.56
56692.38;-104.41
56695.31;-104.56
56698.24;-104.48
56701.17;-104.41
56704.10;-104.64
56707.03;-104.72
56709.96;-104.72
56712.89;-104.64
56715.82;-104.64
56718.75;-104.95
56721.68;-104.80
56724.61;-104.64
56727.54;-104.64
56730.47;-104.41
56733.40;-104.41
56736.33;-104.48
56739.26;-104.41
56742.19;-104.56
56745.12;-104.64
56748.05;-104.80
56750.98;-104.80
56753.91;-104.72
56756.84;-104.64
56759.77;-104.64
56762.70;-104.56
56765.63;-104.80
56768.55;-104.87
56771.48;-104.64
56774.41;-104.56
56777.34;-104.56
56780.27;-104.72
56783.20;-104.87
56786.13;-104.80
56789.06;-104.41
56791.99;-104.41
56794.92;-104.48
56797.85;-104.56
56800.78;-104.72
56803.71;-104.87
56806.64;-104.80
56809.57;-104.72
56812.50;-104.56
56815.43;-104.56
56818.36;-104.48
56821.29;-104.41
56824.22;-104.56
56827.15;-105.03
56830.08;-104.72
56833.01;-104.33
56835.94;-104.56
56838.87;-104.48
56841.80;-104.33
56844.73;-104.56
56847.66;-104.48
56850.59;-104.41
56853.52;-104.56
56856.45;-104.64
56859.38;-104.56
56862.30;-104.64
56865.23;-104.41
56868.16;-104.33
56871.09;-104.56
56874.02;-104.48
56876.95;-104.48
56879.88;-104.64
56882.81;-104.64
56885.74;-104.80
56888.67;-104.80
56891.60;-104.56
56894.53;-104.48
56897.46;-104.56
56900.39;-104.72
56903.32;-104.72
56906.25;-104.64
56909.18;-104.48
56912.11;-104.41
56915.04;-104.48
56917.97;-104.48
56920.90;-104.56
56923.83;-104.72
56926.76;-104.72
56929.69;-104.72
56932.62;-104.72
56935.55;-104.72
56938.48;-104.64
56941.41;-104.64
56944.34;-104.72
56947.27;-104.64
56950.20;-104.80
56953.13;-104.64
56956.05;-104.48
56958.98;-104.64
56961.91;-104.56
56964.84;-104.41
56967.77;-104.41
56970.70;-104.41
56973.63;-104.33
56976.56;-104.48
56979.49;-104.41
56982.42;-104.17
56985.35;-104.48
56988.28;-104.72
56991.21;-104.48
56994.14;-104.56
56997.07;-104.56
57000.00;-104.95
57002.93;-104.64
57005.86;-104.56
57008.79;-104.80
57011.72;-104.80
57014.65;-104.64
57017.58;-104.33
57020.51;-104.41
57023.44;-104.72
57026.37;-104.64
57029.30;-104.72
57032.23;-104.95
57035.16;-104.87
57038.09;-104.80
57041.02;-104.64
57043.95;-104.72
57046.88;-104.72
57049.80;-104.72
57052.73;-104.48
57055.66;-104.33
57058.59;-104.56
57061.52;-104.80
57064.45;-104.56
57067.38;-104.56
57070.31;-104.41
57073.24;-104.41
57076.17;-104.64
57079.10;-104.48
57082.03;-104.25
57084.96;-104.25
57087.89;-104.56
57090.82;-104.64
57093.75;-104.56
57096.68;-104.41
57099.61;-104.48
57102.54;-104.48
57105.47;-104.56
57108.40;-104.64
57111.33;-104.48
57114.26;-104.72
57117.19;-104.80
57120.12;-104.64
57123.05;-104.48
57125.98;-104.48
57128.91;-104.41
57131.84;-104.56
57134.77;-104.72
57137.70;-104.72
57140.63;-104.80
57143.55;-104.72
57146.48;-104.56
57149.41;-104.33
57152.34;-104.56
57155.27;-104.87
57158.20;-104.64
57161.13;-104.56
57164.06;-104.72
57166.99;-104.72
57169.92;-104.33
57172.85;-104.33
57175.78;-104.33
57178.71;-104.48
57181.64;-104.64
57184.57;-104.48
57187.50;-104.41
57190.43;-104.48
57193.36;-104.48
57196.29;-104.56
57199.22;-104.80
57202.15;-104.56
57205.08;-104.72
57208.01;-104.64
57210.94;-104.48
57213.87;-104.33
57216.80;-104.48
57219.73;-104.56
57222.66;-104.64
57225.59;-104.80
57228.52;-104.72
57231.45;-104.72
57234.38;-104.72
57237.30;-104.72
57240.23;-104.64
57243.16;-104.41
57246.09;-104.48
57249.02;-104.72
57251.95;-104.64
57254.88;-104.41
57257.81;-104.41
57260.74;-104.72
57263.67;-104.80
57266.60;-104.64
57269.53;-104.80
57272.46;-104.80
57275.39;-104.56
57278.32;-104.72
57281.25;-104.56
57284.18;-104.48
57287.11;-104.64
57290.04;-104.41
57292.97;-104.56
57295.90;-104.64
57298.83;-104.48
57301.76;-104.56
57304.69;-104.72
57307.62;-104.56
57310.55;-104.64
57313.48;-104.72
57316.41;-104.64
57319.34;-104.48
57322.27;-104.41
57325.20;-104.48
57328.13;-104.64
57331.05;-104.25
57333.98;-104.41
57336.91;-104.64
57339.84;-104.64
57342.77;-104.41
57345.70;-104.17
57348.63;-104.64
57351.56;-104.64
57354.49;-104.48
57357.42;-104.64
57360.35;-104.64
57363.28;-104.41
57366.21;-104.48
57369.14;-104.41
57372.07;-104.64
57375.00;-104.56
57377.93;-104.48
57380.86;-104.56
57383.79;-104.56
57386.72;-104.72
57389.65;-104.48
57392.58;-104.56
57395.51;-104.72
57398.44;-104.64
57401.37;-104.48
57404.30;-104.41
57407.23;-104.41
57410.16;-104.56
57413.09;-104.56
57416.02;-104.41
57418.95;-104.48
57421.88;-104.48
57424.80;-104.64
57427.73;-104.56
57430.66;-104.41
57433.59;-104.64
57436.52;-104.64
57439.45;-104.64
57442.38;-104.56
57445.31;-104.64
57448.24;-104.64
57451.17;-104.72
57454.10;-104.56
57457.03;-104.56
57459.96;-104.64
57462.89;-104.33
57465.82;-104.41
57468.75;-104.56
57471.68;-104.64
57474.61;-104.41
57477.54;-104.48
57480.47;-104.33
57483.40;-104.41
57486.33;-104.95
57489.26;-104.72
57492.19;-104.48
57495.12;-104.25
57498.05;-104.25
57500.98;-104.48
57503.91;-104.56
57506.84;-104.80
57509.77;-104.87
57512.70;-104.56
57515.63;-104.72
57518.55;-104.64
57521.48;-104.72
57524.41;-104.80
57527.34;-104.80
57530.27;-104.64
57533.20;-104.80
57536.13;-104.41
57539.06;-104.17
57541.99;-104.33
57544.92;-104.33
57547.85;-104.56
57550.78;-104.48
57553.71;-104.48
57556.64;-104.41
57559.57;-104.33
57562.50;-104.48
57565.43;-104.56
57568.36;-104.48
57571.29;-104.48
57574.22;-104.64
57577.15;-104.64
57580.08;-104.48
57583.01;-104.72
57585.94;-104.80
57588.87;-104.64
57591.80;-104.72
57594.73;-104.72
57597.66;-104.72
57600.59;-104.72
57603.52;-104.56
57606.45;-104.48
57609.38;-104.48
57612.30;-104.56
57615.23;-104.41
57618.16;-104.33
57621.09;-104.48
57624.02;-104.80
57626.95;-104.64
57629.88;-104.64
57632.81;-104.64
57635.74;-104.41
57638.67;-104.56
57641.60;-104.48
57644.53;-104.56
57647.46;-104.56
57650.39;-104.64
57653.32;-104.80
57656.25;-104.87
57659.18;-104.64
57662.11;-104.64
57665.04;-104.87
57667.97;-104.64
57670.90;-104.41
57673.83;-104.48
57676.76;-104.33
57679.69;-104.33
57682.62;-104.72
57685.55;-104.48
57688.48;-104.41
57691.41;-104.41
57694.34;-104.48
57697.27;-104.64
57700.20;-104.56
57703.13;-104.56
57706.05;-104.72
57708.98;-104.56
57711.91;-104.48
57714.84;-104.56
57717.77;-104.64
57720.70;-104.64
57723.63;-104.33
57726.56;-104.41
57729.49;-104.33
57732.42;-104.25
57735.35;-104.56
57738.28;-104.72
57741.21;-104.48
57744.14;-104.25
57747.07;-104.17
57750.00;-104.33
57752.93;-104.48
57755.86;-104.48
57758.79;-104.56
57761.72;-104.64
57764.65;-104.41
57767.58;-104.41
57770.51;-104.56
57773.44;-104.64
57776.37;-104.25
57779.30;-104.48
57782.23;-104.72
57785.16;-104.72
57788.09;-104.64
57791.02;-104.48
57793.95;-104.25
57796.88;-104.33
57799.80;-104.64
57802.73;-104.80
57805.66;-104.72
57808.59;-104.41
57811.52;-104.56
57814.45;-104.56
57817.38;-104.33
57820.31;-104.56
57823.24;-104.64
57826.17;-104.64
57829.10;-104.72
57832.03;-104.41
57834.96;-104.41
57837.89;-104.41
57840.82;-104.80
57843.75;-104.80
57846.68;-104.33
57849.61;-104.33
57852.54;-104.64
57855.47;-104.80
57858.40;-104.87
57861.33;-104.64
57864.26;-104.48
57867.19;-104.56
57870.12;-104.33
57873.05;-104.33
57875.98;-104.33
57878.91;-104.56
57881.84;-104.41
57884.77;-104.33
57887.70;-104.56
57890.63;-104.64
57893.55;-104.33
57896.48;-104.41
57899.41;-104.72
57902.34;-104.72
57905.27;-104.72
57908.20;-104.64
57911.13;-104.41
57914.06;-104.48
57916.99;-104.25
57919.92;-104.48
57922.85;-104.87
57925.78;-104.64
57928.71;-104.56
57931.64;-104.80
57934.57;-104.72
57937.50;-104.48
57940.43;-104.56
57943.36;-104.64
57946.29;-104.48
57949.22;-104.48
57952.15;-104.64
57955.08;-104.64
57958.01;-104.56
57960.94;-104.56
57963.87;-104.64
57966.80;-104.72
57969.73;-104.56
57972.66;-104.56
57975.59;-104.56
57978.52;-104.33
57981.45;-104.25
57984.38;-104.33
57987.30;-104.48
57990.23;-104.56
57993.16;-104.48
57996.09;-104.33
57999.02;-104.41
58001.95;-104.41
58004.88;-104.48
58007.81;-104.56
58010.74;-104.80
58013.67;-105.03
58016.60;-104.80
58019.53;-104.33
58022.46;-104.17
58025.39;-104.17
58028.32;-104.56
58031.25;-104.56
58034.18;-104.56
58037.11;-104.72
58040.04;-104.56
58042.97;-104.41
58045.90;-104.33
58048.83;-104.41
58051.76;-104.56
58054.69;-104.64
58057.62;-104.33
58060.55;-104.41
58063.48;-104.56
58066.41;-104.72
58069.34;-104.48
58072.27;-104.25
58075.20;-104.56
58078.13;-104.56
58081.05;-104.48
58083.98;-104.56
58086.91;-104.64
58089.84;-104.41
58092.77;-104.56
58095.70;-104.41
58098.63;-104.25
58101.56;-104.56
58104.49;-104.64
58107.42;-104.56
58110.35;-104.56
58113.28;-104.41
58116.21;-104.64
58119.14;-104.80
58122.07;-104.48
58125.00;-104.41
58127.93;-104.64
58130.86;-104.64
58133.79;-104.56
58136.72;-104.48
58139.65;-104.64
58142.58;-104.64
58145.51;-104.41
58148.44;-104.56
58151.37;-104.48
58154.30;-104.48
58157.23;-104.56
58160.16;-104.56
58163.09;-104.64
58166.02;-104.64
58168.95;-104.56
58171.88;-104.41
58174.80;-104.33
58177.73;-104.56
58180.66;-104.56
58183.59;-104.64
58186.52;-104.72
58189.45;-104.56
58192.38;-104.72
58195.31;-104.56
58198.24;-104.48
58201.17;-104.48
58204.10;-104.64
58207.03;-104.41
58209.96;-104.25
58212.89;-104.25
58215.82;-104.64
58218.75;-104.64
58221.68;-104.33
58224.61;-104.48
58227.54;-104.48
58230.47;-104.33
58233.40;-104.48
58236.33;-104.64
58239.26;-104.56
58242.19;-104.56
58245.12;-104.41
58248.05;-104.41
58250.98;-104.41
58253.91;-104.48
58256.84;-104.41
58259.77;-104.25
58262.70;-104.41
58265.63;-104.48
58268.55;-104.72
58271.48;-104.64
58274.41;-104.48
58277.34;-104.41
58280.27;-104.48
58283.20;-104.72
58286.13;-104.56
58289.06;-104.33
58291.99;-104.33
58294.92;-104.41
58297.85;-104.56
58300.78;-104.64
58303.71;-104.48
58306.64;-104.64
58309.57;-104.48
58312.50;-104.41
58315.43;-104.64
58318.36;-104.64
58321.29;-104.41
58324.22;-104.33
58327.15;-104.41
58330.08;-104.56
58333.01;-104.56
58335.94;-104.64
58338.87;-104.48
58341.80;-104.41
58344.73;-104.41
58347.66;-104.41
58350.59;-104.33
58353.52;-104.33
58356.45;-104.64
58359.38;-104.80
58362.30;-104.72
58365.23;-104.72
58368.16;-104.48
58371.09;-104.48
58374.02;-104.41
58376.95;-104.48
58379.88;-104.64
58382.81;-104.80
58385.74;-104.80
58388.67;-104.64
58391.60;-104.80
58394.53;-104.72
58397.46;-104.80
58400.39;-104.56
58403.32;-104.48
58406.25;-104.56
58409.18;-104.25
58412.11;-104.41
58415.04;-104.64
58417.97;-104.41
58420.90;-104.56
58423.83;-104.72
58426.76;-104.48
58429.69;-104.25
58432.62;-104.72
58435.55;-104.80
58438.48;-104.64
58441.41;-104.56
58444.34;-104.64
58447.27;-104.87
58450.20;-104.64
58453.13;-104.48
58456.05;-104.41
58458.98;-104.56
58461.91;-104.41
58464.84;-104.41
58467.77;-104.25
58470.70;-104.64
58473.63;-104.64
58476.56;-104.64
58479.49;-104.72
58482.42;-104.80
58485.35;-104.72
58488.28;-104.56
58491.21;-104.56
58494.14;-104.64
58497.07;-104.56
58500.00;-104.72
58502.93;-104.56
58505.86;-104.41
58508.79;-104.48
58511.72;-104.56
58514.65;-104.64
58517.58;-104.64
58520.51;-104.33
58523.44;-104.64
58526.37;-104.64
58529.30;-104.64
58532.23;-104.87
58535.16;-104.64
58538.09;-104.01
58541.02;-104.33
58543.95;-104.48
58546.88;-104.48
58549.80;-104.48
58552.73;-104.87
58555.66;-104.48
58558.59;-104.56
58561.52;-104.56
58564.45;-104.48
58567.38;-104.41
58570.31;-104.25
58573.24;-104.25
58576.17;-104.41
58579.10;-104.56
58582.03;-104.56
58584.96;-104.48
58587.89;-104.72
58590.82;-104.56
58593.75;-104.48
58596.68;-104.64
58599.61;-104.41
58602.54;-104.33
58605.47;-104.41
58608.40;-104.41
58611.33;-104.56
58614.26;-104.56
58617.19;-104.80
58620.12;-104.64
58623.05;-104.56
58625.98;-104.72
58628.91;-104.87
58631.84;-104.64
58634.77;-104.56
58637.70;-104.72
58640.63;-104.64
58643.55;-104.80
58646.48;-104.64
58649.41;-104.48
58652.34;-104.33
58655.27;-104.56
58658.20;-104.87
58661.13;-104.56
58664.06;-104.56
58666.99;-104.72
58669.92;-104.56
58672.85;-104.64
58675.78;-104.72
58678.71;-104.64
58681.64;-104.64
58684.57;-104.64
58687.50;-104.48
58690.43;-104.41
58693.36;-104.56
58696.29;-104.72
58699.22;-104.72
58702.15;-104.41
58705.08;-104.41
58708.01;-104.80
58710.94;-104.64
58713.87;-104.48
58716.80;-104.48
58719.73;-104.41
58722.66;-104.41
58725.59;-104.48
58728.52;-104.41
58731.45;-104.41
58734.38;-104.41
58737.30;-104.48
58740.23;-104.64
58743.16;-104.64
58746.09;-104.41
58749.02;-104.87
58751.95;-104.56
58754.88;-104.41
58757.81;-104.64
58760.74;-104.56
58763.67;-104.56
58766.60;-104.56
58769.53;-104.72
58772.46;-104.80
58775.39;-104.48
58778.32;-104.56
58781.25;-104.48
58784.18;-104.48
58787.11;-104.56
58790.04;-104.33
58792.97;-104.56
58795.90;-104.64
58798.83;-104.48
58801.76;-104.25
58804.69;-104.41
58807.62;-104.33
58810.55;-104.64
58813.48;-104.48
58816.41;-104.48
58819.34;-104.48
58822.27;-104.64
58825.20;-104.33
58828.13;-104.41
58831.05;-104.41
58833.98;-104.33
58836.91;-104.41
58839.84;-104.48
58842.77;-104.48
58845.70;-104.48
58848.63;-104.64
58851.56;-104.87
58854.49;-104.72
58857.42;-104.56
58860.35;-104.48
58863.28;-104.56
58866.21;-104.64
58869.14;-104.72
58872.07;-104.48
58875.00;-104.41
58877.93;-104.25
58880.86;-104.09
58883.79;-104.25
58886.72;-104.48
58889.65;-104.56
58892.58;-104.80
58895.51;-104.56
58898.44;-104.33
58901.37;-104.41
58904.30;-104.64
58907.23;-104.48
58910.16;-104.25
58913.09;-104.25
58916.02;-104.64
58918.95;-104.56
58921.88;-104.72
58924.80;-104.72
58927.73;-104.72
58930.66;-104.41
58933.59;-104.33
58936.52;-104.48
58939.45;-104.80
58942.38;-104.33
58945.31;-104.25
58948.24;-104.33
58951.17;-104.25
58954.10;-104.41
58957.03;-104.33
58959.96;-104.56
58962.89;-104.41
58965.82;-104.33
58968.75;-104.25
58971.68;-104.33
58974.61;-104.48
58977.54;-104.41
58980.47;-104.33
58983.40;-104.33
58986.33;-104.48
58989.26;-104.25
58992.19;-104.25
58995.12;-104.41
58998.05;-104.33
59000.98;-104.56
59003.91;-104.72
59006.84;-104.56
59009.77;-104.56
59012.70;-104.48
59015.63;-104.17
59018.55;-103.94
59021.48;-104.33
59024.41;-104.48
59027.34;-104.33
59030.27;-104.41
59033.20;-104.25
59036.13;-104.09
59039.06;-104.17
59041.99;-104.25
59044.92;-104.25
59047.85;-104.25
59050.78;-104.33
59053.71;-104.25
59056.64;-104.25
59059.57;-104.41
59062.50;-104.41
59065.43;-104.25
59068.36;-104.48
59071.29;-104.41
59074.22;-104.33
59077.15;-104.48
59080.08;-104.64
59083.01;-104.33
59085.94;-104.01
59088.87;-104.17
59091.80;-104.25
59094.73;-104.48
59097.66;-104.56
59100.59;-104.25
59103.52;-104.33
59106.45;-104.25
59109.38;-104.41
59112.30;-104.25
59115.23;-104.56
59118.16;-104.41
59121.09;-104.41
59124.02;-104.56
59126.95;-104.64
59129.88;-104.64
59132.81;-104.56
59135.74;-104.41
59138.67;-104.41
59141.60;-104.25
59144.53;-104.17
59147.46;-104.17
59150.39;-104.25
59153.32;-104.17
59156.25;-104.33
59159.18;-104.56
59162.11;-104.25
59165.04;-104.25
59167.97;-104.33
59170.90;-104.09
59173.83;-104.48
59176.76;-104.41
59179.69;-104.17
59182.62;-104.09
59185.55;-104.17
59188.48;-104.25
59191.41;-104.25
59194.34;-104.25
59197.27;-104.17
59200.20;-104.33
59203.13;-104.25
59206.05;-104.41
59208.98;-104.48
59211.91;-104.41
59214.84;-104.33
59217.77;-104.25
59220.70;-104.33
59223.63;-104.09
59226.56;-103.94
59229.49;-103.78
59232.42;-104.01
59235.35;-104.01
59238.28;-104.17
59241.21;-104.33
59244.14;-104.56
59247.07;-104.33
59250.00;-104.33
59252.93;-104.41
59255.86;-104.33
59258.79;-104.25
59261.72;-104.25
59264.65;-104.17
59267.58;-104.17
59270.51;-104.17
59273.44;-104.25
59276.37;-104.41
59279.30;-104.41
59282.23;-104.17
59285.16;-104.25
59288.09;-104.48
59291.02;-104.17
59293.95;-103.94
59296.88;-104.09
59299.80;-103.86
59302.73;-103.86
59305.66;-103.86
59308.59;-104.01
59311.52;-104.09
59314.45;-104.17
59317.38;-104.09
59320.31;-103.94
59323.24;-103.86
59326.17;-104.33
59329.10;-104.17
59332.03;-104.25
59334.96;-104.25
59337.89;-104.33
59340.82;-104.33
59343.75;-104.17
59346.68;-104.17
59349.61;-104.41
59352.54;-104.17
59355.47;-104.01
59358.40;-104.17
59361.33;-104.09
59364.26;-103.94
59367.19;-104.17
59370.12;-104.09
59373.05;-103.94
59375.98;-104.01
59378.91;-104.01
59381.84;-104.25
59384.77;-104.41
59387.70;-104.25
59390.63;-104.25
59393.55;-104.33
59396.48;-104.25
59399.41;-104.09
59402.34;-104.17
59405.27;-103.94
59408.20;-103.94
59411.13;-104.09
59414.06;-104.17
59416.99;-104.25
59419.92;-104.33
59422.85;-104.17
59425.78;-104.09
59428.71;-104.17
59431.64;-104.01
59434.57;-104.01
59437.50;-104.01
59440.43;-104.09
59443.36;-103.94
59446.29;-104.01
59449.22;-103.94
59452.15;-103.78
59455.08;-103.70
59458.01;-103.70
59460.94;-103.94
59463.87;-104.33
59466.80;-104.41
59469.73;-104.17
59472.66;-103.94
59475.59;-103.94
59478.52;-104.09
59481.45;-104.01
59484.38;-103.94
59487.30;-104.09
59490.23;-104.17
59493.16;-103.94
59496.09;-104.17
59499.02;-103.94
59501.95;-103.94
59504.88;-104.01
59507.81;-103.86
59510.74;-103.86
59513.67;-104.01
59516.60;-104.09
59519.53;-104.09
59522.46;-104.17
59525.39;-104.09
59528.32;-104.09
59531.25;-103.86
59534.18;-103.94
59537.11;-104.01
59540.04;-103.78
59542.97;-103.78
59545.90;-103.86
59548.83;-104.17
59551.76;-103.86
59554.69;-103.94
59557.62;-104.01
59560.55;-104.25
59563.48;-104.25
59566.41;-104.09
59569.34;-103.94
59572.27;-104.01
59575.20;-104.01
59578.13;-104.01
59581.05;-104.01
59583.98;-104.33
59586.91;-104.33
59589.84;-104.17
59592.77;-104.17
59595.70;-104.33
59598.63;-104.17
59601.56;-104.33
59604.49;-104.33
59607.42;-103.94
59610.35;-103.94
59613.28;-104.01
59616.21;-103.86
59619.14;-103.94
59622.07;-104.01
59625.00;-104.09
59627.93;-104.01
59630.86;-103.94
59633.79;-104.09
59636.72;-104.01
59639.65;-103.86
59642.58;-103.78
59645.51;-103.94
59648.44;-103.94
59651.37;-104.09
59654.30;-104.01
59657.23;-104.17
59660.16;-104.25
59663.09;-104.09
59666.02;-104.17
59668.95;-104.09
59671.88;-103.86
59674.80;-103.78
59677.73;-104.17
59680.66;-104.25
59683.59;-104.41
59686.52;-104.09
59689.45;-103.94
59692.38;-103.94
59695.31;-103.86
59698.24;-103.78
59701.17;-104.17
59704.10;-104.17
59707.03;-104.09
59709.96;-104.09
59712.89;-104.01
59715.82;-104.01
59718.75;-104.01
59721.68;-104.25
59724.61;-104.25
59727.54;-104.41
59730.47;-104.25
59733.40;-104.25
59736.33;-103.94
59739.26;-103.94
59742.19;-103.94
59745.12;-103.94
59748.05;-104.25
59750.98;-104.17
59753.91;-103.86
59756.84;-103.86
59759.77;-103.86
59762.70;-103.94
59765.63;-103.94
59768.55;-104.01
59771.48;-103.86
59774.41;-103.70
59777.34;-103.62
59780.27;-103.94
59783.20;-104.09
59786.13;-104.09
59789.06;-104.01
59791.99;-103.70
59794.92;-103.86
59797.85;-104.01
59800.78;-104.01
59803.71;-104.25
59806.64;-104.25
59809.57;-103.86
59812.50;-103.70
59815.43;-103.86
59818.36;-104.01
59821.29;-103.86
59824.22;-103.94
59827.15;-104.01
59830.08;-103.94
59833.01;-104.01
59835.94;-103.86
59838.87;-104.01
59841.80;-104.01
59844.73;-103.70
59847.66;-103.94
59850.59;-104.17
59853.52;-104.01
59856.45;-104.09
59859.38;-104.17
59862.30;-103.94
59865.23;-104.01
59868.16;-104.25
59871.09;-103.78
59874.02;-103.78
59876.95;-103.86
59879.88;-103.78
59882.81;-103.86
59885.74;-104.09
59888.67;-104.17
59891.60;-104.17
59894.53;-104.33
59897.46;-104.01
59900.39;-103.86
59903.32;-103.86
59906.25;-103.86
59909.18;-104.01
59912.11;-103.94
59915.04;-103.86
59917.97;-103.62
59920.90;-103.62
59923.83;-103.86
59926.76;-104.09
59929.69;-104.09
59932.62;-104.17
59935.55;-104.41
59938.48;-104.09
59941.41;-104.09
59944.34;-103.94
59947.27;-104.01
59950.20;-104.33
59953.13;-104.25
59956.05;-103.78
59958.98;-103.86
59961.91;-104.25
59964.84;-104.09
59967.77;-103.86
59970.70;-103.86
59973.63;-103.86
59976.56;-104.01
59979.49;-104.01
59982.42;-103.86
59985.35;-104.17
59988.28;-104.09
59991.21;-103.78
59994.14;-103.94
59997.07;-104.09
60000.00;-104.01
60002.93;-103.94
60005.86;-103.94
60008.79;-104.01
60011.72;-104.09
60014.65;-103.94
60017.58;-103.86
60020.51;-103.94
60023.44;-104.09
60026.37;-103.86
60029.30;-103.94
60032.23;-103.94
60035.16;-104.01
60038.09;-104.17
60041.02;-103.94
60043.95;-103.94
60046.88;-104.25
60049.80;-104.01
60052.73;-103.86
60055.66;-103.86
60058.59;-103.78
60061.52;-103.94
60064.45;-103.70
60067.38;-103.86
60070.31;-104.01
60073.24;-103.78
60076.17;-103.62
60079.10;-103.70
60082.03;-103.94
60084.96;-104.09
60087.89;-103.94
60090.82;-103.62
60093.75;-103.70
60096.68;-103.78
60099.61;-103.78
60102.54;-103.78
60105.47;-103.78
60108.40;-103.70
60111.33;-103.78
60114.26;-103.78
60117.19;-103.94
60120.12;-104.01
60123.05;-104.09
60125.98;-103.86
60128.91;-103.94
60131.84;-104.01
60134.77;-104.09
60137.70;-103.86
60140.63;-104.01
60143.55;-104.09
60146.48;-104.17
60149.41;-104.17
60152.34;-104.09
60155.27;-103.86
60158.20;-103.86
60161.13;-104.01
60164.06;-104.01
60166.99;-104.09
60169.92;-104.01
60172.85;-104.01
60175.78;-104.25
60178.71;-104.09
60181.64;-104.01
60184.57;-104.09
60187.50;-103.78
60190.43;-103.39
60193.36;-103.70
60196.29;-103.86
60199.22;-104.01
60202.15;-104.17
60205.08;-104.09
60208.01;-103.62
60210.94;-103.94
60213.87;-104.33
60216.80;-104.09
60219.73;-103.94
60222.66;-103.78
60225.59;-104.01
60228.52;-104.09
60231.45;-103.86
60234.38;-103.78
60237.30;-103.94
60240.23;-103.86
60243.16;-104.09
60246.09;-104.09
60249.02;-104.01
60251.95;-104.01
60254.88;-104.17
60257.81;-104.01
60260.74;-103.86
60263.67;-103.86
60266.60;-104.01
60269.53;-103.86
60272.46;-103.86
60275.39;-104.25
60278.32;-104.09
60281.25;-104.17
60284.18;-103.86
60287.11;-103.62
60290.04;-103.86
60292.97;-103.86
60295.90;-104.09
60298.83;-104.17
60301.76;-104.01
60304.69;-103.86
60307.62;-103.86
60310.55;-104.01
60313.48;-103.94
60316.41;-103.78
60319.34;-103.70
60322.27;-103.78
60325.20;-103.86
60328.13;-104.01
60331.05;-104.09
60333.98;-103.86
60336.91;-103.94
60339.84;-104.01
60342.77;-104.01
60345.70;-103.78
60348.63;-103.78
60351.56;-103.78
60354.49;-103.62
60357.42;-103.94
60360.35;-104.01
60363.28;-103.94
60366.21;-103.94
60369.14;-104.09
60372.07;-104.17
60375.00;-103.86
60377.93;-103.86
60380.86;-104.01
60383.79;-103.94
60386.72;-103.78
60389.65;-104.01
60392.58;-104.01
60395.51;-103.62
60398.44;-103.70
60401.37;-103.47
60404.30;-103.62
60407.23;-103.62
60410.16;-103.55
60413.09;-104.09
60416.02;-104.01
60418.95;-103.86
60421.88;-103.94
60424.80;-103.86
60427.73;-103.86
60430.66;-103.78
60433.59;-103.62
60436.52;-103.94
60439.45;-103.94
60442.38;-103.86
60445.31;-103.78
60448.24;-103.62
60451.17;-103.55
60454.10;-103.62
60457.03;-103.86
60459.96;-104.01
60462.89;-104.09
60465.82;-104.25
60468.75;-103.94
60471.68;-103.78
60474.61;-103.62
60477.54;-103.70
60480.47;-103.78
60483.40;-103.78
60486.33;-104.01
60489.26;-103.86
60492.19;-103.70
60495.12;-104.01
60498.05;-103.94
60500.98;-103.70
60503.91;-104.01
60506.84;-103.86
60509.77;-103.62
60512.70;-103.62
60515.63;-103.62
60518.55;-103.78
60521.48;-103.94
60524.41;-103.86
60527.34;-103.94
60530.27;-103.86
60533.20;-103.70
60536.13;-103.70
60539.06;-103.94
60541.99;-103.94
60544.92;-103.78
60547.85;-103.86
60550.78;-103.86
60553.71;-103.86
60556.64;-103.86
60559.57;-103.86
60562.50;-104.01
60565.43;-103.86
60568.36;-103.78
60571.29;-103.94
60574.22;-104.01
60577.15;-103.78
60580.08;-103.70
60583.01;-103.78
60585.94;-104.01
60588.87;-104.01
60591.80;-104.01
60594.73;-103.86
60597.66;-103.94
60600.59;-103.78
60603.52;-103.78
60606.45;-103.78
60609.38;-103.86
60612.30;-103.70
60615.23;-103.78
60618.16;-103.86
60621.09;-104.09
60624.02;-103.86
60626.95;-103.78
60629.88;-103.78
60632.81;-104.01
60635.74;-103.94
60638.67;-103.78
60641.60;-103.94
60644.53;-104.01
60647.46;-103.70
60650.39;-103.78
60653.32;-103.94
60656.25;-103.78
60659.18;-103.78
60662.11;-103.47
60665.04;-103.70
60667.97;-103.70
60670.90;-103.94
60673.83;-103.62
60676.76;-103.39
60679.69;-103.55
60682.62;-103.70
60685.55;-103.94
60688.48;-103.94
60691.41;-103.55
60694.34;-103.55
60697.27;-103.55
60700.20;-103.39
60703.13;-103.62
60706.05;-104.01
60708.98;-103.86
60711.91;-103.86
60714.84;-103.86
60717.77;-104.09
60720.70;-103.94
60723.63;-103.78
60726.56;-104.01
60729.49;-103.86
60732.42;-103.62
60735.35;-103.55
60738.28;-103.70
60741.21;-103.78
60744.14;-103.94
60747.07;-103.78
60750.00;-103.62
60752.93;-103.70
60755.86;-103.70
60758.79;-103.86
60761.72;-103.62
60764.65;-103.62
60767.58;-103.70
60770.51;-104.01
60773.44;-104.17
60776.37;-104.01
60779.30;-104.01
60782.23;-103.86
60785.16;-103.78
60788.09;-104.01
60791.02;-104.25
60793.95;-104.01
60796.88;-104.01
60799.80;-104.01
60802.73;-103.86
60805.66;-103.78
60808.59;-103.78
60811.52;-103.78
60814.45;-103.62
60817.38;-103.62
60820.31;-103.55
60823.24;-103.78
60826.17;-103.78
60829.10;-103.86
60832.03;-103.78
60834.96;-103.78
60837.89;-103.62
60840.82;-103.70
60843.75;-103.94
60846.68;-104.09
60849.61;-104.09
60852.54;-104.01
60855.47;-103.78
60858.40;-103.94
60861.33;-103.78
60864.26;-103.86
60867.19;-103.78
60870.12;-103.86
60873.05;-103.70
60875.98;-103.78
60878.91;-103.55
60881.84;-103.86
60884.77;-104.01
60887.70;-103.86
60890.63;-103.86
60893.55;-103.86
60896.48;-103.70
60899.41;-103.78
60902.34;-103.78
60905.27;-103.55
60908.20;-103.78
60911.13;-103.94
60914.06;-103.62
60916.99;-103.62
60919.92;-103.94
60922.85;-103.78
60925.78;-103.62
60928.71;-103.78
60931.64;-103.70
60934.57;-103.86
60937.50;-103.62
60940.43;-103.55
60943.36;-104.01
60946.29;-103.94
60949.22;-103.86
60952.15;-104.09
60955.08;-104.09
60958.01;-103.86
60960.94;-103.70
60963.87;-103.94
60966.80;-103.86
60969.73;-103.86
60972.66;-103.78
60975.59;-104.01
60978.52;-103.86
60981.45;-103.86
60984.38;-103.70
60987.30;-103.62
60990.23;-103.55
60993.16;-103.86
60996.09;-103.86
60999.02;-103.78
61001.95;-103.94
61004.88;-103.94
61007.81;-103.94
61010.74;-103.55
61013.67;-103.78
61016.60;-104.09
61019.53;-103.86
61022.46;-103.78
61025.39;-103.70
61028.32;-103.86
61031.25;-103.94
61034.18;-103.55
61037.11;-103.55
61040.04;-103.78
61042.97;-103.78
61045.90;-104.09
61048.83;-104.09
61051.76;-104.01
61054.69;-103.86
61057.62;-103.62
61060.55;-103.78
61063.48;-103.86
61066.41;-103.78
61069.34;-103.86
61072.27;-104.09
61075.20;-103.86
61078.13;-103.55
61081.05;-103.70
61083.98;-103.86
61086.91;-103.78
61089.84;-103.62
61092.77;-103.62
61095.70;-103.62
61098.63;-103.86
61101.56;-103.86
61104.49;-103.86
61107.42;-103.70
61110.35;-103.78
61113.28;-103.70
61116.21;-103.70
61119.14;-103.78
61122.07;-103.94
61125.00;-103.86
61127.93;-103.70
61130.86;-103.62
61133.79;-103.62
61136.72;-103.70
61139.65;-103.70
61142.58;-103.78
61145.51;-103.62
61148.44;-103.70
61151.37;-103.70
61154.30;-103.78
61157.23;-103.94
61160.16;-103.86
61163.09;-103.70
61166.02;-103.55
61168.95;-103.55
61171.88;-103.86
61174.80;-103.78
61177.73;-103.55
61180.66;-103.86
61183.59;-103.70
61186.52;-103.55
61189.45;-103.55
61192.38;-103.62
61195.31;-103.78
61198.24;-103.70
61201.17;-103.62
61204.10;-103.70
61207.03;-103.70
61209.96;-103.78
61212.89;-103.70
61215.82;-103.70
61218.75;-103.86
61221.68;-103.70
61224.61;-103.86
61227.54;-103.78
61230.47;-103.62
61233.40;-104.01
61236.33;-103.78
61239.26;-103.62
61242.19;-103.78
61245.12;-104.01
61248.05;-104.01
61250.98;-103.94
61253.91;-103.70
61256.84;-103.78
61259.77;-103.55
61262.70;-103.62
61265.63;-103.78
61268.55;-104.09
61271.48;-103.62
61274.41;-103.62
61277.34;-103.78
61280.27;-103.94
61283.20;-103.70
61286.13;-103.70
61289.06;-103.86
61291.99;-103.70
61294.92;-103.70
61297.85;-103.86
61300.78;-103.70
61303.71;-103.62
61306.64;-103.86
61309.57;-103.94
61312.50;-104.01
61315.43;-103.62
61318.36;-103.55
61321.29;-103.55
61324.22;-103.70
61327.15;-103.78
61330.08;-103.86
61333.01;-104.01
61335.94;-103.70
61338.87;-103.62
61341.80;-103.94
61344.73;-103.86
61347.66;-103.62
61350.59;-103.47
61353.52;-103.70
61356.45;-104.17
61359.38;-104.25
61362.30;-103.86
61365.23;-104.01
61368.16;-104.09
61371.09;-103.86
61374.02;-103.39
61376.95;-103.55
61379.88;-103.86
61382.81;-103.70
61385.74;-103.62
61388.67;-103.70
61391.60;-103.78
61394.53;-103.86
61397.46;-103.86
61400.39;-103.70
61403.32;-103.55
61406.25;-103.47
61409.18;-103.62
61412.11;-103.70
61415.04;-103.78
61417.97;-103.70
61420.90;-103.62
61423.83;-103.78
61426.76;-103.86
61429.69;-103.70
61432.62;-103.55
61435.55;-103.39
61438.48;-103.78
61441.41;-103.94
61444.34;-103.70
61447.27;-103.70
61450.20;-103.55
61453.13;-103.70
61456.05;-103.78
61458.98;-103.62
61461.91;-103.55
61464.84;-103.86
61467.77;-103.86
61470.70;-103.70
61473.63;-103.62
61476.56;-103.62
61479.49;-103.86
61482.42;-103.94
61485.35;-103.86
61488.28;-103.70
61491.21;-103.86
61494.14;-103.94
61497.07;-104.01
61500.00;-104.17
61502.93;-103.78
61505.86;-103.62
61508.79;-104.01
61511.72;-103.70
61514.65;-103.39
61517.58;-103.62
61520.51;-103.70
61523.44;-103.39
61526.37;-103.31
61529.30;-103.39
61532.23;-103.39
61535.16;-103.70
61538.09;-103.70
61541.02;-103.70
61543.95;-103.55
61546.88;-103.47
61549.80;-103.70
61552.73;-103.70
61555.66;-103.78
61558.59;-103.70
61561.52;-103.70
61564.45;-103.55
61567.38;-103.86
61570.31;-103.86
61573.24;-103.94
61576.17;-103.70
61579.10;-103.55
61582.03;-103.62
61584.96;-103.78
61587.89;-103.86
61590.82;-103.94
61593.75;-103.70
61596.68;-103.70
61599.61;-103.86
61602.54;-103.86
61605.47;-103.47
61608.40;-103.62
61611.33;-103.55
61614.26;-103.55
61617.19;-103.62
61620.12;-103.62
61623.05;-103.78
61625.98;-103.86
61628.91;-104.01
61631.84;-103.94
61634.77;-103.78
61637.70;-103.70
61640.63;-103.78
61643.55;-103.78
61646.48;-103.78
61649.41;-103.78
61652.34;-103.78
61655.27;-103.86
61658.20;-103.94
61661.13;-103.78
61664.06;-103.86
61666.99;-104.01
61669.92;-104.01
61672.85;-103.70
61675.78;-103.86
61678.71;-103.78
61681.64;-103.62
61684.57;-103.55
61687.50;-103.62
61690.43;-103.70
61693.36;-103.78
61696.29;-103.62
61699.22;-103.62
61702.15;-103.70
61705.08;-103.86
61708.01;-103.86
61710.94;-104.09
61713.87;-103.78
61716.80;-103.70
61719.73;-103.94
61722.66;-103.86
61725.59;-103.70
61728.52;-103.70
61731.45;-103.70
61734.38;-103.55
61737.30;-103.62
61740.23;-103.70
61743.16;-103.86
61746.09;-103.78
61749.02;-103.70
61751.95;-103.78
61754.88;-103.62
61757.81;-103.78
61760.74;-103.94
61763.67;-103.86
61766.60;-103.70
61769.53;-103.94
61772.46;-103.78
61775.39;-103.70
61778.32;-103.62
61781.25;-103.39
61784.18;-103.70
61787.11;-103.78
61790.04;-104.01
61792.97;-103.94
61795.90;-103.94
61798.83;-103.70
61801.76;-103.62
61804.69;-103.78
61807.62;-103.86
61810.55;-103.78
61813.48;-103.70
61816.41;-103.70
61819.34;-103.78
61822.27;-104.01
61825.20;-103.86
61828.13;-103.62
61831.05;-103.78
61833.98;-103.62
61836.91;-103.62
61839.84;-103.47
61842.77;-103.86
61845.70;-104.09
61848.63;-103.94
61851.56;-103.70
61854.49;-103.78
61857.42;-103.86
61860.35;-103.94
61863.28;-103.86
61866.21;-103.78
61869.14;-103.86
61872.07;-104.09
61875.00;-104.09
61877.93;-103.78
61880.86;-103.55
61883.79;-103.70
61886.72;-103.86
61889.65;-103.55
61892.58;-103.70
61895.51;-104.01
61898.44;-103.78
61901.37;-103.94
61904.30;-103.94
61907.23;-103.70
61910.16;-103.62
61913.09;-103.78
61916.02;-104.09
61918.95;-103.94
61921.88;-103.94
61924.80;-104.17
61927.73;-104.01
61930.66;-104.17
61933.59;-104.25
61936.52;-104.01
61939.45;-103.70
61942.38;-103.94
61945.31;-103.78
61948.24;-103.86
61951.17;-103.70
61954.10;-103.78
61957.03;-103.78
61959.96;-104.25
61962.89;-104.01
61965.82;-103.78
61968.75;-103.47
61971.68;-103.62
61974.61;-103.86
61977.54;-103.86
61980.47;-103.86
61983.40;-103.78
61986.33;-104.01
61989.26;-103.86
61992.19;-103.86
61995.12;-103.94
61998.05;-104.01
62000.98;-103.78
62003.91;-103.70
62006.84;-103.94
62009.77;-103.94
62012.70;-103.94
62015.63;-103.86
62018.55;-103.86
62021.48;-103.86
62024.41;-103.78
62027.34;-103.86
62030.27;-103.78
62033.20;-103.86
62036.13;-104.01
62039.06;-104.01
62041.99;-103.86
62044.92;-103.70
62047.85;-103.78
62050.78;-103.78
62053.71;-103.94
62056.64;-104.09
62059.57;-103.94
62062.50;-103.86
62065.43;-103.78
62068.36;-103.94
62071.29;-103.78
62074.22;-103.78
62077.15;-104.09
62080.08;-103.94
62083.01;-103.86
62085.94;-103.86
62088.87;-104.17
62091.80;-104.01
62094.73;-103.94
62097.66;-104.01
62100.59;-104.41
62103.52;-104.25
62106.45;-104.01
62109.38;-103.70
62112.30;-103.62
62115.23;-103.86
62118.16;-103.86
62121.09;-104.09
62124.02;-104.09
62126.95;-104.01
62129.88;-103.94
62132.81;-103.86
62135.74;-103.78
62138.67;-103.94
62141.60;-103.70
62144.53;-103.47
62147.46;-103.70
62150.39;-103.86
62153.32;-104.09
62156.25;-104.09
62159.18;-103.70
62162.11;-103.70
62165.04;-104.01
62167.97;-104.17
62170.90;-104.17
62173.83;-103.86
62176.76;-103.94
62179.69;-104.09
62182.62;-104.01
62185.55;-104.09
62188.48;-104.01
62191.41;-104.17
62194.34;-104.09
62197.27;-103.86
62200.20;-103.86
62203.13;-103.94
62206.05;-103.94
62208.98;-104.01
62211.91;-103.70
62214.84;-103.78
62217.77;-103.86
62220.70;-104.01
62223.63;-103.78
62226.56;-103.70
62229.49;-103.94
62232.42;-104.01
62235.35;-103.86
62238.28;-103.86
62241.21;-103.86
62244.14;-104.01
62247.07;-104.17
62250.00;-104.17
62252.93;-103.78
62255.86;-103.86
62258.79;-103.94
62261.72;-104.01
62264.65;-104.09
62267.58;-104.09
62270.51;-103.78
62273.44;-103.94
62276.37;-104.01
62279.30;-104.01
62282.23;-103.86
62285.16;-103.94
62288.09;-103.86
62291.02;-103.94
62293.95;-103.94
62296.88;-104.09
62299.80;-104.17
62302.73;-103.86
62305.66;-103.70
62308.59;-103.94
62311.52;-103.94
62314.45;-104.17
62317.38;-104.33
62320.31;-104.09
62323.24;-103.94
62326.17;-104.01
62329.10;-104.01
62332.03;-104.01
62334.96;-104.09
62337.89;-104.01
62340.82;-103.94
62343.75;-103.70
62346.68;-103.78
62349.61;-103.78
62352.54;-103.86
62355.47;-103.70
62358.40;-103.94
62361.33;-104.33
62364.26;-104.17
62367.19;-104.17
62370.12;-104.01
62373.05;-103.94
62375.98;-104.01
62378.91;-103.94
62381.84;-103.86
62384.77;-104.01
62387.70;-104.01
62390.63;-104.01
62393.55;-104.09
62396.48;-104.09
62399.41;-104.09
62402.34;-103.94
62405.27;-104.01
62408.20;-104.01
62411.13;-103.86
62414.06;-103.70
62416.99;-103.86
62419.92;-104.09
62422.85;-104.25
62425.78;-104.33
62428.71;-104.01
62431.64;-103.86
62434.57;-103.78
62437.50;-104.01
62440.43;-103.78
62443.36;-103.94
62446.29;-104.17
62449.22;-103.86
62452.15;-103.78
62455.08;-104.01
62458.01;-104.01
62460.94;-104.09
62463.87;-103.94
62466.80;-104.17
62469.73;-104.17
62472.66;-104.01
62475.59;-104.17
62478.52;-104.01
62481.45;-103.94
62484.38;-104.17
62487.30;-104.17
62490.23;-103.94
62493.16;-103.86
62496.09;-103.86
62499.02;-103.94
62501.95;-104.01
62504.88;-104.17
62507.81;-104.41
62510.74;-104.33
62513.67;-104.09
62516.60;-104.01
62519.53;-104.01
62522.46;-104.01
62525.39;-104.25
62528.32;-104.17
62531.25;-104.01
62534.18;-103.78
62537.11;-103.78
62540.04;-103.86
62542.97;-103.70
62545.90;-103.70
62548.83;-103.94
62551.76;-104.09
62554.69;-103.94
62557.62;-103.86
62560.55;-104.09
62563.48;-104.17
62566.41;-103.94
62569.34;-103.94
62572.27;-103.86
62575.20;-103.70
62578.13;-104.09
62581.05;-103.86
62583.98;-103.86
62586.91;-104.17
62589.84;-104.09
62592.77;-104.09
62595.70;-104.17
62598.63;-104.25
62601.56;-103.94
62604.49;-103.94
62607.42;-104.17
62610.35;-103.94
62613.28;-104.25
62616.21;-104.01
62619.14;-104.09
62622.07;-104.25
62625.00;-104.01
62627.93;-103.86
62630.86;-104.09
62633.79;-104.41
62636.72;-104.01
62639.65;-103.78
62642.58;-103.70
62645.51;-103.94
62648.44;-104.09
62651.37;-104.33
62654.30;-104.33
62657.23;-104.33
62660.16;-104.25
62663.09;-103.86
62666.02;-103.78
62668.95;-104.17
62671.88;-103.94
62674.80;-103.86
62677.73;-104.01
62680.66;-103.94
62683.59;-104.01
62686.52;-104.01
62689.45;-104.01
62692.38;-104.17
62695.31;-104.33
62698.24;-104.25
62701.17;-104.25
62704.10;-104.33
62707.03;-104.25
62709.96;-104.09
62712.89;-104.17
62715.82;-104.17
62718.75;-104.25
62721.68;-104.41
62724.61;-104.25
62727.54;-104.25
62730.47;-104.25
62733.40;-104.09
62736.33;-104.01
62739.26;-104.01
62742.19;-104.25
62745.12;-104.09
62748.05;-104.01
62750.98;-104.09
62753.91;-104.25
62756.84;-104.09
62759.77;-104.01
62762.70;-104.01
62765.63;-104.01
62768.55;-103.86
62771.48;-104.09
62774.41;-104.09
62777.34;-104.01
62780.27;-103.86
62783.20;-103.94
62786.13;-104.25
62789.06;-104.09
62791.99;-103.86
62794.92;-104.01
62797.85;-104.48
62800.78;-104.17
62803.71;-103.86
62806.64;-104.09
62809.57;-104.01
62812.50;-103.94
62815.43;-104.01
62818.36;-104.01
62821.29;-103.94
62824.22;-103.86
62827.15;-103.86
62830.08;-103.94
62833.01;-104.17
62835.94;-103.94
62838.87;-103.78
62841.80;-104.17
62844.73;-104.41
62847.66;-104.33
62850.59;-104.09
62853.52;-103.94
62856.45;-104.17
62859.38;-104.33
62862.30;-104.17
62865.23;-104.33
62868.16;-104.48
62871.09;-104.48
62874.02;-104.17
62876.95;-104.25
62879.88;-104.09
62882.81;-104.09
62885.74;-104.17
62888.67;-104.33
62891.60;-104.25
62894.53;-104.41
62897.46;-104.41
62900.39;-103.94
62903.32;-104.01
62906.25;-104.25
62909.18;-104.25
62912.11;-104.41
62915.04;-104.17
62917.97;-104.01
62920.90;-104.09
62923.83;-104.41
62926.76;-104.33
62929.69;-104.33
62932.62;-104.09
62935.55;-104.01
62938.48;-104.09
62941.41;-104.33
62944.34;-104.17
62947.27;-104.17
62950.20;-104.33
62953.13;-104.56
62956.05;-104.25
62958.98;-104.33
62961.91;-104.33
62964.84;-104.25
62967.77;-104.09
62970.70;-104.41
62973.63;-104.48
62976.56;-104.17
62979.49;-104.01
62982.42;-104.25
62985.35;-104.25
62988.28;-104.33
62991.21;-104.17
62994.14;-104.33
62997.07;-104.09
63000.00;-104.17
63002.93;-104.25
63005.86;-104.56
63008.79;-104.25
63011.72;-104.33
63014.65;-104.41
63017.58;-104.41
63020.51;-104.56
63023.44;-104.33
63026.37;-104.56
63029.30;-104.25
63032.23;-104.25
63035.16;-104.17
63038.09;-104.25
63041.02;-104.25
63043.95;-104.48
63046.88;-104.41
63049.80;-104.17
63052.73;-104.25
63055.66;-104.33
63058.59;-104.17
63061.52;-104.01
63064.45;-104.33
63067.38;-104.17
63070.31;-104.17
63073.24;-104.33
63076.17;-104.17
63079.10;-104.25
63082.03;-104.25
63084.96;-104.33
63087.89;-104.09
63090.82;-103.94
63093.75;-103.94
63096.68;-104.09
63099.61;-104.01
63102.54;-104.01
63105.47;-104.25
63108.40;-104.72
63111.33;-104.41
63114.26;-104.25
63117.19;-104.25
63120.12;-104.17
63123.05;-103.86
63125.98;-103.94
63128.91;-104.17
63131.84;-104.25
63134.77;-104.17
63137.70;-104.25
63140.63;-104.48
63143.55;-104.41
63146.48;-104.48
63149.41;-104.25
63152.34;-104.33
63155.27;-104.48
63158.20;-104.33
63161.13;-104.25
63164.06;-104.33
63166.99;-104.41
63169.92;-104.17
63172.85;-104.41
63175.78;-104.48
63178.71;-104.25
63181.64;-104.25
63184.57;-104.25
63187.50;-104.09
63190.43;-104.41
63193.36;-104.48
63196.29;-104.48
63199.22;-104.41
63202.15;-104.01
63205.08;-104.17
63208.01;-104.01
63210.94;-104.33
63213.87;-104.33
63216.80;-104.41
63219.73;-104.41
63222.66;-104.41
63225.59;-104.41
63228.52;-104.41
63231.45;-104.33
63234.38;-104.56
63237.30;-104.33
63240.23;-104.41
63243.16;-104.33
63246.09;-104.56
63249.02;-104.64
63251.95;-104.48
63254.88;-104.41
63257.81;-104.17
63260.74;-104.25
63263.67;-104.33
63266.60;-104.41
63269.53;-104.33
63272.46;-104.09
63275.39;-104.17
63278.32;-104.25
63281.25;-104.41
63284.18;-104.41
63287.11;-104.33
63290.04;-104.56
63292.97;-104.41
63295.90;-104.41
63298.83;-104.56
63301.76;-104.41
63304.69;-104.41
63307.62;-104.41
63310.55;-104.25
63313.48;-104.41
63316.41;-104.41
63319.34;-104.33
63322.27;-104.33
63325.20;-104.25
63328.13;-104.33
63331.05;-104.48
63333.98;-104.48
63336.91;-104.56
63339.84;-104.56
63342.77;-104.41
63345.70;-104.33
63348.63;-104.33
63351.56;-104.56
63354.49;-104.48
63357.42;-104.25
63360.35;-104.33
63363.28;-104.56
63366.21;-104.48
63369.14;-104.56
63372.07;-104.56
63375.00;-104.41
63377.93;-104.33
63380.86;-104.25
63383.79;-104.64
63386.72;-104.48
63389.65;-104.41
63392.58;-104.33
63395.51;-104.25
63398.44;-104.41
63401.37;-104.33
63404.30;-104.48
63407.23;-104.25
63410.16;-104.56
63413.09;-104.56
63416.02;-104.41
63418.95;-104.56
63421.88;-104.48
63424.80;-104.33
63427.73;-104.25
63430.66;-104.48
63433.59;-104.48
63436.52;-104.33
63439.45;-104.56
63442.38;-104.64
63445.31;-104.33
63448.24;-104.25
63451.17;-104.09
63454.10;-104.25
63457.03;-104.33
63459.96;-104.25
63462.89;-104.48
63465.82;-104.48
63468.75;-104.72
63471.68;-104.80
63474.61;-104.72
63477.54;-104.33
63480.47;-104.25
63483.40;-104.41
63486.33;-104.72
63489.26;-104.72
63492.19;-104.56
63495.12;-104.41
63498.05;-104.41
63500.98;-104.64
63503.91;-104.72
63506.84;-104.48
63509.77;-104.64
63512.70;-104.56
63515.63;-104.41
63518.55;-104.48
63521.48;-104.56
63524.41;-104.72
63527.34;-104.56
63530.27;-104.48
63533.20;-104.33
63536.13;-104.17
63539.06;-104.48
63541.99;-104.48
63544.92;-104.41
63547.85;-104.33
63550.78;-104.48
63553.71;-104.64
63556.64;-104.17
63559.57;-104.41
63562.50;-104.64
63565.43;-104.48
63568.36;-104.56
63571.29;-104.48
63574.22;-104.56
63577.15;-104.48
63580.08;-104.56
63583.01;-104.56
63585.94;-104.48
63588.87;-104.33
63591.80;-104.33
63594.73;-104.41
63597.66;-104.41
63600.59;-104.41
63603.52;-104.64
63606.45;-104.64
63609.38;-104.48
63612.30;-104.48
63615.23;-104.56
63618.16;-104.41
63621.09;-104.56
63624.02;-104.48
63626.95;-104.48
63629.88;-104.56
63632.81;-104.25
63635.74;-104.25
63638.67;-104.25
63641.60;-104.48
63644.53;-104.48
63647.46;-104.56
63650.39;-104.25
63653.32;-104.33
63656.25;-104.48
63659.18;-104.48
63662.11;-104.56
63665.04;-104.64
63667.97;-104.72
63670.90;-104.41
63673.83;-104.25
63676.76;-104.41
63679.69;-104.72
63682.62;-104.64
63685.55;-104.33
63688.48;-104.48
63691.41;-104.72
63694.34;-104.25
63697.27;-104.09
63700.20;-104.64
63703.13;-104.72
63706.05;-104.64
63708.98;-104.41
63711.91;-104.33
63714.84;-104.09
63717.77;-104.17
63720.70;-104.56
63723.63;-104.48
63726.56;-104.48
63729.49;-104.72
63732.42;-104.48
63735.35;-104.48
63738.28;-104.64
63741.21;-104.56
63744.14;-104.41
63747.07;-104.41
63750.00;-104.48
63752.93;-104.95
63755.86;-104.48
63758.79;-104.41
63761.72;-104.41
63764.65;-104.41
63767.58;-104.41
63770.51;-104.33
63773.44;-104.48
63776.37;-104.72
63779.30;-104.56
63782.23;-104.33
63785.16;-104.41
63788.09;-104.56
63791.02;-104.48
63793.95;-104.41
63796.88;-104.41
63799.80;-104.33
63802.73;-104.48
63805.66;-104.48
63808.59;-104.56
63811.52;-104.33
63814.45;-104.41
63817.38;-104.80
63820.31;-104.56
63823.24;-104.25
63826.17;-104.33
63829.10;-104.56
63832.03;-104.56
63834.96;-104.48
63837.89;-104.56
63840.82;-104.48
63843.75;-104.56
63846.68;-104.48
63849.61;-104.41
63852.54;-104.48
63855.47;-104.48
63858.40;-104.41
63861.33;-104.41
63864.26;-104.64
63867.19;-104.56
63870.12;-104.25
63873.05;-104.48
63875.98;-104.48
63878.91;-104.33
63881.84;-104.64
63884.77;-104.48
63887.70;-104.48
63890.63;-104.48
63893.55;-104.33
63896.48;-104.41
63899.41;-104.64
63902.34;-104.64
63905.27;-104.41
63908.20;-104.41
63911.13;-104.48
63914.06;-104.33
63916.99;-104.41
63919.92;-104.64
63922.85;-104.56
63925.78;-104.56
63928.71;-104.48
63931.64;-103.39
63934.57;-103.31
63937.50;-104.25
63940.43;-104.48
63943.36;-104.48
63946.29;-104.56
63949.22;-104.64
63952.15;-104.56
63955.08;-104.72
63958.01;-104.64
63960.94;-104.48
63963.87;-104.48
63966.80;-104.56
63969.73;-104.64
63972.66;-104.64
63975.59;-104.33
63978.52;-104.17
63981.45;-104.64
63984.38;-104.72
63987.30;-104.64
63990.23;-104.48
63993.16;-104.41
63996.09;-104.48
63999.02;-104.48
64001.95;-104.48
64004.88;-104.41
64007.81;-104.64
64010.74;-104.64
64013.67;-104.72
64016.60;-104.72
64019.53;-104.72
64022.46;-104.64
64025.39;-104.56
64028.32;-104.56
64031.25;-104.33
64034.18;-104.17
64037.11;-104.48
64040.04;-104.64
64042.97;-104.48
64045.90;-104.41
64048.83;-104.48
64051.76;-104.56
64054.69;-104.56
64057.62;-104.56
64060.55;-104.48
64063.48;-104.25
64066.41;-104.25
64069.34;-104.09
64072.27;-104.33
64075.20;-104.72
64078.13;-104.64
64081.05;-104.41
64083.98;-104.48
64086.91;-104.48
64089.84;-104.41
64092.77;-104.56
64095.70;-104.48
64098.63;-104.25
64101.56;-104.48
64104.49;-104.56
64107.42;-104.33
64110.35;-104.33
64113.28;-104.33
64116.21;-104.25
64119.14;-104.48
64122.07;-104.72
64125.00;-104.87
64127.93;-104.64
64130.86;-104.56
64133.79;-104.41
64136.72;-104.17
64139.65;-104.33
64142.58;-104.48
64145.51;-104.72
64148.44;-104.48
64151.37;-104.56
64154.30;-104.56
64157.23;-104.41
64160.16;-104.09
64163.09;-104.25
64166.02;-104.41
64168.95;-104.48
64171.88;-104.56
64174.80;-104.80
64177.73;-104.72
64180.66;-104.64
64183.59;-104.72
64186.52;-104.80
64189.45;-104.72
64192.38;-104.41
64195.31;-104.56
64198.24;-104.48
64201.17;-104.48
64204.10;-104.64
64207.03;-104.56
64209.96;-104.48
64212.89;-104.33
64215.82;-104.41
64218.75;-104.72
64221.68;-104.56
64224.61;-104.33
64227.54;-104.25
64230.47;-104.56
64233.40;-104.41
64236.33;-104.33
64239.26;-104.56
64242.19;-104.72
64245.12;-104.48
64248.05;-104.56
64250.98;-104.64
64253.91;-104.48
64256.84;-104.80
64259.77;-104.80
64262.70;-104.41
64265.63;-104.33
64268.55;-104.41
64271.48;-104.80
64274.41;-104.64
64277.34;-104.48
64280.27;-104.41
64283.20;-104.48
64286.13;-104.64
64289.06;-104.41
64291.99;-104.41
64294.92;-104.41
64297.85;-104.41
64300.78;-104.48
64303.71;-104.56
64306.64;-104.56
64309.57;-104.41
64312.50;-104.48
64315.43;-104.56
64318.36;-104.56
64321.29;-104.64
64324.22;-104.33
64327.15;-104.41
64330.08;-104.25
64333.01;-104.41
64335.94;-104.41
64338.87;-104.48
64341.80;-104.64
64344.73;-104.56
64347.66;-104.56
64350.59;-104.56
64353.52;-104.41
64356.45;-104.56
64359.38;-104.48
64362.30;-104.56
64365.23;-104.56
64368.16;-104.72
64371.09;-104.48
64374.02;-104.33
64376.95;-104.48
64379.88;-104.56
64382.81;-104.48
64385.74;-104.41
64388.67;-104.33
64391.60;-104.56
64394.53;-104.41
64397.46;-104.64
64400.39;-104.80
64403.32;-104.48
64406.25;-104.33
64409.18;-104.41
64412.11;-104.56
64415.04;-104.56
64417.97;-104.80
64420.90;-104.48
64423.83;-104.64
64426.76;-104.80
64429.69;-104.64
64432.62;-104.41
64435.55;-104.41
64438.48;-104.41
64441.41;-104.33
64444.34;-104.41
64447.27;-104.41
64450.20;-104.41
64453.13;-104.48
64456.05;-104.64
64458.98;-104.48
64461.91;-104.64
64464.84;-104.56
64467.77;-104.56
64470.70;-104.56
64473.63;-104.64
64476.56;-104.56
64479.49;-104.41
64482.42;-104.33
64485.35;-104.48
64488.28;-104.72
64491.21;-104.56
64494.14;-104.25
64497.07;-104.41
64500.00;-104.25
64502.93;-104.41
64505.86;-104.72
64508.79;-104.56
64511.72;-104.72
64514.65;-104.80
64517.58;-105.03
64520.51;-104.87
64523.44;-104.41
64526.37;-104.33
64529.30;-104.33
64532.23;-104.48
64535.16;-104.72
64538.09;-104.72
64541.02;-104.41
64543.95;-104.64
64546.88;-104.64
64549.80;-104.41
64552.73;-104.41
64555.66;-104.72
64558.59;-104.64
64561.52;-104.56
64564.45;-104.41
64567.38;-104.48
64570.31;-104.33
64573.24;-104.33
64576.17;-104.17
64579.10;-104.33
64582.03;-104.33
64584.96;-104.41
64587.89;-104.64
64590.82;-104.48
64593.75;-104.41
64596.68;-104.72
64599.61;-104.64
64602.54;-104.41
64605.47;-104.64
64608.40;-104.64
64611.33;-104.56
64614.26;-104.64
64617.19;-104.87
64620.12;-104.95
64623.05;-104.56
64625.98;-104.33
64628.91;-104.33
64631.84;-104.48
64634.77;-104.72
64637.70;-104.48
64640.63;-104.41
64643.55;-104.25
64646.48;-104.41
64649.41;-104.41
64652.34;-104.41
64655.27;-104.56
64658.20;-104.56
64661.13;-104.56
64664.06;-104.72
64666.99;-104.87
64669.92;-104.56
64672.85;-104.56
64675.78;-104.48
64678.71;-104.41
64681.64;-104.41
64684.57;-104.41
64687.50;-104.72
64690.43;-104.48
64693.36;-104.33
64696.29;-104.33
64699.22;-104.25
64702.15;-104.33
64705.08;-104.56
64708.01;-104.17
64710.94;-104.33
64713.87;-104.48
64716.80;-104.72
64719.73;-104.56
64722.66;-104.48
64725.59;-104.56
64728.52;-104.72
64731.45;-104.41
64734.38;-104.48
64737.30;-104.33
64740.23;-104.25
64743.16;-104.17
64746.09;-104.25
64749.02;-104.33
64751.95;-104.48
64754.88;-104.80
64757.81;-104.64
64760.74;-104.48
64763.67;-104.41
64766.60;-104.48
64769.53;-104.80
64772.46;-104.72
64775.39;-104.48
64778.32;-104.41
64781.25;-104.33
64784.18;-104.48
64787.11;-104.72
64790.04;-104.48
64792.97;-104.48
64795.90;-104.41
64798.83;-104.41
64801.76;-104.33
64804.69;-104.33
64807.62;-104.33
64810.55;-104.41
64813.48;-104.41
64816.41;-104.64
64819.34;-104.56
64822.27;-104.48
64825.20;-104.87
64828.13;-104.56
64831.05;-104.41
64833.98;-104.33
64836.91;-104.56
64839.84;-104.56
64842.77;-104.64
64845.70;-104.72
64848.63;-104.80
64851.56;-104.41
64854.49;-104.64
64857.42;-104.64
64860.35;-104.64
64863.28;-104.80
64866.21;-104.56
64869.14;-104.25
64872.07;-104.25
64875.00;-104.25
64877.93;-104.25
64880.86;-104.17
64883.79;-104.48
64886.72;-104.56
64889.65;-104.72
64892.58;-104.56
64895.51;-104.56
64898.44;-104.72
64901.37;-104.72
64904.30;-104.64
64907.23;-104.87
64910.16;-104.64
64913.09;-104.56
64916.02;-104.56
64918.95;-104.41
64921.88;-104.64
64924.80;-104.95
64927.73;-104.87
64930.66;-104.56
64933.59;-104.25
64936.52;-104.41
64939.45;-104.64
64942.38;-104.56
64945.31;-104.41
64948.24;-104.48
64951.17;-104.64
64954.10;-104.87
64957.03;-104.87
64959.96;-104.64
64962.89;-104.33
64965.82;-104.48
64968.75;-104.72
64971.68;-104.41
64974.61;-104.48
64977.54;-104.64
64980.47;-104.41
64983.40;-104.33
64986.33;-104.41
64989.26;-104.48
64992.19;-104.41
64995.12;-104.09
64998.05;-104.17
65000.98;-104.01
65003.91;-104.41
65006.84;-104.48
65009.77;-104.33
65012.70;-104.41
65015.63;-104.33
65018.55;-104.56
65021.48;-104.64
65024.41;-104.56
65027.34;-104.41
65030.27;-104.64
65033.20;-104.64
65036.13;-104.64
65039.06;-104.41
65041.99;-104.33
65044.92;-104.56
65047.85;-104.56
65050.78;-104.56
65053.71;-104.64
65056.64;-104.56
65059.57;-104.48
65062.50;-104.41
65065.43;-104.17
65068.36;-104.25
65071.29;-104.56
65074.22;-104.64
65077.15;-104.64
65080.08;-104.64
65083.01;-104.48
65085.94;-104.48
65088.87;-104.41
65091.80;-104.56
65094.73;-104.64
65097.66;-104.48
65100.59;-104.56
65103.52;-104.72
65106.45;-104.41
65109.38;-104.25
65112.30;-104.41
65115.23;-104.48
65118.16;-104.80
65121.09;-104.41
65124.02;-104.25
65126.95;-104.33
65129.88;-104.41
65132.81;-104.33
65135.74;-104.41
65138.67;-104.56
65141.60;-104.64
65144.53;-104.48
65147.46;-104.48
65150.39;-104.41
65153.32;-104.41
65156.25;-104.56
65159.18;-104.41
65162.11;-104.48
65165.04;-104.48
65167.97;-104.48
65170.90;-104.56
65173.83;-104.33
65176.76;-104.33
65179.69;-104.33
65182.62;-104.33
65185.55;-104.48
65188.48;-104.56
65191.41;-104.33
65194.34;-104.48
65197.27;-104.64
65200.20;-104.72
65203.13;-104.56
65206.05;-104.56
65208.98;-104.95
65211.91;-104.95
65214.84;-104.56
65217.77;-104.41
65220.70;-104.56
65223.63;-104.56
65226.56;-104.64
65229.49;-104.80
65232.42;-104.64
65235.35;-104.41
65238.28;-104.41
65241.21;-104.33
65244.14;-104.64
65247.07;-104.56
65250.00;-104.56
65252.93;-104.25
65255.86;-104.41
65258.79;-104.48
65261.72;-104.41
65264.65;-104.64
65267.58;-104.56
65270.51;-104.25
65273.44;-104.64
65276.37;-104.56
65279.30;-104.48
65282.23;-104.48
65285.16;-104.48
65288.09;-104.56
65291.02;-104.80
65293.95;-104.64
65296.88;-104.64
65299.80;-104.48
65302.73;-104.41
65305.66;-104.56
65308.59;-104.80
65311.52;-104.72
65314.45;-104.41
65317.38;-104.33
65320.31;-104.48
65323.24;-104.64
65326.17;-104.48
65329.10;-104.48
65332.03;-104.48
65334.96;-104.56
65337.89;-104.48
65340.82;-104.64
65343.75;-104.56
65346.68;-104.56
65349.61;-104.25
65352.54;-104.25
65355.47;-104.17
65358.40;-104.41
65361.33;-104.64
65364.26;-104.09
65367.19;-104.33
65370.12;-104.72
65373.05;-104.87
65375.98;-104.56
65378.91;-104.48
65381.84;-104.48
65384.77;-104.64
65387.70;-104.56
65390.63;-104.56
65393.55;-104.64
65396.48;-104.64
65399.41;-104.95
65402.34;-104.87
65405.27;-104.41
65408.20;-104.41
65411.13;-104.48
65414.06;-104.48
65416.99;-104.33
65419.92;-104.41
65422.85;-104.56
65425.78;-104.87
65428.71;-104.72
65431.64;-104.64
65434.57;-104.87
65437.50;-104.80
65440.43;-104.64
65443.36;-104.48
65446.29;-104.56
65449.22;-104.48
65452.15;-104.41
65455.08;-104.17
65458.01;-104.33
65460.94;-104.64
65463.87;-104.64
65466.80;-104.64
65469.73;-104.56
65472.66;-104.41
65475.59;-104.25
65478.52;-104.25
65481.45;-104.41
65484.38;-104.56
65487.30;-104.48
65490.23;-104.48
65493.16;-104.56
65496.09;-104.64
65499.02;-104.56
65501.95;-104.56
65504.88;-104.64
65507.81;-104.64
65510.74;-104.56
65513.67;-104.41
65516.60;-104.56
65519.53;-104.56
65522.46;-104.48
65525.39;-104.17
65528.32;-104.17
65531.25;-104.25
65534.18;-104.48
65537.11;-104.33
65540.04;-104.25
65542.97;-104.48
65545.90;-104.72
65548.83;-104.72
65551.76;-104.80
65554.69;-104.80
65557.62;-104.87
65560.55;-104.72
65563.48;-104.64
65566.41;-104.17
65569.34;-104.33
65572.27;-104.48
65575.20;-104.09
65578.13;-104.41
65581.05;-104.48
65583.98;-104.48
65586.91;-104.41
65589.84;-104.56
65592.77;-104.64
65595.70;-104.64
65598.63;-104.64
65601.56;-104.64
65604.49;-104.72
65607.42;-104.72
65610.35;-104.80
65613.28;-104.80
65616.21;-104.56
65619.14;-104.33
65622.07;-104.48
65625.00;-104.33
65627.93;-104.41
65630.86;-104.48
65633.79;-104.33
65636.72;-104.25
65639.65;-104.64
65642.58;-104.72
65645.51;-104.48
65648.44;-104.48
65651.37;-104.56
65654.30;-104.64
65657.23;-104.64
65660.16;-104.64
65663.09;-104.64
65666.02;-104.56
65668.95;-104.64
65671.88;-104.56
65674.80;-104.48
65677.73;-104.56
65680.66;-104.48
65683.59;-104.64
65686.52;-104.56
65689.45;-104.48
65692.38;-104.48
65695.31;-104.48
65698.24;-104.56
65701.17;-104.56
65704.10;-104.25
65707.03;-104.48
65709.96;-104.48
65712.89;-104.41
65715.82;-104.09
65718.75;-104.41
65721.68;-104.87
65724.61;-104.87
65727.54;-104.25
65730.47;-104.33
65733.40;-104.33
65736.33;-104.09
65739.26;-104.33
65742.19;-104.56
65745.12;-104.56
65748.05;-104.33
65750.98;-104.56
65753.91;-104.56
65756.84;-104.33
65759.77;-104.41
65762.70;-104.64
65765.63;-104.41
65768.55;-104.56
65771.48;-104.64
65774.41;-104.64
65777.34;-104.80
65780.27;-104.72
65783.20;-104.56
65786.13;-104.56
65789.06;-104.56
65791.99;-104.56
65794.92;-104.72
65797.85;-104.72
65800.78;-104.80
65803.71;-104.48
65806.64;-104.25
65809.57;-104.41
65812.50;-104.48
65815.43;-104.48
65818.36;-104.56
65821.29;-104.48
65824.22;-104.48
65827.15;-104.25
65830.08;-104.33
65833.01;-104.33
65835.94;-104.41
65838.87;-104.41
65841.80;-104.48
65844.73;-104.80
65847.66;-104.64
65850.59;-104.48
65853.52;-104.72
65856.45;-104.72
65859.38;-104.80
65862.30;-104.64
65865.23;-104.25
65868.16;-104.33
65871.09;-104.33
65874.02;-104.48
65876.95;-104.41
65879.88;-104.41
65882.81;-104.33
65885.74;-104.56
65888.67;-104.56
65891.60;-104.56
65894.53;-104.64
65897.46;-104.41
65900.39;-104.56
65903.32;-104.72
65906.25;-104.87
65909.18;-104.64
65912.11;-104.41
65915.04;-104.56
65917.97;-104.80
65920.90;-104.64
65923.83;-104.56
65926.76;-104.56
65929.69;-104.48
65932.62;-104.48
65935.55;-104.72
65938.48;-104.95
65941.41;-104.87
65944.34;-104.72
65947.27;-104.72
65950.20;-104.48
65953.13;-104.33
65956.05;-104.56
65958.98;-104.56
65961.91;-104.56
65964.84;-104.48
65967.77;-104.56
65970.70;-104.48
65973.63;-104.33
65976.56;-104.33
65979.49;-104.48
65982.42;-104.33
65985.35;-104.17
65988.28;-104.56
65991.21;-104.64
65994.14;-104.48
65997.07;-104.41
66000.00;-104.25
66002.93;-104.41
66005.86;-104.33
66008.79;-104.64
66011.72;-104.72
66014.65;-104.56
66017.58;-104.72
66020.51;-104.56
66023.44;-104.48
66026.37;-104.41
66029.30;-104.41
66032.23;-104.25
66035.16;-104.56
66038.09;-104.48
66041.02;-104.25
66043.95;-104.64
66046.88;-104.64
66049.80;-104.33
66052.73;-104.48
66055.66;-104.80
66058.59;-104.48
66061.52;-104.56
66064.45;-104.48
66067.38;-104.48
66070.31;-104.41
66073.24;-104.41
66076.17;-104.33
66079.10;-104.72
66082.03;-104.56
66084.96;-104.56
66087.89;-104.72
66090.82;-104.87
66093.75;-104.48
66096.68;-104.33
66099.61;-104.41
66102.54;-104.41
66105.47;-104.17
66108.40;-104.56
66111.33;-104.25
66114.26;-103.94
66117.19;-104.25
66120.12;-104.33
66123.05;-104.72
66125.98;-104.56
66128.91;-104.48
66131.84;-104.80
66134.77;-104.56
66137.70;-104.41
66140.63;-104.41
66143.55;-104.48
66146.48;-104.48
66149.41;-104.56
66152.34;-104.25
66155.27;-104.33
66158.20;-104.48
66161.13;-104.48
66164.06;-104.48
66166.99;-104.72
66169.92;-104.80
66172.85;-104.80
66175.78;-104.87
66178.71;-104.56
66181.64;-104.48
66184.57;-104.72
66187.50;-104.87
66190.43;-104.56
66193.36;-104.33
66196.29;-104.41
66199.22;-104.56
66202.15;-104.48
66205.08;-104.56
66208.01;-104.72
66210.94;-104.95
66213.87;-104.64
66216.80;-104.56
66219.73;-104.41
66222.66;-104.48
66225.59;-104.72
66228.52;-104.72
66231.45;-104.64
66234.38;-104.56
66237.30;-104.56
66240.23;-104.80
66243.16;-104.64
66246.09;-104.64
66249.02;-104.72
66251.95;-104.72
66254.88;-104.48
66257.81;-104.33
66260.74;-104.48
66263.67;-104.64
66266.60;-104.95
66269.53;-104.87
66272.46;-104.48
66275.39;-104.56
66278.32;-104.64
66281.25;-104.41
66284.18;-104.17
66287.11;-104.56
66290.04;-104.64
66292.97;-104.56
66295.90;-104.48
66298.83;-104.48
66301.76;-104.41
66304.69;-104.48
66307.62;-104.72
66310.55;-104.64
66313.48;-104.95
66316.41;-104.64
66319.34;-104.64
66322.27;-104.72
66325.20;-104.64
66328.13;-104.56
66331.05;-104.48
66333.98;-104.56
66336.91;-104.72
66339.84;-104.64
66342.77;-104.72
66345.70;-104.72
66348.63;-104.56
66351.56;-104.56
66354.49;-104.56
66357.42;-104.72
66360.35;-104.56
66363.28;-104.56
66366.21;-104.33
66369.14;-104.56
66372.07;-104.72
66375.00;-104.80
66377.93;-104.72
66380.86;-104.56
66383.79;-104.41
66386.72;-104.48
66389.65;-104.33
66392.58;-104.25
66395.51;-104.41
66398.44;-104.17
66401.37;-104.33
66404.30;-104.33
66407.23;-104.41
66410.16;-104.56
66413.09;-104.56
66416.02;-104.64
66418.95;-104.56
66421.88;-104.33
66424.80;-104.56
66427.73;-104.56
66430.66;-104.56
66433.59;-104.72
66436.52;-104.56
66439.45;-104.48
66442.38;-104.41
66445.31;-104.41
66448.24;-104.41
66451.17;-104.56
66454.10;-104.64
66457.03;-104.56
66459.96;-104.48
66462.89;-104.48
66465.82;-104.48
66468.75;-104.41
66471.68;-104.56
66474.61;-104.56
66477.54;-104.41
66480.47;-104.25
66483.40;-104.48
66486.33;-104.80
66489.26;-104.72
66492.19;-104.64
66495.12;-104.64
66498.05;-104.56
66500.98;-104.33
66503.91;-104.33
66506.84;-104.33
66509.77;-104.25
66512.70;-104.33
66515.63;-104.25
66518.55;-104.64
66521.48;-104.41
66524.41;-104.41
66527.34;-104.56
66530.27;-104.41
66533.20;-104.41
66536.13;-104.64
66539.06;-104.56
66541.99;-104.48
66544.92;-104.64
66547.85;-104.56
66550.78;-104.33
66553.71;-104.41
66556.64;-104.33
66559.57;-104.41
66562.50;-104.72
66565.43;-104.48
66568.36;-104.72
66571.29;-104.56
66574.22;-104.56
66577.15;-104.56
66580.08;-104.48
66583.01;-104.41
66585.94;-104.56
66588.87;-104.72
66591.80;-104.95
66594.73;-105.03
66597.66;-104.48
66600.59;-104.48
66603.52;-104.41
66606.45;-104.41
66609.38;-104.48
66612.30;-104.48
66615.23;-104.56
66618.16;-104.64
66621.09;-104.33
66624.02;-104.33
66626.95;-104.72
66629.88;-104.95
66632.81;-104.80
66635.74;-104.80
66638.67;-104.80
66641.60;-104.72
66644.53;-104.72
66647.46;-104.64
66650.39;-104.80
66653.32;-104.72
66656.25;-104.56
66659.18;-104.64
66662.11;-104.80
66665.04;-104.64
66667.97;-104.48
66670.90;-104.64
66673.83;-104.48
66676.76;-104.56
66679.69;-104.87
66682.62;-104.80
66685.55;-104.48
66688.48;-104.64
66691.41;-104.80
66694.34;-105.03
66697.27;-104.56
66700.20;-104.41
66703.13;-104.72
66706.05;-104.80
66708.98;-104.64
66711.91;-104.41
66714.84;-104.48
66717.77;-104.41
66720.70;-104.25
66723.63;-104.48
66726.56;-104.56
66729.49;-104.56
66732.42;-104.33
66735.35;-104.56
66738.28;-104.64
66741.21;-104.64
66744.14;-104.41
66747.07;-104.72
66750.00;-104.95
66752.93;-104.64
66755.86;-104.56
66758.79;-104.80
66761.72;-104.80
66764.65;-104.64
66767.58;-104.72
66770.51;-104.64
66773.44;-104.25
66776.37;-104.41
66779.30;-104.64
66782.23;-104.33
66785.16;-104.48
66788.09;-104.48
66791.02;-104.33
66793.95;-104.64
66796.88;-104.80
66799.80;-104.64
66802.73;-104.87
66805.66;-104.80
66808.59;-104.64
66811.52;-104.56
66814.45;-104.56
66817.38;-104.80
66820.31;-104.64
66823.24;-104.56
66826.17;-104.56
66829.10;-104.72
66832.03;-104.48
66834.96;-104.48
66837.89;-104.56
66840.82;-104.48
66843.75;-104.33
66846.68;-104.25
66849.61;-104.64
66852.54;-104.72
66855.47;-104.64
66858.40;-104.64
66861.33;-104.41
66864.26;-104.48
66867.19;-104.25
66870.12;-104.41
66873.05;-104.48
66875.98;-104.25
66878.91;-104.01
66881.84;-104.41
66884.77;-104.72
66887.70;-104.64
66890.63;-104.87
66893.55;-104.64
66896.48;-104.48
66899.41;-104.41
66902.34;-104.41
66905.27;-104.56
66908.20;-104.48
66911.13;-104.41
66914.06;-104.64
66916.99;-104.33
66919.92;-104.64
66922.85;-104.72
66925.78;-104.48
66928.71;-104.33
66931.64;-104.64
66934.57;-105.03
66937.50;-104.95
66940.43;-104.64
66943.36;-104.41
66946.29;-104.17
66949.22;-104.41
66952.15;-104.72
66955.08;-104.56
66958.01;-104.56
66960.94;-104.56
66963.87;-104.72
66966.80;-104.64
66969.73;-104.33
66972.66;-104.33
66975.59;-104.80
66978.52;-104.33
66981.45;-104.41
66984.38;-104.41
66987.30;-104.56
66990.23;-104.64
66993.16;-104.72
66996.09;-104.72
66999.02;-104.64
67001.95;-104.56
67004.88;-104.64
67007.81;-104.80
67010.74;-104.87
67013.67;-104.80
67016.60;-104.72
67019.53;-104.41
67022.46;-104.25
67025.39;-104.41
67028.32;-104.25
67031.25;-104.48
67034.18;-104.56
67037.11;-104.87
67040.04;-104.80
67042.97;-104.56
67045.90;-104.56
67048.83;-104.33
67051.76;-104.25
67054.69;-104.48
67057.62;-104.48
67060.55;-104.56
67063.48;-104.41
67066.41;-104.48
67069.34;-104.48
67072.27;-104.33
67075.20;-104.41
67078.13;-104.56
67081.05;-104.64
67083.98;-104.64
67086.91;-104.72
67089.84;-104.64
67092.77;-104.25
67095.70;-104.41
67098.63;-104.48
67101.56;-104.56
67104.49;-104.48
67107.42;-104.64
67110.35;-104.64
67113.28;-104.48
67116.21;-104.48
67119.14;-104.56
67122.07;-104.48
67125.00;-104.56
67127.93;-104.48
67130.86;-104.25
67133.79;-104.33
67136.72;-104.41
67139.65;-104.72
67142.58;-104.72
67145.51;-104.33
67148.44;-104.56
67151.37;-104.25
67154.30;-104.25
67157.23;-104.56
67160.16;-104.80
67163.09;-104.64
67166.02;-104.64
67168.95;-104.64
67171.88;-104.56
67174.80;-104.80
67177.73;-104.64
67180.66;-104.56
67183.59;-104.56
67186.52;-104.48
67189.45;-104.41
67192.38;-104.25
67195.31;-104.41
67198.24;-104.72
67201.17;-104.48
67204.10;-104.25
67207.03;-104.48
67209.96;-104.48
67212.89;-104.41
67215.82;-104.72
67218.75;-104.72
67221.68;-104.48
67224.61;-104.41
67227.54;-104.48
67230.47;-104.80
67233.40;-105.03
67236.33;-104.80
67239.26;-104.72
67242.19;-104.41
67245.12;-104.48
67248.05;-104.56
67250.98;-104.80
67253.91;-104.48
67256.84;-104.72
67259.77;-104.95
67262.70;-104.72
67265.63;-104.72
67268.55;-104.48
67271.48;-104.41
67274.41;-104.33
67277.34;-104.48
67280.27;-104.64
67283.20;-104.56
67286.13;-104.56
67289.06;-104.41
67291.99;-104.48
67294.92;-104.56
67297.85;-104.48
67300.78;-104.48
67303.71;-104.48
67306.64;-104.56
67309.57;-104.64
67312.50;-104.41
67315.43;-104.64
67318.36;-104.64
67321.29;-104.56
67324.22;-104.48
67327.15;-104.48
67330.08;-104.56
67333.01;-104.72
67335.94;-104.72
67338.87;-104.48
67341.80;-104.56
67344.73;-104.72
67347.66;-104.56
67350.59;-104.64
67353.52;-104.87
67356.45;-104.56
67359.38;-104.64
67362.30;-104.87
67365.23;-104.80
67368.16;-104.87
67371.09;-104.80
67374.02;-104.64
67376.95;-104.48
67379.88;-104.56
67382.81;-104.95
67385.74;-104.80
67388.67;-104.80
67391.60;-104.64
67394.53;-104.56
67397.46;-104.48
67400.39;-104.48
67403.32;-104.48
67406.25;-104.56
67409.18;-104.48
67412.11;-104.64
67415.04;-104.72
67417.97;-104.80
67420.90;-104.64
67423.83;-104.41
67426.76;-104.48
67429.69;-104.72
67432.62;-104.64
67435.55;-104.56
67438.48;-104.72
67441.41;-104.72
67444.34;-104.56
67447.27;-104.25
67450.20;-104.09
67453.13;-104.25
67456.05;-104.56
67458.98;-104.41
67461.91;-104.17
67464.84;-104.33
67467.77;-104.80
67470.70;-104.72
67473.63;-104.56
67476.56;-104.56
67479.49;-104.56
67482.42;-104.56
67485.35;-104.41
67488.28;-104.33
67491.21;-104.25
67494.14;-104.64
67497.07;-104.56
67500.00;-104.25
67502.93;-104.48
67505.86;-104.48
67508.79;-104.64
67511.72;-104.64
67514.65;-104.41
67517.58;-104.41
67520.51;-104.48
67523.44;-104.64
67526.37;-104.95
67529.30;-104.48
67532.23;-104.41
67535.16;-104.56
67538.09;-104.80
67541.02;-104.72
67543.95;-104.48
67546.88;-104.41
67549.80;-104.41
67552.73;-104.56
67555.66;-104.56
67558.59;-104.41
67561.52;-104.33
67564.45;-104.56
67567.38;-104.56
67570.31;-104.48
67573.24;-104.41
67576.17;-104.56
67579.10;-104.72
67582.03;-104.48
67584.96;-104.72
67587.89;-104.95
67590.82;-104.80
67593.75;-104.56
67596.68;-104.56
67599.61;-104.56
67602.54;-104.72
67605.47;-104.56
67608.40;-104.56
67611.33;-104.17
67614.26;-104.41
67617.19;-104.72
67620.12;-104.72
67623.05;-104.48
67625.98;-104.48
67628.91;-104.80
67631.84;-104.72
67634.77;-104.64
67637.70;-104.41
67640.63;-104.48
67643.55;-104.64
67646.48;-104.64
67649.41;-104.33
67652.34;-104.25
67655.27;-104.48
67658.20;-104.48
67661.13;-104.48
67664.06;-104.41
67666.99;-104.48
67669.92;-104.56
67672.85;-104.72
67675.78;-104.64
67678.71;-104.64
67681.64;-104.41
67684.57;-104.56
67687.50;-104.41
67690.43;-104.48
67693.36;-104.80
67696.29;-104.64
67699.22;-104.72
67702.15;-104.80
67705.08;-104.56
67708.01;-104.64
67710.94;-104.72
67713.87;-104.48
67716.80;-104.33
67719.73;-104.41
67722.66;-104.72
67725.59;-105.03
67728.52;-104.72
67731.45;-104.56
67734.38;-104.72
67737.30;-104.72
67740.23;-104.80
67743.16;-104.72
67746.09;-104.48
67749.02;-104.72
67751.95;-104.87
67754.88;-104.72
67757.81;-104.48
67760.74;-104.48
67763.67;-104.41
67766.60;-104.48
67769.53;-104.48
67772.46;-104.41
67775.39;-104.48
67778.32;-104.48
67781.25;-104.80
67784.18;-104.72
67787.11;-104.56
67790.04;-104.41
67792.97;-104.41
67795.90;-104.80
67798.83;-104.72
67801.76;-104.72
67804.69;-104.64
67807.62;-104.56
67810.55;-104.64
67813.48;-104.64
67816.41;-104.56
67819.34;-104.41
67822.27;-104.41
67825.20;-104.72
67828.13;-104.64
67831.05;-104.48
67833.98;-104.41
67836.91;-104.56
67839.84;-104.56
67842.77;-104.64
67845.70;-104.80
67848.63;-104.72
67851.56;-104.64
67854.49;-104.56
67857.42;-104.33
67860.35;-104.33
67863.28;-104.56
67866.21;-104.56
67869.14;-104.72
67872.07;-104.64
67875.00;-104.64
67877.93;-104.72
67880.86;-104.56
67883.79;-104.56
67886.72;-104.48
67889.65;-104.64
67892.58;-104.41
67895.51;-104.33
67898.44;-104.48
67901.37;-104.48
67904.30;-104.56
67907.23;-104.25
67910.16;-104.41
67913.09;-104.64
67916.02;-104.72
67918.95;-104.56
67921.88;-104.48
67924.80;-104.64
67927.73;-104.87
67930.66;-104.64
67933.59;-104.56
67936.52;-104.64
67939.45;-104.72
67942.38;-104.56
67945.31;-104.72
67948.24;-104.48
67951.17;-104.48
67954.10;-104.48
67957.03;-104.33
67959.96;-104.48
67962.89;-104.72
67965.82;-104.72
67968.75;-104.56
67971.68;-104.80
67974.61;-104.72
67977.54;-104.48
67980.47;-104.33
67983.40;-104.48
67986.33;-104.56
67989.26;-104.64
67992.19;-104.56
67995.12;-104.41
67998.05;-104.48
68000.98;-104.56
68003.91;-104.64
68006.84;-104.48
68009.77;-104.64
68012.70;-104.64
68015.63;-104.48
68018.55;-104.48
68021.48;-104.41
68024.41;-104.41
68027.34;-104.72
68030.27;-104.64
68033.20;-104.56
68036.13;-104.48
68039.06;-104.56
68041.99;-104.80
68044.92;-104.41
68047.85;-104.56
68050.78;-104.56
68053.71;-104.64
68056.64;-104.56
68059.57;-104.72
68062.50;-104.64
68065.43;-104.41
68068.36;-104.56
68071.29;-104.64
68074.22;-104.64
68077.15;-104.48
68080.08;-104.41
68083.01;-104.41
68085.94;-104.87
68088.87;-104.87
68091.80;-104.56
68094.73;-104.56
68097.66;-104.56
68100.59;-104.41
68103.52;-104.64
68106.45;-104.64
68109.38;-104.64
68112.30;-104.72
68115.23;-104.48
68118.16;-104.41
68121.09;-104.64
68124.02;-104.64
68126.95;-104.48
68129.88;-104.09
68132.81;-104.64
68135.74;-104.64
68138.67;-104.48
68141.60;-104.41
68144.53;-104.41
68147.46;-104.48
68150.39;-104.72
68153.32;-104.64
68156.25;-104.41
68159.18;-104.72
68162.11;-104.80
68165.04;-104.64
68167.97;-104.64
68170.90;-104.48
68173.83;-104.48
68176.76;-104.64
68179.69;-104.87
68182.62;-104.95
68185.55;-104.48
68188.48;-104.41
68191.41;-104.41
68194.34;-104.41
68197.27;-104.56
68200.20;-104.48
68203.13;-104.56
68206.05;-104.80
68208.98;-104.80
68211.91;-104.33
68214.84;-104.48
68217.77;-104.48
68220.70;-104.56
68223.63;-104.72
68226.56;-104.64
68229.49;-104.87
68232.42;-104.87
68235.35;-104.56
68238.28;-104.72
68241.21;-104.80
68244.14;-104.72
68247.07;-104.56
68250.00;-104.56
68252.93;-104.64
68255.86;-104.64
68258.79;-104.72
68261.72;-104.87
68264.65;-104.48
68267.58;-104.09
68270.51;-104.41
68273.44;-104.80
68276.37;-104.87
68279.30;-104.80
68282.23;-104.41
68285.16;-104.48
68288.09;-104.48
68291.02;-104.80
68293.95;-104.80
68296.88;-104.72
68299.80;-104.56
68302.73;-104.64
68305.66;-104.72
68308.59;-104.72
68311.52;-104.48
68314.45;-104.72
68317.38;-104.72
68320.31;-104.72
68323.24;-104.64
68326.17;-104.80
68329.10;-104.41
68332.03;-104.56
68334.96;-104.87
68337.89;-104.48
68340.82;-104.41
68343.75;-104.48
68346.68;-104.48
68349.61;-104.72
68352.54;-104.72
68355.47;-104.48
68358.40;-104.56
68361.33;-104.41
68364.26;-104.56
68367.19;-104.48
68370.12;-104.56
68373.05;-104.72
68375.98;-104.64
68378.91;-104.41
68381.84;-104.25
68384.77;-104.48
68387.70;-104.41
68390.63;-104.41
68393.55;-104.56
68396.48;-104.72
68399.41;-104.33
68402.34;-104.41
68405.27;-104.64
68408.20;-104.72
68411.13;-104.64
68414.06;-104.48
68416.99;-104.33
68419.92;-104.48
68422.85;-104.48
68425.78;-104.64
68428.71;-104.56
68431.64;-104.41
68434.57;-104.48
68437.50;-104.72
68440.43;-104.41
68443.36;-104.17
68446.29;-104.48
68449.22;-104.72
68452.15;-104.64
68455.08;-104.56
68458.01;-104.72
68460.94;-104.41
68463.87;-104.41
68466.80;-104.64
68469.73;-104.48
68472.66;-104.72
68475.59;-104.72
68478.52;-104.87
68481.45;-104.80
68484.38;-104.64
68487.30;-104.48
68490.23;-104.64
68493.16;-104.64
68496.09;-105.03
68499.02;-104.95
68501.95;-104.64
68504.88;-104.64
68507.81;-104.87
68510.74;-104.72
68513.67;-104.41
68516.60;-104.33
68519.53;-104.41
68522.46;-104.33
68525.39;-104.17
68528.32;-104.25
68531.25;-104.56
68534.18;-104.72
68537.11;-104.64
68540.04;-104.64
68542.97;-104.64
68545.90;-104.64
68548.83;-104.72
68551.76;-104.64
68554.69;-104.64
68557.62;-104.56
68560.55;-104.41
68563.48;-104.64
68566.41;-105.03
68569.34;-104.80
68572.27;-104.72
68575.20;-104.56
68578.13;-104.25
68581.05;-104.41
68583.98;-104.56
68586.91;-104.56
68589.84;-104.41
68592.77;-104.41
68595.70;-104.33
68598.63;-104.41
68601.56;-104.64
68604.49;-104.87
68607.42;-104.72
68610.35;-104.56
68613.28;-104.41
68616.21;-104.64
68619.14;-104.64
68622.07;-104.48
68625.00;-104.56
68627.93;-104.48
68630.86;-104.48
68633.79;-104.64
68636.72;-104.56
68639.65;-104.41
68642.58;-104.56
68645.51;-104.48
68648.44;-104.41
68651.37;-104.48
68654.30;-104.56
68657.23;-104.56
68660.16;-104.56
68663.09;-104.72
68666.02;-104.72
68668.95;-104.33
68671.88;-104.41
68674.80;-104.48
68677.73;-104.72
68680.66;-104.80
68683.59;-104.80
68686.52;-104.95
68689.45;-104.64
68692.38;-104.48
68695.31;-104.72
68698.24;-104.72
68701.17;-104.48
68704.10;-104.64
68707.03;-104.56
68709.96;-104.56
68712.89;-104.56
68715.82;-104.56
68718.75;-104.56
68721.68;-104.87
68724.61;-104.48
68727.54;-104.33
68730.47;-104.33
68733.40;-104.56
68736.33;-104.72
68739.26;-104.56
68742.19;-104.64
68745.12;-104.80
68748.05;-104.80
68750.98;-104.95
68753.91;-104.80
68756.84;-104.56
68759.77;-104.56
68762.70;-104.64
68765.63;-104.56
68768.55;-104.48
68771.48;-104.64
68774.41;-104.80
68777.34;-104.33
68780.27;-104.64
68783.20;-104.64
68786.13;-104.64
68789.06;-104.48
68791.99;-104.48
68794.92;-104.41
68797.85;-104.33
68800.78;-104.25
68803.71;-104.33
68806.64;-104.56
68809.57;-104.56
68812.50;-104.48
68815.43;-104.56
68818.36;-104.48
68821.29;-104.64
68824.22;-104.64
68827.15;-104.48
68830.08;-104.64
68833.01;-104.80
68835.94;-104.80
68838.87;-104.80
68841.80;-104.80
68844.73;-104.64
68847.66;-104.64
68850.59;-104.48
68853.52;-104.56
68856.45;-104.48
68859.38;-104.41
68862.30;-104.48
68865.23;-104.64
68868.16;-104.64
68871.09;-104.48
68874.02;-104.41
68876.95;-104.56
68879.88;-104.41
68882.81;-104.17
68885.74;-104.48
68888.67;-104.72
68891.60;-104.64
68894.53;-104.48
68897.46;-104.48
68900.39;-104.80
68903.32;-104.87
68906.25;-104.33
68909.18;-104.33
68912.11;-104.72
68915.04;-104.56
68917.97;-104.48
68920.90;-104.56
68923.83;-104.48
68926.76;-104.48
68929.69;-104.64
68932.62;-104.72
68935.55;-104.56
68938.48;-104.41
68941.41;-104.48
68944.34;-104.64
68947.27;-104.56
68950.20;-104.33
68953.13;-104.41
68956.05;-104.72
68958.98;-104.80
68961.91;-104.48
68964.84;-104.64
68967.77;-104.72
68970.70;-104.41
68973.63;-104.33
68976.56;-104.48
68979.49;-104.72
68982.42;-104.41
68985.35;-104.41
68988.28;-104.33
68991.21;-104.25
68994.14;-104.56
68997.07;-104.48
69000.00;-104.64
69002.93;-104.95
69005.86;-104.56
69008.79;-104.48
69011.72;-104.72
69014.65;-104.64
69017.58;-104.72
69020.51;-104.80
69023.44;-104.56
69026.37;-104.56
69029.30;-104.48
69032.23;-104.56
69035.16;-104.56
69038.09;-104.48
69041.02;-104.56
69043.95;-104.80
69046.88;-104.80
69049.80;-104.72
69052.73;-104.64
69055.66;-104.64
69058.59;-104.56
69061.52;-104.80
69064.45;-104.48
69067.38;-104.56
69070.31;-104.56
69073.24;-104.56
69076.17;-104.56
69079.10;-104.64
69082.03;-104.56
69084.96;-104.87
69087.89;-104.72
69090.82;-104.48
69093.75;-104.64
69096.68;-104.48
69099.61;-104.48
69102.54;-104.41
69105.47;-104.41
69108.40;-104.48
69111.33;-104.41
69114.26;-104.48
69117.19;-104.72
69120.12;-104.48
69123.05;-104.48
69125.98;-104.64
69128.91;-104.33
69131.84;-104.56
69134.77;-104.56
69137.70;-104.56
69140.63;-104.95
69143.55;-104.80
69146.48;-104.72
69149.41;-104.48
69152.34;-104.56
69155.27;-104.33
69158.20;-104.25
69161.13;-104.48
69164.06;-104.48
69166.99;-104.48
69169.92;-104.56
69172.85;-104.64
69175.78;-104.72
69178.71;-104.72
69181.64;-104.48
69184.57;-104.56
69187.50;-104.56
69190.43;-104.56
69193.36;-104.48
69196.29;-104.72
69199.22;-104.56
69202.15;-104.41
69205.08;-104.56
69208.01;-104.64
69210.94;-104.80
69213.87;-104.80
69216.80;-104.56
69219.73;-104.41
69222.66;-104.80
69225.59;-104.72
69228.52;-104.56
69231.45;-104.64
69234.38;-104.48
69237.30;-104.48
69240.23;-104.48
69243.16;-104.64
69246.09;-104.72
69249.02;-104.56
69251.95;-104.48
69254.88;-104.64
69257.81;-104.64
69260.74;-104.41
69263.67;-104.48
69266.60;-104.72
69269.53;-104.64
69272.46;-104.72
69275.39;-104.72
69278.32;-104.56
69281.25;-104.72
69284.18;-104.72
69287.11;-104.48
69290.04;-104.48
69292.97;-104.56
69295.90;-104.72
69298.83;-104.87
69301.76;-104.56
69304.69;-104.48
69307.62;-104.56
69310.55;-104.48
69313.48;-104.48
69316.41;-104.56
69319.34;-104.48
69322.27;-104.33
69325.20;-104.64
69328.13;-104.48
69331.05;-104.41
69333.98;-104.41
69336.91;-104.48
69339.84;-104.48
69342.77;-104.64
69345.70;-104.41
69348.63;-104.56
69351.56;-104.48
69354.49;-104.41
69357.42;-104.33
69360.35;-104.41
69363.28;-104.33
69366.21;-104.56
69369.14;-104.80
69372.07;-104.72
69375.00;-104.48
69377.93;-104.48
69380.86;-104.41
69383.79;-104.48
69386.72;-104.64
69389.65;-104.56
69392.58;-104.56
69395.51;-104.48
69398.44;-104.64
69401.37;-104.64
69404.30;-104.48
69407.23;-104.41
69410.16;-104.48
69413.09;-104.56
69416.02;-104.72
69418.95;-104.64
69421.88;-104.48
69424.80;-104.56
69427.73;-104.64
69430.66;-104.48
69433.59;-104.64
69436.52;-104.72
69439.45;-104.64
69442.38;-104.72
69445.31;-104.64
69448.24;-104.56
69451.17;-104.64
69454.10;-104.80
69457.03;-104.41
69459.96;-104.48
69462.89;-104.56
69465.82;-104.48
69468.75;-104.80
69471.68;-105.03
69474.61;-104.95
69477.54;-104.72
69480.47;-104.41
69483.40;-104.41
69486.33;-104.56
69489.26;-104.64
69492.19;-104.72
69495.12;-104.48
69498.05;-104.41
69500.98;-104.25
69503.91;-104.56
69506.84;-104.41
69509.77;-104.41
69512.70;-104.48
69515.63;-104.56
69518.55;-104.56
69521.48;-104.72
69524.41;-104.72
69527.34;-104.56
69530.27;-104.72
69533.20;-104.80
69536.13;-104.72
69539.06;-104.48
69541.99;-104.48
69544.92;-104.64
69547.85;-104.72
69550.78;-104.87
69553.71;-104.87
69556.64;-104.72
69559.57;-104.64
69562.50;-104.72
69565.43;-104.72
69568.36;-104.41
69571.29;-104.25
69574.22;-104.33
69577.15;-104.56
69580.08;-104.64
69583.01;-104.87
69585.94;-104.72
69588.87;-104.95
69591.80;-104.80
69594.73;-104.72
69597.66;-104.64
69600.59;-104.72
69603.52;-104.64
69606.45;-104.48
69609.38;-104.48
69612.30;-104.56
69615.23;-104.56
69618.16;-104.64
69621.09;-104.64
69624.02;-104.64
69626.95;-104.72
69629.88;-104.80
69632.81;-104.64
69635.74;-104.72
69638.67;-104.87
69641.60;-104.72
69644.53;-104.72
69647.46;-104.72
69650.39;-104.56
69653.32;-104.41
69656.25;-104.48
69659.18;-104.41
69662.11;-104.41
69665.04;-104.64
69667.97;-104.72
69670.90;-104.56
69673.83;-104.56
69676.76;-104.48
69679.69;-104.64
69682.62;-104.64
69685.55;-104.41
69688.48;-104.41
69691.41;-104.72
69694.34;-104.56
69697.27;-104.64
69700.20;-104.48
69703.13;-104.64
69706.05;-104.72
69708.98;-104.33
69711.91;-104.25
69714.84;-104.48
69717.77;-104.72
69720.70;-104.48
69723.63;-104.48
69726.56;-104.41
69729.49;-104.56
69732.42;-104.56
69735.35;-104.64
69738.28;-104.72
69741.21;-104.64
69744.14;-104.56
69747.07;-104.41
69750.00;-104.56
69752.93;-104.72
69755.86;-104.64
69758.79;-104.72
69761.72;-104.64
69764.65;-104.64
69767.58;-104.56
69770.51;-104.56
69773.44;-104.56
69776.37;-104.48
69779.30;-104.80
69782.23;-104.80
69785.16;-104.64
69788.09;-104.72
69791.02;-104.56
69793.95;-104.48
69796.88;-104.64
69799.80;-104.72
69802.73;-104.64
69805.66;-104.56
69808.59;-104.64
69811.52;-104.56
69814.45;-104.33
69817.38;-104.64
69820.31;-104.80
69823.24;-104.48
69826.17;-104.33
69829.10;-104.48
69832.03;-104.56
69834.96;-104.72
69837.89;-104.80
69840.82;-105.03
69843.75;-104.64
69846.68;-104.56
69849.61;-104.95
69852.54;-104.80
69855.47;-104.72
69858.40;-104.80
69861.33;-104.41
69864.26;-104.41
69867.19;-104.56
69870.12;-104.56
69873.05;-104.56
69875.98;-104.48
69878.91;-104.33
69881.84;-104.33
69884.77;-104.41
69887.70;-104.48
69890.63;-104.56
69893.55;-104.48
69896.48;-104.72
69899.41;-104.80
69902.34;-104.72
69905.27;-104.64
69908.20;-104.48
69911.13;-104.41
69914.06;-104.56
69916.99;-104.64
69919.92;-104.80
69922.85;-104.64
69925.78;-104.56
69928.71;-104.72
69931.64;-104.41
69934.57;-104.72
69937.50;-104.80
69940.43;-104.64
69943.36;-104.64
69946.29;-104.72
69949.22;-104.56
69952.15;-104.25
69955.08;-104.48
69958.01;-104.72
69960.94;-104.33
69963.87;-104.48
69966.80;-104.56
69969.73;-104.72
69972.66;-104.80
69975.59;-104.80
69978.52;-104.72
69981.45;-104.56
69984.38;-104.80
69987.30;-104.87
69990.23;-104.80
69993.16;-104.95
69996.09;-104.87
69999.02;-104.80
70001.95;-104.56
70004.88;-104.56
70007.81;-104.80
70010.74;-104.72
70013.67;-104.56
70016.60;-104.72
70019.53;-104.80
70022.46;-104.80
70025.39;-104.80
70028.32;-104.64
70031.25;-104.41
70034.18;-104.56
70037.11;-104.64
70040.04;-104.64
70042.97;-104.64
70045.90;-104.64
70048.83;-104.64
70051.76;-104.48
70054.69;-104.56
70057.62;-104.95
70060.55;-105.03
70063.48;-104.87
70066.41;-104.72
70069.34;-104.80
70072.27;-104.41
70075.20;-104.33
70078.13;-104.56
70081.05;-104.80
70083.98;-104.48
70086.91;-104.56
70089.84;-104.56
70092.77;-104.56
70095.70;-104.48
70098.63;-104.56
70101.56;-104.48
70104.49;-104.41
70107.42;-104.72
70110.35;-104.87
70113.28;-104.95
70116.21;-104.72
70119.14;-104.41
70122.07;-104.33
70125.00;-104.33
70127.93;-104.56
70130.86;-104.33
70133.79;-104.41
70136.72;-104.64
70139.65;-104.72
70142.58;-104.80
70145.51;-104.72
70148.44;-104.33
70151.37;-104.56
70154.30;-104.72
70157.23;-104.56
70160.16;-104.48
70163.09;-104.41
70166.02;-104.72
70168.95;-104.72
70171.88;-104.56
70174.80;-104.56
70177.73;-104.72
70180.66;-104.56
70183.59;-104.48
70186.52;-104.48
70189.45;-104.56
70192.38;-104.87
70195.31;-104.72
70198.24;-104.48
70201.17;-104.56
70204.10;-104.80
70207.03;-104.95
70209.96;-104.87
70212.89;-104.64
70215.82;-104.56
70218.75;-104.87
70221.68;-104.87
70224.61;-104.80
70227.54;-104.64
70230.47;-104.64
70233.40;-104.56
70236.33;-104.48
70239.26;-104.64
70242.19;-104.95
70245.12;-104.64
70248.05;-104.56
70250.98;-104.64
70253.91;-104.48
70256.84;-104.80
70259.77;-104.80
70262.70;-104.48
70265.63;-104.48
70268.55;-104.56
70271.48;-104.56
70274.41;-104.41
70277.34;-104.72
70280.27;-104.87
70283.20;-104.72
70286.13;-104.80
70289.06;-104.72
70291.99;-104.80
70294.92;-104.80
70297.85;-104.48
70300.78;-104.64
70303.71;-104.72
70306.64;-104.72
70309.57;-104.56
70312.50;-104.72
70315.43;-104.64
70318.36;-104.72
70321.29;-104.80
70324.22;-104.95
70327.15;-104.95
70330.08;-104.72
70333.01;-104.48
70335.94;-104.48
70338.87;-104.48
70341.80;-104.48
70344.73;-104.48
70347.66;-104.48
70350.59;-104.56
70353.52;-104.41
70356.45;-104.64
70359.38;-104.48
70362.30;-104.64
70365.23;-104.48
70368.16;-104.41
70371.09;-104.48
70374.02;-104.33
70376.95;-104.48
70379.88;-104.41
70382.81;-104.41
70385.74;-104.48
70388.67;-104.64
70391.60;-104.48
70394.53;-104.64
70397.46;-104.95
70400.39;-104.72
70403.32;-104.87
70406.25;-104.72
70409.18;-104.64
70412.11;-104.56
70415.04;-104.56
70417.97;-104.95
70420.90;-104.80
70423.83;-104.56
70426.76;-104.41
70429.69;-104.56
70432.62;-104.56
70435.55;-104.56
70438.48;-104.48
70441.41;-104.56
70444.34;-104.64
70447.27;-104.48
70450.20;-104.56
70453.13;-104.56
70456.05;-104.56
70458.98;-104.80
70461.91;-104.80
70464.84;-104.64
70467.77;-104.56
70470.70;-104.64
70473.63;-104.72
70476.56;-104.64
70479.49;-104.72
70482.42;-104.64
70485.35;-104.64
70488.28;-104.56
70491.21;-104.56
70494.14;-104.56
70497.07;-104.64
70500.00;-104.64
70502.93;-104.64
70505.86;-104.72
70508.79;-104.80
70511.72;-104.72
70514.65;-104.64
70517.58;-104.48
70520.51;-104.56
70523.44;-104.56
70526.37;-104.48
70529.30;-104.33
70532.23;-104.64
70535.16;-104.64
70538.09;-104.56
70541.02;-104.41
70543.95;-104.64
70546.88;-104.56
70549.80;-104.48
70552.73;-104.64
70555.66;-104.80
70558.59;-104.64
70561.52;-104.56
70564.45;-104.80
70567.38;-104.72
70570.31;-104.41
70573.24;-104.48
70576.17;-104.64
70579.10;-104.64
70582.03;-104.48
70584.96;-104.64
70587.89;-104.56
70590.82;-104.48
70593.75;-104.80
70596.68;-104.56
70599.61;-104.41
70602.54;-104.64
70605.47;-104.80
70608.40;-104.72
70611.33;-104.80
70614.26;-104.80
70617.19;-104.95
70620.12;-104.87
70623.05;-104.72
70625.98;-104.95
70628.91;-104.72
70631.84;-104.56
70634.77;-104.72
70637.70;-104.87
70640.63;-104.64
70643.55;-104.41
70646.48;-104.56
70649.41;-104.48
70652.34;-104.56
70655.27;-104.80
70658.20;-104.72
70661.13;-104.64
70664.06;-104.64
70666.99;-104.41
70669.92;-104.41
70672.85;-104.64
70675.78;-104.41
70678.71;-104.56
70681.64;-104.72
70684.57;-104.64
70687.50;-104.64
70690.43;-104.48
70693.36;-104.72
70696.29;-104.87
70699.22;-104.48
70702.15;-104.48
70705.08;-104.48
70708.01;-104.64
70710.94;-104.64
70713.87;-104.56
70716.80;-104.41
70719.73;-104.41
70722.66;-104.80
70725.59;-104.80
70728.52;-104.72
70731.45;-104.72
70734.38;-104.72
70737.30;-104.48
70740.23;-104.41
70743.16;-104.41
70746.09;-104.56
70749.02;-104.87
70751.95;-104.80
70754.88;-104.56
70757.81;-104.72
70760.74;-104.80
70763.67;-104.72
70766.60;-104.64
70769.53;-104.56
70772.46;-104.48
70775.39;-104.48
70778.32;-104.80
70781.25;-104.72
70784.18;-104.80
70787.11;-104.72
70790.04;-104.72
70792.97;-104.72
70795.90;-104.64
70798.83;-104.72
70801.76;-104.72
70804.69;-104.64
70807.62;-104.72
70810.55;-104.56
70813.48;-104.48
70816.41;-104.72
70819.34;-104.72
70822.27;-104.41
70825.20;-104.33
70828.13;-104.64
70831.05;-104.80
70833.98;-104.72
70836.91;-104.33
70839.84;-104.48
70842.77;-104.48
70845.70;-104.48
70848.63;-104.41
70851.56;-104.72
70854.49;-104.64
70857.42;-104.72
70860.35;-104.87
70863.28;-104.95
70866.21;-104.64
70869.14;-104.56
70872.07;-104.72
70875.00;-104.56
70877.93;-104.56
70880.86;-104.33
70883.79;-104.41
70886.72;-104.72
70889.65;-104.95
70892.58;-105.11
70895.51;-104.87
70898.44;-104.48
70901.37;-104.56
70904.30;-104.72
70907.23;-104.72
70910.16;-104.48
70913.09;-104.64
70916.02;-104.64
70918.95;-104.56
70921.88;-104.80
70924.80;-104.80
70927.73;-105.03
70930.66;-104.87
70933.59;-104.72
70936.52;-104.64
70939.45;-104.64
70942.38;-104.64
70945.31;-104.87
70948.24;-104.87
70951.17;-104.80
70954.10;-104.48
70957.03;-104.33
70959.96;-104.41
70962.89;-104.48
70965.82;-104.64
70968.75;-104.64
70971.68;-104.56
70974.61;-104.56
70977.54;-104.41
70980.47;-104.48
70983.40;-104.80
70986.33;-104.72
70989.26;-104.72
70992.19;-104.87
70995.12;-104.87
70998.05;-104.72
71000.98;-104.56
71003.91;-104.56
71006.84;-104.80
71009.77;-104.72
71012.70;-104.72
71015.63;-104.80
71018.55;-104.64
71021.48;-104.72
71024.41;-104.87
71027.34;-104.87
71030.27;-104.72
71033.20;-104.87
71036.13;-104.72
71039.06;-104.80
71041.99;-105.11
71044.92;-104.72
71047.85;-104.41
71050.78;-104.56
71053.71;-104.64
71056.64;-104.56
71059.57;-104.64
71062.50;-104.64
71065.43;-104.72
71068.36;-104.48
71071.29;-104.64
71074.22;-104.56
71077.15;-104.72
71080.08;-104.80
71083.01;-104.41
71085.94;-104.64
71088.87;-104.64
71091.80;-104.80
71094.73;-104.87
71097.66;-104.64
71100.59;-104.80
71103.52;-104.80
71106.45;-104.64
71109.38;-104.56
71112.30;-104.48
71115.23;-104.95
71118.16;-104.87
71121.09;-104.64
71124.02;-104.72
71126.95;-104.56
71129.88;-104.56
71132.81;-104.64
71135.74;-104.72
71138.67;-104.64
71141.60;-104.48
71144.53;-104.56
71147.46;-104.56
71150.39;-104.72
71153.32;-104.80
71156.25;-104.87
71159.18;-104.64
71162.11;-104.56
71165.04;-104.72
71167.97;-104.80
71170.90;-104.64
71173.83;-104.64
71176.76;-104.64
71179.69;-104.64
71182.62;-104.56
71185.55;-104.64
71188.48;-104.72
71191.41;-104.56
71194.34;-104.48
71197.27;-104.48
71200.20;-104.48
71203.13;-104.41
71206.05;-104.41
71208.98;-104.95
71211.91;-104.64
71214.84;-104.56
71217.77;-104.64
71220.70;-104.64
71223.63;-104.48
71226.56;-104.48
71229.49;-104.33
71232.42;-104.33
71235.35;-104.41
71238.28;-104.48
71241.21;-104.80
71244.14;-104.80
71247.07;-104.72
71250.00;-104.80
71252.93;-104.80
71255.86;-104.72
71258.79;-104.64
71261.72;-104.33
71264.65;-104.48
71267.58;-104.41
71270.51;-104.48
71273.44;-104.72
71276.37;-104.41
71279.30;-104.25
71282.23;-104.56
71285.16;-104.72
71288.09;-104.64
71291.02;-104.48
71293.95;-104.48
71296.88;-104.33
71299.80;-104.25
71302.73;-104.33
71305.66;-104.25
71308.59;-104.56
71311.52;-104.56
71314.45;-104.56
71317.38;-104.72
71320.31;-104.56
71323.24;-104.56
71326.17;-104.56
71329.10;-104.87
71332.03;-104.80
71334.96;-104.64
71337.89;-104.56
71340.82;-104.48
71343.75;-104.41
71346.68;-104.64
71349.61;-104.64
71352.54;-104.80
71355.47;-104.64
71358.40;-104.64
71361.33;-104.64
71364.26;-104.41
71367.19;-104.48
71370.12;-104.64
71373.05;-104.48
71375.98;-104.80
71378.91;-104.80
71381.84;-104.64
71384.77;-104.48
71387.70;-104.72
71390.63;-104.48
71393.55;-104.64
71396.48;-104.80
71399.41;-104.56
71402.34;-104.80
71405.27;-104.80
71408.20;-104.72
71411.13;-104.56
71414.06;-104.64
71416.99;-104.87
71419.92;-104.80
71422.85;-104.56
71425.78;-104.87
71428.71;-104.87
71431.64;-104.87
71434.57;-105.03
71437.50;-104.80
71440.43;-105.03
71443.36;-104.80
71446.29;-104.80
71449.22;-104.64
71452.15;-104.56
71455.08;-104.72
71458.01;-104.95
71460.94;-104.48
71463.87;-104.48
71466.80;-104.80
71469.73;-104.80
71472.66;-104.80
71475.59;-104.64
71478.52;-104.87
71481.45;-104.80
71484.38;-104.48
71487.30;-104.72
71490.23;-104.87
71493.16;-104.72
71496.09;-104.48
71499.02;-104.33
71501.95;-104.41
71504.88;-104.64
71507.81;-104.95
71510.74;-104.72
71513.67;-104.72
71516.60;-104.64
71519.53;-104.33
71522.46;-104.56
71525.39;-104.72
71528.32;-104.64
71531.25;-104.64
71534.18;-104.56
71537.11;-104.56
71540.04;-104.72
71542.97;-104.80
71545.90;-104.56
71548.83;-104.48
71551.76;-104.72
71554.69;-104.80
71557.62;-104.48
71560.55;-104.72
71563.48;-105.03
71566.41;-105.03
71569.34;-104.80
71572.27;-104.48
71575.20;-104.56
71578.13;-104.56
71581.05;-104.56
71583.98;-104.41
71586.91;-104.56
71589.84;-104.48
71592.77;-104.72
71595.70;-104.64
71598.63;-104.72
71601.56;-104.87
71604.49;-104.64
71607.42;-104.72
71610.35;-104.72
71613.28;-104.80
71616.21;-104.72
71619.14;-104.64
71622.07;-104.56
71625.00;-104.64
71627.93;-104.64
71630.86;-104.56
71633.79;-104.87
71636.72;-104.72
71639.65;-104.64
71642.58;-104.80
71645.51;-104.80
71648.44;-104.48
71651.37;-104.72
71654.30;-104.72
71657.23;-104.64
71660.16;-104.56
71663.09;-104.56
71666.02;-104.64
71668.95;-104.80
71671.88;-104.80
71674.80;-104.80
71677.73;-104.56
71680.66;-104.48
71683.59;-104.41
71686.52;-104.25
71689.45;-104.48
71692.38;-104.64
71695.31;-104.56
71698.24;-104.64
71701.17;-104.72
71704.10;-104.48
71707.03;-104.72
71709.96;-105.03
71712.89;-104.80
71715.82;-104.48
71718.75;-104.33
71721.68;-104.33
71724.61;-104.48
71727.54;-104.72
71730.47;-104.72
71733.40;-104.56
71736.33;-104.48
71739.26;-104.80
71742.19;-104.64
71745.12;-104.80
71748.05;-104.64
71750.98;-104.56
71753.91;-104.80
71756.84;-104.72
71759.77;-104.64
71762.70;-104.56
71765.63;-104.41
71768.55;-104.64
71771.48;-104.64
71774.41;-104.48
71777.34;-104.41
71780.27;-104.80
71783.20;-104.80
71786.13;-104.72
71789.06;-104.80
71791.99;-104.80
71794.92;-104.95
71797.85;-104.80
71800.78;-104.72
71803.71;-104.64
71806.64;-104.80
71809.57;-104.80
71812.50;-104.64
71815.43;-104.48
71818.36;-104.80
71821.29;-104.87
71824.22;-104.87
71827.15;-104.64
71830.08;-104.72
71833.01;-104.64
71835.94;-104.56
71838.87;-104.64
71841.80;-104.87
71844.73;-104.95
71847.66;-104.87
71850.59;-104.87
71853.52;-104.80
71856.45;-104.72
71859.38;-104.80
71862.30;-104.80
71865.23;-104.80
71868.16;-104.56
71871.09;-104.72
71874.02;-104.87
71876.95;-104.64
71879.88;-104.41
71882.81;-104.41
71885.74;-104.56
71888.67;-104.64
71891.60;-104.64
71894.53;-104.72
71897.46;-104.80
71900.39;-104.80
71903.32;-104.48
71906.25;-104.64
71909.18;-104.48
71912.11;-104.48
71915.04;-104.56
71917.97;-104.48
71920.90;-104.72
71923.83;-104.72
71926.76;-104.64
71929.69;-104.56
71932.62;-104.48
71935.55;-104.56
71938.48;-104.64
71941.41;-104.72
71944.34;-104.80
71947.27;-104.80
71950.20;-104.72
71953.13;-104.95
71956.05;-104.80
71958.98;-104.48
71961.91;-104.56
71964.84;-104.48
71967.77;-104.41
71970.70;-104.48
71973.63;-104.41
71976.56;-104.56
71979.49;-104.72
71982.42;-104.64
71985.35;-104.56
71988.28;-104.72
71991.21;-104.64
71994.14;-104.56
71997.07;-104.56
72000.00;-104.56
72002.93;-104.64
72005.86;-104.72
72008.79;-104.80
72011.72;-105.11
72014.65;-105.11
72017.58;-104.80
72020.51;-104.95
72023.44;-104.72
72026.37;-104.64
72029.30;-104.64
72032.23;-104.80
72035.16;-104.72
72038.09;-104.72
72041.02;-104.41
72043.95;-104.72
72046.88;-104.64
72049.80;-104.64
72052.73;-104.64
72055.66;-104.80
72058.59;-104.80
72061.52;-104.87
72064.45;-104.87
72067.38;-104.80
72070.31;-104.64
72073.24;-104.64
72076.17;-104.80
72079.10;-104.95
72082.03;-104.72
72084.96;-104.87
72087.89;-104.80
72090.82;-104.72
72093.75;-104.72
72096.68;-104.80
72099.61;-104.80
72102.54;-104.87
72105.47;-104.80
72108.40;-104.87
72111.33;-105.11
72114.26;-104.72
72117.19;-104.56
72120.12;-104.56
72123.05;-104.41
72125.98;-104.56
72128.91;-104.95
72131.84;-104.72
72134.77;-104.64
72137.70;-104.48
72140.63;-104.48
72143.55;-104.56
72146.48;-104.72
72149.41;-104.64
72152.34;-104.80
72155.27;-104.64
72158.20;-104.48
72161.13;-104.56
72164.06;-104.48
72166.99;-104.48
72169.92;-104.80
72172.85;-104.95
72175.78;-104.80
72178.71;-104.80
72181.64;-104.95
72184.57;-104.80
72187.50;-104.72
72190.43;-104.72
72193.36;-104.48
72196.29;-104.56
72199.22;-104.72
72202.15;-104.64
72205.08;-104.87
72208.01;-104.87
72210.94;-104.72
72213.87;-104.72
72216.80;-104.64
72219.73;-104.72
72222.66;-104.95
72225.59;-104.64
72228.52;-104.64
72231.45;-104.80
72234.38;-104.80
72237.30;-104.56
72240.23;-104.64
72243.16;-104.80
72246.09;-104.72
72249.02;-104.64
72251.95;-104.64
72254.88;-104.87
72257.81;-104.87
72260.74;-104.80
72263.67;-104.56
72266.60;-104.41
72269.53;-104.64
72272.46;-104.56
72275.39;-104.64
72278.32;-104.56
72281.25;-104.48
72284.18;-104.41
72287.11;-104.56
72290.04;-104.64
72292.97;-104.64
72295.90;-104.72
72298.83;-104.41
72301.76;-104.56
72304.69;-104.56
72307.62;-104.72
72310.55;-104.64
72313.48;-104.72
72316.41;-104.72
72319.34;-104.87
72322.27;-104.80
72325.20;-104.95
72328.13;-104.80
72331.05;-104.64
72333.98;-104.64
72336.91;-104.56
72339.84;-104.72
72342.77;-104.64
72345.70;-104.64
72348.63;-104.56
72351.56;-104.48
72354.49;-104.41
72357.42;-104.48
72360.35;-104.56
72363.28;-104.56
72366.21;-104.56
72369.14;-104.80
72372.07;-104.72
72375.00;-104.80
72377.93;-104.72
72380.86;-104.80
72383.79;-104.64
72386.72;-104.64
72389.65;-104.72
72392.58;-104.80
72395.51;-104.87
72398.44;-104.64
72401.37;-104.56
72404.30;-104.56
72407.23;-104.64
72410.16;-104.72
72413.09;-104.95
72416.02;-104.95
72418.95;-104.87
72421.88;-104.56
72424.80;-104.33
72427.73;-104.72
72430.66;-104.80
72433.59;-104.72
72436.52;-104.64
72439.45;-104.80
72442.38;-104.72
72445.31;-104.87
72448.24;-104.80
72451.17;-104.64
72454.10;-104.56
72457.03;-104.41
72459.96;-104.56
72462.89;-105.03
72465.82;-105.19
72468.75;-104.64
72471.68;-104.64
72474.61;-104.80
72477.54;-104.87
72480.47;-104.95
72483.40;-104.80
72486.33;-104.87
72489.26;-104.72
72492.19;-104.80
72495.12;-104.72
72498.05;-104.72
72500.98;-104.64
72503.91;-104.64
72506.84;-104.72
72509.77;-104.48
72512.70;-104.41
72515.63;-104.41
72518.55;-104.64
72521.48;-104.80
72524.41;-104.87
72527.34;-104.80
72530.27;-104.80
72533.20;-104.72
72536.13;-104.72
72539.06;-104.72
72541.99;-104.72
72544.92;-104.48
72547.85;-104.64
72550.78;-104.64
72553.71;-104.33
72556.64;-104.56
72559.57;-104.64
72562.50;-104.33
72565.43;-104.48
72568.36;-104.56
72571.29;-104.56
72574.22;-104.80
72577.15;-104.80
72580.08;-104.64
72583.01;-104.41
72585.94;-104.56
72588.87;-104.56
72591.80;-104.56
72594.73;-104.72
72597.66;-104.64
72600.59;-104.48
72603.52;-104.56
72606.45;-104.64
72609.38;-104.72
72612.30;-104.64
72615.23;-104.56
72618.16;-104.64
72621.09;-104.80
72624.02;-104.64
72626.95;-104.56
72629.88;-104.72
72632.81;-104.95
72635.74;-105.03
72638.67;-104.95
72641.60;-104.80
72644.53;-104.48
72647.46;-104.25
72650.39;-104.41
72653.32;-104.72
72656.25;-104.64
72659.18;-104.48
72662.11;-104.48
72665.04;-104.64
72667.97;-104.56
72670.90;-104.41
72673.83;-104.41
72676.76;-104.64
72679.69;-104.56
72682.62;-104.72
72685.55;-105.03
72688.48;-104.72
72691.41;-104.80
72694.34;-104.72
72697.27;-104.80
72700.20;-104.56
72703.13;-104.33
72706.05;-104.64
72708.98;-104.56
72711.91;-104.48
72714.84;-104.72
72717.77;-104.64
72720.70;-104.56
72723.63;-104.95
72726.56;-104.72
72729.49;-104.48
72732.42;-104.56
72735.35;-104.64
72738.28;-104.72
72741.21;-104.87
72744.14;-104.64
72747.07;-104.48
72750.00;-104.48
72752.93;-104.48
72755.86;-104.48
72758.79;-104.64
72761.72;-104.72
72764.65;-104.56
72767.58;-104.56
72770.51;-104.72
72773.44;-104.56
72776.37;-104.41
72779.30;-104.80
72782.23;-104.80
72785.16;-104.80
72788.09;-104.80
72791.02;-104.95
72793.95;-105.03
72796.88;-104.64
72799.80;-104.72
72802.73;-104.72
72805.66;-104.72
72808.59;-104.41
72811.52;-104.41
72814.45;-104.56
72817.38;-104.72
72820.31;-104.72
72823.24;-104.41
72826.17;-104.33
72829.10;-104.64
72832.03;-104.64
72834.96;-104.64
72837.89;-104.56
72840.82;-104.72
72843.75;-104.80
72846.68;-104.95
72849.61;-104.80
72852.54;-104.80
72855.47;-104.72
72858.40;-104.87
72861.33;-104.72
72864.26;-104.64
72867.19;-104.72
72870.12;-104.48
72873.05;-104.56
72875.98;-104.72
72878.91;-104.72
72881.84;-104.80
72884.77;-104.48
72887.70;-104.33
72890.63;-104.33
72893.55;-104.72
72896.48;-104.41
72899.41;-104.17
72902.34;-104.48
72905.27;-104.80
72908.20;-104.87
72911.13;-104.87
72914.06;-104.64
72916.99;-104.48
72919.92;-104.48
72922.85;-104.33
72925.78;-104.48
72928.71;-104.80
72931.64;-104.72
72934.57;-104.48
72937.50;-104.56
72940.43;-104.33
72943.36;-104.64
72946.29;-104.72
72949.22;-104.64
72952.15;-104.80
72955.08;-104.87
72958.01;-104.64
72960.94;-104.72
72963.87;-104.64
72966.80;-104.64
72969.73;-104.64
72972.66;-104.72
72975.59;-104.80
72978.52;-104.87
72981.45;-104.87
72984.38;-104.72
72987.30;-104.95
72990.23;-104.72
72993.16;-104.48
72996.09;-104.64
72999.02;-104.95
73001.95;-104.64
73004.88;-104.64
73007.81;-104.64
73010.74;-104.87
73013.67;-105.11
73016.60;-104.95
73019.53;-104.72
73022.46;-104.64
73025.39;-104.87
73028.32;-104.95
73031.25;-104.95
73034.18;-104.95
73037.11;-104.87
73040.04;-104.72
73042.97;-104.64
73045.90;-104.64
73048.83;-104.72
73051.76;-104.87
73054.69;-104.95
73057.62;-104.64
73060.55;-104.56
73063.48;-104.48
73066.41;-104.48
73069.34;-104.64
73072.27;-104.64
73075.20;-104.56
73078.13;-104.80
73081.05;-104.95
73083.98;-104.95
73086.91;-104.87
73089.84;-104.80
73092.77;-104.56
73095.70;-104.56
73098.63;-104.87
73101.56;-104.80
73104.49;-104.80
73107.42;-104.72
73110.35;-104.64
73113.28;-104.64
73116.21;-104.64
73119.14;-104.56
73122.07;-104.41
73125.00;-104.41
73127.93;-104.41
73130.86;-104.64
73133.79;-104.80
73136.72;-104.72
73139.65;-104.48
73142.58;-104.72
73145.51;-104.64
73148.44;-104.72
73151.37;-104.64
73154.30;-104.72
73157.23;-104.80
73160.16;-104.87
73163.09;-104.87
73166.02;-105.03
73168.95;-104.87
73171.88;-104.72
73174.80;-104.80
73177.73;-104.72
73180.66;-104.41
73183.59;-104.64
73186.52;-104.48
73189.45;-104.56
73192.38;-104.56
73195.31;-104.64
73198.24;-104.72
73201.17;-104.87
73204.10;-104.80
73207.03;-104.87
73209.96;-104.87
73212.89;-104.95
73215.82;-104.87
73218.75;-104.80
73221.68;-104.56
73224.61;-104.72
73227.54;-104.80
73230.47;-104.87
73233.40;-104.72
73236.33;-104.48
73239.26;-104.64
73242.19;-104.72
73245.12;-104.72
73248.05;-104.56
73250.98;-104.72
73253.91;-104.64
73256.84;-104.72
73259.77;-104.80
73262.70;-104.56
73265.63;-104.80
73268.55;-104.87
73271.48;-104.80
73274.41;-104.64
73277.34;-104.87
73280.27;-104.87
73283.20;-104.80
73286.13;-104.64
73289.06;-104.72
73291.99;-104.95
73294.92;-104.87
73297.85;-104.72
73300.78;-104.64
73303.71;-104.72
73306.64;-104.87
73309.57;-105.11
73312.50;-104.64
73315.43;-104.72
73318.36;-104.87
73321.29;-104.95
73324.22;-104.80
73327.15;-104.64
73330.08;-104.72
73333.01;-104.72
73335.94;-104.72
73338.87;-104.72
73341.80;-104.72
73344.73;-104.56
73347.66;-104.72
73350.59;-104.80
73353.52;-104.64
73356.45;-104.80
73359.38;-104.87
73362.30;-104.72
73365.23;-104.80
73368.16;-104.80
73371.09;-104.64
73374.02;-104.64
73376.95;-104.64
73379.88;-104.64
73382.81;-104.87
73385.74;-104.80
73388.67;-104.72
73391.60;-104.41
73394.53;-104.64
73397.46;-104.72
73400.39;-104.80
73403.32;-104.87
73406.25;-104.80
73409.18;-104.56
73412.11;-104.56
73415.04;-104.48
73417.97;-104.64
73420.90;-105.03
73423.83;-104.87
73426.76;-104.80
73429.69;-104.80
73432.62;-104.80
73435.55;-104.41
73438.48;-104.64
73441.41;-104.72
73444.34;-104.80
73447.27;-104.80
73450.20;-104.72
73453.13;-104.64
73456.05;-104.80
73458.98;-104.87
73461.91;-104.95
73464.84;-104.80
73467.77;-104.48
73470.70;-104.41
73473.63;-104.64
73476.56;-104.95
73479.49;-104.80
73482.42;-104.72
73485.35;-104.72
73488.28;-104.56
73491.21;-104.64
73494.14;-104.80
73497.07;-104.80
73500.00;-104.72
73502.93;-104.87
73505.86;-104.80
73508.79;-104.87
73511.72;-104.80
73514.65;-104.80
73517.58;-104.41
73520.51;-104.25
73523.44;-104.72
73526.37;-104.87
73529.30;-104.72
73532.23;-104.72
73535.16;-104.80
73538.09;-104.48
73541.02;-104.56
73543.95;-104.64
73546.88;-104.72
73549.80;-104.72
73552.73;-104.87
73555.66;-104.95
73558.59;-104.80
73561.52;-104.72
73564.45;-104.80
73567.38;-104.56
73570.31;-104.33
73573.24;-104.48
73576.17;-104.64
73579.10;-105.11
73582.03;-105.11
73584.96;-105.11
73587.89;-104.80
73590.82;-104.48
73593.75;-104.41
73596.68;-104.72
73599.61;-104.48
73602.54;-104.72
73605.47;-104.64
73608.40;-104.72
73611.33;-105.03
73614.26;-104.80
73617.19;-104.72
73620.12;-104.64
73623.05;-104.64
73625.98;-104.80
73628.91;-105.11
73631.84;-104.95
73634.77;-104.80
73637.70;-104.48
73640.63;-104.48
73643.55;-104.64
73646.48;-104.87
73649.41;-104.87
73652.34;-104.87
73655.27;-104.56
73658.20;-104.48
73661.13;-104.72
73664.06;-104.64
73666.99;-104.64
73669.92;-104.41
73672.85;-104.41
73675.78;-104.56
73678.71;-104.72
73681.64;-104.64
73684.57;-104.64
73687.50;-104.64
73690.43;-104.72
73693.36;-104.87
73696.29;-104.72
73699.22;-104.56
73702.15;-104.48
73705.08;-104.64
73708.01;-104.72
73710.94;-104.56
73713.87;-104.64
73716.80;-104.41
73719.73;-104.48
73722.66;-104.72
73725.59;-104.72
73728.52;-104.80
73731.45;-105.03
73734.38;-104.64
73737.30;-104.41
73740.23;-104.72
73743.16;-104.80
73746.09;-104.80
73749.02;-104.80
73751.95;-104.80
73754.88;-104.95
73757.81;-104.72
73760.74;-104.64
73763.67;-104.72
73766.60;-104.72
73769.53;-105.03
73772.46;-104.87
73775.39;-104.72
73778.32;-104.64
73781.25;-104.56
73784.18;-104.80
73787.11;-104.64
73790.04;-104.56
73792.97;-104.56
73795.90;-104.33
73798.83;-104.17
73801.76;-104.25
73804.69;-104.56
73807.62;-104.72
73810.55;-104.72
73813.48;-104.64
73816.41;-104.56
73819.34;-104.41
73822.27;-104.56
73825.20;-104.56
73828.13;-104.48
73831.05;-104.72
73833.98;-104.72
73836.91;-104.80
73839.84;-104.95
73842.77;-104.80
73845.70;-104.80
73848.63;-104.64
73851.56;-104.48
73854.49;-104.64
73857.42;-104.56
73860.35;-104.56
73863.28;-104.64
73866.21;-104.64
73869.14;-104.87
73872.07;-104.87
73875.00;-104.87
73877.93;-104.72
73880.86;-104.64
73883.79;-104.48
73886.72;-104.72
73889.65;-104.72
73892.58;-104.95
73895.51;-104.72
73898.44;-104.56
73901.37;-104.48
73904.30;-104.64
73907.23;-104.80
73910.16;-104.87
73913.09;-104.80
73916.02;-104.72
73918.95;-104.80
73921.88;-104.41
73924.80;-104.64
73927.73;-104.48
73930.66;-104.48
73933.59;-104.64
73936.52;-104.64
73939.45;-104.64
73942.38;-104.56
73945.31;-104.64
73948.24;-104.80
73951.17;-104.80
73954.10;-104.87
73957.03;-104.80
73959.96;-104.72
73962.89;-104.64
73965.82;-104.56
73968.75;-104.72
73971.68;-104.80
73974.61;-104.80
73977.54;-104.87
73980.47;-104.95
73983.40;-104.56
73986.33;-104.56
73989.26;-104.64
73992.19;-104.87
73995.12;-104.56
73998.05;-104.72
74000.98;-104.80
74003.91;-104.80
74006.84;-104.87
74009.77;-104.80
74012.70;-104.64
74015.63;-104.41
74018.55;-104.41
74021.48;-104.64
74024.41;-104.56
74027.34;-104.48
74030.27;-104.56
74033.20;-104.87
74036.13;-104.64
74039.06;-104.56
74041.99;-104.48
74044.92;-104.80
74047.85;-104.95
74050.78;-104.87
74053.71;-104.80
74056.64;-104.56
74059.57;-104.41
74062.50;-104.41
74065.43;-104.72
74068.36;-104.80
74071.29;-104.95
74074.22;-104.80
74077.15;-104.72
74080.08;-104.48
74083.01;-104.80
74085.94;-104.87
74088.87;-104.41
74091.80;-104.80
74094.73;-104.80
74097.66;-104.56
74100.59;-104.64
74103.52;-104.64
74106.45;-104.64
74109.38;-104.56
74112.30;-104.33
74115.23;-104.72
74118.16;-104.72
74121.09;-104.64
74124.02;-105.11
74126.95;-104.87
74129.88;-104.56
74132.81;-104.56
74135.74;-104.72
74138.67;-104.64
74141.60;-104.95
74144.53;-104.87
74147.46;-104.56
74150.39;-104.33
74153.32;-104.64
74156.25;-104.80
74159.18;-104.87
74162.11;-104.64
74165.04;-104.80
74167.97;-104.95
74170.90;-104.64
74173.83;-104.87
74176.76;-104.95
74179.69;-104.80
74182.62;-104.64
74185.55;-104.72
74188.48;-104.95
74191.41;-104.87
74194.34;-104.87
74197.27;-104.80
74200.20;-104.48
74203.13;-104.17
74206.05;-104.48
74208.98;-104.87
74211.91;-105.03
74214.84;-104.80
74217.77;-104.64
74220.70;-104.64
74223.63;-104.48
74226.56;-104.56
74229.49;-104.72
74232.42;-104.87
74235.35;-104.87
74238.28;-104.64
74241.21;-104.48
74244.14;-104.64
74247.07;-104.80
74250.00;-104.80
74252.93;-104.56
74255.86;-104.80
74258.79;-104.95
74261.72;-104.64
74264.65;-104.56
74267.58;-104.56
74270.51;-104.48
74273.44;-104.64
74276.37;-104.95
74279.30;-104.80
74282.23;-104.80
74285.16;-104.72
74288.09;-104.72
74291.02;-104.64
74293.95;-104.80
74296.88;-104.72
74299.80;-104.64
74302.73;-104.64
74305.66;-104.56
74308.59;-104.48
74311.52;-104.87
74314.45;-104.80
74317.38;-104.56
74320.31;-104.41
74323.24;-104.80
74326.17;-104.95
74329.10;-104.80
74332.03;-104.80
74334.96;-104.64
74337.89;-104.41
74340.82;-104.72
74343.75;-104.80
74346.68;-104.64
74349.61;-104.72
74352.54;-104.80
74355.47;-104.87
74358.40;-104.95
74361.33;-104.72
74364.26;-104.64
74367.19;-104.56
74370.12;-104.72
74373.05;-104.80
74375.98;-104.72
74378.91;-104.48
74381.84;-104.64
74384.77;-104.72
74387.70;-104.87
74390.63;-104.80
74393.55;-104.72
74396.48;-104.72
74399.41;-104.64
74402.34;-105.03
74405.27;-104.95
74408.20;-104.80
74411.13;-104.41
74414.06;-104.48
74416.99;-104.56
74419.92;-104.41
74422.85;-104.64
74425.78;-104.80
74428.71;-104.87
74431.64;-104.64
74434.57;-104.80
74437.50;-104.87
74440.43;-104.64
74443.36;-104.87
74446.29;-104.87
74449.22;-104.64
74452.15;-104.56
74455.08;-104.87
74458.01;-104.95
74460.94;-104.95
74463.87;-104.87
74466.80;-104.95
74469.73;-104.72
74472.66;-104.56
74475.59;-104.56
74478.52;-104.56
74481.45;-104.56
74484.38;-104.72
74487.30;-104.72
74490.23;-104.72
74493.16;-104.64
74496.09;-104.80
74499.02;-104.80
74501.95;-104.87
74504.88;-104.80
74507.81;-104.80
74510.74;-104.95
74513.67;-104.80
74516.60;-104.80
74519.53;-104.80
74522.46;-104.72
74525.39;-104.64
74528.32;-104.64
74531.25;-104.72
74534.18;-104.72
74537.11;-104.80
74540.04;-104.87
74542.97;-104.64
74545.90;-104.87
74548.83;-104.87
74551.76;-104.72
74554.69;-104.64
74557.62;-104.64
74560.55;-104.72
74563.48;-104.64
74566.41;-104.56
74569.34;-104.41
74572.27;-104.48
74575.20;-104.48
74578.13;-104.87
74581.05;-104.56
74583.98;-104.56
74586.91;-104.72
74589.84;-104.64
74592.77;-104.72
74595.70;-104.64
74598.63;-104.64
74601.56;-104.56
74604.49;-104.95
74607.42;-105.11
74610.35;-104.95
74613.28;-104.56
74616.21;-104.72
74619.14;-104.87
74622.07;-104.72
74625.00;-104.95
74627.93;-104.80
74630.86;-104.87
74633.79;-104.87
74636.72;-104.64
74639.65;-104.87
74642.58;-104.72
74645.51;-104.41
74648.44;-104.48
74651.37;-104.41
74654.30;-104.64
74657.23;-104.80
74660.16;-104.64
74663.09;-104.41
74666.02;-104.64
74668.95;-104.64
74671.88;-104.48
74674.80;-104.41
74677.73;-104.48
74680.66;-104.64
74683.59;-104.56
74686.52;-104.48
74689.45;-104.95
74692.38;-104.95
74695.31;-104.87
74698.24;-105.03
74701.17;-104.87
74704.10;-104.72
74707.03;-104.72
74709.96;-104.80
74712.89;-104.80
74715.82;-104.72
74718.75;-104.87
74721.68;-105.03
74724.61;-104.80
74727.54;-105.03
74730.47;-104.72
74733.40;-104.64
74736.33;-104.56
74739.26;-104.80
74742.19;-104.56
74745.12;-104.64
74748.05;-104.64
74750.98;-104.80
74753.91;-104.95
74756.84;-105.03
74759.77;-104.95
74762.70;-104.80
74765.63;-104.64
74768.55;-104.64
74771.48;-104.72
74774.41;-104.64
74777.34;-104.80
74780.27;-104.87
74783.20;-104.72
74786.13;-104.56
74789.06;-104.72
74791.99;-104.80
74794.92;-104.56
74797.85;-104.72
74800.78;-104.64
74803.71;-104.87
74806.64;-105.03
74809.57;-105.11
74812.50;-105.26
74815.43;-105.19
74818.36;-105.03
74821.29;-104.56
74824.22;-104.41
74827.15;-104.64
74830.08;-104.80
74833.01;-104.72
74835.94;-104.87
74838.87;-104.80
74841.80;-104.72
74844.73;-104.48
74847.66;-104.64
74850.59;-104.80
74853.52;-104.64
74856.45;-104.56
74859.38;-104.64
74862.30;-104.80
74865.23;-104.72
74868.16;-104.64
74871.09;-104.64
74874.02;-104.72
74876.95;-104.80
74879.88;-104.64
74882.81;-105.03
74885.74;-104.87
74888.67;-104.95
74891.60;-104.87
74894.53;-104.64
74897.46;-104.80
74900.39;-104.80
74903.32;-104.72
74906.25;-104.64
74909.18;-104.64
74912.11;-104.80
74915.04;-104.87
74917.97;-104.64
74920.90;-104.41
74923.83;-104.48
74926.76;-104.72
74929.69;-104.87
74932.62;-104.80
74935.55;-104.72
74938.48;-104.80
74941.41;-104.80
74944.34;-104.64
74947.27;-104.64
74950.20;-104.72
74953.13;-104.72
74956.05;-104.64
74958.98;-104.87
74961.91;-104.56
74964.84;-104.56
74967.77;-104.87
74970.70;-104.80
74973.63;-104.72
74976.56;-104.87
74979.49;-104.72
74982.42;-104.80
74985.35;-104.72
74988.28;-104.56
74991.21;-104.87
74994.14;-104.80
74997.07;-104.56
75000.00;-104.56
75002.93;-104.48
75005.86;-104.64
75008.79;-104.87
75011.72;-104.87
75014.65;-104.95
75017.58;-105.03
75020.51;-105.11
75023.44;-104.80
75026.37;-104.64
75029.30;-104.64
75032.23;-104.64
75035.16;-104.64
75038.09;-104.56
75041.02;-104.72
75043.95;-104.72
75046.88;-104.56
75049.80;-104.64
75052.73;-104.56
75055.66;-104.72
75058.59;-104.72
75061.52;-104.95
75064.45;-104.80
75067.38;-104.64
75070.31;-104.72
75073.24;-104.87
75076.17;-104.87
75079.10;-104.80
75082.03;-104.80
75084.96;-104.80
75087.89;-104.64
75090.82;-104.72
75093.75;-104.87
75096.68;-105.11
75099.61;-105.19
75102.54;-105.03
75105.47;-105.03
75108.40;-105.19
75111.33;-104.80
75114.26;-104.56
75117.19;-104.72
75120.12;-104.72
75123.05;-104.72
75125.98;-104.80
75128.91;-104.72
75131.84;-104.56
75134.77;-104.64
75137.70;-104.80
75140.63;-104.87
75143.55;-104.64
75146.48;-104.56
75149.41;-104.72
75152.34;-104.48
75155.27;-104.64
75158.20;-104.87
75161.13;-104.95
75164.06;-105.03
75166.99;-105.11
75169.92;-104.87
75172.85;-104.95
75175.78;-104.87
75178.71;-105.03
75181.64;-104.80
75184.57;-104.56
75187.50;-104.80
75190.43;-104.87
75193.36;-104.95
75196.29;-104.80
75199.22;-104.87
75202.15;-104.64
75205.08;-104.64
75208.01;-104.87
75210.94;-104.95
75213.87;-104.87
75216.80;-104.64
75219.73;-104.48
75222.66;-104.56
75225.59;-105.03
75228.52;-104.64
75231.45;-104.41
75234.38;-104.48
75237.30;-104.87
75240.23;-104.80
75243.16;-104.72
75246.09;-104.95
75249.02;-104.80
75251.95;-104.72
75254.88;-104.80
75257.81;-105.19
75260.74;-105.03
75263.67;-104.64
75266.60;-104.64
75269.53;-104.95
75272.46;-105.11
75275.39;-104.80
75278.32;-104.64
75281.25;-104.72
75284.18;-104.64
75287.11;-104.87
75290.04;-104.95
75292.97;-104.87
75295.90;-104.48
75298.83;-104.25
75301.76;-104.64
75304.69;-104.72
75307.62;-104.48
75310.55;-104.72
75313.48;-104.64
75316.41;-104.56
75319.34;-104.56
75322.27;-104.48
75325.20;-104.48
75328.13;-104.56
75331.05;-104.56
75333.98;-104.56
75336.91;-104.48
75339.84;-104.72
75342.77;-104.87
75345.70;-104.72
75348.63;-104.64
75351.56;-104.72
75354.49;-104.80
75357.42;-104.95
75360.35;-104.87
75363.28;-104.64
75366.21;-104.72
75369.14;-104.72
75372.07;-104.95
75375.00;-104.95
75377.93;-104.72
75380.86;-104.72
75383.79;-104.72
75386.72;-104.56
75389.65;-104.64
75392.58;-104.64
75395.51;-104.48
75398.44;-104.48
75401.37;-104.80
75404.30;-104.64
75407.23;-104.72
75410.16;-105.03
75413.09;-104.72
75416.02;-104.48
75418.95;-104.64
75421.88;-104.80
75424.80;-104.95
75427.73;-104.72
75430.66;-104.87
75433.59;-104.95
75436.52;-104.72
75439.45;-104.48
75442.38;-104.48
75445.31;-104.48
75448.24;-104.72
75451.17;-104.87
75454.10;-104.95
75457.03;-105.03
75459.96;-104.56
75462.89;-104.64
75465.82;-104.95
75468.75;-105.03
75471.68;-104.64
75474.61;-104.33
75477.54;-104.41
75480.47;-104.64
75483.40;-104.87
75486.33;-104.56
75489.26;-104.56
75492.19;-104.87
75495.12;-105.03
75498.05;-104.80
75500.98;-104.72
75503.91;-104.56
75506.84;-104.56
75509.77;-104.72
75512.70;-104.56
75515.63;-104.64
75518.55;-104.64
75521.48;-104.41
75524.41;-104.64
75527.34;-104.80
75530.27;-104.72
75533.20;-105.03
75536.13;-104.87
75539.06;-104.64
75541.99;-104.72
75544.92;-104.64
75547.85;-104.56
75550.78;-104.72
75553.71;-104.80
75556.64;-104.64
75559.57;-104.72
75562.50;-104.72
75565.43;-104.80
75568.36;-104.87
75571.29;-104.80
75574.22;-104.64
75577.15;-104.72
75580.08;-104.56
75583.01;-104.48
75585.94;-104.64
75588.87;-104.56
75591.80;-104.95
75594.73;-105.03
75597.66;-104.95
75600.59;-104.87
75603.52;-104.72
75606.45;-105.03
75609.38;-104.80
75612.30;-104.80
75615.23;-104.87
75618.16;-104.64
75621.09;-104.72
75624.02;-104.64
75626.95;-104.80
75629.88;-105.03
75632.81;-104.95
75635.74;-104.72
75638.67;-104.64
75641.60;-104.64
75644.53;-104.64
75647.46;-104.87
75650.39;-105.03
75653.32;-104.80
75656.25;-104.64
75659.18;-104.64
75662.11;-104.56
75665.04;-104.33
75667.97;-104.41
75670.90;-104.41
75673.83;-104.48
75676.76;-104.80
75679.69;-104.80
75682.62;-104.80
75685.55;-104.87
75688.48;-104.95
75691.41;-104.64
75694.34;-104.56
75697.27;-104.80
75700.20;-104.48
75703.13;-104.56
75706.05;-105.03
75708.98;-104.64
75711.91;-104.56
75714.84;-104.80
75717.77;-104.72
75720.70;-104.80
75723.63;-104.80
75726.56;-104.95
75729.49;-104.64
75732.42;-104.64
75735.35;-104.80
75738.28;-105.03
75741.21;-104.87
75744.14;-104.64
75747.07;-104.80
75750.00;-104.72
75752.93;-104.64
75755.86;-104.72
75758.79;-104.64
75761.72;-104.56
75764.65;-104.56
75767.58;-104.56
75770.51;-104.72
75773.44;-104.72
75776.37;-104.80
75779.30;-104.95
75782.23;-104.72
75785.16;-104.87
75788.09;-104.95
75791.02;-104.87
75793.95;-104.95
75796.88;-105.03
75799.80;-104.80
75802.73;-104.80
75805.66;-104.64
75808.59;-104.56
75811.52;-104.64
75814.45;-104.87
75817.38;-104.95
75820.31;-104.87
75823.24;-104.87
75826.17;-104.64
75829.10;-104.41
75832.03;-104.48
75834.96;-104.64
75837.89;-104.56
75840.82;-104.72
75843.75;-104.80
75846.68;-104.72
75849.61;-104.95
75852.54;-104.95
75855.47;-104.80
75858.40;-105.03
75861.33;-104.80
75864.26;-104.72
75867.19;-104.64
75870.12;-104.64
75873.05;-104.95
75875.98;-104.87
75878.91;-104.64
75881.84;-104.72
75884.77;-104.80
75887.70;-104.95
75890.63;-104.64
75893.55;-104.56
75896.48;-104.56
75899.41;-105.03
75902.34;-104.64
75905.27;-104.87
75908.20;-104.87
75911.13;-104.87
75914.06;-105.03
75916.99;-104.64
75919.92;-104.64
75922.85;-104.64
75925.78;-104.48
75928.71;-104.72
75931.64;-104.64
75934.57;-104.72
75937.50;-104.87
75940.43;-104.87
75943.36;-105.03
75946.29;-104.87
75949.22;-104.80
75952.15;-104.80
75955.08;-104.95
75958.01;-104.80
75960.94;-104.80
75963.87;-104.64
75966.80;-104.72
75969.73;-104.80
75972.66;-104.80
75975.59;-104.72
75978.52;-104.87
75981.45;-104.72
75984.38;-104.72
75987.30;-104.64
75990.23;-104.72
75993.16;-104.87
75996.09;-104.80
75999.02;-104.87
76001.95;-104.80
76004.88;-104.64
76007.81;-104.64
76010.74;-104.72
76013.67;-104.64
76016.60;-104.87
76019.53;-104.72
76022.46;-104.48
76025.39;-104.87
76028.32;-104.95
76031.25;-104.72
76034.18;-104.72
76037.11;-104.87
76040.04;-104.95
76042.97;-104.72
76045.90;-104.64
76048.83;-104.64
76051.76;-104.80
76054.69;-104.87
76057.62;-104.64
76060.55;-104.64
76063.48;-104.80
76066.41;-104.95
76069.34;-104.80
76072.27;-104.64
76075.20;-104.80
76078.13;-104.95
76081.05;-104.87
76083.98;-104.80
76086.91;-104.64
76089.84;-104.48
76092.77;-104.72
76095.70;-104.87
76098.63;-104.64
76101.56;-104.56
76104.49;-104.72
76107.42;-104.80
76110.35;-105.11
76113.28;-104.87
76116.21;-104.72
76119.14;-104.80
76122.07;-104.56
76125.00;-104.48
76127.93;-104.72
76130.86;-104.64
76133.79;-104.56
76136.72;-104.72
76139.65;-104.64
76142.58;-104.48
76145.51;-104.95
76148.44;-104.95
76151.37;-104.87
76154.30;-104.87
76157.23;-105.11
76160.16;-104.95
76163.09;-104.95
76166.02;-105.03
76168.95;-104.87
76171.88;-104.72
76174.80;-104.80
76177.73;-104.87
76180.66;-104.64
76183.59;-104.72
76186.52;-104.64
76189.45;-104.64
76192.38;-104.80
76195.31;-104.87
76198.24;-104.64
76201.17;-104.56
76204.10;-104.95
76207.03;-104.72
76209.96;-104.80
76212.89;-104.72
76215.82;-104.80
76218.75;-104.87
76221.68;-105.03
76224.61;-104.87
76227.54;-104.72
76230.47;-104.64
76233.40;-104.41
76236.33;-104.72
76239.26;-104.64
76242.19;-104.72
76245.12;-104.80
76248.05;-104.72
76250.98;-105.03
76253.91;-104.64
76256.84;-104.48
76259.77;-104.33
76262.70;-104.41
76265.63;-104.64
76268.55;-104.80
76271.48;-104.80
76274.41;-104.80
76277.34;-105.19
76280.27;-104.95
76283.20;-104.56
76286.13;-104.72
76289.06;-105.11
76291.99;-104.95
76294.92;-104.64
76297.85;-104.56
76300.78;-104.64
76303.71;-104.72
76306.64;-104.80
76309.57;-104.87
76312.50;-104.87
76315.43;-105.03
76318.36;-104.87
76321.29;-104.72
76324.22;-104.80
76327.15;-104.56
76330.08;-104.72
76333.01;-104.64
76335.94;-104.64
76338.87;-104.33
76341.80;-104.64
76344.73;-104.87
76347.66;-104.72
76350.59;-104.72
76353.52;-104.80
76356.45;-104.80
76359.38;-104.87
76362.30;-104.80
76365.23;-104.80
76368.16;-104.95
76371.09;-105.03
76374.02;-104.56
76376.95;-104.41
76379.88;-104.87
76382.81;-104.72
76385.74;-104.80
76388.67;-104.64
76391.60;-104.72
76394.53;-105.03
76397.46;-105.03
76400.39;-104.87
76403.32;-104.87
76406.25;-104.87
76409.18;-104.72
76412.11;-104.56
76415.04;-104.72
76417.97;-104.80
76420.90;-104.72
76423.83;-104.95
76426.76;-104.80
76429.69;-104.72
76432.62;-104.95
76435.55;-104.72
76438.48;-104.48
76441.41;-104.48
76444.34;-104.56
76447.27;-104.64
76450.20;-104.41
76453.13;-104.64
76456.05;-105.03
76458.98;-104.87
76461.91;-104.87
76464.84;-105.11
76467.77;-105.26
76470.70;-105.11
76473.63;-104.95
76476.56;-104.64
76479.49;-104.80
76482.42;-104.80
76485.35;-104.72
76488.28;-104.56
76491.21;-104.72
76494.14;-104.80
76497.07;-104.64
76500.00;-104.33
76502.93;-104.72
76505.86;-104.87
76508.79;-104.64
76511.72;-104.72
76514.65;-104.64
76517.58;-104.56
76520.51;-104.72
76523.44;-104.87
76526.37;-104.64
76529.30;-104.72
76532.23;-104.80
76535.16;-104.64
76538.09;-104.64
76541.02;-104.80
76543.95;-104.72
76546.88;-104.56
76549.80;-104.72
76552.73;-104.87
76555.66;-104.87
76558.59;-105.19
76561.52;-105.11
76564.45;-104.87
76567.38;-104.64
76570.31;-104.80
76573.24;-104.80
76576.17;-104.80
76579.10;-104.80
76582.03;-104.95
76584.96;-104.64
76587.89;-104.80
76590.82;-104.72
76593.75;-104.64
76596.68;-104.87
76599.61;-104.80
76602.54;-104.72
76605.47;-104.80
76608.40;-105.03
76611.33;-104.95
76614.26;-104.87
76617.19;-104.64
76620.12;-104.64
76623.05;-104.72
76625.98;-104.95
76628.91;-105.11
76631.84;-104.95
76634.77;-104.64
76637.70;-104.48
76640.63;-104.80
76643.55;-104.64
76646.48;-104.80
76649.41;-105.03
76652.34;-104.95
76655.27;-104.72
76658.20;-104.87
76661.13;-105.03
76664.06;-104.56
76666.99;-104.48
76669.92;-104.87
76672.85;-104.87
76675.78;-104.80
76678.71;-105.11
76681.64;-105.26
76684.57;-105.03
76687.50;-104.80
76690.43;-104.80
76693.36;-104.87
76696.29;-104.95
76699.22;-104.95
76702.15;-104.95
76705.08;-104.80
76708.01;-104.72
76710.94;-104.72
76713.87;-104.87
76716.80;-104.95
76719.73;-104.72
76722.66;-104.56
76725.59;-104.80
76728.52;-104.64
76731.45;-104.64
76734.38;-104.80
76737.30;-104.64
76740.23;-104.64
76743.16;-104.80
76746.09;-104.80
76749.02;-104.64
76751.95;-104.64
76754.88;-104.64
76757.81;-104.41
76760.74;-104.48
76763.67;-104.95
76766.60;-104.80
76769.53;-104.87
76772.46;-104.72
76775.39;-104.80
76778.32;-104.95
76781.25;-104.64
76784.18;-104.87
76787.11;-104.95
76790.04;-104.87
76792.97;-104.95
76795.90;-105.03
76798.83;-105.03
76801.76;-104.72
76804.69;-104.72
76807.62;-104.95
76810.55;-104.95
76813.48;-104.80
76816.41;-104.95
76819.34;-105.03
76822.27;-105.03
76825.20;-104.87
76828.13;-104.64
76831.05;-104.72
76833.98;-104.80
76836.91;-104.87
76839.84;-104.72
76842.77;-104.48
76845.70;-104.80
76848.63;-104.95
76851.56;-104.95
76854.49;-104.87
76857.42;-104.56
76860.35;-104.64
76863.28;-104.80
76866.21;-104.87
76869.14;-104.72
76872.07;-104.56
76875.00;-104.80
76877.93;-104.72
76880.86;-104.72
76883.79;-104.64
76886.72;-104.72
76889.65;-104.87
76892.58;-104.80
76895.51;-104.80
76898.44;-104.80
76901.37;-104.72
76904.30;-104.87
76907.23;-104.72
76910.16;-104.80
76913.09;-105.03
76916.02;-104.87
76918.95;-104.64
76921.88;-104.48
76924.80;-104.48
76927.73;-104.56
76930.66;-104.64
76933.59;-104.72
76936.52;-104.95
76939.45;-104.87
76942.38;-104.80
76945.31;-104.64
76948.24;-104.64
76951.17;-104.80
76954.10;-104.80
76957.03;-104.64
76959.96;-104.72
76962.89;-104.80
76965.82;-105.03
76968.75;-105.34
76971.68;-104.80
76974.61;-104.64
76977.54;-104.72
76980.47;-104.72
76983.40;-104.87
76986.33;-104.80
76989.26;-104.41
76992.19;-104.48
76995.12;-104.72
76998.05;-104.80
77000.98;-104.64
77003.91;-104.80
77006.84;-104.87
77009.77;-104.87
77012.70;-105.11
77015.63;-105.03
77018.55;-104.87
77021.48;-104.72
77024.41;-104.72
77027.34;-104.80
77030.27;-104.87
77033.20;-104.64
77036.13;-104.64
77039.06;-104.87
77041.99;-105.03
77044.92;-104.80
77047.85;-104.64
77050.78;-105.03
77053.71;-104.95
77056.64;-104.80
77059.57;-104.80
77062.50;-104.87
77065.43;-104.95
77068.36;-105.11
77071.29;-105.03
77074.22;-105.03
77077.15;-104.72
77080.08;-104.64
77083.01;-104.80
77085.94;-104.80
77088.87;-104.80
77091.80;-105.03
77094.73;-105.03
77097.66;-104.95
77100.59;-104.80
77103.52;-104.80
77106.45;-104.87
77109.38;-104.72
77112.30;-104.41
77115.23;-104.56
77118.16;-104.56
77121.09;-104.80
77124.02;-104.80
77126.95;-104.80
77129.88;-104.56
77132.81;-104.72
77135.74;-104.95
77138.67;-104.72
77141.60;-104.72
77144.53;-104.87
77147.46;-104.64
77150.39;-104.56
77153.32;-104.64
77156.25;-104.87
77159.18;-104.64
77162.11;-104.41
77165.04;-104.72
77167.97;-104.80
77170.90;-104.72
77173.83;-104.80
77176.76;-104.64
77179.69;-104.87
77182.62;-105.19
77185.55;-104.87
77188.48;-105.11
77191.41;-105.11
77194.34;-104.72
77197.27;-104.56
77200.20;-104.64
77203.13;-104.80
77206.05;-104.72
77208.98;-104.56
77211.91;-104.80
77214.84;-104.87
77217.77;-104.72
77220.70;-104.72
77223.63;-105.03
77226.56;-105.03
77229.49;-104.95
77232.42;-104.80
77235.35;-104.56
77238.28;-104.72
77241.21;-104.72
77244.14;-104.72
77247.07;-104.64
77250.00;-104.56
77252.93;-104.80
77255.86;-104.87
77258.79;-104.72
77261.72;-104.95
77264.65;-105.11
77267.58;-104.80
77270.51;-104.95
77273.44;-104.95
77276.37;-104.87
77279.30;-104.87
77282.23;-104.80
77285.16;-104.87
77288.09;-104.87
77291.02;-104.56
77293.95;-104.87
77296.88;-104.87
77299.80;-104.72
77302.73;-104.80
77305.66;-104.64
77308.59;-104.56
77311.52;-104.56
77314.45;-104.64
77317.38;-104.33
77320.31;-104.48
77323.24;-104.72
77326.17;-104.87
77329.10;-105.11
77332.03;-105.26
77334.96;-104.87
77337.89;-105.03
77340.82;-104.87
77343.75;-104.72
77346.68;-104.87
77349.61;-104.80
77352.54;-104.80
77355.47;-104.87
77358.40;-104.95
77361.33;-104.95
77364.26;-104.87
77367.19;-104.64
77370.12;-104.41
77373.05;-104.64
77375.98;-104.87
77378.91;-104.95
77381.84;-104.95
77384.77;-104.95
77387.70;-104.64
77390.63;-104.72
77393.55;-104.72
77396.48;-104.80
77399.41;-104.64
77402.34;-104.64
77405.27;-104.87
77408.20;-104.72
77411.13;-104.56
77414.06;-104.87
77416.99;-105.11
77419.92;-104.95
77422.85;-104.72
77425.78;-104.80
77428.71;-104.95
77431.64;-104.87
77434.57;-104.80
77437.50;-104.72
77440.43;-104.72
77443.36;-104.64
77446.29;-104.48
77449.22;-104.56
77452.15;-104.72
77455.08;-105.03
77458.01;-105.03
77460.94;-105.03
77463.87;-105.03
77466.80;-104.87
77469.73;-104.87
77472.66;-104.72
77475.59;-104.64
77478.52;-104.80
77481.45;-104.87
77484.38;-104.87
77487.30;-104.80
77490.23;-104.87
77493.16;-104.87
77496.09;-104.64
77499.02;-104.95
77501.95;-104.95
77504.88;-104.64
77507.81;-104.48
77510.74;-104.80
77513.67;-105.03
77516.60;-104.72
77519.53;-104.41
77522.46;-104.41
77525.39;-104.64
77528.32;-104.80
77531.25;-104.64
77534.18;-104.33
77537.11;-104.48
77540.04;-104.64
77542.97;-104.80
77545.90;-104.80
77548.83;-104.56
77551.76;-104.56
77554.69;-104.80
77557.62;-104.80
77560.55;-104.64
77563.48;-104.48
77566.41;-104.56
77569.34;-104.64
77572.27;-104.64
77575.20;-104.64
77578.13;-104.56
77581.05;-104.64
77583.98;-105.03
77586.91;-105.03
77589.84;-104.87
77592.77;-104.87
77595.70;-104.95
77598.63;-104.72
77601.56;-104.72
77604.49;-104.72
77607.42;-104.80
77610.35;-104.80
77613.28;-104.87
77616.21;-104.95
77619.14;-105.11
77622.07;-105.11
77625.00;-104.72
77627.93;-104.80
77630.86;-104.72
77633.79;-104.87
77636.72;-104.95
77639.65;-104.80
77642.58;-104.95
77645.51;-104.80
77648.44;-104.72
77651.37;-104.95
77654.30;-104.95
77657.23;-104.64
77660.16;-104.72
77663.09;-104.64
77666.02;-104.64
77668.95;-104.87
77671.88;-104.95
77674.80;-104.87
77677.73;-104.80
77680.66;-104.95
77683.59;-104.80
77686.52;-104.87
77689.45;-104.87
77692.38;-104.87
77695.31;-104.95
77698.24;-104.80
77701.17;-104.72
77704.10;-104.80
77707.03;-104.95
77709.96;-104.95
77712.89;-104.80
77715.82;-104.72
77718.75;-104.87
77721.68;-104.72
77724.61;-104.72
77727.54;-104.72
77730.47;-104.95
77733.40;-104.87
77736.33;-104.72
77739.26;-104.80
77742.19;-104.95
77745.12;-105.26
77748.05;-105.19
77750.98;-105.03
77753.91;-105.19
77756.84;-104.95
77759.77;-104.64
77762.70;-104.87
77765.63;-104.80
77768.55;-104.87
77771.48;-104.72
77774.41;-104.80
77777.34;-104.72
77780.27;-104.64
77783.20;-104.48
77786.13;-104.56
77789.06;-104.80
77791.99;-104.87
77794.92;-104.56
77797.85;-104.64
77800.78;-104.87
77803.71;-104.80
77806.64;-104.48
77809.57;-104.64
77812.50;-104.64
77815.43;-104.64
77818.36;-104.72
77821.29;-105.03
77824.22;-104.95
77827.15;-104.95
77830.08;-105.03
77833.01;-104.72
77835.94;-104.56
77838.87;-104.56
77841.80;-104.48
77844.73;-104.64
77847.66;-105.03
77850.59;-104.95
77853.52;-104.72
77856.45;-104.72
77859.38;-104.64
77862.30;-104.48
77865.23;-104.64
77868.16;-104.80
77871.09;-104.87
77874.02;-105.11
77876.95;-104.87
77879.88;-104.56
77882.81;-104.72
77885.74;-104.80
77888.67;-104.72
77891.60;-104.87
77894.53;-105.11
77897.46;-104.72
77900.39;-104.33
77903.32;-104.48
77906.25;-104.72
77909.18;-104.72
77912.11;-105.03
77915.04;-104.95
77917.97;-104.64
77920.90;-104.87
77923.83;-104.72
77926.76;-104.64
77929.69;-104.87
77932.62;-104.95
77935.55;-104.95
77938.48;-104.80
77941.41;-104.64
77944.34;-104.64
77947.27;-104.56
77950.20;-104.72
77953.13;-104.95
77956.05;-104.64
77958.98;-104.56
77961.91;-104.64
77964.84;-104.56
77967.77;-104.80
77970.70;-104.95
77973.63;-104.87
77976.56;-104.87
77979.49;-104.87
77982.42;-104.72
77985.35;-104.48
77988.28;-104.48
77991.21;-104.80
77994.14;-104.80
77997.07;-104.72
78000.00;-105.03
78002.93;-104.80
78005.86;-104.80
78008.79;-104.87
78011.72;-104.64
78014.65;-104.87
78017.58;-105.19
78020.51;-104.95
78023.44;-104.87
78026.37;-104.87
78029.30;-104.64
78032.23;-104.56
78035.16;-104.80
78038.09;-104.87
78041.02;-104.72
78043.95;-104.87
78046.88;-105.03
78049.80;-104.87
78052.73;-105.03
78055.66;-105.11
78058.59;-104.80
78061.52;-104.87
78064.45;-105.11
78067.38;-105.11
78070.31;-104.95
78073.24;-104.80
78076.17;-104.72
78079.10;-104.80
78082.03;-104.95
78084.96;-104.87
78087.89;-105.11
78090.82;-104.95
78093.75;-104.64
78096.68;-104.64
78099.61;-104.56
78102.54;-104.72
78105.47;-104.80
78108.40;-104.80
78111.33;-104.87
78114.26;-104.87
78117.19;-104.80
78120.12;-104.95
78123.05;-104.56
78125.98;-104.80
78128.91;-104.80
78131.84;-104.56
78134.77;-104.72
78137.70;-104.87
78140.63;-105.03
78143.55;-104.95
78146.48;-105.03
78149.41;-104.87
78152.34;-104.80
78155.27;-104.72
78158.20;-104.72
78161.13;-104.87
78164.06;-104.72
78166.99;-104.80
78169.92;-104.87
78172.85;-104.56
78175.78;-104.64
78178.71;-104.80
78181.64;-104.95
78184.57;-104.72
78187.50;-104.56
78190.43;-104.80
78193.36;-104.80
78196.29;-104.56
78199.22;-104.80
78202.15;-104.80
78205.08;-104.72
78208.01;-104.80
78210.94;-104.72
78213.87;-104.48
78216.80;-104.72
78219.73;-104.64
78222.66;-104.64
78225.59;-105.03
78228.52;-105.03
78231.45;-104.95
78234.38;-104.87
78237.30;-105.11
78240.23;-105.11
78243.16;-105.11
78246.09;-104.95
78249.02;-104.80
78251.95;-104.64
78254.88;-104.64
78257.81;-104.48
78260.74;-104.48
78263.67;-104.80
78266.60;-104.80
78269.53;-104.80
78272.46;-104.64
78275.39;-104.80
78278.32;-104.72
78281.25;-104.80
78284.18;-104.95
78287.11;-104.87
78290.04;-104.41
78292.97;-104.56
78295.90;-105.11
78298.83;-105.19
78301.76;-104.87
78304.69;-104.72
78307.62;-104.87
78310.55;-105.19
78313.48;-105.19
78316.41;-104.80
78319.34;-104.80
78322.27;-105.03
78325.20;-104.95
78328.13;-104.80
78331.05;-104.64
78333.98;-104.56
78336.91;-104.95
78339.84;-104.87
78342.77;-104.87
78345.70;-104.87
78348.63;-104.80
78351.56;-104.80
78354.49;-105.19
78357.42;-104.95
78360.35;-104.72
78363.28;-104.56
78366.21;-104.72
78369.14;-104.95
78372.07;-104.64
78375.00;-104.80
78377.93;-104.87
78380.86;-104.87
78383.79;-104.95
78386.72;-104.95
78389.65;-105.03
78392.58;-104.95
78395.51;-104.80
78398.44;-104.64
78401.37;-104.48
78404.30;-104.72
78407.23;-104.72
78410.16;-104.87
78413.09;-104.95
78416.02;-104.72
78418.95;-104.72
78421.88;-104.95
78424.80;-104.95
78427.73;-104.87
78430.66;-105.11
78433.59;-104.95
78436.52;-104.95
78439.45;-105.03
78442.38;-104.95
78445.31;-104.72
78448.24;-104.56
78451.17;-104.80
78454.10;-104.95
78457.03;-104.72
78459.96;-104.48
78462.89;-104.56
78465.82;-104.72
78468.75;-104.95
78471.68;-104.72
78474.61;-104.64
78477.54;-104.72
78480.47;-104.80
78483.40;-104.87
78486.33;-104.72
78489.26;-104.56
78492.19;-104.64
78495.12;-104.72
78498.05;-104.95
78500.98;-104.87
78503.91;-105.03
78506.84;-104.95
78509.77;-104.72
78512.70;-104.87
78515.63;-104.95
78518.55;-104.95
78521.48;-104.95
78524.41;-104.64
78527.34;-104.72
78530.27;-105.03
78533.20;-105.11
78536.13;-104.87
78539.06;-104.87
78541.99;-104.80
78544.92;-104.87
78547.85;-104.72
78550.78;-104.56
78553.71;-104.80
78556.64;-104.80
78559.57;-104.87
78562.50;-104.87
78565.43;-104.95
78568.36;-104.80
78571.29;-104.95
78574.22;-105.11
78577.15;-104.95
78580.08;-104.95
78583.01;-104.56
78585.94;-104.64
78588.87;-104.64
78591.80;-104.87
78594.73;-104.72
78597.66;-104.72
78600.59;-104.80
78603.52;-104.72
78606.45;-104.80
78609.38;-104.80
78612.30;-104.80
78615.23;-104.87
78618.16;-104.80
78621.09;-104.64
78624.02;-105.03
78626.95;-105.11
78629.88;-104.56
78632.81;-104.64
78635.74;-104.72
78638.67;-104.87
78641.60;-104.64
78644.53;-104.48
78647.46;-104.72
78650.39;-104.95
78653.32;-105.03
78656.25;-104.80
78659.18;-105.11
78662.11;-104.95
78665.04;-104.72
78667.97;-104.80
78670.90;-104.87
78673.83;-104.56
78676.76;-104.72
78679.69;-104.87
78682.62;-104.80
78685.55;-104.72
78688.48;-104.80
78691.41;-104.64
78694.34;-104.80
78697.27;-104.95
78700.20;-104.87
78703.13;-104.80
78706.05;-104.56
78708.98;-104.72
78711.91;-104.87
78714.84;-105.03
78717.77;-104.95
78720.70;-104.87
78723.63;-104.72
78726.56;-104.80
78729.49;-104.87
78732.42;-104.80
78735.35;-104.72
78738.28;-104.48
78741.21;-104.80
78744.14;-104.80
78747.07;-104.56
78750.00;-104.72
78752.93;-104.64
78755.86;-104.80
78758.79;-104.64
78761.72;-104.64
78764.65;-104.64
78767.58;-104.72
78770.51;-104.72
78773.44;-104.80
78776.37;-104.87
78779.30;-104.95
78782.23;-105.19
78785.16;-105.11
78788.09;-104.80
78791.02;-104.95
78793.95;-104.95
78796.88;-104.56
78799.80;-104.33
78802.73;-104.56
78805.66;-104.41
78808.59;-104.41
78811.52;-104.72
78814.45;-104.80
78817.38;-104.72
78820.31;-104.87
78823.24;-105.03
78826.17;-104.95
78829.10;-104.95
78832.03;-104.95
78834.96;-104.95
78837.89;-104.87
78840.82;-104.80
78843.75;-104.95
78846.68;-104.80
78849.61;-104.64
78852.54;-104.72
78855.47;-104.72
78858.40;-104.72
78861.33;-104.64
78864.26;-104.80
78867.19;-104.87
78870.12;-104.64
78873.05;-104.80
78875.98;-104.80
78878.91;-104.72
78881.84;-104.95
78884.77;-105.03
78887.70;-104.87
78890.63;-104.80
78893.55;-104.72
78896.48;-104.80
78899.41;-104.87
78902.34;-104.87
78905.27;-104.80
78908.20;-104.80
78911.13;-104.64
78914.06;-104.72
78916.99;-104.64
78919.92;-104.64
78922.85;-104.48
78925.78;-104.41
78928.71;-105.11
78931.64;-104.80
78934.57;-104.56
78937.50;-104.80
78940.43;-104.87
78943.36;-104.72
78946.29;-104.95
78949.22;-104.95
78952.15;-105.11
78955.08;-105.19
78958.01;-104.95
78960.94;-104.64
78963.87;-104.87
78966.80;-104.95
78969.73;-104.72
78972.66;-104.80
78975.59;-104.80
78978.52;-105.11
78981.45;-105.03
78984.38;-104.72
78987.30;-104.80
78990.23;-104.80
78993.16;-104.80
78996.09;-104.80
78999.02;-104.95
79001.95;-104.87
79004.88;-105.19
79007.81;-105.34
79010.74;-104.95
79013.67;-104.80
79016.60;-105.03
79019.53;-104.87
79022.46;-104.80
79025.39;-104.72
79028.32;-104.80
79031.25;-104.72
79034.18;-104.56
79037.11;-104.64
79040.04;-104.72
79042.97;-104.64
79045.90;-104.72
79048.83;-104.72
79051.76;-104.56
79054.69;-104.64
79057.62;-104.95
79060.55;-105.11
79063.48;-104.95
79066.41;-105.03
79069.34;-105.03
79072.27;-104.95
79075.20;-104.95
79078.13;-104.87
79081.05;-104.80
79083.98;-104.87
79086.91;-104.87
79089.84;-105.03
79092.77;-104.95
79095.70;-104.80
79098.63;-104.95
79101.56;-104.80
79104.49;-104.72
79107.42;-104.87
79110.35;-104.87
79113.28;-104.80
79116.21;-104.64
79119.14;-104.87
79122.07;-104.95
79125.00;-104.72
79127.93;-104.95
79130.86;-104.95
79133.79;-105.03
79136.72;-104.95
79139.65;-104.80
79142.58;-104.80
79145.51;-104.87
79148.44;-104.87
79151.37;-104.80
79154.30;-104.87
79157.23;-105.11
79160.16;-104.80
79163.09;-104.56
79166.02;-104.41
79168.95;-104.72
79171.88;-104.64
79174.80;-104.41
79177.73;-104.80
79180.66;-104.95
79183.59;-105.11
79186.52;-104.87
79189.45;-104.87
79192.38;-105.11
79195.31;-104.95
79198.24;-104.72
79201.17;-104.72
79204.10;-104.72
79207.03;-104.95
79209.96;-104.95
79212.89;-104.56
79215.82;-104.56
79218.75;-104.48
79221.68;-104.87
79224.61;-104.95
79227.54;-104.72
79230.47;-104.72
79233.40;-104.64
79236.33;-104.80
79239.26;-104.87
79242.19;-104.80
79245.12;-104.80
79248.05;-104.64
79250.98;-104.87
79253.91;-104.64
79256.84;-104.72
79259.77;-104.87
79262.70;-104.95
79265.63;-104.80
79268.55;-104.72
79271.48;-104.64
79274.41;-104.87
79277.34;-104.64
79280.27;-104.56
79283.20;-104.72
79286.13;-104.56
79289.06;-104.72
79291.99;-105.03
79294.92;-105.11
79297.85;-105.03
79300.78;-104.80
79303.71;-104.80
79306.64;-104.95
79309.57;-104.95
79312.50;-104.72
79315.43;-104.95
79318.36;-105.03
79321.29;-105.19
79324.22;-104.87
79327.15;-104.72
79330.08;-104.56
79333.01;-104.41
79335.94;-104.72
79338.87;-105.19
79341.80;-105.34
79344.73;-105.11
79347.66;-104.80
79350.59;-104.56
79353.52;-104.72
79356.45;-104.72
79359.38;-104.56
79362.30;-104.80
79365.23;-104.72
79368.16;-104.72
79371.09;-104.87
79374.02;-104.72
79376.95;-104.56
79379.88;-104.64
79382.81;-104.64
79385.74;-104.64
79388.67;-104.48
79391.60;-104.72
79394.53;-104.87
79397.46;-104.95
79400.39;-105.34
79403.32;-105.03
79406.25;-104.80
79409.18;-104.56
79412.11;-104.48
79415.04;-104.56
79417.97;-104.64
79420.90;-104.95
79423.83;-104.80
79426.76;-104.87
79429.69;-105.11
79432.62;-105.03
79435.55;-104.87
79438.48;-104.87
79441.41;-105.03
79444.34;-104.95
79447.27;-105.11
79450.20;-105.11
79453.13;-104.87
79456.05;-104.80
79458.98;-104.80
79461.91;-104.64
79464.84;-104.72
79467.77;-104.80
79470.70;-104.72
79473.63;-104.87
79476.56;-104.87
79479.49;-104.95
79482.42;-104.95
79485.35;-104.87
79488.28;-104.95
79491.21;-105.26
79494.14;-104.95
79497.07;-104.72
79500.00;-104.64
79502.93;-104.80
79505.86;-104.72
79508.79;-105.03
79511.72;-104.87
79514.65;-104.80
79517.58;-105.11
79520.51;-105.11
79523.44;-104.95
79526.37;-105.11
79529.30;-104.87
79532.23;-104.80
79535.16;-104.95
79538.09;-104.87
79541.02;-104.72
79543.95;-104.80
79546.88;-104.87
79549.80;-104.95
79552.73;-104.95
79555.66;-104.64
79558.59;-104.64
79561.52;-104.80
79564.45;-104.72
79567.38;-104.80
79570.31;-105.03
79573.24;-104.80
79576.17;-104.80
79579.10;-104.72
79582.03;-104.87
79584.96;-104.95
79587.89;-104.87
79590.82;-104.95
79593.75;-105.19
79596.68;-104.95
79599.61;-104.72
79602.54;-104.80
79605.47;-105.11
79608.40;-104.95
79611.33;-104.80
79614.26;-104.64
79617.19;-104.64
79620.12;-104.87
79623.05;-104.80
79625.98;-104.64
79628.91;-104.72
79631.84;-104.95
79634.77;-105.11
79637.70;-105.19
79640.63;-105.03
79643.55;-104.80
79646.48;-104.87
79649.41;-105.03
79652.34;-104.80
79655.27;-104.80
79658.20;-104.95
79661.13;-104.95
79664.06;-105.11
79666.99;-104.87
79669.92;-104.80
79672.85;-105.11
79675.78;-104.80
79678.71;-104.72
79681.64;-104.87
79684.57;-105.19
79687.50;-105.19
79690.43;-104.87
79693.36;-104.87
79696.29;-105.03
79699.22;-104.95
79702.15;-104.80
79705.08;-104.56
79708.01;-104.72
79710.94;-104.87
79713.87;-104.80
79716.80;-104.80
79719.73;-104.80
79722.66;-104.80
79725.59;-104.87
79728.52;-104.64
79731.45;-104.64
79734.38;-104.64
79737.30;-104.80
79740.23;-104.87
79743.16;-104.64
79746.09;-104.64
79749.02;-104.95
79751.95;-104.87
79754.88;-104.64
79757.81;-104.48
79760.74;-104.80
79763.67;-105.11
79766.60;-105.11
79769.53;-105.19
79772.46;-104.95
79775.39;-104.87
79778.32;-104.87
79781.25;-104.72
79784.18;-104.72
79787.11;-104.95
79790.04;-105.19
79792.97;-105.19
79795.90;-105.03
79798.83;-104.95
79801.76;-105.03
79804.69;-104.87
79807.62;-104.64
79810.55;-104.80
79813.48;-104.95
79816.41;-105.03
79819.34;-105.11
79822.27;-104.95
79825.20;-104.80
79828.13;-104.72
79831.05;-104.64
79833.98;-104.95
79836.91;-105.11
79839.84;-105.03
79842.77;-105.11
79845.70;-104.87
79848.63;-104.72
79851.56;-104.87
79854.49;-105.03
79857.42;-104.87
79860.35;-104.64
79863.28;-104.48
79866.21;-104.64
79869.14;-104.72
79872.07;-104.72
79875.00;-104.72
79877.93;-104.87
79880.86;-104.95
79883.79;-104.80
79886.72;-104.72
79889.65;-104.56
79892.58;-104.56
79895.51;-104.87
79898.44;-105.03
79901.37;-104.80
79904.30;-104.72
79907.23;-104.72
79910.16;-105.03
79913.09;-105.03
79916.02;-105.03
79918.95;-104.87
79921.88;-104.72
79924.80;-104.80
79927.73;-104.87
79930.66;-104.95
79933.59;-104.87
79936.52;-105.11
79939.45;-104.95
79942.38;-104.87
79945.31;-104.80
79948.24;-105.03
79951.17;-104.80
79954.10;-104.33
79957.03;-104.41
79959.96;-104.64
79962.89;-104.56
79965.82;-104.80
79968.75;-105.03
79971.68;-104.80
79974.61;-104.72
79977.54;-104.64
79980.47;-104.64
79983.40;-104.80
79986.33;-104.87
79989.26;-104.87
79992.19;-104.80
79995.12;-104.95
79998.05;-104.95
80000.98;-104.95
80003.91;-104.87
80006.84;-104.87
80009.77;-105.03
80012.70;-105.11
80015.63;-105.03
80018.55;-105.11
80021.48;-104.87
80024.41;-104.64
80027.34;-104.95
80030.27;-105.26
80033.20;-104.87
80036.13;-104.64
80039.06;-105.03
80041.99;-105.11
80044.92;-105.03
80047.85;-104.87
80050.78;-105.03
80053.71;-105.26
80056.64;-105.26
80059.57;-105.03
80062.50;-105.19
80065.43;-104.80
80068.36;-104.72
80071.29;-104.95
80074.22;-104.87
80077.15;-104.87
80080.08;-104.64
80083.01;-104.87
80085.94;-104.87
80088.87;-104.80
80091.80;-104.87
80094.73;-104.87
80097.66;-105.03
80100.59;-104.72
80103.52;-104.80
80106.45;-104.95
80109.38;-104.72
80112.30;-104.95
80115.23;-104.95
80118.16;-104.95
80121.09;-105.03
80124.02;-104.87
80126.95;-104.95
80129.88;-105.11
80132.81;-104.95
80135.74;-104.80
80138.67;-104.87
80141.60;-105.03
80144.53;-105.03
80147.46;-104.80
80150.39;-104.72
80153.32;-104.80
80156.25;-105.03
80159.18;-105.11
80162.11;-104.95
80165.04;-104.80
80167.97;-105.11
80170.90;-105.03
80173.83;-105.03
80176.76;-104.95
80179.69;-104.87
80182.62;-104.64
80185.55;-104.72
80188.48;-105.03
80191.41;-104.95
80194.34;-105.11
80197.27;-105.26
80200.20;-104.87
80203.13;-104.72
80206.05;-104.25
80208.98;-104.41
80211.91;-105.03
80214.84;-105.11
80217.77;-104.80
80220.70;-104.87
80223.63;-105.19
80226.56;-104.95
80229.49;-104.80
80232.42;-104.87
80235.35;-104.87
80238.28;-104.80
80241.21;-104.72
80244.14;-105.11
80247.07;-105.26
80250.00;-104.95
80252.93;-104.72
80255.86;-104.80
80258.79;-104.72
80261.72;-104.80
80264.65;-104.80
80267.58;-104.87
80270.51;-104.80
80273.44;-104.72
80276.37;-104.80
80279.30;-104.72
80282.23;-104.72
80285.16;-104.87
80288.09;-105.11
80291.02;-105.03
80293.95;-105.26
80296.88;-104.95
80299.80;-104.56
80302.73;-104.48
80305.66;-104.72
80308.59;-105.11
80311.52;-104.95
80314.45;-104.72
80317.38;-104.72
80320.31;-104.80
80323.24;-105.03
80326.17;-104.87
80329.10;-104.95
80332.03;-104.64
80334.96;-104.64
80337.89;-104.87
80340.82;-104.80
80343.75;-104.72
80346.68;-104.95
80349.61;-104.87
80352.54;-104.80
80355.47;-104.87
80358.40;-104.80
80361.33;-105.03
80364.26;-104.87
80367.19;-104.80
80370.12;-104.80
80373.05;-104.72
80375.98;-104.80
80378.91;-104.64
80381.84;-104.95
80384.77;-105.34
80387.70;-104.95
80390.63;-104.80
80393.55;-104.87
80396.48;-104.56
80399.41;-104.72
80402.34;-104.80
80405.27;-105.03
80408.20;-105.03
80411.13;-104.80
80414.06;-104.80
80416.99;-105.03
80419.92;-104.80
80422.85;-104.95
80425.78;-104.87
80428.71;-104.80
80431.64;-104.80
80434.57;-104.72
80437.50;-104.80
80440.43;-105.11
80443.36;-104.95
80446.29;-104.72
80449.22;-104.95
80452.15;-104.80
80455.08;-104.87
80458.01;-105.11
80460.94;-104.95
80463.87;-104.95
80466.80;-104.80
80469.73;-104.80
80472.66;-104.56
80475.59;-104.72
80478.52;-104.80
80481.45;-104.95
80484.38;-104.95
80487.30;-104.80
80490.23;-104.64
80493.16;-104.80
80496.09;-104.95
80499.02;-104.80
80501.95;-104.80
80504.88;-104.80
80507.81;-104.48
80510.74;-104.72
80513.67;-104.95
80516.60;-105.03
80519.53;-104.95
80522.46;-104.95
80525.39;-105.03
80528.32;-105.11
80531.25;-105.42
80534.18;-105.11
80537.11;-104.80
80540.04;-104.80
80542.97;-104.95
80545.90;-104.87
80548.83;-104.87
80551.76;-104.87
80554.69;-104.95
80557.62;-104.80
80560.55;-104.56
80563.48;-104.87
80566.41;-105.03
80569.34;-105.03
80572.27;-104.95
80575.20;-104.95
80578.13;-104.87
80581.05;-104.95
80583.98;-105.03
80586.91;-104.87
80589.84;-104.72
80592.77;-104.87
80595.70;-104.95
80598.63;-104.87
80601.56;-104.80
80604.49;-104.72
80607.42;-104.80
80610.35;-104.87
80613.28;-104.72
80616.21;-104.33
80619.14;-104.80
80622.07;-104.95
80625.00;-104.87
80627.93;-104.64
80630.86;-105.19
80633.79;-105.19
80636.72;-104.87
80639.65;-104.72
80642.58;-105.03
80645.51;-105.11
80648.44;-104.95
80651.37;-104.72
80654.30;-104.64
80657.23;-104.64
80660.16;-104.80
80663.09;-104.87
80666.02;-104.95
80668.95;-104.87
80671.88;-104.87
80674.80;-104.72
80677.73;-105.03
80680.66;-105.03
80683.59;-104.95
80686.52;-104.87
80689.45;-104.95
80692.38;-104.80
80695.31;-104.48
80698.24;-104.72
80701.17;-105.03
80704.10;-105.03
80707.03;-104.72
80709.96;-104.72
80712.89;-105.03
80715.82;-105.03
80718.75;-104.87
80721.68;-104.80
80724.61;-104.72
80727.54;-104.80
80730.47;-104.64
80733.40;-104.72
80736.33;-104.72
80739.26;-104.80
80742.19;-104.80
80745.12;-104.87
80748.05;-105.11
80750.98;-105.19
80753.91;-105.03
80756.84;-104.95
80759.77;-104.72
80762.70;-104.64
80765.63;-104.87
80768.55;-105.03
80771.48;-104.80
80774.41;-104.72
80777.34;-104.80
80780.27;-104.87
80783.20;-105.03
80786.13;-105.03
80789.06;-104.80
80791.99;-105.03
80794.92;-105.26
80797.85;-105.03
80800.78;-104.95
80803.71;-105.03
80806.64;-104.87
80809.57;-105.03
80812.50;-105.19
80815.43;-104.95
80818.36;-105.11
80821.29;-104.80
80824.22;-104.80
80827.15;-104.72
80830.08;-104.64
80833.01;-104.64
80835.94;-104.64
80838.87;-104.80
80841.80;-104.95
80844.73;-104.72
80847.66;-104.64
80850.59;-104.80
80853.52;-104.80
80856.45;-105.03
80859.38;-105.19
80862.30;-105.11
80865.23;-105.03
80868.16;-104.95
80871.09;-104.80
80874.02;-105.11
80876.95;-105.03
80879.88;-104.80
80882.81;-104.72
80885.74;-104.80
80888.67;-105.11
80891.60;-105.03
80894.53;-105.19
80897.46;-105.19
80900.39;-104.72
80903.32;-104.80
80906.25;-104.87
80909.18;-104.80
80912.11;-104.72
80915.04;-104.95
80917.97;-104.95
80920.90;-105.03
80923.83;-105.11
80926.76;-104.80
80929.69;-104.72
80932.62;-105.11
80935.55;-105.11
80938.48;-104.87
80941.41;-105.03
80944.34;-104.95
80947.27;-104.80
80950.20;-104.56
80953.13;-104.87
80956.05;-104.87
80958.98;-105.03
80961.91;-105.11
80964.84;-105.03
80967.77;-105.19
80970.70;-105.11
80973.63;-104.87
80976.56;-104.95
80979.49;-104.95
80982.42;-104.80
80985.35;-104.72
80988.28;-104.56
80991.21;-104.64
80994.14;-104.72
80997.07;-104.80
81000.00;-104.80
81002.93;-104.95
81005.86;-104.87
81008.79;-104.72
81011.72;-105.03
81014.65;-105.03
81017.58;-104.95
81020.51;-105.03
81023.44;-104.95
81026.37;-104.72
81029.30;-104.72
81032.23;-105.11
81035.16;-105.11
81038.09;-105.11
81041.02;-104.80
81043.95;-104.64
81046.88;-104.56
81049.80;-104.64
81052.73;-104.87
81055.66;-104.64
81058.59;-104.80
81061.52;-105.03
81064.45;-104.80
81067.38;-104.80
81070.31;-104.87
81073.24;-104.80
81076.17;-104.72
81079.10;-104.80
81082.03;-104.80
81084.96;-104.72
81087.89;-104.80
81090.82;-104.80
81093.75;-104.64
81096.68;-104.87
81099.61;-104.72
81102.54;-104.80
81105.47;-104.95
81108.40;-104.95
81111.33;-105.11
81114.26;-104.80
81117.19;-104.72
81120.12;-104.72
81123.05;-104.72
81125.98;-104.64
81128.91;-104.95
81131.84;-104.87
81134.77;-105.11
81137.70;-105.11
81140.63;-104.95
81143.55;-104.87
81146.48;-104.87
81149.41;-105.03
81152.34;-105.03
81155.27;-105.03
81158.20;-105.19
81161.13;-105.03
81164.06;-104.64
81166.99;-104.64
81169.92;-104.95
81172.85;-104.87
81175.78;-104.64
81178.71;-104.95
81181.64;-104.87
81184.57;-104.72
81187.50;-104.95
81190.43;-105.03
81193.36;-104.95
81196.29;-104.95
81199.22;-104.72
81202.15;-104.95
81205.08;-105.34
81208.01;-105.26
81210.94;-105.03
81213.87;-104.56
81216.80;-104.80
81219.73;-104.95
81222.66;-105.11
81225.59;-105.11
81228.52;-104.80
81231.45;-104.80
81234.38;-104.80
81237.30;-104.95
81240.23;-105.03
81243.16;-104.95
81246.09;-104.72
81249.02;-104.80
81251.95;-104.80
81254.88;-104.80
81257.81;-104.72
81260.74;-104.80
81263.67;-104.95
81266.60;-105.11
81269.53;-104.87
81272.46;-105.03
81275.39;-105.34
81278.32;-105.42
81281.25;-105.26
81284.18;-105.03
81287.11;-105.19
81290.04;-104.87
81292.97;-104.56
81295.90;-104.56
81298.83;-104.87
81301.76;-104.80
81304.69;-104.72
81307.62;-104.80
81310.55;-105.11
81313.48;-104.95
81316.41;-104.80
81319.34;-104.72
81322.27;-104.87
81325.20;-105.11
81328.13;-104.95
81331.05;-104.80
81333.98;-104.95
81336.91;-104.80
81339.84;-104.80
81342.77;-104.80
81345.70;-105.03
81348.63;-105.03
81351.56;-104.95
81354.49;-104.87
81357.42;-105.03
81360.35;-104.95
81363.28;-104.87
81366.21;-104.95
81369.14;-104.87
81372.07;-105.11
81375.00;-105.11
81377.93;-105.03
81380.86;-104.87
81383.79;-104.80
81386.72;-105.03
81389.65;-105.03
81392.58;-105.26
81395.51;-104.95
81398.44;-104.64
81401.37;-104.56
81404.30;-104.41
81407.23;-104.72
81410.16;-104.95
81413.09;-104.95
81416.02;-105.11
81418.95;-105.11
81421.88;-104.87
81424.80;-105.03
81427.73;-105.03
81430.66;-104.80
81433.59;-104.72
81436.52;-104.87
81439.45;-104.87
81442.38;-104.87
81445.31;-104.80
81448.24;-104.64
81451.17;-104.80
81454.10;-104.95
81457.03;-104.80
81459.96;-104.64
81462.89;-104.64
81465.82;-104.56
81468.75;-104.56
81471.68;-104.80
81474.61;-104.87
81477.54;-104.80
81480.47;-104.64
81483.40;-105.03
81486.33;-105.19
81489.26;-104.87
81492.19;-104.95
81495.12;-104.80
81498.05;-104.95
81500.98;-105.03
81503.91;-104.87
81506.84;-104.95
81509.77;-105.03
81512.70;-104.72
81515.63;-104.72
81518.55;-104.80
81521.48;-104.95
81524.41;-105.19
81527.34;-105.11
81530.27;-104.95
81533.20;-104.72
81536.13;-104.87
81539.06;-104.87
81541.99;-104.72
81544.92;-104.80
81547.85;-104.72
81550.78;-104.87
81553.71;-104.95
81556.64;-104.87
81559.57;-105.11
81562.50;-105.26
81565.43;-105.42
81568.36;-105.11
81571.29;-104.72
81574.22;-104.95
81577.15;-105.03
81580.08;-104.87
81583.01;-104.72
81585.94;-104.72
81588.87;-104.87
81591.80;-104.95
81594.73;-104.95
81597.66;-105.11
81600.59;-104.87
81603.52;-104.80
81606.45;-105.11
81609.38;-105.34
81612.30;-105.19
81615.23;-104.95
81618.16;-105.11
81621.09;-105.26
81624.02;-105.11
81626.95;-104.64
81629.88;-104.64
81632.81;-105.11
81635.74;-105.03
81638.67;-104.95
81641.60;-105.03
81644.53;-105.26
81647.46;-105.19
81650.39;-105.03
81653.32;-105.03
81656.25;-105.11
81659.18;-104.95
81662.11;-105.03
81665.04;-105.11
81667.97;-105.11
81670.90;-104.95
81673.83;-105.11
81676.76;-105.03
81679.69;-104.80
81682.62;-104.80
81685.55;-104.80
81688.48;-104.56
81691.41;-104.48
81694.34;-104.56
81697.27;-104.80
81700.20;-104.87
81703.13;-104.80
81706.05;-104.80
81708.98;-104.64
81711.91;-104.80
81714.84;-104.95
81717.77;-105.03
81720.70;-105.11
81723.63;-104.80
81726.56;-104.87
81729.49;-105.19
81732.42;-104.95
81735.35;-104.87
81738.28;-104.80
81741.21;-104.95
81744.14;-105.03
81747.07;-105.03
81750.00;-105.03
81752.93;-105.26
81755.86;-105.03
81758.79;-105.03
81761.72;-104.80
81764.65;-104.72
81767.58;-104.95
81770.51;-104.95
81773.44;-105.03
81776.37;-105.03
81779.30;-104.87
81782.23;-105.03
81785.16;-105.03
81788.09;-104.80
81791.02;-104.87
81793.95;-104.95
81796.88;-105.03
81799.80;-104.95
81802.73;-105.03
81805.66;-105.19
81808.59;-104.87
81811.52;-105.03
81814.45;-104.87
81817.38;-105.03
81820.31;-105.11
81823.24;-105.03
81826.17;-104.95
81829.10;-105.03
81832.03;-105.03
81834.96;-105.19
81837.89;-105.03
81840.82;-104.80
81843.75;-104.56
81846.68;-104.72
81849.61;-104.95
81852.54;-105.03
81855.47;-104.72
81858.40;-104.48
81861.33;-104.80
81864.26;-105.11
81867.19;-104.87
81870.12;-104.87
81873.05;-105.03
81875.98;-104.95
81878.91;-105.11
81881.84;-105.11
81884.77;-104.87
81887.70;-104.80
81890.63;-104.72
81893.55;-104.72
81896.48;-104.87
81899.41;-104.87
81902.34;-104.64
81905.27;-104.80
81908.20;-104.80
81911.13;-104.87
81914.06;-105.26
81916.99;-105.19
81919.92;-105.03
81922.85;-104.72
81925.78;-104.56
81928.71;-104.56
81931.64;-104.80
81934.57;-104.95
81937.50;-104.95
81940.43;-104.95
81943.36;-104.87
81946.29;-105.03
81949.22;-104.87
81952.15;-104.72
81955.08;-104.80
81958.01;-104.95
81960.94;-104.64
81963.87;-104.80
81966.80;-104.87
81969.73;-104.56
81972.66;-104.72
81975.59;-104.87
81978.52;-105.03
81981.45;-104.87
81984.38;-104.95
81987.30;-104.87
81990.23;-104.87
81993.16;-104.72
81996.09;-104.56
81999.02;-104.80
82001.95;-104.72
82004.88;-104.72
82007.81;-104.87
82010.74;-104.80
82013.67;-104.95
82016.60;-105.19
82019.53;-104.95
82022.46;-104.72
82025.39;-104.72
82028.32;-104.64
82031.25;-104.80
82034.18;-104.87
82037.11;-104.72
82040.04;-104.64
82042.97;-104.87
82045.90;-104.87
82048.83;-104.64
82051.76;-104.72
82054.69;-104.95
82057.62;-105.42
82060.55;-105.03
82063.48;-104.80
82066.41;-104.87
82069.34;-104.72
82072.27;-104.56
82075.20;-104.72
82078.13;-104.80
82081.05;-104.72
82083.98;-104.64
82086.91;-104.87
82089.84;-104.87
82092.77;-104.87
82095.70;-104.56
82098.63;-104.56
82101.56;-104.80
82104.49;-104.87
82107.42;-104.80
82110.35;-104.80
82113.28;-104.95
82116.21;-105.11
82119.14;-105.11
82122.07;-104.87
82125.00;-104.95
82127.93;-104.87
82130.86;-104.72
82133.79;-104.87
82136.72;-105.11
82139.65;-105.03
82142.58;-104.95
82145.51;-104.72
82148.44;-104.72
82151.37;-104.72
82154.30;-104.80
82157.23;-105.11
82160.16;-105.03
82163.09;-104.87
82166.02;-104.87
82168.95;-104.95
82171.88;-104.87
82174.80;-104.80
82177.73;-104.80
82180.66;-104.72
82183.59;-104.72
82186.52;-104.87
82189.45;-105.03
82192.38;-104.95
82195.31;-105.03
82198.24;-104.72
82201.17;-104.72
82204.10;-104.87
82207.03;-104.95
82209.96;-104.95
82212.89;-104.80
82215.82;-105.03
82218.75;-105.03
82221.68;-104.87
82224.61;-104.80
82227.54;-104.72
82230.47;-104.72
82233.40;-104.72
82236.33;-104.87
82239.26;-105.03
82242.19;-104.80
82245.12;-104.64
82248.05;-104.95
82250.98;-104.87
82253.91;-104.80
82256.84;-105.11
82259.77;-105.03
82262.70;-104.80
82265.63;-104.72
82268.55;-104.64
82271.48;-104.64
82274.41;-104.95
82277.34;-105.19
82280.27;-105.03
82283.20;-104.72
82286.13;-104.80
82289.06;-104.95
82291.99;-104.87
82294.92;-104.87
82297.85;-105.03
82300.78;-105.11
82303.71;-104.95
82306.64;-104.87
82309.57;-104.87
82312.50;-104.72
82315.43;-104.80
82318.36;-104.87
82321.29;-104.72
82324.22;-104.72
82327.15;-104.72
82330.08;-104.56
82333.01;-105.03
82335.94;-104.87
82338.87;-104.64
82341.80;-104.95
82344.73;-104.95
82347.66;-105.03
82350.59;-105.03
82353.52;-105.26
82356.45;-104.87
82359.38;-104.80
82362.30;-104.87
82365.23;-104.95
82368.16;-104.95
82371.09;-104.80
82374.02;-104.95
82376.95;-105.03
82379.88;-105.11
82382.81;-105.26
82385.74;-105.03
82388.67;-104.80
82391.60;-104.72
82394.53;-104.95
82397.46;-104.87
82400.39;-104.87
82403.32;-104.72
82406.25;-105.11
82409.18;-105.11
82412.11;-105.11
82415.04;-104.87
82417.97;-104.87
82420.90;-105.19
82423.83;-104.87
82426.76;-104.72
82429.69;-104.64
82432.62;-104.64
82435.55;-104.80
82438.48;-104.56
82441.41;-104.48
82444.34;-104.80
82447.27;-104.80
82450.20;-104.95
82453.13;-104.87
82456.05;-104.95
82458.98;-105.11
82461.91;-104.95
82464.84;-105.03
82467.77;-105.11
82470.70;-104.80
82473.63;-104.56
82476.56;-104.56
82479.49;-104.80
82482.42;-104.72
82485.35;-104.80
82488.28;-104.87
82491.21;-104.80
82494.14;-104.87
82497.07;-104.95
82500.00;-104.87
82502.93;-104.80
82505.86;-104.87
82508.79;-104.80
82511.72;-104.95
82514.65;-105.03
82517.58;-105.19
82520.51;-105.26
82523.44;-104.95
82526.37;-104.80
82529.30;-104.87
82532.23;-104.95
82535.16;-105.03
82538.09;-104.95
82541.02;-104.80
82543.95;-104.87
82546.88;-105.03
82549.80;-104.80
82552.73;-104.80
82555.66;-104.64
82558.59;-104.80
82561.52;-104.87
82564.45;-105.11
82567.38;-104.87
82570.31;-104.95
82573.24;-105.03
82576.17;-104.64
82579.10;-104.64
82582.03;-104.87
82584.96;-105.26
82587.89;-105.19
82590.82;-104.87
82593.75;-104.95
82596.68;-104.95
82599.61;-104.87
82602.54;-104.80
82605.47;-104.72
82608.40;-104.87
82611.33;-104.95
82614.26;-104.95
82617.19;-105.03
82620.12;-104.95
82623.05;-104.80
82625.98;-104.80
82628.91;-104.80
82631.84;-104.72
82634.77;-104.80
82637.70;-105.19
82640.63;-105.03
82643.55;-105.03
82646.48;-105.11
82649.41;-104.95
82652.34;-104.95
82655.27;-105.11
82658.20;-104.87
82661.13;-104.95
82664.06;-104.87
82666.99;-104.64
82669.92;-104.80
82672.85;-104.95
82675.78;-104.87
82678.71;-104.95
82681.64;-104.95
82684.57;-104.87
82687.50;-105.19
82690.43;-104.87
82693.36;-104.87
82696.29;-105.11
82699.22;-105.11
82702.15;-104.87
82705.08;-104.56
82708.01;-104.72
82710.94;-105.11
82713.87;-105.26
82716.80;-105.26
82719.73;-104.95
82722.66;-104.87
82725.59;-104.95
82728.52;-105.26
82731.45;-104.95
82734.38;-104.80
82737.30;-104.95
82740.23;-105.03
82743.16;-104.95
82746.09;-105.03
82749.02;-105.11
82751.95;-105.19
82754.88;-105.19
82757.81;-105.11
82760.74;-105.03
82763.67;-104.64
82766.60;-104.72
82769.53;-104.80
82772.46;-104.80
82775.39;-104.87
82778.32;-105.03
82781.25;-104.95
82784.18;-105.03
82787.11;-105.11
82790.04;-105.26
82792.97;-105.26
82795.90;-104.80
82798.83;-105.11
82801.76;-105.03
82804.69;-104.64
82807.62;-104.72
82810.55;-104.64
82813.48;-104.87
82816.41;-105.11
82819.34;-105.19
82822.27;-104.95
82825.20;-104.95
82828.13;-104.80
82831.05;-104.48
82833.98;-104.48
82836.91;-104.56
82839.84;-104.95
82842.77;-105.11
82845.70;-105.11
82848.63;-104.95
82851.56;-105.11
82854.49;-105.11
82857.42;-104.80
82860.35;-104.80
82863.28;-105.03
82866.21;-105.19
82869.14;-104.87
82872.07;-104.72
82875.00;-104.64
82877.93;-104.87
82880.86;-105.19
82883.79;-105.03
82886.72;-105.11
82889.65;-105.11
82892.58;-105.03
82895.51;-104.80
82898.44;-105.03
82901.37;-104.80
82904.30;-104.64
82907.23;-104.72
82910.16;-104.95
82913.09;-105.11
82916.02;-105.26
82918.95;-105.26
82921.88;-105.42
82924.80;-105.34
82927.73;-105.11
82930.66;-104.95
82933.59;-104.80
82936.52;-104.80
82939.45;-105.11
82942.38;-105.03
82945.31;-104.80
82948.24;-104.87
82951.17;-104.64
82954.10;-104.95
82957.03;-105.19
82959.96;-104.80
82962.89;-104.87
82965.82;-105.11
82968.75;-104.95
82971.68;-104.87
82974.61;-105.03
82977.54;-104.95
82980.47;-105.03
82983.40;-105.03
82986.33;-105.11
82989.26;-104.87
82992.19;-104.72
82995.12;-104.64
82998.05;-104.72
83000.98;-104.95
83003.91;-104.87
83006.84;-104.72
83009.77;-104.87
83012.70;-104.80
83015.63;-104.72
83018.55;-104.72
83021.48;-104.95
83024.41;-104.80
83027.34;-104.87
83030.27;-104.95
83033.20;-105.03
83036.13;-105.19
83039.06;-104.64
83041.99;-104.72
83044.92;-104.80
83047.85;-104.95
83050.78;-105.11
83053.71;-104.95
83056.64;-104.80
83059.57;-104.87
83062.50;-105.03
83065.43;-105.11
83068.36;-104.87
83071.29;-104.72
83074.22;-104.87
83077.15;-104.95
83080.08;-104.95
83083.01;-105.19
83085.94;-105.03
83088.87;-104.80
83091.80;-104.64
83094.73;-104.80
83097.66;-105.19
83100.59;-104.87
83103.52;-104.72
83106.45;-104.72
83109.38;-104.80
83112.30;-105.03
83115.23;-105.11
83118.16;-105.11
83121.09;-104.95
83124.02;-105.11
83126.95;-105.11
83129.88;-104.95
83132.81;-105.03
83135.74;-105.26
83138.67;-104.95
83141.60;-104.80
83144.53;-104.87
83147.46;-104.95
83150.39;-105.19
83153.32;-105.11
83156.25;-105.11
83159.18;-104.80
83162.11;-105.11
83165.04;-105.11
83167.97;-104.87
83170.90;-105.03
83173.83;-105.11
83176.76;-105.26
83179.69;-104.95
83182.62;-104.64
83185.55;-104.80
83188.48;-105.03
83191.41;-105.11
83194.34;-105.19
83197.27;-104.87
83200.20;-105.03
83203.13;-105.03
83206.05;-104.95
83208.98;-104.95
83211.91;-105.03
83214.84;-104.80
83217.77;-104.80
83220.70;-104.87
83223.63;-104.95
83226.56;-104.87
83229.49;-105.03
83232.42;-105.03
83235.35;-105.19
83238.28;-104.80
83241.21;-104.80
83244.14;-105.03
83247.07;-104.95
83250.00;-104.95
83252.93;-105.19
83255.86;-105.19
83258.79;-104.87
83261.72;-105.03
83264.65;-105.03
83267.58;-104.95
83270.51;-105.03
83273.44;-105.26
83276.37;-104.95
83279.30;-104.80
83282.23;-104.95
83285.16;-104.95
83288.09;-105.03
83291.02;-104.87
83293.95;-104.80
83296.88;-104.64
83299.80;-104.87
83302.73;-104.95
83305.66;-104.80
83308.59;-104.95
83311.52;-104.95
83314.45;-104.80
83317.38;-104.80
83320.31;-104.80
83323.24;-104.87
83326.17;-105.03
83329.10;-104.87
83332.03;-104.72
83334.96;-104.80
83337.89;-104.72
83340.82;-104.72
83343.75;-104.87
83346.68;-105.11
83349.61;-105.11
83352.54;-104.87
83355.47;-104.56
83358.40;-104.80
83361.33;-104.80
83364.26;-104.95
83367.19;-105.26
83370.12;-105.11
83373.05;-104.80
83375.98;-104.95
83378.91;-105.26
83381.84;-105.19
83384.77;-105.03
83387.70;-105.11
83390.63;-105.03
83393.55;-105.19
83396.48;-105.03
83399.41;-105.03
83402.34;-105.03
83405.27;-105.03
83408.20;-105.03
83411.13;-104.95
83414.06;-104.80
83416.99;-104.87
83419.92;-104.80
83422.85;-104.72
83425.78;-104.87
83428.71;-105.03
83431.64;-105.03
83434.57;-105.03
83437.50;-105.19
83440.43;-104.87
83443.36;-104.95
83446.29;-104.87
83449.22;-104.87
83452.15;-105.11
83455.08;-104.87
83458.01;-104.87
83460.94;-104.87
83463.87;-105.34
83466.80;-105.19
83469.73;-104.95
83472.66;-104.87
83475.59;-105.03
83478.52;-105.03
83481.45;-105.03
83484.38;-104.87
83487.30;-104.95
83490.23;-104.95
83493.16;-105.03
83496.09;-105.26
83499.02;-105.19
83501.95;-105.19
83504.88;-104.80
83507.81;-104.64
83510.74;-104.80
83513.67;-104.87
83516.60;-105.03
83519.53;-105.03
83522.46;-105.03
83525.39;-105.19
83528.32;-105.03
83531.25;-104.87
83534.18;-104.87
83537.11;-104.80
83540.04;-104.95
83542.97;-105.03
83545.90;-104.80
83548.83;-104.72
83551.76;-105.03
83554.69;-105.34
83557.62;-105.19
83560.55;-105.03
83563.48;-105.03
83566.41;-104.95
83569.34;-105.03
83572.27;-105.03
83575.20;-104.72
83578.13;-104.87
83581.05;-104.95
83583.98;-105.03
83586.91;-104.80
83589.84;-104.80
83592.77;-105.03
83595.70;-104.95
83598.63;-104.87
83601.56;-105.19
83604.49;-105.26
83607.42;-105.19
83610.35;-105.03
83613.28;-104.72
83616.21;-104.48
83619.14;-104.80
83622.07;-105.03
83625.00;-105.19
83627.93;-105.03
83630.86;-105.19
83633.79;-105.11
83636.72;-104.80
83639.65;-104.64
83642.58;-104.87
83645.51;-104.87
83648.44;-105.11
83651.37;-105.19
83654.30;-105.34
83657.23;-105.03
83660.16;-104.80
83663.09;-104.72
83666.02;-105.03
83668.95;-104.87
83671.88;-104.56
83674.80;-104.64
83677.73;-104.95
83680.66;-105.03
83683.59;-104.56
83686.52;-104.72
83689.45;-104.95
83692.38;-104.80
83695.31;-104.95
83698.24;-104.87
83701.17;-104.87
83704.10;-104.80
83707.03;-104.72
83709.96;-104.80
83712.89;-104.80
83715.82;-104.80
83718.75;-104.72
83721.68;-104.80
83724.61;-105.19
83727.54;-105.19
83730.47;-104.95
83733.40;-105.11
83736.33;-105.03
83739.26;-104.87
83742.19;-104.64
83745.12;-104.80
83748.05;-104.87
83750.98;-105.03
83753.91;-105.11
83756.84;-105.26
83759.77;-105.19
83762.70;-105.03
83765.63;-104.72
83768.55;-104.56
83771.48;-104.80
83774.41;-104.95
83777.34;-105.19
83780.27;-105.19
83783.20;-105.03
83786.13;-104.95
83789.06;-104.80
83791.99;-104.87
83794.92;-104.95
83797.85;-104.87
83800.78;-105.19
83803.71;-105.42
83806.64;-105.11
83809.57;-104.95
83812.50;-104.95
83815.43;-105.03
83818.36;-104.87
83821.29;-104.95
83824.22;-104.80
83827.15;-104.64
83830.08;-104.80
83833.01;-105.03
83835.94;-105.03
83838.87;-104.87
83841.80;-105.03
83844.73;-105.03
83847.66;-104.72
83850.59;-104.56
83853.52;-105.03
83856.45;-104.95
83859.38;-104.72
83862.30;-104.64
83865.23;-104.64
83868.16;-104.64
83871.09;-104.80
83874.02;-104.87
83876.95;-104.95
83879.88;-104.80
83882.81;-104.72
83885.74;-104.95
83888.67;-105.26
83891.60;-105.03
83894.53;-104.64
83897.46;-104.87
83900.39;-104.95
83903.32;-104.87
83906.25;-105.03
83909.18;-104.87
83912.11;-104.95
83915.04;-104.80
83917.97;-104.80
83920.90;-104.95
83923.83;-104.80
83926.76;-104.95
83929.69;-104.87
83932.62;-104.80
83935.55;-104.80
83938.48;-105.03
83941.41;-105.03
83944.34;-105.11
83947.27;-104.95
83950.20;-104.95
83953.13;-105.03
83956.05;-104.87
83958.98;-104.95
83961.91;-104.95
83964.84;-104.80
83967.77;-104.80
83970.70;-104.95
83973.63;-104.95
83976.56;-104.72
83979.49;-104.87
83982.42;-104.87
83985.35;-104.87
83988.28;-104.87
83991.21;-104.80
83994.14;-104.56
83997.07;-105.03
84000.00;-105.34
84002.93;-105.34
84005.86;-105.11
84008.79;-105.19
84011.72;-105.03
84014.65;-104.87
84017.58;-104.80
84020.51;-105.03
84023.44;-104.80
84026.37;-104.80
84029.30;-104.87
84032.23;-104.95
84035.16;-105.03
84038.09;-104.95
84041.02;-105.03
84043.95;-105.19
84046.88;-104.87
84049.80;-104.80
84052.73;-104.72
84055.66;-104.80
84058.59;-105.03
84061.52;-104.95
84064.45;-105.11
84067.38;-105.03
84070.31;-104.95
84073.24;-104.95
84076.17;-104.80
84079.10;-104.72
84082.03;-104.95
84084.96;-104.95
84087.89;-105.03
84090.82;-105.11
84093.75;-105.03
84096.68;-104.80
84099.61;-104.87
84102.54;-105.03
84105.47;-104.95
84108.40;-104.72
84111.33;-104.64
84114.26;-105.11
84117.19;-105.19
84120.12;-104.95
84123.05;-105.03
84125.98;-105.03
84128.91;-104.87
84131.84;-104.72
84134.77;-104.87
84137.70;-104.95
84140.63;-104.87
84143.55;-105.03
84146.48;-105.11
84149.41;-104.87
84152.34;-104.80
84155.27;-104.87
84158.20;-104.72
84161.13;-104.80
84164.06;-105.03
84166.99;-105.34
84169.92;-105.19
84172.85;-104.95
84175.78;-104.87
84178.71;-104.72
84181.64;-104.80
84184.57;-104.87
84187.50;-105.11
84190.43;-104.87
84193.36;-104.80
84196.29;-104.80
84199.22;-105.03
84202.15;-105.03
84205.08;-105.03
84208.01;-105.11
84210.94;-105.03
84213.87;-105.03
84216.80;-105.11
84219.73;-105.03
84222.66;-104.80
84225.59;-105.03
84228.52;-105.19
84231.45;-105.26
84234.38;-105.03
84237.30;-105.11
84240.23;-105.19
84243.16;-105.03
84246.09;-105.03
84249.02;-105.19
84251.95;-104.87
84254.88;-104.80
84257.81;-104.95
84260.74;-105.03
84263.67;-104.95
84266.60;-105.03
84269.53;-105.26
84272.46;-105.26
84275.39;-104.95
84278.32;-105.19
84281.25;-105.11
84284.18;-104.95
84287.11;-104.80
84290.04;-104.87
84292.97;-105.03
84295.90;-104.87
84298.83;-104.87
84301.76;-104.80
84304.69;-104.87
84307.62;-105.11
84310.55;-105.34
84313.48;-105.34
84316.41;-104.95
84319.34;-104.72
84322.27;-104.56
84325.20;-104.72
84328.13;-104.72
84331.05;-104.80
84333.98;-104.87
84336.91;-105.03
84339.84;-105.19
84342.77;-105.34
84345.70;-105.19
84348.63;-105.19
84351.56;-105.19
84354.49;-105.19
84357.42;-104.95
84360.35;-104.87
84363.28;-104.95
84366.21;-104.87
84369.14;-104.95
84372.07;-104.80
84375.00;-104.87
84377.93;-105.11
84380.86;-105.11
84383.79;-105.11
84386.72;-104.95
84389.65;-105.03
84392.58;-105.19
84395.51;-105.11
84398.44;-105.03
84401.37;-104.95
84404.30;-105.03
84407.23;-105.03
84410.16;-105.03
84413.09;-104.72
84416.02;-104.80
84418.95;-104.80
84421.88;-104.87
84424.80;-104.95
84427.73;-105.03
84430.66;-104.64
84433.59;-104.72
84436.52;-104.80
84439.45;-105.11
84442.38;-104.95
84445.31;-104.95
84448.24;-105.03
84451.17;-104.87
84454.10;-105.03
84457.03;-105.03
84459.96;-104.95
84462.89;-105.03
84465.82;-104.95
84468.75;-105.19
84471.68;-104.80
84474.61;-104.80
84477.54;-104.56
84480.47;-104.87
84483.40;-104.72
84486.33;-104.56
84489.26;-104.80
84492.19;-104.95
84495.12;-104.95
84498.05;-105.03
84500.98;-105.42
84503.91;-104.95
84506.84;-104.48
84509.77;-104.80
84512.70;-105.11
84515.63;-105.26
84518.55;-104.95
84521.48;-104.80
84524.41;-104.72
84527.34;-104.95
84530.27;-104.87
84533.20;-105.03
84536.13;-105.19
84539.06;-105.03
84541.99;-105.19
84544.92;-105.19
84547.85;-104.95
84550.78;-104.80
84553.71;-104.87
84556.64;-105.19
84559.57;-105.19
84562.50;-105.11
84565.43;-104.95
84568.36;-105.34
84571.29;-105.34
84574.22;-105.19
84577.15;-104.87
84580.08;-104.64
84583.01;-104.87
84585.94;-105.19
84588.87;-105.19
84591.80;-105.03
84594.73;-104.80
84597.66;-105.11
84600.59;-105.11
84603.52;-104.72
84606.45;-104.64
84609.38;-104.80
84612.30;-104.72
84615.23;-104.80
84618.16;-104.80
84621.09;-105.03
84624.02;-105.11
84626.95;-105.03
84629.88;-104.87
84632.81;-104.80
84635.74;-104.95
84638.67;-105.19
84641.60;-105.03
84644.53;-104.95
84647.46;-104.72
84650.39;-104.80
84653.32;-104.87
84656.25;-104.80
84659.18;-105.11
84662.11;-104.95
84665.04;-104.87
84667.97;-105.03
84670.90;-105.03
84673.83;-105.03
84676.76;-104.95
84679.69;-104.95
84682.62;-104.87
84685.55;-104.95
84688.48;-105.11
84691.41;-105.34
84694.34;-105.19
84697.27;-105.03
84700.20;-105.26
84703.13;-105.26
84706.05;-105.11
84708.98;-105.03
84711.91;-104.95
84714.84;-105.03
84717.77;-104.80
84720.70;-104.95
84723.63;-105.03
84726.56;-105.11
84729.49;-105.03
84732.42;-104.87
84735.35;-104.95
84738.28;-105.03
84741.21;-105.26
84744.14;-105.34
84747.07;-104.95
84750.00;-104.80
84752.93;-105.03
84755.86;-104.87
84758.79;-104.72
84761.72;-104.64
84764.65;-104.64
84767.58;-104.80
84770.51;-104.80
84773.44;-104.80
84776.37;-104.87
84779.30;-104.95
84782.23;-105.11
84785.16;-104.87
84788.09;-104.80
84791.02;-104.87
84793.95;-104.87
84796.88;-104.95
84799.80;-105.19
84802.73;-104.95
84805.66;-104.80
84808.59;-104.64
84811.52;-104.87
84814.45;-105.03
84817.38;-105.03
84820.31;-105.03
84823.24;-104.87
84826.17;-105.11
84829.10;-105.19
84832.03;-105.26
84834.96;-105.19
84837.89;-104.95
84840.82;-104.87
84843.75;-104.64
84846.68;-104.87
84849.61;-105.03
84852.54;-104.87
84855.47;-104.87
84858.40;-104.80
84861.33;-104.87
84864.26;-104.87
84867.19;-104.64
84870.12;-104.80
84873.05;-104.95
84875.98;-104.87
84878.91;-104.87
84881.84;-105.03
84884.77;-105.03
84887.70;-104.87
84890.63;-104.80
84893.55;-105.11
84896.48;-105.11
84899.41;-105.03
84902.34;-105.03
84905.27;-104.95
84908.20;-104.72
84911.13;-105.11
84914.06;-105.11
84916.99;-105.19
84919.92;-105.11
84922.85;-105.11
84925.78;-104.95
84928.71;-105.11
84931.64;-104.95
84934.57;-105.03
84937.50;-105.03
84940.43;-104.72
84943.36;-104.95
84946.29;-105.26
84949.22;-105.26
84952.15;-104.87
84955.08;-104.56
84958.01;-104.87
84960.94;-105.03
84963.87;-105.03
84966.80;-105.03
84969.73;-104.95
84972.66;-105.11
84975.59;-105.11
84978.52;-105.11
84981.45;-105.19
84984.38;-105.03
84987.30;-104.87
84990.23;-104.95
84993.16;-104.87
84996.09;-104.72
84999.02;-104.80
85001.95;-104.87
85004.88;-104.95
85007.81;-105.11
85010.74;-104.95
85013.67;-104.87
85016.60;-105.19
85019.53;-105.03
85022.46;-104.80
85025.39;-105.19
85028.32;-105.19
85031.25;-104.87
85034.18;-105.03
85037.11;-105.19
85040.04;-104.95
85042.97;-104.72
85045.90;-105.03
85048.83;-105.11
85051.76;-105.03
85054.69;-105.03
85057.62;-105.11
85060.55;-105.11
85063.48;-105.26
85066.41;-105.11
85069.34;-104.87
85072.27;-104.72
85075.20;-104.80
85078.13;-104.95
85081.05;-105.26
85083.98;-104.95
85086.91;-104.95
85089.84;-105.03
85092.77;-105.11
85095.70;-105.03
85098.63;-105.11
85101.56;-105.03
85104.49;-105.11
85107.42;-104.95
85110.35;-104.80
85113.28;-104.87
85116.21;-105.26
85119.14;-105.03
85122.07;-105.19
85125.00;-105.03
85127.93;-105.11
85130.86;-105.03
85133.79;-105.03
85136.72;-105.11
85139.65;-104.87
85142.58;-105.11
85145.51;-105.26
85148.44;-105.03
85151.37;-104.80
85154.30;-105.11
85157.23;-105.03
85160.16;-104.80
85163.09;-105.03
85166.02;-104.95
85168.95;-104.72
85171.88;-104.95
85174.80;-104.95
85177.73;-104.80
85180.66;-105.03
85183.59;-104.87
85186.52;-104.80
85189.45;-105.03
85192.38;-105.03
85195.31;-105.03
85198.24;-105.03
85201.17;-104.80
85204.10;-105.03
85207.03;-105.11
85209.96;-105.19
85212.89;-105.19
85215.82;-105.03
85218.75;-105.03
85221.68;-104.95
85224.61;-104.80
85227.54;-104.87
85230.47;-105.03
85233.40;-105.03
85236.33;-105.11
85239.26;-105.34
85242.19;-105.19
85245.12;-105.19
85248.05;-105.11
85250.98;-104.95
85253.91;-104.95
85256.84;-104.95
85259.77;-104.95
85262.70;-105.11
85265.63;-105.11
85268.55;-105.19
85271.48;-105.11
85274.41;-105.11
85277.34;-104.95
85280.27;-105.26
85283.20;-105.03
85286.13;-104.95
85289.06;-104.80
85291.99;-105.19
85294.92;-105.34
85297.85;-105.11
85300.78;-105.03
85303.71;-105.11
85306.64;-104.95
85309.57;-104.95
85312.50;-105.19
85315.43;-105.03
85318.36;-104.87
85321.29;-104.80
85324.22;-105.03
85327.15;-104.95
85330.08;-104.87
85333.01;-105.19
85335.94;-105.19
85338.87;-105.11
85341.80;-105.11
85344.73;-105.11
85347.66;-105.11
85350.59;-104.95
85353.52;-104.95
85356.45;-105.19
85359.38;-104.95
85362.30;-104.95
85365.23;-105.11
85368.16;-105.11
85371.09;-104.87
85374.02;-105.11
85376.95;-105.11
85379.88;-105.11
85382.81;-104.80
85385.74;-104.80
85388.67;-104.95
85391.60;-105.34
85394.53;-105.34
85397.46;-105.03
85400.39;-104.95
85403.32;-104.95
85406.25;-105.03
85409.18;-104.87
85412.11;-104.72
85415.04;-104.80
85417.97;-104.87
85420.90;-105.26
85423.83;-105.19
85426.76;-105.11
85429.69;-105.03
85432.62;-104.95
85435.55;-104.72
85438.48;-104.80
85441.41;-104.87
85444.34;-104.95
85447.27;-105.11
85450.20;-105.11
85453.13;-105.11
85456.05;-104.95
85458.98;-104.80
85461.91;-105.03
85464.84;-105.03
85467.77;-104.95
85470.70;-104.80
85473.63;-104.87
85476.56;-105.03
85479.49;-105.11
85482.42;-105.03
85485.35;-104.95
85488.28;-104.87
85491.21;-104.95
85494.14;-104.95
85497.07;-105.11
85500.00;-105.03
85502.93;-104.87
85505.86;-104.87
85508.79;-104.95
85511.72;-105.03
85514.65;-104.95
85517.58;-104.95
85520.51;-104.87
85523.44;-105.03
85526.37;-105.19
85529.30;-105.26
85532.23;-105.11
85535.16;-104.80
85538.09;-105.03
85541.02;-105.19
85543.95;-105.11
85546.88;-104.95
85549.80;-104.87
85552.73;-105.03
85555.66;-105.03
85558.59;-105.03
85561.52;-105.03
85564.45;-105.19
85567.38;-105.26
85570.31;-105.11
85573.24;-105.11
85576.17;-105.03
85579.10;-104.95
85582.03;-104.87
85584.96;-104.95
85587.89;-104.87
85590.82;-104.95
85593.75;-104.87
85596.68;-104.95
85599.61;-104.87
85602.54;-105.03
85605.47;-104.95
85608.40;-104.87
85611.33;-105.03
85614.26;-105.03
85617.19;-105.03
85620.12;-105.19
85623.05;-105.26
85625.98;-105.34
85628.91;-105.11
85631.84;-105.11
85634.77;-105.26
85637.70;-105.42
85640.63;-105.19
85643.55;-104.87
85646.48;-104.80
85649.41;-105.03
85652.34;-105.03
85655.27;-104.87
85658.20;-104.95
85661.13;-104.87
85664.06;-104.95
85666.99;-105.11
85669.92;-105.26
85672.85;-105.11
85675.78;-104.80
85678.71;-104.80
85681.64;-105.26
85684.57;-105.19
85687.50;-104.95
85690.43;-105.03
85693.36;-104.95
85696.29;-105.03
85699.22;-104.95
85702.15;-104.87
85705.08;-105.03
85708.01;-105.03
85710.94;-105.03
85713.87;-105.11
85716.80;-105.03
85719.73;-105.19
85722.66;-105.03
85725.59;-105.11
85728.52;-105.34
85731.45;-105.11
85734.38;-105.03
85737.30;-105.19
85740.23;-104.87
85743.16;-104.87
85746.09;-104.87
85749.02;-105.03
85751.95;-105.03
85754.88;-105.19
85757.81;-105.26
85760.74;-104.95
85763.67;-104.95
85766.60;-104.95
85769.53;-104.72
85772.46;-104.80
85775.39;-104.87
85778.32;-105.03
85781.25;-104.95
85784.18;-104.95
85787.11;-104.87
85790.04;-105.11
85792.97;-105.19
85795.90;-105.03
85798.83;-104.64
85801.76;-104.80
85804.69;-104.72
85807.62;-105.03
85810.55;-104.87
85813.48;-104.95
85816.41;-105.03
85819.34;-105.03
85822.27;-104.87
85825.20;-104.64
85828.13;-104.95
85831.05;-105.03
85833.98;-104.64
85836.91;-104.80
85839.84;-104.80
85842.77;-104.95
85845.70;-105.19
85848.63;-104.95
85851.56;-104.95
85854.49;-104.87
85857.42;-104.80
85860.35;-105.11
85863.28;-105.26
85866.21;-105.34
85869.14;-104.95
85872.07;-104.87
85875.00;-105.03
85877.93;-105.03
85880.86;-105.19
85883.79;-104.95
85886.72;-105.19
85889.65;-105.11
85892.58;-104.95
85895.51;-105.26
85898.44;-105.11
85901.37;-105.03
85904.30;-104.95
85907.23;-105.03
85910.16;-105.03
85913.09;-104.80
85916.02;-105.03
85918.95;-104.72
85921.88;-104.80
85924.80;-105.11
85927.73;-105.26
85930.66;-105.19
85933.59;-105.11
85936.52;-105.03
85939.45;-105.03
85942.38;-105.03
85945.31;-104.80
85948.24;-104.80
85951.17;-104.87
85954.10;-104.95
85957.03;-104.87
85959.96;-104.87
85962.89;-104.95
85965.82;-105.03
85968.75;-104.95
85971.68;-105.19
85974.61;-105.11
85977.54;-105.19
85980.47;-104.95
85983.40;-105.19
85986.33;-105.34
85989.26;-105.34
85992.19;-105.03
85995.12;-104.80
85998.05;-105.11
86000.98;-104.95
86003.91;-105.03
86006.84;-105.11
86009.77;-105.11
86012.70;-105.19
86015.63;-104.95
86018.55;-104.80
86021.48;-105.03
86024.41;-105.34
86027.34;-104.95
86030.27;-105.11
86033.20;-105.19
86036.13;-105.19
86039.06;-105.19
86041.99;-105.11
86044.92;-105.03
86047.85;-104.95
86050.78;-104.87
86053.71;-104.80
86056.64;-104.87
86059.57;-105.03
86062.50;-105.19
86065.43;-105.26
86068.36;-105.50
86071.29;-105.50
86074.22;-105.19
86077.15;-105.03
86080.08;-104.87
86083.01;-104.87
86085.94;-104.87
86088.87;-105.11
86091.80;-105.19
86094.73;-105.26
86097.66;-105.26
86100.59;-104.95
86103.52;-104.95
86106.45;-104.95
86109.38;-104.87
86112.30;-105.03
86115.23;-105.03
86118.16;-105.11
86121.09;-105.19
86124.02;-105.03
86126.95;-104.95
86129.88;-105.42
86132.81;-105.50
86135.74;-105.19
86138.67;-104.80
86141.60;-104.95
86144.53;-105.03
86147.46;-104.95
86150.39;-104.87
86153.32;-105.03
86156.25;-105.03
86159.18;-104.87
86162.11;-105.03
86165.04;-105.42
86167.97;-104.95
86170.90;-104.87
86173.83;-105.19
86176.76;-104.80
86179.69;-104.64
86182.62;-104.95
86185.55;-104.80
86188.48;-104.95
86191.41;-105.11
86194.34;-105.03
86197.27;-105.19
86200.20;-105.03
86203.13;-105.11
86206.05;-105.19
86208.98;-105.19
86211.91;-105.03
86214.84;-105.11
86217.77;-104.95
86220.70;-104.95
86223.63;-105.03
86226.56;-105.11
86229.49;-104.95
86232.42;-105.11
86235.35;-105.19
86238.28;-104.95
86241.21;-105.03
86244.14;-105.19
86247.07;-105.34
86250.00;-104.87
86252.93;-104.80
86255.86;-105.19
86258.79;-105.26
86261.72;-105.19
86264.65;-105.19
86267.58;-104.95
86270.51;-105.11
86273.44;-105.34
86276.37;-105.11
86279.30;-104.95
86282.23;-104.80
86285.16;-104.87
86288.09;-105.11
86291.02;-105.03
86293.95;-105.03
86296.88;-105.03
86299.80;-104.80
86302.73;-105.03
86305.66;-105.19
86308.59;-104.72
86311.52;-104.87
86314.45;-104.95
86317.38;-104.87
86320.31;-104.80
86323.24;-104.95
86326.17;-105.19
86329.10;-105.19
86332.03;-104.95
86334.96;-104.87
86337.89;-104.95
86340.82;-104.87
86343.75;-104.95
86346.68;-105.26
86349.61;-105.26
86352.54;-105.03
86355.47;-105.11
86358.40;-105.26
86361.33;-105.03
86364.26;-105.26
86367.19;-105.34
86370.12;-105.03
86373.05;-104.95
86375.98;-104.87
86378.91;-104.80
86381.84;-104.95
86384.77;-105.03
86387.70;-105.11
86390.63;-105.34
86393.55;-105.11
86396.48;-104.87
86399.41;-104.95
86402.34;-105.19
86405.27;-105.26
86408.20;-105.19
86411.13;-105.11
86414.06;-104.64
86416.99;-104.72
86419.92;-105.03
86422.85;-104.95
86425.78;-104.95
86428.71;-105.26
86431.64;-105.19
86434.57;-105.11
86437.50;-105.11
86440.43;-105.11
86443.36;-104.80
86446.29;-104.80
86449.22;-105.03
86452.15;-105.26
86455.08;-105.19
86458.01;-105.03
86460.94;-104.95
86463.87;-105.03
86466.80;-104.80
86469.73;-104.95
86472.66;-104.87
86475.59;-104.80
86478.52;-104.87
86481.45;-104.95
86484.38;-105.19
86487.30;-105.19
86490.23;-105.03
86493.16;-105.26
86496.09;-105.19
86499.02;-105.11
86501.95;-105.34
86504.88;-105.11
86507.81;-104.72
86510.74;-104.87
86513.67;-104.87
86516.60;-104.95
86519.53;-105.19
86522.46;-105.03
86525.39;-105.11
86528.32;-105.42
86531.25;-104.87
86534.18;-104.87
86537.11;-105.03
86540.04;-105.03
86542.97;-104.95
86545.90;-105.03
86548.83;-105.42
86551.76;-105.42
86554.69;-105.26
86557.62;-104.95
86560.55;-104.87
86563.48;-104.87
86566.41;-104.95
86569.34;-105.19
86572.27;-105.11
86575.20;-105.03
86578.13;-104.95
86581.05;-104.95
86583.98;-104.87
86586.91;-104.80
86589.84;-104.87
86592.77;-105.03
86595.70;-105.11
86598.63;-105.11
86601.56;-105.11
86604.49;-105.19
86607.42;-105.11
86610.35;-105.26
86613.28;-105.19
86616.21;-105.34
86619.14;-105.26
86622.07;-105.11
86625.00;-105.11
86627.93;-105.11
86630.86;-104.95
86633.79;-104.95
86636.72;-105.03
86639.65;-104.87
86642.58;-104.80
86645.51;-104.95
86648.44;-105.19
86651.37;-105.03
86654.30;-105.03
86657.23;-105.26
86660.16;-105.34
86663.09;-105.42
86666.02;-105.19
86668.95;-105.11
86671.88;-104.95
86674.80;-105.03
86677.73;-105.11
86680.66;-105.03
86683.59;-104.87
86686.52;-104.95
86689.45;-105.03
86692.38;-105.03
86695.31;-105.11
86698.24;-105.19
86701.17;-105.19
86704.10;-105.34
86707.03;-105.19
86709.96;-105.34
86712.89;-104.95
86715.82;-105.11
86718.75;-105.11
86721.68;-105.19
86724.61;-105.34
86727.54;-105.34
86730.47;-105.03
86733.40;-104.95
86736.33;-104.80
86739.26;-104.87
86742.19;-104.87
86745.12;-104.95
86748.05;-104.87
86750.98;-105.03
86753.91;-105.19
86756.84;-104.95
86759.77;-104.80
86762.70;-104.64
86765.63;-104.95
86768.55;-105.19
86771.48;-105.11
86774.41;-105.11
86777.34;-104.87
86780.27;-104.80
86783.20;-105.11
86786.13;-105.19
86789.06;-104.87
86791.99;-104.95
86794.92;-105.03
86797.85;-104.95
86800.78;-105.03
86803.71;-105.03
86806.64;-105.34
86809.57;-105.19
86812.50;-105.26
86815.43;-105.11
86818.36;-105.19
86821.29;-105.26
86824.22;-105.19
86827.15;-104.87
86830.08;-105.03
86833.01;-105.19
86835.94;-105.11
86838.87;-105.11
86841.80;-104.95
86844.73;-104.95
86847.66;-104.87
86850.59;-104.72
86853.52;-104.87
86856.45;-105.03
86859.38;-105.11
86862.30;-104.95
86865.23;-104.95
86868.16;-105.34
86871.09;-105.11
86874.02;-105.03
86876.95;-105.11
86879.88;-105.03
86882.81;-105.11
86885.74;-105.11
86888.67;-105.11
86891.60;-105.03
86894.53;-105.19
86897.46;-105.03
86900.39;-104.95
86903.32;-104.95
86906.25;-104.95
86909.18;-104.95
86912.11;-105.03
86915.04;-104.95
86917.97;-104.95
86920.90;-104.80
86923.83;-105.03
86926.76;-104.87
86929.69;-105.03
86932.62;-105.26
86935.55;-105.26
86938.48;-105.26
86941.41;-104.95
86944.34;-104.87
86947.27;-105.19
86950.20;-105.26
86953.13;-105.11
86956.05;-105.19
86958.98;-105.26
86961.91;-105.03
86964.84;-105.03
86967.77;-104.95
86970.70;-105.11
86973.63;-105.42
86976.56;-105.26
86979.49;-105.11
86982.42;-105.26
86985.35;-105.34
86988.28;-104.87
86991.21;-104.80
86994.14;-104.87
86997.07;-104.95
87000.00;-105.11
87002.93;-105.26
87005.86;-105.03
87008.79;-105.03
87011.72;-105.26
87014.65;-105.26
87017.58;-105.11
87020.51;-105.19
87023.44;-105.19
87026.37;-104.95
87029.30;-104.87
87032.23;-104.87
87035.16;-104.87
87038.09;-105.03
87041.02;-105.11
87043.95;-105.19
87046.88;-105.03
87049.80;-105.03
87052.73;-105.11
87055.66;-105.19
87058.59;-104.95
87061.52;-105.03
87064.45;-105.03
87067.38;-105.19
87070.31;-105.11
87073.24;-105.11
87076.17;-105.03
87079.10;-105.03
87082.03;-105.03
87084.96;-104.87
87087.89;-104.95
87090.82;-105.11
87093.75;-105.26
87096.68;-105.19
87099.61;-105.03
87102.54;-105.19
87105.47;-105.26
87108.40;-105.19
87111.33;-105.26
87114.26;-105.19
87117.19;-105.19
87120.12;-105.26
87123.05;-105.34
87125.98;-105.11
87128.91;-105.11
87131.84;-105.11
87134.77;-105.19
87137.70;-104.95
87140.63;-104.95
87143.55;-104.95
87146.48;-105.03
87149.41;-105.11
87152.34;-104.80
87155.27;-104.95
87158.20;-105.11
87161.13;-105.03
87164.06;-104.87
87166.99;-104.64
87169.92;-104.80
87172.85;-105.03
87175.78;-105.11
87178.71;-105.03
87181.64;-105.03
87184.57;-105.11
87187.50;-104.95
87190.43;-104.87
87193.36;-105.03
87196.29;-104.95
87199.22;-104.87
87202.15;-104.95
87205.08;-105.19
87208.01;-105.50
87210.94;-105.42
87213.87;-104.95
87216.80;-104.95
87219.73;-105.34
87222.66;-105.11
87225.59;-105.11
87228.52;-105.26
87231.45;-105.11
87234.38;-105.19
87237.30;-105.11
87240.23;-105.19
87243.16;-105.26
87246.09;-105.03
87249.02;-105.19
87251.95;-105.19
87254.88;-104.87
87257.81;-105.19
87260.74;-105.34
87263.67;-105.19
87266.60;-105.26
87269.53;-105.19
87272.46;-104.87
87275.39;-104.95
87278.32;-105.19
87281.25;-105.11
87284.18;-105.34
87287.11;-105.42
87290.04;-105.26
87292.97;-105.03
87295.90;-104.64
87298.83;-104.87
87301.76;-105.03
87304.69;-105.03
87307.62;-104.87
87310.55;-104.95
87313.48;-105.11
87316.41;-105.19
87319.34;-105.19
87322.27;-104.80
87325.20;-105.03
87328.13;-104.95
87331.05;-104.95
87333.98;-105.03
87336.91;-104.87
87339.84;-105.11
87342.77;-105.26
87345.70;-105.26
87348.63;-105.50
87351.56;-105.11
87354.49;-104.87
87357.42;-104.95
87360.35;-105.11
87363.28;-104.95
87366.21;-104.80
87369.14;-105.03
87372.07;-105.19
87375.00;-105.42
87377.93;-105.34
87380.86;-105.34
87383.79;-105.58
87386.72;-105.34
87389.65;-105.26
87392.58;-105.26
87395.51;-105.11
87398.44;-105.19
87401.37;-104.87
87404.30;-104.87
87407.23;-105.03
87410.16;-104.95
87413.09;-105.11
87416.02;-105.19
87418.95;-105.19
87421.88;-105.03
87424.80;-104.87
87427.73;-105.03
87430.66;-105.03
87433.59;-104.95
87436.52;-105.19
87439.45;-105.03
87442.38;-104.80
87445.31;-105.03
87448.24;-105.11
87451.17;-105.03
87454.10;-104.95
87457.03;-105.19
87459.96;-105.11
87462.89;-104.95
87465.82;-105.11
87468.75;-104.87
87471.68;-104.87
87474.61;-104.95
87477.54;-104.95
87480.47;-105.03
87483.40;-105.11
87486.33;-104.87
87489.26;-104.80
87492.19;-104.87
87495.12;-105.19
87498.05;-105.42
87500.98;-105.42
87503.91;-105.50
87506.84;-105.03
87509.77;-104.95
87512.70;-104.95
87515.63;-104.95
87518.55;-105.26
87521.48;-105.11
87524.41;-104.87
87527.34;-104.87
87530.27;-105.03
87533.20;-105.19
87536.13;-105.19
87539.06;-105.11
87541.99;-105.26
87544.92;-105.11
87547.85;-105.11
87550.78;-105.03
87553.71;-105.11
87556.64;-105.34
87559.57;-105.26
87562.50;-105.19
87565.43;-105.34
87568.36;-105.03
87571.29;-104.95
87574.22;-105.11
87577.15;-105.34
87580.08;-105.50
87583.01;-105.42
87585.94;-105.58
87588.87;-105.26
87591.80;-105.11
87594.73;-105.19
87597.66;-105.26
87600.59;-105.34
87603.52;-105.34
87606.45;-105.19
87609.38;-104.87
87612.30;-104.87
87615.23;-105.19
87618.16;-105.11
87621.09;-104.87
87624.02;-105.03
87626.95;-105.11
87629.88;-105.03
87632.81;-105.03
87635.74;-105.11
87638.67;-104.95
87641.60;-105.26
87644.53;-105.26
87647.46;-105.03
87650.39;-105.11
87653.32;-105.11
87656.25;-105.19
87659.18;-105.19
87662.11;-105.11
87665.04;-105.19
87667.97;-105.19
87670.90;-105.26
87673.83;-105.03
87676.76;-105.03
87679.69;-105.26
87682.62;-105.11
87685.55;-104.72
87688.48;-105.03
87691.41;-104.87
87694.34;-105.03
87697.27;-105.26
87700.20;-105.50
87703.13;-105.42
87706.05;-105.03
87708.98;-105.03
87711.91;-105.26
87714.84;-105.26
87717.77;-105.42
87720.70;-105.03
87723.63;-105.03
87726.56;-104.95
87729.49;-105.11
87732.42;-104.95
87735.35;-105.42
87738.28;-105.19
87741.21;-105.03
87744.14;-105.19
87747.07;-105.19
87750.00;-105.26
87752.93;-105.11
87755.86;-105.11
87758.79;-105.11
87761.72;-105.03
87764.65;-104.95
87767.58;-104.95
87770.51;-105.26
87773.44;-105.19
87776.37;-105.26
87779.30;-105.19
87782.23;-105.19
87785.16;-105.03
87788.09;-105.11
87791.02;-105.26
87793.95;-105.19
87796.88;-104.95
87799.80;-104.95
87802.73;-105.19
87805.66;-105.19
87808.59;-105.11
87811.52;-105.11
87814.45;-105.19
87817.38;-105.03
87820.31;-104.95
87823.24;-105.11
87826.17;-105.42
87829.10;-105.11
87832.03;-105.03
87834.96;-105.19
87837.89;-105.34
87840.82;-105.19
87843.75;-105.11
87846.68;-105.03
87849.61;-104.95
87852.54;-105.11
87855.47;-105.19
87858.40;-105.19
87861.33;-105.19
87864.26;-105.03
87867.19;-105.34
87870.12;-105.11
87873.05;-104.87
87875.98;-104.87
87878.91;-105.19
87881.84;-105.42
87884.77;-105.26
87887.70;-105.19
87890.63;-105.26
87893.55;-105.34
87896.48;-105.42
87899.41;-105.34
87902.34;-105.34
87905.27;-105.42
87908.20;-105.34
87911.13;-105.34
87914.06;-104.95
87916.99;-105.03
87919.92;-105.11
87922.85;-105.19
87925.78;-105.03
87928.71;-105.19
87931.64;-105.26
87934.57;-105.03
87937.50;-104.95
87940.43;-104.95
87943.36;-105.19
87946.29;-105.26
87949.22;-105.03
87952.15;-104.87
87955.08;-104.95
87958.01;-104.95
87960.94;-105.19
87963.87;-105.42
87966.80;-105.26
87969.73;-105.11
87972.66;-105.19
87975.59;-105.11
87978.52;-105.03
87981.45;-104.87
87984.38;-104.80
87987.30;-104.87
87990.23;-105.11
87993.16;-105.19
87996.09;-104.95
87999.02;-105.11
88001.95;-105.19
88004.88;-105.19
88007.81;-105.11
88010.74;-105.11
88013.67;-105.26
88016.60;-105.11
88019.53;-104.95
88022.46;-104.87
88025.39;-105.03
88028.32;-104.95
88031.25;-104.80
88034.18;-105.26
88037.11;-105.58
88040.04;-105.58
88042.97;-105.19
88045.90;-104.87
88048.83;-105.03
88051.76;-105.11
88054.69;-105.19
88057.62;-105.03
88060.55;-104.80
88063.48;-104.95
88066.41;-105.11
88069.34;-105.03
88072.27;-104.95
88075.20;-105.19
88078.13;-105.03
88081.05;-105.03
88083.98;-105.26
88086.91;-105.19
88089.84;-105.19
88092.77;-104.87
88095.70;-105.03
88098.63;-104.95
88101.56;-105.19
88104.49;-105.11
88107.42;-105.11
88110.35;-105.03
88113.28;-105.11
88116.21;-105.42
88119.14;-105.26
88122.07;-105.19
88125.00;-105.11
88127.93;-105.26
88130.86;-105.11
88133.79;-104.95
88136.72;-105.11
88139.65;-105.26
88142.58;-105.26
88145.51;-105.50
88148.44;-105.26
88151.37;-105.03
88154.30;-104.87
88157.23;-104.80
88160.16;-104.80
88163.09;-105.11
88166.02;-105.03
88168.95;-105.11
88171.88;-104.95
88174.80;-105.03
88177.73;-104.95
88180.66;-105.11
88183.59;-105.19
88186.52;-104.95
88189.45;-105.11
88192.38;-105.19
88195.31;-105.26
88198.24;-105.26
88201.17;-105.26
88204.10;-104.95
88207.03;-104.80
88209.96;-104.95
88212.89;-104.95
88215.82;-104.95
88218.75;-105.34
88221.68;-105.34
88224.61;-105.11
88227.54;-105.03
88230.47;-105.11
88233.40;-105.26
88236.33;-104.95
88239.26;-104.87
88242.19;-105.03
88245.12;-104.95
88248.05;-105.11
88250.98;-105.03
88253.91;-104.95
88256.84;-105.26
88259.77;-105.26
88262.70;-105.11
88265.63;-105.03
88268.55;-104.80
88271.48;-104.80
88274.41;-105.19
88277.34;-105.19
88280.27;-105.26
88283.20;-105.26
88286.13;-105.42
88289.06;-105.19
88291.99;-105.11
88294.92;-104.87
88297.85;-104.64
88300.78;-104.95
88303.71;-105.19
88306.64;-105.34
88309.57;-105.26
88312.50;-105.26
88315.43;-105.26
88318.36;-105.19
88321.29;-105.03
88324.22;-105.34
88327.15;-105.19
88330.08;-105.34
88333.01;-105.19
88335.94;-105.19
88338.87;-105.19
88341.80;-104.95
88344.73;-104.95
88347.66;-105.19
88350.59;-105.03
88353.52;-104.87
88356.45;-105.26
88359.38;-105.11
88362.30;-105.03
88365.23;-105.26
88368.16;-105.19
88371.09;-105.26
88374.02;-105.34
88376.95;-105.42
88379.88;-105.26
88382.81;-105.19
88385.74;-105.26
88388.67;-105.19
88391.60;-105.34
88394.53;-105.34
88397.46;-105.50
88400.39;-105.26
88403.32;-105.34
88406.25;-105.26
88409.18;-105.11
88412.11;-105.03
88415.04;-105.03
88417.97;-104.87
88420.90;-105.03
88423.83;-105.19
88426.76;-105.03
88429.69;-105.03
88432.62;-105.03
88435.55;-105.26
88438.48;-105.34
88441.41;-105.11
88444.34;-105.03
88447.27;-105.42
88450.20;-105.34
88453.13;-105.11
88456.05;-105.19
88458.98;-105.03
88461.91;-105.03
88464.84;-105.34
88467.77;-105.19
88470.70;-105.19
88473.63;-105.26
88476.56;-105.26
88479.49;-105.26
88482.42;-105.26
88485.35;-105.42
88488.28;-105.11
88491.21;-104.95
88494.14;-104.95
88497.07;-104.87
88500.00;-104.95
88502.93;-104.95
88505.86;-105.19
88508.79;-105.26
88511.72;-105.19
88514.65;-105.11
88517.58;-105.03
88520.51;-105.11
88523.44;-105.19
88526.37;-105.03
88529.30;-105.03
88532.23;-105.11
88535.16;-105.26
88538.09;-105.11
88541.02;-105.11
88543.95;-105.11
88546.88;-105.19
88549.80;-104.95
88552.73;-104.87
88555.66;-105.03
88558.59;-104.95
88561.52;-105.19
88564.45;-105.42
88567.38;-105.42
88570.31;-105.26
88573.24;-105.19
88576.17;-105.50
88579.10;-105.50
88582.03;-105.26
88584.96;-105.26
88587.89;-105.34
88590.82;-105.03
88593.75;-105.19
88596.68;-105.34
88599.61;-105.50
88602.54;-105.26
88605.47;-105.11
88608.40;-104.95
88611.33;-105.03
88614.26;-105.26
88617.19;-105.19
88620.12;-105.11
88623.05;-105.19
88625.98;-105.03
88628.91;-105.26
88631.84;-105.26
88634.77;-105.19
88637.70;-105.26
88640.63;-105.03
88643.55;-104.72
88646.48;-104.95
88649.41;-104.95
88652.34;-105.26
88655.27;-105.19
88658.20;-105.26
88661.13;-105.11
88664.06;-105.26
88666.99;-105.26
88669.92;-105.03
88672.85;-105.11
88675.78;-105.19
88678.71;-105.19
88681.64;-105.19
88684.57;-105.03
88687.50;-105.26
88690.43;-105.03
88693.36;-104.95
88696.29;-105.34
88699.22;-105.19
88702.15;-105.11
88705.08;-105.11
88708.01;-105.19
88710.94;-105.19
88713.87;-105.03
88716.80;-105.03
88719.73;-105.11
88722.66;-105.19
88725.59;-105.19
88728.52;-105.34
88731.45;-105.26
88734.38;-105.50
88737.30;-105.34
88740.23;-105.26
88743.16;-105.26
88746.09;-105.26
88749.02;-104.95
88751.95;-105.03
88754.88;-105.26
88757.81;-105.50
88760.74;-104.95
88763.67;-104.87
88766.60;-105.19
88769.53;-105.26
88772.46;-105.58
88775.39;-105.42
88778.32;-105.19
88781.25;-105.26
88784.18;-105.11
88787.11;-105.11
88790.04;-105.03
88792.97;-105.50
88795.90;-105.42
88798.83;-105.50
88801.76;-105.42
88804.69;-104.95
88807.62;-105.03
88810.55;-105.03
88813.48;-105.11
88816.41;-105.42
88819.34;-105.19
88822.27;-104.95
88825.20;-104.87
88828.13;-104.95
88831.05;-105.19
88833.98;-105.19
88836.91;-105.19
88839.84;-105.11
88842.77;-105.11
88845.70;-105.34
88848.63;-105.34
88851.56;-105.26
88854.49;-105.03
88857.42;-105.26
88860.35;-104.95
88863.28;-105.11
88866.21;-105.34
88869.14;-105.34
88872.07;-105.42
88875.00;-105.11
88877.93;-104.87
88880.86;-104.87
88883.79;-104.80
88886.72;-104.95
88889.65;-105.11
88892.58;-105.03
88895.51;-105.03
88898.44;-105.19
88901.37;-105.19
88904.30;-105.26
88907.23;-105.19
88910.16;-105.11
88913.09;-105.26
88916.02;-105.26
88918.95;-105.11
88921.88;-105.34
88924.80;-105.42
88927.73;-105.26
88930.66;-105.03
88933.59;-104.95
88936.52;-104.87
88939.45;-105.26
88942.38;-105.34
88945.31;-105.26
88948.24;-105.34
88951.17;-105.34
88954.10;-105.11
88957.03;-105.11
88959.96;-105.19
88962.89;-105.34
88965.82;-105.19
88968.75;-105.19
88971.68;-105.34
88974.61;-105.42
88977.54;-104.95
88980.47;-104.87
88983.40;-105.03
88986.33;-105.34
88989.26;-105.42
88992.19;-105.34
88995.12;-105.19
88998.05;-105.19
89000.98;-105.11
89003.91;-104.95
89006.84;-105.03
89009.77;-105.03
89012.70;-105.19
89015.63;-105.19
89018.55;-105.26
89021.48;-105.03
89024.41;-105.03
89027.34;-105.11
89030.27;-105.19
89033.20;-105.26
89036.13;-105.19
89039.06;-105.42
89041.99;-105.42
89044.92;-105.19
89047.85;-105.34
89050.78;-105.11
89053.71;-105.11
89056.64;-105.26
89059.57;-105.11
89062.50;-105.03
89065.43;-105.11
89068.36;-105.19
89071.29;-105.26
89074.22;-105.26
89077.15;-105.26
89080.08;-105.26
89083.01;-105.26
89085.94;-105.26
89088.87;-105.11
89091.80;-104.95
89094.73;-105.11
89097.66;-105.03
89100.59;-105.19
89103.52;-105.19
89106.45;-105.34
89109.38;-105.34
89112.30;-105.03
89115.23;-105.03
89118.16;-105.11
89121.09;-105.11
89124.02;-105.11
89126.95;-105.42
89129.88;-105.58
89132.81;-105.50
89135.74;-105.19
89138.67;-105.11
89141.60;-105.03
89144.53;-105.26
89147.46;-105.34
89150.39;-105.42
89153.32;-105.26
89156.25;-105.42
89159.18;-105.19
89162.11;-105.19
89165.04;-105.34
89167.97;-105.11
89170.90;-105.19
89173.83;-105.19
89176.76;-105.03
89179.69;-105.11
89182.62;-105.34
89185.55;-104.95
89188.48;-104.95
89191.41;-105.03
89194.34;-105.03
89197.27;-105.19
89200.20;-105.26
89203.13;-105.19
89206.05;-105.26
89208.98;-105.26
89211.91;-105.19
89214.84;-105.11
89217.77;-105.19
89220.70;-105.42
89223.63;-105.58
89226.56;-105.50
89229.49;-105.26
89232.42;-105.34
89235.35;-105.42
89238.28;-105.03
89241.21;-105.03
89244.14;-105.58
89247.07;-105.50
89250.00;-104.95
89252.93;-104.95
89255.86;-104.95
89258.79;-105.11
89261.72;-105.19
89264.65;-105.03
89267.58;-105.11
89270.51;-105.19
89273.44;-105.11
89276.37;-104.95
89279.30;-105.03
89282.23;-105.11
89285.16;-105.50
89288.09;-105.26
89291.02;-105.03
89293.95;-105.03
89296.88;-105.19
89299.80;-105.50
89302.73;-105.42
89305.66;-105.11
89308.59;-104.95
89311.52;-105.11
89314.45;-105.34
89317.38;-105.03
89320.31;-104.87
89323.24;-104.80
89326.17;-105.03
89329.10;-105.03
89332.03;-105.26
89334.96;-105.11
89337.89;-105.34
89340.82;-105.42
89343.75;-105.42
89346.68;-105.19
89349.61;-105.26
89352.54;-105.50
89355.47;-105.34
89358.40;-105.11
89361.33;-105.11
89364.26;-105.50
89367.19;-105.34
89370.12;-105.03
89373.05;-105.19
89375.98;-105.11
89378.91;-104.80
89381.84;-105.03
89384.77;-105.19
89387.70;-105.26
89390.63;-105.34
89393.55;-105.19
89396.48;-104.95
89399.41;-105.11
89402.34;-105.26
89405.27;-105.26
89408.20;-105.26
89411.13;-105.26
89414.06;-105.19
89416.99;-105.03
89419.92;-105.11
89422.85;-104.95
89425.78;-105.19
89428.71;-105.19
89431.64;-105.11
89434.57;-105.11
89437.50;-105.11
89440.43;-105.11
89443.36;-104.95
89446.29;-105.19
89449.22;-105.26
89452.15;-105.19
89455.08;-105.11
89458.01;-105.19
89460.94;-105.34
89463.87;-105.58
89466.80;-105.42
89469.73;-105.34
89472.66;-105.19
89475.59;-105.19
89478.52;-105.11
89481.45;-105.03
89484.38;-105.19
89487.30;-105.19
89490.23;-104.95
89493.16;-104.87
89496.09;-104.95
89499.02;-105.11
89501.95;-105.42
89504.88;-105.66
89507.81;-105.26
89510.74;-105.26
89513.67;-105.11
89516.60;-105.19
89519.53;-105.34
89522.46;-105.19
89525.39;-105.34
89528.32;-105.34
89531.25;-105.11
89534.18;-105.26
89537.11;-105.11
89540.04;-105.19
89542.97;-105.19
89545.90;-105.19
89548.83;-105.11
89551.76;-105.03
89554.69;-104.95
89557.62;-105.11
89560.55;-105.34
89563.48;-105.03
89566.41;-105.26
89569.34;-105.11
89572.27;-105.34
89575.20;-105.26
89578.13;-104.80
89581.05;-105.19
89583.98;-105.50
89586.91;-105.34
89589.84;-105.19
89592.77;-105.34
89595.70;-105.26
89598.63;-105.19
89601.56;-105.03
89604.49;-105.19
89607.42;-105.26
89610.35;-105.03
89613.28;-105.26
89616.21;-105.26
89619.14;-105.42
89622.07;-105.34
89625.00;-105.19
89627.93;-105.50
89630.86;-105.42
89633.79;-105.26
89636.72;-105.42
89639.65;-105.34
89642.58;-105.26
89645.51;-105.19
89648.44;-105.03
89651.37;-104.87
89654.30;-105.03
89657.23;-105.19
89660.16;-105.03
89663.09;-105.34
89666.02;-105.03
89668.95;-105.11
89671.88;-105.50
89674.80;-105.42
89677.73;-105.26
89680.66;-105.42
89683.59;-105.50
89686.52;-105.42
89689.45;-105.11
89692.38;-105.11
89695.31;-105.42
89698.24;-105.42
89701.17;-105.03
89704.10;-105.19
89707.03;-105.42
89709.96;-105.26
89712.89;-105.26
89715.82;-105.42
89718.75;-105.50
89721.68;-105.34
89724.61;-105.11
89727.54;-105.34
89730.47;-105.26
89733.40;-105.11
89736.33;-105.11
89739.26;-105.34
89742.19;-105.42
89745.12;-105.26
89748.05;-105.11
89750.98;-105.19
89753.91;-105.34
89756.84;-105.58
89759.77;-105.73
89762.70;-105.42
89765.63;-105.26
89768.55;-105.26
89771.48;-105.34
89774.41;-105.11
89777.34;-105.42
89780.27;-105.66
89783.20;-105.58
89786.13;-105.58
89789.06;-105.50
89791.99;-105.11
89794.92;-105.11
89797.85;-105.11
89800.78;-104.80
89803.71;-105.03
89806.64;-105.34
89809.57;-105.26
89812.50;-105.11
89815.43;-105.26
89818.36;-105.34
89821.29;-105.34
89824.22;-105.34
89827.15;-105.50
89830.08;-105.50
89833.01;-105.50
89835.94;-105.50
89838.87;-105.26
89841.80;-105.42
89844.73;-105.50
89847.66;-105.19
89850.59;-105.26
89853.52;-105.42
89856.45;-105.19
89859.38;-105.42
89862.30;-105.26
89865.23;-105.19
89868.16;-105.19
89871.09;-105.19
89874.02;-105.26
89876.95;-105.11
89879.88;-105.03
89882.81;-105.03
89885.74;-105.34
89888.67;-105.34
89891.60;-105.19
89894.53;-105.19
89897.46;-105.42
89900.39;-105.42
89903.32;-105.26
89906.25;-105.34
89909.18;-105.11
89912.11;-105.26
89915.04;-105.11
89917.97;-105.03
89920.90;-105.03
89923.83;-104.80
89926.76;-105.11
89929.69;-105.11
89932.62;-105.03
89935.55;-105.26
89938.48;-105.11
89941.41;-105.11
89944.34;-105.19
89947.27;-105.42
89950.20;-105.34
89953.13;-105.11
89956.05;-105.26
89958.98;-105.34
89961.91;-105.50
89964.84;-105.26
89967.77;-104.95
89970.70;-105.03
89973.63;-105.19
89976.56;-104.95
89979.49;-105.11
89982.42;-105.34
89985.35;-105.19
89988.28;-105.34
89991.21;-105.50
89994.14;-105.42
89997.07;-105.11
90000.00;-105.11
90002.93;-105.42
90005.86;-105.34
90008.79;-105.19
90011.72;-105.11
90014.65;-105.11
90017.58;-105.03
90020.51;-105.26
90023.44;-105.50
90026.37;-105.58
90029.30;-105.42
90032.23;-105.42
90035.16;-105.19
90038.09;-105.26
90041.02;-105.26
90043.95;-105.19
90046.88;-105.19
90049.80;-105.42
90052.73;-105.50
90055.66;-105.34
90058.59;-105.19
90061.52;-105.03
90064.45;-105.03
90067.38;-105.26
90070.31;-105.26
90073.24;-105.26
90076.17;-105.26
90079.10;-105.11
90082.03;-105.34
90084.96;-105.50
90087.89;-105.26
90090.82;-105.19
90093.75;-105.26
90096.68;-105.03
90099.61;-104.80
90102.54;-105.19
90105.47;-105.50
90108.40;-105.42
90111.33;-105.11
90114.26;-105.26
90117.19;-105.34
90120.12;-105.34
90123.05;-105.34
90125.98;-105.11
90128.91;-105.34
90131.84;-105.50
90134.77;-105.42
90137.70;-105.19
90140.63;-105.19
90143.55;-105.26
90146.48;-105.11
90149.41;-105.26
90152.34;-105.42
90155.27;-105.50
90158.20;-105.34
90161.13;-105.26
90164.06;-105.42
90166.99;-105.11
90169.92;-105.19
90172.85;-105.03
90175.78;-104.95
90178.71;-105.34
90181.64;-105.34
90184.57;-105.34
90187.50;-105.50
90190.43;-105.58
90193.36;-105.34
90196.29;-105.42
90199.22;-105.34
90202.15;-105.03
90205.08;-105.03
90208.01;-105.11
90210.94;-105.26
90213.87;-105.42
90216.80;-105.26
90219.73;-105.03
90222.66;-105.19
90225.59;-105.34
90228.52;-105.50
90231.45;-105.26
90234.38;-105.26
90237.30;-105.42
90240.23;-105.26
90243.16;-105.19
90246.09;-105.19
90249.02;-105.19
90251.95;-105.19
90254.88;-105.11
90257.81;-105.19
90260.74;-105.11
90263.67;-105.34
90266.60;-105.50
90269.53;-105.26
90272.46;-105.26
90275.39;-105.50
90278.32;-105.58
90281.25;-105.66
90284.18;-105.42
90287.11;-105.42
90290.04;-105.50
90292.97;-105.19
90295.90;-105.19
90298.83;-105.50
90301.76;-105.34
90304.69;-105.11
90307.62;-105.03
90310.55;-105.03
90313.48;-105.34
90316.41;-105.42
90319.34;-105.34
90322.27;-105.19
90325.20;-105.26
90328.13;-105.26
90331.05;-105.34
90333.98;-105.26
90336.91;-105.11
90339.84;-105.58
90342.77;-105.34
90345.70;-105.19
90348.63;-105.26
90351.56;-105.26
90354.49;-105.34
90357.42;-105.42
90360.35;-105.34
90363.28;-105.42
90366.21;-105.42
90369.14;-105.42
90372.07;-105.26
90375.00;-105.11
90377.93;-105.11
90380.86;-105.26
90383.79;-105.26
90386.72;-105.19
90389.65;-105.34
90392.58;-105.11
90395.51;-105.03
90398.44;-104.87
90401.37;-105.03
90404.30;-105.34
90407.23;-105.58
90410.16;-105.58
90413.09;-105.50
90416.02;-105.34
90418.95;-105.26
90421.88;-105.19
90424.80;-105.19
90427.73;-105.34
90430.66;-105.26
90433.59;-105.26
90436.52;-105.42
90439.45;-105.58
90442.38;-105.42
90445.31;-105.42
90448.24;-105.58
90451.17;-105.58
90454.10;-105.42
90457.03;-105.26
90459.96;-105.34
90462.89;-105.50
90465.82;-105.26
90468.75;-105.03
90471.68;-105.34
90474.61;-105.34
90477.54;-104.80
90480.47;-105.26
90483.40;-105.42
90486.33;-105.26
90489.26;-105.03
90492.19;-105.26
90495.12;-105.42
90498.05;-105.34
90500.98;-105.11
90503.91;-105.19
90506.84;-105.26
90509.77;-105.34
90512.70;-105.42
90515.63;-105.19
90518.55;-105.11
90521.48;-105.34
90524.41;-105.19
90527.34;-105.26
90530.27;-105.19
90533.20;-105.26
90536.13;-105.26
90539.06;-105.26
90541.99;-105.11
90544.92;-105.19
90547.85;-105.26
90550.78;-105.26
90553.71;-105.19
90556.64;-105.19
90559.57;-105.11
90562.50;-104.95
90565.43;-105.11
90568.36;-105.19
90571.29;-105.34
90574.22;-105.34
90577.15;-105.34
90580.08;-105.42
90583.01;-105.34
90585.94;-105.26
90588.87;-105.26
90591.80;-105.26
90594.73;-105.34
90597.66;-105.42
90600.59;-105.34
90603.52;-105.19
90606.45;-105.42
90609.38;-105.42
90612.30;-105.34
90615.23;-105.11
90618.16;-105.19
90621.09;-105.34
90624.02;-105.34
90626.95;-105.42
90629.88;-105.42
90632.81;-105.50
90635.74;-105.42
90638.67;-105.26
90641.60;-105.19
90644.53;-105.03
90647.46;-105.42
90650.39;-105.42
90653.32;-105.42
90656.25;-105.26
90659.18;-105.34
90662.11;-105.11
90665.04;-105.03
90667.97;-105.19
90670.90;-105.34
90673.83;-105.26
90676.76;-105.19
90679.69;-105.19
90682.62;-105.26
90685.55;-105.11
90688.48;-105.19
90691.41;-105.11
90694.34;-105.26
90697.27;-105.26
90700.20;-105.34
90703.13;-105.50
90706.05;-105.66
90708.98;-105.58
90711.91;-105.50
90714.84;-105.34
90717.77;-105.34
90720.70;-105.19
90723.63;-105.42
90726.56;-105.26
90729.49;-105.11
90732.42;-104.80
90735.35;-105.03
90738.28;-105.26
90741.21;-105.26
90744.14;-105.34
90747.07;-105.34
90750.00;-105.26
90752.93;-105.42
90755.86;-105.26
90758.79;-105.26
90761.72;-105.50
90764.65;-105.42
90767.58;-105.11
90770.51;-105.26
90773.44;-105.34
90776.37;-105.50
90779.30;-105.34
90782.23;-105.19
90785.16;-105.19
90788.09;-105.26
90791.02;-105.19
90793.95;-105.11
90796.88;-105.26
90799.80;-105.11
90802.73;-105.26
90805.66;-105.34
90808.59;-105.26
90811.52;-105.11
90814.45;-105.11
90817.38;-105.26
90820.31;-105.26
90823.24;-105.42
90826.17;-105.50
90829.10;-105.42
90832.03;-105.11
90834.96;-105.26
90837.89;-104.95
90840.82;-105.34
90843.75;-105.66
90846.68;-105.50
90849.61;-105.19
90852.54;-105.19
90855.47;-105.50
90858.40;-105.58
90861.33;-105.42
90864.26;-105.50
90867.19;-105.34
90870.12;-105.34
90873.05;-105.34
90875.98;-105.34
90878.91;-105.42
90881.84;-105.26
90884.77;-105.26
90887.70;-105.19
90890.63;-105.50
90893.55;-105.58
90896.48;-105.58
90899.41;-105.58
90902.34;-105.58
90905.27;-105.50
90908.20;-105.34
90911.13;-105.19
90914.06;-105.34
90916.99;-105.26
90919.92;-105.26
90922.85;-105.34
90925.78;-105.34
90928.71;-105.26
90931.64;-105.19
90934.57;-105.34
90937.50;-105.34
90940.43;-105.11
90943.36;-104.95
90946.29;-105.34
90949.22;-105.34
90952.15;-105.26
90955.08;-105.42
90958.01;-105.34
90960.94;-105.42
90963.87;-105.19
90966.80;-105.03
90969.73;-105.66
90972.66;-105.66
90975.59;-105.50
90978.52;-105.42
90981.45;-105.34
90984.38;-105.58
90987.30;-105.58
90990.23;-105.50
90993.16;-105.50
90996.09;-105.50
90999.02;-105.34
91001.95;-105.26
91004.88;-105.26
91007.81;-105.19
91010.74;-105.26
91013.67;-105.34
91016.60;-105.42
91019.53;-105.50
91022.46;-105.50
91025.39;-105.19
91028.32;-105.50
91031.25;-105.42
91034.18;-105.34
91037.11;-105.19
91040.04;-105.34
91042.97;-105.19
91045.90;-105.50
91048.83;-105.19
91051.76;-105.11
91054.69;-105.34
91057.62;-105.26
91060.55;-105.26
91063.48;-105.26
91066.41;-105.34
91069.34;-105.50
91072.27;-105.42
91075.20;-105.34
91078.13;-105.26
91081.05;-105.34
91083.98;-105.42
91086.91;-105.26
91089.84;-105.50
91092.77;-105.66
91095.70;-105.34
91098.63;-105.34
91101.56;-105.19
91104.49;-105.19
91107.42;-105.11
91110.35;-105.42
91113.28;-105.58
91116.21;-105.34
91119.14;-105.11
91122.07;-105.03
91125.00;-105.19
91127.93;-105.19
91130.86;-105.26
91133.79;-105.26
91136.72;-105.34
91139.65;-105.50
91142.58;-105.50
91145.51;-105.42
91148.44;-105.34
91151.37;-105.34
91154.30;-105.26
91157.23;-105.50
91160.16;-105.34
91163.09;-105.34
91166.02;-105.42
91168.95;-105.42
91171.88;-105.42
91174.80;-105.42
91177.73;-105.26
91180.66;-105.26
91183.59;-105.34
91186.52;-105.50
91189.45;-105.42
91192.38;-105.26
91195.31;-105.34
91198.24;-105.19
91201.17;-105.42
91204.10;-105.19
91207.03;-105.34
91209.96;-105.11
91212.89;-105.11
91215.82;-105.50
91218.75;-105.42
91221.68;-105.26
91224.61;-105.26
91227.54;-105.19
91230.47;-105.42
91233.40;-105.42
91236.33;-105.50
91239.26;-105.42
91242.19;-105.42
91245.12;-105.50
91248.05;-105.26
91250.98;-105.26
91253.91;-105.26
91256.84;-105.03
91259.77;-105.42
91262.70;-105.50
91265.63;-105.11
91268.55;-105.34
91271.48;-105.50
91274.41;-105.34
91277.34;-105.42
91280.27;-105.34
91283.20;-105.34
91286.13;-105.42
91289.06;-105.26
91291.99;-105.42
91294.92;-105.58
91297.85;-105.58
91300.78;-105.66
91303.71;-105.50
91306.64;-105.58
91309.57;-105.50
91312.50;-105.50
91315.43;-105.34
91318.36;-105.26
91321.29;-105.50
91324.22;-105.26
91327.15;-105.26
91330.08;-105.58
91333.01;-105.58
91335.94;-105.50
91338.87;-105.50
91341.80;-105.42
91344.73;-105.19
91347.66;-105.11
91350.59;-105.50
91353.52;-105.42
91356.45;-105.34
91359.38;-105.42
91362.30;-105.19
91365.23;-105.03
91368.16;-105.50
91371.09;-105.50
91374.02;-105.66
91376.95;-105.42
91379.88;-105.42
91382.81;-105.42
91385.74;-104.95
91388.67;-105.11
91391.60;-105.19
91394.53;-105.26
91397.46;-105.26
91400.39;-105.50
91403.32;-105.42
91406.25;-105.34
91409.18;-105.19
91412.11;-105.03
91415.04;-105.34
91417.97;-105.34
91420.90;-105.34
91423.83;-105.19
91426.76;-105.26
91429.69;-105.34
91432.62;-105.34
91435.55;-105.58
91438.48;-105.58
91441.41;-105.03
91444.34;-105.03
91447.27;-105.26
91450.20;-105.42
91453.13;-105.50
91456.05;-105.42
91458.98;-105.03
91461.91;-105.11
91464.84;-105.26
91467.77;-105.34
91470.70;-105.26
91473.63;-105.34
91476.56;-105.50
91479.49;-105.42
91482.42;-105.58
91485.35;-105.26
91488.28;-105.03
91491.21;-105.26
91494.14;-105.50
91497.07;-105.42
91500.00;-105.34
91502.93;-105.50
91505.86;-105.42
91508.79;-105.42
91511.72;-105.50
91514.65;-105.42
91517.58;-105.42
91520.51;-105.34
91523.44;-105.19
91526.37;-105.26
91529.30;-105.42
91532.23;-105.58
91535.16;-105.58
91538.09;-105.42
91541.02;-105.11
91543.95;-105.19
91546.88;-105.50
91549.80;-105.34
91552.73;-105.26
91555.66;-105.19
91558.59;-105.34
91561.52;-105.26
91564.45;-105.42
91567.38;-105.42
91570.31;-105.26
91573.24;-105.03
91576.17;-104.95
91579.10;-105.42
91582.03;-105.42
91584.96;-105.42
91587.89;-105.50
91590.82;-105.42
91593.75;-105.34
91596.68;-105.42
91599.61;-105.42
91602.54;-105.34
91605.47;-105.11
91608.40;-105.34
91611.33;-105.26
91614.26;-105.19
91617.19;-105.26
91620.12;-105.58
91623.05;-105.26
91625.98;-105.19
91628.91;-105.34
91631.84;-105.11
91634.77;-104.95
91637.70;-105.19
91640.63;-105.03
91643.55;-105.19
91646.48;-104.95
91649.41;-104.72
91652.34;-105.19
91655.27;-105.34
91658.20;-105.19
91661.13;-104.95
91664.06;-105.19
91666.99;-105.42
91669.92;-105.42
91672.85;-105.50
91675.78;-105.42
91678.71;-105.03
91681.64;-105.03
91684.57;-105.11
91687.50;-105.11
91690.43;-105.19
91693.36;-105.50
91696.29;-105.58
91699.22;-105.42
91702.15;-105.26
91705.08;-105.26
91708.01;-105.19
91710.94;-105.19
91713.87;-105.34
91716.80;-105.42
91719.73;-105.66
91722.66;-105.50
91725.59;-105.58
91728.52;-105.73
91731.45;-105.26
91734.38;-105.19
91737.30;-105.19
91740.23;-105.42
91743.16;-105.42
91746.09;-105.42
91749.02;-105.50
91751.95;-105.34
91754.88;-105.19
91757.81;-105.42
91760.74;-105.58
91763.67;-105.42
91766.60;-105.26
91769.53;-105.19
91772.46;-105.26
91775.39;-105.50
91778.32;-105.58
91781.25;-105.26
91784.18;-105.03
91787.11;-105.26
91790.04;-105.26
91792.97;-105.34
91795.90;-105.42
91798.83;-105.42
91801.76;-105.42
91804.69;-105.34
91807.62;-105.34
91810.55;-105.34
91813.48;-105.42
91816.41;-105.58
91819.34;-105.42
91822.27;-105.34
91825.20;-105.34
91828.13;-105.26
91831.05;-105.34
91833.98;-105.66
91836.91;-105.58
91839.84;-105.34
91842.77;-105.42
91845.70;-105.34
91848.63;-105.11
91851.56;-105.26
91854.49;-105.50
91857.42;-105.26
91860.35;-105.34
91863.28;-105.42
91866.21;-105.26
91869.14;-105.26
91872.07;-105.50
91875.00;-105.34
91877.93;-105.19
91880.86;-105.19
91883.79;-105.34
91886.72;-105.19
91889.65;-105.19
91892.58;-105.34
91895.51;-105.42
91898.44;-105.19
91901.37;-105.34
91904.30;-105.19
91907.23;-105.34
91910.16;-105.42
91913.09;-105.58
91916.02;-105.66
91918.95;-105.03
91921.88;-105.19
91924.80;-105.42
91927.73;-105.34
91930.66;-105.19
91933.59;-105.50
91936.52;-105.81
91939.45;-105.58
91942.38;-105.34
91945.31;-105.42
91948.24;-105.11
91951.17;-105.26
91954.10;-105.26
91957.03;-105.34
91959.96;-105.42
91962.89;-105.50
91965.82;-105.42
91968.75;-105.58
91971.68;-105.81
91974.61;-105.58
91977.54;-105.42
91980.47;-105.26
91983.40;-105.34
91986.33;-105.34
91989.26;-105.42
91992.19;-105.26
91995.12;-105.26
91998.05;-105.50
92000.98;-105.42
92003.91;-105.66
92006.84;-105.66
92009.77;-105.66
92012.70;-105.66
92015.63;-105.26
92018.55;-105.11
92021.48;-105.34
92024.41;-105.42
92027.34;-105.26
92030.27;-105.26
92033.20;-105.19
92036.13;-105.42
92039.06;-105.73
92041.99;-105.42
92044.92;-105.19
92047.85;-105.26
92050.78;-105.19
92053.71;-105.19
92056.64;-105.11
92059.57;-105.26
92062.50;-105.42
92065.43;-105.19
92068.36;-105.26
92071.29;-105.50
92074.22;-105.50
92077.15;-105.42
92080.08;-105.58
92083.01;-105.42
92085.94;-105.42
92088.87;-105.42
92091.80;-105.19
92094.73;-105.26
92097.66;-105.26
92100.59;-105.34
92103.52;-105.50
92106.45;-105.58
92109.38;-105.26
92112.30;-105.34
92115.23;-105.50
92118.16;-105.26
92121.09;-105.34
92124.02;-105.19
92126.95;-105.58
92129.88;-105.34
92132.81;-105.19
92135.74;-105.26
92138.67;-105.58
92141.60;-105.50
92144.53;-105.26
92147.46;-105.26
92150.39;-105.26
92153.32;-105.50
92156.25;-105.19
92159.18;-105.26
92162.11;-105.34
92165.04;-105.34
92167.97;-105.26
92170.90;-105.11
92173.83;-105.42
92176.76;-105.73
92179.69;-105.42
92182.62;-105.34
92185.55;-105.11
92188.48;-105.19
92191.41;-105.34
92194.34;-105.34
92197.27;-105.34
92200.20;-105.34
92203.13;-105.19
92206.05;-105.42
92208.98;-105.42
92211.91;-105.42
92214.84;-105.19
92217.77;-105.19
92220.70;-105.66
92223.63;-105.58
92226.56;-105.42
92229.49;-105.26
92232.42;-105.42
92235.35;-105.42
92238.28;-105.42
92241.21;-105.50
92244.14;-105.42
92247.07;-105.19
92250.00;-105.42
92252.93;-105.50
92255.86;-105.34
92258.79;-105.26
92261.72;-105.42
92264.65;-105.50
92267.58;-105.19
92270.51;-105.19
92273.44;-105.26
92276.37;-105.26
92279.30;-105.11
92282.23;-105.26
92285.16;-105.34
92288.09;-105.42
92291.02;-105.42
92293.95;-105.66
92296.88;-105.73
92299.80;-105.50
92302.73;-105.42
92305.66;-105.26
92308.59;-105.34
92311.52;-105.19
92314.45;-105.26
92317.38;-105.26
92320.31;-105.26
92323.24;-105.66
92326.17;-105.58
92329.10;-105.42
92332.03;-105.26
92334.96;-105.50
92337.89;-105.66
92340.82;-105.50
92343.75;-105.42
92346.68;-105.26
92349.61;-105.11
92352.54;-105.26
92355.47;-105.42
92358.40;-105.26
92361.33;-105.26
92364.26;-105.11
92367.19;-105.11
92370.12;-105.34
92373.05;-105.26
92375.98;-105.19
92378.91;-105.34
92381.84;-105.42
92384.77;-105.11
92387.70;-105.34
92390.63;-105.42
92393.55;-105.50
92396.48;-105.42
92399.41;-105.19
92402.34;-105.03
92405.27;-105.26
92408.20;-105.42
92411.13;-105.34
92414.06;-105.42
92416.99;-105.11
92419.92;-105.50
92422.85;-105.73
92425.78;-105.66
92428.71;-105.58
92431.64;-105.58
92434.57;-105.66
92437.50;-105.19
92440.43;-105.26
92443.36;-105.19
92446.29;-105.19
92449.22;-105.50
92452.15;-105.66
92455.08;-105.66
92458.01;-105.26
92460.94;-105.42
92463.87;-105.34
92466.80;-104.95
92469.73;-105.11
92472.66;-105.34
92475.59;-105.19
92478.52;-105.26
92481.45;-105.50
92484.38;-105.50
92487.30;-105.42
92490.23;-105.11
92493.16;-105.50
92496.09;-105.58
92499.02;-105.50
92501.95;-105.42
92504.88;-105.42
92507.81;-105.03
92510.74;-104.95
92513.67;-105.11
92516.60;-105.50
92519.53;-105.42
92522.46;-105.50
92525.39;-105.34
92528.32;-105.42
92531.25;-105.34
92534.18;-105.58
92537.11;-105.73
92540.04;-105.97
92542.97;-105.58
92545.90;-105.50
92548.83;-105.34
92551.76;-105.50
92554.69;-105.42
92557.62;-105.11
92560.55;-105.11
92563.48;-105.26
92566.41;-105.42
92569.34;-105.58
92572.27;-105.50
92575.20;-105.26
92578.13;-105.34
92581.05;-105.19
92583.98;-105.26
92586.91;-105.34
92589.84;-105.42
92592.77;-105.34
92595.70;-105.42
92598.63;-105.42
92601.56;-105.34
92604.49;-105.19
92607.42;-105.26
92610.35;-105.26
92613.28;-105.42
92616.21;-105.26
92619.14;-105.34
92622.07;-105.50
92625.00;-105.58
92627.93;-105.50
92630.86;-105.11
92633.79;-105.34
92636.72;-105.34
92639.65;-105.42
92642.58;-105.42
92645.51;-105.50
92648.44;-105.58
92651.37;-105.50
92654.30;-105.58
92657.23;-105.50
92660.16;-105.42
92663.09;-105.73
92666.02;-105.81
92668.95;-105.66
92671.88;-105.73
92674.80;-105.42
92677.73;-105.50
92680.66;-105.73
92683.59;-105.50
92686.52;-105.34
92689.45;-105.42
92692.38;-105.50
92695.31;-105.42
92698.24;-105.26
92701.17;-105.42
92704.10;-105.42
92707.03;-105.50
92709.96;-105.34
92712.89;-105.34
92715.82;-105.34
92718.75;-105.50
92721.68;-105.42
92724.61;-105.34
92727.54;-105.34
92730.47;-105.34
92733.40;-105.26
92736.33;-105.42
92739.26;-105.26
92742.19;-105.42
92745.12;-105.34
92748.05;-105.34
92750.98;-105.58
92753.91;-105.66
92756.84;-105.34
92759.77;-105.26
92762.70;-105.34
92765.63;-105.50
92768.55;-105.50
92771.48;-105.42
92774.41;-105.34
92777.34;-105.50
92780.27;-105.66
92783.20;-105.50
92786.13;-105.42
92789.06;-105.50
92791.99;-105.42
92794.92;-105.34
92797.85;-105.58
92800.78;-105.50
92803.71;-105.42
92806.64;-105.42
92809.57;-105.58
92812.50;-105.26
92815.43;-105.26
92818.36;-105.50
92821.29;-105.50
92824.22;-105.42
92827.15;-105.26
92830.08;-105.34
92833.01;-105.34
92835.94;-105.26
92838.87;-105.50
92841.80;-105.34
92844.73;-105.19
92847.66;-105.34
92850.59;-105.19
92853.52;-105.19
92856.45;-105.11
92859.38;-105.19
92862.30;-105.19
92865.23;-105.42
92868.16;-105.58
92871.09;-105.50
92874.02;-105.58
92876.95;-105.42
92879.88;-105.26
92882.81;-104.80
92885.74;-104.95
92888.67;-105.34
92891.60;-105.42
92894.53;-105.42
92897.46;-105.34
92900.39;-105.26
92903.32;-105.50
92906.25;-105.58
92909.18;-105.34
92912.11;-105.42
92915.04;-105.19
92917.97;-105.19
92920.90;-105.11
92923.83;-105.11
92926.76;-105.19
92929.69;-105.26
92932.62;-105.50
92935.55;-105.58
92938.48;-105.26
92941.41;-105.42
92944.34;-105.50
92947.27;-105.19
92950.20;-105.42
92953.13;-105.34
92956.05;-105.26
92958.98;-105.50
92961.91;-105.34
92964.84;-105.19
92967.77;-105.26
92970.70;-105.34
92973.63;-105.42
92976.56;-105.50
92979.49;-105.50
92982.42;-105.66
92985.35;-105.50
92988.28;-105.66
92991.21;-105.58
92994.14;-105.58
92997.07;-105.58
93000.00;-105.50
93002.93;-105.34
93005.86;-105.26
93008.79;-105.50
93011.72;-105.50
93014.65;-105.58
93017.58;-105.50
93020.51;-105.42
93023.44;-105.34
93026.37;-105.26
93029.30;-105.19
93032.23;-105.11
93035.16;-105.42
93038.09;-105.66
93041.02;-105.50
93043.95;-105.34
93046.88;-105.03
93049.80;-105.58
93052.73;-105.73
93055.66;-105.58
93058.59;-105.42
93061.52;-105.50
93064.45;-105.66
93067.38;-105.73
93070.31;-105.89
93073.24;-105.66
93076.17;-105.66
93079.10;-105.42
93082.03;-105.11
93084.96;-105.11
93087.89;-105.34
93090.82;-105.34
93093.75;-105.42
93096.68;-105.26
93099.61;-105.34
93102.54;-105.19
93105.47;-105.03
93108.40;-105.26
93111.33;-105.34
93114.26;-105.26
93117.19;-105.50
93120.12;-105.50
93123.05;-105.26
93125.98;-105.34
93128.91;-105.34
93131.84;-105.66
93134.77;-105.66
93137.70;-105.42
93140.63;-105.50
93143.55;-105.34
93146.48;-105.19
93149.41;-105.42
93152.34;-105.42
93155.27;-105.19
93158.20;-105.34
93161.13;-105.34
93164.06;-105.19
93166.99;-105.34
93169.92;-105.66
93172.85;-105.42
93175.78;-105.26
93178.71;-105.26
93181.64;-105.42
93184.57;-105.34
93187.50;-105.34
93190.43;-105.42
93193.36;-105.34
93196.29;-105.50
93199.22;-105.66
93202.15;-105.66
93205.08;-105.50
93208.01;-105.26
93210.94;-105.11
93213.87;-105.19
93216.80;-105.26
93219.73;-105.34
93222.66;-105.58
93225.59;-105.66
93228.52;-105.58
93231.45;-105.26
93234.38;-105.11
93237.30;-105.42
93240.23;-105.34
93243.16;-105.26
93246.09;-105.26
93249.02;-105.11
93251.95;-105.42
93254.88;-105.42
93257.81;-105.26
93260.74;-105.34
93263.67;-105.34
93266.60;-105.19
93269.53;-105.19
93272.46;-105.42
93275.39;-105.50
93278.32;-105.50
93281.25;-105.19
93284.18;-105.34
93287.11;-105.19
93290.04;-105.26
93292.97;-105.58
93295.90;-105.50
93298.83;-105.58
93301.76;-105.26
93304.69;-105.34
93307.62;-105.42
93310.55;-105.26
93313.48;-105.19
93316.41;-105.42
93319.34;-105.66
93322.27;-105.42
93325.20;-105.50
93328.13;-105.50
93331.05;-105.50
93333.98;-105.19
93336.91;-105.26
93339.84;-105.50
93342.77;-105.50
93345.70;-105.34
93348.63;-105.42
93351.56;-105.58
93354.49;-105.42
93357.42;-105.34
93360.35;-105.42
93363.28;-105.26
93366.21;-105.50
93369.14;-105.73
93372.07;-105.58
93375.00;-105.50
93377.93;-105.58
93380.86;-105.81
93383.79;-105.50
93386.72;-105.50
93389.65;-105.42
93392.58;-105.34
93395.51;-105.50
93398.44;-105.42
93401.37;-105.26
93404.30;-105.26
93407.23;-105.34
93410.16;-105.42
93413.09;-105.66
93416.02;-105.66
93418.95;-105.58
93421.88;-105.42
93424.80;-105.50
93427.73;-105.11
93430.66;-105.26
93433.59;-105.34
93436.52;-105.19
93439.45;-105.34
93442.38;-105.58
93445.31;-105.26
93448.24;-105.58
93451.17;-105.66
93454.10;-105.42
93457.03;-105.50
93459.96;-105.42
93462.89;-105.42
93465.82;-105.19
93468.75;-105.19
93471.68;-105.34
93474.61;-105.66
93477.54;-105.66
93480.47;-105.42
93483.40;-105.58
93486.33;-105.34
93489.26;-105.50
93492.19;-105.50
93495.12;-105.58
93498.05;-105.66
93500.98;-105.34
93503.91;-105.42
93506.84;-105.50
93509.77;-105.50
93512.70;-105.42
93515.63;-105.34
93518.55;-105.42
93521.48;-105.34
93524.41;-105.19
93527.34;-105.34
93530.27;-105.50
93533.20;-105.81
93536.13;-105.73
93539.06;-105.66
93541.99;-105.42
93544.92;-105.34
93547.85;-105.50
93550.78;-105.50
93553.71;-105.58
93556.64;-105.66
93559.57;-105.58
93562.50;-105.66
93565.43;-105.66
93568.36;-105.34
93571.29;-105.34
93574.22;-105.66
93577.15;-105.58
93580.08;-105.50
93583.01;-105.66
93585.94;-105.50
93588.87;-105.50
93591.80;-105.58
93594.73;-105.26
93597.66;-105.58
93600.59;-105.66
93603.52;-105.26
93606.45;-105.42
93609.38;-105.50
93612.30;-105.34
93615.23;-105.50
93618.16;-105.50
93621.09;-105.19
93624.02;-105.19
93626.95;-105.34
93629.88;-105.50
93632.81;-105.11
93635.74;-105.19
93638.67;-105.19
93641.60;-105.11
93644.53;-105.19
93647.46;-105.58
93650.39;-105.66
93653.32;-105.81
93656.25;-105.42
93659.18;-105.42
93662.11;-105.34
93665.04;-105.42
93667.97;-105.66
93670.90;-105.42
93673.83;-105.42
93676.76;-105.42
93679.69;-105.42
93682.62;-105.42
93685.55;-105.26
93688.48;-105.34
93691.41;-105.42
93694.34;-105.11
93697.27;-105.11
93700.20;-105.34
93703.13;-105.66
93706.05;-105.66
93708.98;-105.50
93711.91;-105.50
93714.84;-105.26
93717.77;-105.19
93720.70;-105.11
93723.63;-105.58
93726.56;-105.73
93729.49;-105.42
93732.42;-105.42
93735.35;-105.19
93738.28;-105.50
93741.21;-105.42
93744.14;-105.26
93747.07;-105.19
93750.00;-105.26
93752.93;-105.42
93755.86;-105.42
93758.79;-105.42
93761.72;-105.26
93764.65;-105.19
93767.58;-105.19
93770.51;-105.26
93773.44;-105.50
93776.37;-105.66
93779.30;-105.73
93782.23;-105.66
93785.16;-105.42
93788.09;-105.50
93791.02;-105.66
93793.95;-105.66
93796.88;-105.34
93799.80;-105.50
93802.73;-105.58
93805.66;-105.66
93808.59;-105.73
93811.52;-105.66
93814.45;-105.81
93817.38;-105.73
93820.31;-105.81
93823.24;-105.50
93826.17;-105.34
93829.10;-105.34
93832.03;-105.26
93834.96;-105.26
93837.89;-105.34
93840.82;-105.26
93843.75;-105.26
93846.68;-105.66
93849.61;-105.73
93852.54;-105.58
93855.47;-105.58
93858.40;-105.42
93861.33;-105.42
93864.26;-105.42
93867.19;-105.66
93870.12;-105.26
93873.05;-105.26
93875.98;-105.26
93878.91;-105.26
93881.84;-105.26
93884.77;-105.26
93887.70;-105.42
93890.63;-105.34
93893.55;-105.42
93896.48;-105.50
93899.41;-105.58
93902.34;-105.19
93905.27;-105.34
93908.20;-105.42
93911.13;-105.66
93914.06;-105.89
93916.99;-105.73
93919.92;-105.66
93922.85;-105.58
93925.78;-105.26
93928.71;-105.26
93931.64;-105.26
93934.57;-105.50
93937.50;-105.50
93940.43;-105.42
93943.36;-105.26
93946.29;-105.34
93949.22;-105.34
93952.15;-105.34
93955.08;-105.34
93958.01;-105.50
93960.94;-105.50
93963.87;-105.42
93966.80;-105.26
93969.73;-105.26
93972.66;-105.34
93975.59;-105.34
93978.52;-105.26
93981.45;-105.26
93984.38;-105.50
93987.30;-105.73
93990.23;-105.34
93993.16;-105.42
93996.09;-105.50
93999.02;-105.34
94001.95;-105.34
94004.88;-105.42
94007.81;-105.34
94010.74;-105.19
94013.67;-105.34
94016.60;-105.26
94019.53;-105.19
94022.46;-105.34
94025.39;-105.42
94028.32;-105.50
94031.25;-105.58
94034.18;-105.34
94037.11;-105.42
94040.04;-105.34
94042.97;-105.19
94045.90;-105.50
94048.83;-105.81
94051.76;-105.66
94054.69;-105.50
94057.62;-105.50
94060.55;-105.34
94063.48;-105.42
94066.41;-105.73
94069.34;-105.58
94072.27;-105.34
94075.20;-105.19
94078.13;-105.11
94081.05;-105.26
94083.98;-105.73
94086.91;-105.66
94089.84;-105.19
94092.77;-105.42
94095.70;-105.66
94098.63;-105.42
94101.56;-105.26
94104.49;-105.42
94107.42;-105.26
94110.35;-105.34
94113.28;-105.50
94116.21;-105.66
94119.14;-105.19
94122.07;-105.26
94125.00;-105.19
94127.93;-105.58
94130.86;-105.58
94133.79;-105.73
94136.72;-105.42
94139.65;-105.50
94142.58;-105.73
94145.51;-105.66
94148.44;-105.34
94151.37;-105.26
94154.30;-105.50
94157.23;-105.42
94160.16;-105.26
94163.09;-105.34
94166.02;-105.26
94168.95;-105.42
94171.88;-105.58
94174.80;-105.50
94177.73;-105.19
94180.66;-105.11
94183.59;-105.26
94186.52;-105.50
94189.45;-105.42
94192.38;-105.50
94195.31;-105.58
94198.24;-105.50
94201.17;-105.42
94204.10;-105.66
94207.03;-105.81
94209.96;-105.58
94212.89;-105.66
94215.82;-105.73
94218.75;-105.50
94221.68;-105.42
94224.61;-105.26
94227.54;-105.34
94230.47;-105.34
94233.40;-105.19
94236.33;-105.19
94239.26;-105.34
94242.19;-105.50
94245.12;-105.58
94248.05;-105.19
94250.98;-105.26
94253.91;-105.42
94256.84;-105.34
94259.77;-105.19
94262.70;-105.26
94265.63;-105.42
94268.55;-105.34
94271.48;-105.50
94274.41;-105.50
94277.34;-105.42
94280.27;-105.58
94283.20;-105.50
94286.13;-105.50
94289.06;-105.34
94291.99;-105.42
94294.92;-105.66
94297.85;-105.58
94300.78;-105.58
94303.71;-105.26
94306.64;-105.50
94309.57;-105.58
94312.50;-105.34
94315.43;-105.34
94318.36;-105.34
94321.29;-105.34
94324.22;-105.03
94327.15;-105.19
94330.08;-105.58
94333.01;-105.34
94335.94;-105.34
94338.87;-105.50
94341.80;-105.58
94344.73;-105.58
94347.66;-105.58
94350.59;-105.73
94353.52;-105.50
94356.45;-105.58
94359.38;-105.50
94362.30;-105.26
94365.23;-105.19
94368.16;-105.50
94371.09;-105.34
94374.02;-105.42
94376.95;-105.42
94379.88;-105.58
94382.81;-105.34
94385.74;-105.34
94388.67;-105.50
94391.60;-105.58
94394.53;-105.50
94397.46;-105.66
94400.39;-105.50
94403.32;-105.42
94406.25;-105.26
94409.18;-105.58
94412.11;-105.58
94415.04;-105.50
94417.97;-105.26
94420.90;-105.26
94423.83;-105.58
94426.76;-105.73
94429.69;-105.50
94432.62;-105.19
94435.55;-105.19
94438.48;-105.26
94441.41;-105.42
94444.34;-105.50
94447.27;-105.34
94450.20;-105.50
94453.13;-105.42
94456.05;-105.42
94458.98;-105.50
94461.91;-105.66
94464.84;-105.66
94467.77;-105.42
94470.70;-105.19
94473.63;-105.34
94476.56;-105.42
94479.49;-105.58
94482.42;-105.50
94485.35;-105.58
94488.28;-105.50
94491.21;-105.66
94494.14;-105.50
94497.07;-105.42
94500.00;-105.42
94502.93;-105.50
94505.86;-105.50
94508.79;-105.26
94511.72;-105.42
94514.65;-105.66
94517.58;-105.50
94520.51;-105.42
94523.44;-105.42
94526.37;-105.26
94529.30;-105.42
94532.23;-105.50
94535.16;-105.50
94538.09;-105.42
94541.02;-105.58
94543.95;-105.42
94546.88;-105.73
94549.80;-105.81
94552.73;-105.58
94555.66;-105.50
94558.59;-105.42
94561.52;-105.58
94564.45;-105.58
94567.38;-105.42
94570.31;-105.42
94573.24;-105.11
94576.17;-105.11
94579.10;-105.11
94582.03;-105.50
94584.96;-105.58
94587.89;-105.66
94590.82;-105.42
94593.75;-105.50
94596.68;-105.26
94599.61;-105.42
94602.54;-105.50
94605.47;-105.26
94608.40;-105.58
94611.33;-105.66
94614.26;-105.42
94617.19;-105.34
94620.12;-105.42
94623.05;-105.50
94625.98;-105.58
94628.91;-105.58
94631.84;-105.42
94634.77;-105.66
94637.70;-105.73
94640.63;-105.66
94643.55;-105.73
94646.48;-105.42
94649.41;-105.26
94652.34;-105.26
94655.27;-105.42
94658.20;-105.58
94661.13;-105.42
94664.06;-105.42
94666.99;-105.73
94669.92;-105.66
94672.85;-105.42
94675.78;-105.42
94678.71;-105.50
94681.64;-105.50
94684.57;-105.66
94687.50;-105.58
94690.43;-105.66
94693.36;-105.58
94696.29;-105.50
94699.22;-105.58
94702.15;-105.34
94705.08;-105.42
94708.01;-105.34
94710.94;-105.34
94713.87;-105.42
94716.80;-105.58
94719.73;-105.42
94722.66;-105.58
94725.59;-105.50
94728.52;-105.34
94731.45;-105.58
94734.38;-105.89
94737.30;-105.58
94740.23;-105.50
94743.16;-105.34
94746.09;-105.42
94749.02;-105.50
94751.95;-105.50
94754.88;-105.50
94757.81;-105.58
94760.74;-105.73
94763.67;-105.50
94766.60;-105.34
94769.53;-105.50
94772.46;-105.58
94775.39;-105.42
94778.32;-105.42
94781.25;-105.42
94784.18;-105.42
94787.11;-105.34
94790.04;-105.42
94792.97;-105.42
94795.90;-105.50
94798.83;-105.50
94801.76;-105.50
94804.69;-105.42
94807.62;-105.42
94810.55;-105.73
94813.48;-105.58
94816.41;-105.50
94819.34;-105.34
94822.27;-105.34
94825.20;-105.50
94828.13;-105.50
94831.05;-105.42
94833.98;-105.42
94836.91;-105.34
94839.84;-105.34
94842.77;-105.50
94845.70;-105.34
94848.63;-105.26
94851.56;-105.42
94854.49;-105.73
94857.42;-105.58
94860.35;-105.42
94863.28;-105.42
94866.21;-105.42
94869.14;-105.26
94872.07;-105.26
94875.00;-105.50
94877.93;-105.19
94880.86;-105.26
94883.79;-105.42
94886.72;-105.42
94889.65;-105.42
94892.58;-105.50
94895.51;-105.34
94898.44;-105.42
94901.37;-105.66
94904.30;-105.81
94907.23;-105.73
94910.16;-105.50
94913.09;-105.42
94916.02;-105.26
94918.95;-105.34
94921.88;-105.42
94924.80;-105.50
94927.73;-105.66
94930.66;-105.66
94933.59;-105.50
94936.52;-105.34
94939.45;-105.26
94942.38;-105.19
94945.31;-105.50
94948.24;-105.34
94951.17;-105.26
94954.10;-105.42
94957.03;-105.42
94959.96;-105.50
94962.89;-105.34
94965.82;-105.26
94968.75;-105.58
94971.68;-105.73
94974.61;-105.42
94977.54;-105.73
94980.47;-105.58
94983.40;-105.34
94986.33;-105.50
94989.26;-105.34
94992.19;-105.50
94995.12;-105.50
94998.05;-105.58
95000.98;-105.58
95003.91;-105.26
95006.84;-105.26
95009.77;-105.19
95012.70;-105.50
95015.63;-105.50
95018.55;-105.34
95021.48;-105.42
95024.41;-105.66
95027.34;-105.66
95030.27;-105.42
95033.20;-105.34
95036.13;-105.58
95039.06;-105.66
95041.99;-105.66
95044.92;-105.58
95047.85;-105.50
95050.78;-105.58
95053.71;-105.66
95056.64;-105.50
95059.57;-105.34
95062.50;-105.34
95065.43;-105.50
95068.36;-105.66
95071.29;-105.50
95074.22;-105.34
95077.15;-105.42
95080.08;-105.42
95083.01;-105.58
95085.94;-105.50
95088.87;-105.66
95091.80;-105.58
95094.73;-105.66
95097.66;-105.42
95100.59;-105.26
95103.52;-105.34
95106.45;-105.42
95109.38;-105.42
95112.30;-105.42
95115.23;-105.50
95118.16;-105.42
95121.09;-105.66
95124.02;-105.73
95126.95;-105.73
95129.88;-105.66
95132.81;-105.66
95135.74;-105.50
95138.67;-105.66
95141.60;-105.66
95144.53;-105.58
95147.46;-105.50
95150.39;-105.89
95153.32;-105.97
95156.25;-105.42
95159.18;-105.26
95162.11;-105.42
95165.04;-105.34
95167.97;-105.34
95170.90;-105.66
95173.83;-105.66
95176.76;-105.58
95179.69;-105.50
95182.62;-105.50
95185.55;-105.58
95188.48;-105.66
95191.41;-105.81
95194.34;-105.58
95197.27;-105.42
95200.20;-105.66
95203.13;-105.66
95206.05;-105.42
95208.98;-105.42
95211.91;-105.50
95214.84;-105.42
95217.77;-105.26
95220.70;-105.66
95223.63;-105.81
95226.56;-105.50
95229.49;-105.50
95232.42;-105.58
95235.35;-105.42
95238.28;-105.50
95241.21;-105.26
95244.14;-105.34
95247.07;-105.34
95250.00;-105.58
95252.93;-105.58
95255.86;-105.50
95258.79;-105.42
95261.72;-105.11
95264.65;-105.11
95267.58;-105.42
95270.51;-105.66
95273.44;-105.50
95276.37;-105.34
95279.30;-105.42
95282.23;-105.34
95285.16;-105.50
95288.09;-105.66
95291.02;-105.58
95293.95;-105.50
95296.88;-105.50
95299.80;-105.50
95302.73;-105.34
95305.66;-105.66
95308.59;-105.73
95311.52;-105.58
95314.45;-105.50
95317.38;-105.26
95320.31;-105.34
95323.24;-105.26
95326.17;-105.58
95329.10;-105.50
95332.03;-105.34
95334.96;-105.66
95337.89;-105.58
95340.82;-105.58
95343.75;-105.58
95346.68;-105.50
95349.61;-105.66
95352.54;-105.66
95355.47;-105.42
95358.40;-105.81
95361.33;-105.58
95364.26;-105.50
95367.19;-105.58
95370.12;-105.50
95373.05;-105.50
95375.98;-105.34
95378.91;-105.42
95381.84;-105.58
95384.77;-105.50
95387.70;-105.42
95390.63;-105.50
95393.55;-105.50
95396.48;-105.42
95399.41;-105.66
95402.34;-105.42
95405.27;-105.26
95408.20;-105.19
95411.13;-105.34
95414.06;-105.50
95416.99;-105.73
95419.92;-105.73
95422.85;-105.26
95425.78;-105.26
95428.71;-105.50
95431.64;-105.34
95434.57;-105.19
95437.50;-105.42
95440.43;-105.58
95443.36;-105.34
95446.29;-105.50
95449.22;-105.50
95452.15;-105.42
95455.08;-105.50
95458.01;-105.50
95460.94;-105.34
95463.87;-105.50
95466.80;-105.58
95469.73;-105.34
95472.66;-105.42
95475.59;-105.19
95478.52;-105.42
95481.45;-105.66
95484.38;-105.66
95487.30;-105.34
95490.23;-105.19
95493.16;-105.42
95496.09;-105.58
95499.02;-105.11
95501.95;-105.19
95504.88;-105.19
95507.81;-105.03
95510.74;-105.58
95513.67;-105.66
95516.60;-105.66
95519.53;-105.50
95522.46;-105.50
95525.39;-105.50
95528.32;-105.50
95531.25;-105.34
95534.18;-105.42
95537.11;-105.66
95540.04;-105.50
95542.97;-105.58
95545.90;-105.50
95548.83;-105.50
95551.76;-105.42
95554.69;-105.34
95557.62;-105.81
95560.55;-105.42
95563.48;-105.50
95566.41;-105.34
95569.34;-105.34
95572.27;-105.50
95575.20;-105.73
95578.13;-105.42
95581.05;-105.50
95583.98;-105.58
95586.91;-105.34
95589.84;-105.26
95592.77;-105.26
95595.70;-105.19
95598.63;-105.58
95601.56;-105.73
95604.49;-105.66
95607.42;-105.26
95610.35;-105.42
95613.28;-105.42
95616.21;-105.42
95619.14;-105.50
95622.07;-105.58
95625.00;-105.58
95627.93;-105.73
95630.86;-105.50
95633.79;-105.58
95636.72;-105.50
95639.65;-105.34
95642.58;-105.50
95645.51;-105.58
95648.44;-105.34
95651.37;-105.42
95654.30;-105.66
95657.23;-105.58
95660.16;-105.42
95663.09;-105.50
95666.02;-105.42
95668.95;-105.42
95671.88;-105.42
95674.80;-105.42
95677.73;-105.50
95680.66;-105.11
95683.59;-105.34
95686.52;-105.42
95689.45;-105.34
95692.38;-105.42
95695.31;-105.42
95698.24;-105.66
95701.17;-105.73
95704.10;-105.42
95707.03;-105.73
95709.96;-105.81
95712.89;-105.50
95715.82;-105.73
95718.75;-105.58
95721.68;-105.50
95724.61;-105.58
95727.54;-105.73
95730.47;-105.50
95733.40;-105.50
95736.33;-105.73
95739.26;-105.73
95742.19;-105.42
95745.12;-105.42
95748.05;-105.19
95750.98;-105.19
95753.91;-105.26
95756.84;-105.50
95759.77;-105.34
95762.70;-105.26
95765.63;-105.58
95768.55;-105.81
95771.48;-105.34
95774.41;-105.42
95777.34;-105.66
95780.27;-105.19
95783.20;-105.34
95786.13;-105.42
95789.06;-105.50
95791.99;-105.50
95794.92;-105.50
95797.85;-105.73
95800.78;-105.58
95803.71;-105.26
95806.64;-105.34
95809.57;-105.42
95812.50;-105.19
95815.43;-105.26
95818.36;-105.42
95821.29;-105.26
95824.22;-105.73
95827.15;-105.58
95830.08;-105.34
95833.01;-105.42
95835.94;-105.66
95838.87;-105.42
95841.80;-105.50
95844.73;-105.58
95847.66;-105.50
95850.59;-105.81
95853.52;-105.58
95856.45;-105.42
95859.38;-105.66
95862.30;-105.73
95865.23;-105.66
95868.16;-105.50
95871.09;-105.42
95874.02;-105.42
95876.95;-105.50
95879.88;-105.66
95882.81;-105.58
95885.74;-105.42
95888.67;-105.42
95891.60;-105.50
95894.53;-105.66
95897.46;-105.58
95900.39;-105.66
95903.32;-105.34
95906.25;-105.19
95909.18;-105.42
95912.11;-105.42
95915.04;-105.50
95917.97;-105.34
95920.90;-105.58
95923.83;-105.58
95926.76;-105.42
95929.69;-105.50
95932.62;-105.42
95935.55;-105.34
95938.48;-105.50
95941.41;-105.42
95944.34;-105.66
95947.27;-105.66
95950.20;-105.42
95953.13;-105.58
95956.05;-105.42
95958.98;-105.19
95961.91;-105.26
95964.84;-105.50
95967.77;-105.81
95970.70;-105.66
95973.63;-105.50
95976.56;-105.42
95979.49;-105.58
95982.42;-105.50
95985.35;-105.73
95988.28;-105.58
95991.21;-105.34
95994.14;-105.50
95997.07;-105.50
96000.00;-106.44
